alpha,omega
0.001,0.176413
0.0005,0.0868523
0.00025,0.0431123
0.000125,0.0224956
6.25e-05,0.0120857
3.125e-05,0.00639881
1.5625e-05,0.00289286
