t,Ekin,Epot,Etot
0.0000000000,0.0886226925,0.0885734759,0.1771961685
0.0001666667,0.0886224541,0.0885737146,0.1771961687
0.0003333333,0.0886217424,0.0885744270,0.1771961694
0.0005000000,0.0886205685,0.0885756020,0.1771961705
0.0006666667,0.0886189505,0.0885772216,0.1771961721
0.0008333333,0.0886169133,0.0885792608,0.1771961741
0.0010000000,0.0886144878,0.0885816885,0.1771961764
0.0011666667,0.0886117110,0.0885844680,0.1771961790
0.0013333333,0.0886086244,0.0885875575,0.1771961818
0.0015000000,0.0886052738,0.0885909111,0.1771961849
0.0016666667,0.0886017082,0.0885944799,0.1771961881
0.0018333333,0.0885979791,0.0885982124,0.1771961914
0.0020000000,0.0885941391,0.0886020557,0.1771961948
0.0021666667,0.0885902414,0.0886059567,0.1771961981
0.0023333333,0.0885863387,0.0886098625,0.1771962013
0.0025000000,0.0885824823,0.0886137220,0.1771962043
0.0026666667,0.0885787211,0.0886174861,0.1771962072
0.0028333333,0.0885751011,0.0886211087,0.1771962098
0.0030000000,0.0885716644,0.0886245478,0.1771962122
0.0031666667,0.0885684489,0.0886277654,0.1771962143
0.0033333333,0.0885654876,0.0886307284,0.1771962160
0.0035000000,0.0885628082,0.0886334092,0.1771962174
0.0036666667,0.0885604332,0.0886357853,0.1771962185
0.0038333333,0.0885583790,0.0886378401,0.1771962192
0.0040000000,0.0885566569,0.0886395626,0.1771962195
0.0041666667,0.0885552723,0.0886409472,0.1771962195
0.0043333333,0.0885542252,0.0886419939,0.1771962192
0.0045000000,0.0885535107,0.0886427078,0.1771962186
0.0046666667,0.0885531191,0.0886430986,0.1771962177
0.0048333333,0.0885530363,0.0886431803,0.1771962166
0.0050000000,0.0885532445,0.0886429708,0.1771962152
0.0051666667,0.0885537226,0.0886424912,0.1771962138
0.0053333333,0.0885544468,0.0886417653,0.1771962121
0.0055000000,0.0885553913,0.0886408191,0.1771962104
0.0056666667,0.0885565287,0.0886396800,0.1771962086
0.0058333333,0.0885578305,0.0886383764,0.1771962068
0.0060000000,0.0885592680,0.0886369371,0.1771962050
0.0061666667,0.0885608126,0.0886353907,0.1771962033
0.0063333333,0.0885624361,0.0886337655,0.1771962016
0.0065000000,0.0885641117,0.0886320883,0.1771962000
0.0066666667,0.0885658136,0.0886303849,0.1771961985
0.0068333333,0.0885675180,0.0886286792,0.1771961971
0.0070000000,0.0885692030,0.0886269929,0.1771961959
0.0071666667,0.0885708488,0.0886253460,0.1771961948
0.0073333333,0.0885724382,0.0886237557,0.1771961939
0.0075000000,0.0885739561,0.0886222370,0.1771961931
0.0076666667,0.0885753899,0.0886208025,0.1771961925
0.0078333333,0.0885767298,0.0886194622,0.1771961920
0.0080000000,0.0885779678,0.0886182239,0.1771961916
0.0081666667,0.0885790985,0.0886170930,0.1771961914
0.0083333333,0.0885801186,0.0886160728,0.1771961913
0.0085000000,0.0885810267,0.0886151646,0.1771961914
0.0086666667,0.0885818233,0.0886143682,0.1771961915
0.0088333333,0.0885825104,0.0886136813,0.1771961917
0.0090000000,0.0885830913,0.0886131007,0.1771961920
0.0091666667,0.0885835707,0.0886126217,0.1771961924
0.0093333333,0.0885839541,0.0886122387,0.1771961927
0.0095000000,0.0885842478,0.0886119454,0.1771961932
0.0096666667,0.0885844587,0.0886117350,0.1771961936
0.0098333333,0.0885845940,0.0886116001,0.1771961941
0.0100000000,0.0885846614,0.0886115332,0.1771961946
0.0101666667,0.0885846683,0.0886115268,0.1771961950
0.0103333333,0.0885846222,0.0886115733,0.1771961955
0.0105000000,0.0885845305,0.0886116654,0.1771961959
0.0106666667,0.0885844003,0.0886117961,0.1771961964
0.0108333333,0.0885842382,0.0886119586,0.1771961968
0.0110000000,0.0885840504,0.0886121467,0.1771961971
0.0111666667,0.0885838428,0.0886123546,0.1771961975
0.0113333333,0.0885836207,0.0886125770,0.1771961978
0.0115000000,0.0885833889,0.0886128091,0.1771961980
0.0116666667,0.0885831515,0.0886130468,0.1771961982
0.0118333333,0.0885829123,0.0886132861,0.1771961984
0.0120000000,0.0885826745,0.0886135241,0.1771961986
0.0121666667,0.0885824409,0.0886137579,0.1771961988
0.0123333333,0.0885822137,0.0886139852,0.1771961989
0.0125000000,0.0885819947,0.0886142043,0.1771961990
0.0126666667,0.0885817853,0.0886144137,0.1771961990
0.0128333333,0.0885815867,0.0886146123,0.1771961991
0.0130000000,0.0885813997,0.0886147994,0.1771961991
0.0131666667,0.0885812245,0.0886149746,0.1771961991
0.0133333333,0.0885810616,0.0886151375,0.1771961991
0.0135000000,0.0885809109,0.0886152882,0.1771961991
0.0136666667,0.0885807723,0.0886154268,0.1771961991
0.0138333333,0.0885806454,0.0886155536,0.1771961991
0.0140000000,0.0885805299,0.0886156692,0.1771961990
0.0141666667,0.0885804251,0.0886157739,0.1771961990
0.0143333333,0.0885803306,0.0886158683,0.1771961990
0.0145000000,0.0885802458,0.0886159531,0.1771961989
0.0146666667,0.0885801699,0.0886160290,0.1771961989
0.0148333333,0.0885801022,0.0886160966,0.1771961988
0.0150000000,0.0885800423,0.0886161565,0.1771961988
0.0151666667,0.0885799893,0.0886162095,0.1771961988
0.0153333333,0.0885799426,0.0886162561,0.1771961987
0.0155000000,0.0885799017,0.0886162969,0.1771961987
0.0156666667,0.0885798660,0.0886163326,0.1771961986
0.0158333333,0.0885798349,0.0886163637,0.1771961986
0.0160000000,0.0885798080,0.0886163906,0.1771961986
0.0161666667,0.0885797846,0.0886164139,0.1771961986
0.0163333333,0.0885797646,0.0886164340,0.1771961985
0.0165000000,0.0885797473,0.0886164512,0.1771961985
0.0166666667,0.0885797326,0.0886164659,0.1771961985
0.0168333333,0.0885797200,0.0886164784,0.1771961985
0.0170000000,0.0885797094,0.0886164891,0.1771961985
0.0171666667,0.0885797003,0.0886164981,0.1771961984
0.0173333333,0.0885796927,0.0886165058,0.1771961984
0.0175000000,0.0885796862,0.0886165122,0.1771961984
0.0176666667,0.0885796809,0.0886165176,0.1771961984
0.0178333333,0.0885796763,0.0886165221,0.1771961984
0.0180000000,0.0885796726,0.0886165258,0.1771961984
0.0181666667,0.0885796695,0.0886165289,0.1771961984
0.0183333333,0.0885796669,0.0886165315,0.1771961984
0.0185000000,0.0885796647,0.0886165337,0.1771961984
0.0186666667,0.0885796630,0.0886165354,0.1771961984
0.0188333333,0.0885796615,0.0886165369,0.1771961984
0.0190000000,0.0885796603,0.0886165381,0.1771961984
0.0191666667,0.0885796593,0.0886165390,0.1771961984
0.0193333333,0.0885796586,0.0886165398,0.1771961984
0.0195000000,0.0885796579,0.0886165404,0.1771961984
0.0196666667,0.0885796574,0.0886165410,0.1771961984
0.0198333333,0.0885796570,0.0886165414,0.1771961984
0.0200000000,0.0885796566,0.0886165417,0.1771961984
0.0201666667,0.0885796564,0.0886165420,0.1771961984
0.0203333333,0.0885796562,0.0886165422,0.1771961984
0.0205000000,0.0885796560,0.0886165424,0.1771961984
0.0206666667,0.0885796558,0.0886165425,0.1771961984
0.0208333333,0.0885796557,0.0886165426,0.1771961984
0.0210000000,0.0885796556,0.0886165427,0.1771961984
0.0211666667,0.0885796556,0.0886165428,0.1771961984
0.0213333333,0.0885796555,0.0886165428,0.1771961984
0.0215000000,0.0885796555,0.0886165429,0.1771961984
0.0216666667,0.0885796554,0.0886165429,0.1771961984
0.0218333333,0.0885796554,0.0886165429,0.1771961984
0.0220000000,0.0885796554,0.0886165430,0.1771961984
0.0221666667,0.0885796554,0.0886165430,0.1771961984
0.0223333333,0.0885796554,0.0886165430,0.1771961984
0.0225000000,0.0885796554,0.0886165430,0.1771961984
0.0226666667,0.0885796554,0.0886165430,0.1771961984
0.0228333333,0.0885796554,0.0886165430,0.1771961984
0.0230000000,0.0885796554,0.0886165430,0.1771961984
0.0231666667,0.0885796553,0.0886165430,0.1771961984
0.0233333333,0.0885796553,0.0886165430,0.1771961984
0.0235000000,0.0885796553,0.0886165430,0.1771961984
0.0236666667,0.0885796553,0.0886165430,0.1771961984
0.0238333333,0.0885796553,0.0886165430,0.1771961984
0.0240000000,0.0885796554,0.0886165430,0.1771961984
0.0241666667,0.0885796554,0.0886165430,0.1771961984
0.0243333333,0.0885796554,0.0886165430,0.1771961984
0.0245000000,0.0885796554,0.0886165430,0.1771961984
0.0246666667,0.0885796554,0.0886165430,0.1771961984
0.0248333333,0.0885796554,0.0886165430,0.1771961984
0.0250000000,0.0885796554,0.0886165429,0.1771961984
0.0251666667,0.0885796555,0.0886165429,0.1771961984
0.0253333333,0.0885796555,0.0886165428,0.1771961984
0.0255000000,0.0885796556,0.0886165428,0.1771961984
0.0256666667,0.0885796557,0.0886165427,0.1771961984
0.0258333333,0.0885796558,0.0886165426,0.1771961984
0.0260000000,0.0885796559,0.0886165424,0.1771961984
0.0261666667,0.0885796562,0.0886165422,0.1771961984
0.0263333333,0.0885796564,0.0886165419,0.1771961984
0.0265000000,0.0885796568,0.0886165415,0.1771961984
0.0266666667,0.0885796573,0.0886165410,0.1771961984
0.0268333333,0.0885796580,0.0886165404,0.1771961984
0.0270000000,0.0885796589,0.0886165395,0.1771961984
0.0271666667,0.0885796601,0.0886165383,0.1771961984
0.0273333333,0.0885796616,0.0886165368,0.1771961984
0.0275000000,0.0885796637,0.0886165347,0.1771961984
0.0276666667,0.0885796663,0.0886165321,0.1771961984
0.0278333333,0.0885796699,0.0886165286,0.1771961984
0.0280000000,0.0885796744,0.0886165240,0.1771961984
0.0281666667,0.0885796804,0.0886165181,0.1771961985
0.0283333333,0.0885796882,0.0886165103,0.1771961985
0.0285000000,0.0885796982,0.0886165003,0.1771961985
0.0286666667,0.0885797113,0.0886164873,0.1771961986
0.0288333333,0.0885797281,0.0886164706,0.1771961987
0.0290000000,0.0885797497,0.0886164490,0.1771961987
0.0291666667,0.0885797775,0.0886164213,0.1771961988
0.0293333333,0.0885798131,0.0886163859,0.1771961990
0.0295000000,0.0885798586,0.0886163406,0.1771961991
0.0296666667,0.0885799165,0.0886162828,0.1771961993
0.0298333333,0.0885799903,0.0886162093,0.1771961996
0.0300000000,0.0885800838,0.0886161161,0.1771961999
0.0301666667,0.0885802021,0.0886159981,0.1771962003
0.0303333333,0.0885803515,0.0886158492,0.1771962008
0.0305000000,0.0885805396,0.0886156617,0.1771962014
0.0306666667,0.0885807759,0.0886154261,0.1771962021
0.0308333333,0.0885810720,0.0886151310,0.1771962030
0.0310000000,0.0885814420,0.0886147620,0.1771962040
0.0311666667,0.0885819034,0.0886143020,0.1771962053
0.0313333333,0.0885824771,0.0886137298,0.1771962069
0.0315000000,0.0885831889,0.0886130200,0.1771962089
0.0316666667,0.0885840696,0.0886121416,0.1771962112
0.0318333333,0.0885851567,0.0886110573,0.1771962140
0.0320000000,0.0885864951,0.0886097222,0.1771962174
0.0321666667,0.0885881388,0.0886080826,0.1771962214
0.0323333333,0.0885901523,0.0886060739,0.1771962262
0.0325000000,0.0885926124,0.0886036195,0.1771962319
0.0326666667,0.0885956106,0.0886006280,0.1771962386
0.0328333333,0.0885992552,0.0885969914,0.1771962466
0.0330000000,0.0886036742,0.0885925818,0.1771962560
0.0331666667,0.0886090182,0.0885872488,0.1771962670
0.0333333333,0.0886154642,0.0885808157,0.1771962799
0.0335000000,0.0886232193,0.0885730757,0.1771962950
0.0336666667,0.0886325247,0.0885637878,0.1771963125
0.0338333333,0.0886436612,0.0885526716,0.1771963327
0.0340000000,0.0886569539,0.0885394022,0.1771963561
0.0341666667,0.0886727784,0.0885236047,0.1771963831
0.0343333333,0.0886915666,0.0885048474,0.1771964140
0.0345000000,0.0887138139,0.0884826354,0.1771964493
0.0346666667,0.0887400864,0.0884564031,0.1771964895
0.0348333333,0.0887710283,0.0884255068,0.1771965351
0.0350000000,0.0888073704,0.0883892163,0.1771965867
0.0351666667,0.0888499383,0.0883467064,0.1771966447
0.0353333333,0.0888996611,0.0882970486,0.1771967097
0.0355000000,0.0889575804,0.0882392019,0.1771967823
0.0356666667,0.0890248587,0.0881720043,0.1771968630
0.0358333333,0.0891027883,0.0880941640,0.1771969523
0.0360000000,0.0891927995,0.0880042512,0.1771970507
0.0361666667,0.0892964680,0.0879006907,0.1771971587
0.0363333333,0.0894155215,0.0877817550,0.1771972765
0.0365000000,0.0895518453,0.0876455591,0.1771974044
0.0366666667,0.0897074858,0.0874900567,0.1771975425
0.0368333333,0.0898846527,0.0873130381,0.1771976908
0.0370000000,0.0900857183,0.0871121308,0.1771978490
0.0371666667,0.0903132138,0.0868848030,0.1771980169
0.0373333333,0.0905698233,0.0866283703,0.1771981936
0.0375000000,0.0908583727,0.0863400056,0.1771983783
0.0376666667,0.0911818152,0.0860167546,0.1771985698
0.0378333333,0.0915432116,0.0856555549,0.1771987665
0.0380000000,0.0919457055,0.0852532610,0.1771989666
0.0381666667,0.0923924929,0.0848066747,0.1771991676
0.0383333333,0.0928867851,0.0843125819,0.1771993670
0.0385000000,0.0934317656,0.0837677960,0.1771995615
0.0386666667,0.0940305403,0.0831692074,0.1771997477
0.0388333333,0.0946860803,0.0825138412,0.1771999216
0.0390000000,0.0954011579,0.0817989206,0.1772000786
0.0391666667,0.0961782759,0.0810219380,0.1772002140
0.0393333333,0.0970195897,0.0801807328,0.1772003224
0.0395000000,0.0979268236,0.0792735748,0.1772003984
0.0396666667,0.0989011814,0.0782992546,0.1772004360
0.0398333333,0.0999432521,0.0772571769,0.1772004290
0.0400000000,0.1010529116,0.0761474596,0.1772003712
0.0401666667,0.1022292226,0.0749710337,0.1772002563
0.0403333333,0.1034703329,0.0737297449,0.1772000778
0.0405000000,0.1047733753,0.0724264545,0.1771998298
0.0406666667,0.1061343698,0.0710651365,0.1771995064
0.0408333333,0.1075481312,0.0696509710,0.1771991023
0.0410000000,0.1090081842,0.0681904286,0.1771986127
0.0411666667,0.1105066885,0.0666913454,0.1771980339
0.0413333333,0.1120343771,0.0651629858,0.1771973629
0.0415000000,0.1135805095,0.0636160883,0.1771965978
0.0416666667,0.1151328440,0.0620628943,0.1771957383
0.0418333333,0.1166776305,0.0605171549,0.1771947854
0.0420000000,0.1181996275,0.0589941142,0.1771937417
0.0421666667,0.1196821453,0.0575104665,0.1771926117
0.0423333333,0.1211071169,0.0560842849,0.1771914018
0.0425000000,0.1224552005,0.0547349198,0.1771901203
0.0426666667,0.1237059118,0.0534828656,0.1771887774
0.0428333333,0.1248377908,0.0523495950,0.1771873858
0.0430000000,0.1258285998,0.0513573600,0.1771859597
0.0431666667,0.1266555549,0.0505289608,0.1771845157
0.0433333333,0.1272955888,0.0498874833,0.1771830721
0.0435000000,0.1277256429,0.0494560058,0.1771816488
0.0436666667,0.1279229872,0.0492572801,0.1771802673
0.0438333333,0.1278655631,0.0493133872,0.1771789503
0.0440000000,0.1275323464,0.0496453751,0.1771777215
0.0441666667,0.1269037247,0.0502728804,0.1771766051
0.0443333333,0.1259618836,0.0512137417,0.1771756253
0.0445000000,0.1246911955,0.0524836108,0.1771748064
0.0446666667,0.1230786041,0.0540955675,0.1771741716
0.0448333333,0.1211139968,0.0560597463,0.1771737431
0.0450000000,0.1187905587,0.0583829826,0.1771735413
0.0451666667,0.1161050977,0.0610684868,0.1771735845
0.0453333333,0.1130583361,0.0641155521,0.1771738882
0.0455000000,0.1096551580,0.0675193069,0.1771744648
0.0456666667,0.1059048072,0.0712705160,0.1771753232
0.0458333333,0.1018210280,0.0753554403,0.1771764683
0.0460000000,0.0974221425,0.0797557582,0.1771779006
0.0461666667,0.0927310603,0.0844485560,0.1771796163
0.0463333333,0.0877752156,0.0894063912,0.1771816068
0.0465000000,0.0825864292,0.0945974295,0.1771838586
0.0466666667,0.0772006941,0.0999856596,0.1771863537
0.0468333333,0.0716578848,0.1055311842,0.1771890690
0.0470000000,0.0660013922,0.1111905851,0.1771919773
0.0471666667,0.0602776858,0.1169173612,0.1771950470
0.0473333333,0.0545358104,0.1226624324,0.1771982428
0.0475000000,0.0488268218,0.1283747044,0.1772015261
0.0476666667,0.0432031698,0.1340016858,0.1772048555
0.0478333333,0.0377180384,0.1394901493,0.1772081877
0.0480000000,0.0324246525,0.1447868253,0.1772114778
0.0481666667,0.0273755632,0.1498391173,0.1772146805
0.0483333333,0.0226219237,0.1545958270,0.1772177507
0.0485000000,0.0182127684,0.1590078758,0.1772206442
0.0486666667,0.0141943082,0.1630290105,0.1772233187
0.0488333333,0.0106092552,0.1666164793,0.1772257344
0.0490000000,0.0074961891,0.1697316661,0.1772278552
0.0491666667,0.0048889775,0.1723406712,0.1772296487
0.0493333333,0.0028162613,0.1744148261,0.1772310874
0.0495000000,0.0013010149,0.1759311341,0.1772321490
0.0496666667,0.0003601906,0.1768726263,0.1772328169
0.0498333333,0.0000044535,0.1772286270,0.1772330805
0.0500000000,0.0002380128,0.1769949227,0.1772329355
0.0501666667,0.0010585520,0.1761738318,0.1772323838
0.0503333333,0.0024572610,0.1747741727,0.1772314338
0.0505000000,0.0044189683,0.1728111315,0.1772300998
0.0506666667,0.0069223707,0.1703060314,0.1772284021
0.0508333333,0.0099403571,0.1672860094,0.1772263665
0.0510000000,0.0134404192,0.1637836044,0.1772240236
0.0511666667,0.0173851413,0.1598362673,0.1772214086
0.0513333333,0.0217327595,0.1554858006,0.1772185600
0.0515000000,0.0264377805,0.1507777392,0.1772155197
0.0516666667,0.0314516471,0.1457606843,0.1772123315
0.0518333333,0.0367234383,0.1404856023,0.1772090406
0.0520000000,0.0422005909,0.1350051018,0.1772056927
0.0521666667,0.0478296308,0.1293727027,0.1772023335
0.0523333333,0.0535568983,0.1236421088,0.1771990071
0.0525000000,0.0593292577,0.1178664987,0.1771957564
0.0526666667,0.0650947771,0.1120978442,0.1771926213
0.0528333333,0.0708033691,0.1063862698,0.1771896388
0.0530000000,0.0764073811,0.1007794613,0.1771868423
0.0531666667,0.0818621275,0.0953221335,0.1771842610
0.0533333333,0.0871263569,0.0900555627,0.1771819197
0.0535000000,0.0921626473,0.0850171910,0.1771798383
0.0536666667,0.0969377275,0.0802403047,0.1771780322
0.0538333333,0.1014227202,0.0757537915,0.1771765116
0.0540000000,0.1055933079,0.0715819743,0.1771752822
0.0541666667,0.1094298212,0.0677445235,0.1771743447
0.0543333333,0.1129172523,0.0642564431,0.1771736954
0.0545000000,0.1160451971,0.0611281295,0.1771733266
0.0546666667,0.1188077313,0.0583654953,0.1771732266
0.0548333333,0.1212032257,0.0559701548,0.1771733806
0.0550000000,0.1232341076,0.0539396630,0.1771737705
0.0551666667,0.1249065755,0.0522678007,0.1771743762
0.0553333333,0.1262302758,0.0509448996,0.1771751754
0.0555000000,0.1272179480,0.0499581964,0.1771761444
0.0556666667,0.1278850479,0.0492922109,0.1771772588
0.0558333333,0.1282493560,0.0489291376,0.1771784936
0.0560000000,0.1283305792,0.0488492447,0.1771798239
0.0561666667,0.1281499532,0.0490312720,0.1771812252
0.0563333333,0.1277298519,0.0494528221,0.1771826740
0.0565000000,0.1270934102,0.0500907375,0.1771841477
0.0566666667,0.1262641662,0.0509214593,0.1771856255
0.0568333333,0.1252657257,0.0519213624,0.1771870880
0.0570000000,0.1241214548,0.0530670632,0.1771885180
0.0571666667,0.1228542026,0.0543356975,0.1771899001
0.0573333333,0.1214860549,0.0557051660,0.1771912209
0.0575000000,0.1200381231,0.0571543463,0.1771924694
0.0576666667,0.1185303661,0.0586632706,0.1771936367
0.0578333333,0.1169814459,0.0602132699,0.1771947157
0.0580000000,0.1154086172,0.0617870844,0.1771957016
0.0581666667,0.1138276485,0.0633689429,0.1771965913
0.0583333333,0.1122527721,0.0649446114,0.1771973835
0.0585000000,0.1106966638,0.0665014146,0.1771980785
0.0586666667,0.1091704461,0.0680282318,0.1771986778
0.0588333333,0.1076837146,0.0695154699,0.1771991845
0.0590000000,0.1062445846,0.0709550179,0.1771996025
0.0591666667,0.1048597534,0.0723401832,0.1771999366
0.0593333333,0.1035345772,0.0736656151,0.1772001923
0.0595000000,0.1022731587,0.0749272168,0.1772003755
0.0596666667,0.1010784428,0.0761220500,0.1772004927
0.0598333333,0.0999523182,0.0772482323,0.1772005505
0.0600000000,0.0988957221,0.0783048333,0.1772005554
0.0601666667,0.0979087462,0.0792917678,0.1772005140
0.0603333333,0.0969907417,0.0802096912,0.1772004329
0.0605000000,0.0961404219,0.0810598961,0.1772003180
0.0606666667,0.0953559611,0.0818442143,0.1772001754
0.0608333333,0.0946350886,0.0825649219,0.1772000105
0.0610000000,0.0939751760,0.0832246524,0.1771998284
0.0611666667,0.0933733191,0.0838263147,0.1771996338
0.0613333333,0.0928264117,0.0843730190,0.1771994307
0.0615000000,0.0923312130,0.0848680100,0.1771992230
0.0616666667,0.0918844065,0.0853146074,0.1771990140
0.0618333333,0.0914826527,0.0857161536,0.1771988063
0.0620000000,0.0911226335,0.0860759689,0.1771986024
0.0621666667,0.0908010908,0.0863973135,0.1771984043
0.0623333333,0.0905148579,0.0866833557,0.1771982135
0.0625000000,0.0902608847,0.0869371466,0.1771980313
0.0626666667,0.0900362583,0.0871616004,0.1771978587
0.0628333333,0.0898382172,0.0873594789,0.1771976962
0.0630000000,0.0896641623,0.0875333819,0.1771975442
0.0631666667,0.0895116629,0.0876857401,0.1771974030
0.0633333333,0.0893784599,0.0878188127,0.1771972726
0.0635000000,0.0892624655,0.0879346872,0.1771971527
0.0636666667,0.0891617612,0.0880352819,0.1771970431
0.0638333333,0.0890745930,0.0881223505,0.1771969435
0.0640000000,0.0889993653,0.0881974879,0.1771968532
0.0641666667,0.0889346337,0.0882621382,0.1771967720
0.0643333333,0.0888790966,0.0883176024,0.1771966991
0.0645000000,0.0888315865,0.0883650474,0.1771966340
0.0646666667,0.0887910605,0.0884055156,0.1771965761
0.0648333333,0.0887565910,0.0884399337,0.1771965248
0.0650000000,0.0887273567,0.0884691229,0.1771964796
0.0651666667,0.0887026327,0.0884938072,0.1771964398
0.0653333333,0.0886817822,0.0885146229,0.1771964051
0.0655000000,0.0886642477,0.0885321271,0.1771963747
0.0656666667,0.0886495431,0.0885468053,0.1771963484
0.0658333333,0.0886372459,0.0885590797,0.1771963256
0.0660000000,0.0886269906,0.0885693153,0.1771963059
0.0661666667,0.0886184617,0.0885778273,0.1771962890
0.0663333333,0.0886113881,0.0885848865,0.1771962745
0.0665000000,0.0886055375,0.0885907247,0.1771962622
0.0666666667,0.0886007117,0.0885955400,0.1771962517
0.0668333333,0.0885967420,0.0885995008,0.1771962428
0.0670000000,0.0885934854,0.0886027499,0.1771962352
0.0671666667,0.0885908210,0.0886054079,0.1771962289
0.0673333333,0.0885886470,0.0886075766,0.1771962236
0.0675000000,0.0885868779,0.0886093412,0.1771962191
0.0676666667,0.0885854422,0.0886107732,0.1771962154
0.0678333333,0.0885842801,0.0886119322,0.1771962123
0.0680000000,0.0885833421,0.0886128677,0.1771962097
0.0681666667,0.0885825869,0.0886136208,0.1771962076
0.0683333333,0.0885819805,0.0886142254,0.1771962059
0.0685000000,0.0885814948,0.0886147096,0.1771962044
0.0686666667,0.0885811070,0.0886150963,0.1771962033
0.0688333333,0.0885807980,0.0886154043,0.1771962023
0.0690000000,0.0885805525,0.0886156490,0.1771962015
0.0691666667,0.0885803580,0.0886158429,0.1771962009
0.0693333333,0.0885802043,0.0886159961,0.1771962004
0.0695000000,0.0885800831,0.0886161168,0.1771962000
0.0696666667,0.0885799879,0.0886162118,0.1771961996
0.0698333333,0.0885799132,0.0886162862,0.1771961994
0.0700000000,0.0885798547,0.0886163444,0.1771961992
0.0701666667,0.0885798092,0.0886163898,0.1771961990
0.0703333333,0.0885797737,0.0886164251,0.1771961988
0.0705000000,0.0885797462,0.0886164525,0.1771961987
0.0706666667,0.0885797249,0.0886164737,0.1771961987
0.0708333333,0.0885797085,0.0886164901,0.1771961986
0.0710000000,0.0885796958,0.0886165027,0.1771961985
0.0711666667,0.0885796861,0.0886165124,0.1771961985
0.0713333333,0.0885796787,0.0886165198,0.1771961985
0.0715000000,0.0885796730,0.0886165255,0.1771961984
0.0716666667,0.0885796686,0.0886165298,0.1771961984
0.0718333333,0.0885796653,0.0886165331,0.1771961984
0.0720000000,0.0885796628,0.0886165355,0.1771961984
0.0721666667,0.0885796610,0.0886165374,0.1771961984
0.0723333333,0.0885796595,0.0886165388,0.1771961984
0.0725000000,0.0885796585,0.0886165399,0.1771961984
0.0726666667,0.0885796577,0.0886165407,0.1771961984
0.0728333333,0.0885796571,0.0886165413,0.1771961984
0.0730000000,0.0885796566,0.0886165418,0.1771961984
0.0731666667,0.0885796563,0.0886165421,0.1771961984
0.0733333333,0.0885796560,0.0886165423,0.1771961984
0.0735000000,0.0885796558,0.0886165425,0.1771961984
0.0736666667,0.0885796557,0.0886165427,0.1771961984
0.0738333333,0.0885796556,0.0886165428,0.1771961984
0.0740000000,0.0885796555,0.0886165428,0.1771961984
0.0741666667,0.0885796555,0.0886165429,0.1771961984
0.0743333333,0.0885796554,0.0886165429,0.1771961984
0.0745000000,0.0885796554,0.0886165429,0.1771961984
0.0746666667,0.0885796554,0.0886165430,0.1771961984
0.0748333333,0.0885796554,0.0886165430,0.1771961984
0.0750000000,0.0885796554,0.0886165430,0.1771961984
0.0751666667,0.0885796554,0.0886165430,0.1771961984
0.0753333333,0.0885796554,0.0886165430,0.1771961984
0.0755000000,0.0885796553,0.0886165430,0.1771961984
0.0756666667,0.0885796553,0.0886165430,0.1771961984
0.0758333333,0.0885796553,0.0886165430,0.1771961984
0.0760000000,0.0885796553,0.0886165430,0.1771961984
0.0761666667,0.0885796553,0.0886165430,0.1771961984
0.0763333333,0.0885796553,0.0886165430,0.1771961984
0.0765000000,0.0885796554,0.0886165430,0.1771961984
0.0766666667,0.0885796554,0.0886165430,0.1771961984
0.0768333333,0.0885796554,0.0886165430,0.1771961984
0.0770000000,0.0885796554,0.0886165430,0.1771961984
0.0771666667,0.0885796554,0.0886165430,0.1771961984
0.0773333333,0.0885796554,0.0886165430,0.1771961984
0.0775000000,0.0885796554,0.0886165430,0.1771961984
0.0776666667,0.0885796554,0.0886165429,0.1771961984
0.0778333333,0.0885796555,0.0886165429,0.1771961984
0.0780000000,0.0885796555,0.0886165429,0.1771961984
0.0781666667,0.0885796555,0.0886165428,0.1771961984
0.0783333333,0.0885796556,0.0886165428,0.1771961984
0.0785000000,0.0885796556,0.0886165427,0.1771961984
0.0786666667,0.0885796557,0.0886165426,0.1771961984
0.0788333333,0.0885796558,0.0886165425,0.1771961984
0.0790000000,0.0885796560,0.0886165424,0.1771961984
0.0791666667,0.0885796561,0.0886165422,0.1771961984
0.0793333333,0.0885796563,0.0886165420,0.1771961984
0.0795000000,0.0885796566,0.0886165418,0.1771961984
0.0796666667,0.0885796569,0.0886165415,0.1771961984
0.0798333333,0.0885796573,0.0886165411,0.1771961984
0.0800000000,0.0885796578,0.0886165406,0.1771961984
0.0801666667,0.0885796584,0.0886165400,0.1771961984
0.0803333333,0.0885796591,0.0886165393,0.1771961984
0.0805000000,0.0885796600,0.0886165384,0.1771961984
0.0806666667,0.0885796611,0.0886165373,0.1771961984
0.0808333333,0.0885796624,0.0886165359,0.1771961984
0.0810000000,0.0885796640,0.0886165343,0.1771961984
0.0811666667,0.0885796660,0.0886165324,0.1771961984
0.0813333333,0.0885796683,0.0886165300,0.1771961984
0.0815000000,0.0885796712,0.0886165272,0.1771961984
0.0816666667,0.0885796746,0.0886165238,0.1771961984
0.0818333333,0.0885796787,0.0886165197,0.1771961984
0.0820000000,0.0885796835,0.0886165149,0.1771961984
0.0821666667,0.0885796893,0.0886165091,0.1771961984
0.0823333333,0.0885796962,0.0886165023,0.1771961984
0.0825000000,0.0885797043,0.0886164942,0.1771961984
0.0826666667,0.0885797138,0.0886164846,0.1771961985
0.0828333333,0.0885797250,0.0886164734,0.1771961985
0.0830000000,0.0885797382,0.0886164603,0.1771961985
0.0831666667,0.0885797536,0.0886164450,0.1771961985
0.0833333333,0.0885797714,0.0886164271,0.1771961985
0.0835000000,0.0885797922,0.0886164064,0.1771961986
0.0836666667,0.0885798162,0.0886163824,0.1771961986
0.0838333333,0.0885798438,0.0886163548,0.1771961986
0.0840000000,0.0885798756,0.0886163230,0.1771961986
0.0841666667,0.0885799120,0.0886162867,0.1771961987
0.0843333333,0.0885799534,0.0886162453,0.1771961987
0.0845000000,0.0885800006,0.0886161981,0.1771961987
0.0846666667,0.0885800540,0.0886161448,0.1771961988
0.0848333333,0.0885801142,0.0886160846,0.1771961988
0.0850000000,0.0885801819,0.0886160169,0.1771961989
0.0851666667,0.0885802577,0.0886159412,0.1771961989
0.0853333333,0.0885803422,0.0886158567,0.1771961989
0.0855000000,0.0885804360,0.0886157629,0.1771961990
0.0856666667,0.0885805397,0.0886156593,0.1771961990
0.0858333333,0.0885806538,0.0886155452,0.1771961990
0.0860000000,0.0885807788,0.0886154202,0.1771961991
0.0861666667,0.0885809151,0.0886152840,0.1771961991
0.0863333333,0.0885810628,0.0886151363,0.1771961991
0.0865000000,0.0885812222,0.0886149769,0.1771961991
0.0866666667,0.0885813931,0.0886148059,0.1771961991
0.0868333333,0.0885815754,0.0886146237,0.1771961990
0.0870000000,0.0885817685,0.0886144305,0.1771961990
0.0871666667,0.0885819716,0.0886142273,0.1771961989
0.0873333333,0.0885821837,0.0886140151,0.1771961988
0.0875000000,0.0885824034,0.0886137953,0.1771961987
0.0876666667,0.0885826289,0.0886135697,0.1771961986
0.0878333333,0.0885828580,0.0886133404,0.1771961984
0.0880000000,0.0885830881,0.0886131101,0.1771961982
0.0881666667,0.0885833160,0.0886128820,0.1771961980
0.0883333333,0.0885835383,0.0886126594,0.1771961978
0.0885000000,0.0885837508,0.0886124466,0.1771961975
0.0886666667,0.0885839490,0.0886122481,0.1771961971
0.0888333333,0.0885841278,0.0886120690,0.1771961968
0.0890000000,0.0885842817,0.0886119147,0.1771961964
0.0891666667,0.0885844047,0.0886117914,0.1771961960
0.0893333333,0.0885844904,0.0886117052,0.1771961956
0.0895000000,0.0885845321,0.0886116631,0.1771961952
0.0896666667,0.0885845228,0.0886116720,0.1771961947
0.0898333333,0.0885844553,0.0886117390,0.1771961943
0.0900000000,0.0885843223,0.0886118715,0.1771961938
0.0901666667,0.0885841168,0.0886120766,0.1771961934
0.0903333333,0.0885838316,0.0886123614,0.1771961930
0.0905000000,0.0885834601,0.0886127325,0.1771961926
0.0906666667,0.0885829963,0.0886131959,0.1771961922
0.0908333333,0.0885824347,0.0886137573,0.1771961920
0.0910000000,0.0885817708,0.0886144210,0.1771961917
0.0911666667,0.0885810011,0.0886151905,0.1771961916
0.0913333333,0.0885801237,0.0886160679,0.1771961916
0.0915000000,0.0885791378,0.0886170539,0.1771961916
0.0916666667,0.0885780444,0.0886181474,0.1771961918
0.0918333333,0.0885768466,0.0886193455,0.1771961921
0.0920000000,0.0885755493,0.0886206433,0.1771961926
0.0921666667,0.0885741595,0.0886220336,0.1771961931
0.0923333333,0.0885726866,0.0886235073,0.1771961939
0.0925000000,0.0885711422,0.0886250525,0.1771961948
0.0926666667,0.0885695405,0.0886266553,0.1771961958
0.0928333333,0.0885678977,0.0886282993,0.1771961969
0.0930000000,0.0885662325,0.0886299658,0.1771961982
0.0931666667,0.0885645657,0.0886316339,0.1771961997
0.0933333333,0.0885629202,0.0886332810,0.1771962012
0.0935000000,0.0885613204,0.0886348825,0.1771962028
0.0936666667,0.0885597923,0.0886364123,0.1771962045
0.0938333333,0.0885583630,0.0886378433,0.1771962063
0.0940000000,0.0885570603,0.0886391478,0.1771962080
0.0941666667,0.0885559122,0.0886402976,0.1771962098
0.0943333333,0.0885549466,0.0886412648,0.1771962115
0.0945000000,0.0885541906,0.0886420225,0.1771962131
0.0946666667,0.0885536699,0.0886425447,0.1771962146
0.0948333333,0.0885534083,0.0886428076,0.1771962159
0.0950000000,0.0885534274,0.0886427897,0.1771962171
0.0951666667,0.0885537455,0.0886424725,0.1771962180
0.0953333333,0.0885543776,0.0886418411,0.1771962187
0.0955000000,0.0885553346,0.0886408845,0.1771962191
0.0956666667,0.0885566227,0.0886395965,0.1771962192
0.0958333333,0.0885582436,0.0886379754,0.1771962190
0.0960000000,0.0885601936,0.0886360248,0.1771962184
0.0961666667,0.0885624635,0.0886337540,0.1771962175
0.0963333333,0.0885650388,0.0886311774,0.1771962162
0.0965000000,0.0885678994,0.0886283152,0.1771962146
0.0966666667,0.0885710196,0.0886251930,0.1771962127
0.0968333333,0.0885743687,0.0886218417,0.1771962105
0.0970000000,0.0885779109,0.0886182971,0.1771962079
0.0971666667,0.0885816059,0.0886145993,0.1771962052
0.0973333333,0.0885854095,0.0886107927,0.1771962022
0.0975000000,0.0885892744,0.0886069246,0.1771961991
0.0976666667,0.0885931505,0.0886030453,0.1771961958
0.0978333333,0.0885969861,0.0885992064,0.1771961925
0.0980000000,0.0886007285,0.0885954608,0.1771961892
0.0981666667,0.0886043251,0.0885918609,0.1771961860
0.0983333333,0.0886077244,0.0885884585,0.1771961829
0.0985000000,0.0886108767,0.0885853032,0.1771961800
0.0986666667,0.0886137353,0.0885824420,0.1771961773
0.0988333333,0.0886162570,0.0885799179,0.1771961749
0.0990000000,0.0886184034,0.0885777693,0.1771961728
0.0991666667,0.0886201415,0.0885760296,0.1771961711
0.0993333333,0.0886214439,0.0885747259,0.1771961698
0.0995000000,0.0886222902,0.0885738788,0.1771961689
0.0996666667,0.0886226666,0.0885735019,0.1771961685
0.0998333333,0.0886225667,0.0885736019,0.1771961686
0.1000000000,0.0886219915,0.0885741776,0.1771961691
0.1001666667,0.0886209492,0.0885752208,0.1771961701
0.1003333333,0.0886194554,0.0885767160,0.1771961715
0.1005000000,0.0886175325,0.0885786408,0.1771961733
0.1006666667,0.0886152094,0.0885809661,0.1771961755
0.1008333333,0.0886125209,0.0885836571,0.1771961780
0.1010000000,0.0886095071,0.0885866736,0.1771961808
0.1011666667,0.0886062127,0.0885899711,0.1771961838
0.1013333333,0.0886026857,0.0885935013,0.1771961870
0.1015000000,0.0885989772,0.0885972131,0.1771961903
0.1016666667,0.0885951399,0.0886010538,0.1771961937
0.1018333333,0.0885912273,0.0886049697,0.1771961970
0.1020000000,0.0885872928,0.0886089074,0.1771962003
0.1021666667,0.0885833889,0.0886128145,0.1771962034
0.1023333333,0.0885795658,0.0886166406,0.1771962064
0.1025000000,0.0885758713,0.0886203379,0.1771962092
0.1026666667,0.0885723493,0.0886238624,0.1771962117
0.1028333333,0.0885690398,0.0886271741,0.1771962139
0.1030000000,0.0885659780,0.0886302378,0.1771962158
0.1031666667,0.0885631938,0.0886330235,0.1771962173
0.1033333333,0.0885607119,0.0886355066,0.1771962185
0.1035000000,0.0885585511,0.0886376682,0.1771962193
0.1036666667,0.0885567245,0.0886394953,0.1771962198
0.1038333333,0.0885552394,0.0886409804,0.1771962199
0.1040000000,0.0885540979,0.0886421218,0.1771962196
0.1041666667,0.0885532962,0.0886429229,0.1771962191
0.1043333333,0.0885528262,0.0886433921,0.1771962183
0.1045000000,0.0885526746,0.0886435426,0.1771962172
0.1046666667,0.0885528245,0.0886433915,0.1771962159
0.1048333333,0.0885532552,0.0886429593,0.1771962145
0.1050000000,0.0885539432,0.0886422696,0.1771962128
0.1051666667,0.0885548626,0.0886413485,0.1771962111
0.1053333333,0.0885559856,0.0886402237,0.1771962093
0.1055000000,0.0885572834,0.0886389240,0.1771962074
0.1056666667,0.0885587267,0.0886374789,0.1771962056
0.1058333333,0.0885602858,0.0886359180,0.1771962038
0.1060000000,0.0885619318,0.0886342702,0.1771962020
0.1061666667,0.0885636366,0.0886325638,0.1771962003
0.1063333333,0.0885653735,0.0886308253,0.1771961988
0.1065000000,0.0885671174,0.0886290799,0.1771961973
0.1066666667,0.0885688454,0.0886273506,0.1771961960
0.1068333333,0.0885705366,0.0886256583,0.1771961949
0.1070000000,0.0885721724,0.0886240215,0.1771961939
0.1071666667,0.0885737370,0.0886224560,0.1771961930
0.1073333333,0.0885752170,0.0886209754,0.1771961924
0.1075000000,0.0885766014,0.0886195905,0.1771961918
0.1076666667,0.0885778817,0.0886183098,0.1771961915
0.1078333333,0.0885790520,0.0886171392,0.1771961912
0.1080000000,0.0885801084,0.0886160827,0.1771961911
0.1081666667,0.0885810492,0.0886151419,0.1771961911
0.1083333333,0.0885818746,0.0886143166,0.1771961912
0.1085000000,0.0885825865,0.0886136049,0.1771961915
0.1086666667,0.0885831883,0.0886130035,0.1771961918
0.1088333333,0.0885836845,0.0886125076,0.1771961921
0.1090000000,0.0885840808,0.0886121117,0.1771961925
0.1091666667,0.0885843839,0.0886118091,0.1771961930
0.1093333333,0.0885846007,0.0886115927,0.1771961934
0.1095000000,0.0885847389,0.0886114550,0.1771961939
0.1096666667,0.0885848063,0.0886113881,0.1771961944
0.1098333333,0.0885848108,0.0886113841,0.1771961949
0.1100000000,0.0885847603,0.0886114351,0.1771961954
0.1101666667,0.0885846625,0.0886115334,0.1771961959
0.1103333333,0.0885845246,0.0886116717,0.1771961963
0.1105000000,0.0885843538,0.0886118429,0.1771961967
0.1106666667,0.0885841566,0.0886120405,0.1771961971
0.1108333333,0.0885839391,0.0886122583,0.1771961974
0.1110000000,0.0885837069,0.0886124909,0.1771961978
0.1111666667,0.0885834649,0.0886127332,0.1771961980
0.1113333333,0.0885832175,0.0886129808,0.1771961983
0.1115000000,0.0885829687,0.0886132298,0.1771961985
0.1116666667,0.0885827217,0.0886134769,0.1771961987
0.1118333333,0.0885824795,0.0886137193,0.1771961988
0.1120000000,0.0885822443,0.0886139546,0.1771961989
0.1121666667,0.0885820181,0.0886141809,0.1771961990
0.1123333333,0.0885818022,0.0886143969,0.1771961991
0.1125000000,0.0885815978,0.0886146013,0.1771961991
0.1126666667,0.0885814057,0.0886147935,0.1771961992
0.1128333333,0.0885812262,0.0886149729,0.1771961992
0.1130000000,0.0885810597,0.0886151395,0.1771961992
0.1131666667,0.0885809059,0.0886152932,0.1771961991
0.1133333333,0.0885807648,0.0886154343,0.1771961991
0.1135000000,0.0885806360,0.0886155631,0.1771961991
0.1136666667,0.0885805190,0.0886156800,0.1771961991
0.1138333333,0.0885804133,0.0886157857,0.1771961990
0.1140000000,0.0885803181,0.0886158808,0.1771961990
0.1141666667,0.0885802329,0.0886159660,0.1771961989
0.1143333333,0.0885801570,0.0886160419,0.1771961989
0.1145000000,0.0885800895,0.0886161093,0.1771961988
0.1146666667,0.0885800299,0.0886161689,0.1771961988
0.1148333333,0.0885799774,0.0886162214,0.1771961988
0.1150000000,0.0885799313,0.0886162674,0.1771961987
0.1151666667,0.0885798911,0.0886163076,0.1771961987
0.1153333333,0.0885798561,0.0886163426,0.1771961986
0.1155000000,0.0885798257,0.0886163729,0.1771961986
0.1156666667,0.0885797995,0.0886163991,0.1771961986
0.1158333333,0.0885797769,0.0886164216,0.1771961986
0.1160000000,0.0885797576,0.0886164410,0.1771961985
0.1161666667,0.0885797410,0.0886164575,0.1771961985
0.1163333333,0.0885797269,0.0886164715,0.1771961985
0.1165000000,0.0885797150,0.0886164835,0.1771961985
0.1166666667,0.0885797049,0.0886164936,0.1771961985
0.1168333333,0.0885796964,0.0886165021,0.1771961984
0.1170000000,0.0885796892,0.0886165092,0.1771961984
0.1171666667,0.0885796832,0.0886165152,0.1771961984
0.1173333333,0.0885796782,0.0886165202,0.1771961984
0.1175000000,0.0885796741,0.0886165243,0.1771961984
0.1176666667,0.0885796706,0.0886165278,0.1771961984
0.1178333333,0.0885796678,0.0886165306,0.1771961984
0.1180000000,0.0885796654,0.0886165330,0.1771961984
0.1181666667,0.0885796635,0.0886165349,0.1771961984
0.1183333333,0.0885796619,0.0886165365,0.1771961984
0.1185000000,0.0885796606,0.0886165377,0.1771961984
0.1186666667,0.0885796596,0.0886165388,0.1771961984
0.1188333333,0.0885796587,0.0886165396,0.1771961984
0.1190000000,0.0885796580,0.0886165403,0.1771961984
0.1191666667,0.0885796575,0.0886165409,0.1771961984
0.1193333333,0.0885796570,0.0886165413,0.1771961984
0.1195000000,0.0885796567,0.0886165417,0.1771961984
0.1196666667,0.0885796564,0.0886165420,0.1771961984
0.1198333333,0.0885796562,0.0886165422,0.1771961984
0.1200000000,0.0885796560,0.0886165424,0.1771961984
0.1201666667,0.0885796558,0.0886165425,0.1771961984
0.1203333333,0.0885796557,0.0886165426,0.1771961984
0.1205000000,0.0885796556,0.0886165427,0.1771961984
0.1206666667,0.0885796556,0.0886165428,0.1771961984
0.1208333333,0.0885796555,0.0886165428,0.1771961984
0.1210000000,0.0885796555,0.0886165429,0.1771961984
0.1211666667,0.0885796554,0.0886165429,0.1771961984
0.1213333333,0.0885796554,0.0886165429,0.1771961984
0.1215000000,0.0885796554,0.0886165430,0.1771961984
0.1216666667,0.0885796554,0.0886165430,0.1771961984
0.1218333333,0.0885796554,0.0886165430,0.1771961984
0.1220000000,0.0885796554,0.0886165430,0.1771961984
0.1221666667,0.0885796554,0.0886165430,0.1771961984
0.1223333333,0.0885796554,0.0886165430,0.1771961984
0.1225000000,0.0885796554,0.0886165430,0.1771961984
0.1226666667,0.0885796553,0.0886165430,0.1771961984
0.1228333333,0.0885796553,0.0886165430,0.1771961984
0.1230000000,0.0885796553,0.0886165430,0.1771961984
0.1231666667,0.0885796553,0.0886165430,0.1771961984
0.1233333333,0.0885796554,0.0886165430,0.1771961984
0.1235000000,0.0885796554,0.0886165430,0.1771961984
0.1236666667,0.0885796554,0.0886165430,0.1771961984
0.1238333333,0.0885796554,0.0886165430,0.1771961984
0.1240000000,0.0885796554,0.0886165430,0.1771961984
0.1241666667,0.0885796554,0.0886165430,0.1771961984
0.1243333333,0.0885796554,0.0886165429,0.1771961984
0.1245000000,0.0885796555,0.0886165429,0.1771961984
0.1246666667,0.0885796555,0.0886165429,0.1771961984
0.1248333333,0.0885796556,0.0886165428,0.1771961984
0.1250000000,0.0885796556,0.0886165427,0.1771961984
0.1251666667,0.0885796557,0.0886165426,0.1771961984
0.1253333333,0.0885796559,0.0886165425,0.1771961984
0.1255000000,0.0885796560,0.0886165423,0.1771961984
0.1256666667,0.0885796563,0.0886165421,0.1771961984
0.1258333333,0.0885796566,0.0886165418,0.1771961984
0.1260000000,0.0885796570,0.0886165413,0.1771961984
0.1261666667,0.0885796576,0.0886165408,0.1771961984
0.1263333333,0.0885796583,0.0886165401,0.1771961984
0.1265000000,0.0885796593,0.0886165391,0.1771961984
0.1266666667,0.0885796605,0.0886165378,0.1771961984
0.1268333333,0.0885796622,0.0886165362,0.1771961984
0.1270000000,0.0885796644,0.0886165340,0.1771961984
0.1271666667,0.0885796672,0.0886165312,0.1771961984
0.1273333333,0.0885796709,0.0886165275,0.1771961984
0.1275000000,0.0885796756,0.0886165228,0.1771961984
0.1276666667,0.0885796818,0.0886165166,0.1771961985
0.1278333333,0.0885796898,0.0886165087,0.1771961985
0.1280000000,0.0885797001,0.0886164985,0.1771961985
0.1281666667,0.0885797133,0.0886164853,0.1771961986
0.1283333333,0.0885797303,0.0886164684,0.1771961987
0.1285000000,0.0885797520,0.0886164467,0.1771961987
0.1286666667,0.0885797798,0.0886164191,0.1771961988
0.1288333333,0.0885798151,0.0886163838,0.1771961990
0.1290000000,0.0885798601,0.0886163390,0.1771961991
0.1291666667,0.0885799171,0.0886162822,0.1771961993
0.1293333333,0.0885799892,0.0886162103,0.1771961995
0.1295000000,0.0885800803,0.0886161195,0.1771961998
0.1296666667,0.0885801951,0.0886160051,0.1771962002
0.1298333333,0.0885803393,0.0886158614,0.1771962006
0.1300000000,0.0885805201,0.0886156811,0.1771962012
0.1301666667,0.0885807462,0.0886154556,0.1771962018
0.1303333333,0.0885810284,0.0886151742,0.1771962027
0.1305000000,0.0885813797,0.0886148239,0.1771962036
0.1306666667,0.0885818161,0.0886143887,0.1771962048
0.1308333333,0.0885823568,0.0886138495,0.1771962063
0.1310000000,0.0885830252,0.0886131828,0.1771962081
0.1311666667,0.0885838495,0.0886123607,0.1771962102
0.1313333333,0.0885848636,0.0886113491,0.1771962127
0.1315000000,0.0885861082,0.0886101075,0.1771962157
0.1316666667,0.0885876321,0.0886085873,0.1771962194
0.1318333333,0.0885894934,0.0886067303,0.1771962237
0.1320000000,0.0885917613,0.0886044675,0.1771962288
0.1321666667,0.0885945180,0.0886017169,0.1771962348
0.1323333333,0.0885978606,0.0885983814,0.1771962420
0.1325000000,0.0886019037,0.0885943467,0.1771962504
0.1326666667,0.0886067821,0.0885894781,0.1771962602
0.1328333333,0.0886126539,0.0885836178,0.1771962717
0.1330000000,0.0886197038,0.0885765814,0.1771962852
0.1331666667,0.0886281470,0.0885681537,0.1771963008
0.1333333333,0.0886382337,0.0885580851,0.1771963188
0.1335000000,0.0886502534,0.0885460862,0.1771963397
0.1336666667,0.0886645404,0.0885318232,0.1771963637
0.1338333333,0.0886814791,0.0885149120,0.1771963912
0.1340000000,0.0887015104,0.0884949122,0.1771964226
0.1341666667,0.0887251380,0.0884713204,0.1771964584
0.1343333333,0.0887529355,0.0884435635,0.1771964990
0.1345000000,0.0887855538,0.0884109911,0.1771965449
0.1346666667,0.0888237285,0.0883728681,0.1771965966
0.1348333333,0.0888682884,0.0883283663,0.1771966547
0.1350000000,0.0889201635,0.0882765561,0.1771967196
0.1351666667,0.0889803930,0.0882163989,0.1771967918
0.1353333333,0.0890501338,0.0881467381,0.1771968719
0.1355000000,0.0891306686,0.0880662917,0.1771969604
0.1356666667,0.0892234132,0.0879736444,0.1771970576
0.1358333333,0.0893299233,0.0878672406,0.1771971639
0.1360000000,0.0894519009,0.0877453788,0.1771972797
0.1361666667,0.0895911985,0.0876062066,0.1771974051
0.1363333333,0.0897498228,0.0874477174,0.1771975402
0.1365000000,0.0899299357,0.0872677492,0.1771976850
0.1366666667,0.0901338533,0.0870639859,0.1771978392
0.1368333333,0.0903640421,0.0868339603,0.1771980024
0.1370000000,0.0906231122,0.0865750617,0.1771981739
0.1371666667,0.0909138066,0.0862845463,0.1771983529
0.1373333333,0.0912389866,0.0859595515,0.1771985381
0.1375000000,0.0916016126,0.0855971154,0.1771987281
0.1376666667,0.0920047199,0.0851942010,0.1771989209
0.1378333333,0.0924513888,0.0847477256,0.1771991143
0.1380000000,0.0929447093,0.0842545965,0.1771993058
0.1381666667,0.0934877397,0.0837117527,0.1771994924
0.1383333333,0.0940834579,0.0831162127,0.1771996706
0.1385000000,0.0947347074,0.0824651292,0.1771998366
0.1386666667,0.0954441355,0.0817558507,0.1771999861
0.1388333333,0.0962141259,0.0809859887,0.1772001146
0.1390000000,0.0970467243,0.0801534927,0.1772002170
0.1391666667,0.0979435584,0.0792567296,0.1772002880
0.1393333333,0.0989057522,0.0782945697,0.1772003219
0.1395000000,0.0999338362,0.0772664766,0.1772003128
0.1396666667,0.1010276535,0.0761726013,0.1772002548
0.1398333333,0.1021862638,0.0750138780,0.1772001418
0.1400000000,0.1034078465,0.0737921212,0.1771999677
0.1401666667,0.1046896040,0.0725101226,0.1771997266
0.1403333333,0.1060276681,0.0711717449,0.1771994130
0.1405000000,0.1074170111,0.0697820106,0.1771990217
0.1406666667,0.1088513630,0.0683471851,0.1771985481
0.1408333333,0.1103231393,0.0668748492,0.1771979885
0.1410000000,0.1118233795,0.0653739603,0.1771973398
0.1411666667,0.1133417008,0.0638548995,0.1771966002
0.1413333333,0.1148662689,0.0623295002,0.1771957692
0.1415000000,0.1163837888,0.0608110587,0.1771948474
0.1416666667,0.1178795170,0.0593143204,0.1771938373
0.1418333333,0.1193372999,0.0578554430,0.1771927429
0.1420000000,0.1207396380,0.0564519319,0.1771915699
0.1421666667,0.1220677794,0.0551225467,0.1771903262
0.1423333333,0.1233018432,0.0538871781,0.1771890212
0.1425000000,0.1244209741,0.0527666927,0.1771876669
0.1426666667,0.1254035292,0.0517827474,0.1771862766
0.1428333333,0.1262272954,0.0509575707,0.1771848660
0.1430000000,0.1268697382,0.0503137143,0.1771834525
0.1431666667,0.1273082797,0.0498737755,0.1771820551
0.1433333333,0.1275206029,0.0496600916,0.1771806945
0.1435000000,0.1274849806,0.0496944117,0.1771793923
0.1436666667,0.1271806240,0.0499975475,0.1771781715
0.1438333333,0.1265880470,0.0505890085,0.1771770555
0.1440000000,0.1256894408,0.0514866272,0.1771760680
0.1441666667,0.1244690526,0.0527061800,0.1771752326
0.1443333333,0.1229135624,0.0542610100,0.1771745724
0.1445000000,0.1210124505,0.0561616588,0.1771741093
0.1446666667,0.1187583483,0.0584155155,0.1771738638
0.1448333333,0.1161473654,0.0610264890,0.1771738544
0.1450000000,0.1131793842,0.0639947130,0.1771740972
0.1451666667,0.1098583157,0.0673162896,0.1771746053
0.1453333333,0.1061923082,0.0709830802,0.1771753883
0.1455000000,0.1021939028,0.0749825496,0.1771764524
0.1456666667,0.0978801291,0.0792976704,0.1771777995
0.1458333333,0.0932725351,0.0839068920,0.1771794271
0.1460000000,0.0883971490,0.0887841794,0.1771813283
0.1461666667,0.0832843668,0.0938991247,0.1771834915
0.1463333333,0.0779687664,0.0992171338,0.1771859002
0.1465000000,0.0724888456,0.1046996879,0.1771885336
0.1466666667,0.0668866866,0.1103046794,0.1771913660
0.1468333333,0.0612075481,0.1159868196,0.1771943677
0.1470000000,0.0554993903,0.1216981148,0.1771975051
0.1471666667,0.0498123376,0.1273884035,0.1772007411
0.1473333333,0.0441980864,0.1330059493,0.1772040358
0.1475000000,0.0387092664,0.1384980803,0.1772073467
0.1476666667,0.0333987650,0.1438118650,0.1772106301
0.1478333333,0.0283190265,0.1488948146,0.1772138410
0.1480000000,0.0235213361,0.1536955986,0.1772169347
0.1481666667,0.0190551031,0.1581647636,0.1772198667
0.1483333333,0.0149671544,0.1622554399,0.1772225944
0.1485000000,0.0113010520,0.1659240252,0.1772250772
0.1486666667,0.0080964467,0.1691308311,0.1772272778
0.1488333333,0.0053884812,0.1718406814,0.1772291626
0.1490000000,0.0032072524,0.1740234498,0.1772307022
0.1491666667,0.0015773455,0.1756545269,0.1772318724
0.1493333333,0.0005174476,0.1767152071,0.1772326547
0.1495000000,0.0000400487,0.1771929873,0.1772330360
0.1496666667,0.0001512374,0.1770817724,0.1772330099
0.1498333333,0.0008505940,0.1763819818,0.1772325758
0.1500000000,0.0021311844,0.1751005552,0.1772317396
0.1501666667,0.0039796555,0.1732508582,0.1772305137
0.1503333333,0.0063764285,0.1708524876,0.1772289161
0.1505000000,0.0092959893,0.1679309813,0.1772269706
0.1506666667,0.0127072679,0.1645174383,0.1772247062
0.1508333333,0.0165741018,0.1606480548,0.1772221566
0.1510000000,0.0208557719,0.1563635874,0.1772193593
0.1511666667,0.0255076040,0.1517087513,0.1772163553
0.1513333333,0.0304816212,0.1467315669,0.1772131880
0.1515000000,0.0357272370,0.1414826656,0.1772099026
0.1516666667,0.0411919759,0.1360145690,0.1772065449
0.1518333333,0.0468222073,0.1303809538,0.1772031611
0.1520000000,0.0525638810,0.1246359155,0.1771997964
0.1521666667,0.0583632501,0.1188332446,0.1771964947
0.1523333333,0.0641675698,0.1130257276,0.1771932974
0.1525000000,0.0699257596,0.1072644834,0.1771902430
0.1526666667,0.0755890197,0.1015983469,0.1771873667
0.1528333333,0.0811113912,0.0960733083,0.1771846995
0.1530000000,0.0864502524,0.0907320157,0.1771822681
0.1531666667,0.0915667456,0.0856133490,0.1771800946
0.1533333333,0.0964261286,0.0807520674,0.1771781960
0.1535000000,0.1009980487,0.0761785358,0.1771765846
0.1536666667,0.1052567374,0.0719185301,0.1771752675
0.1538333333,0.1091811256,0.0679931215,0.1771742471
0.1540000000,0.1127548825,0.0644186386,0.1771735211
0.1541666667,0.1159663791,0.0612067038,0.1771730829
0.1543333333,0.1188085827,0.0583643391,0.1771729218
0.1545000000,0.1212788876,0.0558941360,0.1771730236
0.1546666667,0.1233788872,0.0537944836,0.1771733708
0.1548333333,0.1251140968,0.0520598466,0.1771739434
0.1550000000,0.1264936336,0.0506810856,0.1771747192
0.1551666667,0.1275298626,0.0496458118,0.1771756743
0.1553333333,0.1282380160,0.0489387679,0.1771767839
0.1555000000,0.1286357961,0.0485422263,0.1771780224
0.1556666667,0.1287429681,0.0484363962,0.1771793643
0.1558333333,0.1285809506,0.0485998335,0.1771807842
0.1560000000,0.1281724130,0.0490098446,0.1771822576
0.1561666667,0.1275408833,0.0496428779,0.1771837612
0.1563333333,0.1267103746,0.0504748983,0.1771852729
0.1565000000,0.1257050347,0.0514817379,0.1771867726
0.1566666667,0.1245488218,0.0526394201,0.1771882419
0.1568333333,0.1232652114,0.0539244530,0.1771896644
0.1570000000,0.1218769359,0.0553140901,0.1771910261
0.1571666667,0.1204057582,0.0567865568,0.1771923149
0.1573333333,0.1188722807,0.0583212406,0.1771935213
0.1575000000,0.1172957903,0.0598988473,0.1771946376
0.1576666667,0.1156941366,0.0615015217,0.1771956584
0.1578333333,0.1140836451,0.0631129351,0.1771965801
0.1580000000,0.1124790604,0.0647183408,0.1771974012
0.1581666667,0.1108935204,0.0663046013,0.1771981217
0.1583333333,0.1093385561,0.0678601871,0.1771987431
0.1585000000,0.1078241159,0.0693751525,0.1771992684
0.1586666667,0.1063586114,0.0708410899,0.1771997014
0.1588333333,0.1049489804,0.0722510666,0.1772000471
0.1590000000,0.1036007655,0.0735995457,0.1772003111
0.1591666667,0.1023182040,0.0748822957,0.1772004998
0.1593333333,0.1011043279,0.0760962918,0.1772006197
0.1595000000,0.0999610686,0.0772396090,0.1772006776
0.1596666667,0.0988893666,0.0783113139,0.1772006805
0.1598333333,0.0978892824,0.0793113529,0.1772006353
0.1600000000,0.0969601059,0.0802404428,0.1772005487
0.1601666667,0.0961004646,0.0810999626,0.1772004272
0.1603333333,0.0953084269,0.0818918501,0.1772002769
0.1605000000,0.0945816004,0.0826185033,0.1772001037
0.1606666667,0.0939172248,0.0832826881,0.1771999129
0.1608333333,0.0933122561,0.0838874531,0.1771997093
0.1610000000,0.0927634456,0.0844360517,0.1771994973
0.1611666667,0.0922674091,0.0849318717,0.1771992808
0.1613333333,0.0918206896,0.0853783736,0.1771990632
0.1615000000,0.0914198116,0.0857790358,0.1771988475
0.1616666667,0.0910613279,0.0861373081,0.1771986360
0.1618333333,0.0907418593,0.0864565716,0.1771984309
0.1620000000,0.0904581269,0.0867401069,0.1771982337
0.1621666667,0.0902069788,0.0869910670,0.1771980458
0.1623333333,0.0899854101,0.0872124579,0.1771978681
0.1625000000,0.0897905783,0.0874071228,0.1771977011
0.1626666667,0.0896198131,0.0875777323,0.1771975454
0.1628333333,0.0894706228,0.0877267782,0.1771974010
0.1630000000,0.0893406969,0.0878565710,0.1771972679
0.1631666667,0.0892279052,0.0879692406,0.1771971459
0.1633333333,0.0891302951,0.0880667395,0.1771970346
0.1635000000,0.0890460858,0.0881508479,0.1771969337
0.1636666667,0.0889736619,0.0882231807,0.1771968426
0.1638333333,0.0889115651,0.0882851957,0.1771967608
0.1640000000,0.0888584852,0.0883382025,0.1771966877
0.1641666667,0.0888132504,0.0883833722,0.1771966225
0.1643333333,0.0887748173,0.0884217475,0.1771965648
0.1645000000,0.0887422612,0.0884542526,0.1771965139
0.1646666667,0.0887147657,0.0884817033,0.1771964691
0.1648333333,0.0886916132,0.0885048167,0.1771964299
0.1650000000,0.0886721752,0.0885242205,0.1771963957
0.1651666667,0.0886559040,0.0885404621,0.1771963660
0.1653333333,0.0886423235,0.0885540169,0.1771963403
0.1655000000,0.0886310219,0.0885652963,0.1771963182
0.1656666667,0.0886216443,0.0885746549,0.1771962992
0.1658333333,0.0886138856,0.0885823973,0.1771962829
0.1660000000,0.0886074850,0.0885887840,0.1771962691
0.1661666667,0.0886022200,0.0885940373,0.1771962573
0.1663333333,0.0885979016,0.0885983457,0.1771962473
0.1665000000,0.0885943698,0.0886018691,0.1771962389
0.1666666667,0.0885914896,0.0886047423,0.1771962318
0.1668333333,0.0885891474,0.0886070785,0.1771962259
0.1670000000,0.0885872482,0.0886089727,0.1771962210
0.1671666667,0.0885857127,0.0886105042,0.1771962169
0.1673333333,0.0885844746,0.0886117388,0.1771962135
0.1675000000,0.0885834793,0.0886127314,0.1771962106
0.1676666667,0.0885826813,0.0886135270,0.1771962083
0.1678333333,0.0885820434,0.0886141630,0.1771962064
0.1680000000,0.0885815349,0.0886146699,0.1771962048
0.1681666667,0.0885811307,0.0886150729,0.1771962036
0.1683333333,0.0885808103,0.0886153923,0.1771962025
0.1685000000,0.0885805570,0.0886156447,0.1771962017
0.1686666667,0.0885803574,0.0886158436,0.1771962010
0.1688333333,0.0885802005,0.0886160000,0.1771962005
0.1690000000,0.0885800775,0.0886161225,0.1771962000
0.1691666667,0.0885799814,0.0886162183,0.1771961997
0.1693333333,0.0885799065,0.0886162929,0.1771961994
0.1695000000,0.0885798482,0.0886163509,0.1771961992
0.1696666667,0.0885798031,0.0886163959,0.1771961990
0.1698333333,0.0885797682,0.0886164306,0.1771961989
0.1700000000,0.0885797414,0.0886164574,0.1771961987
0.1701666667,0.0885797207,0.0886164780,0.1771961987
0.1703333333,0.0885797049,0.0886164937,0.1771961986
0.1705000000,0.0885796928,0.0886165058,0.1771961985
0.1706666667,0.0885796836,0.0886165149,0.1771961985
0.1708333333,0.0885796765,0.0886165219,0.1771961985
0.1710000000,0.0885796712,0.0886165272,0.1771961984
0.1711666667,0.0885796672,0.0886165312,0.1771961984
0.1713333333,0.0885796642,0.0886165342,0.1771961984
0.1715000000,0.0885796619,0.0886165365,0.1771961984
0.1716666667,0.0885796602,0.0886165382,0.1771961984
0.1718333333,0.0885796589,0.0886165394,0.1771961984
0.1720000000,0.0885796580,0.0886165404,0.1771961984
0.1721666667,0.0885796573,0.0886165411,0.1771961984
0.1723333333,0.0885796568,0.0886165416,0.1771961984
0.1725000000,0.0885796564,0.0886165420,0.1771961984
0.1726666667,0.0885796561,0.0886165423,0.1771961984
0.1728333333,0.0885796559,0.0886165425,0.1771961984
0.1730000000,0.0885796557,0.0886165426,0.1771961984
0.1731666667,0.0885796556,0.0886165427,0.1771961984
0.1733333333,0.0885796555,0.0886165428,0.1771961984
0.1735000000,0.0885796555,0.0886165429,0.1771961984
0.1736666667,0.0885796554,0.0886165429,0.1771961984
0.1738333333,0.0885796554,0.0886165429,0.1771961984
0.1740000000,0.0885796554,0.0886165430,0.1771961984
0.1741666667,0.0885796554,0.0886165430,0.1771961984
0.1743333333,0.0885796554,0.0886165430,0.1771961984
0.1745000000,0.0885796554,0.0886165430,0.1771961984
0.1746666667,0.0885796554,0.0886165430,0.1771961984
0.1748333333,0.0885796553,0.0886165430,0.1771961984
0.1750000000,0.0885796553,0.0886165430,0.1771961984
0.1751666667,0.0885796553,0.0886165430,0.1771961984
0.1753333333,0.0885796553,0.0886165430,0.1771961984
0.1755000000,0.0885796553,0.0886165430,0.1771961984
0.1756666667,0.0885796553,0.0886165430,0.1771961984
0.1758333333,0.0885796553,0.0886165430,0.1771961984
0.1760000000,0.0885796554,0.0886165430,0.1771961984
0.1761666667,0.0885796554,0.0886165430,0.1771961984
0.1763333333,0.0885796554,0.0886165430,0.1771961984
0.1765000000,0.0885796554,0.0886165430,0.1771961984
0.1766666667,0.0885796554,0.0886165430,0.1771961984
0.1768333333,0.0885796554,0.0886165430,0.1771961984
0.1770000000,0.0885796554,0.0886165430,0.1771961984
0.1771666667,0.0885796554,0.0886165429,0.1771961984
0.1773333333,0.0885796555,0.0886165429,0.1771961984
0.1775000000,0.0885796555,0.0886165429,0.1771961984
0.1776666667,0.0885796555,0.0886165428,0.1771961984
0.1778333333,0.0885796556,0.0886165428,0.1771961984
0.1780000000,0.0885796556,0.0886165427,0.1771961984
0.1781666667,0.0885796557,0.0886165426,0.1771961984
0.1783333333,0.0885796558,0.0886165425,0.1771961984
0.1785000000,0.0885796559,0.0886165424,0.1771961984
0.1786666667,0.0885796561,0.0886165423,0.1771961984
0.1788333333,0.0885796563,0.0886165421,0.1771961984
0.1790000000,0.0885796565,0.0886165418,0.1771961984
0.1791666667,0.0885796568,0.0886165415,0.1771961984
0.1793333333,0.0885796572,0.0886165412,0.1771961984
0.1795000000,0.0885796576,0.0886165407,0.1771961984
0.1796666667,0.0885796582,0.0886165402,0.1771961984
0.1798333333,0.0885796589,0.0886165395,0.1771961984
0.1800000000,0.0885796597,0.0886165387,0.1771961984
0.1801666667,0.0885796607,0.0886165377,0.1771961984
0.1803333333,0.0885796619,0.0886165365,0.1771961984
0.1805000000,0.0885796634,0.0886165350,0.1771961984
0.1806666667,0.0885796652,0.0886165332,0.1771961984
0.1808333333,0.0885796673,0.0886165311,0.1771961984
0.1810000000,0.0885796699,0.0886165285,0.1771961984
0.1811666667,0.0885796730,0.0886165254,0.1771961984
0.1813333333,0.0885796766,0.0886165218,0.1771961984
0.1815000000,0.0885796810,0.0886165174,0.1771961984
0.1816666667,0.0885796862,0.0886165122,0.1771961984
0.1818333333,0.0885796924,0.0886165061,0.1771961984
0.1820000000,0.0885796996,0.0886164988,0.1771961984
0.1821666667,0.0885797082,0.0886164903,0.1771961984
0.1823333333,0.0885797182,0.0886164802,0.1771961985
0.1825000000,0.0885797300,0.0886164685,0.1771961985
0.1826666667,0.0885797437,0.0886164548,0.1771961985
0.1828333333,0.0885797596,0.0886164389,0.1771961985
0.1830000000,0.0885797781,0.0886164204,0.1771961985
0.1831666667,0.0885797995,0.0886163990,0.1771961986
0.1833333333,0.0885798241,0.0886163744,0.1771961986
0.1835000000,0.0885798524,0.0886163462,0.1771961986
0.1836666667,0.0885798848,0.0886163138,0.1771961986
0.1838333333,0.0885799218,0.0886162769,0.1771961987
0.1840000000,0.0885799638,0.0886162349,0.1771961987
0.1841666667,0.0885800114,0.0886161874,0.1771961987
0.1843333333,0.0885800651,0.0886161337,0.1771961988
0.1845000000,0.0885801255,0.0886160733,0.1771961988
0.1846666667,0.0885801933,0.0886160056,0.1771961988
0.1848333333,0.0885802689,0.0886159300,0.1771961989
0.1850000000,0.0885803530,0.0886158460,0.1771961989
0.1851666667,0.0885804460,0.0886157529,0.1771961990
0.1853333333,0.0885805487,0.0886156503,0.1771961990
0.1855000000,0.0885806614,0.0886155377,0.1771961990
0.1856666667,0.0885807845,0.0886154146,0.1771961990
0.1858333333,0.0885809184,0.0886152807,0.1771961990
0.1860000000,0.0885810633,0.0886151358,0.1771961990
0.1861666667,0.0885812192,0.0886149798,0.1771961990
0.1863333333,0.0885813861,0.0886148129,0.1771961990
0.1865000000,0.0885815638,0.0886146352,0.1771961990
0.1866666667,0.0885817516,0.0886144474,0.1771961989
0.1868333333,0.0885819488,0.0886142501,0.1771961989
0.1870000000,0.0885821544,0.0886140444,0.1771961988
0.1871666667,0.0885823670,0.0886138317,0.1771961987
0.1873333333,0.0885825848,0.0886136138,0.1771961986
0.1875000000,0.0885828057,0.0886133927,0.1771961984
0.1876666667,0.0885830271,0.0886131711,0.1771961982
0.1878333333,0.0885832461,0.0886129518,0.1771961980
0.1880000000,0.0885834593,0.0886127384,0.1771961978
0.1881666667,0.0885836628,0.0886125347,0.1771961975
0.1883333333,0.0885838520,0.0886123451,0.1771961972
0.1885000000,0.0885840224,0.0886121745,0.1771961968
0.1886666667,0.0885841684,0.0886120281,0.1771961965
0.1888333333,0.0885842845,0.0886119116,0.1771961961
0.1890000000,0.0885843644,0.0886118313,0.1771961957
0.1891666667,0.0885844019,0.0886117934,0.1771961953
0.1893333333,0.0885843901,0.0886118047,0.1771961949
0.1895000000,0.0885843223,0.0886118721,0.1771961944
0.1896666667,0.0885841914,0.0886120025,0.1771961940
0.1898333333,0.0885839907,0.0886122029,0.1771961936
0.1900000000,0.0885837132,0.0886124799,0.1771961932
0.1901666667,0.0885833528,0.0886128400,0.1771961928
0.1903333333,0.0885829034,0.0886132891,0.1771961925
0.1905000000,0.0885823597,0.0886138325,0.1771961922
0.1906666667,0.0885817174,0.0886144746,0.1771961920
0.1908333333,0.0885809730,0.0886152188,0.1771961918
0.1910000000,0.0885801244,0.0886160674,0.1771961918
0.1911666667,0.0885791707,0.0886170211,0.1771961918
0.1913333333,0.0885781128,0.0886180792,0.1771961920
0.1915000000,0.0885769531,0.0886192391,0.1771961923
0.1916666667,0.0885756962,0.0886204964,0.1771961927
0.1918333333,0.0885743486,0.0886218446,0.1771961932
0.1920000000,0.0885729189,0.0886232750,0.1771961939
0.1921666667,0.0885714180,0.0886247767,0.1771961947
0.1923333333,0.0885698591,0.0886263366,0.1771961957
0.1925000000,0.0885682576,0.0886279392,0.1771961968
0.1926666667,0.0885666311,0.0886295669,0.1771961980
0.1928333333,0.0885649995,0.0886311998,0.1771961994
0.1930000000,0.0885633845,0.0886328164,0.1771962008
0.1931666667,0.0885618094,0.0886343930,0.1771962024
0.1933333333,0.0885602994,0.0886359047,0.1771962040
0.1935000000,0.0885588804,0.0886373253,0.1771962057
0.1936666667,0.0885575795,0.0886386279,0.1771962074
0.1938333333,0.0885564240,0.0886397852,0.1771962091
0.1940000000,0.0885554411,0.0886407698,0.1771962108
0.1941666667,0.0885546574,0.0886415550,0.1771962124
0.1943333333,0.0885540985,0.0886421154,0.1771962139
0.1945000000,0.0885537883,0.0886424270,0.1771962153
0.1946666667,0.0885537484,0.0886424680,0.1771962165
0.1948333333,0.0885539979,0.0886422195,0.1771962174
0.1950000000,0.0885545524,0.0886416658,0.1771962182
0.1951666667,0.0885554236,0.0886407950,0.1771962187
0.1953333333,0.0885566194,0.0886395995,0.1771962189
0.1955000000,0.0885581426,0.0886380762,0.1771962187
0.1956666667,0.0885599912,0.0886362271,0.1771962183
0.1958333333,0.0885621581,0.0886340594,0.1771962175
0.1960000000,0.0885646306,0.0886315858,0.1771962164
0.1961666667,0.0885673907,0.0886288242,0.1771962149
0.1963333333,0.0885704149,0.0886257982,0.1771962131
0.1965000000,0.0885736747,0.0886225364,0.1771962110
0.1966666667,0.0885771362,0.0886190725,0.1771962086
0.1968333333,0.0885807612,0.0886154448,0.1771962060
0.1970000000,0.0885845075,0.0886116956,0.1771962031
0.1971666667,0.0885883291,0.0886078710,0.1771962000
0.1973333333,0.0885921774,0.0886040195,0.1771961969
0.1975000000,0.0885960017,0.0886001919,0.1771961936
0.1976666667,0.0885997501,0.0885964402,0.1771961903
0.1978333333,0.0886033704,0.0885928167,0.1771961871
0.1980000000,0.0886068110,0.0885893730,0.1771961840
0.1981666667,0.0886100218,0.0885861592,0.1771961810
0.1983333333,0.0886129551,0.0885832231,0.1771961782
0.1985000000,0.0886155668,0.0885806089,0.1771961757
0.1986666667,0.0886178169,0.0885783567,0.1771961735
0.1988333333,0.0886196702,0.0885765015,0.1771961717
0.1990000000,0.0886210975,0.0885750727,0.1771961702
0.1991666667,0.0886220759,0.0885740933,0.1771961692
0.1993333333,0.0886225890,0.0885735797,0.1771961686
0.1995000000,0.0886226276,0.0885735409,0.1771961685
0.1996666667,0.0886221901,0.0885739788,0.1771961689
0.1998333333,0.0886212819,0.0885748878,0.1771961697
0.2000000000,0.0886199159,0.0885762551,0.1771961709
0.2001666667,0.0886181119,0.0885780607,0.1771961726
0.2003333333,0.0886158967,0.0885802780,0.1771961747
0.2005000000,0.0886133029,0.0885828741,0.1771961771
0.2006666667,0.0886103690,0.0885858108,0.1771961798
0.2008333333,0.0886071380,0.0885890447,0.1771961827
0.2010000000,0.0886036572,0.0885925287,0.1771961859
0.2011666667,0.0885999769,0.0885962122,0.1771961892
0.2013333333,0.0885961497,0.0886000429,0.1771961925
0.2015000000,0.0885922291,0.0886039668,0.1771961959
0.2016666667,0.0885882693,0.0886079299,0.1771961992
0.2018333333,0.0885843236,0.0886118789,0.1771962025
0.2020000000,0.0885804435,0.0886157620,0.1771962056
0.2021666667,0.0885766784,0.0886195301,0.1771962084
0.2023333333,0.0885730740,0.0886231371,0.1771962111
0.2025000000,0.0885696724,0.0886265410,0.1771962134
0.2026666667,0.0885665108,0.0886297046,0.1771962154
0.2028333333,0.0885636216,0.0886325955,0.1771962171
0.2030000000,0.0885610316,0.0886351868,0.1771962184
0.2031666667,0.0885587618,0.0886374575,0.1771962194
0.2033333333,0.0885568277,0.0886393923,0.1771962200
0.2035000000,0.0885552386,0.0886409816,0.1771962202
0.2036666667,0.0885539982,0.0886422219,0.1771962201
0.2038333333,0.0885531047,0.0886431149,0.1771962196
0.2040000000,0.0885525511,0.0886436678,0.1771962189
0.2041666667,0.0885523257,0.0886438922,0.1771962179
0.2043333333,0.0885524121,0.0886438046,0.1771962166
0.2045000000,0.0885527904,0.0886434248,0.1771962152
0.2046666667,0.0885534374,0.0886427761,0.1771962135
0.2048333333,0.0885543272,0.0886418846,0.1771962118
0.2050000000,0.0885554320,0.0886407779,0.1771962100
0.2051666667,0.0885567225,0.0886394856,0.1771962081
0.2053333333,0.0885581686,0.0886380376,0.1771962062
0.2055000000,0.0885597400,0.0886364643,0.1771962043
0.2056666667,0.0885614068,0.0886347956,0.1771962025
0.2058333333,0.0885631399,0.0886330608,0.1771962007
0.2060000000,0.0885649114,0.0886312877,0.1771961991
0.2061666667,0.0885666950,0.0886295025,0.1771961976
0.2063333333,0.0885684666,0.0886277296,0.1771961962
0.2065000000,0.0885702041,0.0886259908,0.1771961950
0.2066666667,0.0885718880,0.0886243059,0.1771961939
0.2068333333,0.0885735011,0.0886226919,0.1771961930
0.2070000000,0.0885750291,0.0886211631,0.1771961923
0.2071666667,0.0885764602,0.0886197315,0.1771961917
0.2073333333,0.0885777852,0.0886184061,0.1771961913
0.2075000000,0.0885789973,0.0886171937,0.1771961910
0.2076666667,0.0885800922,0.0886160986,0.1771961909
0.2078333333,0.0885810679,0.0886151230,0.1771961909
0.2080000000,0.0885819241,0.0886142669,0.1771961910
0.2081666667,0.0885826627,0.0886135285,0.1771961912
0.2083333333,0.0885832869,0.0886129046,0.1771961915
0.2085000000,0.0885838013,0.0886123905,0.1771961919
0.2086666667,0.0885842119,0.0886119804,0.1771961923
0.2088333333,0.0885845252,0.0886116676,0.1771961927
0.2090000000,0.0885847487,0.0886114446,0.1771961932
0.2091666667,0.0885848902,0.0886113035,0.1771961937
0.2093333333,0.0885849580,0.0886112363,0.1771961943
0.2095000000,0.0885849602,0.0886112345,0.1771961948
0.2096666667,0.0885849052,0.0886112901,0.1771961953
0.2098333333,0.0885848009,0.0886113949,0.1771961958
0.2100000000,0.0885846551,0.0886115411,0.1771961962
0.2101666667,0.0885844752,0.0886117215,0.1771961967
0.2103333333,0.0885842681,0.0886119290,0.1771961971
0.2105000000,0.0885840401,0.0886121573,0.1771961974
0.2106666667,0.0885837971,0.0886124007,0.1771961977
0.2108333333,0.0885835443,0.0886126538,0.1771961980
0.2110000000,0.0885832863,0.0886129120,0.1771961983
0.2111666667,0.0885830273,0.0886131712,0.1771961985
0.2113333333,0.0885827706,0.0886134281,0.1771961987
0.2115000000,0.0885825193,0.0886136796,0.1771961988
0.2116666667,0.0885822757,0.0886139233,0.1771961990
0.2118333333,0.0885820418,0.0886141573,0.1771961991
0.2120000000,0.0885818191,0.0886143800,0.1771961991
0.2121666667,0.0885816086,0.0886145905,0.1771961992
0.2123333333,0.0885814112,0.0886147880,0.1771961992
0.2125000000,0.0885812272,0.0886149720,0.1771961992
0.2126666667,0.0885810568,0.0886151424,0.1771961992
0.2128333333,0.0885808999,0.0886152993,0.1771961992
0.2130000000,0.0885807563,0.0886154429,0.1771961992
0.2131666667,0.0885806256,0.0886155736,0.1771961991
0.2133333333,0.0885805071,0.0886156920,0.1771961991
0.2135000000,0.0885804004,0.0886157987,0.1771961990
0.2136666667,0.0885803046,0.0886158944,0.1771961990
0.2138333333,0.0885802192,0.0886159798,0.1771961990
0.2140000000,0.0885801432,0.0886160557,0.1771961989
0.2141666667,0.0885800760,0.0886161229,0.1771961989
0.2143333333,0.0885800168,0.0886161820,0.1771961988
0.2145000000,0.0885799648,0.0886162339,0.1771961988
0.2146666667,0.0885799194,0.0886162793,0.1771961987
0.2148333333,0.0885798799,0.0886163187,0.1771961987
0.2150000000,0.0885798457,0.0886163529,0.1771961986
0.2151666667,0.0885798162,0.0886163824,0.1771961986
0.2153333333,0.0885797908,0.0886164078,0.1771961986
0.2155000000,0.0885797690,0.0886164296,0.1771961986
0.2156666667,0.0885797504,0.0886164481,0.1771961985
0.2158333333,0.0885797346,0.0886164639,0.1771961985
0.2160000000,0.0885797212,0.0886164773,0.1771961985
0.2161666667,0.0885797099,0.0886164886,0.1771961985
0.2163333333,0.0885797004,0.0886164980,0.1771961985
0.2165000000,0.0885796924,0.0886165060,0.1771961984
0.2166666667,0.0885796858,0.0886165126,0.1771961984
0.2168333333,0.0885796802,0.0886165182,0.1771961984
0.2170000000,0.0885796756,0.0886165228,0.1771961984
0.2171666667,0.0885796718,0.0886165266,0.1771961984
0.2173333333,0.0885796687,0.0886165297,0.1771961984
0.2175000000,0.0885796661,0.0886165322,0.1771961984
0.2176666667,0.0885796640,0.0886165343,0.1771961984
0.2178333333,0.0885796623,0.0886165361,0.1771961984
0.2180000000,0.0885796609,0.0886165374,0.1771961984
0.2181666667,0.0885796598,0.0886165386,0.1771961984
0.2183333333,0.0885796589,0.0886165395,0.1771961984
0.2185000000,0.0885796581,0.0886165402,0.1771961984
0.2186666667,0.0885796576,0.0886165408,0.1771961984
0.2188333333,0.0885796571,0.0886165413,0.1771961984
0.2190000000,0.0885796567,0.0886165416,0.1771961984
0.2191666667,0.0885796564,0.0886165419,0.1771961984
0.2193333333,0.0885796562,0.0886165422,0.1771961984
0.2195000000,0.0885796560,0.0886165424,0.1771961984
0.2196666667,0.0885796558,0.0886165425,0.1771961984
0.2198333333,0.0885796557,0.0886165426,0.1771961984
0.2200000000,0.0885796556,0.0886165427,0.1771961984
0.2201666667,0.0885796556,0.0886165428,0.1771961984
0.2203333333,0.0885796555,0.0886165428,0.1771961984
0.2205000000,0.0885796555,0.0886165429,0.1771961984
0.2206666667,0.0885796554,0.0886165429,0.1771961984
0.2208333333,0.0885796554,0.0886165429,0.1771961984
0.2210000000,0.0885796554,0.0886165430,0.1771961984
0.2211666667,0.0885796554,0.0886165430,0.1771961984
0.2213333333,0.0885796554,0.0886165430,0.1771961984
0.2215000000,0.0885796554,0.0886165430,0.1771961984
0.2216666667,0.0885796554,0.0886165430,0.1771961984
0.2218333333,0.0885796554,0.0886165430,0.1771961984
0.2220000000,0.0885796553,0.0886165430,0.1771961984
0.2221666667,0.0885796553,0.0886165430,0.1771961984
0.2223333333,0.0885796553,0.0886165430,0.1771961984
0.2225000000,0.0885796553,0.0886165430,0.1771961984
0.2226666667,0.0885796554,0.0886165430,0.1771961984
0.2228333333,0.0885796554,0.0886165430,0.1771961984
0.2230000000,0.0885796554,0.0886165430,0.1771961984
0.2231666667,0.0885796554,0.0886165430,0.1771961984
0.2233333333,0.0885796554,0.0886165430,0.1771961984
0.2235000000,0.0885796554,0.0886165430,0.1771961984
0.2236666667,0.0885796554,0.0886165429,0.1771961984
0.2238333333,0.0885796554,0.0886165429,0.1771961984
0.2240000000,0.0885796555,0.0886165429,0.1771961984
0.2241666667,0.0885796555,0.0886165428,0.1771961984
0.2243333333,0.0885796556,0.0886165428,0.1771961984
0.2245000000,0.0885796557,0.0886165427,0.1771961984
0.2246666667,0.0885796558,0.0886165426,0.1771961984
0.2248333333,0.0885796559,0.0886165424,0.1771961984
0.2250000000,0.0885796561,0.0886165422,0.1771961984
0.2251666667,0.0885796564,0.0886165420,0.1771961984
0.2253333333,0.0885796567,0.0886165416,0.1771961984
0.2255000000,0.0885796572,0.0886165412,0.1771961984
0.2256666667,0.0885796578,0.0886165406,0.1771961984
0.2258333333,0.0885796586,0.0886165398,0.1771961984
0.2260000000,0.0885796596,0.0886165388,0.1771961984
0.2261666667,0.0885796610,0.0886165374,0.1771961984
0.2263333333,0.0885796627,0.0886165357,0.1771961984
0.2265000000,0.0885796650,0.0886165334,0.1771961984
0.2266666667,0.0885796679,0.0886165305,0.1771961984
0.2268333333,0.0885796717,0.0886165267,0.1771961984
0.2270000000,0.0885796766,0.0886165219,0.1771961984
0.2271666667,0.0885796829,0.0886165156,0.1771961985
0.2273333333,0.0885796910,0.0886165075,0.1771961985
0.2275000000,0.0885797014,0.0886164972,0.1771961985
0.2276666667,0.0885797147,0.0886164839,0.1771961986
0.2278333333,0.0885797316,0.0886164670,0.1771961986
0.2280000000,0.0885797532,0.0886164455,0.1771961987
0.2281666667,0.0885797807,0.0886164181,0.1771961988
0.2283333333,0.0885798155,0.0886163834,0.1771961989
0.2285000000,0.0885798596,0.0886163395,0.1771961991
0.2286666667,0.0885799152,0.0886162841,0.1771961993
0.2288333333,0.0885799853,0.0886162142,0.1771961995
0.2290000000,0.0885800735,0.0886161263,0.1771961998
0.2291666667,0.0885801840,0.0886160161,0.1771962001
0.2293333333,0.0885803224,0.0886158781,0.1771962005
0.2295000000,0.0885804953,0.0886157057,0.1771962010
0.2296666667,0.0885807106,0.0886154910,0.1771962016
0.2298333333,0.0885809784,0.0886152239,0.1771962024
0.2300000000,0.0885813107,0.0886148926,0.1771962033
0.2301666667,0.0885817219,0.0886144825,0.1771962044
0.2303333333,0.0885822297,0.0886139760,0.1771962057
0.2305000000,0.0885828555,0.0886133518,0.1771962073
0.2306666667,0.0885836249,0.0886125843,0.1771962092
0.2308333333,0.0885845686,0.0886116429,0.1771962115
0.2310000000,0.0885857235,0.0886104908,0.1771962142
0.2311666667,0.0885871337,0.0886090838,0.1771962175
0.2313333333,0.0885888516,0.0886073698,0.1771962214
0.2315000000,0.0885909395,0.0886052865,0.1771962260
0.2316666667,0.0885934713,0.0886027601,0.1771962314
0.2318333333,0.0885965341,0.0885997037,0.1771962378
0.2320000000,0.0886002308,0.0885960146,0.1771962453
0.2321666667,0.0886046819,0.0885915722,0.1771962542
0.2323333333,0.0886100288,0.0885862356,0.1771962644
0.2325000000,0.0886164366,0.0885798398,0.1771962764
0.2326666667,0.0886240975,0.0885721929,0.1771962903
0.2328333333,0.0886332345,0.0885630720,0.1771963064
0.2330000000,0.0886441058,0.0885522192,0.1771963250
0.2331666667,0.0886570095,0.0885393369,0.1771963464
0.2333333333,0.0886722880,0.0885240829,0.1771963709
0.2335000000,0.0886903343,0.0885060646,0.1771963989
0.2336666667,0.0887115971,0.0884848337,0.1771964308
0.2338333333,0.0887365878,0.0884598792,0.1771964670
0.2340000000,0.0887658867,0.0884306213,0.1771965080
0.2341666667,0.0888001501,0.0883964040,0.1771965542
0.2343333333,0.0888401181,0.0883564879,0.1771966061
0.2345000000,0.0888866216,0.0883100425,0.1771966641
0.2346666667,0.0889405904,0.0882561384,0.1771967288
0.2348333333,0.0890030609,0.0881937398,0.1771968007
0.2350000000,0.0890751839,0.0881216962,0.1771968802
0.2351666667,0.0891582319,0.0880387358,0.1771969677
0.2353333333,0.0892536058,0.0879434579,0.1771970636
0.2355000000,0.0893628417,0.0878343267,0.1771971684
0.2356666667,0.0894876159,0.0877096662,0.1771972822
0.2358333333,0.0896297494,0.0875676557,0.1771974051
0.2360000000,0.0897912100,0.0874063274,0.1771975374
0.2361666667,0.0899741134,0.0872235654,0.1771976788
0.2363333333,0.0901807217,0.0870171074,0.1771978291
0.2365000000,0.0904134395,0.0867845484,0.1771979879
0.2366666667,0.0906748061,0.0865233485,0.1771981545
0.2368333333,0.0909674856,0.0862308425,0.1771983281
0.2370000000,0.0912942518,0.0859042555,0.1771985073
0.2371666667,0.0916579699,0.0855407209,0.1771986908
0.2373333333,0.0920615722,0.0851373046,0.1771988768
0.2375000000,0.0925080296,0.0846910334,0.1771990630
0.2376666667,0.0930003175,0.0841989296,0.1771992471
0.2378333333,0.0935413751,0.0836580510,0.1771994261
0.2380000000,0.0941340596,0.0830655371,0.1771995967
0.2381666667,0.0947810935,0.0824186618,0.1771997553
0.2383333333,0.0954850059,0.0817148919,0.1771998977
0.2385000000,0.0962480674,0.0809519523,0.1772000197
0.2386666667,0.0970722193,0.0801278969,0.1772001163
0.2388333333,0.0979589971,0.0792411853,0.1772001824
0.2390000000,0.0989094483,0.0782907644,0.1772002127
0.2391666667,0.0999240466,0.0772761550,0.1772002016
0.2393333333,0.1010026021,0.0761975411,0.1772001432
0.2395000000,0.1021441696,0.0750558623,0.1772000318
0.2396666667,0.1033469553,0.0738529064,0.1771998616
0.2398333333,0.1046082245,0.0725914024,0.1771996270
0.2400000000,0.1059242116,0.0712751108,0.1771993224
0.2401666667,0.1072900338,0.0699089092,0.1771989430
0.2403333333,0.1086996118,0.0684988725,0.1771984843
0.2405000000,0.1101455990,0.0670523436,0.1771979426
0.2406666667,0.1116193213,0.0655779935,0.1771973148
0.2408333333,0.1131107314,0.0640858678,0.1771965992
0.2410000000,0.1146083781,0.0625874169,0.1771957950
0.2411666667,0.1160993952,0.0610955076,0.1771949028
0.2413333333,0.1175695105,0.0596244140,0.1771939245
0.2415000000,0.1190030793,0.0581897846,0.1771928639
0.2416666667,0.1203831426,0.0568085837,0.1771917263
0.2418333333,0.1216915126,0.0554990062,0.1771905188
0.2420000000,0.1229088877,0.0542803627,0.1771892505
0.2421666667,0.1240149967,0.0531729356,0.1771879322
0.2423333333,0.1249887736,0.0521978034,0.1771865770
0.2425000000,0.1258085634,0.0513766359,0.1771851993
0.2426666667,0.1264523572,0.0507314587,0.1771838159
0.2428333333,0.1268980559,0.0502843889,0.1771824448
0.2430000000,0.1271237609,0.0500573448,0.1771811057
0.2431666667,0.1271080888,0.0500717307,0.1771798196
0.2433333333,0.1268305061,0.0503481024,0.1771786085
0.2435000000,0.1262716802,0.0509058148,0.1771774950
0.2436666667,0.1254138429,0.0517626595,0.1771765024
0.2438333333,0.1242411584,0.0529344953,0.1771756536
0.2440000000,0.1227400915,0.0544348799,0.1771749714
0.2441666667,0.1208997699,0.0562747075,0.1771744774
0.2443333333,0.1187123308,0.0584618614,0.1771741922
0.2445000000,0.1161732479,0.0610008865,0.1771741344
0.2446666667,0.1132816286,0.0638926917,0.1771743203
0.2448333333,0.1100404762,0.0671342876,0.1771747638
0.2450000000,0.1064569074,0.0707185680,0.1771754754
0.2451666667,0.1025423210,0.0746341410,0.1771764620
0.2453333333,0.0983125098,0.0788652171,0.1771777269
0.2455000000,0.0937877097,0.0833915593,0.1771792690
0.2456666667,0.0889925834,0.0881884995,0.1771810829
0.2458333333,0.0839561330,0.0932270255,0.1771831585
0.2460000000,0.0787115404,0.0984739411,0.1771854814
0.2461666667,0.0732959332,0.1038920991,0.1771880323
0.2463333333,0.0677500787,0.1094407089,0.1771907876
0.2465000000,0.0621180042,0.1150757149,0.1771937191
0.2466666667,0.0564465515,0.1207502437,0.1771967952
0.2468333333,0.0507848659,0.1264151143,0.1771999801
0.2470000000,0.0451838298,0.1320194057,0.1772032355
0.2471666667,0.0396954466,0.1375110735,0.1772065201
0.2473333333,0.0343721843,0.1428376067,0.1772097911
0.2475000000,0.0292662899,0.1479467143,0.1772130042
0.2476666667,0.0244290845,0.1527870305,0.1772161150
0.2478333333,0.0199102522,0.1573088270,0.1772190792
0.2480000000,0.0157571347,0.1614647191,0.1772218539
0.2481666667,0.0120140443,0.1652103536,0.1772243979
0.2483333333,0.0087216077,0.1685050652,0.1772266728
0.2485000000,0.0059161540,0.1713124898,0.1772286438
0.2486666667,0.0036291577,0.1736011223,0.1772302801
0.2488333333,0.0018867474,0.1753448083,0.1772315557
0.2490000000,0.0007092907,0.1765231591,0.1772324498
0.2491666667,0.0001110643,0.1771218832,0.1772329475
0.2493333333,0.0001000137,0.1771330262,0.1772330399
0.2495000000,0.0006776105,0.1765551135,0.1772327240
0.2496666667,0.0018388089,0.1753931947,0.1772320037
0.2498333333,0.0035721027,0.1736587859,0.1772308886
0.2500000000,0.0058596828,0.1713697120,0.1772293948
0.2501666667,0.0086776917,0.1685498523,0.1772275440
0.2503333333,0.0119965714,0.1652287920,0.1772253634
0.2505000000,0.0157814966,0.1614413885,0.1772228851
0.2506666667,0.0199928868,0.1572272586,0.1772201454
0.2508333333,0.0245869864,0.1526301978,0.1772171842
0.2510000000,0.0295165023,0.1476975421,0.1772140444
0.2511666667,0.0347312871,0.1424794837,0.1772107708
0.2513333333,0.0401790548,0.1370283546,0.1772074094
0.2515000000,0.0458061167,0.1313978901,0.1772040068
0.2516666667,0.0515581226,0.1256424862,0.1772006089
0.2518333333,0.0573807962,0.1198164644,0.1771972605
0.2520000000,0.0632206496,0.1139733549,0.1771940046
0.2521666667,0.0690256674,0.1081652136,0.1771908810
0.2523333333,0.0747459464,0.1024419803,0.1771879267
0.2525000000,0.0803342834,0.0968508911,0.1771851746
0.2526666667,0.0857467016,0.0914359516,0.1771826532
0.2528333333,0.0909429071,0.0862374795,0.1771803866
0.2530000000,0.0958866729,0.0812917210,0.1771783939
0.2531666667,0.1005461437,0.0766305454,0.1771766891
0.2533333333,0.1048940609,0.0722812204,0.1771752813
0.2535000000,0.1089079070,0.0682662674,0.1771741744
0.2536666667,0.1125699702,0.0646033974,0.1771733677
0.2538333333,0.1158673325,0.0613055233,0.1771728558
0.2540000000,0.1187917843,0.0583808448,0.1771726291
0.2541666667,0.1213396718,0.0558330024,0.1771726742
0.2543333333,0.1235116831,0.0536612912,0.1771729743
0.2545000000,0.1253125800,0.0518609297,0.1771735096
0.2546666667,0.1267508833,0.0504233748,0.1771742581
0.2548333333,0.1278385207,0.0493366750,0.1771751958
0.2550000000,0.1285904449,0.0485858525,0.1771762974
0.2551666667,0.1290242305,0.0481533066,0.1771775371
0.2553333333,0.1291596590,0.0480192294,0.1771788884
0.2555000000,0.1290182994,0.0481620259,0.1771803253
0.2556666667,0.1286230917,0.0485587308,0.1771818224
0.2558333333,0.1279979409,0.0491854145,0.1771833554
0.2560000000,0.1271673282,0.0500175730,0.1771849012
0.2561666667,0.1261559431,0.0510304954,0.1771864384
0.2563333333,0.1249883436,0.0521996042,0.1771879479
0.2565000000,0.1236886461,0.0535007661,0.1771894121
0.2566666667,0.1222802484,0.0549105678,0.1771908161
0.2568333333,0.1207855890,0.0564065581,0.1771921471
0.2570000000,0.1192259419,0.0579674525,0.1771933944
0.2571666667,0.1176212484,0.0595733016,0.1771945500
0.2573333333,0.1159899845,0.0612056231,0.1771956076
0.2575000000,0.1143490648,0.0628474986,0.1771965634
0.2576666667,0.1127137778,0.0644836375,0.1771974153
0.2578333333,0.1110977539,0.0661004092,0.1771981632
0.2580000000,0.1095129614,0.0676858469,0.1771988083
0.2581666667,0.1079697278,0.0692296257,0.1771993535
0.2583333333,0.1064767844,0.0707230184,0.1771998028
0.2585000000,0.1050413301,0.0721588311,0.1772001612
0.2586666667,0.1036691108,0.0735313237,0.1772004345
0.2588333333,0.1023645129,0.0748361163,0.1772006292
0.2590000000,0.1011306655,0.0760700867,0.1772007522
0.2591666667,0.0999695503,0.0772312602,0.1772008106
0.2593333333,0.0988821157,0.0783186959,0.1772008116
0.2595000000,0.0978683922,0.0793323702,0.1772007624
0.2596666667,0.0969276081,0.0802730622,0.1772006703
0.2598333333,0.0960583017,0.0811422401,0.1772005418
0.2600000000,0.0952584309,0.0819419527,0.1772003836
0.2601666667,0.0945254759,0.0826747257,0.1772002016
0.2603333333,0.0938565365,0.0833434650,0.1772000015
0.2605000000,0.0932484218,0.0839513666,0.1771997884
0.2606666667,0.0926977314,0.0845018355,0.1771995669
0.2608333333,0.0922009295,0.0849984116,0.1771993411
0.2610000000,0.0917544100,0.0854447045,0.1771991145
0.2611666667,0.0913545532,0.0858443370,0.1771988902
0.2613333333,0.0909977748,0.0862008959,0.1771986707
0.2615000000,0.0906805673,0.0865178909,0.1771984581
0.2616666667,0.0903995333,0.0867987210,0.1771982542
0.2618333333,0.0901514130,0.0870466473,0.1771980603
0.2620000000,0.0899331048,0.0872647724,0.1771978772
0.2621666667,0.0897416804,0.0874560251,0.1771977056
0.2623333333,0.0895743952,0.0876231506,0.1771975458
0.2625000000,0.0894286939,0.0877687042,0.1771973981
0.2626666667,0.0893022122,0.0878950500,0.1771972623
0.2628333333,0.0891927763,0.0880043617,0.1771971381
0.2630000000,0.0890983984,0.0880986268,0.1771970251
0.2631666667,0.0890172706,0.0881796524,0.1771969230
0.2633333333,0.0889477579,0.0882490732,0.1771968311
0.2635000000,0.0888883884,0.0883083604,0.1771967488
0.2636666667,0.0888378439,0.0883588316,0.1771966754
0.2638333333,0.0887949492,0.0884016612,0.1771966104
0.2640000000,0.0887586617,0.0884378912,0.1771965529
0.2641666667,0.0887280602,0.0884684421,0.1771965023
0.2643333333,0.0887023348,0.0884941232,0.1771964581
0.2645000000,0.0886807761,0.0885156433,0.1771964195
0.2646666667,0.0886627655,0.0885336205,0.1771963860
0.2648333333,0.0886477658,0.0885485912,0.1771963570
0.2650000000,0.0886353122,0.0885610198,0.1771963320
0.2651666667,0.0886250046,0.0885713060,0.1771963106
0.2653333333,0.0886164994,0.0885797929,0.1771962923
0.2655000000,0.0886095030,0.0885867737,0.1771962767
0.2656666667,0.0886037655,0.0885924980,0.1771962635
0.2658333333,0.0885990747,0.0885971777,0.1771962524
0.2660000000,0.0885952514,0.0886009916,0.1771962430
0.2661666667,0.0885921446,0.0886040904,0.1771962351
0.2663333333,0.0885896279,0.0886066006,0.1771962285
0.2665000000,0.0885875953,0.0886086277,0.1771962230
0.2666666667,0.0885859587,0.0886102598,0.1771962184
0.2668333333,0.0885846449,0.0886115698,0.1771962147
0.2670000000,0.0885835935,0.0886126180,0.1771962116
0.2671666667,0.0885827547,0.0886134543,0.1771962090
0.2673333333,0.0885820875,0.0886141195,0.1771962069
0.2675000000,0.0885815583,0.0886146469,0.1771962052
0.2676666667,0.0885811400,0.0886150639,0.1771962039
0.2678333333,0.0885808102,0.0886153925,0.1771962027
0.2680000000,0.0885805511,0.0886156508,0.1771962018
0.2681666667,0.0885803481,0.0886158530,0.1771962011
0.2683333333,0.0885801895,0.0886160110,0.1771962005
0.2685000000,0.0885800660,0.0886161340,0.1771962001
0.2686666667,0.0885799702,0.0886162295,0.1771961997
0.2688333333,0.0885798960,0.0886163034,0.1771961994
0.2690000000,0.0885798387,0.0886163605,0.1771961992
0.2691666667,0.0885797947,0.0886164043,0.1771961990
0.2693333333,0.0885797609,0.0886164379,0.1771961988
0.2695000000,0.0885797351,0.0886164637,0.1771961987
0.2696666667,0.0885797154,0.0886164833,0.1771961986
0.2698333333,0.0885797004,0.0886164981,0.1771961986
0.2700000000,0.0885796891,0.0886165094,0.1771961985
0.2701666667,0.0885796805,0.0886165179,0.1771961985
0.2703333333,0.0885796741,0.0886165244,0.1771961985
0.2705000000,0.0885796693,0.0886165292,0.1771961984
0.2706666667,0.0885796656,0.0886165328,0.1771961984
0.2708333333,0.0885796629,0.0886165355,0.1771961984
0.2710000000,0.0885796609,0.0886165375,0.1771961984
0.2711666667,0.0885796594,0.0886165390,0.1771961984
0.2713333333,0.0885796583,0.0886165400,0.1771961984
0.2715000000,0.0885796575,0.0886165409,0.1771961984
0.2716666667,0.0885796569,0.0886165414,0.1771961984
0.2718333333,0.0885796565,0.0886165419,0.1771961984
0.2720000000,0.0885796562,0.0886165422,0.1771961984
0.2721666667,0.0885796559,0.0886165424,0.1771961984
0.2723333333,0.0885796558,0.0886165426,0.1771961984
0.2725000000,0.0885796556,0.0886165427,0.1771961984
0.2726666667,0.0885796556,0.0886165428,0.1771961984
0.2728333333,0.0885796555,0.0886165429,0.1771961984
0.2730000000,0.0885796554,0.0886165429,0.1771961984
0.2731666667,0.0885796554,0.0886165429,0.1771961984
0.2733333333,0.0885796554,0.0886165430,0.1771961984
0.2735000000,0.0885796554,0.0886165430,0.1771961984
0.2736666667,0.0885796554,0.0886165430,0.1771961984
0.2738333333,0.0885796554,0.0886165430,0.1771961984
0.2740000000,0.0885796554,0.0886165430,0.1771961984
0.2741666667,0.0885796553,0.0886165430,0.1771961984
0.2743333333,0.0885796553,0.0886165430,0.1771961984
0.2745000000,0.0885796553,0.0886165430,0.1771961984
0.2746666667,0.0885796553,0.0886165430,0.1771961984
0.2748333333,0.0885796553,0.0886165430,0.1771961984
0.2750000000,0.0885796553,0.0886165430,0.1771961984
0.2751666667,0.0885796553,0.0886165430,0.1771961984
0.2753333333,0.0885796553,0.0886165430,0.1771961984
0.2755000000,0.0885796554,0.0886165430,0.1771961984
0.2756666667,0.0885796554,0.0886165430,0.1771961984
0.2758333333,0.0885796554,0.0886165430,0.1771961984
0.2760000000,0.0885796554,0.0886165430,0.1771961984
0.2761666667,0.0885796554,0.0886165430,0.1771961984
0.2763333333,0.0885796554,0.0886165430,0.1771961984
0.2765000000,0.0885796554,0.0886165430,0.1771961984
0.2766666667,0.0885796554,0.0886165429,0.1771961984
0.2768333333,0.0885796555,0.0886165429,0.1771961984
0.2770000000,0.0885796555,0.0886165429,0.1771961984
0.2771666667,0.0885796555,0.0886165428,0.1771961984
0.2773333333,0.0885796556,0.0886165428,0.1771961984
0.2775000000,0.0885796556,0.0886165427,0.1771961984
0.2776666667,0.0885796557,0.0886165427,0.1771961984
0.2778333333,0.0885796558,0.0886165426,0.1771961984
0.2780000000,0.0885796559,0.0886165424,0.1771961984
0.2781666667,0.0885796561,0.0886165423,0.1771961984
0.2783333333,0.0885796563,0.0886165421,0.1771961984
0.2785000000,0.0885796565,0.0886165419,0.1771961984
0.2786666667,0.0885796568,0.0886165416,0.1771961984
0.2788333333,0.0885796571,0.0886165413,0.1771961984
0.2790000000,0.0885796575,0.0886165408,0.1771961984
0.2791666667,0.0885796580,0.0886165403,0.1771961984
0.2793333333,0.0885796586,0.0886165397,0.1771961984
0.2795000000,0.0885796594,0.0886165390,0.1771961984
0.2796666667,0.0885796603,0.0886165380,0.1771961984
0.2798333333,0.0885796614,0.0886165369,0.1771961984
0.2800000000,0.0885796628,0.0886165356,0.1771961984
0.2801666667,0.0885796644,0.0886165340,0.1771961984
0.2803333333,0.0885796663,0.0886165320,0.1771961984
0.2805000000,0.0885796687,0.0886165297,0.1771961984
0.2806666667,0.0885796715,0.0886165269,0.1771961984
0.2808333333,0.0885796748,0.0886165236,0.1771961984
0.2810000000,0.0885796787,0.0886165197,0.1771961984
0.2811666667,0.0885796834,0.0886165150,0.1771961984
0.2813333333,0.0885796889,0.0886165095,0.1771961984
0.2815000000,0.0885796955,0.0886165030,0.1771961984
0.2816666667,0.0885797031,0.0886164953,0.1771961984
0.2818333333,0.0885797121,0.0886164863,0.1771961985
0.2820000000,0.0885797226,0.0886164758,0.1771961985
0.2821666667,0.0885797349,0.0886164636,0.1771961985
0.2823333333,0.0885797491,0.0886164494,0.1771961985
0.2825000000,0.0885797656,0.0886164329,0.1771961985
0.2826666667,0.0885797847,0.0886164139,0.1771961985
0.2828333333,0.0885798066,0.0886163919,0.1771961986
0.2830000000,0.0885798319,0.0886163667,0.1771961986
0.2831666667,0.0885798607,0.0886163379,0.1771961986
0.2833333333,0.0885798937,0.0886163049,0.1771961986
0.2835000000,0.0885799312,0.0886162675,0.1771961987
0.2836666667,0.0885799736,0.0886162251,0.1771961987
0.2838333333,0.0885800216,0.0886161771,0.1771961987
0.2840000000,0.0885800756,0.0886161231,0.1771961988
0.2841666667,0.0885801362,0.0886160626,0.1771961988
0.2843333333,0.0885802039,0.0886159949,0.1771961988
0.2845000000,0.0885802793,0.0886159196,0.1771961989
0.2846666667,0.0885803629,0.0886158360,0.1771961989
0.2848333333,0.0885804552,0.0886157437,0.1771961989
0.2850000000,0.0885805568,0.0886156422,0.1771961990
0.2851666667,0.0885806680,0.0886155310,0.1771961990
0.2853333333,0.0885807893,0.0886154097,0.1771961990
0.2855000000,0.0885809209,0.0886152781,0.1771961990
0.2856666667,0.0885810630,0.0886151360,0.1771961990
0.2858333333,0.0885812157,0.0886149833,0.1771961990
0.2860000000,0.0885813787,0.0886148202,0.1771961990
0.2861666667,0.0885815519,0.0886146470,0.1771961990
0.2863333333,0.0885817347,0.0886144642,0.1771961989
0.2865000000,0.0885819263,0.0886142725,0.1771961988
0.2866666667,0.0885821257,0.0886140731,0.1771961988
0.2868333333,0.0885823315,0.0886138672,0.1771961987
0.2870000000,0.0885825419,0.0886136566,0.1771961985
0.2871666667,0.0885827551,0.0886134433,0.1771961984
0.2873333333,0.0885829684,0.0886132298,0.1771961982
0.2875000000,0.0885831789,0.0886130190,0.1771961980
0.2876666667,0.0885833835,0.0886128142,0.1771961978
0.2878333333,0.0885835784,0.0886126191,0.1771961975
0.2880000000,0.0885837592,0.0886124380,0.1771961972
0.2881666667,0.0885839215,0.0886122754,0.1771961969
0.2883333333,0.0885840601,0.0886121365,0.1771961965
0.2885000000,0.0885841695,0.0886120267,0.1771961962
0.2886666667,0.0885842440,0.0886119518,0.1771961958
0.2888333333,0.0885842773,0.0886119180,0.1771961954
0.2890000000,0.0885842631,0.0886119318,0.1771961950
0.2891666667,0.0885841948,0.0886119997,0.1771961946
0.2893333333,0.0885840658,0.0886121284,0.1771961941
0.2895000000,0.0885838693,0.0886123244,0.1771961937
0.2896666667,0.0885835990,0.0886125943,0.1771961934
0.2898333333,0.0885832487,0.0886129443,0.1771961930
0.2900000000,0.0885828127,0.0886133800,0.1771961927
0.2901666667,0.0885822858,0.0886139066,0.1771961924
0.2903333333,0.0885816637,0.0886145285,0.1771961922
0.2905000000,0.0885809430,0.0886152491,0.1771961920
0.2906666667,0.0885801215,0.0886160705,0.1771961920
0.2908333333,0.0885791982,0.0886169938,0.1771961920
0.2910000000,0.0885781737,0.0886180184,0.1771961922
0.2911666667,0.0885770503,0.0886191421,0.1771961924
0.2913333333,0.0885758319,0.0886203609,0.1771961928
0.2915000000,0.0885745246,0.0886216687,0.1771961933
0.2916666667,0.0885731363,0.0886230576,0.1771961939
0.2918333333,0.0885716774,0.0886245173,0.1771961947
0.2920000000,0.0885701600,0.0886260356,0.1771961956
0.2921666667,0.0885685988,0.0886275978,0.1771961966
0.2923333333,0.0885670105,0.0886291873,0.1771961978
0.2925000000,0.0885654138,0.0886307853,0.1771961991
0.2926666667,0.0885638295,0.0886323710,0.1771962005
0.2928333333,0.0885622800,0.0886339220,0.1771962020
0.2930000000,0.0885607893,0.0886354143,0.1771962036
0.2931666667,0.0885593826,0.0886368227,0.1771962052
0.2933333333,0.0885580859,0.0886381210,0.1771962069
0.2935000000,0.0885569258,0.0886392828,0.1771962086
0.2936666667,0.0885559289,0.0886402813,0.1771962102
0.2938333333,0.0885551214,0.0886410904,0.1771962118
0.2940000000,0.0885545285,0.0886416848,0.1771962133
0.2941666667,0.0885541741,0.0886420405,0.1771962146
0.2943333333,0.0885540800,0.0886421358,0.1771962159
0.2945000000,0.0885542655,0.0886419513,0.1771962169
0.2946666667,0.0885547470,0.0886414707,0.1771962177
0.2948333333,0.0885555370,0.0886406812,0.1771962182
0.2950000000,0.0885566445,0.0886395740,0.1771962185
0.2951666667,0.0885580736,0.0886381449,0.1771962185
0.2953333333,0.0885598240,0.0886363941,0.1771962181
0.2955000000,0.0885618903,0.0886343272,0.1771962175
0.2956666667,0.0885642616,0.0886319549,0.1771962165
0.2958333333,0.0885669219,0.0886292932,0.1771962151
0.2960000000,0.0885698499,0.0886263635,0.1771962135
0.2961666667,0.0885730191,0.0886231924,0.1771962115
0.2963333333,0.0885763977,0.0886198115,0.1771962092
0.2965000000,0.0885799496,0.0886162571,0.1771962067
0.2966666667,0.0885836343,0.0886125696,0.1771962039
0.2968333333,0.0885874076,0.0886087934,0.1771962010
0.2970000000,0.0885912224,0.0886049755,0.1771961979
0.2971666667,0.0885950290,0.0886011656,0.1771961947
0.2973333333,0.0885987766,0.0885974148,0.1771961914
0.2975000000,0.0886024134,0.0885937748,0.1771961882
0.2976666667,0.0886058879,0.0885902972,0.1771961851
0.2978333333,0.0886091498,0.0885870323,0.1771961820
0.2980000000,0.0886121509,0.0885840283,0.1771961792
0.2981666667,0.0886148460,0.0885813306,0.1771961766
0.2983333333,0.0886171937,0.0885789807,0.1771961743
0.2985000000,0.0886191572,0.0885770152,0.1771961723
0.2986666667,0.0886207052,0.0885754655,0.1771961708
0.2988333333,0.0886218125,0.0885743571,0.1771961696
0.2990000000,0.0886224603,0.0885737086,0.1771961688
0.2991666667,0.0886226368,0.0885735318,0.1771961686
0.2993333333,0.0886223374,0.0885738313,0.1771961687
0.2995000000,0.0886215651,0.0885746043,0.1771961694
0.2996666667,0.0886203298,0.0885758406,0.1771961705
0.2998333333,0.0886186490,0.0885775230,0.1771961720
0.3000000000,0.0886165467,0.0885796272,0.1771961739
0.3001666667,0.0886140537,0.0885821225,0.1771961762
0.3003333333,0.0886112062,0.0885849726,0.1771961788
0.3005000000,0.0886080460,0.0885881357,0.1771961817
0.3006666667,0.0886046189,0.0885915659,0.1771961848
0.3008333333,0.0886009745,0.0885952135,0.1771961880
0.3010000000,0.0885971649,0.0885990265,0.1771961914
0.3011666667,0.0885932437,0.0886029511,0.1771961948
0.3013333333,0.0885892654,0.0886069328,0.1771961982
0.3015000000,0.0885852840,0.0886109174,0.1771962015
0.3016666667,0.0885813524,0.0886148523,0.1771962047
0.3018333333,0.0885775211,0.0886186865,0.1771962076
0.3020000000,0.0885738379,0.0886223725,0.1771962104
0.3021666667,0.0885703466,0.0886258663,0.1771962129
0.3023333333,0.0885670866,0.0886291284,0.1771962150
0.3025000000,0.0885640926,0.0886321242,0.1771962168
0.3026666667,0.0885613937,0.0886348246,0.1771962183
0.3028333333,0.0885590133,0.0886372061,0.1771962194
0.3030000000,0.0885569689,0.0886392512,0.1771962201
0.3031666667,0.0885552722,0.0886409483,0.1771962205
0.3033333333,0.0885539289,0.0886422916,0.1771962205
0.3035000000,0.0885529389,0.0886432812,0.1771962201
0.3036666667,0.0885522969,0.0886439226,0.1771962195
0.3038333333,0.0885519922,0.0886442263,0.1771962185
0.3040000000,0.0885520098,0.0886442075,0.1771962173
0.3041666667,0.0885523305,0.0886438854,0.1771962159
0.3043333333,0.0885529314,0.0886432828,0.1771962143
0.3045000000,0.0885537870,0.0886424255,0.1771962125
0.3046666667,0.0885548692,0.0886413414,0.1771962107
0.3048333333,0.0885561485,0.0886400602,0.1771962088
0.3050000000,0.0885575943,0.0886386125,0.1771962068
0.3051666667,0.0885591754,0.0886370295,0.1771962049
0.3053333333,0.0885608611,0.0886353419,0.1771962030
0.3055000000,0.0885626211,0.0886335801,0.1771962012
0.3056666667,0.0885644265,0.0886317730,0.1771961995
0.3058333333,0.0885662497,0.0886299481,0.1771961979
0.3060000000,0.0885680654,0.0886281310,0.1771961964
0.3061666667,0.0885698502,0.0886263449,0.1771961951
0.3063333333,0.0885715835,0.0886246105,0.1771961940
0.3065000000,0.0885732469,0.0886229461,0.1771961930
0.3066666667,0.0885748250,0.0886213673,0.1771961922
0.3068333333,0.0885763050,0.0886198866,0.1771961916
0.3070000000,0.0885776769,0.0886185142,0.1771961911
0.3071666667,0.0885789332,0.0886172576,0.1771961908
0.3073333333,0.0885800691,0.0886161215,0.1771961906
0.3075000000,0.0885810819,0.0886151087,0.1771961906
0.3076666667,0.0885819712,0.0886142196,0.1771961907
0.3078333333,0.0885827384,0.0886134525,0.1771961909
0.3080000000,0.0885833868,0.0886128044,0.1771961912
0.3081666667,0.0885839211,0.0886122705,0.1771961916
0.3083333333,0.0885843471,0.0886118449,0.1771961920
0.3085000000,0.0885846718,0.0886115207,0.1771961925
0.3086666667,0.0885849028,0.0886112902,0.1771961930
0.3088333333,0.0885850483,0.0886111453,0.1771961935
0.3090000000,0.0885851167,0.0886110773,0.1771961941
0.3091666667,0.0885851169,0.0886110778,0.1771961946
0.3093333333,0.0885850572,0.0886111379,0.1771961952
0.3095000000,0.0885849463,0.0886112494,0.1771961957
0.3096666667,0.0885847922,0.0886114039,0.1771961961
0.3098333333,0.0885846027,0.0886115939,0.1771961966
0.3100000000,0.0885843851,0.0886118119,0.1771961970
0.3101666667,0.0885841460,0.0886120514,0.1771961974
0.3103333333,0.0885838916,0.0886123061,0.1771961977
0.3105000000,0.0885836274,0.0886125706,0.1771961981
0.3106666667,0.0885833582,0.0886128401,0.1771961983
0.3108333333,0.0885830883,0.0886131102,0.1771961985
0.3110000000,0.0885828214,0.0886133774,0.1771961987
0.3111666667,0.0885825604,0.0886136385,0.1771961989
0.3113333333,0.0885823079,0.0886138911,0.1771961990
0.3115000000,0.0885820659,0.0886141332,0.1771961991
0.3116666667,0.0885818359,0.0886143633,0.1771961992
0.3118333333,0.0885816191,0.0886145802,0.1771961992
0.3120000000,0.0885814161,0.0886147832,0.1771961992
0.3121666667,0.0885812273,0.0886149719,0.1771961993
0.3123333333,0.0885810529,0.0886151463,0.1771961992
0.3125000000,0.0885808928,0.0886153064,0.1771961992
0.3126666667,0.0885807466,0.0886154526,0.1771961992
0.3128333333,0.0885806139,0.0886155853,0.1771961992
0.3130000000,0.0885804940,0.0886157051,0.1771961991
0.3131666667,0.0885803863,0.0886158127,0.1771961991
0.3133333333,0.0885802900,0.0886159090,0.1771961990
0.3135000000,0.0885802044,0.0886159946,0.1771961990
0.3136666667,0.0885801285,0.0886160704,0.1771961989
0.3138333333,0.0885800616,0.0886161373,0.1771961989
0.3140000000,0.0885800029,0.0886161959,0.1771961988
0.3141666667,0.0885799516,0.0886162472,0.1771961988
0.3143333333,0.0885799070,0.0886162917,0.1771961987
0.3145000000,0.0885798683,0.0886163304,0.1771961987
0.3146666667,0.0885798350,0.0886163637,0.1771961986
0.3148333333,0.0885798063,0.0886163923,0.1771961986
0.3150000000,0.0885797818,0.0886164168,0.1771961986
0.3151666667,0.0885797609,0.0886164377,0.1771961986
0.3153333333,0.0885797431,0.0886164554,0.1771961985
0.3155000000,0.0885797281,0.0886164704,0.1771961985
0.3156666667,0.0885797154,0.0886164831,0.1771961985
0.3158333333,0.0885797048,0.0886164937,0.1771961985
0.3160000000,0.0885796959,0.0886165025,0.1771961984
0.3161666667,0.0885796885,0.0886165099,0.1771961984
0.3163333333,0.0885796824,0.0886165160,0.1771961984
0.3165000000,0.0885796773,0.0886165211,0.1771961984
0.3166666667,0.0885796731,0.0886165253,0.1771961984
0.3168333333,0.0885796697,0.0886165287,0.1771961984
0.3170000000,0.0885796669,0.0886165315,0.1771961984
0.3171666667,0.0885796646,0.0886165338,0.1771961984
0.3173333333,0.0885796627,0.0886165357,0.1771961984
0.3175000000,0.0885796612,0.0886165372,0.1771961984
0.3176666667,0.0885796600,0.0886165384,0.1771961984
0.3178333333,0.0885796590,0.0886165393,0.1771961984
0.3180000000,0.0885796582,0.0886165401,0.1771961984
0.3181666667,0.0885796576,0.0886165407,0.1771961984
0.3183333333,0.0885796571,0.0886165412,0.1771961984
0.3185000000,0.0885796567,0.0886165416,0.1771961984
0.3186666667,0.0885796564,0.0886165419,0.1771961984
0.3188333333,0.0885796562,0.0886165422,0.1771961984
0.3190000000,0.0885796560,0.0886165424,0.1771961984
0.3191666667,0.0885796558,0.0886165425,0.1771961984
0.3193333333,0.0885796557,0.0886165426,0.1771961984
0.3195000000,0.0885796556,0.0886165427,0.1771961984
0.3196666667,0.0885796556,0.0886165428,0.1771961984
0.3198333333,0.0885796555,0.0886165429,0.1771961984
0.3200000000,0.0885796555,0.0886165429,0.1771961984
0.3201666667,0.0885796554,0.0886165429,0.1771961984
0.3203333333,0.0885796554,0.0886165429,0.1771961984
0.3205000000,0.0885796554,0.0886165430,0.1771961984
0.3206666667,0.0885796554,0.0886165430,0.1771961984
0.3208333333,0.0885796554,0.0886165430,0.1771961984
0.3210000000,0.0885796554,0.0886165430,0.1771961984
0.3211666667,0.0885796554,0.0886165430,0.1771961984
0.3213333333,0.0885796554,0.0886165430,0.1771961984
0.3215000000,0.0885796553,0.0886165430,0.1771961984
0.3216666667,0.0885796553,0.0886165430,0.1771961984
0.3218333333,0.0885796553,0.0886165430,0.1771961984
0.3220000000,0.0885796554,0.0886165430,0.1771961984
0.3221666667,0.0885796554,0.0886165430,0.1771961984
0.3223333333,0.0885796554,0.0886165430,0.1771961984
0.3225000000,0.0885796554,0.0886165430,0.1771961984
0.3226666667,0.0885796554,0.0886165430,0.1771961984
0.3228333333,0.0885796554,0.0886165430,0.1771961984
0.3230000000,0.0885796554,0.0886165430,0.1771961984
0.3231666667,0.0885796554,0.0886165429,0.1771961984
0.3233333333,0.0885796555,0.0886165429,0.1771961984
0.3235000000,0.0885796555,0.0886165429,0.1771961984
0.3236666667,0.0885796556,0.0886165428,0.1771961984
0.3238333333,0.0885796556,0.0886165427,0.1771961984
0.3240000000,0.0885796557,0.0886165426,0.1771961984
0.3241666667,0.0885796558,0.0886165425,0.1771961984
0.3243333333,0.0885796560,0.0886165424,0.1771961984
0.3245000000,0.0885796562,0.0886165421,0.1771961984
0.3246666667,0.0885796565,0.0886165419,0.1771961984
0.3248333333,0.0885796569,0.0886165415,0.1771961984
0.3250000000,0.0885796574,0.0886165410,0.1771961984
0.3251666667,0.0885796580,0.0886165404,0.1771961984
0.3253333333,0.0885796588,0.0886165395,0.1771961984
0.3255000000,0.0885796599,0.0886165385,0.1771961984
0.3256666667,0.0885796613,0.0886165371,0.1771961984
0.3258333333,0.0885796631,0.0886165353,0.1771961984
0.3260000000,0.0885796654,0.0886165330,0.1771961984
0.3261666667,0.0885796685,0.0886165300,0.1771961984
0.3263333333,0.0885796723,0.0886165261,0.1771961984
0.3265000000,0.0885796773,0.0886165212,0.1771961984
0.3266666667,0.0885796837,0.0886165148,0.1771961985
0.3268333333,0.0885796918,0.0886165067,0.1771961985
0.3270000000,0.0885797022,0.0886164964,0.1771961985
0.3271666667,0.0885797154,0.0886164832,0.1771961986
0.3273333333,0.0885797322,0.0886164665,0.1771961986
0.3275000000,0.0885797535,0.0886164452,0.1771961987
0.3276666667,0.0885797804,0.0886164184,0.1771961988
0.3278333333,0.0885798145,0.0886163844,0.1771961989
0.3280000000,0.0885798574,0.0886163417,0.1771961990
0.3281666667,0.0885799113,0.0886162879,0.1771961992
0.3283333333,0.0885799790,0.0886162204,0.1771961994
0.3285000000,0.0885800639,0.0886161358,0.1771961997
0.3286666667,0.0885801698,0.0886160301,0.1771962000
0.3288333333,0.0885803020,0.0886158983,0.1771962004
0.3290000000,0.0885804665,0.0886157343,0.1771962008
0.3291666667,0.0885806708,0.0886155306,0.1771962014
0.3293333333,0.0885809240,0.0886152781,0.1771962021
0.3295000000,0.0885812370,0.0886149659,0.1771962029
0.3296666667,0.0885816233,0.0886145806,0.1771962039
0.3298333333,0.0885820989,0.0886141062,0.1771962051
0.3300000000,0.0885826833,0.0886135233,0.1771962066
0.3301666667,0.0885833997,0.0886128087,0.1771962083
0.3303333333,0.0885842760,0.0886119344,0.1771962104
0.3305000000,0.0885853458,0.0886108671,0.1771962129
0.3306666667,0.0885866486,0.0886095672,0.1771962158
0.3308333333,0.0885882320,0.0886079873,0.1771962193
0.3310000000,0.0885901520,0.0886060714,0.1771962235
0.3311666667,0.0885924750,0.0886037533,0.1771962283
0.3313333333,0.0885952794,0.0886009547,0.1771962341
0.3315000000,0.0885986572,0.0885975836,0.1771962408
0.3316666667,0.0886027167,0.0885935320,0.1771962487
0.3318333333,0.0886075844,0.0885886735,0.1771962579
0.3320000000,0.0886134078,0.0885828608,0.1771962686
0.3321666667,0.0886203588,0.0885759223,0.1771962810
0.3323333333,0.0886286365,0.0885676589,0.1771962954
0.3325000000,0.0886384716,0.0885578404,0.1771963120
0.3326666667,0.0886501299,0.0885462012,0.1771963311
0.3328333333,0.0886639170,0.0885324360,0.1771963529
0.3330000000,0.0886801834,0.0885161946,0.1771963779
0.3331666667,0.0886993295,0.0884970769,0.1771964064
0.3333333333,0.0887218116,0.0884746271,0.1771964387
0.3335000000,0.0887481477,0.0884483276,0.1771964753
0.3336666667,0.0887789240,0.0884175926,0.1771965166
0.3338333333,0.0888148017,0.0883817612,0.1771965630
0.3340000000,0.0888565243,0.0883400907,0.1771966149
0.3341666667,0.0889049240,0.0882917490,0.1771966729
0.3343333333,0.0889609300,0.0882358075,0.1771967374
0.3345000000,0.0890255751,0.0881712338,0.1771968089
0.3346666667,0.0891000033,0.0880968844,0.1771968877
0.3348333333,0.0891854765,0.0880114978,0.1771969743
0.3350000000,0.0892833810,0.0879136880,0.1771970690
0.3351666667,0.0893952330,0.0878019391,0.1771971722
0.3353333333,0.0895226839,0.0876746002,0.1771972840
0.3355000000,0.0896675232,0.0875298815,0.1771974047
0.3356666667,0.0898316813,0.0873658529,0.1771975341
0.3358333333,0.0900172293,0.0871804430,0.1771976723
0.3360000000,0.0902263774,0.0869714415,0.1771978189
0.3361666667,0.0904614704,0.0867365031,0.1771979735
0.3363333333,0.0907249803,0.0864731551,0.1771981354
0.3365000000,0.0910194955,0.0861788082,0.1771983037
0.3366666667,0.0913477069,0.0858507703,0.1771984773
0.3368333333,0.0917123887,0.0854862660,0.1771986547
0.3370000000,0.0921163756,0.0850824585,0.1771988341
0.3371666667,0.0925625348,0.0846364788,0.1771990136
0.3373333333,0.0930537327,0.0841454579,0.1771991906
0.3375000000,0.0935927961,0.0836065663,0.1771993624
0.3376666667,0.0941824675,0.0830170583,0.1771995258
0.3378333333,0.0948253549,0.0823743224,0.1771996774
0.3380000000,0.0955238752,0.0816759379,0.1771998131
0.3381666667,0.0962801919,0.0809197370,0.1771999288
0.3383333333,0.0970961469,0.0801038730,0.1772000199
0.3385000000,0.0979731877,0.0792268937,0.1772000814
0.3386666667,0.0989122885,0.0782878198,0.1772001083
0.3388333333,0.0999138680,0.0772862271,0.1772000951
0.3390000000,0.1009777036,0.0762223327,0.1772000363
0.3391666667,0.1021028434,0.0750970829,0.1771999263
0.3393333333,0.1032875170,0.0739122426,0.1771997596
0.3395000000,0.1045290465,0.0726704843,0.1771995308
0.3396666667,0.1058237602,0.0713754744,0.1771992346
0.3398333333,0.1071669097,0.0700319566,0.1771988663
0.3400000000,0.1085525928,0.0686458286,0.1771984214
0.3401666667,0.1099736848,0.0672242116,0.1771978964
0.3403333333,0.1114217799,0.0657755084,0.1771972884
0.3405000000,0.1128871453,0.0643094500,0.1771965953
0.3406666667,0.1143586904,0.0628371260,0.1771958164
0.3408333333,0.1158239537,0.0613709984,0.1771949521
0.3410000000,0.1172691091,0.0599248950,0.1771940041
0.3411666667,0.1186789949,0.0585139807,0.1771929757
0.3413333333,0.1200371669,0.0571547050,0.1771918718
0.3415000000,0.1213259765,0.0558647227,0.1771906992
0.3416666667,0.1225266779,0.0546627882,0.1771894661
0.3418333333,0.1236195628,0.0535686201,0.1771881829
0.3420000000,0.1245841247,0.0526027370,0.1771868617
0.3421666667,0.1253992527,0.0517862638,0.1771855165
0.3423333333,0.1260434539,0.0511407089,0.1771841629
0.3425000000,0.1264951049,0.0506877132,0.1771828182
0.3426666667,0.1267327281,0.0504487731,0.1771815012
0.3428333333,0.1267352929,0.0504449393,0.1771802322
0.3430000000,0.1264825370,0.0506964952,0.1771790322
0.3431666667,0.1259553054,0.0512226179,0.1771779234
0.3433333333,0.1251359008,0.0520410272,0.1771769280
0.3435000000,0.1240084418,0.0531676268,0.1771760686
0.3436666667,0.1225592230,0.0546161445,0.1771753674
0.3438333333,0.1207770690,0.0563977770,0.1771748461
0.3440000000,0.1186536785,0.0585208463,0.1771745248
0.3441666667,0.1161839485,0.0609904739,0.1771744223
0.3443333333,0.1133662735,0.0638082820,0.1771745555
0.3445000000,0.1102028118,0.0669721265,0.1771749383
0.3446666667,0.1066997116,0.0704758705,0.1771755821
0.3448333333,0.1028672900,0.0743092049,0.1771764949
0.3450000000,0.0987201594,0.0784575214,0.1771776808
0.3451666667,0.0942772949,0.0829018452,0.1771791401
0.3453333333,0.0895620373,0.0876188315,0.1771808688
0.3455000000,0.0846020295,0.0925808290,0.1771828586
0.3456666667,0.0794290816,0.0977560148,0.1771850964
0.3458333333,0.0740789638,0.1031086011,0.1771875649
0.3460000000,0.0685911282,0.1085991139,0.1771902421
0.3461666667,0.0630083580,0.1141847439,0.1771931019
0.3463333333,0.0573763493,0.1198197647,0.1771961140
0.3465000000,0.0517432285,0.1254560161,0.1771992446
0.3466666667,0.0461590112,0.1310434454,0.1772024566
0.3468333333,0.0406750093,0.1365307009,0.1772057102
0.3470000000,0.0353431955,0.1418657678,0.1772089634
0.3471666667,0.0302155348,0.1469966381,0.1772121729
0.3473333333,0.0253432919,0.1518720029,0.1772152948
0.3475000000,0.0207763288,0.1564419562,0.1772182850
0.3476666667,0.0165624025,0.1606586979,0.1772211004
0.3478333333,0.0127464758,0.1644772236,0.1772236994
0.3480000000,0.0093700548,0.1678559881,0.1772260429
0.3481666667,0.0064705639,0.1707575311,0.1772280950
0.3483333333,0.0040807711,0.1731490522,0.1772298233
0.3485000000,0.0022282752,0.1750029252,0.1772312004
0.3486666667,0.0009350640,0.1762971396,0.1772322036
0.3488333333,0.0002171537,0.1770156620,0.1772328157
0.3490000000,0.0000843158,0.1771487098,0.1772330256
0.3491666667,0.0005398990,0.1766929292,0.1772328283
0.3493333333,0.0015807481,0.1756514768,0.1772322249
0.3495000000,0.0031972236,0.1740339993,0.1772312229
0.3496666667,0.0053733224,0.1718565138,0.1772298362
0.3498333333,0.0080868960,0.1691411883,0.1772280843
0.3500000000,0.0113099644,0.1659160280,0.1772259925
0.3501666667,0.0150091189,0.1622144721,0.1772235910
0.3503333333,0.0191460065,0.1580749084,0.1772209149
0.3505000000,0.0236778877,0.1535401153,0.1772180030
0.3506666667,0.0285582555,0.1486566418,0.1772148972
0.3508333333,0.0337375065,0.1434741355,0.1772116420
0.3510000000,0.0391636491,0.1380446342,0.1772082833
0.3511666667,0.0447830377,0.1324218302,0.1772048679
0.3513333333,0.0505411182,0.1266603240,0.1772014423
0.3515000000,0.0563831725,0.1208148797,0.1771980522
0.3516666667,0.0622550474,0.1149396942,0.1771947417
0.3518333333,0.0681038578,0.1090876944,0.1771915522
0.3520000000,0.0738786491,0.1033098732,0.1771885223
0.3521666667,0.0795310119,0.0976546747,0.1771856866
0.3523333333,0.0850156362,0.0921674395,0.1771830757
0.3525000000,0.0902908004,0.0868899153,0.1771807156
0.3526666667,0.0953187852,0.0818598423,0.1771786275
0.3528333333,0.1000662118,0.0771106154,0.1771768272
0.3530000000,0.1045042977,0.0726710280,0.1771753258
0.3531666667,0.1086090316,0.0685650973,0.1771741289
0.3533333333,0.1123612661,0.0648119715,0.1771732376
0.3535000000,0.1157467311,0.0614259166,0.1771726477
0.3536666667,0.1187559715,0.0584163793,0.1771723509
0.3538333333,0.1213842136,0.0557881211,0.1771723347
0.3540000000,0.1236311661,0.0535414169,0.1771725830
0.3541666667,0.1255007638,0.0516723128,0.1771730766
0.3543333333,0.1270008602,0.0501729334,0.1771737936
0.3545000000,0.1281428789,0.0490318310,0.1771747100
0.3546666667,0.1289414313,0.0482343690,0.1771758003
0.3548333333,0.1294139097,0.0477631285,0.1771770381
0.3550000000,0.1295800653,0.0475983312,0.1771783965
0.3551666667,0.1294615789,0.0477182697,0.1771798486
0.3553333333,0.1290816317,0.0480997365,0.1771813682
0.3555000000,0.1284644856,0.0487184442,0.1771829298
0.3556666667,0.1276350777,0.0495494316,0.1771845093
0.3558333333,0.1266186368,0.0505674477,0.1771860846
0.3560000000,0.1254403253,0.0517473096,0.1771876349
0.3561666667,0.1241249121,0.0530642299,0.1771891421
0.3563333333,0.1226964793,0.0544941106,0.1771905899
0.3565000000,0.1211781642,0.0560138004,0.1771919646
0.3566666667,0.1195919398,0.0576013150,0.1771932549
0.3568333333,0.1179584325,0.0592360191,0.1771944517
0.3570000000,0.1162967777,0.0608987705,0.1771955483
0.3571666667,0.1146245124,0.0625720278,0.1771965402
0.3573333333,0.1129575025,0.0642399225,0.1771974250
0.3575000000,0.1113099039,0.0658882983,0.1771982021
0.3576666667,0.1096941528,0.0675047200,0.1771988728
0.3578333333,0.1081209847,0.0690784549,0.1771994396
0.3580000000,0.1065994768,0.0706004298,0.1771999066
0.3581666667,0.1051371114,0.0720631675,0.1772002789
0.3583333333,0.1037398575,0.0734607050,0.1772005625
0.3585000000,0.1024122659,0.0747884981,0.1772007640
0.3586666667,0.1011575753,0.0760433153,0.1772008906
0.3588333333,0.0999778265,0.0772231233,0.1772009498
0.3590000000,0.0988739809,0.0783269682,0.1772009491
0.3591666667,0.0978460419,0.0793548541,0.1772008960
0.3593333333,0.0968931755,0.0803076226,0.1772007980
0.3595000000,0.0960138285,0.0811868339,0.1772006623
0.3596666667,0.0952058433,0.0819946524,0.1772004957
0.3598333333,0.0944665666,0.0827337379,0.1772003045
0.3600000000,0.0937929508,0.0834071439,0.1772000946
0.3601666667,0.0931816490,0.0840182225,0.1771998715
0.3603333333,0.0926291008,0.0845705391,0.1771996399
0.3605000000,0.0921316093,0.0850677949,0.1771994042
0.3606666667,0.0916854097,0.0855137582,0.1771991680
0.3608333333,0.0912867294,0.0859122051,0.1771989345
0.3610000000,0.0909318386,0.0862668679,0.1771987065
0.3611666667,0.0906170934,0.0865813927,0.1771984861
0.3613333333,0.0903389706,0.0868593044,0.1771982750
0.3615000000,0.0900940964,0.0871039783,0.1771980747
0.3616666667,0.0898792667,0.0873186193,0.1771978860
0.3618333333,0.0896914630,0.0875062465,0.1771977095
0.3620000000,0.0895278623,0.0876696833,0.1771975456
0.3621666667,0.0893858426,0.0878115517,0.1771973944
0.3623333333,0.0892629841,0.0879342715,0.1771972557
0.3625000000,0.0891570674,0.0880400619,0.1771971293
0.3626666667,0.0890660686,0.0881309461,0.1771970146
0.3628333333,0.0889881526,0.0882087587,0.1771969113
0.3630000000,0.0889216645,0.0882751540,0.1771968186
0.3631666667,0.0888651195,0.0883316163,0.1771967358
0.3633333333,0.0888171921,0.0883794702,0.1771966623
0.3635000000,0.0887767048,0.0884198925,0.1771965973
0.3636666667,0.0887426167,0.0884539235,0.1771965402
0.3638333333,0.0887140117,0.0884824784,0.1771964901
0.3640000000,0.0886900876,0.0885063589,0.1771964465
0.3641666667,0.0886701445,0.0885262641,0.1771964086
0.3643333333,0.0886535748,0.0885428010,0.1771963758
0.3645000000,0.0886398533,0.0885564943,0.1771963476
0.3646666667,0.0886285278,0.0885677957,0.1771963234
0.3648333333,0.0886192106,0.0885770922,0.1771963028
0.3650000000,0.0886115707,0.0885847146,0.1771962853
0.3651666667,0.0886053268,0.0885909436,0.1771962704
0.3653333333,0.0886002404,0.0885960175,0.1771962579
0.3655000000,0.0885961106,0.0886001368,0.1771962474
0.3656666667,0.0885927684,0.0886034701,0.1771962386
0.3658333333,0.0885900725,0.0886061587,0.1771962312
0.3660000000,0.0885879051,0.0886083201,0.1771962251
0.3661666667,0.0885861682,0.0886100519,0.1771962201
0.3663333333,0.0885847808,0.0886114351,0.1771962159
0.3665000000,0.0885836764,0.0886125362,0.1771962125
0.3666666667,0.0885828000,0.0886134098,0.1771962097
0.3668333333,0.0885821068,0.0886141007,0.1771962075
0.3670000000,0.0885815604,0.0886146452,0.1771962056
0.3671666667,0.0885811311,0.0886150730,0.1771962041
0.3673333333,0.0885807949,0.0886154080,0.1771962029
0.3675000000,0.0885805325,0.0886156695,0.1771962020
0.3676666667,0.0885803284,0.0886158728,0.1771962012
0.3678333333,0.0885801701,0.0886160305,0.1771962006
0.3680000000,0.0885800478,0.0886161523,0.1771962001
0.3681666667,0.0885799535,0.0886162462,0.1771961997
0.3683333333,0.0885798812,0.0886163182,0.1771961994
0.3685000000,0.0885798259,0.0886163733,0.1771961992
0.3686666667,0.0885797837,0.0886164153,0.1771961990
0.3688333333,0.0885797516,0.0886164472,0.1771961988
0.3690000000,0.0885797273,0.0886164714,0.1771961987
0.3691666667,0.0885797090,0.0886164897,0.1771961986
0.3693333333,0.0885796952,0.0886165034,0.1771961986
0.3695000000,0.0885796848,0.0886165137,0.1771961985
0.3696666667,0.0885796771,0.0886165214,0.1771961985
0.3698333333,0.0885796713,0.0886165271,0.1771961984
0.3700000000,0.0885796671,0.0886165314,0.1771961984
0.3701666667,0.0885796639,0.0886165345,0.1771961984
0.3703333333,0.0885796616,0.0886165368,0.1771961984
0.3705000000,0.0885796599,0.0886165385,0.1771961984
0.3706666667,0.0885796586,0.0886165398,0.1771961984
0.3708333333,0.0885796577,0.0886165407,0.1771961984
0.3710000000,0.0885796570,0.0886165413,0.1771961984
0.3711666667,0.0885796565,0.0886165418,0.1771961984
0.3713333333,0.0885796562,0.0886165422,0.1771961984
0.3715000000,0.0885796559,0.0886165424,0.1771961984
0.3716666667,0.0885796558,0.0886165426,0.1771961984
0.3718333333,0.0885796556,0.0886165427,0.1771961984
0.3720000000,0.0885796556,0.0886165428,0.1771961984
0.3721666667,0.0885796555,0.0886165429,0.1771961984
0.3723333333,0.0885796554,0.0886165429,0.1771961984
0.3725000000,0.0885796554,0.0886165429,0.1771961984
0.3726666667,0.0885796554,0.0886165430,0.1771961984
0.3728333333,0.0885796554,0.0886165430,0.1771961984
0.3730000000,0.0885796554,0.0886165430,0.1771961984
0.3731666667,0.0885796554,0.0886165430,0.1771961984
0.3733333333,0.0885796553,0.0886165430,0.1771961984
0.3735000000,0.0885796553,0.0886165430,0.1771961984
0.3736666667,0.0885796553,0.0886165430,0.1771961984
0.3738333333,0.0885796553,0.0886165430,0.1771961984
0.3740000000,0.0885796553,0.0886165430,0.1771961984
0.3741666667,0.0885796553,0.0886165430,0.1771961984
0.3743333333,0.0885796553,0.0886165430,0.1771961984
0.3745000000,0.0885796553,0.0886165430,0.1771961984
0.3746666667,0.0885796553,0.0886165430,0.1771961984
0.3748333333,0.0885796553,0.0886165430,0.1771961984
0.3750000000,0.0885796554,0.0886165430,0.1771961984
0.3751666667,0.0885796554,0.0886165430,0.1771961984
0.3753333333,0.0885796554,0.0886165430,0.1771961984
0.3755000000,0.0885796554,0.0886165430,0.1771961984
0.3756666667,0.0885796554,0.0886165430,0.1771961984
0.3758333333,0.0885796554,0.0886165430,0.1771961984
0.3760000000,0.0885796554,0.0886165430,0.1771961984
0.3761666667,0.0885796554,0.0886165429,0.1771961984
0.3763333333,0.0885796554,0.0886165429,0.1771961984
0.3765000000,0.0885796555,0.0886165429,0.1771961984
0.3766666667,0.0885796555,0.0886165428,0.1771961984
0.3768333333,0.0885796556,0.0886165428,0.1771961984
0.3770000000,0.0885796556,0.0886165427,0.1771961984
0.3771666667,0.0885796557,0.0886165427,0.1771961984
0.3773333333,0.0885796558,0.0886165426,0.1771961984
0.3775000000,0.0885796559,0.0886165425,0.1771961984
0.3776666667,0.0885796560,0.0886165423,0.1771961984
0.3778333333,0.0885796562,0.0886165422,0.1771961984
0.3780000000,0.0885796564,0.0886165419,0.1771961984
0.3781666667,0.0885796567,0.0886165417,0.1771961984
0.3783333333,0.0885796570,0.0886165414,0.1771961984
0.3785000000,0.0885796574,0.0886165410,0.1771961984
0.3786666667,0.0885796579,0.0886165405,0.1771961984
0.3788333333,0.0885796584,0.0886165399,0.1771961984
0.3790000000,0.0885796591,0.0886165392,0.1771961984
0.3791666667,0.0885796600,0.0886165384,0.1771961984
0.3793333333,0.0885796610,0.0886165374,0.1771961984
0.3795000000,0.0885796622,0.0886165362,0.1771961984
0.3796666667,0.0885796637,0.0886165347,0.1771961984
0.3798333333,0.0885796654,0.0886165329,0.1771961984
0.3800000000,0.0885796676,0.0886165308,0.1771961984
0.3801666667,0.0885796701,0.0886165283,0.1771961984
0.3803333333,0.0885796731,0.0886165253,0.1771961984
0.3805000000,0.0885796766,0.0886165218,0.1771961984
0.3806666667,0.0885796808,0.0886165176,0.1771961984
0.3808333333,0.0885796858,0.0886165126,0.1771961984
0.3810000000,0.0885796917,0.0886165067,0.1771961984
0.3811666667,0.0885796986,0.0886164999,0.1771961984
0.3813333333,0.0885797066,0.0886164918,0.1771961984
0.3815000000,0.0885797160,0.0886164824,0.1771961985
0.3816666667,0.0885797270,0.0886164715,0.1771961985
0.3818333333,0.0885797397,0.0886164588,0.1771961985
0.3820000000,0.0885797544,0.0886164441,0.1771961985
0.3821666667,0.0885797715,0.0886164270,0.1771961985
0.3823333333,0.0885797911,0.0886164075,0.1771961985
0.3825000000,0.0885798136,0.0886163850,0.1771961986
0.3826666667,0.0885798394,0.0886163592,0.1771961986
0.3828333333,0.0885798688,0.0886163298,0.1771961986
0.3830000000,0.0885799022,0.0886162964,0.1771961986
0.3831666667,0.0885799402,0.0886162585,0.1771961987
0.3833333333,0.0885799831,0.0886162156,0.1771961987
0.3835000000,0.0885800314,0.0886161674,0.1771961987
0.3836666667,0.0885800856,0.0886161132,0.1771961988
0.3838333333,0.0885801463,0.0886160525,0.1771961988
0.3840000000,0.0885802139,0.0886159849,0.1771961988
0.3841666667,0.0885802890,0.0886159099,0.1771961989
0.3843333333,0.0885803721,0.0886158268,0.1771961989
0.3845000000,0.0885804637,0.0886157353,0.1771961989
0.3846666667,0.0885805641,0.0886156348,0.1771961989
0.3848333333,0.0885806739,0.0886155250,0.1771961990
0.3850000000,0.0885807934,0.0886154056,0.1771961990
0.3851666667,0.0885809228,0.0886152762,0.1771961990
0.3853333333,0.0885810622,0.0886151368,0.1771961990
0.3855000000,0.0885812116,0.0886149873,0.1771961990
0.3856666667,0.0885813710,0.0886148280,0.1771961990
0.3858333333,0.0885815399,0.0886146590,0.1771961989
0.3860000000,0.0885817179,0.0886144810,0.1771961989
0.3861666667,0.0885819041,0.0886142947,0.1771961988
0.3863333333,0.0885820976,0.0886141012,0.1771961987
0.3865000000,0.0885822969,0.0886139017,0.1771961986
0.3866666667,0.0885825004,0.0886136981,0.1771961985
0.3868333333,0.0885827061,0.0886134922,0.1771961983
0.3870000000,0.0885829117,0.0886132865,0.1771961982
0.3871666667,0.0885831143,0.0886130837,0.1771961980
0.3873333333,0.0885833107,0.0886128871,0.1771961977
0.3875000000,0.0885834974,0.0886127001,0.1771961975
0.3876666667,0.0885836702,0.0886125270,0.1771961972
0.3878333333,0.0885838249,0.0886123721,0.1771961969
0.3880000000,0.0885839564,0.0886122402,0.1771961966
0.3881666667,0.0885840595,0.0886121367,0.1771961962
0.3883333333,0.0885841287,0.0886120672,0.1771961959
0.3885000000,0.0885841581,0.0886120374,0.1771961955
0.3886666667,0.0885841415,0.0886120536,0.1771961951
0.3888333333,0.0885840726,0.0886121221,0.1771961947
0.3890000000,0.0885839451,0.0886122492,0.1771961943
0.3891666667,0.0885837526,0.0886124413,0.1771961939
0.3893333333,0.0885834888,0.0886127047,0.1771961935
0.3895000000,0.0885831479,0.0886130453,0.1771961932
0.3896666667,0.0885827243,0.0886134686,0.1771961929
0.3898333333,0.0885822130,0.0886139796,0.1771961926
0.3900000000,0.0885816098,0.0886145826,0.1771961924
0.3901666667,0.0885809114,0.0886152809,0.1771961923
0.3903333333,0.0885801154,0.0886160768,0.1771961922
0.3905000000,0.0885792208,0.0886169714,0.1771961922
0.3906666667,0.0885782281,0.0886179643,0.1771961923
0.3908333333,0.0885771390,0.0886190536,0.1771961926
0.3910000000,0.0885759573,0.0886202356,0.1771961929
0.3911666667,0.0885746885,0.0886215049,0.1771961934
0.3913333333,0.0885733400,0.0886228539,0.1771961940
0.3915000000,0.0885719214,0.0886242733,0.1771961947
0.3916666667,0.0885704443,0.0886257513,0.1771961955
0.3918333333,0.0885689224,0.0886272742,0.1771961965
0.3920000000,0.0885673714,0.0886288262,0.1771961976
0.3921666667,0.0885658094,0.0886303895,0.1771961989
0.3923333333,0.0885642559,0.0886319443,0.1771962002
0.3925000000,0.0885627325,0.0886334691,0.1771962017
0.3926666667,0.0885612622,0.0886349410,0.1771962032
0.3928333333,0.0885598693,0.0886363355,0.1771962048
0.3930000000,0.0885585789,0.0886376275,0.1771962064
0.3931666667,0.0885574168,0.0886387912,0.1771962080
0.3933333333,0.0885564091,0.0886398006,0.1771962096
0.3935000000,0.0885555812,0.0886406299,0.1771962112
0.3936666667,0.0885549583,0.0886412543,0.1771962127
0.3938333333,0.0885545639,0.0886416501,0.1771962140
0.3940000000,0.0885544200,0.0886417953,0.1771962153
0.3941666667,0.0885545461,0.0886416702,0.1771962163
0.3943333333,0.0885549590,0.0886412582,0.1771962172
0.3945000000,0.0885556722,0.0886405455,0.1771962178
0.3946666667,0.0885566956,0.0886395226,0.1771962181
0.3948333333,0.0885580345,0.0886381837,0.1771962182
0.3950000000,0.0885596900,0.0886365280,0.1771962179
0.3951666667,0.0885616582,0.0886345592,0.1771962174
0.3953333333,0.0885639302,0.0886322863,0.1771962165
0.3955000000,0.0885664920,0.0886297233,0.1771962153
0.3956666667,0.0885693240,0.0886268898,0.1771962138
0.3958333333,0.0885724018,0.0886238101,0.1771962119
0.3960000000,0.0885756959,0.0886205139,0.1771962098
0.3961666667,0.0885791720,0.0886170354,0.1771962074
0.3963333333,0.0885827915,0.0886134132,0.1771962047
0.3965000000,0.0885865120,0.0886096898,0.1771962018
0.3966666667,0.0885902879,0.0886059109,0.1771961988
0.3968333333,0.0885940710,0.0886021247,0.1771961957
0.3970000000,0.0885978111,0.0885983814,0.1771961925
0.3971666667,0.0886014574,0.0885947319,0.1771961893
0.3973333333,0.0886049586,0.0885912275,0.1771961861
0.3975000000,0.0886082644,0.0885879187,0.1771961831
0.3976666667,0.0886113262,0.0885848540,0.1771961802
0.3978333333,0.0886140979,0.0885820796,0.1771961775
0.3980000000,0.0886165370,0.0885796382,0.1771961751
0.3981666667,0.0886186051,0.0885775680,0.1771961731
0.3983333333,0.0886202692,0.0885759022,0.1771961713
0.3985000000,0.0886215017,0.0885746683,0.1771961700
0.3986666667,0.0886222816,0.0885738875,0.1771961691
0.3988333333,0.0886225945,0.0885735742,0.1771961687
0.3990000000,0.0886224332,0.0885737354,0.1771961687
0.3991666667,0.0886217978,0.0885743713,0.1771961691
0.3993333333,0.0886206956,0.0885754744,0.1771961700
0.3995000000,0.0886191414,0.0885770300,0.1771961714
0.3996666667,0.0886171568,0.0885790164,0.1771961732
0.3998333333,0.0886147700,0.0885814054,0.1771961753
0.4000000000,0.0886120154,0.0885841625,0.1771961778
0.4001666667,0.0886089328,0.0885872478,0.1771961806
0.4003333333,0.0886055669,0.0885906168,0.1771961837
0.4005000000,0.0886019661,0.0885942208,0.1771961869
0.4006666667,0.0885981818,0.0885980085,0.1771961902
0.4008333333,0.0885942675,0.0886019261,0.1771961936
0.4010000000,0.0885902779,0.0886059192,0.1771961971
0.4011666667,0.0885862675,0.0886099329,0.1771962004
0.4013333333,0.0885822902,0.0886139135,0.1771962037
0.4015000000,0.0885783979,0.0886178088,0.1771962068
0.4016666667,0.0885746399,0.0886215697,0.1771962096
0.4018333333,0.0885710620,0.0886251503,0.1771962122
0.4020000000,0.0885677056,0.0886285089,0.1771962145
0.4021666667,0.0885646077,0.0886316088,0.1771962165
0.4023333333,0.0885617996,0.0886344185,0.1771962181
0.4025000000,0.0885593072,0.0886369122,0.1771962194
0.4026666667,0.0885571504,0.0886390699,0.1771962202
0.4028333333,0.0885553429,0.0886408778,0.1771962207
0.4030000000,0.0885538928,0.0886423281,0.1771962208
0.4031666667,0.0885528018,0.0886434189,0.1771962206
0.4033333333,0.0885520662,0.0886441538,0.1771962200
0.4035000000,0.0885516771,0.0886445421,0.1771962192
0.4036666667,0.0885516205,0.0886445976,0.1771962180
0.4038333333,0.0885518780,0.0886443386,0.1771962166
0.4040000000,0.0885524276,0.0886437875,0.1771962150
0.4041666667,0.0885532438,0.0886429695,0.1771962133
0.4043333333,0.0885542988,0.0886419126,0.1771962114
0.4045000000,0.0885555627,0.0886406468,0.1771962095
0.4046666667,0.0885570045,0.0886392030,0.1771962075
0.4048333333,0.0885585923,0.0886376132,0.1771962055
0.4050000000,0.0885602945,0.0886359090,0.1771962035
0.4051666667,0.0885620798,0.0886341218,0.1771962017
0.4053333333,0.0885639181,0.0886322818,0.1771961999
0.4055000000,0.0885657806,0.0886304176,0.1771961982
0.4056666667,0.0885676406,0.0886285561,0.1771961966
0.4058333333,0.0885694735,0.0886267217,0.1771961953
0.4060000000,0.0885712574,0.0886249367,0.1771961941
0.4061666667,0.0885729727,0.0886232203,0.1771961930
0.4063333333,0.0885746029,0.0886215892,0.1771961921
0.4065000000,0.0885761342,0.0886200573,0.1771961915
0.4066666667,0.0885775555,0.0886186355,0.1771961909
0.4068333333,0.0885788586,0.0886173320,0.1771961906
0.4070000000,0.0885800379,0.0886161525,0.1771961904
0.4071666667,0.0885810903,0.0886151001,0.1771961904
0.4073333333,0.0885820149,0.0886141755,0.1771961904
0.4075000000,0.0885828130,0.0886133776,0.1771961906
0.4076666667,0.0885834877,0.0886127032,0.1771961909
0.4078333333,0.0885840435,0.0886121478,0.1771961913
0.4080000000,0.0885844866,0.0886117052,0.1771961917
0.4081666667,0.0885848239,0.0886113684,0.1771961922
0.4083333333,0.0885850633,0.0886111295,0.1771961928
0.4085000000,0.0885852134,0.0886109799,0.1771961933
0.4086666667,0.0885852830,0.0886109109,0.1771961939
0.4088333333,0.0885852812,0.0886109133,0.1771961945
0.4090000000,0.0885852170,0.0886109781,0.1771961950
0.4091666667,0.0885850992,0.0886110963,0.1771961955
0.4093333333,0.0885849365,0.0886112596,0.1771961961
0.4095000000,0.0885847370,0.0886114596,0.1771961965
0.4096666667,0.0885845083,0.0886116887,0.1771961970
0.4098333333,0.0885842575,0.0886119399,0.1771961974
0.4100000000,0.0885839910,0.0886122067,0.1771961977
0.4101666667,0.0885837147,0.0886124834,0.1771961981
0.4103333333,0.0885834335,0.0886127648,0.1771961983
0.4105000000,0.0885831521,0.0886130465,0.1771961986
0.4106666667,0.0885828742,0.0886133246,0.1771961988
0.4108333333,0.0885826029,0.0886135960,0.1771961989
0.4110000000,0.0885823410,0.0886138581,0.1771961991
0.4111666667,0.0885820904,0.0886141088,0.1771961992
0.4113333333,0.0885818527,0.0886143465,0.1771961992
0.4115000000,0.0885816291,0.0886145702,0.1771961993
0.4116666667,0.0885814203,0.0886147790,0.1771961993
0.4118333333,0.0885812265,0.0886149728,0.1771961993
0.4120000000,0.0885810480,0.0886151513,0.1771961993
0.4121666667,0.0885808845,0.0886153147,0.1771961993
0.4123333333,0.0885807357,0.0886154635,0.1771961992
0.4125000000,0.0885806010,0.0886155982,0.1771961992
0.4126666667,0.0885804797,0.0886157195,0.1771961991
0.4128333333,0.0885803711,0.0886158280,0.1771961991
0.4130000000,0.0885802743,0.0886159248,0.1771961990
0.4131666667,0.0885801885,0.0886160105,0.1771961990
0.4133333333,0.0885801128,0.0886160861,0.1771961989
0.4135000000,0.0885800463,0.0886161526,0.1771961989
0.4136666667,0.0885799882,0.0886162106,0.1771961988
0.4138333333,0.0885799377,0.0886162611,0.1771961988
0.4140000000,0.0885798939,0.0886163048,0.1771961987
0.4141666667,0.0885798562,0.0886163425,0.1771961987
0.4143333333,0.0885798238,0.0886163748,0.1771961987
0.4145000000,0.0885797961,0.0886164025,0.1771961986
0.4146666667,0.0885797725,0.0886164261,0.1771961986
0.4148333333,0.0885797525,0.0886164460,0.1771961986
0.4150000000,0.0885797357,0.0886164629,0.1771961985
0.4151666667,0.0885797215,0.0886164770,0.1771961985
0.4153333333,0.0885797096,0.0886164889,0.1771961985
0.4155000000,0.0885796997,0.0886164988,0.1771961985
0.4156666667,0.0885796914,0.0886165070,0.1771961984
0.4158333333,0.0885796846,0.0886165138,0.1771961984
0.4160000000,0.0885796790,0.0886165194,0.1771961984
0.4161666667,0.0885796744,0.0886165240,0.1771961984
0.4163333333,0.0885796707,0.0886165277,0.1771961984
0.4165000000,0.0885796676,0.0886165308,0.1771961984
0.4166666667,0.0885796651,0.0886165333,0.1771961984
0.4168333333,0.0885796631,0.0886165353,0.1771961984
0.4170000000,0.0885796615,0.0886165369,0.1771961984
0.4171666667,0.0885796602,0.0886165382,0.1771961984
0.4173333333,0.0885796591,0.0886165392,0.1771961984
0.4175000000,0.0885796583,0.0886165401,0.1771961984
0.4176666667,0.0885796577,0.0886165407,0.1771961984
0.4178333333,0.0885796571,0.0886165412,0.1771961984
0.4180000000,0.0885796567,0.0886165416,0.1771961984
0.4181666667,0.0885796564,0.0886165420,0.1771961984
0.4183333333,0.0885796562,0.0886165422,0.1771961984
0.4185000000,0.0885796560,0.0886165424,0.1771961984
0.4186666667,0.0885796558,0.0886165425,0.1771961984
0.4188333333,0.0885796557,0.0886165427,0.1771961984
0.4190000000,0.0885796556,0.0886165427,0.1771961984
0.4191666667,0.0885796555,0.0886165428,0.1771961984
0.4193333333,0.0885796555,0.0886165429,0.1771961984
0.4195000000,0.0885796555,0.0886165429,0.1771961984
0.4196666667,0.0885796554,0.0886165429,0.1771961984
0.4198333333,0.0885796554,0.0886165430,0.1771961984
0.4200000000,0.0885796554,0.0886165430,0.1771961984
0.4201666667,0.0885796554,0.0886165430,0.1771961984
0.4203333333,0.0885796554,0.0886165430,0.1771961984
0.4205000000,0.0885796554,0.0886165430,0.1771961984
0.4206666667,0.0885796554,0.0886165430,0.1771961984
0.4208333333,0.0885796553,0.0886165430,0.1771961984
0.4210000000,0.0885796553,0.0886165430,0.1771961984
0.4211666667,0.0885796553,0.0886165430,0.1771961984
0.4213333333,0.0885796553,0.0886165430,0.1771961984
0.4215000000,0.0885796554,0.0886165430,0.1771961984
0.4216666667,0.0885796554,0.0886165430,0.1771961984
0.4218333333,0.0885796554,0.0886165430,0.1771961984
0.4220000000,0.0885796554,0.0886165430,0.1771961984
0.4221666667,0.0885796554,0.0886165430,0.1771961984
0.4223333333,0.0885796554,0.0886165430,0.1771961984
0.4225000000,0.0885796554,0.0886165429,0.1771961984
0.4226666667,0.0885796554,0.0886165429,0.1771961984
0.4228333333,0.0885796555,0.0886165429,0.1771961984
0.4230000000,0.0885796555,0.0886165428,0.1771961984
0.4231666667,0.0885796556,0.0886165428,0.1771961984
0.4233333333,0.0885796557,0.0886165427,0.1771961984
0.4235000000,0.0885796558,0.0886165426,0.1771961984
0.4236666667,0.0885796559,0.0886165425,0.1771961984
0.4238333333,0.0885796561,0.0886165423,0.1771961984
0.4240000000,0.0885796563,0.0886165421,0.1771961984
0.4241666667,0.0885796566,0.0886165418,0.1771961984
0.4243333333,0.0885796570,0.0886165414,0.1771961984
0.4245000000,0.0885796575,0.0886165409,0.1771961984
0.4246666667,0.0885796582,0.0886165402,0.1771961984
0.4248333333,0.0885796590,0.0886165393,0.1771961984
0.4250000000,0.0885796602,0.0886165382,0.1771961984
0.4251666667,0.0885796616,0.0886165368,0.1771961984
0.4253333333,0.0885796634,0.0886165350,0.1771961984
0.4255000000,0.0885796658,0.0886165326,0.1771961984
0.4256666667,0.0885796689,0.0886165295,0.1771961984
0.4258333333,0.0885796728,0.0886165257,0.1771961984
0.4260000000,0.0885796778,0.0886165207,0.1771961984
0.4261666667,0.0885796841,0.0886165143,0.1771961985
0.4263333333,0.0885796922,0.0886165063,0.1771961985
0.4265000000,0.0885797025,0.0886164960,0.1771961985
0.4266666667,0.0885797156,0.0886164830,0.1771961986
0.4268333333,0.0885797321,0.0886164666,0.1771961986
0.4270000000,0.0885797529,0.0886164458,0.1771961987
0.4271666667,0.0885797792,0.0886164196,0.1771961988
0.4273333333,0.0885798123,0.0886163866,0.1771961989
0.4275000000,0.0885798538,0.0886163452,0.1771961990
0.4276666667,0.0885799058,0.0886162933,0.1771961992
0.4278333333,0.0885799709,0.0886162285,0.1771961994
0.4280000000,0.0885800521,0.0886161475,0.1771961996
0.4281666667,0.0885801532,0.0886160467,0.1771961999
0.4283333333,0.0885802789,0.0886159213,0.1771962002
0.4285000000,0.0885804349,0.0886157658,0.1771962007
0.4286666667,0.0885806280,0.0886155732,0.1771962012
0.4288333333,0.0885808665,0.0886153353,0.1771962018
0.4290000000,0.0885811606,0.0886150420,0.1771962026
0.4291666667,0.0885815224,0.0886146811,0.1771962035
0.4293333333,0.0885819667,0.0886142379,0.1771962046
0.4295000000,0.0885825112,0.0886136947,0.1771962059
0.4296666667,0.0885831769,0.0886130306,0.1771962075
0.4298333333,0.0885839893,0.0886122201,0.1771962094
0.4300000000,0.0885849786,0.0886112330,0.1771962116
0.4301666667,0.0885861807,0.0886100336,0.1771962143
0.4303333333,0.0885876383,0.0886085791,0.1771962174
0.4305000000,0.0885894021,0.0886068190,0.1771962211
0.4306666667,0.0885915318,0.0886046938,0.1771962255
0.4308333333,0.0885940977,0.0886021330,0.1771962307
0.4310000000,0.0885971827,0.0885990540,0.1771962367
0.4311666667,0.0886008837,0.0885953601,0.1771962438
0.4313333333,0.0886053140,0.0885909381,0.1771962520
0.4315000000,0.0886106058,0.0885856558,0.1771962616
0.4316666667,0.0886169127,0.0885793600,0.1771962727
0.4318333333,0.0886244130,0.0885718725,0.1771962856
0.4320000000,0.0886333127,0.0885629877,0.1771963004
0.4321666667,0.0886438491,0.0885524683,0.1771963174
0.4323333333,0.0886562953,0.0885400416,0.1771963369
0.4325000000,0.0886709644,0.0885253948,0.1771963592
0.4326666667,0.0886882140,0.0885081707,0.1771963847
0.4328333333,0.0887084515,0.0884879620,0.1771964136
0.4330000000,0.0887321399,0.0884643064,0.1771964463
0.4331666667,0.0887598032,0.0884366800,0.1771964832
0.4333333333,0.0887920329,0.0884044918,0.1771965247
0.4335000000,0.0888294944,0.0883670769,0.1771965713
0.4336666667,0.0888729334,0.0883236899,0.1771966233
0.4338333333,0.0889231834,0.0882734979,0.1771966812
0.4340000000,0.0889811718,0.0882155737,0.1771967455
0.4341666667,0.0890479275,0.0881488890,0.1771968165
0.4343333333,0.0891245872,0.0880723074,0.1771968946
0.4345000000,0.0892124019,0.0879845783,0.1771969803
0.4346666667,0.0893127430,0.0878843307,0.1771970738
0.4348333333,0.0894271072,0.0877700682,0.1771971754
0.4350000000,0.0895571210,0.0876401644,0.1771972854
0.4351666667,0.0897045435,0.0874928602,0.1771974037
0.4353333333,0.0898712685,0.0873262620,0.1771975305
0.4355000000,0.0900593241,0.0871383415,0.1771976655
0.4356666667,0.0902708703,0.0869269383,0.1771978085
0.4358333333,0.0905081946,0.0866897645,0.1771979591
0.4360000000,0.0907737043,0.0864244122,0.1771981165
0.4361666667,0.0910699158,0.0861283640,0.1771982798
0.4363333333,0.0913994405,0.0857990075,0.1771984480
0.4365000000,0.0917649662,0.0854336534,0.1771986196
0.4366666667,0.0921692347,0.0850295581,0.1771987929
0.4368333333,0.0926150147,0.0845839511,0.1771989658
0.4370000000,0.0931050692,0.0840940670,0.1771991362
0.4371666667,0.0936421182,0.0835571830,0.1771993012
0.4373333333,0.0942287955,0.0829706623,0.1771994578
0.4375000000,0.0948676006,0.0823320021,0.1771996027
0.4376666667,0.0955608438,0.0816388883,0.1771997320
0.4378333333,0.0963105867,0.0808892551,0.1771998418
0.4380000000,0.0971185772,0.0800813504,0.1771999276
0.4381666667,0.0979861786,0.0792138061,0.1771999847
0.4383333333,0.0989142949,0.0782857134,0.1772000082
0.4385000000,0.0999032917,0.0772967013,0.1771999930
0.4386666667,0.1009529143,0.0762470194,0.1771999337
0.4388333333,0.1020622028,0.0751376221,0.1771998249
0.4390000000,0.1032294068,0.0739702546,0.1771996614
0.4391666667,0.1044519004,0.0727475376,0.1771994380
0.4393333333,0.1057260983,0.0714730513,0.1771991496
0.4395000000,0.1070473767,0.0701514148,0.1771987915
0.4396666667,0.1084099984,0.0687883612,0.1771983597
0.4398333333,0.1098070462,0.0673908042,0.1771978504
0.4400000000,0.1112303654,0.0659668954,0.1771972608
0.4401666667,0.1126705190,0.0645260699,0.1771965890
0.4403333333,0.1141167562,0.0630790778,0.1771958340
0.4405000000,0.1155569974,0.0616379986,0.1771949961
0.4406666667,0.1169778393,0.0602162375,0.1771940768
0.4408333333,0.1183645786,0.0588285004,0.1771930791
0.4410000000,0.1197012613,0.0574907462,0.1771920075
0.4411666667,0.1209707542,0.0562201140,0.1771908682
0.4413333333,0.1221548445,0.0550348246,0.1771896691
0.4415000000,0.1232343660,0.0539540538,0.1771884198
0.4416666667,0.1241893535,0.0529977784,0.1771871318
0.4418333333,0.1249992254,0.0521865929,0.1771858183
0.4420000000,0.1256429951,0.0515414991,0.1771844941
0.4421666667,0.1260995091,0.0510836668,0.1771831759
0.4423333333,0.1263477110,0.0508341705,0.1771818815
0.4425000000,0.1263669295,0.0508137008,0.1771806303
0.4426666667,0.1261371869,0.0510422559,0.1771794428
0.4428333333,0.1256395249,0.0515388152,0.1771783401
0.4430000000,0.1248563441,0.0523209999,0.1771773440
0.4431666667,0.1237717516,0.0534047250,0.1771764766
0.4433333333,0.1223719110,0.0548038484,0.1771757594
0.4435000000,0.1206453908,0.0565298231,0.1771752138
0.4436666667,0.1185835018,0.0585913582,0.1771748600
0.4438333333,0.1161806204,0.0609940963,0.1771747167
0.4440000000,0.1134344868,0.0637403139,0.1771748007
0.4441666667,0.1103464754,0.0668286513,0.1771751268
0.4443333333,0.1069218265,0.0702538801,0.1771757066
0.4445000000,0.1031698354,0.0740067137,0.1771765491
0.4446666667,0.0991039913,0.0780736680,0.1771776593
0.4448333333,0.0947420602,0.0824369785,0.1771790387
0.4450000000,0.0901061073,0.0870745773,0.1771806846
0.4451666667,0.0852224541,0.0919601361,0.1771825902
0.4453333333,0.0801215673,0.0970631768,0.1771847441
0.4455000000,0.0748378779,0.1023492526,0.1771871306
0.4456666667,0.0694095286,0.1077802008,0.1771897294
0.4458333333,0.0638780518,0.1133144643,0.1771925161
0.4460000000,0.0582879786,0.1189074837,0.1771954623
0.4461666667,0.0526863835,0.1245121522,0.1771985357
0.4463333333,0.0471223695,0.1300793312,0.1772017007
0.4465000000,0.0416464992,0.1355584196,0.1772049188
0.4466666667,0.0363101809,0.1408979684,0.1772081493
0.4468333333,0.0311650183,0.1460463315,0.1772113498
0.4470000000,0.0262621327,0.1509523443,0.1772144770
0.4471666667,0.0216514706,0.1555660164,0.1772174870
0.4473333333,0.0173811071,0.1598392299,0.1772203370
0.4475000000,0.0134965574,0.1637264275,0.1772229849
0.4476666667,0.0100401095,0.1671852817,0.1772253912
0.4478333333,0.0070501895,0.1701773293,0.1772275188
0.4480000000,0.0045607722,0.1726685621,0.1772293344
0.4481666667,0.0026008483,0.1746299604,0.1772308087
0.4483333333,0.0011939586,0.1760379589,0.1772319175
0.4485000000,0.0003578049,0.1768748367,0.1772326415
0.4486666667,0.0001039456,0.1771290220,0.1772329676
0.4488333333,0.0004375828,0.1767953055,0.1772328883
0.4490000000,0.0013574454,0.1758749571,0.1772324025
0.4491666667,0.0028557716,0.1743757439,0.1772315155
0.4493333333,0.0049183913,0.1723118473,0.1772302385
0.4495000000,0.0075249088,0.1697036804,0.1772285892
0.4496666667,0.0106489811,0.1665776095,0.1772265907
0.4498333333,0.0142586885,0.1629655829,0.1772242714
0.4500000000,0.0183169898,0.1589046750,0.1772216648
0.4501666667,0.0227822549,0.1544365535,0.1772188084
0.4503333333,0.0276088636,0.1496068797,0.1772157433
0.4505000000,0.0327478609,0.1444646522,0.1772125131
0.4506666667,0.0381476554,0.1390615082,0.1772091636
0.4508333333,0.0437547491,0.1334509925,0.1772057416
0.4510000000,0.0495144841,0.1276878101,0.1772022941
0.4511666667,0.0553717936,0.1218270741,0.1771988676
0.4513333333,0.0612719435,0.1159235636,0.1771955071
0.4515000000,0.0671612518,0.1100310037,0.1771922555
0.4516666667,0.0729877730,0.1042013799,0.1771891528
0.4518333333,0.0787019369,0.0984842987,0.1771862356
0.4520000000,0.0842571323,0.0929264039,0.1771835362
0.4521666667,0.0896102246,0.0875708580,0.1771810826
0.4523333333,0.0947220037,0.0824568944,0.1771788981
0.4525000000,0.0995575527,0.0776194479,0.1771770006
0.4526666667,0.1040865375,0.0730888655,0.1771754030
0.4528333333,0.1082834125,0.0688907005,0.1771741130
0.4530000000,0.1121275431,0.0650455901,0.1771731332
0.4531666667,0.1156032470,0.0615692140,0.1771724611
0.4533333333,0.1186997560,0.0584723336,0.1771720896
0.4535000000,0.1214111036,0.0557609038,0.1771720074
0.4536666667,0.1237359441,0.0534362551,0.1771721992
0.4538333333,0.1256773092,0.0514953372,0.1771726464
0.4540000000,0.1272423106,0.0499310167,0.1771733274
0.4541666667,0.1284417964,0.0487324219,0.1771742183
0.4543333333,0.1292899701,0.0478853234,0.1771752936
0.4545000000,0.1298039820,0.0473725442,0.1771765263
0.4546666667,0.1300035008,0.0471743882,0.1771778890
0.4548333333,0.1299102747,0.0472690794,0.1771793542
0.4550000000,0.1295476918,0.0476332027,0.1771808945
0.4551666667,0.1289403451,0.0482421387,0.1771824837
0.4553333333,0.1281136118,0.0490704849,0.1771840967
0.4555000000,0.1270932528,0.0500924572,0.1771857100
0.4556666667,0.1259050365,0.0512822654,0.1771873018
0.4558333333,0.1245743941,0.0526144588,0.1771888529
0.4560000000,0.1231261079,0.0540642380,0.1771903459
0.4561666667,0.1215840369,0.0556077293,0.1771917662
0.4563333333,0.1199708804,0.0572222209,0.1771931013
0.4565000000,0.1183079808,0.0588863607,0.1771943415
0.4566666667,0.1166151665,0.0605803128,0.1771954793
0.4568333333,0.1149106321,0.0622858775,0.1771965096
0.4570000000,0.1132108566,0.0639865729,0.1771974295
0.4571666667,0.1115305558,0.0656676822,0.1771982380
0.4573333333,0.1098826679,0.0673162682,0.1771989361
0.4575000000,0.1082783672,0.0689211590,0.1771995263
0.4576666667,0.1067271054,0.0704729072,0.1772000126
0.4578333333,0.1052366736,0.0719637266,0.1772004002
0.4580000000,0.1038132855,0.0733874097,0.1772006951
0.4581666667,0.1024616741,0.0747392302,0.1772009044
0.4583333333,0.1011852020,0.0760158332,0.1772010353
0.4585000000,0.0999859793,0.0772151163,0.1772010956
0.4586666667,0.0988649874,0.0783361059,0.1772010933
0.4588333333,0.0978222058,0.0793788305,0.1772010364
0.4590000000,0.0968567387,0.0803441938,0.1772009325
0.4591666667,0.0959669390,0.0812338502,0.1772007893
0.4593333333,0.0951505294,0.0820500844,0.1772006138
0.4595000000,0.0944047159,0.0827956970,0.1772004129
0.4596666667,0.0937262961,0.0834738966,0.1772001927
0.4598333333,0.0931117583,0.0840882006,0.1771999589
0.4600000000,0.0925573718,0.0846423448,0.1771997166
0.4601666667,0.0920592689,0.0851402014,0.1771994703
0.4603333333,0.0916135164,0.0855857075,0.1771992239
0.4605000000,0.0912161786,0.0859828022,0.1771989807
0.4606666667,0.0908633707,0.0863353729,0.1771987436
0.4608333333,0.0905513040,0.0866472108,0.1771985149
0.4610000000,0.0902763219,0.0869219744,0.1771982962
0.4611666667,0.0900349288,0.0871631603,0.1771980891
0.4613333333,0.0898238126,0.0873740818,0.1771978944
0.4615000000,0.0896398592,0.0875578536,0.1771977128
0.4616666667,0.0894801632,0.0877173813,0.1771975445
0.4618333333,0.0893420325,0.0878553571,0.1771973897
0.4620000000,0.0892229891,0.0879742590,0.1771972480
0.4621666667,0.0891207664,0.0880763530,0.1771971193
0.4623333333,0.0890333036,0.0881636994,0.1771970030
0.4625000000,0.0889587379,0.0882381605,0.1771968984
0.4626666667,0.0888953946,0.0883014102,0.1771968049
0.4628333333,0.0888417765,0.0883549452,0.1771967217
0.4630000000,0.0887965518,0.0884000964,0.1771966482
0.4631666667,0.0887585416,0.0884380418,0.1771965834
0.4633333333,0.0887267083,0.0884698183,0.1771965267
0.4635000000,0.0887001423,0.0884963349,0.1771964772
0.4636666667,0.0886780502,0.0885183840,0.1771964342
0.4638333333,0.0886597435,0.0885366536,0.1771963971
0.4640000000,0.0886446269,0.0885517382,0.1771963652
0.4641666667,0.0886321887,0.0885641491,0.1771963378
0.4643333333,0.0886219903,0.0885743242,0.1771963145
0.4645000000,0.0886136579,0.0885826369,0.1771962948
0.4646666667,0.0886068740,0.0885894040,0.1771962780
0.4648333333,0.0886013705,0.0885948935,0.1771962640
0.4650000000,0.0885969214,0.0885993308,0.1771962522
0.4651666667,0.0885933374,0.0886029049,0.1771962423
0.4653333333,0.0885904607,0.0886057735,0.1771962342
0.4655000000,0.0885881597,0.0886080677,0.1771962274
0.4656666667,0.0885863258,0.0886098960,0.1771962218
0.4658333333,0.0885848695,0.0886113478,0.1771962172
0.4660000000,0.0885837171,0.0886124964,0.1771962135
0.4661666667,0.0885828084,0.0886134020,0.1771962105
0.4663333333,0.0885820945,0.0886141134,0.1771962080
0.4665000000,0.0885815357,0.0886146703,0.1771962060
0.4666666667,0.0885810998,0.0886151046,0.1771962044
0.4668333333,0.0885807611,0.0886154420,0.1771962031
0.4670000000,0.0885804988,0.0886157033,0.1771962021
0.4671666667,0.0885802964,0.0886159048,0.1771962013
0.4673333333,0.0885801409,0.0886160597,0.1771962006
0.4675000000,0.0885800217,0.0886161784,0.1771962001
0.4676666667,0.0885799308,0.0886162689,0.1771961997
0.4678333333,0.0885798617,0.0886163376,0.1771961994
0.4680000000,0.0885798094,0.0886163897,0.1771961992
0.4681666667,0.0885797699,0.0886164290,0.1771961990
0.4683333333,0.0885797402,0.0886164586,0.1771961988
0.4685000000,0.0885797180,0.0886164807,0.1771961987
0.4686666667,0.0885797014,0.0886164972,0.1771961986
0.4688333333,0.0885796891,0.0886165094,0.1771961986
0.4690000000,0.0885796800,0.0886165185,0.1771961985
0.4691666667,0.0885796733,0.0886165252,0.1771961985
0.4693333333,0.0885796683,0.0886165301,0.1771961984
0.4695000000,0.0885796647,0.0886165337,0.1771961984
0.4696666667,0.0885796621,0.0886165363,0.1771961984
0.4698333333,0.0885796602,0.0886165382,0.1771961984
0.4700000000,0.0885796588,0.0886165396,0.1771961984
0.4701666667,0.0885796578,0.0886165406,0.1771961984
0.4703333333,0.0885796571,0.0886165413,0.1771961984
0.4705000000,0.0885796566,0.0886165418,0.1771961984
0.4706666667,0.0885796562,0.0886165422,0.1771961984
0.4708333333,0.0885796559,0.0886165424,0.1771961984
0.4710000000,0.0885796558,0.0886165426,0.1771961984
0.4711666667,0.0885796556,0.0886165427,0.1771961984
0.4713333333,0.0885796555,0.0886165428,0.1771961984
0.4715000000,0.0885796555,0.0886165429,0.1771961984
0.4716666667,0.0885796554,0.0886165429,0.1771961984
0.4718333333,0.0885796554,0.0886165430,0.1771961984
0.4720000000,0.0885796554,0.0886165430,0.1771961984
0.4721666667,0.0885796554,0.0886165430,0.1771961984
0.4723333333,0.0885796554,0.0886165430,0.1771961984
0.4725000000,0.0885796553,0.0886165430,0.1771961984
0.4726666667,0.0885796553,0.0886165430,0.1771961984
0.4728333333,0.0885796553,0.0886165430,0.1771961984
0.4730000000,0.0885796553,0.0886165430,0.1771961984
0.4731666667,0.0885796553,0.0886165430,0.1771961984
0.4733333333,0.0885796553,0.0886165430,0.1771961984
0.4735000000,0.0885796553,0.0886165430,0.1771961984
0.4736666667,0.0885796553,0.0886165430,0.1771961984
0.4738333333,0.0885796553,0.0886165430,0.1771961984
0.4740000000,0.0885796553,0.0886165430,0.1771961984
0.4741666667,0.0885796553,0.0886165430,0.1771961984
0.4743333333,0.0885796553,0.0886165430,0.1771961984
0.4745000000,0.0885796554,0.0886165430,0.1771961984
0.4746666667,0.0885796554,0.0886165430,0.1771961984
0.4748333333,0.0885796554,0.0886165430,0.1771961984
0.4750000000,0.0885796554,0.0886165430,0.1771961984
0.4751666667,0.0885796554,0.0886165430,0.1771961984
0.4753333333,0.0885796554,0.0886165430,0.1771961984
0.4755000000,0.0885796554,0.0886165430,0.1771961984
0.4756666667,0.0885796554,0.0886165429,0.1771961984
0.4758333333,0.0885796554,0.0886165429,0.1771961984
0.4760000000,0.0885796555,0.0886165429,0.1771961984
0.4761666667,0.0885796555,0.0886165428,0.1771961984
0.4763333333,0.0885796556,0.0886165428,0.1771961984
0.4765000000,0.0885796556,0.0886165427,0.1771961984
0.4766666667,0.0885796557,0.0886165427,0.1771961984
0.4768333333,0.0885796558,0.0886165426,0.1771961984
0.4770000000,0.0885796559,0.0886165425,0.1771961984
0.4771666667,0.0885796560,0.0886165424,0.1771961984
0.4773333333,0.0885796562,0.0886165422,0.1771961984
0.4775000000,0.0885796564,0.0886165420,0.1771961984
0.4776666667,0.0885796566,0.0886165418,0.1771961984
0.4778333333,0.0885796569,0.0886165415,0.1771961984
0.4780000000,0.0885796572,0.0886165411,0.1771961984
0.4781666667,0.0885796577,0.0886165407,0.1771961984
0.4783333333,0.0885796582,0.0886165402,0.1771961984
0.4785000000,0.0885796588,0.0886165395,0.1771961984
0.4786666667,0.0885796596,0.0886165387,0.1771961984
0.4788333333,0.0885796606,0.0886165378,0.1771961984
0.4790000000,0.0885796617,0.0886165367,0.1771961984
0.4791666667,0.0885796630,0.0886165354,0.1771961984
0.4793333333,0.0885796646,0.0886165338,0.1771961984
0.4795000000,0.0885796665,0.0886165319,0.1771961984
0.4796666667,0.0885796688,0.0886165296,0.1771961984
0.4798333333,0.0885796715,0.0886165269,0.1771961984
0.4800000000,0.0885796747,0.0886165237,0.1771961984
0.4801666667,0.0885796785,0.0886165199,0.1771961984
0.4803333333,0.0885796830,0.0886165154,0.1771961984
0.4805000000,0.0885796883,0.0886165102,0.1771961984
0.4806666667,0.0885796944,0.0886165040,0.1771961984
0.4808333333,0.0885797016,0.0886164968,0.1771961984
0.4810000000,0.0885797101,0.0886164884,0.1771961984
0.4811666667,0.0885797199,0.0886164786,0.1771961985
0.4813333333,0.0885797313,0.0886164672,0.1771961985
0.4815000000,0.0885797445,0.0886164540,0.1771961985
0.4816666667,0.0885797597,0.0886164388,0.1771961985
0.4818333333,0.0885797772,0.0886164213,0.1771961985
0.4820000000,0.0885797973,0.0886164012,0.1771961985
0.4821666667,0.0885798204,0.0886163782,0.1771961986
0.4823333333,0.0885798466,0.0886163519,0.1771961986
0.4825000000,0.0885798765,0.0886163221,0.1771961986
0.4826666667,0.0885799105,0.0886162882,0.1771961986
0.4828333333,0.0885799488,0.0886162498,0.1771961987
0.4830000000,0.0885799921,0.0886162066,0.1771961987
0.4831666667,0.0885800406,0.0886161581,0.1771961987
0.4833333333,0.0885800950,0.0886161037,0.1771961988
0.4835000000,0.0885801558,0.0886160430,0.1771961988
0.4836666667,0.0885802233,0.0886159756,0.1771961988
0.4838333333,0.0885802981,0.0886159008,0.1771961988
0.4840000000,0.0885803806,0.0886158183,0.1771961989
0.4841666667,0.0885804714,0.0886157275,0.1771961989
0.4843333333,0.0885805708,0.0886156282,0.1771961989
0.4845000000,0.0885806792,0.0886155198,0.1771961989
0.4846666667,0.0885807968,0.0886154021,0.1771961990
0.4848333333,0.0885809240,0.0886152750,0.1771961990
0.4850000000,0.0885810608,0.0886151382,0.1771961990
0.4851666667,0.0885812072,0.0886149918,0.1771961989
0.4853333333,0.0885813629,0.0886148360,0.1771961989
0.4855000000,0.0885815278,0.0886146711,0.1771961989
0.4856666667,0.0885817011,0.0886144977,0.1771961988
0.4858333333,0.0885818822,0.0886143166,0.1771961988
0.4860000000,0.0885820700,0.0886141287,0.1771961987
0.4861666667,0.0885822631,0.0886139355,0.1771961986
0.4863333333,0.0885824600,0.0886137384,0.1771961985
0.4865000000,0.0885826588,0.0886135396,0.1771961983
0.4866666667,0.0885828569,0.0886133412,0.1771961982
0.4868333333,0.0885830519,0.0886131460,0.1771961980
0.4870000000,0.0885832406,0.0886129571,0.1771961977
0.4871666667,0.0885834195,0.0886127780,0.1771961975
0.4873333333,0.0885835848,0.0886126124,0.1771961972
0.4875000000,0.0885837322,0.0886124648,0.1771961969
0.4876666667,0.0885838570,0.0886123397,0.1771961966
0.4878333333,0.0885839541,0.0886122422,0.1771961963
0.4880000000,0.0885840183,0.0886121777,0.1771961959
0.4881666667,0.0885840438,0.0886121518,0.1771961956
0.4883333333,0.0885840248,0.0886121704,0.1771961952
0.4885000000,0.0885839553,0.0886122395,0.1771961948
0.4886666667,0.0885838291,0.0886123653,0.1771961944
0.4888333333,0.0885836402,0.0886125539,0.1771961941
0.4890000000,0.0885833825,0.0886128112,0.1771961937
0.4891666667,0.0885830503,0.0886131431,0.1771961934
0.4893333333,0.0885826383,0.0886135548,0.1771961931
0.4895000000,0.0885821416,0.0886140512,0.1771961928
0.4896666667,0.0885815562,0.0886146364,0.1771961926
0.4898333333,0.0885808787,0.0886153138,0.1771961924
0.4900000000,0.0885801067,0.0886160856,0.1771961924
0.4901666667,0.0885792393,0.0886169531,0.1771961924
0.4903333333,0.0885782765,0.0886179160,0.1771961925
0.4905000000,0.0885772201,0.0886189726,0.1771961927
0.4906666667,0.0885760733,0.0886201197,0.1771961930
0.4908333333,0.0885748413,0.0886213521,0.1771961934
0.4910000000,0.0885735310,0.0886226630,0.1771961940
0.4911666667,0.0885721512,0.0886240434,0.1771961947
0.4913333333,0.0885707130,0.0886254825,0.1771961955
0.4915000000,0.0885692293,0.0886269672,0.1771961964
0.4916666667,0.0885677150,0.0886284825,0.1771961975
0.4918333333,0.0885661871,0.0886300116,0.1771961987
0.4920000000,0.0885646644,0.0886315356,0.1771962000
0.4921666667,0.0885631675,0.0886330339,0.1771962013
0.4923333333,0.0885617184,0.0886344844,0.1771962028
0.4925000000,0.0885603406,0.0886358637,0.1771962043
0.4926666667,0.0885590583,0.0886371476,0.1771962059
0.4928333333,0.0885578966,0.0886383109,0.1771962075
0.4930000000,0.0885568807,0.0886393283,0.1771962090
0.4931666667,0.0885560358,0.0886401748,0.1771962106
0.4933333333,0.0885553864,0.0886408256,0.1771962121
0.4935000000,0.0885549560,0.0886412574,0.1771962134
0.4936666667,0.0885547664,0.0886414483,0.1771962147
0.4938333333,0.0885548374,0.0886413784,0.1771962157
0.4940000000,0.0885551862,0.0886410304,0.1771962166
0.4941666667,0.0885558270,0.0886403903,0.1771962173
0.4943333333,0.0885567703,0.0886394474,0.1771962177
0.4945000000,0.0885580228,0.0886381950,0.1771962179
0.4946666667,0.0885595868,0.0886366309,0.1771962177
0.4948333333,0.0885614600,0.0886347573,0.1771962173
0.4950000000,0.0885636350,0.0886325815,0.1771962165
0.4951666667,0.0885660995,0.0886301159,0.1771962154
0.4953333333,0.0885688362,0.0886273778,0.1771962140
0.4955000000,0.0885718225,0.0886243898,0.1771962123
0.4956666667,0.0885750309,0.0886211794,0.1771962103
0.4958333333,0.0885784290,0.0886177790,0.1771962080
0.4960000000,0.0885819803,0.0886142251,0.1771962054
0.4961666667,0.0885856440,0.0886105586,0.1771962027
0.4963333333,0.0885893763,0.0886068235,0.1771961997
0.4965000000,0.0885931301,0.0886030665,0.1771961967
0.4966666667,0.0885968567,0.0885993368,0.1771961935
0.4968333333,0.0886005057,0.0885956846,0.1771961903
0.4970000000,0.0886040267,0.0885921605,0.1771961872
0.4971666667,0.0886073693,0.0885888149,0.1771961841
0.4973333333,0.0886104846,0.0885856966,0.1771961812
0.4975000000,0.0886133260,0.0885828525,0.1771961785
0.4976666667,0.0886158500,0.0885803260,0.1771961760
0.4978333333,0.0886180169,0.0885781569,0.1771961738
0.4980000000,0.0886197919,0.0885763801,0.1771961720
0.4981666667,0.0886211454,0.0885750251,0.1771961705
0.4983333333,0.0886220543,0.0885741152,0.1771961695
0.4985000000,0.0886225016,0.0885736672,0.1771961688
0.4986666667,0.0886224776,0.0885736911,0.1771961687
0.4988333333,0.0886219795,0.0885741894,0.1771961690
0.4990000000,0.0886210122,0.0885751576,0.1771961697
0.4991666667,0.0886195874,0.0885765835,0.1771961709
0.4993333333,0.0886177244,0.0885784482,0.1771961725
0.4995000000,0.0886154489,0.0885807257,0.1771961745
0.4996666667,0.0886127931,0.0885833838,0.1771961769
0.4998333333,0.0886097949,0.0885863847,0.1771961796
0.5000000000,0.0886064974,0.0885896852,0.1771961826
0.5001666667,0.0886029477,0.0885932380,0.1771961857
0.5003333333,0.0885991965,0.0885969925,0.1771961891
0.5005000000,0.0885952969,0.0886008956,0.1771961925
0.5006666667,0.0885913034,0.0886048925,0.1771961959
0.5008333333,0.0885872711,0.0886089283,0.1771961994
0.5010000000,0.0885832545,0.0886129482,0.1771962027
0.5011666667,0.0885793068,0.0886168991,0.1771962059
0.5013333333,0.0885754786,0.0886207302,0.1771962088
0.5015000000,0.0885718177,0.0886243939,0.1771962116
0.5016666667,0.0885683675,0.0886278465,0.1771962140
0.5018333333,0.0885651671,0.0886310490,0.1771962161
0.5020000000,0.0885622502,0.0886339676,0.1771962179
0.5021666667,0.0885596451,0.0886365742,0.1771962193
0.5023333333,0.0885573740,0.0886388463,0.1771962203
0.5025000000,0.0885554531,0.0886407679,0.1771962209
0.5026666667,0.0885538924,0.0886423288,0.1771962212
0.5028333333,0.0885526961,0.0886435250,0.1771962211
0.5030000000,0.0885518622,0.0886443584,0.1771962206
0.5031666667,0.0885513833,0.0886448365,0.1771962198
0.5033333333,0.0885512468,0.0886449719,0.1771962187
0.5035000000,0.0885514356,0.0886447818,0.1771962174
0.5036666667,0.0885519282,0.0886442876,0.1771962158
0.5038333333,0.0885526997,0.0886435143,0.1771962141
0.5040000000,0.0885537225,0.0886424897,0.1771962122
0.5041666667,0.0885549665,0.0886412438,0.1771962102
0.5043333333,0.0885564002,0.0886398080,0.1771962082
0.5045000000,0.0885579914,0.0886382148,0.1771962062
0.5046666667,0.0885597073,0.0886364968,0.1771962041
0.5048333333,0.0885615158,0.0886346863,0.1771962022
0.5050000000,0.0885633856,0.0886328147,0.1771962003
0.5051666667,0.0885652867,0.0886309118,0.1771961985
0.5053333333,0.0885671910,0.0886290059,0.1771961969
0.5055000000,0.0885690727,0.0886271227,0.1771961955
0.5056666667,0.0885709084,0.0886252858,0.1771961942
0.5058333333,0.0885726772,0.0886235158,0.1771961930
0.5060000000,0.0885743615,0.0886218306,0.1771961921
0.5061666667,0.0885759463,0.0886202451,0.1771961914
0.5063333333,0.0885774194,0.0886187714,0.1771961908
0.5065000000,0.0885787719,0.0886174185,0.1771961904
0.5066666667,0.0885799973,0.0886161928,0.1771961902
0.5068333333,0.0885810920,0.0886150981,0.1771961901
0.5070000000,0.0885820545,0.0886141356,0.1771961901
0.5071666667,0.0885828859,0.0886133044,0.1771961903
0.5073333333,0.0885835889,0.0886126017,0.1771961906
0.5075000000,0.0885841683,0.0886120227,0.1771961910
0.5076666667,0.0885846300,0.0886115614,0.1771961914
0.5078333333,0.0885849813,0.0886112107,0.1771961920
0.5080000000,0.0885852303,0.0886109622,0.1771961925
0.5081666667,0.0885853858,0.0886108073,0.1771961931
0.5083333333,0.0885854571,0.0886107366,0.1771961937
0.5085000000,0.0885854536,0.0886107406,0.1771961943
0.5086666667,0.0885853849,0.0886108100,0.1771961949
0.5088333333,0.0885852602,0.0886109352,0.1771961954
0.5090000000,0.0885850885,0.0886111075,0.1771961960
0.5091666667,0.0885848785,0.0886113180,0.1771961965
0.5093333333,0.0885846381,0.0886115588,0.1771961969
0.5095000000,0.0885843749,0.0886118224,0.1771961974
0.5096666667,0.0885840956,0.0886121021,0.1771961977
0.5098333333,0.0885838064,0.0886123917,0.1771961981
0.5100000000,0.0885835126,0.0886126858,0.1771961984
0.5101666667,0.0885832188,0.0886129798,0.1771961986
0.5103333333,0.0885829292,0.0886132696,0.1771961988
0.5105000000,0.0885826471,0.0886135519,0.1771961990
0.5106666667,0.0885823751,0.0886138241,0.1771961991
0.5108333333,0.0885821154,0.0886140839,0.1771961992
0.5110000000,0.0885818696,0.0886143297,0.1771961993
0.5111666667,0.0885816388,0.0886145606,0.1771961993
0.5113333333,0.0885814237,0.0886147756,0.1771961994
0.5115000000,0.0885812248,0.0886149746,0.1771961994
0.5116666667,0.0885810419,0.0886151574,0.1771961994
0.5118333333,0.0885808750,0.0886153244,0.1771961993
0.5120000000,0.0885807234,0.0886154759,0.1771961993
0.5121666667,0.0885805866,0.0886156126,0.1771961992
0.5123333333,0.0885804639,0.0886157353,0.1771961992
0.5125000000,0.0885803544,0.0886158447,0.1771961991
0.5126666667,0.0885802572,0.0886159419,0.1771961991
0.5128333333,0.0885801714,0.0886160276,0.1771961990
0.5130000000,0.0885800960,0.0886161030,0.1771961989
0.5131666667,0.0885800301,0.0886161688,0.1771961989
0.5133333333,0.0885799727,0.0886162261,0.1771961988
0.5135000000,0.0885799230,0.0886162757,0.1771961988
0.5136666667,0.0885798802,0.0886163185,0.1771961987
0.5138333333,0.0885798435,0.0886163552,0.1771961987
0.5140000000,0.0885798122,0.0886163865,0.1771961987
0.5141666667,0.0885797855,0.0886164131,0.1771961986
0.5143333333,0.0885797630,0.0886164356,0.1771961986
0.5145000000,0.0885797440,0.0886164545,0.1771961985
0.5146666667,0.0885797281,0.0886164704,0.1771961985
0.5148333333,0.0885797148,0.0886164837,0.1771961985
0.5150000000,0.0885797037,0.0886164948,0.1771961985
0.5151666667,0.0885796945,0.0886165039,0.1771961985
0.5153333333,0.0885796870,0.0886165114,0.1771961984
0.5155000000,0.0885796808,0.0886165176,0.1771961984
0.5156666667,0.0885796757,0.0886165227,0.1771961984
0.5158333333,0.0885796716,0.0886165268,0.1771961984
0.5160000000,0.0885796683,0.0886165301,0.1771961984
0.5161666667,0.0885796656,0.0886165328,0.1771961984
0.5163333333,0.0885796634,0.0886165350,0.1771961984
0.5165000000,0.0885796617,0.0886165367,0.1771961984
0.5166666667,0.0885796603,0.0886165381,0.1771961984
0.5168333333,0.0885796592,0.0886165392,0.1771961984
0.5170000000,0.0885796583,0.0886165400,0.1771961984
0.5171666667,0.0885796577,0.0886165407,0.1771961984
0.5173333333,0.0885796571,0.0886165412,0.1771961984
0.5175000000,0.0885796567,0.0886165417,0.1771961984
0.5176666667,0.0885796564,0.0886165420,0.1771961984
0.5178333333,0.0885796561,0.0886165422,0.1771961984
0.5180000000,0.0885796559,0.0886165424,0.1771961984
0.5181666667,0.0885796558,0.0886165426,0.1771961984
0.5183333333,0.0885796557,0.0886165427,0.1771961984
0.5185000000,0.0885796556,0.0886165428,0.1771961984
0.5186666667,0.0885796555,0.0886165428,0.1771961984
0.5188333333,0.0885796555,0.0886165429,0.1771961984
0.5190000000,0.0885796554,0.0886165429,0.1771961984
0.5191666667,0.0885796554,0.0886165429,0.1771961984
0.5193333333,0.0885796554,0.0886165430,0.1771961984
0.5195000000,0.0885796554,0.0886165430,0.1771961984
0.5196666667,0.0885796554,0.0886165430,0.1771961984
0.5198333333,0.0885796554,0.0886165430,0.1771961984
0.5200000000,0.0885796554,0.0886165430,0.1771961984
0.5201666667,0.0885796554,0.0886165430,0.1771961984
0.5203333333,0.0885796553,0.0886165430,0.1771961984
0.5205000000,0.0885796553,0.0886165430,0.1771961984
0.5206666667,0.0885796553,0.0886165430,0.1771961984
0.5208333333,0.0885796554,0.0886165430,0.1771961984
0.5210000000,0.0885796554,0.0886165430,0.1771961984
0.5211666667,0.0885796554,0.0886165430,0.1771961984
0.5213333333,0.0885796554,0.0886165430,0.1771961984
0.5215000000,0.0885796554,0.0886165430,0.1771961984
0.5216666667,0.0885796554,0.0886165430,0.1771961984
0.5218333333,0.0885796554,0.0886165430,0.1771961984
0.5220000000,0.0885796554,0.0886165429,0.1771961984
0.5221666667,0.0885796555,0.0886165429,0.1771961984
0.5223333333,0.0885796555,0.0886165429,0.1771961984
0.5225000000,0.0885796555,0.0886165428,0.1771961984
0.5226666667,0.0885796556,0.0886165428,0.1771961984
0.5228333333,0.0885796557,0.0886165427,0.1771961984
0.5230000000,0.0885796558,0.0886165426,0.1771961984
0.5231666667,0.0885796559,0.0886165424,0.1771961984
0.5233333333,0.0885796561,0.0886165422,0.1771961984
0.5235000000,0.0885796564,0.0886165420,0.1771961984
0.5236666667,0.0885796567,0.0886165417,0.1771961984
0.5238333333,0.0885796571,0.0886165413,0.1771961984
0.5240000000,0.0885796576,0.0886165407,0.1771961984
0.5241666667,0.0885796583,0.0886165400,0.1771961984
0.5243333333,0.0885796592,0.0886165392,0.1771961984
0.5245000000,0.0885796603,0.0886165380,0.1771961984
0.5246666667,0.0885796618,0.0886165366,0.1771961984
0.5248333333,0.0885796637,0.0886165347,0.1771961984
0.5250000000,0.0885796661,0.0886165323,0.1771961984
0.5251666667,0.0885796691,0.0886165293,0.1771961984
0.5253333333,0.0885796730,0.0886165254,0.1771961984
0.5255000000,0.0885796780,0.0886165204,0.1771961984
0.5256666667,0.0885796843,0.0886165141,0.1771961985
0.5258333333,0.0885796923,0.0886165062,0.1771961985
0.5260000000,0.0885797025,0.0886164961,0.1771961985
0.5261666667,0.0885797153,0.0886164833,0.1771961986
0.5263333333,0.0885797314,0.0886164672,0.1771961986
0.5265000000,0.0885797517,0.0886164470,0.1771961987
0.5266666667,0.0885797772,0.0886164216,0.1771961988
0.5268333333,0.0885798091,0.0886163897,0.1771961989
0.5270000000,0.0885798491,0.0886163499,0.1771961990
0.5271666667,0.0885798990,0.0886163001,0.1771961991
0.5273333333,0.0885799613,0.0886162380,0.1771961993
0.5275000000,0.0885800387,0.0886161608,0.1771961995
0.5276666667,0.0885801348,0.0886160650,0.1771961998
0.5278333333,0.0885802539,0.0886159462,0.1771962001
0.5280000000,0.0885804013,0.0886157992,0.1771962005
0.5281666667,0.0885805832,0.0886156178,0.1771962010
0.5283333333,0.0885808073,0.0886153943,0.1771962016
0.5285000000,0.0885810828,0.0886151194,0.1771962023
0.5286666667,0.0885814210,0.0886147821,0.1771962031
0.5288333333,0.0885818351,0.0886143690,0.1771962041
0.5290000000,0.0885823414,0.0886138639,0.1771962053
0.5291666667,0.0885829590,0.0886132477,0.1771962067
0.5293333333,0.0885837109,0.0886124975,0.1771962084
0.5295000000,0.0885846244,0.0886115860,0.1771962104
0.5296666667,0.0885857322,0.0886104806,0.1771962128
0.5298333333,0.0885870727,0.0886091430,0.1771962157
0.5300000000,0.0885886916,0.0886075274,0.1771962190
0.5301666667,0.0885906426,0.0886055804,0.1771962230
0.5303333333,0.0885929891,0.0886032385,0.1771962276
0.5305000000,0.0885958053,0.0886004277,0.1771962330
0.5306666667,0.0885991784,0.0885970610,0.1771962394
0.5308333333,0.0886032099,0.0885930369,0.1771962468
0.5310000000,0.0886080182,0.0885882371,0.1771962553
0.5311666667,0.0886137410,0.0885825242,0.1771962653
0.5313333333,0.0886205377,0.0885757390,0.1771962768
0.5315000000,0.0886285926,0.0885676974,0.1771962900
0.5316666667,0.0886381180,0.0885581873,0.1771963052
0.5318333333,0.0886493580,0.0885469647,0.1771963227
0.5320000000,0.0886625925,0.0885337502,0.1771963426
0.5321666667,0.0886781411,0.0885182242,0.1771963654
0.5323333333,0.0886963683,0.0885000229,0.1771963912
0.5325000000,0.0887176881,0.0884787324,0.1771964205
0.5326666667,0.0887425692,0.0884538843,0.1771964535
0.5328333333,0.0887715413,0.0884249494,0.1771964907
0.5330000000,0.0888052004,0.0883913321,0.1771965325
0.5331666667,0.0888442152,0.0883523640,0.1771965792
0.5333333333,0.0888893335,0.0883072977,0.1771966312
0.5335000000,0.0889413888,0.0882553002,0.1771966890
0.5336666667,0.0890013066,0.0881954463,0.1771967530
0.5338333333,0.0890701112,0.0881267123,0.1771968235
0.5340000000,0.0891489317,0.0880479693,0.1771969009
0.5341666667,0.0892390079,0.0879579778,0.1771969857
0.5343333333,0.0893416962,0.0878553818,0.1771970780
0.5345000000,0.0894584738,0.0877387043,0.1771971781
0.5346666667,0.0895909428,0.0876063434,0.1771972862
0.5348333333,0.0897408326,0.0874565696,0.1771974023
0.5350000000,0.0899100015,0.0872875249,0.1771975265
0.5351666667,0.0901004357,0.0870972228,0.1771976585
0.5353333333,0.0903142468,0.0868835512,0.1771977981
0.5355000000,0.0905536674,0.0866442773,0.1771979447
0.5356666667,0.0908210426,0.0863770552,0.1771980978
0.5358333333,0.0911188198,0.0860794366,0.1771982564
0.5360000000,0.0914495346,0.0857488848,0.1771984194
0.5361666667,0.0918157924,0.0853827931,0.1771985855
0.5363333333,0.0922202465,0.0849785064,0.1771987529
0.5365000000,0.0926655718,0.0845333479,0.1771989197
0.5366666667,0.0931544330,0.0840446507,0.1771990837
0.5368333333,0.0936894488,0.0835097935,0.1771992422
0.5370000000,0.0942731499,0.0829262425,0.1771993924
0.5371666667,0.0949079325,0.0822915984,0.1771995309
0.5373333333,0.0955960060,0.0816036483,0.1771996542
0.5375000000,0.0963393352,0.0808604232,0.1771997584
0.5376666667,0.0971395781,0.0800602610,0.1771998392
0.5378333333,0.0979980181,0.0792018739,0.1771998921
0.5380000000,0.0989154921,0.0782844203,0.1771999123
0.5381666667,0.0998923145,0.0773075806,0.1771998951
0.5383333333,0.1009281989,0.0762716362,0.1771998352
0.5385000000,0.1020221768,0.0751775507,0.1771997275
0.5386666667,0.1031725152,0.0740270517,0.1771995670
0.5388333333,0.1043766354,0.0728227131,0.1771993485
0.5390000000,0.1056310322,0.0715680351,0.1771990673
0.5391666667,0.1069311975,0.0702675213,0.1771987189
0.5393333333,0.1082715482,0.0689267509,0.1771982991
0.5395000000,0.1096453613,0.0675524433,0.1771978045
0.5396666667,0.1110447181,0.0661525143,0.1771972324
0.5398333333,0.1124604597,0.0647361209,0.1771965806
0.5400000000,0.1138821556,0.0633136926,0.1771958482
0.5401666667,0.1152980878,0.0618969475,0.1771950353
0.5403333333,0.1166952528,0.0604988905,0.1771941433
0.5405000000,0.1180593834,0.0591337914,0.1771931748
0.5406666667,0.1193749921,0.0578171419,0.1771921340
0.5408333333,0.1206254383,0.0565655884,0.1771910267
0.5410000000,0.1217930202,0.0553968401,0.1771898603
0.5411666667,0.1228590932,0.0543295506,0.1771886438
0.5413333333,0.1238042152,0.0533831729,0.1771873881
0.5415000000,0.1246083190,0.0525777866,0.1771861056
0.5416666667,0.1252509129,0.0519338976,0.1771848105
0.5418333333,0.1257113065,0.0514722120,0.1771835185
0.5420000000,0.1259688631,0.0512133838,0.1771822469
0.5421666667,0.1260032746,0.0511777397,0.1771810143
0.5423333333,0.1257948578,0.0513849824,0.1771798402
0.5425000000,0.1253248680,0.0518538771,0.1771787451
0.5426666667,0.1245758270,0.0526019233,0.1771777503
0.5428333333,0.1235318594,0.0536450175,0.1771768769
0.5430000000,0.1221790348,0.0549971117,0.1771761464
0.5431666667,0.1205057069,0.0566698727,0.1771755796
0.5433333333,0.1185028469,0.0586723496,0.1771751965
0.5435000000,0.1161643621,0.0610106536,0.1771750157
0.5436666667,0.1134873944,0.0636876600,0.1771750544
0.5438333333,0.1104725920,0.0667027353,0.1771753273
0.5440000000,0.1071243464,0.0700515005,0.1771758469
0.5441666667,0.1034509897,0.0737256328,0.1771766225
0.5443333333,0.0994649443,0.0777127160,0.1771776603
0.5445000000,0.0951828202,0.0819961426,0.1771789628
0.5446666667,0.0906254542,0.0865550744,0.1771805285
0.5448333333,0.0858178869,0.0913644651,0.1771823520
0.5450000000,0.0807892741,0.0963951492,0.1771844234
0.5451666667,0.0755727294,0.1016139991,0.1771867285
0.5453333333,0.0702050979,0.1069841510,0.1771892489
0.5455000000,0.0647266604,0.1124653014,0.1771919618
0.5456666667,0.0591807701,0.1180140703,0.1771948405
0.5458333333,0.0536134240,0.1235844302,0.1771978542
0.5460000000,0.0480727735,0.1291281955,0.1772009690
0.5461666667,0.0426085813,0.1345955665,0.1772041478
0.5463333333,0.0372716288,0.1399357223,0.1772073510
0.5465000000,0.0321130853,0.1450974521,0.1772105374
0.5466666667,0.0271838471,0.1500298171,0.1772136642
0.5468333333,0.0225338563,0.1546828319,0.1772166882
0.5470000000,0.0182114122,0.1590081545,0.1772195667
0.5471666667,0.0142624859,0.1629597717,0.1772222575
0.5473333333,0.0107300504,0.1664946702,0.1772247206
0.5475000000,0.0076534391,0.1695734791,0.1772269181
0.5476666667,0.0050677440,0.1721610718,0.1772288157
0.5478333333,0.0030032655,0.1742271173,0.1772303828
0.5480000000,0.0014850251,0.1757465682,0.1772315934
0.5481666667,0.0005323497,0.1767000768,0.1772324264
0.5483333333,0.0001585375,0.1770743292,0.1772328666
0.5485000000,0.0003706125,0.1768622919,0.1772329044
0.5486666667,0.0011691723,0.1760633641,0.1772325364
0.5488333333,0.0025483337,0.1746834317,0.1772317653
0.5490000000,0.0044957784,0.1727348220,0.1772306004
0.5491666667,0.0069928985,0.1702361584,0.1772290568
0.5493333333,0.0100150386,0.1672121171,0.1772271557
0.5495000000,0.0135318334,0.1636930902,0.1772249235
0.5496666667,0.0175076316,0.1597147604,0.1772223920
0.5498333333,0.0219020015,0.1553175958,0.1772195973
0.5500000000,0.0266703069,0.1505462723,0.1772165792
0.5501666667,0.0317643442,0.1454490365,0.1772133807
0.5503333333,0.0371330283,0.1400770188,0.1772100471
0.5505000000,0.0427231148,0.1344835102,0.1772066250
0.5506666667,0.0484799455,0.1287232163,0.1772031618
0.5508333333,0.0543482031,0.1228515014,0.1771997045
0.5510000000,0.0602726627,0.1169236363,0.1771962990
0.5511666667,0.0661989255,0.1109940641,0.1771929896
0.5513333333,0.0720741227,0.1051156949,0.1771898175
0.5515000000,0.0778475782,0.0993392429,0.1771868212
0.5516666667,0.0834714188,0.0937126160,0.1771840348
0.5518333333,0.0889011217,0.0882803665,0.1771814883
0.5520000000,0.0940959942,0.0830832127,0.1771792070
0.5521666667,0.0990195751,0.0781576358,0.1771772109
0.5523333333,0.1036399574,0.0735355576,0.1771755150
0.5525000000,0.1079300263,0.0692441027,0.1771741290
0.5526666667,0.1118676133,0.0653054437,0.1771730570
0.5528333333,0.1154355665,0.0617367321,0.1771722986
0.5530000000,0.1186217388,0.0585501091,0.1771718479
0.5531666667,0.1214188993,0.0557527956,0.1771716949
0.5533333333,0.1238245714,0.0533472539,0.1771718253
0.5535000000,0.1258408060,0.0513314152,0.1771722212
0.5536666667,0.1274738951,0.0496989664,0.1771728615
0.5538333333,0.1287340358,0.0484396867,0.1771737225
0.5540000000,0.1296349530,0.0475398255,0.1771747786
0.5541666667,0.1301934896,0.0469825130,0.1771760026
0.5543333333,0.1304291733,0.0467481932,0.1771773665
0.5545000000,0.1303637708,0.0468150713,0.1771788421
0.5546666667,0.1300208360,0.0471595653,0.1771804014
0.5548333333,0.1294252623,0.0477567546,0.1771820169
0.5550000000,0.1286028460,0.0485808166,0.1771836626
0.5551666667,0.1275798683,0.0496054454,0.1771853137
0.5553333333,0.1263827017,0.0508042459,0.1771869475
0.5555000000,0.1250374457,0.0521510977,0.1771885434
0.5556666667,0.1235695974,0.0536204855,0.1771900829
0.5558333333,0.1220037582,0.0551877922,0.1771915504
0.5560000000,0.1203633802,0.0568295522,0.1771929323
0.5561666667,0.1186705532,0.0585236648,0.1771942181
0.5563333333,0.1169458328,0.0602495666,0.1771953994
0.5565000000,0.1152081076,0.0619883628,0.1771964704
0.5566666667,0.1134745068,0.0637229208,0.1771974276
0.5568333333,0.1117603439,0.0654379259,0.1771982698
0.5570000000,0.1100790943,0.0671199031,0.1771989974
0.5571666667,0.1084424058,0.0687572072,0.1771996130
0.5573333333,0.1068601352,0.0703399852,0.1772001204
0.5575000000,0.1053404109,0.0718601138,0.1772005247
0.5576666667,0.1038897152,0.0733111171,0.1772008324
0.5578333333,0.1025129841,0.0746880662,0.1772010503
0.5580000000,0.1012137200,0.0759874663,0.1772011863
0.5581666667,0.0999941146,0.0772071337,0.1772012483
0.5583333333,0.0988551778,0.0783460670,0.1772012448
0.5585000000,0.0977968697,0.0794043143,0.1772011840
0.5586666667,0.0968182340,0.0803828402,0.1772010741
0.5588333333,0.0959175280,0.0812833951,0.1772009230
0.5590000000,0.0950923499,0.0821083885,0.1772007384
0.5591666667,0.0943397592,0.0828607680,0.1772005272
0.5593333333,0.0936563901,0.0835439060,0.1772002961
0.5595000000,0.0930385565,0.0841614945,0.1772000510
0.5596666667,0.0924823474,0.0847174498,0.1771997973
0.5598333333,0.0919837133,0.0852158264,0.1771995397
0.5600000000,0.0915385416,0.0856607409,0.1771992824
0.5601666667,0.0911427230,0.0860563060,0.1771990290
0.5603333333,0.0907922076,0.0864065746,0.1771987822
0.5605000000,0.0904830521,0.0867154924,0.1771985445
0.5606666667,0.0902114576,0.0869868603,0.1771983178
0.5608333333,0.0899737996,0.0872243039,0.1771981035
0.5610000000,0.0897666505,0.0874312520,0.1771979025
0.5611666667,0.0895867954,0.0876109200,0.1771977154
0.5613333333,0.0894312416,0.0877663010,0.1771975425
0.5615000000,0.0892972232,0.0879001607,0.1771973839
0.5616666667,0.0891822013,0.0880150379,0.1771972392
0.5618333333,0.0890838604,0.0881132477,0.1771971081
0.5620000000,0.0890001016,0.0881968884,0.1771969900
0.5621666667,0.0889290338,0.0882678504,0.1771968842
0.5623333333,0.0888689631,0.0883278269,0.1771967900
0.5625000000,0.0888183801,0.0883783264,0.1771967065
0.5626666667,0.0887759477,0.0884206853,0.1771966330
0.5628333333,0.0887404874,0.0884560811,0.1771965685
0.5630000000,0.0887109658,0.0884855465,0.1771965123
0.5631666667,0.0886864814,0.0885099820,0.1771964634
0.5633333333,0.0886662519,0.0885301694,0.1771964213
0.5635000000,0.0886496012,0.0885467838,0.1771963851
0.5636666667,0.0886359484,0.0885604056,0.1771963541
0.5638333333,0.0886247964,0.0885715313,0.1771963277
0.5640000000,0.0886157219,0.0885805835,0.1771963053
0.5641666667,0.0886083661,0.0885879203,0.1771962865
0.5643333333,0.0886024265,0.0885938441,0.1771962707
0.5645000000,0.0885976489,0.0885986086,0.1771962574
0.5646666667,0.0885938207,0.0886024257,0.1771962464
0.5648333333,0.0885907653,0.0886054720,0.1771962373
0.5650000000,0.0885883361,0.0886078937,0.1771962298
0.5651666667,0.0885864124,0.0886098112,0.1771962236
0.5653333333,0.0885848949,0.0886113237,0.1771962186
0.5655000000,0.0885837026,0.0886125118,0.1771962145
0.5656666667,0.0885827696,0.0886134416,0.1771962111
0.5658333333,0.0885820423,0.0886141662,0.1771962085
0.5660000000,0.0885814777,0.0886147286,0.1771962063
0.5661666667,0.0885810411,0.0886151634,0.1771962046
0.5663333333,0.0885807050,0.0886154982,0.1771962032
0.5665000000,0.0885804472,0.0886157550,0.1771962021
0.5666666667,0.0885802503,0.0886159510,0.1771962013
0.5668333333,0.0885801005,0.0886161001,0.1771962006
0.5670000000,0.0885799871,0.0886162130,0.1771962001
0.5671666667,0.0885799015,0.0886162982,0.1771961997
0.5673333333,0.0885798373,0.0886163621,0.1771961994
0.5675000000,0.0885797892,0.0886164099,0.1771961991
0.5676666667,0.0885797534,0.0886164455,0.1771961989
0.5678333333,0.0885797269,0.0886164719,0.1771961988
0.5680000000,0.0885797073,0.0886164914,0.1771961987
0.5681666667,0.0885796929,0.0886165057,0.1771961986
0.5683333333,0.0885796824,0.0886165161,0.1771961985
0.5685000000,0.0885796747,0.0886165237,0.1771961985
0.5686666667,0.0885796692,0.0886165293,0.1771961985
0.5688333333,0.0885796652,0.0886165333,0.1771961984
0.5690000000,0.0885796623,0.0886165361,0.1771961984
0.5691666667,0.0885796602,0.0886165382,0.1771961984
0.5693333333,0.0885796588,0.0886165396,0.1771961984
0.5695000000,0.0885796577,0.0886165407,0.1771961984
0.5696666667,0.0885796570,0.0886165414,0.1771961984
0.5698333333,0.0885796565,0.0886165419,0.1771961984
0.5700000000,0.0885796561,0.0886165422,0.1771961984
0.5701666667,0.0885796559,0.0886165425,0.1771961984
0.5703333333,0.0885796557,0.0886165427,0.1771961984
0.5705000000,0.0885796556,0.0886165428,0.1771961984
0.5706666667,0.0885796555,0.0886165429,0.1771961984
0.5708333333,0.0885796554,0.0886165429,0.1771961984
0.5710000000,0.0885796554,0.0886165429,0.1771961984
0.5711666667,0.0885796554,0.0886165430,0.1771961984
0.5713333333,0.0885796554,0.0886165430,0.1771961984
0.5715000000,0.0885796554,0.0886165430,0.1771961984
0.5716666667,0.0885796553,0.0886165430,0.1771961984
0.5718333333,0.0885796553,0.0886165430,0.1771961984
0.5720000000,0.0885796553,0.0886165430,0.1771961984
0.5721666667,0.0885796553,0.0886165430,0.1771961984
0.5723333333,0.0885796553,0.0886165430,0.1771961984
0.5725000000,0.0885796553,0.0886165430,0.1771961984
0.5726666667,0.0885796553,0.0886165430,0.1771961984
0.5728333333,0.0885796553,0.0886165430,0.1771961984
0.5730000000,0.0885796553,0.0886165430,0.1771961984
0.5731666667,0.0885796553,0.0886165430,0.1771961984
0.5733333333,0.0885796553,0.0886165430,0.1771961984
0.5735000000,0.0885796553,0.0886165430,0.1771961984
0.5736666667,0.0885796553,0.0886165430,0.1771961984
0.5738333333,0.0885796553,0.0886165430,0.1771961984
0.5740000000,0.0885796554,0.0886165430,0.1771961984
0.5741666667,0.0885796554,0.0886165430,0.1771961984
0.5743333333,0.0885796554,0.0886165430,0.1771961984
0.5745000000,0.0885796554,0.0886165430,0.1771961984
0.5746666667,0.0885796554,0.0886165430,0.1771961984
0.5748333333,0.0885796554,0.0886165430,0.1771961984
0.5750000000,0.0885796554,0.0886165430,0.1771961984
0.5751666667,0.0885796554,0.0886165429,0.1771961984
0.5753333333,0.0885796554,0.0886165429,0.1771961984
0.5755000000,0.0885796555,0.0886165429,0.1771961984
0.5756666667,0.0885796555,0.0886165429,0.1771961984
0.5758333333,0.0885796555,0.0886165428,0.1771961984
0.5760000000,0.0885796556,0.0886165428,0.1771961984
0.5761666667,0.0885796557,0.0886165427,0.1771961984
0.5763333333,0.0885796557,0.0886165426,0.1771961984
0.5765000000,0.0885796558,0.0886165425,0.1771961984
0.5766666667,0.0885796560,0.0886165424,0.1771961984
0.5768333333,0.0885796561,0.0886165422,0.1771961984
0.5770000000,0.0885796563,0.0886165421,0.1771961984
0.5771666667,0.0885796565,0.0886165418,0.1771961984
0.5773333333,0.0885796568,0.0886165416,0.1771961984
0.5775000000,0.0885796571,0.0886165412,0.1771961984
0.5776666667,0.0885796575,0.0886165408,0.1771961984
0.5778333333,0.0885796580,0.0886165404,0.1771961984
0.5780000000,0.0885796586,0.0886165398,0.1771961984
0.5781666667,0.0885796593,0.0886165391,0.1771961984
0.5783333333,0.0885796601,0.0886165382,0.1771961984
0.5785000000,0.0885796612,0.0886165372,0.1771961984
0.5786666667,0.0885796624,0.0886165360,0.1771961984
0.5788333333,0.0885796638,0.0886165345,0.1771961984
0.5790000000,0.0885796656,0.0886165328,0.1771961984
0.5791666667,0.0885796676,0.0886165307,0.1771961984
0.5793333333,0.0885796701,0.0886165283,0.1771961984
0.5795000000,0.0885796730,0.0886165254,0.1771961984
0.5796666667,0.0885796764,0.0886165220,0.1771961984
0.5798333333,0.0885796804,0.0886165180,0.1771961984
0.5800000000,0.0885796852,0.0886165133,0.1771961984
0.5801666667,0.0885796907,0.0886165077,0.1771961984
0.5803333333,0.0885796972,0.0886165012,0.1771961984
0.5805000000,0.0885797047,0.0886164937,0.1771961984
0.5806666667,0.0885797135,0.0886164849,0.1771961984
0.5808333333,0.0885797237,0.0886164747,0.1771961985
0.5810000000,0.0885797355,0.0886164629,0.1771961985
0.5811666667,0.0885797491,0.0886164493,0.1771961985
0.5813333333,0.0885797648,0.0886164337,0.1771961985
0.5815000000,0.0885797828,0.0886164157,0.1771961985
0.5816666667,0.0885798034,0.0886163951,0.1771961985
0.5818333333,0.0885798269,0.0886163716,0.1771961986
0.5820000000,0.0885798537,0.0886163449,0.1771961986
0.5821666667,0.0885798840,0.0886163146,0.1771961986
0.5823333333,0.0885799184,0.0886162803,0.1771961986
0.5825000000,0.0885799571,0.0886162415,0.1771961987
0.5826666667,0.0885800007,0.0886161980,0.1771961987
0.5828333333,0.0885800495,0.0886161492,0.1771961987
0.5830000000,0.0885801040,0.0886160947,0.1771961987
0.5831666667,0.0885801647,0.0886160341,0.1771961988
0.5833333333,0.0885802320,0.0886159668,0.1771961988
0.5835000000,0.0885803065,0.0886158923,0.1771961988
0.5836666667,0.0885803885,0.0886158104,0.1771961989
0.5838333333,0.0885804784,0.0886157204,0.1771961989
0.5840000000,0.0885805767,0.0886156222,0.1771961989
0.5841666667,0.0885806837,0.0886155152,0.1771961989
0.5843333333,0.0885807996,0.0886153993,0.1771961989
0.5845000000,0.0885809247,0.0886152743,0.1771961989
0.5846666667,0.0885810589,0.0886151400,0.1771961989
0.5848333333,0.0885812023,0.0886149967,0.1771961989
0.5850000000,0.0885813546,0.0886148443,0.1771961989
0.5851666667,0.0885815155,0.0886146834,0.1771961989
0.5853333333,0.0885816844,0.0886145144,0.1771961988
0.5855000000,0.0885818605,0.0886143382,0.1771961987
0.5856666667,0.0885820429,0.0886141558,0.1771961987
0.5858333333,0.0885822302,0.0886139684,0.1771961986
0.5860000000,0.0885824208,0.0886137777,0.1771961984
0.5861666667,0.0885826128,0.0886135855,0.1771961983
0.5863333333,0.0885828040,0.0886133941,0.1771961981
0.5865000000,0.0885829918,0.0886132062,0.1771961980
0.5866666667,0.0885831731,0.0886130246,0.1771961977
0.5868333333,0.0885833447,0.0886128528,0.1771961975
0.5870000000,0.0885835028,0.0886126945,0.1771961973
0.5871666667,0.0885836432,0.0886125537,0.1771961970
0.5873333333,0.0885837616,0.0886124351,0.1771961967
0.5875000000,0.0885838530,0.0886123433,0.1771961964
0.5876666667,0.0885839124,0.0886122836,0.1771961960
0.5878333333,0.0885839342,0.0886122614,0.1771961957
0.5880000000,0.0885839129,0.0886122824,0.1771961953
0.5881666667,0.0885838427,0.0886123522,0.1771961949
0.5883333333,0.0885837177,0.0886124769,0.1771961946
0.5885000000,0.0885835320,0.0886126622,0.1771961942
0.5886666667,0.0885832799,0.0886129140,0.1771961939
0.5888333333,0.0885829558,0.0886132377,0.1771961935
0.5890000000,0.0885825547,0.0886136386,0.1771961932
0.5891666667,0.0885820717,0.0886141213,0.1771961930
0.5893333333,0.0885815030,0.0886146898,0.1771961928
0.5895000000,0.0885808451,0.0886153475,0.1771961926
0.5896666667,0.0885800959,0.0886160967,0.1771961926
0.5898333333,0.0885792541,0.0886169385,0.1771961926
0.5900000000,0.0885783198,0.0886178729,0.1771961927
0.5901666667,0.0885772943,0.0886188985,0.1771961928
0.5903333333,0.0885761809,0.0886200123,0.1771961931
0.5905000000,0.0885749840,0.0886212095,0.1771961935
0.5906666667,0.0885737102,0.0886224838,0.1771961941
0.5908333333,0.0885723679,0.0886238268,0.1771961947
0.5910000000,0.0885709672,0.0886252283,0.1771961955
0.5911666667,0.0885695205,0.0886266758,0.1771961964
0.5913333333,0.0885680420,0.0886281554,0.1771961974
0.5915000000,0.0885665477,0.0886296508,0.1771961985
0.5916666667,0.0885650556,0.0886311441,0.1771961997
0.5918333333,0.0885635854,0.0886326157,0.1771962010
0.5920000000,0.0885621582,0.0886340442,0.1771962024
0.5921666667,0.0885607966,0.0886354073,0.1771962039
0.5923333333,0.0885595240,0.0886366815,0.1771962054
0.5925000000,0.0885583646,0.0886378423,0.1771962070
0.5926666667,0.0885573432,0.0886388653,0.1771962085
0.5928333333,0.0885564841,0.0886397259,0.1771962100
0.5930000000,0.0885558116,0.0886403999,0.1771962115
0.5931666667,0.0885553488,0.0886408640,0.1771962128
0.5933333333,0.0885551175,0.0886410966,0.1771962141
0.5935000000,0.0885551375,0.0886410777,0.1771962152
0.5936666667,0.0885554265,0.0886407896,0.1771962161
0.5938333333,0.0885559990,0.0886402178,0.1771962168
0.5940000000,0.0885568665,0.0886393508,0.1771962173
0.5941666667,0.0885580365,0.0886381811,0.1771962175
0.5943333333,0.0885595125,0.0886367050,0.1771962175
0.5945000000,0.0885612936,0.0886349236,0.1771962171
0.5946666667,0.0885633740,0.0886328425,0.1771962164
0.5948333333,0.0885657432,0.0886304723,0.1771962155
0.5950000000,0.0885683856,0.0886278286,0.1771962142
0.5951666667,0.0885712805,0.0886249321,0.1771962126
0.5953333333,0.0885744024,0.0886218083,0.1771962107
0.5955000000,0.0885777209,0.0886184876,0.1771962085
0.5956666667,0.0885812014,0.0886150047,0.1771962061
0.5958333333,0.0885848049,0.0886113985,0.1771962034
0.5960000000,0.0885884892,0.0886077114,0.1771962006
0.5961666667,0.0885922087,0.0886039889,0.1771961976
0.5963333333,0.0885959159,0.0886002786,0.1771961945
0.5965000000,0.0885995615,0.0885966299,0.1771961914
0.5966666667,0.0886030954,0.0885930929,0.1771961883
0.5968333333,0.0886064678,0.0885897174,0.1771961852
0.5970000000,0.0886096296,0.0885865526,0.1771961822
0.5971666667,0.0886125339,0.0885836456,0.1771961795
0.5973333333,0.0886151361,0.0885810408,0.1771961769
0.5975000000,0.0886173957,0.0885787790,0.1771961746
0.5976666667,0.0886192760,0.0885768966,0.1771961727
0.5978333333,0.0886207460,0.0885754250,0.1771961711
0.5980000000,0.0886217802,0.0885743897,0.1771961699
0.5981666667,0.0886223593,0.0885738098,0.1771961691
0.5983333333,0.0886224710,0.0885736977,0.1771961688
0.5985000000,0.0886221101,0.0885740587,0.1771961689
0.5986666667,0.0886212785,0.0885748909,0.1771961695
0.5988333333,0.0886199855,0.0885761850,0.1771961705
0.5990000000,0.0886182475,0.0885779245,0.1771961720
0.5991666667,0.0886160878,0.0885800860,0.1771961738
0.5993333333,0.0886135363,0.0885826398,0.1771961761
0.5995000000,0.0886106288,0.0885855498,0.1771961787
0.5996666667,0.0886074067,0.0885887749,0.1771961815
0.5998333333,0.0886039156,0.0885922690,0.1771961846
0.6000000000,0.0886002053,0.0885959827,0.1771961879
0.6001666667,0.0885963280,0.0885998633,0.1771961913
0.6003333333,0.0885923383,0.0886038565,0.1771961948
0.6005000000,0.0885882913,0.0886079069,0.1771961982
0.6006666667,0.0885842423,0.0886119594,0.1771962016
0.6008333333,0.0885802452,0.0886159597,0.1771962049
0.6010000000,0.0885763522,0.0886198557,0.1771962080
0.6011666667,0.0885726126,0.0886235982,0.1771962108
0.6013333333,0.0885690718,0.0886271415,0.1771962134
0.6015000000,0.0885657710,0.0886304446,0.1771962157
0.6016666667,0.0885627463,0.0886334713,0.1771962176
0.6018333333,0.0885600282,0.0886361909,0.1771962191
0.6020000000,0.0885576415,0.0886385788,0.1771962203
0.6021666667,0.0885556048,0.0886406163,0.1771962211
0.6023333333,0.0885539304,0.0886422910,0.1771962214
0.6025000000,0.0885526247,0.0886435967,0.1771962214
0.6026666667,0.0885516877,0.0886445334,0.1771962211
0.6028333333,0.0885511138,0.0886451066,0.1771962204
0.6030000000,0.0885508920,0.0886453274,0.1771962194
0.6031666667,0.0885510062,0.0886452119,0.1771962181
0.6033333333,0.0885514361,0.0886447805,0.1771962166
0.6035000000,0.0885521573,0.0886440576,0.1771962149
0.6036666667,0.0885531424,0.0886430706,0.1771962130
0.6038333333,0.0885543615,0.0886418495,0.1771962110
0.6040000000,0.0885557828,0.0886404262,0.1771962089
0.6041666667,0.0885573734,0.0886388335,0.1771962069
0.6043333333,0.0885590999,0.0886371049,0.1771962048
0.6045000000,0.0885609292,0.0886352736,0.1771962027
0.6046666667,0.0885628287,0.0886333721,0.1771962008
0.6048333333,0.0885647674,0.0886314315,0.1771961989
0.6050000000,0.0885667157,0.0886294815,0.1771961972
0.6051666667,0.0885686465,0.0886275492,0.1771961957
0.6053333333,0.0885705349,0.0886256595,0.1771961943
0.6055000000,0.0885723588,0.0886238344,0.1771961931
0.6056666667,0.0885740990,0.0886220931,0.1771961921
0.6058333333,0.0885757395,0.0886204517,0.1771961913
0.6060000000,0.0885772671,0.0886189235,0.1771961906
0.6061666667,0.0885786717,0.0886175185,0.1771961902
0.6063333333,0.0885799460,0.0886162439,0.1771961899
0.6065000000,0.0885810857,0.0886151041,0.1771961898
0.6066666667,0.0885820889,0.0886141010,0.1771961898
0.6068333333,0.0885829561,0.0886132339,0.1771961900
0.6070000000,0.0885836899,0.0886125004,0.1771961903
0.6071666667,0.0885842950,0.0886118957,0.1771961907
0.6073333333,0.0885847772,0.0886114139,0.1771961911
0.6075000000,0.0885851441,0.0886110476,0.1771961917
0.6076666667,0.0885854039,0.0886107884,0.1771961922
0.6078333333,0.0885855658,0.0886106270,0.1771961928
0.6080000000,0.0885856395,0.0886105540,0.1771961935
0.6081666667,0.0885856348,0.0886105593,0.1771961941
0.6083333333,0.0885855616,0.0886106331,0.1771961947
0.6085000000,0.0885854298,0.0886107655,0.1771961953
0.6086666667,0.0885852489,0.0886109470,0.1771961959
0.6088333333,0.0885850278,0.0886111686,0.1771961964
0.6090000000,0.0885847752,0.0886114217,0.1771961969
0.6091666667,0.0885844989,0.0886116984,0.1771961973
0.6093333333,0.0885842060,0.0886119917,0.1771961977
0.6095000000,0.0885839031,0.0886122950,0.1771961981
0.6096666667,0.0885835957,0.0886126027,0.1771961984
0.6098333333,0.0885832889,0.0886129098,0.1771961987
0.6100000000,0.0885829868,0.0886132121,0.1771961989
0.6101666667,0.0885826930,0.0886135061,0.1771961991
0.6103333333,0.0885824103,0.0886137889,0.1771961992
0.6105000000,0.0885821408,0.0886140585,0.1771961993
0.6106666667,0.0885818863,0.0886143130,0.1771961994
0.6108333333,0.0885816480,0.0886145514,0.1771961994
0.6110000000,0.0885814264,0.0886147730,0.1771961994
0.6111666667,0.0885812219,0.0886149775,0.1771961994
0.6113333333,0.0885810345,0.0886151649,0.1771961994
0.6115000000,0.0885808639,0.0886153355,0.1771961994
0.6116666667,0.0885807096,0.0886154898,0.1771961993
0.6118333333,0.0885805707,0.0886156285,0.1771961993
0.6120000000,0.0885804466,0.0886157526,0.1771961992
0.6121666667,0.0885803363,0.0886158629,0.1771961992
0.6123333333,0.0885802387,0.0886159603,0.1771961991
0.6125000000,0.0885801530,0.0886160460,0.1771961990
0.6126666667,0.0885800780,0.0886161210,0.1771961990
0.6128333333,0.0885800127,0.0886161862,0.1771961989
0.6130000000,0.0885799562,0.0886162426,0.1771961988
0.6131666667,0.0885799076,0.0886162912,0.1771961988
0.6133333333,0.0885798659,0.0886163329,0.1771961987
0.6135000000,0.0885798303,0.0886163684,0.1771961987
0.6136666667,0.0885798001,0.0886163985,0.1771961986
0.6138333333,0.0885797746,0.0886164240,0.1771961986
0.6140000000,0.0885797532,0.0886164454,0.1771961986
0.6141666667,0.0885797353,0.0886164633,0.1771961985
0.6143333333,0.0885797204,0.0886164781,0.1771961985
0.6145000000,0.0885797080,0.0886164905,0.1771961985
0.6146666667,0.0885796978,0.0886165007,0.1771961985
0.6148333333,0.0885796894,0.0886165090,0.1771961985
0.6150000000,0.0885796826,0.0886165158,0.1771961984
0.6151666667,0.0885796770,0.0886165214,0.1771961984
0.6153333333,0.0885796725,0.0886165259,0.1771961984
0.6155000000,0.0885796689,0.0886165295,0.1771961984
0.6156666667,0.0885796660,0.0886165324,0.1771961984
0.6158333333,0.0885796637,0.0886165347,0.1771961984
0.6160000000,0.0885796618,0.0886165366,0.1771961984
0.6161666667,0.0885796604,0.0886165380,0.1771961984
0.6163333333,0.0885796592,0.0886165392,0.1771961984
0.6165000000,0.0885796583,0.0886165401,0.1771961984
0.6166666667,0.0885796576,0.0886165408,0.1771961984
0.6168333333,0.0885796571,0.0886165413,0.1771961984
0.6170000000,0.0885796566,0.0886165417,0.1771961984
0.6171666667,0.0885796563,0.0886165420,0.1771961984
0.6173333333,0.0885796561,0.0886165423,0.1771961984
0.6175000000,0.0885796559,0.0886165425,0.1771961984
0.6176666667,0.0885796557,0.0886165426,0.1771961984
0.6178333333,0.0885796556,0.0886165427,0.1771961984
0.6180000000,0.0885796556,0.0886165428,0.1771961984
0.6181666667,0.0885796555,0.0886165429,0.1771961984
0.6183333333,0.0885796555,0.0886165429,0.1771961984
0.6185000000,0.0885796554,0.0886165429,0.1771961984
0.6186666667,0.0885796554,0.0886165430,0.1771961984
0.6188333333,0.0885796554,0.0886165430,0.1771961984
0.6190000000,0.0885796554,0.0886165430,0.1771961984
0.6191666667,0.0885796554,0.0886165430,0.1771961984
0.6193333333,0.0885796554,0.0886165430,0.1771961984
0.6195000000,0.0885796553,0.0886165430,0.1771961984
0.6196666667,0.0885796553,0.0886165430,0.1771961984
0.6198333333,0.0885796553,0.0886165430,0.1771961984
0.6200000000,0.0885796553,0.0886165430,0.1771961984
0.6201666667,0.0885796553,0.0886165430,0.1771961984
0.6203333333,0.0885796554,0.0886165430,0.1771961984
0.6205000000,0.0885796554,0.0886165430,0.1771961984
0.6206666667,0.0885796554,0.0886165430,0.1771961984
0.6208333333,0.0885796554,0.0886165430,0.1771961984
0.6210000000,0.0885796554,0.0886165430,0.1771961984
0.6211666667,0.0885796554,0.0886165430,0.1771961984
0.6213333333,0.0885796554,0.0886165429,0.1771961984
0.6215000000,0.0885796554,0.0886165429,0.1771961984
0.6216666667,0.0885796555,0.0886165429,0.1771961984
0.6218333333,0.0885796555,0.0886165429,0.1771961984
0.6220000000,0.0885796556,0.0886165428,0.1771961984
0.6221666667,0.0885796556,0.0886165427,0.1771961984
0.6223333333,0.0885796557,0.0886165426,0.1771961984
0.6225000000,0.0885796558,0.0886165425,0.1771961984
0.6226666667,0.0885796560,0.0886165424,0.1771961984
0.6228333333,0.0885796562,0.0886165422,0.1771961984
0.6230000000,0.0885796564,0.0886165419,0.1771961984
0.6231666667,0.0885796568,0.0886165416,0.1771961984
0.6233333333,0.0885796572,0.0886165412,0.1771961984
0.6235000000,0.0885796577,0.0886165406,0.1771961984
0.6236666667,0.0885796584,0.0886165399,0.1771961984
0.6238333333,0.0885796593,0.0886165390,0.1771961984
0.6240000000,0.0885796605,0.0886165379,0.1771961984
0.6241666667,0.0885796620,0.0886165364,0.1771961984
0.6243333333,0.0885796638,0.0886165345,0.1771961984
0.6245000000,0.0885796662,0.0886165322,0.1771961984
0.6246666667,0.0885796693,0.0886165291,0.1771961984
0.6248333333,0.0885796732,0.0886165252,0.1771961984
0.6250000000,0.0885796781,0.0886165203,0.1771961984
0.6251666667,0.0885796843,0.0886165141,0.1771961985
0.6253333333,0.0885796922,0.0886165063,0.1771961985
0.6255000000,0.0885797021,0.0886164964,0.1771961985
0.6256666667,0.0885797145,0.0886164840,0.1771961986
0.6258333333,0.0885797302,0.0886164684,0.1771961986
0.6260000000,0.0885797498,0.0886164488,0.1771961987
0.6261666667,0.0885797744,0.0886164243,0.1771961987
0.6263333333,0.0885798052,0.0886163937,0.1771961988
0.6265000000,0.0885798435,0.0886163555,0.1771961989
0.6266666667,0.0885798912,0.0886163079,0.1771961991
0.6268333333,0.0885799505,0.0886162488,0.1771961992
0.6270000000,0.0885800240,0.0886161754,0.1771961994
0.6271666667,0.0885801151,0.0886160846,0.1771961997
0.6273333333,0.0885802276,0.0886159724,0.1771962000
0.6275000000,0.0885803664,0.0886158339,0.1771962004
0.6276666667,0.0885805373,0.0886156635,0.1771962008
0.6278333333,0.0885807473,0.0886154540,0.1771962013
0.6280000000,0.0885810049,0.0886151970,0.1771962020
0.6281666667,0.0885813203,0.0886148825,0.1771962027
0.6283333333,0.0885817056,0.0886144980,0.1771962036
0.6285000000,0.0885821755,0.0886140292,0.1771962047
0.6286666667,0.0885827476,0.0886134585,0.1771962060
0.6288333333,0.0885834425,0.0886127651,0.1771962076
0.6290000000,0.0885842852,0.0886119242,0.1771962094
0.6291666667,0.0885853049,0.0886109066,0.1771962116
0.6293333333,0.0885865366,0.0886096775,0.1771962141
0.6295000000,0.0885880213,0.0886081958,0.1771962171
0.6296666667,0.0885898075,0.0886064131,0.1771962207
0.6298333333,0.0885919522,0.0886042726,0.1771962248
0.6300000000,0.0885945222,0.0886017075,0.1771962297
0.6301666667,0.0885975956,0.0885986398,0.1771962354
0.6303333333,0.0886012636,0.0885949784,0.1771962420
0.6305000000,0.0886056324,0.0885906173,0.1771962497
0.6306666667,0.0886108254,0.0885854333,0.1771962586
0.6308333333,0.0886169852,0.0885792837,0.1771962689
0.6310000000,0.0886242770,0.0885720037,0.1771962808
0.6311666667,0.0886328908,0.0885634036,0.1771962944
0.6313333333,0.0886430451,0.0885532649,0.1771963100
0.6315000000,0.0886549901,0.0885413377,0.1771963279
0.6316666667,0.0886690121,0.0885273361,0.1771963482
0.6318333333,0.0886854371,0.0885109342,0.1771963713
0.6320000000,0.0887046357,0.0884917618,0.1771963975
0.6321666667,0.0887270278,0.0884693993,0.1771964271
0.6323333333,0.0887530878,0.0884433727,0.1771964605
0.6325000000,0.0887833500,0.0884131479,0.1771964979
0.6326666667,0.0888184144,0.0883781255,0.1771965399
0.6328333333,0.0888589525,0.0883376341,0.1771965866
0.6330000000,0.0889057135,0.0882909251,0.1771966386
0.6331666667,0.0889595305,0.0882371658,0.1771966963
0.6333333333,0.0890213264,0.0881754335,0.1771967599
0.6335000000,0.0890921204,0.0881047096,0.1771968300
0.6336666667,0.0891730337,0.0880238730,0.1771969067
0.6338333333,0.0892652948,0.0879316957,0.1771969905
0.6340000000,0.0893702450,0.0878268366,0.1771970816
0.6341666667,0.0894893422,0.0877078380,0.1771971802
0.6343333333,0.0896241644,0.0875731221,0.1771972865
0.6345000000,0.0897764119,0.0874209885,0.1771974005
0.6346666667,0.0899479084,0.0872496137,0.1771975221
0.6348333333,0.0901405996,0.0870570516,0.1771976512
0.6350000000,0.0903565505,0.0868412370,0.1771977875
0.6351666667,0.0905979405,0.0865999899,0.1771979304
0.6353333333,0.0908670551,0.0863310242,0.1771980793
0.6355000000,0.0911662759,0.0860319575,0.1771982334
0.6356666667,0.0914980655,0.0857003260,0.1771983915
0.6358333333,0.0918649508,0.0853336015,0.1771985523
0.6360000000,0.0922695008,0.0849292133,0.1771987141
0.6361666667,0.0927143010,0.0844845741,0.1771988751
0.6363333333,0.0932019227,0.0839971103,0.1771990330
0.6365000000,0.0937348881,0.0834642973,0.1771991854
0.6366666667,0.0943156300,0.0828836994,0.1771993295
0.6368333333,0.0949464465,0.0822530155,0.1771994620
0.6370000000,0.0956294509,0.0815701286,0.1771995795
0.6371666667,0.0963665162,0.0808331621,0.1771996783
0.6373333333,0.0971592149,0.0800405394,0.1771997543
0.6375000000,0.0980087541,0.0791910491,0.1771998031
0.6376666667,0.0989159064,0.0782839140,0.1771998203
0.6378333333,0.0998809373,0.0773188638,0.1771998011
0.6380000000,0.1009035294,0.0762962112,0.1771997406
0.6381666667,0.1019827047,0.0752169291,0.1771996339
0.6383333333,0.1031167457,0.0740827302,0.1771994760
0.6385000000,0.1043031169,0.0728961452,0.1771992621
0.6386666667,0.1055383874,0.0716606003,0.1771989877
0.6388333333,0.1068181568,0.0703804914,0.1771986482
0.6390000000,0.1081369863,0.0690612536,0.1771982399
0.6391666667,0.1094883350,0.0677094242,0.1771977591
0.6393333333,0.1108645061,0.0663326973,0.1771972033
0.6395000000,0.1122566029,0.0649399676,0.1771965705
0.6396666667,0.1136544972,0.0635413623,0.1771958595
0.6398333333,0.1150468130,0.0621482574,0.1771950703
0.6400000000,0.1164209261,0.0607732781,0.1771942042
0.6401666667,0.1177629835,0.0594302800,0.1771932635
0.6403333333,0.1190579426,0.0581343097,0.1771922522
0.6405000000,0.1202896330,0.0569015426,0.1771911756
0.6406666667,0.1214408428,0.0557491978,0.1771900406
0.6408333333,0.1224934289,0.0546954268,0.1771888558
0.6410000000,0.1234284544,0.0537591769,0.1771876313
0.6411666667,0.1242263515,0.0529600276,0.1771863791
0.6413333333,0.1248671109,0.0523180016,0.1771851125
0.6415000000,0.1253304978,0.0518533489,0.1771838466
0.6416666667,0.1255962917,0.0515863063,0.1771825980
0.6418333333,0.1256445497,0.0515368346,0.1771813843
0.6420000000,0.1254558907,0.0517243338,0.1771802245
0.6421666667,0.1250117974,0.0521673410,0.1771791384
0.6423333333,0.1242949322,0.0528832141,0.1771781463
0.6425000000,0.1232894641,0.0538878051,0.1771772692
0.6426666667,0.1219814005,0.0551951272,0.1771765277
0.6428333333,0.1203589192,0.0568170232,0.1771759424
0.6430000000,0.1184126951,0.0587628379,0.1771755330
0.6431666667,0.1161362151,0.0610391030,0.1771753181
0.6433333333,0.1135260751,0.0636492397,0.1771753148
0.6435000000,0.1105822522,0.0665932861,0.1771755382
0.6436666667,0.1073083460,0.0698676551,0.1771760011
0.6438333333,0.1037117823,0.0734649311,0.1771767134
0.6440000000,0.0998039722,0.0773737099,0.1771776821
0.6441666667,0.0956004226,0.0815784881,0.1771789107
0.6443333333,0.0911207904,0.0860596085,0.1771803989
0.6445000000,0.0863888781,0.0907932644,0.1771821424
0.6446666667,0.0814325651,0.0957515678,0.1771841329
0.6448333333,0.0762836741,0.1009026837,0.1771863577
0.6450000000,0.0709777684,0.1062110316,0.1771888000
0.6451666667,0.0655538826,0.1116375561,0.1771914387
0.6453333333,0.0600541847,0.1171400638,0.1771942486
0.6455000000,0.0545235749,0.1226736257,0.1771972007
0.6456666667,0.0490092219,0.1281910406,0.1772002625
0.6458333333,0.0435600438,0.1336433547,0.1772033985
0.6460000000,0.0382261395,0.1389804308,0.1772065703
0.6461666667,0.0330581778,0.1441515600,0.1772097377
0.6463333333,0.0281067534,0.1491061055,0.1772128589
0.6465000000,0.0234217204,0.1537941709,0.1772158913
0.6466666667,0.0190515122,0.1581672802,0.1772187924
0.6468333333,0.0150424618,0.1621790583,0.1772215201
0.6470000000,0.0114381319,0.1657859022,0.1772240341
0.6471666667,0.0082786687,0.1689476272,0.1772262959
0.6473333333,0.0056001902,0.1716280799,0.1772282702
0.6475000000,0.0034342217,0.1737957035,0.1772299252
0.6476666667,0.0018071880,0.1754240454,0.1772312334
0.6478333333,0.0007399750,0.1764921971,0.1772321721
0.6480000000,0.0002475671,0.1769851568,0.1772327239
0.6481666667,0.0003387708,0.1768941065,0.1772328773
0.6483333333,0.0010160281,0.1762165984,0.1772326264
0.6485000000,0.0022753271,0.1749566449,0.1772319720
0.6486666667,0.0041062105,0.1731247102,0.1772309207
0.6488333333,0.0064918840,0.1707376015,0.1772294856
0.6490000000,0.0094094225,0.1678182629,0.1772276854
0.6491666667,0.0128300724,0.1643954724,0.1772255448
0.6493333333,0.0167196438,0.1605034498,0.1772230936
0.6495000000,0.0210389866,0.1561813797,0.1772203663
0.6496666667,0.0257445419,0.1514728597,0.1772174016
0.6498333333,0.0307889579,0.1464252835,0.1772142414
0.6500000000,0.0361217607,0.1410891697,0.1772109303
0.6501666667,0.0416900664,0.1355174485,0.1772075149
0.6503333333,0.0474393221,0.1297647202,0.1772040423
0.6505000000,0.0533140622,0.1238864980,0.1772005602
0.6506666667,0.0592586662,0.1179384490,0.1771971152
0.6508333333,0.0652181050,0.1119756476,0.1771937526
0.6510000000,0.0711386622,0.1060518530,0.1771905151
0.6511666667,0.0769686180,0.1002188247,0.1771874427
0.6513333333,0.0826588854,0.0945256860,0.1771845713
0.6515000000,0.0881635866,0.0890183464,0.1771819330
0.6516666667,0.0934405635,0.0837389915,0.1771795550
0.6518333333,0.0984518121,0.0787256474,0.1771774595
0.6520000000,0.1031638386,0.0740118249,0.1771756636
0.6521666667,0.1075479309,0.0696262478,0.1771741788
0.6523333333,0.1115803452,0.0655926663,0.1771730115
0.6525000000,0.1152424066,0.0619297561,0.1771721627
0.6526666667,0.1185205265,0.0586511019,0.1771716284
0.6528333333,0.1214061387,0.0557652611,0.1771713998
0.6530000000,0.1238955601,0.0532759038,0.1771714639
0.6531666667,0.1259897811,0.0511820224,0.1771718035
0.6533333333,0.1276941940,0.0494782041,0.1771723981
0.6535000000,0.1290182662,0.0481549583,0.1771732244
0.6536666667,0.1299751681,0.0471990888,0.1771742569
0.6538333333,0.1305813648,0.0465941034,0.1771754682
0.6540000000,0.1308561796,0.0463206503,0.1771768299
0.6541666667,0.1308213417,0.0463569713,0.1771783131
0.6543333333,0.1305005246,0.0466793643,0.1771798889
0.6545000000,0.1299188851,0.0472626441,0.1771815291
0.6546666667,0.1291026117,0.0480805947,0.1771832064
0.6548333333,0.1280784898,0.0491064052,0.1771848950
0.6550000000,0.1268734889,0.0503130820,0.1771865709
0.6551666667,0.1255143800,0.0516738323,0.1771882123
0.6553333333,0.1240273857,0.0531624139,0.1771897996
0.6555000000,0.1224378689,0.0547534469,0.1771913158
0.6556666667,0.1207700599,0.0564226866,0.1771927465
0.6558333333,0.1190468267,0.0581472533,0.1771940800
0.6560000000,0.1172894866,0.0599058205,0.1771953071
0.6561666667,0.1155176599,0.0616787613,0.1771964212
0.6563333333,0.1137491651,0.0634482532,0.1771974183
0.6565000000,0.1119999522,0.0651983444,0.1771982965
0.6566666667,0.1102840729,0.0669149832,0.1771990561
0.6568333333,0.1086136847,0.0685860145,0.1771996992
0.6570000000,0.1069990843,0.0702011453,0.1772002295
0.6571666667,0.1054487678,0.0717518846,0.1772006524
0.6573333333,0.1039695135,0.0732314606,0.1772009741
0.6575000000,0.1025664834,0.0746347186,0.1772012019
0.6576666667,0.1012433386,0.0759580053,0.1772013439
0.6578333333,0.1000023668,0.0771990415,0.1772014083
0.6580000000,0.0988446164,0.0783567875,0.1772014039
0.6581666667,0.0977700344,0.0794313050,0.1772013394
0.6583333333,0.0967776061,0.0804236173,0.1772012234
0.6585000000,0.0958654925,0.0813355718,0.1772010643
0.6586666667,0.0950311632,0.0821697067,0.1772008700
0.6588333333,0.0942715247,0.0829291233,0.1772006480
0.6590000000,0.0935830394,0.0836173659,0.1772004053
0.6591666667,0.0929618368,0.0842383114,0.1772001482
0.6593333333,0.0924038147,0.0847960677,0.1771998824
0.6595000000,0.0919047301,0.0852948828,0.1771996129
0.6596666667,0.0914602792,0.0857390648,0.1771993440
0.6598333333,0.0910661675,0.0861329119,0.1771990795
0.6600000000,0.0907181689,0.0864806535,0.1771988224
0.6601666667,0.0904121748,0.0867864004,0.1771985752
0.6603333333,0.0901442344,0.0870541055,0.1771983399
0.6605000000,0.0899105856,0.0872875323,0.1771981179
0.6606666667,0.0897076781,0.0874902321,0.1771979102
0.6608333333,0.0895321895,0.0876655279,0.1771977173
0.6610000000,0.0893810346,0.0878165050,0.1771975396
0.6611666667,0.0892513699,0.0879460071,0.1771973770
0.6613333333,0.0891405924,0.0880566367,0.1771972291
0.6615000000,0.0890463354,0.0881507601,0.1771970956
0.6616666667,0.0889664609,0.0882305147,0.1771969757
0.6618333333,0.0888990492,0.0882978195,0.1771968687
0.6620000000,0.0888423869,0.0883543869,0.1771967738
0.6621666667,0.0887949536,0.0884017364,0.1771966901
0.6623333333,0.0887554080,0.0884412086,0.1771966166
0.6625000000,0.0887225731,0.0884739794,0.1771965525
0.6626666667,0.0886954218,0.0885010751,0.1771964969
0.6628333333,0.0886730625,0.0885233864,0.1771964489
0.6630000000,0.0886547253,0.0885416823,0.1771964077
0.6631666667,0.0886397491,0.0885566233,0.1771963724
0.6633333333,0.0886275686,0.0885687739,0.1771963425
0.6635000000,0.0886177033,0.0885786138,0.1771963172
0.6636666667,0.0886097468,0.0885865491,0.1771962958
0.6638333333,0.0886033568,0.0885929212,0.1771962780
0.6640000000,0.0885982467,0.0885980164,0.1771962631
0.6641666667,0.0885941777,0.0886020731,0.1771962508
0.6643333333,0.0885909516,0.0886052890,0.1771962406
0.6645000000,0.0885884048,0.0886078274,0.1771962322
0.6646666667,0.0885864032,0.0886098222,0.1771962254
0.6648333333,0.0885848370,0.0886113829,0.1771962199
0.6650000000,0.0885836169,0.0886125985,0.1771962154
0.6651666667,0.0885826706,0.0886135411,0.1771962118
0.6653333333,0.0885819402,0.0886142687,0.1771962089
0.6655000000,0.0885813788,0.0886148277,0.1771962065
0.6656666667,0.0885809494,0.0886152553,0.1771962047
0.6658333333,0.0885806225,0.0886155808,0.1771962033
0.6660000000,0.0885803747,0.0886158274,0.1771962021
0.6661666667,0.0885801879,0.0886160133,0.1771962012
0.6663333333,0.0885800477,0.0886161529,0.1771962006
0.6665000000,0.0885799430,0.0886162570,0.1771962000
0.6666666667,0.0885798652,0.0886163345,0.1771961996
