t,Ekin,Epot,Etot
0.0000000000,0.0886226926,0.0885734759,0.1771961685
0.0001666667,0.0886224541,0.0885737146,0.1771961687
0.0003333333,0.0886217424,0.0885744270,0.1771961694
0.0005000000,0.0886205685,0.0885756020,0.1771961706
0.0006666667,0.0886189505,0.0885772216,0.1771961721
0.0008333333,0.0886169133,0.0885792608,0.1771961741
0.0010000000,0.0886144878,0.0885816885,0.1771961764
0.0011666667,0.0886117110,0.0885844680,0.1771961790
0.0013333333,0.0886086244,0.0885875575,0.1771961818
0.0015000000,0.0886052737,0.0885909112,0.1771961849
0.0016666667,0.0886017081,0.0885944800,0.1771961881
0.0018333333,0.0885979789,0.0885982125,0.1771961914
0.0020000000,0.0885941388,0.0886020559,0.1771961948
0.0021666667,0.0885902411,0.0886059570,0.1771961981
0.0023333333,0.0885863382,0.0886098631,0.1771962013
0.0025000000,0.0885824816,0.0886137228,0.1771962043
0.0026666667,0.0885787200,0.0886174872,0.1771962072
0.0028333333,0.0885750995,0.0886211104,0.1771962099
0.0030000000,0.0885716621,0.0886245501,0.1771962122
0.0031666667,0.0885684457,0.0886277686,0.1771962143
0.0033333333,0.0885654831,0.0886307329,0.1771962160
0.0035000000,0.0885628020,0.0886334154,0.1771962174
0.0036666667,0.0885604245,0.0886357939,0.1771962184
0.0038333333,0.0885583672,0.0886378519,0.1771962191
0.0040000000,0.0885566407,0.0886395787,0.1771962194
0.0041666667,0.0885552503,0.0886409691,0.1771962194
0.0043333333,0.0885541956,0.0886420234,0.1771962190
0.0045000000,0.0885534711,0.0886427473,0.1771962184
0.0046666667,0.0885530661,0.0886431513,0.1771962174
0.0048333333,0.0885529659,0.0886432503,0.1771962163
0.0050000000,0.0885531515,0.0886430634,0.1771962148
0.0051666667,0.0885536001,0.0886426131,0.1771962132
0.0053333333,0.0885542863,0.0886419251,0.1771962115
0.0055000000,0.0885551818,0.0886410278,0.1771962096
0.0056666667,0.0885562562,0.0886399514,0.1771962076
0.0058333333,0.0885574775,0.0886387280,0.1771962055
0.0060000000,0.0885588125,0.0886373909,0.1771962033
0.0061666667,0.0885602269,0.0886359743,0.1771962012
0.0063333333,0.0885616858,0.0886345131,0.1771961989
0.0065000000,0.0885631538,0.0886330429,0.1771961967
0.0066666667,0.0885645949,0.0886315996,0.1771961944
0.0068333333,0.0885659726,0.0886302195,0.1771961921
0.0070000000,0.0885672499,0.0886289398,0.1771961897
0.0071666667,0.0885683885,0.0886277987,0.1771961872
0.0073333333,0.0885693486,0.0886268360,0.1771961846
0.0075000000,0.0885700885,0.0886260933,0.1771961818
0.0076666667,0.0885705634,0.0886256154,0.1771961788
0.0078333333,0.0885707246,0.0886254508,0.1771961755
0.0080000000,0.0885705186,0.0886256531,0.1771961717
0.0081666667,0.0885698853,0.0886262822,0.1771961675
0.0083333333,0.0885687569,0.0886274057,0.1771961627
0.0085000000,0.0885670559,0.0886291012,0.1771961571
0.0086666667,0.0885646931,0.0886314576,0.1771961507
0.0088333333,0.0885615654,0.0886345778,0.1771961433
0.0090000000,0.0885575538,0.0886385809,0.1771961346
0.0091666667,0.0885525198,0.0886436049,0.1771961247
0.0093333333,0.0885463033,0.0886498098,0.1771961131
0.0095000000,0.0885387189,0.0886573808,0.1771960998
0.0096666667,0.0885295527,0.0886665317,0.1771960844
0.0098333333,0.0885185583,0.0886775085,0.1771960668
0.0100000000,0.0885054528,0.0886905937,0.1771960466
0.0101666667,0.0884899132,0.0887061104,0.1771960236
0.0103333333,0.0884715710,0.0887244265,0.1771959975
0.0105000000,0.0884500085,0.0887459596,0.1771959681
0.0106666667,0.0884247536,0.0887711813,0.1771959349
0.0108333333,0.0883952752,0.0888006225,0.1771958978
0.0110000000,0.0883609784,0.0888348779,0.1771958563
0.0111666667,0.0883211998,0.0888746106,0.1771958103
0.0113333333,0.0882752030,0.0889205565,0.1771957595
0.0115000000,0.0882221748,0.0889735289,0.1771957037
0.0116666667,0.0881612208,0.0890344217,0.1771956426
0.0118333333,0.0880913633,0.0891042128,0.1771955761
0.0120000000,0.0880115384,0.0891839658,0.1771955041
0.0121666667,0.0879205949,0.0892748318,0.1771954267
0.0123333333,0.0878172948,0.0893780492,0.1771953440
0.0125000000,0.0877003142,0.0894949419,0.1771952561
0.0126666667,0.0875682469,0.0896269164,0.1771951633
0.0128333333,0.0874196099,0.0897754563,0.1771950662
0.0130000000,0.0872528503,0.0899421150,0.1771949653
0.0131666667,0.0870663558,0.0901285057,0.1771948615
0.0133333333,0.0868584673,0.0903362884,0.1771947557
0.0135000000,0.0866274949,0.0905671543,0.1771946492
0.0136666667,0.0863717370,0.0908228063,0.1771945433
0.0138333333,0.0860895026,0.0911049371,0.1771944397
0.0140000000,0.0857791380,0.0914152023,0.1771943403
0.0141666667,0.0854390561,0.0917551910,0.1771942471
0.0143333333,0.0850677705,0.0921263920,0.1771941625
0.0145000000,0.0846639326,0.0925301564,0.1771940890
0.0146666667,0.0842263729,0.0929676566,0.1771940295
0.0148333333,0.0837541447,0.0934398421,0.1771939868
0.0150000000,0.0832465721,0.0939473921,0.1771939642
0.0151666667,0.0827032998,0.0944906651,0.1771939649
0.0153333333,0.0821243449,0.0950696473,0.1771939922
0.0155000000,0.0815101507,0.0956838987,0.1771940495
0.0156666667,0.0808616406,0.0963324995,0.1771941401
0.0158333333,0.0801802714,0.0970139960,0.1771942674
0.0160000000,0.0794680857,0.0977263486,0.1771944344
0.0161666667,0.0787277615,0.0984668824,0.1771946440
0.0163333333,0.0779626574,0.0992322413,0.1771948987
0.0165000000,0.0771768532,0.1000183475,0.1771952006
0.0166666667,0.0763751830,0.1008203684,0.1771955514
0.0168333333,0.0755632609,0.1016326911,0.1771959520
0.0170000000,0.0747474965,0.1024489061,0.1771964026
0.0171666667,0.0739350990,0.1032618039,0.1771969028
0.0173333333,0.0731340690,0.1040633822,0.1771974512
0.0175000000,0.0723531768,0.1048448687,0.1771980455
0.0176666667,0.0716019245,0.1055967579,0.1771986824
0.0178333333,0.0708904930,0.1063088644,0.1771993574
0.0180000000,0.0702296718,0.1069703934,0.1772000652
0.0181666667,0.0696307714,0.1075700276,0.1772007990
0.0183333333,0.0691055184,0.1080960329,0.1772015514
0.0185000000,0.0686659333,0.1085363803,0.1772023135
0.0186666667,0.0683241908,0.1088788849,0.1772030758
0.0188333333,0.0680924658,0.1091113617,0.1772038275
0.0190000000,0.0679827631,0.1092217942,0.1772045573
0.0191666667,0.0680067361,0.1091985171,0.1772052532
0.0193333333,0.0681754942,0.1090304085,0.1772059027
0.0195000000,0.0684994024,0.1087070904,0.1772064928
0.0196666667,0.0689878767,0.1082191340,0.1772070107
0.0198333333,0.0696491782,0.1075582654,0.1772074436
0.0200000000,0.0704902086,0.1067175706,0.1772077792
0.0201666667,0.0715163134,0.1056916922,0.1772080056
0.0203333333,0.0727310944,0.1044770178,0.1772081122
0.0205000000,0.0741362375,0.1030718517,0.1772080892
0.0206666667,0.0757313586,0.1014765699,0.1772079285
0.0208333333,0.0775138734,0.0996937501,0.1772076235
0.0210000000,0.0794788928,0.0977282768,0.1772071697
0.0211666667,0.0816191498,0.0955874146,0.1772065644
0.0213333333,0.0839249590,0.0932808484,0.1772058074
0.0215000000,0.0863842132,0.0908206877,0.1772049009
0.0216666667,0.0889824182,0.0882214314,0.1772038496
0.0218333333,0.0917027668,0.0854998937,0.1772026606
0.0220000000,0.0945262547,0.0826750890,0.1772013436
0.0221666667,0.0974318352,0.0797680758,0.1771999110
0.0223333333,0.1003966151,0.0768017621,0.1771983772
0.0225000000,0.1033960871,0.0738006719,0.1771967590
0.0226666667,0.1064043984,0.0707906769,0.1771950753
0.0228333333,0.1093946502,0.0677986963,0.1771933465
0.0230000000,0.1123392252,0.0648523693,0.1771915945
0.0231666667,0.1152101377,0.0619797047,0.1771898423
0.0233333333,0.1179794005,0.0592087132,0.1771881137
0.0235000000,0.1206194033,0.0565670292,0.1771864325
0.0236666667,0.1231032947,0.0540815279,0.1771848226
0.0238333333,0.1254053626,0.0517779446,0.1771833072
0.0240000000,0.1275014056,0.0496805030,0.1771819086
0.0241666667,0.1293690877,0.0478115599,0.1771806476
0.0243333333,0.1309882705,0.0461912727,0.1771795432
0.0245000000,0.1323413172,0.0448372950,0.1771786122
0.0246666667,0.1334133606,0.0437645083,0.1771778689
0.0248333333,0.1341925313,0.0429847936,0.1771773249
0.0250000000,0.1346701418,0.0425068468,0.1771769886
0.0251666667,0.1348408217,0.0423360436,0.1771768653
0.0253333333,0.1347026020,0.0424743550,0.1771769569
0.0255000000,0.1342569470,0.0429203153,0.1771772623
0.0256666667,0.1335087325,0.0436690441,0.1771777766
0.0258333333,0.1324661715,0.0447123204,0.1771784919
0.0260000000,0.1311406878,0.0460387096,0.1771793974
0.0261666667,0.1295467411,0.0476337380,0.1771804791
0.0263333333,0.1277016064,0.0494801143,0.1771817207
0.0265000000,0.1256251123,0.0515579912,0.1771831036
0.0266666667,0.1233393428,0.0538452642,0.1771846070
0.0268333333,0.1208683090,0.0563179000,0.1771862091
0.0270000000,0.1182375970,0.0589502895,0.1771878865
0.0271666667,0.1154739974,0.0617156180,0.1771896154
0.0273333333,0.1126051253,0.0645862465,0.1771913718
0.0275000000,0.1096590359,0.0675340960,0.1771931319
0.0276666667,0.1066638430,0.0705310292,0.1771948723
0.0278333333,0.1036473484,0.0735492223,0.1771965707
0.0280000000,0.1006366858,0.0765615206,0.1771982064
0.0281666667,0.0976579875,0.0795417726,0.1771997600
0.0283333333,0.0947360771,0.0824651373,0.1772012144
0.0285000000,0.0918941941,0.0853083602,0.1772025544
0.0286666667,0.0891537530,0.0880500143,0.1772037673
0.0288333333,0.0865341394,0.0906707034,0.1772048429
0.0290000000,0.0840525475,0.0931532259,0.1772057734
0.0291666667,0.0817238560,0.0954826979,0.1772065539
0.0293333333,0.0795605469,0.0976466347,0.1772071816
0.0295000000,0.0775726639,0.0996349926,0.1772076565
0.0296666667,0.0757678099,0.1014401709,0.1772079808
0.0298333333,0.0741511816,0.1030569771,0.1772081587
0.0300000000,0.0727256393,0.1044825574,0.1772081967
0.0301666667,0.0714918067,0.1057162961,0.1772081028
0.0303333333,0.0704481996,0.1067596868,0.1772078864
0.0305000000,0.0695913785,0.1076161800,0.1772075585
0.0306666667,0.0689161197,0.1082910110,0.1772071307
0.0308333333,0.0684156033,0.1087910122,0.1772066155
0.0310000000,0.0680816119,0.1091244138,0.1772060258
0.0311666667,0.0679047361,0.1093006385,0.1772053746
0.0313333333,0.0678745832,0.1093300918,0.1772046750
0.0315000000,0.0679799854,0.1092239544,0.1772039398
0.0316666667,0.0682092032,0.1089939779,0.1772031811
0.0318333333,0.0685501221,0.1086522887,0.1772024108
0.0320000000,0.0689904378,0.1082112017,0.1772016395
0.0321666667,0.0695178306,0.1076830468,0.1772008774
0.0323333333,0.0701201237,0.1070800095,0.1772001332
0.0325000000,0.0707854268,0.1064139882,0.1771994150
0.0326666667,0.0715022619,0.1056964676,0.1771987295
0.0328333333,0.0722596718,0.1049384106,0.1771980823
0.0330000000,0.0730473110,0.1041501671,0.1771974781
0.0331666667,0.0738555188,0.1033414015,0.1771969203
0.0333333333,0.0746753746,0.1025210367,0.1771964113
0.0335000000,0.0754987375,0.1016972151,0.1771959526
0.0336666667,0.0763182702,0.1008772746,0.1771955449
0.0338333333,0.0771274481,0.1000677397,0.1771951878
0.0340000000,0.0779205558,0.0992743246,0.1771948804
0.0341666667,0.0786926722,0.0985019490,0.1771946211
0.0343333333,0.0794396447,0.0977547632,0.1771944079
0.0345000000,0.0801580563,0.0970361818,0.1771942381
0.0346666667,0.0808451839,0.0963489249,0.1771941088
0.0348333333,0.0814989528,0.0956950641,0.1771940169
0.0350000000,0.0821178858,0.0950760732,0.1771939590
0.0351666667,0.0827010501,0.0944928816,0.1771939317
0.0353333333,0.0832480029,0.0939459288,0.1771939317
0.0355000000,0.0837587356,0.0934352197,0.1771939553
0.0356666667,0.0842336197,0.0929603796,0.1771939993
0.0358333333,0.0846733532,0.0925207074,0.1771940605
0.0360000000,0.0850789095,0.0921152264,0.1771941359
0.0361666667,0.0854514891,0.0917427335,0.1771942226
0.0363333333,0.0857924737,0.0914018443,0.1771943180
0.0365000000,0.0861033849,0.0910910348,0.1771944197
0.0366666667,0.0863858454,0.0908086801,0.1771945255
0.0368333333,0.0866415453,0.0905530884,0.1771946336
0.0370000000,0.0868722107,0.0903225316,0.1771947423
0.0371666667,0.0870795780,0.0901152722,0.1771948502
0.0373333333,0.0872653699,0.0899295860,0.1771949559
0.0375000000,0.0874312769,0.0897637818,0.1771950586
0.0376666667,0.0875789406,0.0896162169,0.1771951575
0.0378333333,0.0877099411,0.0894853107,0.1771952518
0.0380000000,0.0878257867,0.0893695545,0.1771953412
0.0381666667,0.0879279066,0.0892675187,0.1771954253
0.0383333333,0.0880176457,0.0891778582,0.1771955039
0.0385000000,0.0880962613,0.0890993156,0.1771955769
0.0386666667,0.0881649221,0.0890307223,0.1771956444
0.0388333333,0.0882247078,0.0889709985,0.1771957064
0.0390000000,0.0882766111,0.0889191520,0.1771957631
0.0391666667,0.0883215395,0.0888742752,0.1771958147
0.0393333333,0.0883603189,0.0888355425,0.1771958614
0.0395000000,0.0883936976,0.0888022059,0.1771959035
0.0396666667,0.0884223501,0.0887735913,0.1771959413
0.0398333333,0.0884468819,0.0887490932,0.1771959751
0.0400000000,0.0884678346,0.0887281706,0.1771960052
0.0401666667,0.0884856902,0.0887103417,0.1771960319
0.0403333333,0.0885008761,0.0886951793,0.1771960555
0.0405000000,0.0885137701,0.0886823061,0.1771960762
0.0406666667,0.0885247044,0.0886713900,0.1771960944
0.0408333333,0.0885339700,0.0886621402,0.1771961102
0.0410000000,0.0885418213,0.0886543027,0.1771961240
0.0411666667,0.0885484791,0.0886476569,0.1771961359
0.0413333333,0.0885541346,0.0886420116,0.1771961462
0.0415000000,0.0885589528,0.0886372022,0.1771961550
0.0416666667,0.0885630748,0.0886330877,0.1771961625
0.0418333333,0.0885666211,0.0886295478,0.1771961689
0.0420000000,0.0885696937,0.0886264805,0.1771961742
0.0421666667,0.0885723785,0.0886238002,0.1771961787
0.0423333333,0.0885747467,0.0886214357,0.1771961824
0.0425000000,0.0885768573,0.0886193281,0.1771961853
0.0426666667,0.0885787580,0.0886174297,0.1771961877
0.0428333333,0.0885804869,0.0886157026,0.1771961895
0.0430000000,0.0885820738,0.0886141172,0.1771961909
0.0431666667,0.0885835406,0.0886126513,0.1771961919
0.0433333333,0.0885849034,0.0886112891,0.1771961925
0.0435000000,0.0885861723,0.0886100206,0.1771961929
0.0436666667,0.0885873527,0.0886088403,0.1771961930
0.0438333333,0.0885884461,0.0886077467,0.1771961928
0.0440000000,0.0885894506,0.0886067419,0.1771961925
0.0441666667,0.0885903615,0.0886058306,0.1771961921
0.0443333333,0.0885911719,0.0886050196,0.1771961916
0.0445000000,0.0885918734,0.0886043176,0.1771961910
0.0446666667,0.0885924564,0.0886037340,0.1771961903
0.0448333333,0.0885929107,0.0886032789,0.1771961897
0.0450000000,0.0885932262,0.0886029628,0.1771961891
0.0451666667,0.0885933930,0.0886027955,0.1771961885
0.0453333333,0.0885934020,0.0886027860,0.1771961880
0.0455000000,0.0885932452,0.0886029424,0.1771961876
0.0456666667,0.0885929164,0.0886032710,0.1771961873
0.0458333333,0.0885924110,0.0886037762,0.1771961872
0.0460000000,0.0885917269,0.0886044603,0.1771961872
0.0461666667,0.0885908641,0.0886053232,0.1771961874
0.0463333333,0.0885898256,0.0886063621,0.1771961877
0.0465000000,0.0885886168,0.0886075714,0.1771961882
0.0466666667,0.0885872463,0.0886089427,0.1771961889
0.0468333333,0.0885857253,0.0886104646,0.1771961898
0.0470000000,0.0885840679,0.0886121230,0.1771961909
0.0471666667,0.0885822911,0.0886139010,0.1771961921
0.0473333333,0.0885804143,0.0886157791,0.1771961935
0.0475000000,0.0885784592,0.0886177358,0.1771961949
0.0476666667,0.0885764495,0.0886197470,0.1771961965
0.0478333333,0.0885744107,0.0886217875,0.1771961982
0.0480000000,0.0885723694,0.0886238305,0.1771961999
0.0481666667,0.0885703532,0.0886258485,0.1771962017
0.0483333333,0.0885683900,0.0886278134,0.1771962034
0.0485000000,0.0885665076,0.0886296975,0.1771962051
0.0486666667,0.0885647332,0.0886314736,0.1771962068
0.0488333333,0.0885630927,0.0886331156,0.1771962083
0.0490000000,0.0885616106,0.0886345991,0.1771962097
0.0491666667,0.0885603093,0.0886359016,0.1771962109
0.0493333333,0.0885592087,0.0886370033,0.1771962120
0.0495000000,0.0885583256,0.0886378872,0.1771962129
0.0496666667,0.0885576739,0.0886385395,0.1771962135
0.0498333333,0.0885572638,0.0886389501,0.1771962139
0.0500000000,0.0885571018,0.0886391123,0.1771962141
0.0501666667,0.0885571905,0.0886390235,0.1771962140
0.0503333333,0.0885575288,0.0886386848,0.1771962137
0.0505000000,0.0885581116,0.0886381015,0.1771962131
0.0506666667,0.0885589300,0.0886372824,0.1771962123
0.0508333333,0.0885599715,0.0886362399,0.1771962113
0.0510000000,0.0885612202,0.0886349900,0.1771962102
0.0511666667,0.0885626573,0.0886335515,0.1771962088
0.0513333333,0.0885642613,0.0886319460,0.1771962073
0.0515000000,0.0885660082,0.0886301975,0.1771962057
0.0516666667,0.0885678724,0.0886283316,0.1771962040
0.0518333333,0.0885698270,0.0886263753,0.1771962023
0.0520000000,0.0885718441,0.0886243565,0.1771962005
0.0521666667,0.0885738955,0.0886223032,0.1771961988
0.0523333333,0.0885759534,0.0886202436,0.1771961971
0.0525000000,0.0885779905,0.0886182049,0.1771961954
0.0526666667,0.0885799807,0.0886162132,0.1771961939
0.0528333333,0.0885818992,0.0886142932,0.1771961925
0.0530000000,0.0885837236,0.0886124676,0.1771961912
0.0531666667,0.0885854334,0.0886107567,0.1771961901
0.0533333333,0.0885870108,0.0886091783,0.1771961891
0.0535000000,0.0885884408,0.0886077476,0.1771961884
0.0536666667,0.0885897111,0.0886064767,0.1771961878
0.0538333333,0.0885908127,0.0886053747,0.1771961874
0.0540000000,0.0885917394,0.0886044478,0.1771961872
0.0541666667,0.0885924883,0.0886036989,0.1771961872
0.0543333333,0.0885930591,0.0886031283,0.1771961874
0.0545000000,0.0885934545,0.0886027332,0.1771961877
0.0546666667,0.0885936799,0.0886025083,0.1771961882
0.0548333333,0.0885937430,0.0886024458,0.1771961888
0.0550000000,0.0885936537,0.0886025358,0.1771961896
0.0551666667,0.0885934240,0.0886027664,0.1771961904
0.0553333333,0.0885930674,0.0886031240,0.1771961914
0.0555000000,0.0885925988,0.0886035935,0.1771961924
0.0556666667,0.0885920345,0.0886041589,0.1771961934
0.0558333333,0.0885913916,0.0886048030,0.1771961946
0.0560000000,0.0885906877,0.0886055080,0.1771961957
0.0561666667,0.0885899412,0.0886062557,0.1771961969
0.0563333333,0.0885891708,0.0886070273,0.1771961981
0.0565000000,0.0885883955,0.0886078038,0.1771961993
0.0566666667,0.0885876345,0.0886085660,0.1771962005
0.0568333333,0.0885869073,0.0886092944,0.1771962017
0.0570000000,0.0885862339,0.0886099691,0.1771962030
0.0571666667,0.0885856345,0.0886105698,0.1771962043
0.0573333333,0.0885851304,0.0886110753,0.1771962057
0.0575000000,0.0885847438,0.0886114634,0.1771962072
0.0576666667,0.0885844985,0.0886117103,0.1771962088
0.0578333333,0.0885844201,0.0886117904,0.1771962105
0.0580000000,0.0885845370,0.0886116755,0.1771962125
0.0581666667,0.0885848806,0.0886113341,0.1771962147
0.0583333333,0.0885854866,0.0886107306,0.1771962173
0.0585000000,0.0885863956,0.0886098246,0.1771962202
0.0586666667,0.0885876541,0.0886085694,0.1771962235
0.0588333333,0.0885893158,0.0886069116,0.1771962274
0.0590000000,0.0885914427,0.0886047891,0.1771962319
0.0591666667,0.0885941068,0.0886021302,0.1771962370
0.0593333333,0.0885973912,0.0885988518,0.1771962430
0.0595000000,0.0886013921,0.0885948579,0.1771962499
0.0596666667,0.0886062202,0.0885900377,0.1771962579
0.0598333333,0.0886120031,0.0885842639,0.1771962670
0.0600000000,0.0886188870,0.0885773904,0.1771962774
0.0601666667,0.0886270390,0.0885692503,0.1771962893
0.0603333333,0.0886366492,0.0885596535,0.1771963028
0.0605000000,0.0886479333,0.0885483847,0.1771963180
0.0606666667,0.0886611345,0.0885352005,0.1771963350
0.0608333333,0.0886765267,0.0885198274,0.1771963542
0.0610000000,0.0886944164,0.0885019591,0.1771963755
0.0611666667,0.0887151449,0.0884812543,0.1771963992
0.0613333333,0.0887390913,0.0884573340,0.1771964253
0.0615000000,0.0887666739,0.0884297802,0.1771964540
0.0616666667,0.0887983524,0.0883981330,0.1771964854
0.0618333333,0.0888346296,0.0883618900,0.1771965196
0.0620000000,0.0888760521,0.0883205045,0.1771965566
0.0621666667,0.0889232113,0.0882733850,0.1771965963
0.0623333333,0.0889767434,0.0882198955,0.1771966388
0.0625000000,0.0890373282,0.0881593558,0.1771966840
0.0626666667,0.0891056882,0.0880910435,0.1771967317
0.0628333333,0.0891825852,0.0880141964,0.1771967816
0.0630000000,0.0892688171,0.0879280163,0.1771968334
0.0631666667,0.0893652126,0.0878316742,0.1771968868
0.0633333333,0.0894726246,0.0877243166,0.1771969412
0.0635000000,0.0895919225,0.0876050735,0.1771969960
0.0636666667,0.0897239823,0.0874730682,0.1771970506
0.0638333333,0.0898696752,0.0873274288,0.1771971040
0.0640000000,0.0900298543,0.0871673011,0.1771971554
0.0641666667,0.0902053395,0.0869918641,0.1771972036
0.0643333333,0.0903969003,0.0868003472,0.1771972476
0.0645000000,0.0906052369,0.0865920490,0.1771972859
0.0646666667,0.0908309592,0.0863663580,0.1771973171
0.0648333333,0.0910745642,0.0861227756,0.1771973398
0.0650000000,0.0913364119,0.0858609404,0.1771973524
0.0651666667,0.0916166998,0.0855806533,0.1771973531
0.0653333333,0.0919154356,0.0852819046,0.1771973402
0.0655000000,0.0922324106,0.0849649015,0.1771973121
0.0656666667,0.0925671712,0.0846300958,0.1771972669
0.0658333333,0.0929189916,0.0842782115,0.1771972031
0.0660000000,0.0932868467,0.0839102721,0.1771971189
0.0661666667,0.0936693864,0.0835276265,0.1771970129
0.0663333333,0.0940649114,0.0831319723,0.1771968837
0.0665000000,0.0944713525,0.0827253777,0.1771967302
0.0666666667,0.0948862523,0.0823102992,0.1771965516
0.0668333333,0.0953067519,0.0818895954,0.1771963472
0.0670000000,0.0957295814,0.0814665356,0.1771961170
0.0671666667,0.0961510572,0.0810448038,0.1771958610
0.0673333333,0.0965670850,0.0806284949,0.1771955799
0.0675000000,0.0969731701,0.0802221048,0.1771952749
0.0676666667,0.0973644352,0.0798305124,0.1771949475
0.0678333333,0.0977356466,0.0794589534,0.1771946000
0.0680000000,0.0980812494,0.0791129857,0.1771942350
0.0681666667,0.0983954106,0.0787984453,0.1771938560
0.0683333333,0.0986720726,0.0785213940,0.1771934666
0.0685000000,0.0989050146,0.0782880568,0.1771930714
0.0686666667,0.0990879234,0.0781047519,0.1771926753
0.0688333333,0.0992144723,0.0779778114,0.1771922837
0.0690000000,0.0992784079,0.0779134947,0.1771919025
0.0691666667,0.0992736429,0.0779178950,0.1771915379
0.0693333333,0.0991943559,0.0779968403,0.1771911962
0.0695000000,0.0990350943,0.0781557900,0.1771908843
0.0696666667,0.0987908803,0.0783997285,0.1771906088
0.0698333333,0.0984573186,0.0787330577,0.1771903763
0.0700000000,0.0980307027,0.0791594907,0.1771901934
0.0701666667,0.0975081181,0.0796819481,0.1771900662
0.0703333333,0.0968875416,0.0803024589,0.1771900005
0.0705000000,0.0961679323,0.0810220691,0.1771900014
0.0706666667,0.0953493141,0.0818407593,0.1771900734
0.0708333333,0.0944328463,0.0827573738,0.1771902201
0.0710000000,0.0934208807,0.0837695633,0.1771904441
0.0711666667,0.0923170038,0.0848737430,0.1771907468
0.0713333333,0.0911260609,0.0860650679,0.1771911288
0.0715000000,0.0898541621,0.0873374271,0.1771915892
0.0716666667,0.0885086685,0.0886834572,0.1771921257
0.0718333333,0.0870981574,0.0900945775,0.1771927349
0.0720000000,0.0856323668,0.0915610452,0.1771934120
0.0721666667,0.0841221177,0.0930720331,0.1771941508
0.0723333333,0.0825792172,0.0946157269,0.1771949441
0.0725000000,0.0810163397,0.0961794435,0.1771957831
0.0726666667,0.0794468906,0.0977497678,0.1771966584
0.0728333333,0.0778848526,0.0993127066,0.1771975592
0.0730000000,0.0763446169,0.1008538574,0.1771984744
0.0731666667,0.0748408019,0.1023585900,0.1771993918
0.0733333333,0.0733880623,0.1038122370,0.1772002993
0.0735000000,0.0720008922,0.1052002920,0.1772011841
0.0736666667,0.0706934240,0.1065086099,0.1772020339
0.0738333333,0.0694792290,0.1077236072,0.1772028362
0.0740000000,0.0683711209,0.1088324584,0.1772035793
0.0741666667,0.0673809674,0.1098232847,0.1772042521
0.0743333333,0.0665195132,0.1106853313,0.1772048444
0.0745000000,0.0657962169,0.1114091302,0.1772053472
0.0746666667,0.0652191065,0.1119866460,0.1772057525
0.0748333333,0.0647946543,0.1124113998,0.1772060541
0.0750000000,0.0645276763,0.1126785709,0.1772062471
0.0751666667,0.0644212551,0.1127850734,0.1772063286
0.0753333333,0.0644766910,0.1127296060,0.1772062970
0.0755000000,0.0646934791,0.1125126736,0.1772061528
0.0756666667,0.0650693163,0.1121365817,0.1772058980
0.0758333333,0.0656001347,0.1116054019,0.1772055367
0.0760000000,0.0662801636,0.1109249106,0.1772050742
0.0761666667,0.0671020170,0.1101025006,0.1772045176
0.0763333333,0.0680568058,0.1091470694,0.1772038753
0.0765000000,0.0691342727,0.1080688842,0.1772031569
0.0766666667,0.0703229459,0.1068794273,0.1772023733
0.0768333333,0.0716103104,0.1055912255,0.1772015359
0.0770000000,0.0729829919,0.1042176650,0.1772006569
0.0771666667,0.0744269516,0.1027727972,0.1771997489
0.0773333333,0.0759276864,0.1012711381,0.1771988245
0.0775000000,0.0774704324,0.0997274642,0.1771978965
0.0776666667,0.0790403667,0.0981566106,0.1771969773
0.0778333333,0.0806228057,0.0965732730,0.1771960787
0.0780000000,0.0822033944,0.0949918175,0.1771952120
0.0781666667,0.0837682854,0.0934261020,0.1771943874
0.0783333333,0.0853043035,0.0918893107,0.1771936143
0.0785000000,0.0867990952,0.0903938055,0.1771929008
0.0786666667,0.0882412586,0.0889509953,0.1771922539
0.0788333333,0.0896204541,0.0875712250,0.1771916791
0.0790000000,0.0909274946,0.0862636862,0.1771911808
0.0791666667,0.0921544133,0.0850363485,0.1771907619
0.0793333333,0.0932945100,0.0838959138,0.1771904238
0.0795000000,0.0943423759,0.0828477909,0.1771901668
0.0796666667,0.0952938971,0.0818960928,0.1771899899
0.0798333333,0.0961462386,0.0810436522,0.1771898909
0.0800000000,0.0968978091,0.0802920573,0.1771898664
0.0801666667,0.0975482095,0.0796417029,0.1771899124
0.0803333333,0.0980981657,0.0790918581,0.1771900238
0.0805000000,0.0985494488,0.0786407462,0.1771901950
0.0806666667,0.0989047843,0.0782856353,0.1771904196
0.0808333333,0.0991677528,0.0780229383,0.1771906911
0.0810000000,0.0993426847,0.0778483179,0.1771910026
0.0811666667,0.0994345502,0.0777567970,0.1771913471
0.0813333333,0.0994488483,0.0777428695,0.1771917178
0.0815000000,0.0993914955,0.0778006122,0.1771921077
0.0816666667,0.0992687170,0.0779237933,0.1771925102
0.0818333333,0.0990869412,0.0781059780,0.1771929192
0.0820000000,0.0988527005,0.0783406283,0.1771933288
0.0821666667,0.0985725375,0.0786211962,0.1771937337
0.0823333333,0.0982529201,0.0789412088,0.1771941290
0.0825000000,0.0979001646,0.0792943459,0.1771945104
0.0826666667,0.0975203673,0.0796745072,0.1771948745
0.0828333333,0.0971193471,0.0800758710,0.1771952180
0.0830000000,0.0967025957,0.0804929430,0.1771955387
0.0831666667,0.0962752391,0.0809205953,0.1771958344
0.0833333333,0.0958420075,0.0813540966,0.1771961041
0.0835000000,0.0954072136,0.0817891332,0.1771963468
0.0836666667,0.0949747409,0.0822218214,0.1771965624
0.0838333333,0.0945480380,0.0826487128,0.1771967508
0.0840000000,0.0941301208,0.0830667919,0.1771969127
0.0841666667,0.0937235809,0.0834734679,0.1771970488
0.0843333333,0.0933305993,0.0838665611,0.1771971604
0.0845000000,0.0929529647,0.0842442842,0.1771972489
0.0846666667,0.0925920952,0.0846052205,0.1771973158
0.0848333333,0.0922490642,0.0849482985,0.1771973627
0.0850000000,0.0919246268,0.0852727648,0.1771973916
0.0851666667,0.0916192488,0.0855781555,0.1771974043
0.0853333333,0.0913331364,0.0858642662,0.1771974025
0.0855000000,0.0910662657,0.0861311225,0.1771973883
0.0856666667,0.0908184124,0.0863789509,0.1771973633
0.0858333333,0.0905891800,0.0866081493,0.1771973293
0.0860000000,0.0903780276,0.0868192603,0.1771972879
0.0861666667,0.0901842960,0.0870129446,0.1771972406
0.0863333333,0.0900072317,0.0871899572,0.1771971889
0.0865000000,0.0898460093,0.0873511246,0.1771971340
0.0866666667,0.0896997524,0.0874973246,0.1771970770
0.0868333333,0.0895675509,0.0876294680,0.1771970189
0.0870000000,0.0894484784,0.0877484824,0.1771969608
0.0871666667,0.0893416051,0.0878552981,0.1771969032
0.0873333333,0.0892460109,0.0879508359,0.1771968468
0.0875000000,0.0891607950,0.0880359972,0.1771967922
0.0876666667,0.0890850845,0.0881116552,0.1771967397
0.0878333333,0.0890180411,0.0881786487,0.1771966898
0.0880000000,0.0889588662,0.0882377764,0.1771966426
0.0881666667,0.0889068045,0.0882897938,0.1771965983
0.0883333333,0.0888611470,0.0883354099,0.1771965569
0.0885000000,0.0888212320,0.0883752865,0.1771965186
0.0886666667,0.0887864461,0.0884100371,0.1771964832
0.0888333333,0.0887562235,0.0884402273,0.1771964508
0.0890000000,0.0887300451,0.0884663761,0.1771964212
0.0891666667,0.0887074376,0.0884889567,0.1771963944
0.0893333333,0.0886879711,0.0885083990,0.1771963701
0.0895000000,0.0886712570,0.0885250913,0.1771963483
0.0896666667,0.0886569459,0.0885393828,0.1771963287
0.0898333333,0.0886447247,0.0885515866,0.1771963113
0.0900000000,0.0886343142,0.0885619816,0.1771962958
0.0901666667,0.0886254665,0.0885708156,0.1771962821
0.0903333333,0.0886179622,0.0885783079,0.1771962701
0.0905000000,0.0886116081,0.0885846514,0.1771962595
0.0906666667,0.0886062346,0.0885900157,0.1771962502
0.0908333333,0.0886016933,0.0885945488,0.1771962422
0.0910000000,0.0885978554,0.0885983798,0.1771962352
0.0911666667,0.0885946088,0.0886016204,0.1771962292
0.0913333333,0.0885918570,0.0886043671,0.1771962240
0.0915000000,0.0885895169,0.0886067027,0.1771962196
0.0916666667,0.0885875177,0.0886086982,0.1771962158
0.0918333333,0.0885857990,0.0886104137,0.1771962127
0.0920000000,0.0885843098,0.0886119002,0.1771962100
0.0921666667,0.0885830076,0.0886132002,0.1771962078
0.0923333333,0.0885818569,0.0886143491,0.1771962060
0.0925000000,0.0885808286,0.0886153759,0.1771962045
0.0926666667,0.0885798993,0.0886163041,0.1771962034
0.0928333333,0.0885790503,0.0886171521,0.1771962025
0.0930000000,0.0885782674,0.0886179344,0.1771962018
0.0931666667,0.0885775397,0.0886186616,0.1771962013
0.0933333333,0.0885768600,0.0886193410,0.1771962011
0.0935000000,0.0885762236,0.0886199773,0.1771962009
0.0936666667,0.0885756282,0.0886205727,0.1771962009
0.0938333333,0.0885750736,0.0886211274,0.1771962010
0.0940000000,0.0885745612,0.0886216400,0.1771962012
0.0941666667,0.0885740939,0.0886221075,0.1771962014
0.0943333333,0.0885736755,0.0886225262,0.1771962017
0.0945000000,0.0885733109,0.0886228912,0.1771962021
0.0946666667,0.0885730052,0.0886231972,0.1771962024
0.0948333333,0.0885727640,0.0886234387,0.1771962028
0.0950000000,0.0885725930,0.0886236101,0.1771962031
0.0951666667,0.0885724976,0.0886237058,0.1771962034
0.0953333333,0.0885724827,0.0886237210,0.1771962037
0.0955000000,0.0885725529,0.0886236510,0.1771962039
0.0956666667,0.0885727117,0.0886234924,0.1771962041
0.0958333333,0.0885729618,0.0886232424,0.1771962042
0.0960000000,0.0885733046,0.0886228996,0.1771962042
0.0961666667,0.0885737405,0.0886224636,0.1771962041
0.0963333333,0.0885742683,0.0886219357,0.1771962040
0.0965000000,0.0885748854,0.0886213183,0.1771962037
0.0966666667,0.0885755878,0.0886206155,0.1771962034
0.0968333333,0.0885763699,0.0886198330,0.1771962029
0.0970000000,0.0885772247,0.0886189777,0.1771962024
0.0971666667,0.0885781435,0.0886180582,0.1771962018
0.0973333333,0.0885791166,0.0886170845,0.1771962011
0.0975000000,0.0885801328,0.0886160675,0.1771962003
0.0976666667,0.0885811798,0.0886150196,0.1771961995
0.0978333333,0.0885822446,0.0886139540,0.1771961986
0.0980000000,0.0885833133,0.0886128845,0.1771961977
0.0981666667,0.0885843714,0.0886118254,0.1771961968
0.0983333333,0.0885854044,0.0886107915,0.1771961959
0.0985000000,0.0885863977,0.0886097973,0.1771961950
0.0986666667,0.0885873369,0.0886088572,0.1771961941
0.0988333333,0.0885882083,0.0886079850,0.1771961933
0.0990000000,0.0885889987,0.0886071938,0.1771961926
0.0991666667,0.0885896963,0.0886064956,0.1771961919
0.0993333333,0.0885902903,0.0886059011,0.1771961913
0.0995000000,0.0885907714,0.0886054195,0.1771961908
0.0996666667,0.0885911321,0.0886050584,0.1771961905
0.0998333333,0.0885913666,0.0886048236,0.1771961902
0.1000000000,0.0885914712,0.0886047190,0.1771961901
0.1001666667,0.0885914439,0.0886047462,0.1771961901
0.1003333333,0.0885912852,0.0886049051,0.1771961903
0.1005000000,0.0885909972,0.0886051934,0.1771961905
0.1006666667,0.0885905843,0.0886056066,0.1771961909
0.1008333333,0.0885900527,0.0886061387,0.1771961914
0.1010000000,0.0885894106,0.0886067815,0.1771961921
0.1011666667,0.0885886675,0.0886075253,0.1771961927
0.1013333333,0.0885878346,0.0886083589,0.1771961935
0.1015000000,0.0885869243,0.0886092700,0.1771961944
0.1016666667,0.0885859501,0.0886102451,0.1771961953
0.1018333333,0.0885849262,0.0886112700,0.1771961962
0.1020000000,0.0885838670,0.0886123301,0.1771961971
0.1021666667,0.0885827876,0.0886134104,0.1771961980
0.1023333333,0.0885817028,0.0886144962,0.1771961989
0.1025000000,0.0885806270,0.0886155728,0.1771961998
0.1026666667,0.0885795742,0.0886166264,0.1771962006
0.1028333333,0.0885785577,0.0886176437,0.1771962014
0.1030000000,0.0885775894,0.0886186126,0.1771962021
0.1031666667,0.0885766806,0.0886195221,0.1771962027
0.1033333333,0.0885758407,0.0886203625,0.1771962032
0.1035000000,0.0885750780,0.0886211257,0.1771962036
0.1036666667,0.0885743991,0.0886218048,0.1771962039
0.1038333333,0.0885738092,0.0886223950,0.1771962042
0.1040000000,0.0885733116,0.0886228927,0.1771962043
0.1041666667,0.0885729082,0.0886232961,0.1771962043
0.1043333333,0.0885725992,0.0886236050,0.1771962042
0.1045000000,0.0885723833,0.0886238207,0.1771962040
0.1046666667,0.0885722579,0.0886239459,0.1771962038
0.1048333333,0.0885722190,0.0886239845,0.1771962035
0.1050000000,0.0885722613,0.0886239418,0.1771962031
0.1051666667,0.0885723786,0.0886238240,0.1771962026
0.1053333333,0.0885725637,0.0886236384,0.1771962021
0.1055000000,0.0885728087,0.0886233928,0.1771962016
0.1056666667,0.0885731050,0.0886230960,0.1771962010
0.1058333333,0.0885734434,0.0886227570,0.1771962004
0.1060000000,0.0885738146,0.0886223852,0.1771961998
0.1061666667,0.0885742086,0.0886219906,0.1771961992
0.1063333333,0.0885746155,0.0886215831,0.1771961985
0.1065000000,0.0885750251,0.0886211728,0.1771961979
0.1066666667,0.0885754271,0.0886207702,0.1771961972
0.1068333333,0.0885758111,0.0886203855,0.1771961966
0.1070000000,0.0885761664,0.0886200295,0.1771961959
0.1071666667,0.0885764822,0.0886197130,0.1771961952
0.1073333333,0.0885767472,0.0886194473,0.1771961945
0.1075000000,0.0885769495,0.0886192442,0.1771961937
0.1076666667,0.0885770766,0.0886191163,0.1771961928
0.1078333333,0.0885771148,0.0886190771,0.1771961919
0.1080000000,0.0885770494,0.0886191415,0.1771961909
0.1081666667,0.0885768636,0.0886193261,0.1771961897
0.1083333333,0.0885765388,0.0886196495,0.1771961884
0.1085000000,0.0885760539,0.0886201330,0.1771961869
0.1086666667,0.0885753844,0.0886208007,0.1771961851
0.1088333333,0.0885745024,0.0886216807,0.1771961831
0.1090000000,0.0885733756,0.0886228052,0.1771961808
0.1091666667,0.0885719667,0.0886242114,0.1771961781
0.1093333333,0.0885702324,0.0886259426,0.1771961750
0.1095000000,0.0885681230,0.0886280484,0.1771961714
0.1096666667,0.0885655810,0.0886305862,0.1771961673
0.1098333333,0.0885625405,0.0886336221,0.1771961626
0.1100000000,0.0885589258,0.0886372314,0.1771961572
0.1101666667,0.0885546506,0.0886415004,0.1771961511
0.1103333333,0.0885496168,0.0886465273,0.1771961441
0.1105000000,0.0885437130,0.0886524233,0.1771961363
0.1106666667,0.0885368138,0.0886593137,0.1771961275
0.1108333333,0.0885287780,0.0886673396,0.1771961176
0.1110000000,0.0885194479,0.0886766588,0.1771961066
0.1111666667,0.0885086475,0.0886874470,0.1771960945
0.1113333333,0.0884961819,0.0886998991,0.1771960810
0.1115000000,0.0884818358,0.0887142304,0.1771960662
0.1116666667,0.0884653728,0.0887306773,0.1771960501
0.1118333333,0.0884465346,0.0887494980,0.1771960325
0.1120000000,0.0884250400,0.0887709735,0.1771960135
0.1121666667,0.0884005852,0.0887954079,0.1771959931
0.1123333333,0.0883728435,0.0888231278,0.1771959713
0.1125000000,0.0883414653,0.0888544827,0.1771959481
0.1126666667,0.0883060798,0.0888898438,0.1771959236
0.1128333333,0.0882662954,0.0889296026,0.1771958979
0.1130000000,0.0882217020,0.0889741693,0.1771958713
0.1131666667,0.0881718739,0.0890239700,0.1771958438
0.1133333333,0.0881163723,0.0890794436,0.1771958159
0.1135000000,0.0880547500,0.0891410376,0.1771957876
0.1136666667,0.0879865562,0.0892092033,0.1771957595
0.1138333333,0.0879113419,0.0892843900,0.1771957320
0.1140000000,0.0878286671,0.0893670383,0.1771957054
0.1141666667,0.0877381083,0.0894575722,0.1771956805
0.1143333333,0.0876392671,0.0895563906,0.1771956577
0.1145000000,0.0875317802,0.0896638575,0.1771956377
0.1146666667,0.0874153297,0.0897802916,0.1771956213
0.1148333333,0.0872896549,0.0899059544,0.1771956092
0.1150000000,0.0871545643,0.0900410380,0.1771956023
0.1151666667,0.0870099494,0.0901856521,0.1771956014
0.1153333333,0.0868557974,0.0903398100,0.1771956074
0.1155000000,0.0866922063,0.0905034149,0.1771956212
0.1156666667,0.0865193986,0.0906762451,0.1771956437
0.1158333333,0.0863377357,0.0908579401,0.1771956758
0.1160000000,0.0861477319,0.0910479863,0.1771957182
0.1161666667,0.0859500681,0.0912457037,0.1771957719
0.1163333333,0.0857456038,0.0914502336,0.1771958374
0.1165000000,0.0855353885,0.0916605269,0.1771959154
0.1166666667,0.0853206711,0.0918753352,0.1771960063
0.1168333333,0.0851029078,0.0920932028,0.1771961106
0.1170000000,0.0848837663,0.0923124619,0.1771962282
0.1171666667,0.0846651286,0.0925312305,0.1771963592
0.1173333333,0.0844490898,0.0927474134,0.1771965032
0.1175000000,0.0842379529,0.0929587068,0.1771966597
0.1176666667,0.0840342211,0.0931626069,0.1771968280
0.1178333333,0.0838405841,0.0933564227,0.1771970069
0.1180000000,0.0836599014,0.0935372936,0.1771971950
0.1181666667,0.0834951801,0.0937022107,0.1771973908
0.1183333333,0.0833495485,0.0938480437,0.1771975922
0.1185000000,0.0832262250,0.0939715720,0.1771977970
0.1186666667,0.0831284818,0.0940695209,0.1771980028
0.1188333333,0.0830596053,0.0941386013,0.1771982066
0.1190000000,0.0830228513,0.0941755543,0.1771984056
0.1191666667,0.0830213976,0.0941771990,0.1771985966
0.1193333333,0.0830582927,0.0941404835,0.1771987762
0.1195000000,0.0831364026,0.0940625382,0.1771989409
0.1196666667,0.0832583560,0.0939407313,0.1771990873
0.1198333333,0.0834264882,0.0937727236,0.1771992119
0.1200000000,0.0836427859,0.0935565253,0.1771993113
0.1201666667,0.0839088328,0.0932905493,0.1771993822
0.1203333333,0.0842257576,0.0929736640,0.1771994216
0.1205000000,0.0845941856,0.0926052412,0.1771994268
0.1206666667,0.0850141946,0.0921852007,0.1771993953
0.1208333333,0.0854852772,0.0917140480,0.1771993252
0.1210000000,0.0860063092,0.0911929059,0.1771992150
0.1211666667,0.0865755257,0.0906235381,0.1771990639
0.1213333333,0.0871905075,0.0900083639,0.1771988713
0.1215000000,0.0878481747,0.0893504631,0.1771986378
0.1216666667,0.0885447928,0.0886535714,0.1771983642
0.1218333333,0.0892759882,0.0879220642,0.1771980523
0.1220000000,0.0900367748,0.0871609296,0.1771977044
0.1221666667,0.0908215926,0.0863757310,0.1771973236
0.1223333333,0.0916243563,0.0855725574,0.1771969136
0.1225000000,0.0924385146,0.0847579642,0.1771964788
0.1226666667,0.0932571206,0.0839389036,0.1771960241
0.1228333333,0.0940729095,0.0831226454,0.1771955549
0.1230000000,0.0948783865,0.0823166907,0.1771950772
0.1231666667,0.0956659195,0.0815286775,0.1771945970
0.1233333333,0.0964278391,0.0807662818,0.1771941209
0.1235000000,0.0971565408,0.0800371147,0.1771936555
0.1236666667,0.0978445903,0.0793486169,0.1771932072
0.1238333333,0.0984848287,0.0787079540,0.1771927827
0.1240000000,0.0990704756,0.0781219124,0.1771923881
0.1241666667,0.0995952296,0.0775967997,0.1771920294
0.1243333333,0.1000533622,0.0771383498,0.1771917120
0.1245000000,0.1004398050,0.0767516358,0.1771914408
0.1246666667,0.1007502283,0.0764409918,0.1771912202
0.1248333333,0.1009811085,0.0762099450,0.1771910535
0.1250000000,0.1011297837,0.0760611597,0.1771909434
0.1251666667,0.1011944969,0.0759963949,0.1771908919
0.1253333333,0.1011744248,0.0760164748,0.1771908997
0.1255000000,0.1010696920,0.0761212748,0.1771909668
0.1256666667,0.1008813709,0.0763097214,0.1771910923
0.1258333333,0.1006114664,0.0765798080,0.1771912744
0.1260000000,0.1002628858,0.0769286244,0.1771915102
0.1261666667,0.0998393957,0.0773524006,0.1771917963
0.1263333333,0.0993455644,0.0778465639,0.1771921283
0.1265000000,0.0987866931,0.0784058080,0.1771925011
0.1266666667,0.0981687366,0.0790241727,0.1771929093
0.1268333333,0.0974982140,0.0796951328,0.1771933468
0.1270000000,0.0967821125,0.0804116948,0.1771938072
0.1271666667,0.0960277855,0.0811664984,0.1771942840
0.1273333333,0.0952428472,0.0819519231,0.1771947702
0.1275000000,0.0944350646,0.0827601948,0.1771952594
0.1276666667,0.0936122509,0.0835834939,0.1771957448
0.1278333333,0.0927821599,0.0844140603,0.1771962201
0.1280000000,0.0919523847,0.0852442947,0.1771966794
0.1281666667,0.0911302622,0.0860668548,0.1771971170
0.1283333333,0.0903227846,0.0868747434,0.1771975280
0.1285000000,0.0895365186,0.0876613893,0.1771979079
0.1286666667,0.0887775352,0.0884207177,0.1771982530
0.1288333333,0.0880513493,0.0891472108,0.1771985601
0.1290000000,0.0873628704,0.0898359565,0.1771988270
0.1291666667,0.0867163650,0.0904826869,0.1771990519
0.1293333333,0.0861154304,0.0910838037,0.1771992340
0.1295000000,0.0855629801,0.0916363930,0.1771993731
0.1296666667,0.0850612409,0.0921382288,0.1771994697
0.1298333333,0.0846117596,0.0925877651,0.1771995248
0.1300000000,0.0842154213,0.0929841188,0.1771995401
0.1301666667,0.0838724755,0.0933270423,0.1771995178
0.1303333333,0.0835825709,0.0936168897,0.1771994606
0.1305000000,0.0833447979,0.0938545735,0.1771993714
0.1306666667,0.0831577358,0.0940415177,0.1771992535
0.1308333333,0.0830195058,0.0941796047,0.1771991105
0.1310000000,0.0829278268,0.0942711192,0.1771989460
0.1311666667,0.0828800741,0.0943186896,0.1771987637
0.1313333333,0.0828733382,0.0943252292,0.1771985673
0.1315000000,0.0829044847,0.0942938758,0.1771983606
0.1316666667,0.0829702126,0.0942279343,0.1771981469
0.1318333333,0.0830671103,0.0941308194,0.1771979298
0.1320000000,0.0831917094,0.0940060028,0.1771977122
0.1321666667,0.0833405346,0.0938569625,0.1771974971
0.1323333333,0.0835101496,0.0936871375,0.1771972871
0.1325000000,0.0836971985,0.0934998859,0.1771970844
0.1326666667,0.0838984422,0.0932984488,0.1771968910
0.1328333333,0.0841107900,0.0930859185,0.1771967086
0.1330000000,0.0843313256,0.0928652128,0.1771965384
0.1331666667,0.0845573282,0.0926390533,0.1771963815
0.1333333333,0.0847862891,0.0924099495,0.1771962386
0.1335000000,0.0850159223,0.0921801878,0.1771961101
0.1336666667,0.0852441720,0.0919518241,0.1771959961
0.1338333333,0.0854692148,0.0917266819,0.1771958967
0.1340000000,0.0856894586,0.0915063527,0.1771958114
0.1341666667,0.0859035384,0.0912922015,0.1771957399
0.1343333333,0.0861103082,0.0910853732,0.1771956814
0.1345000000,0.0863088319,0.0908868035,0.1771956354
0.1346666667,0.0864983706,0.0906972302,0.1771956008
0.1348333333,0.0866783695,0.0905172073,0.1771955768
0.1350000000,0.0868484432,0.0903471193,0.1771955625
0.1351666667,0.0870083596,0.0901871971,0.1771955567
0.1353333333,0.0871580249,0.0900375337,0.1771955586
0.1355000000,0.0872974668,0.0898981003,0.1771955671
0.1356666667,0.0874268190,0.0897687622,0.1771955812
0.1358333333,0.0875463057,0.0896492943,0.1771956000
0.1360000000,0.0876562270,0.0895393957,0.1771956228
0.1361666667,0.0877569447,0.0894387038,0.1771956485
0.1363333333,0.0878488695,0.0893468071,0.1771956766
0.1365000000,0.0879324489,0.0892632574,0.1771957063
0.1366666667,0.0880081564,0.0891875805,0.1771957369
0.1368333333,0.0880764819,0.0891192862,0.1771957681
0.1370000000,0.0881379227,0.0890578765,0.1771957992
0.1371666667,0.0881929767,0.0890028533,0.1771958300
0.1373333333,0.0882421352,0.0889537248,0.1771958600
0.1375000000,0.0882858783,0.0889100107,0.1771958891
0.1376666667,0.0883246702,0.0888712467,0.1771959169
0.1378333333,0.0883589556,0.0888369878,0.1771959433
0.1380000000,0.0883891573,0.0888068110,0.1771959683
0.1381666667,0.0884156743,0.0887803173,0.1771959916
0.1383333333,0.0884388805,0.0887571329,0.1771960134
0.1385000000,0.0884591238,0.0887369097,0.1771960335
0.1386666667,0.0884767264,0.0887193257,0.1771960520
0.1388333333,0.0884919845,0.0887040845,0.1771960690
0.1390000000,0.0885051694,0.0886909150,0.1771960844
0.1391666667,0.0885165279,0.0886795704,0.1771960984
0.1393333333,0.0885262837,0.0886698272,0.1771961110
0.1395000000,0.0885346384,0.0886614839,0.1771961223
0.1396666667,0.0885417729,0.0886543594,0.1771961324
0.1398333333,0.0885478490,0.0886482924,0.1771961413
0.1400000000,0.0885530103,0.0886431390,0.1771961493
0.1401666667,0.0885573844,0.0886387719,0.1771961563
0.1403333333,0.0885610836,0.0886350788,0.1771961625
0.1405000000,0.0885642068,0.0886319610,0.1771961679
0.1406666667,0.0885668404,0.0886293321,0.1771961726
0.1408333333,0.0885690598,0.0886271169,0.1771961766
0.1410000000,0.0885709303,0.0886252499,0.1771961802
0.1411666667,0.0885725086,0.0886236746,0.1771961832
0.1413333333,0.0885738434,0.0886223424,0.1771961858
0.1415000000,0.0885749763,0.0886212117,0.1771961880
0.1416666667,0.0885759429,0.0886202470,0.1771961899
0.1418333333,0.0885767734,0.0886194181,0.1771961915
0.1420000000,0.0885774931,0.0886186997,0.1771961928
0.1421666667,0.0885781232,0.0886180707,0.1771961939
0.1423333333,0.0885786811,0.0886175136,0.1771961948
0.1425000000,0.0885791813,0.0886170142,0.1771961955
0.1426666667,0.0885796351,0.0886165609,0.1771961961
0.1428333333,0.0885800517,0.0886161448,0.1771961965
0.1430000000,0.0885804380,0.0886157588,0.1771961968
0.1431666667,0.0885807990,0.0886153981,0.1771961970
0.1433333333,0.0885811381,0.0886150590,0.1771961971
0.1435000000,0.0885814576,0.0886147396,0.1771961972
0.1436666667,0.0885817582,0.0886144390,0.1771961972
0.1438333333,0.0885820398,0.0886141574,0.1771961971
0.1440000000,0.0885823014,0.0886138956,0.1771961970
0.1441666667,0.0885825414,0.0886136555,0.1771961969
0.1443333333,0.0885827576,0.0886134391,0.1771961967
0.1445000000,0.0885829474,0.0886132492,0.1771961965
0.1446666667,0.0885831078,0.0886130886,0.1771961963
0.1448333333,0.0885832358,0.0886129603,0.1771961962
0.1450000000,0.0885833285,0.0886128675,0.1771961960
0.1451666667,0.0885833827,0.0886128131,0.1771961958
0.1453333333,0.0885833958,0.0886127999,0.1771961956
0.1455000000,0.0885833653,0.0886128302,0.1771961955
0.1456666667,0.0885832891,0.0886129063,0.1771961954
0.1458333333,0.0885831658,0.0886130296,0.1771961954
0.1460000000,0.0885829943,0.0886132010,0.1771961953
0.1461666667,0.0885827744,0.0886134209,0.1771961954
0.1463333333,0.0885825065,0.0886136889,0.1771961954
0.1465000000,0.0885821918,0.0886140038,0.1771961956
0.1466666667,0.0885818321,0.0886143637,0.1771961957
0.1468333333,0.0885814302,0.0886147658,0.1771961959
0.1470000000,0.0885809897,0.0886152066,0.1771961962
0.1471666667,0.0885805148,0.0886156817,0.1771961965
0.1473333333,0.0885800106,0.0886161863,0.1771961969
0.1475000000,0.0885794827,0.0886167146,0.1771961973
0.1476666667,0.0885789375,0.0886172602,0.1771961977
0.1478333333,0.0885783817,0.0886178164,0.1771961982
0.1480000000,0.0885778226,0.0886183760,0.1771961986
0.1481666667,0.0885772676,0.0886189315,0.1771961991
0.1483333333,0.0885767243,0.0886194753,0.1771961996
0.1485000000,0.0885762005,0.0886199996,0.1771962001
0.1486666667,0.0885757036,0.0886204969,0.1771962005
0.1488333333,0.0885752411,0.0886209598,0.1771962010
0.1490000000,0.0885748199,0.0886213815,0.1771962014
0.1491666667,0.0885744463,0.0886217555,0.1771962017
0.1493333333,0.0885741261,0.0886220759,0.1771962020
0.1495000000,0.0885738644,0.0886223379,0.1771962023
0.1496666667,0.0885736653,0.0886225371,0.1771962025
0.1498333333,0.0885735321,0.0886226705,0.1771962026
0.1500000000,0.0885734669,0.0886227358,0.1771962027
0.1501666667,0.0885734710,0.0886227317,0.1771962027
0.1503333333,0.0885735443,0.0886226584,0.1771962026
0.1505000000,0.0885736859,0.0886225167,0.1771962025
0.1506666667,0.0885738936,0.0886223087,0.1771962023
0.1508333333,0.0885741645,0.0886220376,0.1771962021
0.1510000000,0.0885744944,0.0886217074,0.1771962018
0.1511666667,0.0885748783,0.0886213231,0.1771962014
0.1513333333,0.0885753105,0.0886208905,0.1771962010
0.1515000000,0.0885757845,0.0886204161,0.1771962006
0.1516666667,0.0885762934,0.0886199067,0.1771962001
0.1518333333,0.0885768296,0.0886193700,0.1771961996
0.1520000000,0.0885773856,0.0886188135,0.1771961991
0.1521666667,0.0885779535,0.0886182452,0.1771961986
0.1523333333,0.0885785253,0.0886176729,0.1771961981
0.1525000000,0.0885790934,0.0886171043,0.1771961977
0.1526666667,0.0885796503,0.0886165470,0.1771961972
0.1528333333,0.0885801890,0.0886160078,0.1771961968
0.1530000000,0.0885807029,0.0886154935,0.1771961964
0.1531666667,0.0885811862,0.0886150099,0.1771961961
0.1533333333,0.0885816336,0.0886145623,0.1771961958
0.1535000000,0.0885820406,0.0886141550,0.1771961956
0.1536666667,0.0885824036,0.0886137918,0.1771961954
0.1538333333,0.0885827198,0.0886134755,0.1771961953
0.1540000000,0.0885829873,0.0886132079,0.1771961953
0.1541666667,0.0885832051,0.0886129902,0.1771961952
0.1543333333,0.0885833728,0.0886128225,0.1771961953
0.1545000000,0.0885834910,0.0886127043,0.1771961954
0.1546666667,0.0885835612,0.0886126342,0.1771961955
0.1548333333,0.0885835855,0.0886126102,0.1771961957
0.1550000000,0.0885835664,0.0886126294,0.1771961959
0.1551666667,0.0885835074,0.0886126887,0.1771961961
0.1553333333,0.0885834123,0.0886127841,0.1771961964
0.1555000000,0.0885832852,0.0886129114,0.1771961967
0.1556666667,0.0885831308,0.0886130661,0.1771961970
0.1558333333,0.0885829540,0.0886132433,0.1771961973
0.1560000000,0.0885827598,0.0886134378,0.1771961976
0.1561666667,0.0885825535,0.0886136445,0.1771961980
0.1563333333,0.0885823405,0.0886138578,0.1771961983
0.1565000000,0.0885821263,0.0886140724,0.1771961986
0.1566666667,0.0885819164,0.0886142826,0.1771961990
0.1568333333,0.0885817166,0.0886144827,0.1771961994
0.1570000000,0.0885815325,0.0886146672,0.1771961997
0.1571666667,0.0885813701,0.0886148300,0.1771962001
0.1573333333,0.0885812355,0.0886149650,0.1771962005
0.1575000000,0.0885811351,0.0886150658,0.1771962009
0.1576666667,0.0885810757,0.0886151257,0.1771962014
0.1578333333,0.0885810647,0.0886151372,0.1771962019
0.1580000000,0.0885811101,0.0886150924,0.1771962024
0.1581666667,0.0885812209,0.0886149822,0.1771962031
0.1583333333,0.0885814072,0.0886147965,0.1771962038
0.1585000000,0.0885816806,0.0886145241,0.1771962046
0.1586666667,0.0885820539,0.0886141516,0.1771962055
0.1588333333,0.0885825425,0.0886136642,0.1771962066
0.1590000000,0.0885831636,0.0886130443,0.1771962079
0.1591666667,0.0885839373,0.0886122720,0.1771962093
0.1593333333,0.0885848870,0.0886113240,0.1771962110
0.1595000000,0.0885860394,0.0886101735,0.1771962129
0.1596666667,0.0885874255,0.0886087896,0.1771962152
0.1598333333,0.0885890808,0.0886071369,0.1771962177
0.1600000000,0.0885910460,0.0886051746,0.1771962206
0.1601666667,0.0885933677,0.0886028562,0.1771962239
0.1603333333,0.0885960989,0.0886001288,0.1771962277
0.1605000000,0.0885992996,0.0885969323,0.1771962319
0.1606666667,0.0886030379,0.0885931988,0.1771962367
0.1608333333,0.0886073900,0.0885888520,0.1771962420
0.1610000000,0.0886124418,0.0885838062,0.1771962480
0.1611666667,0.0886182889,0.0885779657,0.1771962546
0.1613333333,0.0886250376,0.0885712244,0.1771962620
0.1615000000,0.0886328056,0.0885634645,0.1771962701
0.1616666667,0.0886417228,0.0885545562,0.1771962790
0.1618333333,0.0886519314,0.0885443573,0.1771962887
0.1620000000,0.0886635869,0.0885327124,0.1771962993
0.1621666667,0.0886768583,0.0885194523,0.1771963107
0.1623333333,0.0886919285,0.0885043945,0.1771963230
0.1625000000,0.0887089940,0.0884873421,0.1771963361
0.1626666667,0.0887282655,0.0884680847,0.1771963501
0.1628333333,0.0887499669,0.0884463981,0.1771963650
0.1630000000,0.0887743353,0.0884220452,0.1771963806
0.1631666667,0.0888016201,0.0883947767,0.1771963968
0.1633333333,0.0888320815,0.0883643322,0.1771964137
0.1635000000,0.0888659896,0.0883304415,0.1771964311
0.1636666667,0.0889036219,0.0882928269,0.1771964488
0.1638333333,0.0889452619,0.0882512049,0.1771964667
0.1640000000,0.0889911957,0.0882052889,0.1771964846
0.1641666667,0.0890417096,0.0881547927,0.1771965023
0.1643333333,0.0890970862,0.0880994334,0.1771965196
0.1645000000,0.0891576008,0.0880389353,0.1771965361
0.1646666667,0.0892235169,0.0879730347,0.1771965516
0.1648333333,0.0892950818,0.0879014840,0.1771965658
0.1650000000,0.0893725217,0.0878240566,0.1771965783
0.1651666667,0.0894560361,0.0877405527,0.1771965888
0.1653333333,0.0895457927,0.0876508043,0.1771965970
0.1655000000,0.0896419217,0.0875546808,0.1771966025
0.1656666667,0.0897445103,0.0874520947,0.1771966049
0.1658333333,0.0898535971,0.0873430069,0.1771966040
0.1660000000,0.0899691672,0.0872274323,0.1771965995
0.1661666667,0.0900911467,0.0871054443,0.1771965909
0.1663333333,0.0902193990,0.0869771793,0.1771965783
0.1665000000,0.0903537209,0.0868428403,0.1771965612
0.1666666667,0.0904938399,0.0867026998,0.1771965398
0.1668333333,0.0906394125,0.0865571013,0.1771965138
0.1670000000,0.0907900235,0.0864064599,0.1771964835
0.1671666667,0.0909451876,0.0862512612,0.1771964488
0.1673333333,0.0911043513,0.0860920589,0.1771964102
0.1675000000,0.0912668974,0.0859294706,0.1771963680
0.1676666667,0.0914321512,0.0857641714,0.1771963226
0.1678333333,0.0915993885,0.0855968864,0.1771962748
0.1680000000,0.0917678455,0.0854283798,0.1771962253
0.1681666667,0.0919367312,0.0852594437,0.1771961749
0.1683333333,0.0921052415,0.0850908832,0.1771961247
0.1685000000,0.0922725751,0.0849235006,0.1771960757
0.1686666667,0.0924379516,0.0847580777,0.1771960293
0.1688333333,0.0926006311,0.0845953557,0.1771959867
0.1690000000,0.0927599346,0.0844360147,0.1771959493
0.1691666667,0.0929152670,0.0842806516,0.1771959186
0.1693333333,0.0930661386,0.0841297573,0.1771958959
0.1695000000,0.0932121888,0.0839836938,0.1771958826
0.1696666667,0.0933532088,0.0838426715,0.1771958802
0.1698333333,0.0934891626,0.0837067274,0.1771958900
0.1700000000,0.0936202085,0.0835757045,0.1771959130
0.1701666667,0.0937467165,0.0834492337,0.1771959502
0.1703333333,0.0938692848,0.0833267178,0.1771960026
0.1705000000,0.0939887511,0.0832073193,0.1771960704
0.1706666667,0.0941062016,0.0830899524,0.1771961540
0.1708333333,0.0942229740,0.0829732793,0.1771962533
0.1710000000,0.0943406556,0.0828557122,0.1771963677
0.1711666667,0.0944610753,0.0827354211,0.1771964964
0.1713333333,0.0945862900,0.0826103481,0.1771966381
0.1715000000,0.0947185625,0.0824782284,0.1771967909
0.1716666667,0.0948603343,0.0823366185,0.1771969528
0.1718333333,0.0950141894,0.0821829315,0.1771971209
0.1720000000,0.0951828119,0.0820144804,0.1771972922
0.1721666667,0.0953689356,0.0818285275,0.1771974632
0.1723333333,0.0955752877,0.0816223420,0.1771976298
0.1725000000,0.0958045248,0.0813932628,0.1771977877
0.1726666667,0.0960591641,0.0811387681,0.1771979323
0.1728333333,0.0963415091,0.0808565495,0.1771980586
0.1730000000,0.0966535713,0.0805445904,0.1771981617
0.1731666667,0.0969969896,0.0802012467,0.1771982363
0.1733333333,0.0973729472,0.0798253301,0.1771982772
0.1735000000,0.0977820893,0.0794161902,0.1771982795
0.1736666667,0.0982244418,0.0789737963,0.1771982381
0.1738333333,0.0986993337,0.0784988149,0.1771981485
0.1740000000,0.0992053234,0.0779926833,0.1771980066
0.1741666667,0.0997401331,0.0774576757,0.1771978087
0.1743333333,0.1003005908,0.0768969611,0.1771975519
0.1745000000,0.1008825828,0.0763146512,0.1771972339
0.1746666667,0.1014810183,0.0757158351,0.1771968534
0.1748333333,0.1020898078,0.0751066020,0.1771964099
0.1750000000,0.1027018565,0.0744940475,0.1771959040
0.1751666667,0.1033090738,0.0738862637,0.1771953375
0.1753333333,0.1039024014,0.0732923118,0.1771947132
0.1755000000,0.1044718583,0.0727221768,0.1771940351
0.1756666667,0.1050066068,0.0721867019,0.1771933087
0.1758333333,0.1054950357,0.0716975045,0.1771925402
0.1760000000,0.1059248647,0.0712668727,0.1771917374
0.1761666667,0.1062832670,0.0709076421,0.1771909091
0.1763333333,0.1065570099,0.0706330553,0.1771900653
0.1765000000,0.1067326138,0.0704566030,0.1771892167
0.1766666667,0.1067965257,0.0703918496,0.1771883753
0.1768333333,0.1067353084,0.0704522452,0.1771875536
0.1770000000,0.1065358403,0.0706509244,0.1771867647
0.1771666667,0.1061855262,0.0710004960,0.1771860222
0.1773333333,0.1056725143,0.0715128258,0.1771853400
0.1775000000,0.1049859171,0.0721988149,0.1771847320
0.1776666667,0.1041160339,0.0730681780,0.1771842119
0.1778333333,0.1030545702,0.0741292229,0.1771837931
0.1780000000,0.1017948504,0.0753886380,0.1771834883
0.1781666667,0.1003320219,0.0768512876,0.1771833095
0.1783333333,0.0986632448,0.0785200226,0.1771832674
0.1785000000,0.0967878645,0.0803955070,0.1771833716
0.1786666667,0.0947075640,0.0824760661,0.1771836300
0.1788333333,0.0924264907,0.0847575583,0.1771840490
0.1790000000,0.0899513573,0.0872332756,0.1771846329
0.1791666667,0.0872915102,0.0898938737,0.1771853839
0.1793333333,0.0844589659,0.0927273362,0.1771863021
0.1795000000,0.0814684109,0.0957189742,0.1771873851
0.1796666667,0.0783371644,0.0988514638,0.1771886282
0.1798333333,0.0750851018,0.1021049224,0.1771900242
0.1800000000,0.0717345381,0.1054570250,0.1771915631
0.1801666667,0.0683100719,0.1088831609,0.1771932328
0.1803333333,0.0648383891,0.1123566294,0.1771950186
0.1805000000,0.0613480279,0.1158488755,0.1771969034
0.1806666667,0.0578691070,0.1193297611,0.1771988681
0.1808333333,0.0544330190,0.1227678725,0.1772008915
0.1810000000,0.0510720925,0.1261308582,0.1772029507
0.1811666667,0.0478192262,0.1293857952,0.1772050213
0.1813333333,0.0447074991,0.1324995787,0.1772070779
0.1815000000,0.0417697631,0.1354393308,0.1772090939
0.1816666667,0.0390382216,0.1381728211,0.1772110427
0.1818333333,0.0365440013,0.1406688961,0.1772128974
0.1820000000,0.0343167236,0.1428979078,0.1772146314
0.1821666667,0.0323840810,0.1448321380,0.1772162190
0.1823333333,0.0307714271,0.1464462087,0.1772176358
0.1825000000,0.0295013850,0.1477174740,0.1772188589
0.1826666667,0.0285934828,0.1486263848,0.1772198676
0.1828333333,0.0280638219,0.1491568214,0.1772206434
0.1830000000,0.0279247842,0.1492963866,0.1772211709
0.1831666667,0.0281847848,0.1490366529,0.1772214377
0.1833333333,0.0288480746,0.1483733603,0.1772214349
0.1835000000,0.0299145991,0.1473065582,0.1772211573
0.1836666667,0.0313799148,0.1458406889,0.1772206037
0.1838333333,0.0332351679,0.1439846086,0.1772197765
0.1840000000,0.0354671368,0.1417515456,0.1772186825
0.1841666667,0.0380583391,0.1391589933,0.1772173324
0.1843333333,0.0409872020,0.1362285387,0.1772157408
0.1845000000,0.0442282967,0.1329856293,0.1772139260
0.1846666667,0.0477526314,0.1294592788,0.1772119101
0.1848333333,0.0515280016,0.1256817165,0.1772097181
0.1850000000,0.0555193917,0.1216879864,0.1772073780
0.1851666667,0.0596894210,0.1175154992,0.1772049203
0.1853333333,0.0639988298,0.1132035473,0.1772023771
0.1855000000,0.0684069949,0.1087927874,0.1771997823
0.1856666667,0.0728724686,0.1043247018,0.1771971704
0.1858333333,0.0773535308,0.0998410455,0.1771945763
0.1860000000,0.0818087451,0.0953832894,0.1771920346
0.1861666667,0.0861975103,0.0909920683,0.1771895787
0.1863333333,0.0904805965,0.0867066443,0.1771872408
0.1865000000,0.0946206576,0.0825643934,0.1771850510
0.1866666667,0.0985827113,0.0786003253,0.1771830367
0.1868333333,0.1023345779,0.0748466445,0.1771812223
0.1870000000,0.1058472701,0.0713323589,0.1771796290
0.1871666667,0.1090953291,0.0680829448,0.1771782739
0.1873333333,0.1120570988,0.0651200713,0.1771771701
0.1875000000,0.1147149367,0.0624613899,0.1771763266
0.1876666667,0.1170553564,0.0601203916,0.1771757480
0.1878333333,0.1190691010,0.0581063336,0.1771754346
0.1880000000,0.1207511473,0.0564242349,0.1771753822
0.1881666667,0.1221006419,0.0550749410,0.1771755829
0.1883333333,0.1231207711,0.0540552534,0.1771760245
0.1885000000,0.1238185695,0.0533581220,0.1771766915
0.1886666667,0.1242046710,0.0529728940,0.1771775651
0.1888333333,0.1242930099,0.0528856138,0.1771786237
0.1890000000,0.1241004770,0.0530793667,0.1771798437
0.1891666667,0.1236465402,0.0535346592,0.1771811993
0.1893333333,0.1229528371,0.0542298270,0.1771826640
0.1895000000,0.1220427480,0.0551414623,0.1771842103
0.1896666667,0.1209409586,0.0562448521,0.1771858107
0.1898333333,0.1196730205,0.0575144175,0.1771874380
0.1900000000,0.1182649186,0.0589241476,0.1771890662
0.1901666667,0.1167426531,0.0604480171,0.1771906702
0.1903333333,0.1151318434,0.0620603839,0.1771922273
0.1905000000,0.1134573608,0.0637363557,0.1771937165
0.1906666667,0.1117429957,0.0654521237,0.1771951194
0.1908333333,0.1100111638,0.0671852567,0.1771964205
0.1910000000,0.1082826555,0.0689149512,0.1771976067
0.1911666667,0.1065764306,0.0706222376,0.1771986682
0.1913333333,0.1049094602,0.0722901379,0.1771995982
0.1915000000,0.1032966154,0.0739037771,0.1772003925
0.1916666667,0.1017506025,0.0754504475,0.1772010499
0.1918333333,0.1002819439,0.0769196281,0.1772015720
0.1920000000,0.0988989997,0.0783029627,0.1772019624
0.1921666667,0.0976080292,0.0795941981,0.1772022273
0.1923333333,0.0964132858,0.0807890886,0.1772023744
0.1925000000,0.0953171429,0.0818852704,0.1772024133
0.1926666667,0.0943202437,0.0828821109,0.1772023546
0.1928333333,0.0934216713,0.0837805385,0.1772022097
0.1930000000,0.0926191330,0.0845828580,0.1772019910
0.1931666667,0.0919091532,0.0852925574,0.1772017106
0.1933333333,0.0912872711,0.0859141099,0.1772013810
0.1935000000,0.0907482368,0.0864527773,0.1772010141
0.1936666667,0.0902862031,0.0869144183,0.1772006214
0.1938333333,0.0898949080,0.0873053056,0.1772002135
0.1940000000,0.0895678448,0.0876319554,0.1771998003
0.1941666667,0.0892984185,0.0879009717,0.1771993902
0.1943333333,0.0890800836,0.0881189074,0.1771989910
0.1945000000,0.0889064654,0.0882921436,0.1771986089
0.1946666667,0.0887714606,0.0884267885,0.1771982491
0.1948333333,0.0886693203,0.0885285953,0.1771979155
0.1950000000,0.0885947122,0.0886028987,0.1771976109
0.1951666667,0.0885427663,0.0886545708,0.1771973370
0.1953333333,0.0885091020,0.0886879926,0.1771970946
0.1955000000,0.0884898410,0.0887070426,0.1771968836
0.1956666667,0.0884816054,0.0887150977,0.1771967031
0.1958333333,0.0884815043,0.0887150474,0.1771965517
0.1960000000,0.0884871108,0.0887093166,0.1771964274
0.1961666667,0.0884964305,0.0886998973,0.1771963278
0.1963333333,0.0885078652,0.0886883852,0.1771962504
0.1965000000,0.0885201712,0.0886760213,0.1771961925
0.1966666667,0.0885324170,0.0886637344,0.1771961514
0.1968333333,0.0885439392,0.0886521852,0.1771961243
0.1970000000,0.0885542999,0.0886418089,0.1771961088
0.1971666667,0.0885632455,0.0886328568,0.1771961024
0.1973333333,0.0885706687,0.0886254342,0.1771961029
0.1975000000,0.0885765737,0.0886195347,0.1771961084
0.1976666667,0.0885810456,0.0886150717,0.1771961173
0.1978333333,0.0885842236,0.0886119045,0.1771961281
0.1980000000,0.0885862794,0.0886098605,0.1771961398
0.1981666667,0.0885873982,0.0886087533,0.1771961515
0.1983333333,0.0885877655,0.0886083970,0.1771961625
0.1985000000,0.0885875561,0.0886086162,0.1771961723
0.1986666667,0.0885869272,0.0886092536,0.1771961808
0.1988333333,0.0885860140,0.0886101737,0.1771961877
0.1990000000,0.0885849276,0.0886112656,0.1771961932
0.1991666667,0.0885837548,0.0886124423,0.1771961971
0.1993333333,0.0885825599,0.0886136400,0.1771961998
0.1995000000,0.0885813863,0.0886148152,0.1771962014
0.1996666667,0.0885802602,0.0886159420,0.1771962022
0.1998333333,0.0885791935,0.0886170087,0.1771962022
0.2000000000,0.0885781875,0.0886180143,0.1771962018
0.2001666667,0.0885772360,0.0886189651,0.1771962011
0.2003333333,0.0885763281,0.0886198722,0.1771962003
0.2005000000,0.0885754513,0.0886207482,0.1771961995
0.2006666667,0.0885745931,0.0886216057,0.1771961988
0.2008333333,0.0885737429,0.0886224555,0.1771961984
0.2010000000,0.0885728929,0.0886233052,0.1771961981
0.2011666667,0.0885720394,0.0886241587,0.1771961981
0.2013333333,0.0885711824,0.0886250160,0.1771961984
0.2015000000,0.0885703262,0.0886258727,0.1771961989
0.2016666667,0.0885694786,0.0886267210,0.1771961996
0.2018333333,0.0885686509,0.0886275495,0.1771962005
0.2020000000,0.0885678574,0.0886283441,0.1771962015
0.2021666667,0.0885671140,0.0886290886,0.1771962026
0.2023333333,0.0885664384,0.0886297653,0.1771962037
0.2025000000,0.0885658489,0.0886303560,0.1771962049
0.2026666667,0.0885653637,0.0886308424,0.1771962060
0.2028333333,0.0885650006,0.0886312065,0.1771962071
0.2030000000,0.0885647764,0.0886314316,0.1771962080
0.2031666667,0.0885647063,0.0886315026,0.1771962088
0.2033333333,0.0885648035,0.0886314060,0.1771962095
0.2035000000,0.0885650792,0.0886311309,0.1771962101
0.2036666667,0.0885655420,0.0886306685,0.1771962105
0.2038333333,0.0885661978,0.0886300128,0.1771962107
0.2040000000,0.0885670499,0.0886291608,0.1771962107
0.2041666667,0.0885680985,0.0886281120,0.1771962105
0.2043333333,0.0885693409,0.0886268692,0.1771962102
0.2045000000,0.0885707715,0.0886254381,0.1771962096
0.2046666667,0.0885723816,0.0886238273,0.1771962089
0.2048333333,0.0885741595,0.0886220485,0.1771962080
0.2050000000,0.0885760907,0.0886201162,0.1771962069
0.2051666667,0.0885781579,0.0886180477,0.1771962056
0.2053333333,0.0885803411,0.0886158631,0.1771962042
0.2055000000,0.0885826177,0.0886135850,0.1771962027
0.2056666667,0.0885849629,0.0886112381,0.1771962010
0.2058333333,0.0885873498,0.0886088494,0.1771961992
0.2060000000,0.0885897497,0.0886064476,0.1771961973
0.2061666667,0.0885921326,0.0886040627,0.1771961954
0.2063333333,0.0885944673,0.0886017260,0.1771961934
0.2065000000,0.0885967219,0.0885994694,0.1771961914
0.2066666667,0.0885988644,0.0885973250,0.1771961894
0.2068333333,0.0886008627,0.0885953247,0.1771961874
0.2070000000,0.0886026856,0.0885935000,0.1771961855
0.2071666667,0.0886043029,0.0885918808,0.1771961837
0.2073333333,0.0886056860,0.0885904961,0.1771961820
0.2075000000,0.0886068083,0.0885893723,0.1771961805
0.2076666667,0.0886076455,0.0885885337,0.1771961792
0.2078333333,0.0886081761,0.0885880020,0.1771961780
0.2080000000,0.0886083817,0.0885877954,0.1771961771
0.2081666667,0.0886082473,0.0885879291,0.1771961764
0.2083333333,0.0886077612,0.0885884147,0.1771961759
0.2085000000,0.0886069155,0.0885892601,0.1771961756
0.2086666667,0.0886057057,0.0885904698,0.1771961755
0.2088333333,0.0886041310,0.0885920447,0.1771961757
0.2090000000,0.0886021938,0.0885939822,0.1771961760
0.2091666667,0.0885998997,0.0885962768,0.1771961766
0.2093333333,0.0885972568,0.0885989204,0.1771961772
0.2095000000,0.0885942753,0.0886019027,0.1771961779
0.2096666667,0.0885909670,0.0886052117,0.1771961787
0.2098333333,0.0885873446,0.0886088349,0.1771961795
0.2100000000,0.0885834208,0.0886127595,0.1771961803
0.2101666667,0.0885792074,0.0886169736,0.1771961809
0.2103333333,0.0885747143,0.0886214671,0.1771961814
0.2105000000,0.0885699488,0.0886262328,0.1771961816
0.2106666667,0.0885649142,0.0886312673,0.1771961815
0.2108333333,0.0885596089,0.0886365722,0.1771961810
0.2110000000,0.0885540252,0.0886421550,0.1771961801
0.2111666667,0.0885481482,0.0886480305,0.1771961787
0.2113333333,0.0885419550,0.0886542217,0.1771961767
0.2115000000,0.0885354131,0.0886607609,0.1771961740
0.2116666667,0.0885284800,0.0886676907,0.1771961707
0.2118333333,0.0885211020,0.0886750646,0.1771961666
0.2120000000,0.0885132136,0.0886829481,0.1771961617
0.2121666667,0.0885047367,0.0886914193,0.1771961560
0.2123333333,0.0884955802,0.0887005693,0.1771961495
0.2125000000,0.0884856396,0.0887105025,0.1771961421
0.2126666667,0.0884747968,0.0887213371,0.1771961339
0.2128333333,0.0884629202,0.0887332046,0.1771961248
0.2130000000,0.0884498649,0.0887462500,0.1771961149
0.2131666667,0.0884354730,0.0887606313,0.1771961043
0.2133333333,0.0884195744,0.0887765185,0.1771960929
0.2135000000,0.0884019875,0.0887940935,0.1771960809
0.2136666667,0.0883825203,0.0888135480,0.1771960684
0.2138333333,0.0883609721,0.0888350832,0.1771960553
0.2140000000,0.0883371342,0.0888589077,0.1771960419
0.2141666667,0.0883107924,0.0888852358,0.1771960282
0.2143333333,0.0882817285,0.0889142860,0.1771960145
0.2145000000,0.0882497221,0.0889462786,0.1771960007
0.2146666667,0.0882145535,0.0889814336,0.1771959871
0.2148333333,0.0881760054,0.0890199685,0.1771959738
0.2150000000,0.0881338653,0.0890620957,0.1771959610
0.2151666667,0.0880879283,0.0891080205,0.1771959488
0.2153333333,0.0880379991,0.0891579382,0.1771959373
0.2155000000,0.0879838947,0.0892120320,0.1771959267
0.2156666667,0.0879254462,0.0892704710,0.1771959172
0.2158333333,0.0878625013,0.0893334075,0.1771959088
0.2160000000,0.0877949255,0.0894009761,0.1771959016
0.2161666667,0.0877226045,0.0894732913,0.1771958958
0.2163333333,0.0876454442,0.0895504470,0.1771958912
0.2165000000,0.0875633724,0.0896325157,0.1771958881
0.2166666667,0.0874763381,0.0897195481,0.1771958862
0.2168333333,0.0873843116,0.0898115740,0.1771958856
0.2170000000,0.0872872829,0.0899086032,0.1771958861
0.2171666667,0.0871852603,0.0900106273,0.1771958876
0.2173333333,0.0870782671,0.0901176227,0.1771958899
0.2175000000,0.0869663387,0.0902295539,0.1771958926
0.2176666667,0.0868495175,0.0903463779,0.1771958954
0.2178333333,0.0867278485,0.0904680495,0.1771958980
0.2180000000,0.0866013722,0.0905945277,0.1771958999
0.2181666667,0.0864701181,0.0907257825,0.1771959006
0.2183333333,0.0863340969,0.0908618028,0.1771958996
0.2185000000,0.0861932915,0.0910026049,0.1771958964
0.2186666667,0.0860476482,0.0911482420,0.1771958902
0.2188333333,0.0858970668,0.0912988136,0.1771958805
0.2190000000,0.0857413908,0.0914544758,0.1771958666
0.2191666667,0.0855803971,0.0916154508,0.1771958480
0.2193333333,0.0854137861,0.0917820378,0.1771958239
0.2195000000,0.0852411725,0.0919546215,0.1771957940
0.2196666667,0.0850620760,0.0921336817,0.1771957576
0.2198333333,0.0848759141,0.0923198004,0.1771957145
0.2200000000,0.0846819957,0.0925136685,0.1771956642
0.2201666667,0.0844795165,0.0927160902,0.1771956067
0.2203333333,0.0842675569,0.0929279852,0.1771955420
0.2205000000,0.0840450820,0.0931503883,0.1771954703
0.2206666667,0.0838109457,0.0933844464,0.1771953921
0.2208333333,0.0835638963,0.0936314115,0.1771953078
0.2210000000,0.0833025877,0.0938926308,0.1771952185
0.2211666667,0.0830255934,0.0941695319,0.1771951253
0.2213333333,0.0827314250,0.0944636046,0.1771950297
0.2215000000,0.0824185558,0.0947763775,0.1771949333
0.2216666667,0.0820854479,0.0951093903,0.1771948382
0.2218333333,0.0817305850,0.0954641618,0.1771947468
0.2220000000,0.0813525090,0.0958421525,0.1771946615
0.2221666667,0.0809498619,0.0962447234,0.1771945854
0.2223333333,0.0805214311,0.0966730903,0.1771945213
0.2225000000,0.0800661988,0.0971282740,0.1771944728
0.2226666667,0.0795833952,0.0976110480,0.1771944432
0.2228333333,0.0790725541,0.0981218821,0.1771944362
0.2230000000,0.0785335700,0.0986608854,0.1771944554
0.2231666667,0.0779667574,0.0992277471,0.1771945045
0.2233333333,0.0773729098,0.0998216774,0.1771945872
0.2235000000,0.0767533572,0.1004413497,0.1771947070
0.2236666667,0.0761100231,0.1010848440,0.1771948672
0.2238333333,0.0754454767,0.1017495941,0.1771950708
0.2240000000,0.0747629812,0.1024323393,0.1771953205
0.2241666667,0.0740665367,0.1031290819,0.1771956185
0.2243333333,0.0733609146,0.1038350519,0.1771959665
0.2245000000,0.0726516851,0.1045446805,0.1771963655
0.2246666667,0.0719452326,0.1052515833,0.1771968159
0.2248333333,0.0712487621,0.1059485550,0.1771973172
0.2250000000,0.0705702919,0.1066275762,0.1771978681
0.2251666667,0.0699186329,0.1072798337,0.1771984666
0.2253333333,0.0693033540,0.1078957554,0.1771991094
0.2255000000,0.0687347322,0.1084650603,0.1771997925
0.2256666667,0.0682236869,0.1089768238,0.1772005108
0.2258333333,0.0677816981,0.1094195600,0.1772012581
0.2260000000,0.0674207085,0.1097813188,0.1772020273
0.2261666667,0.0671530101,0.1100498004,0.1772028104
0.2263333333,0.0669911141,0.1102124842,0.1772035983
0.2265000000,0.0669476076,0.1102567736,0.1772043812
0.2266666667,0.0670349951,0.1101701532,0.1772051484
0.2268333333,0.0672655286,0.1099403599,0.1772058885
0.2270000000,0.0676510262,0.1095555635,0.1772065897
0.2271666667,0.0682026826,0.1090045571,0.1772072397
0.2273333333,0.0689308725,0.1082769534,0.1772078259
0.2275000000,0.0698449506,0.1073633852,0.1772083358
0.2276666667,0.0709530493,0.1062557074,0.1772087567
0.2278333333,0.0722618794,0.1049471971,0.1772090765
0.2280000000,0.0737765347,0.1034327488,0.1772092836
0.2281666667,0.0755003053,0.1017090615,0.1772093668
0.2283333333,0.0774345021,0.0997748140,0.1772093161
0.2285000000,0.0795782974,0.0976308254,0.1772091228
0.2286666667,0.0819285823,0.0952801969,0.1772087792
0.2288333333,0.0844798479,0.0927284315,0.1772082795
0.2290000000,0.0872240906,0.0899835289,0.1772076195
0.2291666667,0.0901507458,0.0870560512,0.1772067970
0.2293333333,0.0932466531,0.0839591588,0.1772058118
0.2295000000,0.0964960549,0.0807086114,0.1772046663
0.2296666667,0.0998806307,0.0773227340,0.1772033647
0.2298333333,0.1033795689,0.0738223451,0.1772019140
0.2300000000,0.1069696771,0.0702306464,0.1772003235
0.2301666667,0.1106255316,0.0665730735,0.1771986051
0.2303333333,0.1143196664,0.0628771065,0.1771967729
0.2305000000,0.1180227999,0.0591720436,0.1771948436
0.2306666667,0.1217040999,0.0554887359,0.1771928358
0.2308333333,0.1253314826,0.0518592877,0.1771907703
0.2310000000,0.1288719455,0.0483167242,0.1771886697
0.2311666667,0.1322919281,0.0448946302,0.1771865583
0.2313333333,0.1355576979,0.0416267634,0.1771844614
0.2315000000,0.1386357575,0.0385466479,0.1771824054
0.2316666667,0.1414932653,0.0356871521,0.1771804173
0.2318333333,0.1440984663,0.0330800580,0.1771785243
0.2320000000,0.1464211256,0.0307556275,0.1771767531
0.2321666667,0.1484329575,0.0287421726,0.1771751302
0.2323333333,0.1501080447,0.0270656357,0.1771736804
0.2325000000,0.1514232388,0.0257491887,0.1771724276
0.2326666667,0.1523585371,0.0248128560,0.1771713931
0.2328333333,0.1528974266,0.0242731697,0.1771705963
0.2330000000,0.1530271905,0.0241428629,0.1771700534
0.2331666667,0.1527391697,0.0244306081,0.1771697778
0.2333333333,0.1520289738,0.0251408054,0.1771697792
0.2335000000,0.1508966372,0.0262734264,0.1771700636
0.2336666667,0.1493467149,0.0278239183,0.1771706332
0.2338333333,0.1473883162,0.0297831697,0.1771714859
0.2340000000,0.1450350721,0.0321375435,0.1771726156
0.2341666667,0.1423050374,0.0348689746,0.1771740120
0.2343333333,0.1392205248,0.0379551358,0.1771756606
0.2345000000,0.1358078751,0.0413696679,0.1771775430
0.2346666667,0.1320971634,0.0450824738,0.1771796372
0.2348333333,0.1281218460,0.0490600716,0.1771819177
0.2350000000,0.1239183531,0.0532660027,0.1771843558
0.2351666667,0.1195256321,0.0576612883,0.1771869204
0.2353333333,0.1149846492,0.0622049288,0.1771895781
0.2355000000,0.1103378578,0.0668544361,0.1771922939
0.2356666667,0.1056286396,0.0715663924,0.1771950320
0.2358333333,0.1009007314,0.0762970245,0.1771977560
0.2360000000,0.0961976441,0.0810027855,0.1772004296
0.2361666667,0.0915620850,0.0856409326,0.1772030176
0.2363333333,0.0870353940,0.0901700920,0.1772054860
0.2365000000,0.0826570023,0.0945508007,0.1772078030
0.2366666667,0.0784639232,0.0987460161,0.1772099393
0.2368333333,0.0744902845,0.1027215841,0.1772118686
0.2370000000,0.0707669101,0.1064466582,0.1772135683
0.2371666667,0.0673209577,0.1098940620,0.1772150196
0.2373333333,0.0641756190,0.1130405889,0.1772162080
0.2375000000,0.0613498874,0.1158672358,0.1772171232
0.2376666667,0.0588583952,0.1183593646,0.1772177597
0.2378333333,0.0567113246,0.1205067919,0.1772181165
0.2380000000,0.0549143916,0.1223038055,0.1772181971
0.2381666667,0.0534689013,0.1237491081,0.1772180094
0.2383333333,0.0523718743,0.1248456911,0.1772175654
0.2385000000,0.0516162386,0.1256006424,0.1772168810
0.2386666667,0.0511910832,0.1260248924,0.1772159756
0.2388333333,0.0510819663,0.1261329052,0.1772148715
0.2390000000,0.0512712717,0.1259423218,0.1772135935
0.2391666667,0.0517386050,0.1254735635,0.1772121684
0.2393333333,0.0524612214,0.1247494031,0.1772106245
0.2395000000,0.0534144753,0.1237945153,0.1772089906
0.2396666667,0.0545722830,0.1226350130,0.1772072960
0.2398333333,0.0559075893,0.1212979803,0.1772055696
0.2400000000,0.0573928282,0.1198110112,0.1772038394
0.2401666667,0.0590003701,0.1182017620,0.1772021321
0.2403333333,0.0607029464,0.1164975258,0.1772004723
0.2405000000,0.0624740454,0.1147248372,0.1771988826
0.2406666667,0.0642882715,0.1129091114,0.1771973829
0.2408333333,0.0661216646,0.1110743258,0.1771959904
0.2410000000,0.0679519734,0.1092427458,0.1771947192
0.2411666667,0.0697588808,0.1074346995,0.1771935803
0.2413333333,0.0715241797,0.1056684018,0.1771925815
0.2415000000,0.0732318976,0.1039598298,0.1771917273
0.2416666667,0.0748683720,0.1023226476,0.1771910196
0.2418333333,0.0764222770,0.1007681801,0.1771904571
0.2420000000,0.0778846044,0.0993054315,0.1771900359
0.2421666667,0.0792486031,0.0979411467,0.1771897499
0.2423333333,0.0805096801,0.0966799106,0.1771895908
0.2425000000,0.0816652692,0.0955242794,0.1771895485
0.2426666667,0.0827146718,0.0944749400,0.1771896118
0.2428333333,0.0836588765,0.0935308918,0.1771897683
0.2430000000,0.0845003612,0.0926896438,0.1771900050
0.2431666667,0.0852428858,0.0919474227,0.1771903085
0.2433333333,0.0858912798,0.0912993857,0.1771906655
0.2435000000,0.0864512293,0.0907398337,0.1771910630
0.2436666667,0.0869290698,0.0902624189,0.1771914887
0.2438333333,0.0873315876,0.0898603431,0.1771919307
0.2440000000,0.0876658346,0.0895265440,0.1771923786
0.2441666667,0.0879389579,0.0892538650,0.1771928228
0.2443333333,0.0881580487,0.0890352064,0.1771932552
0.2445000000,0.0883300103,0.0888636583,0.1771936686
0.2446666667,0.0884614467,0.0887326108,0.1771940576
0.2448333333,0.0885585727,0.0886358450,0.1771944177
0.2450000000,0.0886271442,0.0885676018,0.1771947459
0.2451666667,0.0886724092,0.0885226312,0.1771950404
0.2453333333,0.0886990772,0.0884962230,0.1771953002
0.2455000000,0.0887113056,0.0884842199,0.1771955255
0.2456666667,0.0887127015,0.0884830158,0.1771957173
0.2458333333,0.0887063369,0.0884895403,0.1771958772
0.2460000000,0.0886947746,0.0885012328,0.1771960074
0.2461666667,0.0886801029,0.0885160076,0.1771961105
0.2463333333,0.0886639769,0.0885322125,0.1771961893
0.2465000000,0.0886476639,0.0885485830,0.1771962469
0.2466666667,0.0886320918,0.0885641946,0.1771962864
0.2468333333,0.0886178974,0.0885784132,0.1771963106
0.2470000000,0.0886054746,0.0885908480,0.1771963226
0.2471666667,0.0885950200,0.0886013049,0.1771963249
0.2473333333,0.0885865755,0.0886097445,0.1771963200
0.2475000000,0.0885800666,0.0886162434,0.1771963100
0.2476666667,0.0885753372,0.0886209596,0.1771962967
0.2478333333,0.0885721782,0.0886241036,0.1771962818
0.2480000000,0.0885703525,0.0886259138,0.1771962663
0.2481666667,0.0885696148,0.0886266365,0.1771962513
0.2483333333,0.0885697267,0.0886265108,0.1771962375
0.2485000000,0.0885704676,0.0886257577,0.1771962253
0.2486666667,0.0885716429,0.0886245721,0.1771962149
0.2488333333,0.0885730874,0.0886231192,0.1771962066
0.2490000000,0.0885746675,0.0886215327,0.1771962002
0.2491666667,0.0885762804,0.0886199152,0.1771961956
0.2493333333,0.0885778524,0.0886183403,0.1771961926
0.2495000000,0.0885793349,0.0886168561,0.1771961910
0.2496666667,0.0885807013,0.0886154892,0.1771961904
0.2498333333,0.0885819422,0.0886142485,0.1771961907
0.2500000000,0.0885830613,0.0886131302,0.1771961915
0.2501666667,0.0885840716,0.0886121211,0.1771961927
0.2503333333,0.0885849911,0.0886112028,0.1771961940
0.2505000000,0.0885858403,0.0886103549,0.1771961952
0.2506666667,0.0885866393,0.0886095571,0.1771961964
0.2508333333,0.0885874056,0.0886087916,0.1771961972
0.2510000000,0.0885881534,0.0886080444,0.1771961978
0.2511666667,0.0885888921,0.0886073060,0.1771961981
0.2513333333,0.0885896261,0.0886065720,0.1771961981
0.2515000000,0.0885903548,0.0886058429,0.1771961978
0.2516666667,0.0885910732,0.0886051239,0.1771961972
0.2518333333,0.0885917721,0.0886044243,0.1771961964
0.2520000000,0.0885924387,0.0886037567,0.1771961954
0.2521666667,0.0885930580,0.0886031364,0.1771961944
0.2523333333,0.0885936129,0.0886025804,0.1771961932
0.2525000000,0.0885940854,0.0886021067,0.1771961921
0.2526666667,0.0885944575,0.0886017335,0.1771961910
0.2528333333,0.0885947113,0.0886014787,0.1771961899
0.2530000000,0.0885948301,0.0886013589,0.1771961890
0.2531666667,0.0885947989,0.0886013893,0.1771961881
0.2533333333,0.0885946042,0.0886015832,0.1771961874
0.2535000000,0.0885942351,0.0886019518,0.1771961869
0.2536666667,0.0885936830,0.0886025035,0.1771961865
0.2538333333,0.0885929421,0.0886032443,0.1771961863
0.2540000000,0.0885920090,0.0886041773,0.1771961863
0.2541666667,0.0885908835,0.0886053029,0.1771961865
0.2543333333,0.0885895683,0.0886066185,0.1771961868
0.2545000000,0.0885880689,0.0886081185,0.1771961874
0.2546666667,0.0885863936,0.0886097945,0.1771961881
0.2548333333,0.0885845537,0.0886116352,0.1771961889
0.2550000000,0.0885825635,0.0886136265,0.1771961900
0.2551666667,0.0885804398,0.0886157514,0.1771961912
0.2553333333,0.0885782021,0.0886179905,0.1771961926
0.2555000000,0.0885758724,0.0886203217,0.1771961941
0.2556666667,0.0885734750,0.0886227208,0.1771961958
0.2558333333,0.0885710363,0.0886251612,0.1771961975
0.2560000000,0.0885685846,0.0886276148,0.1771961994
0.2561666667,0.0885661494,0.0886300519,0.1771962013
0.2563333333,0.0885637618,0.0886324415,0.1771962033
0.2565000000,0.0885614532,0.0886347521,0.1771962053
0.2566666667,0.0885592558,0.0886369515,0.1771962073
0.2568333333,0.0885572013,0.0886390080,0.1771962093
0.2570000000,0.0885553209,0.0886408903,0.1771962112
0.2571666667,0.0885536448,0.0886425681,0.1771962129
0.2573333333,0.0885522017,0.0886440129,0.1771962146
0.2575000000,0.0885510180,0.0886451981,0.1771962161
0.2576666667,0.0885501178,0.0886460996,0.1771962174
0.2578333333,0.0885495222,0.0886466963,0.1771962185
0.2580000000,0.0885492488,0.0886469706,0.1771962194
0.2581666667,0.0885493119,0.0886469082,0.1771962201
0.2583333333,0.0885497216,0.0886464989,0.1771962204
0.2585000000,0.0885504839,0.0886457366,0.1771962206
0.2586666667,0.0885516009,0.0886446196,0.1771962204
0.2588333333,0.0885530700,0.0886431500,0.1771962200
0.2590000000,0.0885548850,0.0886413344,0.1771962194
0.2591666667,0.0885570353,0.0886391832,0.1771962185
0.2593333333,0.0885595069,0.0886367105,0.1771962174
0.2595000000,0.0885622823,0.0886339338,0.1771962161
0.2596666667,0.0885653414,0.0886308733,0.1771962147
0.2598333333,0.0885686617,0.0886275515,0.1771962132
0.2600000000,0.0885722192,0.0886239924,0.1771962116
0.2601666667,0.0885759891,0.0886202209,0.1771962101
0.2603333333,0.0885799466,0.0886162620,0.1771962086
0.2605000000,0.0885840675,0.0886121397,0.1771962072
0.2606666667,0.0885883297,0.0886078762,0.1771962060
0.2608333333,0.0885927137,0.0886034913,0.1771962050
0.2610000000,0.0885972035,0.0885990007,0.1771962042
0.2611666667,0.0886017881,0.0885944158,0.1771962039
0.2613333333,0.0886064616,0.0885897423,0.1771962039
0.2615000000,0.0886112251,0.0885849794,0.1771962044
0.2616666667,0.0886160865,0.0885801189,0.1771962054
0.2618333333,0.0886210622,0.0885751448,0.1771962070
0.2620000000,0.0886261772,0.0885700320,0.1771962092
0.2621666667,0.0886314659,0.0885647461,0.1771962119
0.2623333333,0.0886369726,0.0885592427,0.1771962153
0.2625000000,0.0886427519,0.0885534675,0.1771962194
0.2626666667,0.0886488688,0.0885473553,0.1771962241
0.2628333333,0.0886553987,0.0885408308,0.1771962295
0.2630000000,0.0886624277,0.0885338078,0.1771962355
0.2631666667,0.0886700521,0.0885261900,0.1771962421
0.2633333333,0.0886783780,0.0885178713,0.1771962494
0.2635000000,0.0886875212,0.0885087360,0.1771962572
0.2636666667,0.0886976060,0.0884986595,0.1771962654
0.2638333333,0.0887087649,0.0884875093,0.1771962742
0.2640000000,0.0887211377,0.0884751456,0.1771962833
0.2641666667,0.0887348703,0.0884614225,0.1771962928
0.2643333333,0.0887501138,0.0884461887,0.1771963025
0.2645000000,0.0887670234,0.0884292890,0.1771963124
0.2646666667,0.0887857572,0.0884105651,0.1771963224
0.2648333333,0.0888064753,0.0883898571,0.1771963324
0.2650000000,0.0888293380,0.0883670044,0.1771963424
0.2651666667,0.0888545054,0.0883418470,0.1771963523
0.2653333333,0.0888821358,0.0883142263,0.1771963621
0.2655000000,0.0889123852,0.0882839864,0.1771963716
0.2656666667,0.0889454061,0.0882509748,0.1771963809
0.2658333333,0.0889813468,0.0882150430,0.1771963899
0.2660000000,0.0890203514,0.0881760472,0.1771963986
0.2661666667,0.0890625588,0.0881338482,0.1771964070
0.2663333333,0.0891081033,0.0880883118,0.1771964151
0.2665000000,0.0891571147,0.0880393083,0.1771964229
0.2666666667,0.0892097186,0.0879867120,0.1771964306
0.2668333333,0.0892660380,0.0879304001,0.1771964382
0.2670000000,0.0893261939,0.0878702518,0.1771964457
0.2671666667,0.0893903074,0.0878061460,0.1771964534
0.2673333333,0.0894585017,0.0877379597,0.1771964614
0.2675000000,0.0895309048,0.0876655650,0.1771964698
0.2676666667,0.0896076522,0.0875888268,0.1771964789
0.2678333333,0.0896888902,0.0875075988,0.1771964890
0.2680000000,0.0897747798,0.0874217203,0.1771965002
0.2681666667,0.0898655009,0.0873310119,0.1771965128
0.2683333333,0.0899612562,0.0872352709,0.1771965272
0.2685000000,0.0900622761,0.0871342674,0.1771965435
0.2686666667,0.0901688234,0.0870277388,0.1771965623
0.2688333333,0.0902811983,0.0869153853,0.1771965836
0.2690000000,0.0903997426,0.0867968653,0.1771966079
0.2691666667,0.0905248450,0.0866717903,0.1771966353
0.2693333333,0.0906569448,0.0865397213,0.1771966661
0.2695000000,0.0907965359,0.0864001647,0.1771967006
0.2696666667,0.0909441696,0.0862525691,0.1771967388
0.2698333333,0.0911004573,0.0860963235,0.1771967808
0.2700000000,0.0912660707,0.0859307559,0.1771968265
0.2701666667,0.0914417422,0.0857551338,0.1771968760
0.2703333333,0.0916282632,0.0855686658,0.1771969290
0.2705000000,0.0918264798,0.0853705052,0.1771969850
0.2706666667,0.0920372880,0.0851597557,0.1771970437
0.2708333333,0.0922616257,0.0849354787,0.1771971044
0.2710000000,0.0925004624,0.0846967040,0.1771971663
0.2711666667,0.0927547866,0.0844424418,0.1771972285
0.2713333333,0.0930255909,0.0841716988,0.1771972898
0.2715000000,0.0933138530,0.0838834958,0.1771973488
0.2716666667,0.0936205154,0.0835768889,0.1771974042
0.2718333333,0.0939464610,0.0832509933,0.1771974543
0.2720000000,0.0942924867,0.0829050105,0.1771974971
0.2721666667,0.0946592739,0.0825382569,0.1771975308
0.2723333333,0.0950473567,0.0821501964,0.1771975531
0.2725000000,0.0954570875,0.0817404743,0.1771975618
0.2726666667,0.0958886009,0.0813089537,0.1771975545
0.2728333333,0.0963417763,0.0808557527,0.1771975289
0.2730000000,0.0968161990,0.0803812835,0.1771974825
0.2731666667,0.0973111211,0.0798862917,0.1771974128
0.2733333333,0.0978254226,0.0793718948,0.1771973174
0.2735000000,0.0983575733,0.0788396208,0.1771971941
0.2736666667,0.0989055960,0.0782914448,0.1771970408
0.2738333333,0.0994670331,0.0777298223,0.1771968554
0.2740000000,0.1000389153,0.0771577211,0.1771966364
0.2741666667,0.1006177358,0.0765786466,0.1771963824
0.2743333333,0.1011994287,0.0759966638,0.1771960924
0.2745000000,0.1017793538,0.0754164122,0.1771957660
0.2746666667,0.1023522888,0.0748431144,0.1771954032
0.2748333333,0.1029124286,0.0742825757,0.1771950043
0.2750000000,0.1034533941,0.0737411765,0.1771945706
0.2751666667,0.1039682499,0.0732258540,0.1771941039
0.2753333333,0.1044495322,0.0727440742,0.1771936064
0.2755000000,0.1048892878,0.0723037935,0.1771930814
0.2756666667,0.1052791240,0.0719134086,0.1771925326
0.2758333333,0.1056102693,0.0715816953,0.1771919646
0.2760000000,0.1058736468,0.0713177359,0.1771913827
0.2761666667,0.1060599579,0.0711308349,0.1771907929
0.2763333333,0.1061597782,0.0710304235,0.1771902017
0.2765000000,0.1061636630,0.0710259534,0.1771896164
0.2766666667,0.1060622640,0.0711267810,0.1771890449
0.2768333333,0.1058464543,0.0713420413,0.1771884956
0.2770000000,0.1055074618,0.0716805153,0.1771879771
0.2771666667,0.1050370088,0.0721504897,0.1771874986
0.2773333333,0.1044274575,0.0727596118,0.1771870693
0.2775000000,0.1036719576,0.0735147410,0.1771866985
0.2776666667,0.1027645961,0.0744217996,0.1771863957
0.2778333333,0.1017005462,0.0754856237,0.1771861699
0.2780000000,0.1004762121,0.0767098178,0.1771860298
0.2781666667,0.0990893693,0.0780966145,0.1771859838
0.2783333333,0.0975392962,0.0796467431,0.1771860393
0.2785000000,0.0958268946,0.0813593085,0.1771862031
0.2786666667,0.0939547977,0.0832316833,0.1771864811
0.2788333333,0.0919274613,0.0852594163,0.1771868776
0.2790000000,0.0897512370,0.0874361591,0.1771873961
0.2791666667,0.0874344242,0.0897536142,0.1771880384
0.2793333333,0.0849872996,0.0922015050,0.1771888047
0.2795000000,0.0824221209,0.0947675727,0.1771896935
0.2796666667,0.0797531040,0.0974375979,0.1771907019
0.2798333333,0.0769963721,0.1001954525,0.1771918246
0.2800000000,0.0741698755,0.1030231794,0.1771930549
0.2801666667,0.0712932814,0.1059011026,0.1771943840
0.2803333333,0.0683878336,0.1088079676,0.1771958012
0.2805000000,0.0654761830,0.1117211112,0.1771972942
0.2806666667,0.0625821887,0.1146166600,0.1771988487
0.2808333333,0.0597306922,0.1174697570,0.1772004491
0.2810000000,0.0569472653,0.1202548129,0.1772020782
0.2811666667,0.0542579358,0.1229457817,0.1772037174
0.2813333333,0.0516888927,0.1255164547,0.1772053474
0.2815000000,0.0492661747,0.1279407731,0.1772069478
0.2816666667,0.0470153467,0.1301931511,0.1772084978
0.2818333333,0.0449611674,0.1322488091,0.1772099765
0.2820000000,0.0431272545,0.1340841085,0.1772113630
0.2821666667,0.0415357505,0.1356768863,0.1772126368
0.2823333333,0.0402069967,0.1370067815,0.1772137783
0.2825000000,0.0391592192,0.1380555496,0.1772147688
0.2826666667,0.0384082326,0.1388073587,0.1772155914
0.2828333333,0.0379671678,0.1392490629,0.1772162307
0.2830000000,0.0378462280,0.1393704456,0.1772166737
0.2831666667,0.0380524788,0.1391644306,0.1772169094
0.2833333333,0.0385896761,0.1386272538,0.1772169299
0.2835000000,0.0394581367,0.1377585931,0.1772167298
0.2836666667,0.0406546549,0.1365616520,0.1772163070
0.2838333333,0.0421724674,0.1350431950,0.1772156624
0.2840000000,0.0440012686,0.1332135316,0.1772148002
0.2841666667,0.0461272791,0.1310864489,0.1772137280
0.2843333333,0.0485333645,0.1286790919,0.1772124564
0.2845000000,0.0511992072,0.1260117921,0.1772109993
0.2846666667,0.0541015272,0.1231078463,0.1772093735
0.2848333333,0.0572143505,0.1199932480,0.1772075985
0.2850000000,0.0605093212,0.1166963751,0.1772056963
0.2851666667,0.0639560528,0.1132476383,0.1772036911
0.2853333333,0.0675225138,0.1096790949,0.1772016088
0.2855000000,0.0711754415,0.1060240350,0.1771994766
0.2856666667,0.0748807767,0.1023165459,0.1771973226
0.2858333333,0.0786041137,0.0985910619,0.1771951755
0.2860000000,0.0823111560,0.0948819078,0.1771930638
0.2861666667,0.0859681725,0.0912228430,0.1771910155
0.2863333333,0.0895424433,0.0876466141,0.1771890574
0.2865000000,0.0930026904,0.0841845247,0.1771872151
0.2866666667,0.0963194835,0.0808660285,0.1771855120
0.2868333333,0.0994656151,0.0777183541,0.1771839692
0.2870000000,0.1024164383,0.0747661669,0.1771826053
0.2871666667,0.1051501605,0.0720312750,0.1771814355
0.2873333333,0.1076480890,0.0695323829,0.1771804720
0.2875000000,0.1098948250,0.0672848984,0.1771797233
0.2876666667,0.1118784008,0.0653007939,0.1771791947
0.2878333333,0.1135903611,0.0635885263,0.1771788875
0.2880000000,0.1150257860,0.0621530135,0.1771787995
0.2881666667,0.1161832558,0.0609956692,0.1771789250
0.2883333333,0.1170647612,0.0601144939,0.1771792551
0.2885000000,0.1176755593,0.0595042183,0.1771797776
0.2886666667,0.1180239808,0.0591564969,0.1771804777
0.2888333333,0.1181211919,0.0590601461,0.1771813379
0.2890000000,0.1179809175,0.0592014214,0.1771823389
0.2891666667,0.1176191314,0.0595643282,0.1771834596
0.2893333333,0.1170537198,0.0601309579,0.1771846777
0.2895000000,0.1163041261,0.0608818441,0.1771859702
0.2896666667,0.1153909840,0.0617963299,0.1771873139
0.2898333333,0.1143357462,0.0628529394,0.1771886857
0.2900000000,0.1131603162,0.0640297468,0.1771900631
0.2901666667,0.1118866898,0.0653047349,0.1771914247
0.2903333333,0.1105366133,0.0666561373,0.1771927506
0.2905000000,0.1091312643,0.0680627582,0.1771940224
0.2906666667,0.1076909596,0.0695042644,0.1771952240
0.2908333333,0.1062348961,0.0709614451,0.1771963412
0.2910000000,0.1047809263,0.0724164362,0.1771973625
0.2911666667,0.1033453726,0.0738529061,0.1771982788
0.2913333333,0.1019428817,0.0752562016,0.1771990833
0.2915000000,0.1005863184,0.0766134537,0.1771997722
0.2916666667,0.0992867010,0.0779136426,0.1772003437
0.2918333333,0.0980531747,0.0791476238,0.1772007985
0.2920000000,0.0968930224,0.0803081171,0.1772011395
0.2921666667,0.0958117096,0.0813896618,0.1772013715
0.2923333333,0.0948129610,0.0823885398,0.1772015009
0.2925000000,0.0938988629,0.0833026727,0.1772015356
0.2926666667,0.0930699897,0.0841314951,0.1772014848
0.2928333333,0.0923255476,0.0848758106,0.1772013583
0.2930000000,0.0916635334,0.0855376331,0.1772011665
0.2931666667,0.0910809010,0.0861200194,0.1772009204
0.2933333333,0.0905737335,0.0866268970,0.1772006306
0.2935000000,0.0901374154,0.0870628923,0.1772003077
0.2936666667,0.0897668011,0.0874331608,0.1771999619
0.2938333333,0.0894563766,0.0877432261,0.1771996026
0.2940000000,0.0892004109,0.0879988277,0.1771992386
0.2941666667,0.0889930954,0.0882057822,0.1771988776
0.2943333333,0.0888286674,0.0883698590,0.1771985264
0.2945000000,0.0887015192,0.0884966715,0.1771981907
0.2946666667,0.0886062894,0.0885915858,0.1771978752
0.2948333333,0.0885379371,0.0886596464,0.1771975835
0.2950000000,0.0884917992,0.0887055188,0.1771973180
0.2951666667,0.0884636313,0.0887334491,0.1771970804
0.2953333333,0.0884496330,0.0887472384,0.1771968713
0.2955000000,0.0884464589,0.0887502318,0.1771966907
0.2956666667,0.0884512174,0.0887453203,0.1771965377
0.2958333333,0.0884614576,0.0887349534,0.1771964110
0.2960000000,0.0884751482,0.0887211605,0.1771963087
0.2961666667,0.0884906481,0.0887055806,0.1771962286
0.2963333333,0.0885066722,0.0886894963,0.1771961685
0.2965000000,0.0885222532,0.0886738725,0.1771961257
0.2966666667,0.0885367016,0.0886593962,0.1771960977
0.2968333333,0.0885495643,0.0886465178,0.1771960820
0.2970000000,0.0885605853,0.0886354909,0.1771960762
0.2971666667,0.0885696670,0.0886264110,0.1771960780
0.2973333333,0.0885768347,0.0886192508,0.1771960855
0.2975000000,0.0885822044,0.0886138925,0.1771960968
0.2976666667,0.0885859541,0.0886101564,0.1771961105
0.2978333333,0.0885882998,0.0886078254,0.1771961252
0.2980000000,0.0885894748,0.0886066651,0.1771961399
0.2981666667,0.0885897135,0.0886064405,0.1771961540
0.2983333333,0.0885892391,0.0886069276,0.1771961667
0.2985000000,0.0885882545,0.0886079233,0.1771961778
0.2986666667,0.0885869367,0.0886092503,0.1771961870
0.2988333333,0.0885854334,0.0886107610,0.1771961944
0.2990000000,0.0885838626,0.0886123373,0.1771961999
0.2991666667,0.0885823132,0.0886138906,0.1771962038
0.2993333333,0.0885808474,0.0886153588,0.1771962062
0.2995000000,0.0885795039,0.0886167034,0.1771962073
0.2996666667,0.0885783018,0.0886179057,0.1771962075
0.2998333333,0.0885772446,0.0886189624,0.1771962070
0.3000000000,0.0885763239,0.0886198820,0.1771962059
0.3001666667,0.0885755234,0.0886206812,0.1771962046
0.3003333333,0.0885748225,0.0886213807,0.1771962032
0.3005000000,0.0885741986,0.0886220032,0.1771962018
0.3006666667,0.0885736299,0.0886225707,0.1771962006
0.3008333333,0.0885730969,0.0886231026,0.1771961996
0.3010000000,0.0885725840,0.0886236148,0.1771961989
0.3011666667,0.0885720798,0.0886241186,0.1771961985
0.3013333333,0.0885715778,0.0886246206,0.1771961983
0.3015000000,0.0885710759,0.0886251226,0.1771961985
0.3016666667,0.0885705767,0.0886256222,0.1771961989
0.3018333333,0.0885700864,0.0886261131,0.1771961995
0.3020000000,0.0885696146,0.0886265857,0.1771962002
0.3021666667,0.0885691730,0.0886270281,0.1771962011
0.3023333333,0.0885687753,0.0886274267,0.1771962020
0.3025000000,0.0885684360,0.0886277670,0.1771962029
0.3026666667,0.0885681697,0.0886280341,0.1771962038
0.3028333333,0.0885679911,0.0886282136,0.1771962047
0.3030000000,0.0885679135,0.0886282919,0.1771962055
0.3031666667,0.0885679495,0.0886282566,0.1771962062
0.3033333333,0.0885681098,0.0886280969,0.1771962067
0.3035000000,0.0885684033,0.0886278039,0.1771962071
0.3036666667,0.0885688369,0.0886273706,0.1771962074
0.3038333333,0.0885694154,0.0886267922,0.1771962076
0.3040000000,0.0885701416,0.0886260661,0.1771962076
0.3041666667,0.0885710156,0.0886251919,0.1771962075
0.3043333333,0.0885720357,0.0886241715,0.1771962073
0.3045000000,0.0885731977,0.0886230092,0.1771962069
0.3046666667,0.0885744952,0.0886217111,0.1771962063
0.3048333333,0.0885759197,0.0886202859,0.1771962057
0.3050000000,0.0885774605,0.0886187443,0.1771962049
0.3051666667,0.0885791049,0.0886170990,0.1771962039
0.3053333333,0.0885808380,0.0886153649,0.1771962029
0.3055000000,0.0885826432,0.0886135585,0.1771962017
0.3056666667,0.0885845021,0.0886116984,0.1771962005
0.3058333333,0.0885863947,0.0886098045,0.1771961991
0.3060000000,0.0885882994,0.0886078984,0.1771961977
0.3061666667,0.0885901936,0.0886060027,0.1771961962
0.3063333333,0.0885920537,0.0886041410,0.1771961947
0.3065000000,0.0885938555,0.0886023377,0.1771961932
0.3066666667,0.0885955745,0.0886006172,0.1771961917
0.3068333333,0.0885971860,0.0885990041,0.1771961901
0.3070000000,0.0885986660,0.0885975227,0.1771961887
0.3071666667,0.0885999910,0.0885961963,0.1771961873
0.3073333333,0.0886011389,0.0885950471,0.1771961860
0.3075000000,0.0886020889,0.0885940959,0.1771961848
0.3076666667,0.0886028223,0.0885933614,0.1771961838
0.3078333333,0.0886033227,0.0885928602,0.1771961829
0.3080000000,0.0886035762,0.0885926060,0.1771961822
0.3081666667,0.0886035716,0.0885926101,0.1771961817
0.3083333333,0.0886033012,0.0885928802,0.1771961814
0.3085000000,0.0886027603,0.0885934211,0.1771961814
0.3086666667,0.0886019475,0.0885942339,0.1771961815
0.3088333333,0.0886008653,0.0885953166,0.1771961818
0.3090000000,0.0885995191,0.0885966633,0.1771961824
0.3091666667,0.0885979180,0.0885982652,0.1771961832
0.3093333333,0.0885960740,0.0886001101,0.1771961841
0.3095000000,0.0885940021,0.0886021831,0.1771961852
0.3096666667,0.0885917200,0.0886044664,0.1771961864
0.3098333333,0.0885892473,0.0886069404,0.1771961878
0.3100000000,0.0885866056,0.0886095836,0.1771961892
0.3101666667,0.0885838173,0.0886123734,0.1771961907
0.3103333333,0.0885809057,0.0886152864,0.1771961921
0.3105000000,0.0885778939,0.0886182996,0.1771961935
0.3106666667,0.0885748044,0.0886213905,0.1771961948
0.3108333333,0.0885716581,0.0886245380,0.1771961960
0.3110000000,0.0885684739,0.0886277231,0.1771961970
0.3111666667,0.0885652680,0.0886309298,0.1771961978
0.3113333333,0.0885620529,0.0886341454,0.1771961984
0.3115000000,0.0885588371,0.0886373615,0.1771961986
0.3116666667,0.0885556241,0.0886405744,0.1771961985
0.3118333333,0.0885524121,0.0886437859,0.1771961980
0.3120000000,0.0885491934,0.0886470038,0.1771961971
0.3121666667,0.0885459539,0.0886502420,0.1771961958
0.3123333333,0.0885426727,0.0886535214,0.1771961941
0.3125000000,0.0885393220,0.0886568699,0.1771961919
0.3126666667,0.0885358667,0.0886603226,0.1771961892
0.3128333333,0.0885322642,0.0886639219,0.1771961861
0.3130000000,0.0885284648,0.0886677178,0.1771961825
0.3131666667,0.0885244114,0.0886717672,0.1771961785
0.3133333333,0.0885200398,0.0886761343,0.1771961741
0.3135000000,0.0885152792,0.0886808900,0.1771961693
0.3136666667,0.0885100522,0.0886861119,0.1771961641
0.3138333333,0.0885042754,0.0886918831,0.1771961585
0.3140000000,0.0884978599,0.0886982928,0.1771961526
0.3141666667,0.0884907119,0.0887054346,0.1771961465
0.3143333333,0.0884827333,0.0887134068,0.1771961401
0.3145000000,0.0884738220,0.0887223115,0.1771961335
0.3146666667,0.0884638732,0.0887322536,0.1771961268
0.3148333333,0.0884527790,0.0887433409,0.1771961200
0.3150000000,0.0884404302,0.0887556828,0.1771961130
0.3151666667,0.0884267157,0.0887693903,0.1771961060
0.3153333333,0.0884115238,0.0887845752,0.1771960990
0.3155000000,0.0883947422,0.0888013498,0.1771960920
0.3156666667,0.0883762584,0.0888198266,0.1771960849
0.3158333333,0.0883559599,0.0888401181,0.1771960779
0.3160000000,0.0883337341,0.0888623367,0.1771960709
0.3161666667,0.0883094688,0.0888865951,0.1771960638
0.3163333333,0.0882830509,0.0889130059,0.1771960568
0.3165000000,0.0882543669,0.0889416827,0.1771960496
0.3166666667,0.0882233019,0.0889727403,0.1771960423
0.3168333333,0.0881897390,0.0890062958,0.1771960348
0.3170000000,0.0881535577,0.0890424693,0.1771960270
0.3171666667,0.0881146335,0.0890813854,0.1771960188
0.3173333333,0.0880728359,0.0891231744,0.1771960102
0.3175000000,0.0880280269,0.0891679741,0.1771960011
0.3176666667,0.0879800596,0.0892159315,0.1771959912
0.3178333333,0.0879287755,0.0892672049,0.1771959805
0.3180000000,0.0878740030,0.0893219658,0.1771959688
0.3181666667,0.0878155547,0.0893804012,0.1771959560
0.3183333333,0.0877532255,0.0894427164,0.1771959419
0.3185000000,0.0876867898,0.0895091366,0.1771959264
0.3186666667,0.0876159994,0.0895799099,0.1771959093
0.3188333333,0.0875405812,0.0896553094,0.1771958906
0.3190000000,0.0874602350,0.0897356350,0.1771958700
0.3191666667,0.0873746315,0.0898212160,0.1771958476
0.3193333333,0.0872834110,0.0899124121,0.1771958231
0.3195000000,0.0871861819,0.0900096147,0.1771957966
0.3196666667,0.0870825203,0.0901132478,0.1771957681
0.3198333333,0.0869719699,0.0902237677,0.1771957376
0.3200000000,0.0868540429,0.0903416623,0.1771957052
0.3201666667,0.0867282216,0.0904674495,0.1771956711
0.3203333333,0.0865939611,0.0906016745,0.1771956356
0.3205000000,0.0864506931,0.0907449057,0.1771955989
0.3206666667,0.0862978314,0.0908977300,0.1771955614
0.3208333333,0.0861347779,0.0910607458,0.1771955237
0.3210000000,0.0859609309,0.0912345555,0.1771954864
0.3211666667,0.0857756947,0.0914197555,0.1771954502
0.3213333333,0.0855784909,0.0916169249,0.1771954158
0.3215000000,0.0853687715,0.0918266127,0.1771953842
0.3216666667,0.0851460335,0.0920493230,0.1771953565
0.3218333333,0.0849098353,0.0922854984,0.1771953337
0.3220000000,0.0846598154,0.0925355018,0.1771953172
0.3221666667,0.0843957116,0.0927995966,0.1771953082
0.3223333333,0.0841173827,0.0930779254,0.1771953081
0.3225000000,0.0838248312,0.0933704874,0.1771953186
0.3226666667,0.0835182268,0.0936771142,0.1771953410
0.3228333333,0.0831979313,0.0939974456,0.1771953770
0.3230000000,0.0828645238,0.0943309044,0.1771954281
0.3231666667,0.0825188257,0.0946766703,0.1771954960
0.3233333333,0.0821619267,0.0950336555,0.1771955822
0.3235000000,0.0817952085,0.0954004796,0.1771956881
0.3236666667,0.0814203685,0.0957754467,0.1771958151
0.3238333333,0.0810394414,0.0961565231,0.1771959645
0.3240000000,0.0806548190,0.0965413182,0.1771961372
0.3241666667,0.0802692660,0.0969270681,0.1771963341
0.3243333333,0.0798859340,0.0973106217,0.1771965557
0.3245000000,0.0795083700,0.0976884325,0.1771968024
0.3246666667,0.0791405210,0.0980565531,0.1771970741
0.3248333333,0.0787867335,0.0984106369,0.1771973704
0.3250000000,0.0784517466,0.0987459439,0.1771976905
0.3251666667,0.0781406793,0.0990573539,0.1771980332
0.3253333333,0.0778590106,0.0993393861,0.1771983967
0.3255000000,0.0776125531,0.0995862260,0.1771987790
0.3256666667,0.0774074181,0.0997917593,0.1771991774
0.3258333333,0.0772499741,0.0999496147,0.1771995888
0.3260000000,0.0771467964,0.1000532132,0.1772000096
0.3261666667,0.0771046095,0.1000958262,0.1772004357
0.3263333333,0.0771302214,0.1000706411,0.1772008625
0.3265000000,0.0772304507,0.0999708343,0.1772012850
0.3266666667,0.0774120464,0.0997896514,0.1772016977
0.3268333333,0.0776816011,0.0995204939,0.1772020950
0.3270000000,0.0780454586,0.0991570120,0.1772024706
0.3271666667,0.0785096159,0.0986932023,0.1772028182
0.3273333333,0.0790796220,0.0981235093,0.1772031313
0.3275000000,0.0797604731,0.0974429301,0.1772034033
0.3276666667,0.0805565068,0.0966471206,0.1772036274
0.3278333333,0.0814712955,0.0957325016,0.1772037971
0.3280000000,0.0825075419,0.0946963641,0.1772039060
0.3281666667,0.0836669770,0.0935369711,0.1772039481
0.3283333333,0.0849502628,0.0922536548,0.1772039177
0.3285000000,0.0863569020,0.0908469075,0.1772038095
0.3286666667,0.0878851551,0.0893184640,0.1772036192
0.3288333333,0.0895319687,0.0876713741,0.1772033428
0.3290000000,0.0912929146,0.0859100628,0.1772029774
0.3291666667,0.0931621431,0.0840403780,0.1772025211
0.3293333333,0.0951323517,0.0820696212,0.1772019729
0.3295000000,0.0971947694,0.0800065636,0.1772013330
0.3296666667,0.0993391606,0.0778614422,0.1772006028
0.3298333333,0.1015538464,0.0756459384,0.1771997848
0.3300000000,0.1038257477,0.0733731354,0.1771988831
0.3301666667,0.1061404473,0.0710574556,0.1771979028
0.3303333333,0.1084822741,0.0687145765,0.1771968506
0.3305000000,0.1108344082,0.0663613260,0.1771957342
0.3306666667,0.1131790059,0.0640155569,0.1771945628
0.3308333333,0.1154973455,0.0616960012,0.1771933467
0.3310000000,0.1177699920,0.0594221053,0.1771920973
0.3311666667,0.1199769786,0.0572138482,0.1771908268
0.3313333333,0.1220980050,0.0550915437,0.1771895487
0.3315000000,0.1241126486,0.0530756281,0.1771882767
0.3316666667,0.1260005871,0.0511864383,0.1771870254
0.3318333333,0.1277418293,0.0494439803,0.1771858096
0.3320000000,0.1293169516,0.0478676925,0.1771846441
0.3321666667,0.1307073362,0.0464762077,0.1771835439
0.3323333333,0.1318954080,0.0452871153,0.1771825233
0.3325000000,0.1328648666,0.0443167299,0.1771815965
0.3326666667,0.1336009096,0.0435798671,0.1771807766
0.3328333333,0.1340904430,0.0430896329,0.1771800759
0.3330000000,0.1343222772,0.0428572281,0.1771795053
0.3331666667,0.1342873017,0.0428917727,0.1771790744
0.3333333333,0.1339786391,0.0432001523,0.1771787913
0.3335000000,0.1333917722,0.0437868900,0.1771786622
0.3336666667,0.1325246442,0.0446540473,0.1771786915
0.3338333333,0.1313777273,0.0458011541,0.1771788814
0.3340000000,0.1299540612,0.0472251711,0.1771792323
0.3341666667,0.1282592568,0.0489204856,0.1771797424
0.3343333333,0.1263014668,0.0508789408,0.1771804076
0.3345000000,0.1240913236,0.0530898985,0.1771812221
0.3346666667,0.1216418419,0.0555403357,0.1771821777
0.3348333333,0.1189682918,0.0582149727,0.1771832645
0.3350000000,0.1160880397,0.0610964313,0.1771844710
0.3351666667,0.1130203625,0.0641654214,0.1771857839
0.3353333333,0.1097862367,0.0674009518,0.1771871885
0.3355000000,0.1064081058,0.0707805636,0.1771886693
0.3356666667,0.1029096297,0.0742805801,0.1771902098
0.3358333333,0.0993154211,0.0778763716,0.1771917927
0.3360000000,0.0956507719,0.0815426288,0.1771934007
0.3361666667,0.0919413752,0.0852536411,0.1771950163
0.3363333333,0.0882130472,0.0889835753,0.1771966225
0.3365000000,0.0844914532,0.0927067494,0.1771982026
0.3366666667,0.0808018431,0.0963978977,0.1771997408
0.3368333333,0.0771687990,0.1000324235,0.1772012225
0.3370000000,0.0736160005,0.1035866336,0.1772026341
0.3371666667,0.0701660101,0.1070379537,0.1772039638
0.3373333333,0.0668400814,0.1103651197,0.1772052011
0.3375000000,0.0636579937,0.1135483436,0.1772063373
0.3376666667,0.0606379136,0.1165694521,0.1772073657
0.3378333333,0.0577962849,0.1194119962,0.1772082811
0.3380000000,0.0551477482,0.1220613322,0.1772090804
0.3381666667,0.0527050882,0.1245046737,0.1772097619
0.3383333333,0.0504792104,0.1267311156,0.1772103260
0.3385000000,0.0484791422,0.1287316319,0.1772107741
0.3386666667,0.0467120608,0.1304990487,0.1772111095
0.3388333333,0.0451833407,0.1320279957,0.1772113364
0.3390000000,0.0438966219,0.1333148380,0.1772114599
0.3391666667,0.0428538926,0.1343575935,0.1772114861
0.3393333333,0.0420555852,0.1351558363,0.1772114215
0.3395000000,0.0415006798,0.1357105931,0.1772112730
0.3396666667,0.0411868141,0.1360242333,0.1772110475
0.3398333333,0.0411103937,0.1361003582,0.1772107518
0.3400000000,0.0412667015,0.1359436911,0.1772103926
0.3401666667,0.0416500028,0.1355599732,0.1772099760
0.3403333333,0.0422536426,0.1349558649,0.1772095075
0.3405000000,0.0430701339,0.1341388580,0.1772089919
0.3406666667,0.0440912362,0.1331171973,0.1772084334
0.3408333333,0.0453080206,0.1318998149,0.1772078355
0.3410000000,0.0467109245,0.1304962760,0.1772072006
0.3411666667,0.0482897935,0.1289167371,0.1772065307
0.3413333333,0.0500339122,0.1271719150,0.1772058271
0.3415000000,0.0519320251,0.1252730656,0.1772050907
0.3416666667,0.0539723500,0.1232319718,0.1772043218
0.3418333333,0.0561425847,0.1210609359,0.1772035206
0.3420000000,0.0584299106,0.1187727767,0.1772026873
0.3421666667,0.0608209959,0.1163808263,0.1772018222
0.3423333333,0.0633020002,0.1138989257,0.1772009259
0.3425000000,0.0658585845,0.1113414150,0.1771999995
0.3426666667,0.0684759293,0.1087231153,0.1771990446
0.3428333333,0.0711387620,0.1060593019,0.1771980639
0.3430000000,0.0738313977,0.1033656630,0.1771970607
0.3431666667,0.0765377937,0.1006582456,0.1771960394
0.3433333333,0.0792416203,0.0979533851,0.1771950054
0.3435000000,0.0819263471,0.0952676182,0.1771939653
0.3436666667,0.0845753471,0.0926175794,0.1771929265
0.3438333333,0.0871720164,0.0900198810,0.1771918975
0.3440000000,0.0896999095,0.0874909780,0.1771908876
0.3441666667,0.0921428880,0.0850470188,0.1771899068
0.3443333333,0.0944852807,0.0827036851,0.1771889657
0.3445000000,0.0967120527,0.0804760226,0.1771880753
0.3446666667,0.0988089796,0.0783782671,0.1771872466
0.3448333333,0.1007628233,0.0764236671,0.1771864905
0.3450000000,0.1025615067,0.0746243107,0.1771858174
0.3451666667,0.1041942808,0.0729909566,0.1771852374
0.3453333333,0.1056518831,0.0715328762,0.1771847593
0.3455000000,0.1069266806,0.0702577106,0.1771843912
0.3456666667,0.1080127954,0.0691713439,0.1771841393
0.3458333333,0.1089062082,0.0682778006,0.1771840088
0.3460000000,0.1096048369,0.0675791658,0.1771840028
0.3461666667,0.1101085880,0.0670755347,0.1771841226
0.3463333333,0.1104193774,0.0667649903,0.1771843677
0.3465000000,0.1105411216,0.0666436139,0.1771847354
0.3466666667,0.1104796950,0.0667055262,0.1771852212
0.3468333333,0.1102428571,0.0669429614,0.1771858185
0.3470000000,0.1098401470,0.0673463718,0.1771865188
0.3471666667,0.1092827489,0.0679045630,0.1771873119
0.3473333333,0.1085833297,0.0686048565,0.1771881862
0.3475000000,0.1077558513,0.0694332772,0.1771891285
0.3476666667,0.1068153619,0.0703747627,0.1771901246
0.3478333333,0.1057777693,0.0714133902,0.1771911595
0.3480000000,0.1046596009,0.0725326167,0.1771922176
0.3481666667,0.1034777552,0.0737155279,0.1771932831
0.3483333333,0.1022492488,0.0749450915,0.1771943403
0.3485000000,0.1009909653,0.0762044084,0.1771953737
0.3486666667,0.0997194092,0.0774769593,0.1771963685
0.3488333333,0.0984504714,0.0787468398,0.1771973112
0.3490000000,0.0971992085,0.0799989805,0.1771981889
0.3491666667,0.0959796428,0.0812193479,0.1771989908
0.3493333333,0.0948045842,0.0823951229,0.1771997071
0.3495000000,0.0936854781,0.0835148521,0.1772003302
0.3496666667,0.0926322826,0.0845685717,0.1772008542
0.3498333333,0.0916533751,0.0855479003,0.1772012754
0.3500000000,0.0907554911,0.0864461008,0.1772015919
0.3501666667,0.0899436947,0.0872581091,0.1772018038
0.3503333333,0.0892213806,0.0879805326,0.1772019132
0.3505000000,0.0885903073,0.0886116168,0.1772019241
0.3506666667,0.0880506589,0.0891511830,0.1772018419
0.3508333333,0.0876011344,0.0896005393,0.1772016737
0.3510000000,0.0872390608,0.0899623673,0.1772014281
0.3511666667,0.0869605269,0.0902405876,0.1772011145
0.3513333333,0.0867605349,0.0904402082,0.1772007431
0.3515000000,0.0866331653,0.0905671597,0.1772003250
0.3516666667,0.0865717512,0.0906281203,0.1771998714
0.3518333333,0.0865690576,0.0906303361,0.1771993936
0.3520000000,0.0866174624,0.0905814404,0.1771989028
0.3521666667,0.0867091342,0.0904892756,0.1771984097
0.3523333333,0.0868362031,0.0903617213,0.1771979244
0.3525000000,0.0869909227,0.0902065334,0.1771974561
0.3526666667,0.0871658175,0.0900311958,0.1771970132
0.3528333333,0.0873538151,0.0898427877,0.1771966028
0.3530000000,0.0875483611,0.0896478697,0.1771962309
0.3531666667,0.0877435132,0.0894523888,0.1771959020
0.3533333333,0.0879340154,0.0892616040,0.1771956194
0.3535000000,0.0881153512,0.0890800340,0.1771953852
0.3536666667,0.0882837753,0.0889114248,0.1771952001
0.3538333333,0.0884363246,0.0887587389,0.1771950635
0.3540000000,0.0885708107,0.0886241632,0.1771949739
0.3541666667,0.0886857929,0.0885091355,0.1771949284
0.3543333333,0.0887805369,0.0884143867,0.1771949236
0.3545000000,0.0888549579,0.0883399974,0.1771949553
0.3546666667,0.0889095532,0.0882854655,0.1771950186
0.3548333333,0.0889453257,0.0882497827,0.1771951084
0.3550000000,0.0889637013,0.0882315180,0.1771952193
0.3551666667,0.0889664422,0.0882289035,0.1771953457
0.3553333333,0.0889555599,0.0882399223,0.1771954822
0.3555000000,0.0889332296,0.0882623943,0.1771956239
0.3556666667,0.0889017077,0.0882940580,0.1771957658
0.3558333333,0.0888632562,0.0883326474,0.1771959036
0.3560000000,0.0888200732,0.0883759605,0.1771960337
0.3561666667,0.0887742336,0.0884219192,0.1771961528
0.3563333333,0.0887276381,0.0884686204,0.1771962585
0.3565000000,0.0886819741,0.0885143748,0.1771963489
0.3566666667,0.0886386863,0.0885577367,0.1771964230
0.3568333333,0.0885989579,0.0885975222,0.1771964801
0.3570000000,0.0885637029,0.0886328174,0.1771965203
0.3571666667,0.0885335671,0.0886629773,0.1771965444
0.3573333333,0.0885089379,0.0886876155,0.1771965534
0.3575000000,0.0884899618,0.0887065869,0.1771965487
0.3576666667,0.0884765680,0.0887199642,0.1771965323
0.3578333333,0.0884684969,0.0887280091,0.1771965059
0.3580000000,0.0884653314,0.0887311405,0.1771964719
0.3581666667,0.0884665314,0.0887299009,0.1771964323
0.3583333333,0.0884714678,0.0887249215,0.1771963893
0.3585000000,0.0884794564,0.0887168885,0.1771963449
0.3586666667,0.0884897897,0.0887065112,0.1771963008
0.3588333333,0.0885017665,0.0886944923,0.1771962588
0.3590000000,0.0885147177,0.0886815026,0.1771962202
0.3591666667,0.0885280275,0.0886681586,0.1771961861
0.3593333333,0.0885411512,0.0886550060,0.1771961572
0.3595000000,0.0885536272,0.0886425068,0.1771961340
0.3596666667,0.0885650854,0.0886310314,0.1771961168
0.3598333333,0.0885752501,0.0886208554,0.1771961055
0.3600000000,0.0885839396,0.0886121602,0.1771960998
0.3601666667,0.0885910618,0.0886050375,0.1771960992
0.3603333333,0.0885966065,0.0885994967,0.1771961032
0.3605000000,0.0886006359,0.0885954750,0.1771961109
0.3606666667,0.0886032726,0.0885928491,0.1771961217
0.3608333333,0.0886046866,0.0885914479,0.1771961346
0.3610000000,0.0886050825,0.0885910663,0.1771961488
0.3611666667,0.0886046858,0.0885914777,0.1771961635
0.3613333333,0.0886037309,0.0885924472,0.1771961781
0.3615000000,0.0886024497,0.0885937422,0.1771961919
0.3616666667,0.0886010617,0.0885951426,0.1771962044
0.3618333333,0.0885997663,0.0885964489,0.1771962152
0.3620000000,0.0885987365,0.0885974877,0.1771962241
0.3621666667,0.0885981151,0.0885981160,0.1771962311
0.3623333333,0.0885980126,0.0885982234,0.1771962359
0.3625000000,0.0885985070,0.0885977319,0.1771962388
0.3626666667,0.0885996452,0.0885965947,0.1771962400
0.3628333333,0.0886014463,0.0885947933,0.1771962396
0.3630000000,0.0886039049,0.0885923331,0.1771962380
0.3631666667,0.0886069965,0.0885892391,0.1771962356
0.3633333333,0.0886106825,0.0885855501,0.1771962326
0.3635000000,0.0886149158,0.0885813136,0.1771962294
0.3636666667,0.0886196463,0.0885765801,0.1771962264
0.3638333333,0.0886248257,0.0885713980,0.1771962237
0.3640000000,0.0886304123,0.0885658095,0.1771962217
0.3641666667,0.0886363743,0.0885598463,0.1771962206
0.3643333333,0.0886426933,0.0885535270,0.1771962203
0.3645000000,0.0886493660,0.0885468552,0.1771962212
0.3646666667,0.0886564054,0.0885398176,0.1771962230
0.3648333333,0.0886638413,0.0885323846,0.1771962259
0.3650000000,0.0886717198,0.0885245100,0.1771962297
0.3651666667,0.0886801019,0.0885161325,0.1771962344
0.3653333333,0.0886890627,0.0885071772,0.1771962399
0.3655000000,0.0886986884,0.0884975574,0.1771962459
0.3656666667,0.0887090751,0.0884871772,0.1771962523
0.3658333333,0.0887203260,0.0884759331,0.1771962591
0.3660000000,0.0887325494,0.0884637167,0.1771962661
0.3661666667,0.0887458571,0.0884504161,0.1771962732
0.3663333333,0.0887603625,0.0884359179,0.1771962804
0.3665000000,0.0887761795,0.0884201080,0.1771962875
0.3666666667,0.0887934222,0.0884028724,0.1771962946
0.3668333333,0.0888122042,0.0883840975,0.1771963017
0.3670000000,0.0888326391,0.0883636697,0.1771963088
0.3671666667,0.0888548417,0.0883414744,0.1771963161
0.3673333333,0.0888789285,0.0883173951,0.1771963236
0.3675000000,0.0889050196,0.0882913118,0.1771963314
0.3676666667,0.0889332410,0.0882630988,0.1771963398
0.3678333333,0.0889637258,0.0882326229,0.1771963487
0.3680000000,0.0889966172,0.0881997412,0.1771963584
0.3681666667,0.0890320702,0.0881642987,0.1771963689
0.3683333333,0.0890702542,0.0881261263,0.1771963805
0.3685000000,0.0891113548,0.0880850384,0.1771963932
0.3686666667,0.0891555756,0.0880408316,0.1771964072
0.3688333333,0.0892031400,0.0879932824,0.1771964224
0.3690000000,0.0892542924,0.0879421467,0.1771964391
0.3691666667,0.0893092990,0.0878871581,0.1771964571
0.3693333333,0.0893684484,0.0878280282,0.1771964766
0.3695000000,0.0894320517,0.0877644457,0.1771964974
0.3696666667,0.0895004418,0.0876960777,0.1771965195
0.3698333333,0.0895739731,0.0876225698,0.1771965429
0.3700000000,0.0896530193,0.0875435481,0.1771965674
0.3701666667,0.0897379718,0.0874586211,0.1771965928
0.3703333333,0.0898292371,0.0873673819,0.1771966190
0.3705000000,0.0899272336,0.0872694121,0.1771966457
0.3706666667,0.0900323874,0.0871642852,0.1771966726
0.3708333333,0.0901451280,0.0870515713,0.1771966993
0.3710000000,0.0902658828,0.0869308427,0.1771967256
0.3711666667,0.0903950710,0.0868016799,0.1771967509
0.3713333333,0.0905330964,0.0866636784,0.1771967747
0.3715000000,0.0906803397,0.0865164569,0.1771967966
0.3716666667,0.0908371499,0.0863596660,0.1771968159
0.3718333333,0.0910038341,0.0861929979,0.1771968319
0.3720000000,0.0911806475,0.0860161965,0.1771968440
0.3721666667,0.0913677818,0.0858290695,0.1771968514
0.3723333333,0.0915653528,0.0856315004,0.1771968531
0.3725000000,0.0917733874,0.0854234612,0.1771968486
0.3726666667,0.0919918103,0.0852050263,0.1771968367
0.3728333333,0.0922204299,0.0849763868,0.1771968166
0.3730000000,0.0924589233,0.0847378642,0.1771967875
0.3731666667,0.0927068224,0.0844899259,0.1771967483
0.3733333333,0.0929634995,0.0842331989,0.1771966983
0.3735000000,0.0932281525,0.0839684841,0.1771966366
0.3736666667,0.0934997924,0.0836967700,0.1771965624
0.3738333333,0.0937772303,0.0834192447,0.1771964750
0.3740000000,0.0940590667,0.0831373071,0.1771963738
0.3741666667,0.0943436818,0.0828525766,0.1771962584
0.3743333333,0.0946292280,0.0825669004,0.1771961284
0.3745000000,0.0949136253,0.0822823584,0.1771959837
0.3746666667,0.0951945585,0.0820012658,0.1771958243
0.3748333333,0.0954694786,0.0817261720,0.1771956506
0.3750000000,0.0957356064,0.0814598565,0.1771954629
0.3751666667,0.0959899413,0.0812053209,0.1771952622
0.3753333333,0.0962292724,0.0809657768,0.1771950492
0.3755000000,0.0964501958,0.0807446297,0.1771948255
0.3756666667,0.0966491345,0.0805454580,0.1771945925
0.3758333333,0.0968223643,0.0803719878,0.1771943521
0.3760000000,0.0969660436,0.0802280629,0.1771941065
0.3761666667,0.0970762480,0.0801176102,0.1771938582
0.3763333333,0.0971490096,0.0800446002,0.1771936098
0.3765000000,0.0971803609,0.0800130036,0.1771933645
0.3766666667,0.0971663819,0.0800267434,0.1771931253
0.3768333333,0.0971032525,0.0800896432,0.1771928957
0.3770000000,0.0969873070,0.0802053724,0.1771926794
0.3771666667,0.0968150923,0.0803773878,0.1771924801
0.3773333333,0.0965834276,0.0806088742,0.1771923017
0.3775000000,0.0962894660,0.0809026820,0.1771921481
0.3776666667,0.0959307573,0.0812612658,0.1771920231
0.3778333333,0.0955053091,0.0816866215,0.1771919306
0.3780000000,0.0950116486,0.0821802256,0.1771918742
0.3781666667,0.0944488807,0.0827429767,0.1771918575
0.3783333333,0.0938167438,0.0833751397,0.1771918835
0.3785000000,0.0931156606,0.0840762947,0.1771919552
0.3786666667,0.0923467835,0.0848452915,0.1771920751
0.3788333333,0.0915120342,0.0856802108,0.1771922450
0.3790000000,0.0906141339,0.0865783325,0.1771924664
0.3791666667,0.0896566265,0.0875361136,0.1771927400
0.3793333333,0.0886438903,0.0885491757,0.1771930661
0.3795000000,0.0875811408,0.0896123031,0.1771934439
0.3796666667,0.0864744198,0.0907194523,0.1771938721
0.3798333333,0.0853305744,0.0918637741,0.1771943485
0.3800000000,0.0841572219,0.0930376484,0.1771948702
0.3801666667,0.0829627021,0.0942327313,0.1771954334
0.3803333333,0.0817560168,0.0954400167,0.1771960334
0.3805000000,0.0805467552,0.0966499097,0.1771966649
0.3806666667,0.0793450080,0.0978523135,0.1771973215
0.3808333333,0.0781612678,0.0990367287,0.1771979965
0.3810000000,0.0770063193,0.1001923629,0.1771986823
0.3811666667,0.0758911183,0.1013082523,0.1771993707
0.3813333333,0.0748266621,0.1023733910,0.1772000531
0.3815000000,0.0738238523,0.1033768685,0.1772007207
0.3816666667,0.0728933517,0.1043080125,0.1772013642
0.3818333333,0.0720454379,0.1051565364,0.1772019743
0.3820000000,0.0712898546,0.1059126873,0.1772025419
0.3821666667,0.0706356638,0.1065673939,0.1772030577
0.3823333333,0.0700911018,0.1071124114,0.1772035132
0.3825000000,0.0696634394,0.1075404606,0.1772039001
0.3826666667,0.0693588519,0.1078453589,0.1772042108
0.3828333333,0.0691822981,0.1080221406,0.1772044388
0.3830000000,0.0691374140,0.1080671642,0.1772045782
0.3831666667,0.0692264204,0.1079782040,0.1772046244
0.3833333333,0.0694500493,0.1077545246,0.1772045739
0.3835000000,0.0698074898,0.1073969349,0.1772044248
0.3836666667,0.0702963544,0.1069078219,0.1772041763
0.3838333333,0.0709126686,0.1062911607,0.1772038293
0.3840000000,0.0716508847,0.1055525013,0.1772033860
0.3841666667,0.0725039190,0.1046989315,0.1772028505
0.3843333333,0.0734632138,0.1037390143,0.1772022281
0.3845000000,0.0745188244,0.1026827013,0.1772015257
0.3846666667,0.0756595286,0.1015412230,0.1772007516
0.3848333333,0.0768729600,0.1003269554,0.1771999154
0.3850000000,0.0781457610,0.0990532669,0.1771990279
0.3851666667,0.0794637555,0.0977343454,0.1771981010
0.3853333333,0.0808121378,0.0963850094,0.1771971472
0.3855000000,0.0821756746,0.0950205054,0.1771961800
0.3856666667,0.0835389182,0.0936562949,0.1771952131
0.3858333333,0.0848864261,0.0923078344,0.1771942605
0.3860000000,0.0862029839,0.0909903521,0.1771933360
0.3861666667,0.0874738284,0.0897186251,0.1771924535
0.3863333333,0.0886848648,0.0885067611,0.1771916260
0.3865000000,0.0898228775,0.0873679883,0.1771908658
0.3866666667,0.0908757272,0.0863144573,0.1771901845
0.3868333333,0.0918325332,0.0853570590,0.1771895922
0.3870000000,0.0926838364,0.0845052614,0.1771890977
0.3871666667,0.0934217397,0.0837669687,0.1771887084
0.3873333333,0.0940400243,0.0831484053,0.1771884296
0.3875000000,0.0945342383,0.0826540270,0.1771882653
0.3876666667,0.0949017566,0.0822864607,0.1771882173
0.3878333333,0.0951418106,0.0820464749,0.1771882855
0.3880000000,0.0952554879,0.0819329801,0.1771884680
0.3881666667,0.0952457005,0.0819430604,0.1771887609
0.3883333333,0.0951171233,0.0820720352,0.1771891585
0.3885000000,0.0948761035,0.0823135500,0.1771896535
0.3886666667,0.0945305430,0.0826596939,0.1771902369
0.3888333333,0.0940897553,0.0831011431,0.1771908984
0.3890000000,0.0935643003,0.0836273260,0.1771916263
0.3891666667,0.0929658004,0.0842266079,0.1771924083
0.3893333333,0.0923067400,0.0848864909,0.1771932309
0.3895000000,0.0916002541,0.0855938264,0.1771940805
0.3896666667,0.0908599080,0.0863350350,0.1771949430
0.3898333333,0.0900994741,0.0870963303,0.1771958045
0.3900000000,0.0893327080,0.0878639431,0.1771966511
0.3901666667,0.0885731295,0.0886243402,0.1771974697
0.3903333333,0.0878338119,0.0893644360,0.1771982479
0.3905000000,0.0871271821,0.0900717919,0.1771989740
0.3906666667,0.0864648370,0.0907348006,0.1771996377
0.3908333333,0.0858573775,0.0913428524,0.1772002298
0.3910000000,0.0853142629,0.0918864799,0.1772007428
0.3911666667,0.0848436887,0.0923574818,0.1772011705
0.3913333333,0.0844524885,0.0927490198,0.1772015083
0.3915000000,0.0841460610,0.0930556923,0.1772017533
0.3916666667,0.0839283238,0.0932735804,0.1772019042
0.3918333333,0.0838016926,0.0934002688,0.1772019614
0.3920000000,0.0837670861,0.0934348406,0.1772019267
0.3921666667,0.0838239560,0.0933778475,0.1772018035
0.3923333333,0.0839703396,0.0932312567,0.1772015964
0.3925000000,0.0842029350,0.0929983762,0.1772013113
0.3926666667,0.0845171945,0.0926837607,0.1772009551
0.3928333333,0.0849074358,0.0922931001,0.1772005359
0.3930000000,0.0853669680,0.0918330941,0.1772000621
0.3931666667,0.0858882288,0.0913113141,0.1771995429
0.3933333333,0.0864629309,0.0907360570,0.1771989880
0.3935000000,0.0870822144,0.0901161925,0.1771984069
0.3936666667,0.0877368027,0.0894610070,0.1771978097
0.3938333333,0.0884171585,0.0887800472,0.1771972058
0.3940000000,0.0891136387,0.0880829660,0.1771966047
0.3941666667,0.0898166433,0.0873793720,0.1771960153
0.3943333333,0.0905167588,0.0866786872,0.1771954460
0.3945000000,0.0912048924,0.0859900122,0.1771949046
0.3946666667,0.0918723956,0.0853220024,0.1771943981
0.3948333333,0.0925111764,0.0846827562,0.1771939326
0.3950000000,0.0931137972,0.0840797162,0.1771935134
0.3951666667,0.0936735603,0.0835195846,0.1771931450
0.3953333333,0.0941845773,0.0830082534,0.1771928306
0.3955000000,0.0946418239,0.0825507490,0.1771925729
0.3956666667,0.0950411801,0.0821511933,0.1771923734
0.3958333333,0.0953794542,0.0818127784,0.1771922326
0.3960000000,0.0956543931,0.0815377572,0.1771921503
0.3961666667,0.0958646777,0.0813274477,0.1771921254
0.3963333333,0.0960099049,0.0811822510,0.1771921558
0.3965000000,0.0960905574,0.0811016818,0.1771922391
0.3966666667,0.0961079609,0.0810844109,0.1771923719
0.3968333333,0.0960642319,0.0811283183,0.1771925502
0.3970000000,0.0959622147,0.0812305550,0.1771927697
0.3971666667,0.0958054115,0.0813876140,0.1771930255
0.3973333333,0.0955979050,0.0815954075,0.1771933125
0.3975000000,0.0953442757,0.0818493494,0.1771936252
0.3976666667,0.0950495155,0.0821444425,0.1771939580
0.3978333333,0.0947189379,0.0824753673,0.1771943052
0.3980000000,0.0943580877,0.0828365736,0.1771946613
0.3981666667,0.0939726502,0.0832223703,0.1771950205
0.3983333333,0.0935683624,0.0836270151,0.1771953775
0.3985000000,0.0931509265,0.0840448007,0.1771957272
0.3986666667,0.0927259273,0.0844701373,0.1771960646
0.3988333333,0.0922987551,0.0848976303,0.1771963854
0.3990000000,0.0918745343,0.0853221512,0.1771966855
0.3991666667,0.0914580591,0.0857389023,0.1771969614
0.3993333333,0.0910537370,0.0861434730,0.1771972100
0.3995000000,0.0906655413,0.0865318876,0.1771974289
0.3996666667,0.0902969719,0.0869006446,0.1771976164
0.3998333333,0.0899510255,0.0872467456,0.1771977711
0.4000000000,0.0896301764,0.0875677161,0.1771978924
0.4001666667,0.0893363655,0.0878616148,0.1771979803
0.4003333333,0.0890710000,0.0881270353,0.1771980353
0.4005000000,0.0888349612,0.0883630972,0.1771980584
0.4006666667,0.0886286220,0.0885694292,0.1771980512
0.4008333333,0.0884518715,0.0887461443,0.1771980158
0.4010000000,0.0883041481,0.0888938064,0.1771979546
0.4011666667,0.0881844778,0.0890133925,0.1771978703
0.4013333333,0.0880915188,0.0891062473,0.1771977661
0.4015000000,0.0880236100,0.0891740352,0.1771976452
0.4016666667,0.0879788232,0.0892186877,0.1771975109
0.4018333333,0.0879550171,0.0892423496,0.1771973667
0.4020000000,0.0879498920,0.0892473242,0.1771972161
0.4021666667,0.0879610445,0.0892360179,0.1771970624
0.4023333333,0.0879860212,0.0892108875,0.1771969087
0.4025000000,0.0880223690,0.0891743891,0.1771967580
0.4026666667,0.0880676830,0.0891289302,0.1771966131
0.4028333333,0.0881196497,0.0890768267,0.1771964764
0.4030000000,0.0881760855,0.0890202644,0.1771963499
0.4031666667,0.0882349692,0.0889612661,0.1771962353
0.4033333333,0.0882944696,0.0889016643,0.1771961338
0.4035000000,0.0883529657,0.0888430808,0.1771960465
0.4036666667,0.0884090620,0.0887869119,0.1771959739
0.4038333333,0.0884615961,0.0887343199,0.1771959160
0.4040000000,0.0885096418,0.0886862309,0.1771958727
0.4041666667,0.0885525054,0.0886433381,0.1771958435
0.4043333333,0.0885897174,0.0886061101,0.1771958275
0.4045000000,0.0886210195,0.0885748041,0.1771958236
0.4046666667,0.0886463475,0.0885494832,0.1771958307
0.4048333333,0.0886658112,0.0885300360,0.1771958472
0.4050000000,0.0886796713,0.0885162003,0.1771958716
0.4051666667,0.0886883155,0.0885075868,0.1771959023
0.4053333333,0.0886922326,0.0885037052,0.1771959378
0.4055000000,0.0886919873,0.0885039891,0.1771959765
0.4056666667,0.0886881949,0.0885078219,0.1771960168
0.4058333333,0.0886814973,0.0885145600,0.1771960573
0.4060000000,0.0886725413,0.0885235557,0.1771960969
0.4061666667,0.0886619579,0.0885341765,0.1771961344
0.4063333333,0.0886503453,0.0885458236,0.1771961689
0.4065000000,0.0886382543,0.0885579454,0.1771961997
0.4066666667,0.0886261761,0.0885700502,0.1771962262
0.4068333333,0.0886145343,0.0885817139,0.1771962481
0.4070000000,0.0886036792,0.0885925861,0.1771962653
0.4071666667,0.0885938852,0.0886023925,0.1771962777
0.4073333333,0.0885853507,0.0886109348,0.1771962855
0.4075000000,0.0885782009,0.0886180880,0.1771962889
0.4076666667,0.0885724927,0.0886237959,0.1771962886
0.4078333333,0.0885682205,0.0886280643,0.1771962848
0.4080000000,0.0885653249,0.0886309533,0.1771962781
0.4081666667,0.0885637008,0.0886325684,0.1771962692
0.4083333333,0.0885632075,0.0886330512,0.1771962587
0.4085000000,0.0885636779,0.0886325693,0.1771962472
0.4086666667,0.0885649281,0.0886313070,0.1771962351
0.4088333333,0.0885667667,0.0886294565,0.1771962232
0.4090000000,0.0885690028,0.0886272088,0.1771962117
0.4091666667,0.0885714537,0.0886247474,0.1771962011
0.4093333333,0.0885739506,0.0886222411,0.1771961917
0.4095000000,0.0885763444,0.0886198394,0.1771961838
0.4096666667,0.0885785086,0.0886176689,0.1771961775
0.4098333333,0.0885803421,0.0886158307,0.1771961728
0.4100000000,0.0885817706,0.0886143992,0.1771961698
0.4101666667,0.0885827460,0.0886134225,0.1771961684
0.4103333333,0.0885832455,0.0886129230,0.1771961685
0.4105000000,0.0885832700,0.0886128998,0.1771961699
0.4106666667,0.0885828409,0.0886133315,0.1771961723
0.4108333333,0.0885819967,0.0886141789,0.1771961756
0.4110000000,0.0885807899,0.0886153897,0.1771961795
0.4111666667,0.0885792826,0.0886169012,0.1771961838
0.4113333333,0.0885775430,0.0886186453,0.1771961882
0.4115000000,0.0885756411,0.0886205515,0.1771961926
0.4116666667,0.0885736458,0.0886225508,0.1771961966
0.4118333333,0.0885716215,0.0886245787,0.1771962002
0.4120000000,0.0885696253,0.0886265779,0.1771962032
0.4121666667,0.0885677051,0.0886285004,0.1771962055
0.4123333333,0.0885658979,0.0886303092,0.1771962071
0.4125000000,0.0885642288,0.0886319791,0.1771962079
0.4126666667,0.0885627105,0.0886334974,0.1771962079
0.4128333333,0.0885613431,0.0886348640,0.1771962072
0.4130000000,0.0885601151,0.0886360906,0.1771962057
0.4131666667,0.0885590036,0.0886372001,0.1771962037
0.4133333333,0.0885579756,0.0886382254,0.1771962011
0.4135000000,0.0885569897,0.0886392083,0.1771961980
0.4136666667,0.0885559972,0.0886401974,0.1771961946
0.4138333333,0.0885549436,0.0886412473,0.1771961909
0.4140000000,0.0885537706,0.0886424165,0.1771961871
0.4141666667,0.0885524170,0.0886437662,0.1771961832
0.4143333333,0.0885508203,0.0886453590,0.1771961793
0.4145000000,0.0885489179,0.0886472575,0.1771961754
0.4146666667,0.0885466477,0.0886495239,0.1771961716
0.4148333333,0.0885439494,0.0886522185,0.1771961679
0.4150000000,0.0885407644,0.0886554000,0.1771961644
0.4151666667,0.0885370361,0.0886591249,0.1771961610
0.4153333333,0.0885327106,0.0886634472,0.1771961578
0.4155000000,0.0885277355,0.0886684191,0.1771961546
0.4156666667,0.0885220604,0.0886740911,0.1771961515
0.4158333333,0.0885156362,0.0886805123,0.1771961485
0.4160000000,0.0885084140,0.0886877314,0.1771961455
0.4161666667,0.0885003453,0.0886957970,0.1771961424
0.4163333333,0.0884913805,0.0887047587,0.1771961392
0.4165000000,0.0884814683,0.0887146676,0.1771961358
0.4166666667,0.0884705551,0.0887255772,0.1771961323
0.4168333333,0.0884585841,0.0887375444,0.1771961285
0.4170000000,0.0884454944,0.0887506300,0.1771961244
0.4171666667,0.0884312201,0.0887648998,0.1771961199
0.4173333333,0.0884156899,0.0887804252,0.1771961151
0.4175000000,0.0883988261,0.0887972836,0.1771961098
0.4176666667,0.0883805439,0.0888155601,0.1771961040
0.4178333333,0.0883607506,0.0888353471,0.1771960977
0.4180000000,0.0883393450,0.0888567457,0.1771960908
0.4181666667,0.0883162168,0.0888798665,0.1771960833
0.4183333333,0.0882912456,0.0889048295,0.1771960751
0.4185000000,0.0882643002,0.0889317659,0.1771960662
0.4186666667,0.0882352385,0.0889608180,0.1771960565
0.4188333333,0.0882039060,0.0889921401,0.1771960461
0.4190000000,0.0881701357,0.0890258991,0.1771960349
0.4191666667,0.0881337475,0.0890622752,0.1771960227
0.4193333333,0.0880945476,0.0891014622,0.1771960098
0.4195000000,0.0880523282,0.0891436677,0.1771959959
0.4196666667,0.0880068673,0.0891891138,0.1771959811
0.4198333333,0.0879579291,0.0892380364,0.1771959655
0.4200000000,0.0879052635,0.0892906856,0.1771959491
0.4201666667,0.0878486074,0.0893473244,0.1771959318
0.4203333333,0.0877876854,0.0894082285,0.1771959139
0.4205000000,0.0877222110,0.0894736844,0.1771958954
0.4206666667,0.0876518882,0.0895439883,0.1771958764
0.4208333333,0.0875764141,0.0896194431,0.1771958572
0.4210000000,0.0874954814,0.0897003565,0.1771958379
0.4211666667,0.0874087818,0.0897870370,0.1771958188
0.4213333333,0.0873160094,0.0898797906,0.1771958001
0.4215000000,0.0872168659,0.0899789162,0.1771957821
0.4216666667,0.0871110649,0.0900847004,0.1771957653
0.4218333333,0.0869983378,0.0901974122,0.1771957500
0.4220000000,0.0868784399,0.0903172966,0.1771957365
0.4221666667,0.0867511573,0.0904445682,0.1771957255
0.4223333333,0.0866163136,0.0905794036,0.1771957172
0.4225000000,0.0864737780,0.0907219343,0.1771957123
0.4226666667,0.0863234730,0.0908722382,0.1771957112
0.4228333333,0.0861653827,0.0910303319,0.1771957145
0.4230000000,0.0859995608,0.0911961620,0.1771957227
0.4231666667,0.0858261396,0.0913695967,0.1771957363
0.4233333333,0.0856453380,0.0915504179,0.1771957559
0.4235000000,0.0854574692,0.0917383126,0.1771957818
0.4236666667,0.0852629487,0.0919328658,0.1771958145
0.4238333333,0.0850623013,0.0921335532,0.1771958545
0.4240000000,0.0848561668,0.0923397352,0.1771959020
0.4241666667,0.0846453057,0.0925506516,0.1771959573
0.4243333333,0.0844306031,0.0927654175,0.1771960205
0.4245000000,0.0842130710,0.0929830208,0.1771960918
0.4246666667,0.0839938501,0.0932023210,0.1771961711
0.4248333333,0.0837742081,0.0934220501,0.1771962582
0.4250000000,0.0835555379,0.0936408148,0.1771963528
0.4251666667,0.0833393525,0.0938571020,0.1771964545
0.4253333333,0.0831272777,0.0940692850,0.1771965627
0.4255000000,0.0829210432,0.0942756334,0.1771966766
0.4256666667,0.0827224703,0.0944743251,0.1771967954
0.4258333333,0.0825334579,0.0946634601,0.1771969180
0.4260000000,0.0823559650,0.0948410782,0.1771970432
0.4261666667,0.0821919917,0.0950051779,0.1771971696
0.4263333333,0.0820435570,0.0951537386,0.1771972956
0.4265000000,0.0819126748,0.0952847450,0.1771974197
0.4266666667,0.0818013270,0.0953962131,0.1771975401
0.4268333333,0.0817114357,0.0954862191,0.1771976549
0.4270000000,0.0816448330,0.0955529290,0.1771977620
0.4271666667,0.0816032296,0.0955946300,0.1771978596
0.4273333333,0.0815881828,0.0956097628,0.1771979456
0.4275000000,0.0816010639,0.0955969540,0.1771980179
0.4276666667,0.0816430255,0.0955550490,0.1771980745
0.4278333333,0.0817149699,0.0954831436,0.1771981135
0.4280000000,0.0818175182,0.0953806150,0.1771981332
0.4281666667,0.0819509814,0.0952471504,0.1771981318
0.4283333333,0.0821153341,0.0950827738,0.1771981079
0.4285000000,0.0823101914,0.0948878688,0.1771980602
0.4286666667,0.0825347895,0.0946631985,0.1771979880
0.4288333333,0.0827879705,0.0944099199,0.1771978904
0.4290000000,0.0830681730,0.0941295943,0.1771977673
0.4291666667,0.0833734279,0.0938241910,0.1771976188
0.4293333333,0.0837013607,0.0934960848,0.1771974455
0.4295000000,0.0840492005,0.0931480479,0.1771972484
0.4296666667,0.0844137962,0.0927832327,0.1771970289
0.4298333333,0.0847916402,0.0924051489,0.1771967891
0.4300000000,0.0851788998,0.0920176315,0.1771965313
0.4301666667,0.0855714566,0.0916248019,0.1771962586
0.4303333333,0.0859649532,0.0912310210,0.1771959742
0.4305000000,0.0863548476,0.0908408346,0.1771956821
0.4306666667,0.0867364752,0.0904589114,0.1771953866
0.4308333333,0.0871051170,0.0900899753,0.1771950923
0.4310000000,0.0874560738,0.0897387304,0.1771948041
0.4311666667,0.0877847457,0.0894097817,0.1771945274
0.4313333333,0.0880867160,0.0891075516,0.1771942675
0.4315000000,0.0883578374,0.0888361926,0.1771940300
0.4316666667,0.0885943210,0.0885994994,0.1771938204
0.4318333333,0.0887928240,0.0884008202,0.1771936442
0.4320000000,0.0889505378,0.0882429688,0.1771935067
0.4321666667,0.0890652720,0.0881281408,0.1771934128
0.4323333333,0.0891355340,0.0880578333,0.1771933672
0.4325000000,0.0891606026,0.0880327714,0.1771933740
0.4326666667,0.0891405932,0.0880528434,0.1771934366
0.4328333333,0.0890765128,0.0881170450,0.1771935578
0.4330000000,0.0889703042,0.0882234353,0.1771937395
0.4331666667,0.0888248763,0.0883691064,0.1771939827
0.4333333333,0.0886441205,0.0885501669,0.1771942874
0.4335000000,0.0884329108,0.0887617419,0.1771946527
0.4336666667,0.0881970874,0.0889979889,0.1771950764
0.4338333333,0.0879434223,0.0892521328,0.1771955551
0.4340000000,0.0876795670,0.0895165176,0.1771960846
0.4341666667,0.0874139817,0.0897826774,0.1771966592
0.4343333333,0.0871558459,0.0900414262,0.1771972721
0.4345000000,0.0869149514,0.0902829643,0.1771979157
0.4346666667,0.0867015783,0.0904970029,0.1771985812
0.4348333333,0.0865263544,0.0906729044,0.1771992588
0.4350000000,0.0864001014,0.0907998368,0.1771999382
0.4351666667,0.0863336668,0.0908669414,0.1772006082
0.4353333333,0.0863377474,0.0908635098,0.1772012572
0.4355000000,0.0864227035,0.0907791698,0.1772018733
0.4356666667,0.0865983684,0.0906040761,0.1772024444
0.4358333333,0.0868738565,0.0903291022,0.1772029586
0.4360000000,0.0872573717,0.0899460325,0.1772034042
0.4361666667,0.0877560209,0.0894477490,0.1772037700
0.4363333333,0.0883756350,0.0888284104,0.1772040454
0.4365000000,0.0891206016,0.0880836193,0.1772042209
0.4366666667,0.0899937124,0.0872105758,0.1772042881
0.4368333333,0.0909960283,0.0862082116,0.1772042399
0.4370000000,0.0921267663,0.0850773043,0.1772040706
0.4371666667,0.0933832097,0.0838205666,0.1772037763
0.4373333333,0.0947606448,0.0824427100,0.1772033547
0.4375000000,0.0962523270,0.0809504788,0.1772028058
0.4376666667,0.0978494762,0.0793526549,0.1772021311
0.4378333333,0.0995413048,0.0776600296,0.1772013344
0.4380000000,0.1013150776,0.0758853440,0.1772004215
0.4381666667,0.1031562041,0.0740431961,0.1771994003
0.4383333333,0.1050483640,0.0721499164,0.1771982804
0.4385000000,0.1069736629,0.0702234107,0.1771970736
0.4386666667,0.1089128185,0.0682829747,0.1771957933
0.4388333333,0.1108453750,0.0663490793,0.1771944543
0.4390000000,0.1127499418,0.0644431314,0.1771930731
0.4391666667,0.1146044553,0.0625872120,0.1771916673
0.4393333333,0.1163864588,0.0608037964,0.1771902552
0.4395000000,0.1180733978,0.0591154583,0.1771888561
0.4396666667,0.1196429247,0.0575445646,0.1771874893
0.4398333333,0.1210732109,0.0561129637,0.1771861746
0.4400000000,0.1223432586,0.0548416725,0.1771849311
0.4401666667,0.1234332106,0.0537505672,0.1771837778
0.4403333333,0.1243246498,0.0528580828,0.1771827326
0.4405000000,0.1250008869,0.0521809254,0.1771818124
0.4406666667,0.1254472295,0.0517338031,0.1771810326
0.4408333333,0.1256512278,0.0515291791,0.1771804069
0.4410000000,0.1256028953,0.0515770520,0.1771799473
0.4411666667,0.1252948975,0.0518847660,0.1771796634
0.4413333333,0.1247227068,0.0524568559,0.1771795627
0.4415000000,0.1238847215,0.0532949285,0.1771796501
0.4416666667,0.1227823443,0.0543975836,0.1771799279
0.4418333333,0.1214200204,0.0557603756,0.1771803960
0.4420000000,0.1198052337,0.0573758177,0.1771810514
0.4421666667,0.1179484596,0.0592334290,0.1771818886
0.4423333333,0.1158630757,0.0613198235,0.1771828992
0.4425000000,0.1135652310,0.0636188416,0.1771840727
0.4426666667,0.1110736745,0.0661117213,0.1771853958
0.4428333333,0.1084095457,0.0687773076,0.1771868533
0.4430000000,0.1055961295,0.0715922982,0.1771884278
0.4431666667,0.1026585799,0.0745315202,0.1771901002
0.4433333333,0.0996236139,0.0775682360,0.1771918498
0.4435000000,0.0965191822,0.0806744727,0.1771936549
0.4436666667,0.0933741206,0.0838213721,0.1771954927
0.4438333333,0.0902177862,0.0869795535,0.1771973397
0.4440000000,0.0870796855,0.0901194871,0.1771991726
0.4441666667,0.0839890974,0.0932118704,0.1772009678
0.4443333333,0.0809746996,0.0962280028,0.1772027024
0.4445000000,0.0780642010,0.0991401532,0.1772043542
0.4446666667,0.0752839877,0.1019219144,0.1772059021
0.4448333333,0.0726587876,0.1045485390,0.1772073266
0.4450000000,0.0702113570,0.1069972529,0.1772086099
0.4451666667,0.0679621965,0.1092475397,0.1772097361
0.4453333333,0.0659292987,0.1112813931,0.1772106918
0.4455000000,0.0641279328,0.1130835331,0.1772114659
0.4456666667,0.0625704676,0.1146415825,0.1772120501
0.4458333333,0.0612662386,0.1159462001,0.1772124387
0.4460000000,0.0602214581,0.1169911710,0.1772126290
0.4461666667,0.0594391717,0.1177734495,0.1772126213
0.4463333333,0.0589192617,0.1182931568,0.1772124185
0.4465000000,0.0586584955,0.1185535311,0.1772120267
0.4466666667,0.0586506212,0.1185608332,0.1772114544
0.4468333333,0.0588865053,0.1183242078,0.1772107130
0.4470000000,0.0593543129,0.1178555032,0.1772098162
0.4471666667,0.0600397262,0.1171690535,0.1772087797
0.4473333333,0.0609261966,0.1162814247,0.1772076213
0.4475000000,0.0619952282,0.1152111320,0.1772063603
0.4476666667,0.0632266862,0.1139783311,0.1772050172
0.4478333333,0.0645991247,0.1126044890,0.1772036136
0.4480000000,0.0660901299,0.1111120415,0.1772021714
0.4481666667,0.0676766713,0.1095240415,0.1772007128
0.4483333333,0.0693354546,0.1078638050,0.1771992597
0.4485000000,0.0710432720,0.1061545612,0.1771978333
0.4486666667,0.0727773421,0.1044191119,0.1771964540
0.4488333333,0.0745156340,0.1026795067,0.1771951408
0.4490000000,0.0762371718,0.1009567393,0.1771939111
0.4491666667,0.0779223113,0.0992704691,0.1771927804
0.4493333333,0.0795529878,0.0976387742,0.1771917620
0.4495000000,0.0811129286,0.0960779382,0.1771908669
0.4496666667,0.0825878290,0.0946022745,0.1771901035
0.4498333333,0.0839654876,0.0932239903,0.1771894779
0.4500000000,0.0852359006,0.0919530926,0.1771889932
0.4501666667,0.0863913146,0.0907973356,0.1771886501
0.4503333333,0.0874262365,0.0897622102,0.1771884468
0.4505000000,0.0883374037,0.0888509751,0.1771883787
0.4506666667,0.0891237138,0.0880647255,0.1771884393
0.4508333333,0.0897861196,0.0874025003,0.1771886199
0.4510000000,0.0903274893,0.0868614206,0.1771889099
0.4511666667,0.0907524387,0.0864368585,0.1771892972
0.4513333333,0.0910671376,0.0861226308,0.1771897685
0.4515000000,0.0912790973,0.0859112121,0.1771903094
0.4516666667,0.0913969423,0.0857939627,0.1771909050
0.4518333333,0.0914301735,0.0857613669,0.1771915404
0.4520000000,0.0913889265,0.0858032739,0.1771922004
0.4521666667,0.0912837316,0.0859091388,0.1771928703
0.4523333333,0.0911252799,0.0860682564,0.1771935363
0.4525000000,0.0909242006,0.0862699846,0.1771941852
0.4526666667,0.0906908536,0.0865039518,0.1771948054
0.4528333333,0.0904351409,0.0867602455,0.1771953864
0.4530000000,0.0901663409,0.0870295785,0.1771959194
0.4531666667,0.0898929674,0.0873034299,0.1771963973
0.4533333333,0.0896226554,0.0875741592,0.1771968146
0.4535000000,0.0893620742,0.0878350935,0.1771971677
0.4536666667,0.0891168699,0.0880805848,0.1771974547
0.4538333333,0.0888916345,0.0883060409,0.1771976755
0.4540000000,0.0886899028,0.0885079285,0.1771978313
0.4541666667,0.0885141740,0.0886837511,0.1771979251
0.4543333333,0.0883659566,0.0888320043,0.1771979609
0.4545000000,0.0882458339,0.0889521100,0.1771979439
0.4546666667,0.0881535465,0.0890443337,0.1771978802
0.4548333333,0.0880880887,0.0891096879,0.1771977765
0.4550000000,0.0880478160,0.0891498240,0.1771976401
0.4551666667,0.0880305594,0.0891669187,0.1771974781
0.4553333333,0.0880337425,0.0891635556,0.1771972981
0.4555000000,0.0880544994,0.0891426078,0.1771971072
0.4556666667,0.0880897890,0.0891071232,0.1771969121
0.4558333333,0.0881365032,0.0890602161,0.1771967192
0.4560000000,0.0881915667,0.0890049673,0.1771965340
0.4561666667,0.0882520260,0.0889443354,0.1771963613
0.4563333333,0.0883151253,0.0888810797,0.1771962050
0.4565000000,0.0883783704,0.0888176979,0.1771960682
0.4566666667,0.0884395765,0.0887563766,0.1771959530
0.4568333333,0.0884969029,0.0886989578,0.1771958607
0.4570000000,0.0885488730,0.0886469186,0.1771957916
0.4571666667,0.0885943802,0.0886013651,0.1771957453
0.4573333333,0.0886326825,0.0885630383,0.1771957208
0.4575000000,0.0886633843,0.0885323320,0.1771957164
0.4576666667,0.0886864102,0.0885093196,0.1771957298
0.4578333333,0.0887019697,0.0884937888,0.1771957585
0.4580000000,0.0887105166,0.0884852831,0.1771957997
0.4581666667,0.0887127042,0.0884831462,0.1771958505
0.4583333333,0.0887093385,0.0884865693,0.1771959078
0.4585000000,0.0887013305,0.0884946383,0.1771959688
0.4586666667,0.0886896510,0.0885063797,0.1771960308
0.4588333333,0.0886752871,0.0885208042,0.1771960913
0.4590000000,0.0886592029,0.0885369454,0.1771961483
0.4591666667,0.0886423062,0.0885538936,0.1771961999
0.4593333333,0.0886254202,0.0885708246,0.1771962448
0.4595000000,0.0886092610,0.0885870210,0.1771962820
0.4596666667,0.0885944231,0.0886018878,0.1771963110
0.4598333333,0.0885813698,0.0886149617,0.1771963315
0.4600000000,0.0885704303,0.0886259136,0.1771963438
0.4601666667,0.0885618022,0.0886345461,0.1771963483
0.4603333333,0.0885555594,0.0886407864,0.1771963458
0.4605000000,0.0885516635,0.0886446736,0.1771963372
0.4606666667,0.0885499787,0.0886463448,0.1771963235
0.4608333333,0.0885502890,0.0886460171,0.1771963061
0.4610000000,0.0885523170,0.0886439690,0.1771962859
0.4611666667,0.0885557428,0.0886405216,0.1771962643
0.4613333333,0.0885602231,0.0886360193,0.1771962424
0.4615000000,0.0885654088,0.0886308123,0.1771962211
0.4616666667,0.0885709609,0.0886252404,0.1771962013
0.4618333333,0.0885765648,0.0886196190,0.1771961838
0.4620000000,0.0885819411,0.0886142280,0.1771961691
0.4621666667,0.0885868548,0.0886093027,0.1771961575
0.4623333333,0.0885911205,0.0886050287,0.1771961492
0.4625000000,0.0885946058,0.0886015385,0.1771961442
0.4626666667,0.0885972316,0.0885989110,0.1771961425
0.4628333333,0.0885989699,0.0885971739,0.1771961438
0.4630000000,0.0885998403,0.0885963074,0.1771961477
0.4631666667,0.0885999039,0.0885962498,0.1771961537
0.4633333333,0.0885992569,0.0885969046,0.1771961615
0.4635000000,0.0885980229,0.0885981477,0.1771961705
0.4636666667,0.0885963449,0.0885998354,0.1771961803
0.4638333333,0.0885943778,0.0886018124,0.1771961903
0.4640000000,0.0885922810,0.0886039191,0.1771962001
0.4641666667,0.0885902114,0.0886059981,0.1771962095
0.4643333333,0.0885883178,0.0886079002,0.1771962180
0.4645000000,0.0885867366,0.0886094889,0.1771962256
0.4646666667,0.0885855880,0.0886106439,0.1771962319
0.4648333333,0.0885849740,0.0886112631,0.1771962371
0.4650000000,0.0885849773,0.0886112638,0.1771962411
0.4651666667,0.0885856614,0.0886105825,0.1771962439
0.4653333333,0.0885870720,0.0886091737,0.1771962457
0.4655000000,0.0885892386,0.0886070081,0.1771962467
0.4656666667,0.0885921769,0.0886040701,0.1771962470
0.4658333333,0.0885958920,0.0886003548,0.1771962468
0.4660000000,0.0886003817,0.0885958647,0.1771962464
0.4661666667,0.0886056392,0.0885906066,0.1771962459
0.4663333333,0.0886116568,0.0885845887,0.1771962455
0.4665000000,0.0886184281,0.0885778172,0.1771962453
0.4666666667,0.0886259512,0.0885702943,0.1771962456
0.4668333333,0.0886342302,0.0885620161,0.1771962463
0.4670000000,0.0886432769,0.0885529706,0.1771962476
0.4671666667,0.0886531122,0.0885431373,0.1771962495
0.4673333333,0.0886637661,0.0885324858,0.1771962520
0.4675000000,0.0886752788,0.0885209763,0.1771962551
0.4676666667,0.0886876997,0.0885085591,0.1771962587
0.4678333333,0.0887010876,0.0884951754,0.1771962630
0.4680000000,0.0887155101,0.0884807576,0.1771962677
0.4681666667,0.0887310426,0.0884652302,0.1771962729
0.4683333333,0.0887477683,0.0884485102,0.1771962785
0.4685000000,0.0887657769,0.0884305076,0.1771962845
0.4686666667,0.0887851647,0.0884111262,0.1771962909
0.4688333333,0.0888060343,0.0883902634,0.1771962977
0.4690000000,0.0888284943,0.0883678106,0.1771963049
0.4691666667,0.0888526598,0.0883436527,0.1771963125
0.4693333333,0.0888786524,0.0883176682,0.1771963206
0.4695000000,0.0889066010,0.0882897281,0.1771963291
0.4696666667,0.0889366424,0.0882596958,0.1771963382
0.4698333333,0.0889689218,0.0882274261,0.1771963478
0.4700000000,0.0890035936,0.0881927645,0.1771963581
0.4701666667,0.0890408223,0.0881555467,0.1771963690
0.4703333333,0.0890807823,0.0881155983,0.1771963806
0.4705000000,0.0891236585,0.0880727342,0.1771963928
0.4706666667,0.0891696465,0.0880267591,0.1771964056
0.4708333333,0.0892189513,0.0879774677,0.1771964190
0.4710000000,0.0892717873,0.0879246456,0.1771964329
0.4711666667,0.0893283767,0.0878680705,0.1771964472
0.4713333333,0.0893889474,0.0878075143,0.1771964617
0.4715000000,0.0894537313,0.0877427449,0.1771964763
0.4716666667,0.0895229614,0.0876735293,0.1771964907
0.4718333333,0.0895968683,0.0875996365,0.1771965048
0.4720000000,0.0896756773,0.0875208410,0.1771965183
0.4721666667,0.0897596036,0.0874369273,0.1771965309
0.4723333333,0.0898488489,0.0873476935,0.1771965424
0.4725000000,0.0899435959,0.0872529565,0.1771965524
0.4726666667,0.0900440042,0.0871525565,0.1771965607
0.4728333333,0.0901502052,0.0870463616,0.1771965668
0.4730000000,0.0902622970,0.0869342736,0.1771965706
0.4731666667,0.0903803395,0.0868162322,0.1771965717
0.4733333333,0.0905043498,0.0866922201,0.1771965699
0.4735000000,0.0906342973,0.0865622675,0.1771965647
0.4736666667,0.0907700996,0.0864264566,0.1771965561
0.4738333333,0.0909116186,0.0862849252,0.1771965438
0.4740000000,0.0910586571,0.0861378705,0.1771965276
0.4741666667,0.0912109561,0.0859855514,0.1771965075
0.4743333333,0.0913681924,0.0858282908,0.1771964832
0.4745000000,0.0915299777,0.0856664771,0.1771964548
0.4746666667,0.0916958582,0.0855005642,0.1771964224
0.4748333333,0.0918653150,0.0853310710,0.1771963860
0.4750000000,0.0920377658,0.0851585800,0.1771963458
0.4751666667,0.0922125678,0.0849837342,0.1771963020
0.4753333333,0.0923890219,0.0848072331,0.1771962551
0.4755000000,0.0925663778,0.0846298276,0.1771962053
0.4756666667,0.0927438404,0.0844523129,0.1771961533
0.4758333333,0.0929205784,0.0842755212,0.1771960995
0.4760000000,0.0930957327,0.0841003120,0.1771960447
0.4761666667,0.0932684275,0.0839275620,0.1771959895
0.4763333333,0.0934377818,0.0837581530,0.1771959348
0.4765000000,0.0936029222,0.0835929592,0.1771958815
0.4766666667,0.0937629968,0.0834328336,0.1771958304
0.4768333333,0.0939171898,0.0832785927,0.1771957825
0.4770000000,0.0940647367,0.0831310020,0.1771957388
0.4771666667,0.0942049405,0.0829907597,0.1771957003
0.4773333333,0.0943371872,0.0828584808,0.1771956680
0.4775000000,0.0944609614,0.0827346814,0.1771956428
0.4776666667,0.0945758625,0.0826197632,0.1771956257
0.4778333333,0.0946816184,0.0825139991,0.1771956175
0.4780000000,0.0947780995,0.0824175194,0.1771956190
0.4781666667,0.0948653307,0.0823303000,0.1771956307
0.4783333333,0.0949435010,0.0822521523,0.1771956533
0.4785000000,0.0950129718,0.0821827151,0.1771956869
0.4786666667,0.0950742820,0.0821214498,0.1771957318
0.4788333333,0.0951281499,0.0820676380,0.1771957879
0.4790000000,0.0951754719,0.0820203830,0.1771958548
0.4791666667,0.0952173178,0.0819786143,0.1771959321
0.4793333333,0.0952549216,0.0819410971,0.1771960188
0.4795000000,0.0952896687,0.0819064452,0.1771961139
0.4796666667,0.0953230776,0.0818731383,0.1771962160
0.4798333333,0.0953567786,0.0818395448,0.1771963234
0.4800000000,0.0953924866,0.0818039476,0.1771964342
0.4801666667,0.0954319702,0.0817645760,0.1771965462
0.4803333333,0.0954770164,0.0817196405,0.1771966569
0.4805000000,0.0955293903,0.0816673732,0.1771967635
0.4806666667,0.0955907925,0.0816060707,0.1771968632
0.4808333333,0.0956628117,0.0815341411,0.1771969528
0.4810000000,0.0957468754,0.0814501537,0.1771970291
0.4811666667,0.0958441980,0.0813528909,0.1771970888
0.4813333333,0.0959557276,0.0812414009,0.1771971285
0.4815000000,0.0960820924,0.0811150524,0.1771971448
0.4816666667,0.0962235474,0.0809735872,0.1771971346
0.4818333333,0.0963799221,0.0808171725,0.1771970946
0.4820000000,0.0965505715,0.0806464505,0.1771970221
0.4821666667,0.0967343300,0.0804625844,0.1771969144
0.4823333333,0.0969294704,0.0802672990,0.1771967694
0.4825000000,0.0971336692,0.0800629161,0.1771965853
0.4826666667,0.0973439787,0.0798523823,0.1771963609
0.4828333333,0.0975568075,0.0796392882,0.1771960956
0.4830000000,0.0977679108,0.0794278786,0.1771957895
0.4831666667,0.0979723911,0.0792230520,0.1771954431
0.4833333333,0.0981647100,0.0790303481,0.1771950581
0.4835000000,0.0983387127,0.0788559242,0.1771946369
0.4836666667,0.0984876648,0.0787065176,0.1771941824
0.4838333333,0.0986043031,0.0785893957,0.1771936988
0.4840000000,0.0986808994,0.0785122914,0.1771931908
0.4841666667,0.0987093379,0.0784833264,0.1771926642
0.4843333333,0.0986812059,0.0785109196,0.1771921255
0.4845000000,0.0985878975,0.0786036843,0.1771915818
0.4846666667,0.0984207293,0.0787703117,0.1771910410
0.4848333333,0.0981710668,0.0790194450,0.1771905118
0.4850000000,0.0978304609,0.0793595423,0.1771900032
0.4851666667,0.0973907920,0.0797987325,0.1771895245
0.4853333333,0.0968444213,0.0803446643,0.1771890856
0.4855000000,0.0961843449,0.0810043512,0.1771886961
0.4856666667,0.0954043516,0.0817840144,0.1771883660
0.4858333333,0.0944991784,0.0826889264,0.1771881048
0.4860000000,0.0934646640,0.0837232577,0.1771879217
0.4861666667,0.0922978961,0.0848899293,0.1771878254
0.4863333333,0.0909973499,0.0861904739,0.1771878238
0.4865000000,0.0895630151,0.0876249091,0.1771879241
0.4866666667,0.0879965083,0.0891916240,0.1771881323
0.4868333333,0.0863011691,0.0908872839,0.1771884530
0.4870000000,0.0844821358,0.0927067539,0.1771888897
0.4871666667,0.0825463994,0.0946430448,0.1771894443
0.4873333333,0.0805028336,0.0966872834,0.1771901169
0.4875000000,0.0783621981,0.0988287082,0.1771909062
0.4876666667,0.0761371152,0.1010546937,0.1771918089
0.4878333333,0.0738420175,0.1033508023,0.1771928198
0.4880000000,0.0714930653,0.1057008667,0.1771939320
0.4881666667,0.0691080358,0.1080871008,0.1771951366
0.4883333333,0.0667061820,0.1104902411,0.1771964231
0.4885000000,0.0643080628,0.1128897163,0.1771977791
0.4886666667,0.0619353464,0.1152638443,0.1771991907
0.4888333333,0.0596105869,0.1175900555,0.1772006424
0.4890000000,0.0573569789,0.1198451387,0.1772021176
0.4891666667,0.0551980895,0.1220055089,0.1772035984
0.4893333333,0.0531575747,0.1240474914,0.1772050662
0.4895000000,0.0512588801,0.1259476215,0.1772065016
0.4896666667,0.0495249324,0.1276829525,0.1772078849
0.4898333333,0.0479778256,0.1292313709,0.1772091964
0.4900000000,0.0466385045,0.1305719121,0.1772104166
0.4901666667,0.0455264535,0.1316850728,0.1772115263
0.4903333333,0.0446593924,0.1325531151,0.1772125075
0.4905000000,0.0440529859,0.1331603571,0.1772133430
0.4906666667,0.0437205715,0.1334934458,0.1772140173
0.4908333333,0.0436729096,0.1335416067,0.1772145164
0.4910000000,0.0439179615,0.1332968668,0.1772148283
0.4911666667,0.0444606984,0.1327542450,0.1772149434
0.4913333333,0.0453029465,0.1319119078,0.1772148542
0.4915000000,0.0464432706,0.1307712857,0.1772145563
0.4916666667,0.0478768998,0.1293371478,0.1772140476
0.4918333333,0.0495956973,0.1276176319,0.1772133292
0.4920000000,0.0515881761,0.1256242288,0.1772124050
0.4921666667,0.0538395624,0.1233717194,0.1772112818
0.4923333333,0.0563319057,0.1208780639,0.1772099697
0.4925000000,0.0590442369,0.1181642443,0.1772084812
0.4926666667,0.0619527714,0.1152540606,0.1772068320
0.4928333333,0.0650311578,0.1121738823,0.1772050401
0.4930000000,0.0682507670,0.1089523590,0.1772031261
0.4931666667,0.0715810204,0.1056200922,0.1772011126
0.4933333333,0.0749897518,0.1022092724,0.1771990243
0.4935000000,0.0784435998,0.0987532873,0.1771968871
0.4936666667,0.0819084238,0.0952863045,0.1771947283
0.4938333333,0.0853497393,0.0918428367,0.1771925759
0.4940000000,0.0887331652,0.0884572932,0.1771904584
0.4941666667,0.0920248780,0.0851635261,0.1771884040
0.4943333333,0.0951920635,0.0819943772,0.1771864407
0.4945000000,0.0982033629,0.0789812325,0.1771845954
0.4946666667,0.1010293021,0.0761535916,0.1771828937
0.4948333333,0.1036427008,0.0735386585,0.1771813593
0.4950000000,0.1060190527,0.0711609613,0.1771800140
0.4951666667,0.1081368709,0.0690420059,0.1771788768
0.4953333333,0.1099779933,0.0671999707,0.1771779640
0.4955000000,0.1115278410,0.0656494476,0.1771772886
0.4956666667,0.1127756267,0.0644012335,0.1771768602
0.4958333333,0.1137145082,0.0634621766,0.1771766848
0.4960000000,0.1143416836,0.0628350810,0.1771767646
0.4961666667,0.1146584268,0.0625186713,0.1771770980
0.4963333333,0.1146700612,0.0625076183,0.1771776795
0.4965000000,0.1143858723,0.0627926275,0.1771784998
0.4966666667,0.1138189587,0.0633605872,0.1771795459
0.4968333333,0.1129860250,0.0641947763,0.1771808013
0.4970000000,0.1119071178,0.0652751285,0.1771822462
0.4971666667,0.1106053100,0.0665785479,0.1771838579
0.4973333333,0.1091063385,0.0680792726,0.1771856111
0.4975000000,0.1074381989,0.0697492794,0.1771874782
0.4976666667,0.1056307069,0.0715587232,0.1771894301
0.4978333333,0.1037150311,0.0734764051,0.1771914362
0.4980000000,0.1017232068,0.0754702585,0.1771934653
0.4981666667,0.0996876374,0.0775078487,0.1771954861
0.4983333333,0.0976405933,0.0795568742,0.1771974675
0.4985000000,0.0956137165,0.0815856629,0.1771993794
0.4986666667,0.0936375392,0.0835636538,0.1772011929
0.4988333333,0.0917410247,0.0854618567,0.1772028814
0.4990000000,0.0899511390,0.0872532812,0.1772044202
0.4991666667,0.0882924606,0.0889133272,0.1772057878
0.4993333333,0.0867868336,0.0904201320,0.1772069656
0.4995000000,0.0854530727,0.0917548659,0.1772079386
0.4996666667,0.0843067225,0.0929019728,0.1772086953
0.4998333333,0.0833598761,0.0938493523,0.1772092284
0.5000000000,0.0826210554,0.0945884789,0.1772095342
0.5001666667,0.0820951549,0.0951144584,0.1772096133
0.5003333333,0.0817834489,0.0954260212,0.1772094700
0.5005000000,0.0816836605,0.0955254520,0.1772091125
0.5006666667,0.0817900921,0.0954184602,0.1772085523
0.5008333333,0.0820938120,0.0951139927,0.1772078047
0.5010000000,0.0825828933,0.0946239942,0.1772068874
0.5011666667,0.0832427008,0.0939631203,0.1772058210
0.5013333333,0.0840562179,0.0931484103,0.1772046282
0.5015000000,0.0850044079,0.0921989252,0.1772033332
0.5016666667,0.0860666009,0.0911353604,0.1772019613
0.5018333333,0.0872208997,0.0899796391,0.1772005388
0.5020000000,0.0884445958,0.0887544959,0.1771990917
0.5021666667,0.0897145874,0.0874830584,0.1771976459
0.5023333333,0.0910077914,0.0861884349,0.1771962263
0.5025000000,0.0923015415,0.0848933151,0.1771948565
0.5026666667,0.0935739661,0.0836195926,0.1771935586
0.5028333333,0.0948043381,0.0823880142,0.1771923523
0.5030000000,0.0959733917,0.0812178634,0.1771912551
0.5031666667,0.0970636005,0.0801266812,0.1771902817
0.5033333333,0.0980594138,0.0791300302,0.1771894440
0.5035000000,0.0989474473,0.0782413038,0.1771887511
0.5036666667,0.0997166261,0.0774715827,0.1771882089
0.5038333333,0.1003582806,0.0768295397,0.1771878203
0.5040000000,0.1008661927,0.0763213925,0.1771875853
0.5041666667,0.1012365968,0.0759509042,0.1771875010
0.5043333333,0.1014681345,0.0757194277,0.1771875622
0.5045000000,0.1015617681,0.0756259927,0.1771877608
0.5046666667,0.1015206556,0.0756674313,0.1771880869
0.5048333333,0.1013499919,0.0758385369,0.1771885288
0.5050000000,0.1010568205,0.0761322526,0.1771890731
0.5051666667,0.1006498211,0.0765398843,0.1771897054
0.5053333333,0.1001390793,0.0770513310,0.1771904103
0.5055000000,0.0995358421,0.0776553300,0.1771911721
0.5056666667,0.0988522670,0.0783397080,0.1771919749
0.5058333333,0.0981011671,0.0790916358,0.1771928030
0.5060000000,0.0972957610,0.0798978800,0.1771936410
0.5061666667,0.0964494278,0.0807450466,0.1771944744
0.5063333333,0.0955754754,0.0816198143,0.1771952897
0.5065000000,0.0946869231,0.0825091513,0.1771960743
0.5066666667,0.0937963026,0.0834005146,0.1771968172
0.5068333333,0.0929154807,0.0842820279,0.1771975086
0.5070000000,0.0920555033,0.0851426371,0.1771981404
0.5071666667,0.0912264650,0.0859722408,0.1771987058
0.5073333333,0.0904374027,0.0867617972,0.1771991998
0.5075000000,0.0896962140,0.0875034050,0.1771996190
0.5076666667,0.0890096009,0.0881903603,0.1771999611
0.5078333333,0.0883830367,0.0888171890,0.1772002257
0.5080000000,0.0878207562,0.0893796572,0.1772004134
0.5081666667,0.0873257659,0.0898747602,0.1772005261
0.5083333333,0.0868998748,0.0903006920,0.1772005668
0.5085000000,0.0865437418,0.0906567976,0.1772005394
0.5086666667,0.0862569386,0.0909435101,0.1772004487
0.5088333333,0.0860380256,0.0911622747,0.1772003002
0.5090000000,0.0858846384,0.0913154614,0.1772000998
0.5091666667,0.0857935839,0.0914062701,0.1771998540
0.5093333333,0.0857609419,0.0914386275,0.1771995694
0.5095000000,0.0857821719,0.0914170809,0.1771992528
0.5096666667,0.0858522225,0.0913466887,0.1771989112
0.5098333333,0.0859656420,0.0912329094,0.1771985514
0.5100000000,0.0861166877,0.0910814925,0.1771981802
0.5101666667,0.0862994335,0.0908983706,0.1771978041
0.5103333333,0.0865078740,0.0906895553,0.1771974293
0.5105000000,0.0867360237,0.0904610379,0.1771970616
0.5106666667,0.0869780108,0.0902186957,0.1771967066
0.5108333333,0.0872281640,0.0899682050,0.1771963690
0.5110000000,0.0874810919,0.0897149617,0.1771960535
0.5111666667,0.0877317538,0.0894640101,0.1771957639
0.5113333333,0.0879755228,0.0892199807,0.1771955035
0.5115000000,0.0882082379,0.0889870371,0.1771952750
0.5116666667,0.0884262476,0.0887688330,0.1771950805
0.5118333333,0.0886264427,0.0885684788,0.1771949214
0.5120000000,0.0888062793,0.0883885192,0.1771947985
0.5121666667,0.0889637909,0.0882309210,0.1771947119
0.5123333333,0.0890975909,0.0880970702,0.1771946611
0.5125000000,0.0892068640,0.0879877810,0.1771946450
0.5126666667,0.0892913489,0.0879033130,0.1771946618
0.5128333333,0.0893513110,0.0878433985,0.1771947095
0.5130000000,0.0893875066,0.0878072785,0.1771947851
0.5131666667,0.0894011394,0.0877937462,0.1771948856
0.5133333333,0.0893938099,0.0878011975,0.1771950074
0.5135000000,0.0893674591,0.0878276875,0.1771951466
0.5136666667,0.0893243075,0.0878709918,0.1771952994
0.5138333333,0.0892667907,0.0879286707,0.1771954614
0.5140000000,0.0891974932,0.0879981354,0.1771956286
0.5141666667,0.0891190818,0.0880767150,0.1771957968
0.5143333333,0.0890342396,0.0881617224,0.1771959621
0.5145000000,0.0889456030,0.0882505176,0.1771961206
0.5146666667,0.0888557018,0.0883405673,0.1771962690
0.5148333333,0.0887669047,0.0884294996,0.1771964043
0.5150000000,0.0886813715,0.0885151524,0.1771965239
0.5151666667,0.0886010115,0.0885956142,0.1771966257
0.5153333333,0.0885274506,0.0886692576,0.1771967082
0.5155000000,0.0884620072,0.0887347633,0.1771967705
0.5156666667,0.0884056765,0.0887911356,0.1771968121
0.5158333333,0.0883591241,0.0888377091,0.1771968332
0.5160000000,0.0883226886,0.0888741458,0.1771968344
0.5161666667,0.0882963928,0.0889004242,0.1771968171
0.5163333333,0.0882799626,0.0889168202,0.1771967828
0.5165000000,0.0882728528,0.0889238807,0.1771967335
0.5166666667,0.0882742799,0.0889223917,0.1771966716
0.5168333333,0.0882832586,0.0889133410,0.1771965996
0.5170000000,0.0882986428,0.0888978775,0.1771965203
0.5171666667,0.0883191685,0.0888772678,0.1771964363
0.5173333333,0.0883434978,0.0888528526,0.1771963505
0.5175000000,0.0883702626,0.0888260028,0.1771962654
0.5176666667,0.0883981059,0.0887980775,0.1771961835
0.5178333333,0.0884257213,0.0887703856,0.1771961069
0.5180000000,0.0884518874,0.0887441501,0.1771960376
0.5181666667,0.0884754983,0.0887204787,0.1771959770
0.5183333333,0.0884955877,0.0887003387,0.1771959264
0.5185000000,0.0885113477,0.0886845389,0.1771958865
0.5186666667,0.0885221404,0.0886737172,0.1771958577
0.5188333333,0.0885275045,0.0886683354,0.1771958399
0.5190000000,0.0885271536,0.0886686790,0.1771958327
0.5191666667,0.0885209711,0.0886748642,0.1771958353
0.5193333333,0.0885089974,0.0886868494,0.1771958468
0.5195000000,0.0884914142,0.0887044517,0.1771958659
0.5196666667,0.0884685241,0.0887273671,0.1771958911
0.5198333333,0.0884407273,0.0887551936,0.1771959209
0.5200000000,0.0884084970,0.0887874566,0.1771959536
0.5201666667,0.0883723526,0.0888236349,0.1771959875
0.5203333333,0.0883328344,0.0888631868,0.1771960212
0.5205000000,0.0882904780,0.0889055751,0.1771960531
0.5206666667,0.0882457906,0.0889502912,0.1771960819
0.5208333333,0.0881992310,0.0889968755,0.1771961065
0.5210000000,0.0881511906,0.0890449354,0.1771961260
0.5211666667,0.0881019801,0.0890941596,0.1771961397
0.5213333333,0.0880518185,0.0891443288,0.1771961473
0.5215000000,0.0880008273,0.0891953213,0.1771961486
0.5216666667,0.0879490279,0.0892471159,0.1771961438
0.5218333333,0.0878963434,0.0892997897,0.1771961331
0.5220000000,0.0878426042,0.0893535129,0.1771961172
0.5221666667,0.0877875566,0.0894085401,0.1771960967
0.5223333333,0.0877308743,0.0894651982,0.1771960725
0.5225000000,0.0876721725,0.0895238731,0.1771960456
0.5226666667,0.0876110231,0.0895849940,0.1771960171
0.5228333333,0.0875469716,0.0896490163,0.1771959879
0.5230000000,0.0874795541,0.0897164052,0.1771959593
0.5231666667,0.0874083138,0.0897876183,0.1771959321
0.5233333333,0.0873328175,0.0898630898,0.1771959073
0.5235000000,0.0872526704,0.0899432153,0.1771958857
0.5236666667,0.0871675289,0.0900283392,0.1771958681
0.5238333333,0.0870771119,0.0901187431,0.1771958549
0.5240000000,0.0869812095,0.0902146371,0.1771958466
0.5241666667,0.0868796891,0.0903161542,0.1771958434
0.5243333333,0.0867724994,0.0904233459,0.1771958453
0.5245000000,0.0866596707,0.0905361816,0.1771958523
0.5246666667,0.0865413144,0.0906545497,0.1771958641
0.5248333333,0.0864176183,0.0907782621,0.1771958803
0.5250000000,0.0862888415,0.0909070591,0.1771959005
0.5251666667,0.0861553064,0.0910406178,0.1771959242
0.5253333333,0.0860173894,0.0911785611,0.1771959505
0.5255000000,0.0858755109,0.0913204680,0.1771959789
0.5256666667,0.0857301238,0.0914658848,0.1771960086
0.5258333333,0.0855817020,0.0916143369,0.1771960389
0.5260000000,0.0854307286,0.0917653405,0.1771960690
0.5261666667,0.0852776840,0.0919184143,0.1771960983
0.5263333333,0.0851230351,0.0920730909,0.1771961260
0.5265000000,0.0849672242,0.0922289274,0.1771961516
0.5266666667,0.0848106592,0.0923855153,0.1771961745
0.5268333333,0.0846537051,0.0925424890,0.1771961941
0.5270000000,0.0844966762,0.0926995340,0.1771962102
0.5271666667,0.0843398295,0.0928563929,0.1771962224
0.5273333333,0.0841833593,0.0930128712,0.1771962304
0.5275000000,0.0840273935,0.0931688406,0.1771962341
0.5276666667,0.0838719907,0.0933242427,0.1771962334
0.5278333333,0.0837171389,0.0934790893,0.1771962282
0.5280000000,0.0835627551,0.0936334635,0.1771962186
0.5281666667,0.0834086870,0.0937875179,0.1771962049
0.5283333333,0.0832547150,0.0939414722,0.1771961872
0.5285000000,0.0831005564,0.0940956094,0.1771961658
0.5286666667,0.0829458708,0.0942502705,0.1771961413
0.5288333333,0.0827902666,0.0944058475,0.1771961141
0.5290000000,0.0826333094,0.0945627754,0.1771960848
0.5291666667,0.0824745325,0.0947215217,0.1771960542
0.5293333333,0.0823134483,0.0948825749,0.1771960232
0.5295000000,0.0821495621,0.0950464306,0.1771959927
0.5296666667,0.0819823879,0.0952135759,0.1771959638
0.5298333333,0.0818114661,0.0953844717,0.1771959378
0.5300000000,0.0816363836,0.0955595325,0.1771959161
0.5301666667,0.0814567957,0.0957391044,0.1771959001
0.5303333333,0.0812724503,0.0959234413,0.1771958915
0.5305000000,0.0810832140,0.0961126781,0.1771958922
0.5306666667,0.0808891004,0.0963068034,0.1771959038
0.5308333333,0.0806902994,0.0965056290,0.1771959284
0.5310000000,0.0804872084,0.0967087595,0.1771959679
0.5311666667,0.0802804639,0.0969155605,0.1771960244
0.5313333333,0.0800709739,0.0971251260,0.1771960999
0.5315000000,0.0798599499,0.0973362463,0.1771961963
0.5316666667,0.0796489379,0.0975473775,0.1771963154
0.5318333333,0.0794398480,0.0977566111,0.1771964591
0.5320000000,0.0792349817,0.0979616470,0.1771966287
0.5321666667,0.0790370557,0.0981597699,0.1771968256
0.5323333333,0.0788492218,0.0983478289,0.1771970506
0.5325000000,0.0786750817,0.0985222227,0.1771973044
0.5326666667,0.0785186961,0.0986788909,0.1771975871
0.5328333333,0.0783845865,0.0988133117,0.1771978982
0.5330000000,0.0782777300,0.0989205071,0.1771982371
0.5331666667,0.0782035452,0.0989950570,0.1771986022
0.5333333333,0.0781678698,0.0990311217,0.1771989915
0.5335000000,0.0781769277,0.0990224747,0.1771994024
0.5336666667,0.0782372867,0.0989625448,0.1771998316
0.5338333333,0.0783558059,0.0988444692,0.1772002751
0.5340000000,0.0785395722,0.0986611562,0.1772007283
0.5341666667,0.0787958269,0.0984053592,0.1772011861
0.5343333333,0.0791318825,0.0980697600,0.1772016425
0.5345000000,0.0795550288,0.0976470624,0.1772020912
0.5346666667,0.0800724313,0.0971300940,0.1772025253
0.5348333333,0.0806910208,0.0965119166,0.1772029374
0.5350000000,0.0814173763,0.0957859436,0.1772033200
0.5351666667,0.0822576019,0.0949460629,0.1772036649
0.5353333333,0.0832172000,0.0939867640,0.1772039641
0.5355000000,0.0843009415,0.0929032679,0.1772042094
0.5356666667,0.0855127353,0.0916916575,0.1772043927
0.5358333333,0.0868554993,0.0903490069,0.1772045063
0.5360000000,0.0883310346,0.0888735077,0.1772045424
0.5361666667,0.0899399048,0.0872645892,0.1772044940
0.5363333333,0.0916813233,0.0855230315,0.1772043547
0.5365000000,0.0935530502,0.0836510687,0.1772041189
0.5366666667,0.0955513019,0.0816524797,0.1772037816
0.5368333333,0.0976706743,0.0795326648,0.1772033391
0.5370000000,0.0999040828,0.0772987060,0.1772027888
0.5371666667,0.1022427203,0.0749594091,0.1772021294
0.5373333333,0.1046760357,0.0725253251,0.1772013608
0.5375000000,0.1071917337,0.0700087507,0.1772004844
0.5376666667,0.1097757981,0.0674237051,0.1771995032
0.5378333333,0.1124125390,0.0647858827,0.1771984217
0.5380000000,0.1150846643,0.0621125816,0.1771972460
0.5381666667,0.1177733778,0.0594226059,0.1771959836
0.5383333333,0.1204585008,0.0567361432,0.1771946440
0.5385000000,0.1231186206,0.0540746171,0.1771932377
0.5386666667,0.1257312615,0.0514605156,0.1771917771
0.5388333333,0.1282730802,0.0489171954,0.1771902756
0.5390000000,0.1307200816,0.0464686663,0.1771887479
0.5391666667,0.1330478555,0.0441393545,0.1771872100
0.5393333333,0.1352318289,0.0419538498,0.1771856786
0.5395000000,0.1372475341,0.0399366371,0.1771841712
0.5396666667,0.1390708877,0.0381118179,0.1771827056
0.5398333333,0.1406784777,0.0365028226,0.1771813003
0.5400000000,0.1420478548,0.0351321185,0.1771799734
0.5401666667,0.1431578248,0.0340209182,0.1771787430
0.5403333333,0.1439887368,0.0331888899,0.1771776267
0.5405000000,0.1445227643,0.0326538772,0.1771766414
0.5406666667,0.1447441742,0.0324316288,0.1771758029
0.5408333333,0.1446395800,0.0325355458,0.1771751259
0.5410000000,0.1441981748,0.0329764485,0.1771746233
0.5411666667,0.1434119400,0.0337623666,0.1771743066
0.5413333333,0.1422758269,0.0348983582,0.1771741851
0.5415000000,0.1407879066,0.0363863596,0.1771742661
0.5416666667,0.1389494857,0.0382250690,0.1771745547
0.5418333333,0.1367651856,0.0404098676,0.1771750532
0.5420000000,0.1342429822,0.0429327794,0.1771757616
0.5421666667,0.1313942052,0.0457824721,0.1771766773
0.5423333333,0.1282334954,0.0489442996,0.1771777950
0.5425000000,0.1247787199,0.0524003868,0.1771791067
0.5426666667,0.1210508450,0.0561297569,0.1771806019
0.5428333333,0.1170737678,0.0601084998,0.1771822675
0.5430000000,0.1128741075,0.0643099807,0.1771840882
0.5431666667,0.1084809594,0.0687050869,0.1771860463
0.5433333333,0.1039256130,0.0732625090,0.1771881221
0.5435000000,0.0992412389,0.0779490554,0.1771902943
0.5436666667,0.0944625463,0.0827299937,0.1771925400
0.5438333333,0.0896254186,0.0875694165,0.1771948351
0.5440000000,0.0847665284,0.0924306264,0.1771971548
0.5441666667,0.0799229395,0.0972765341,0.1771994736
0.5443333333,0.0751317007,0.1020700651,0.1772017658
0.5445000000,0.0704294367,0.1067745693,0.1772040061
0.5446666667,0.0658519427,0.1113542269,0.1772061696
0.5448333333,0.0614337874,0.1157744451,0.1772082325
0.5450000000,0.0572079322,0.1200022400,0.1772101722
0.5451666667,0.0532053698,0.1240065979,0.1772119676
0.5453333333,0.0494547891,0.1277588108,0.1772135998
0.5455000000,0.0459822717,0.1312327803,0.1772150520
0.5456666667,0.0428110232,0.1344052865,0.1772163097
0.5458333333,0.0399611438,0.1372562176,0.1772173614
0.5460000000,0.0374494424,0.1397687557,0.1772181982
0.5461666667,0.0352892960,0.1419295182,0.1772188142
0.5463333333,0.0334905555,0.1437286512,0.1772192067
0.5465000000,0.0320595016,0.1451598743,0.1772193759
0.5466666667,0.0309988477,0.1462204773,0.1772193250
0.5468333333,0.0303077923,0.1469112680,0.1772190602
0.5470000000,0.0299821166,0.1472364739,0.1772185905
0.5471666667,0.0300143283,0.1472035991,0.1772179274
0.5473333333,0.0303938448,0.1468232399,0.1772170847
0.5475000000,0.0311072159,0.1461088626,0.1772160785
0.5476666667,0.0321383779,0.1450765487,0.1772149265
0.5478333333,0.0334689374,0.1437447105,0.1772136479
0.5480000000,0.0350784773,0.1421337857,0.1772122629
0.5481666667,0.0369448793,0.1402659132,0.1772107925
0.5483333333,0.0390446583,0.1381645994,0.1772092577
0.5485000000,0.0413533011,0.1358543789,0.1772076799
0.5486666667,0.0438456035,0.1333604761,0.1772060796
0.5488333333,0.0464960012,0.1307084756,0.1772044768
0.5490000000,0.0492788868,0.1279240034,0.1772028902
0.5491666667,0.0521689091,0.1250324280,0.1772013371
0.5493333333,0.0551412497,0.1220585834,0.1771998332
0.5495000000,0.0581718727,0.1190265194,0.1771983920
0.5496666667,0.0612377437,0.1159592818,0.1771970255
0.5498333333,0.0643170164,0.1128787265,0.1771957429
0.5500000000,0.0673891846,0.1098053671,0.1771945517
0.5501666667,0.0704351981,0.1067582586,0.1771934567
0.5503333333,0.0734375440,0.1037549170,0.1771924610
0.5505000000,0.0763802923,0.1008112730,0.1771915653
0.5506666667,0.0792491094,0.0979416591,0.1771907685
0.5508333333,0.0820312404,0.0951588273,0.1771900677
0.5510000000,0.0847154643,0.0924739944,0.1771894586
0.5511666667,0.0872920244,0.0898969113,0.1771889357
0.5513333333,0.0897525407,0.0874359516,0.1771884923
0.5515000000,0.0920899051,0.0850982163,0.1771881214
0.5516666667,0.0942981674,0.0828896479,0.1771878153
0.5518333333,0.0963724153,0.0808151511,0.1771875665
0.5520000000,0.0983086524,0.0788787150,0.1771873675
0.5521666667,0.1001036807,0.0770835306,0.1771872113
0.5523333333,0.1017549898,0.0754321021,0.1771870919
0.5525000000,0.1032606575,0.0739263463,0.1771870037
0.5526666667,0.1046192647,0.0725676779,0.1771869426
0.5528333333,0.1058298271,0.0713570783,0.1771869053
0.5530000000,0.1068917448,0.0702951453,0.1771868901
0.5531666667,0.1078047719,0.0693821242,0.1771868961
0.5533333333,0.1085690054,0.0686179184,0.1771869238
0.5535000000,0.1091848933,0.0680020817,0.1771869750
0.5536666667,0.1096532599,0.0675337924,0.1771870522
0.5538333333,0.1099753471,0.0672118117,0.1771871588
0.5540000000,0.1101528686,0.0670344303,0.1771872989
0.5541666667,0.1101880735,0.0669994032,0.1771874767
0.5543333333,0.1100838165,0.0671038804,0.1771876969
0.5545000000,0.1098436293,0.0673443345,0.1771879639
0.5546666667,0.1094717917,0.0677164900,0.1771882816
0.5548333333,0.1089733947,0.0682152589,0.1771886536
0.5550000000,0.1083543955,0.0688346869,0.1771890824
0.5551666667,0.1076216575,0.0695679120,0.1771895694
0.5553333333,0.1067829735,0.0704071414,0.1771901150
0.5555000000,0.1058470699,0.0713436479,0.1771907179
0.5556666667,0.1048235875,0.0723677879,0.1771913755
0.5558333333,0.1037230400,0.0734690437,0.1771920837
0.5560000000,0.1025567469,0.0746360899,0.1771928368
0.5561666667,0.1013367435,0.0758568841,0.1771936276
0.5563333333,0.1000756663,0.0771187813,0.1771944477
0.5565000000,0.0987866168,0.0784086704,0.1771952872
0.5566666667,0.0974830060,0.0797131295,0.1771961354
0.5568333333,0.0961783827,0.0810185981,0.1771969808
0.5570000000,0.0948862482,0.0823115630,0.1771978111
0.5571666667,0.0936198632,0.0835787509,0.1771986141
0.5573333333,0.0923920504,0.0848073269,0.1771993773
0.5575000000,0.0912149973,0.0859850915,0.1772000888
0.5576666667,0.0901000653,0.0871006720,0.1772007373
0.5578333333,0.0890576086,0.0881437037,0.1772013123
0.5580000000,0.0880968088,0.0891049959,0.1772018046
0.5581666667,0.0872255283,0.0899766784,0.1772022066
0.5583333333,0.0864501873,0.0907523250,0.1772025123
0.5585000000,0.0857756673,0.0914270500,0.1772027173
0.5586666667,0.0852052439,0.0919975755,0.1772028194
0.5588333333,0.0847405505,0.0924622679,0.1772028184
0.5590000000,0.0843815748,0.0928211413,0.1772027161
0.5591666667,0.0841266868,0.0930758294,0.1772025162
0.5593333333,0.0839727000,0.0932295244,0.1772022245
0.5595000000,0.0839149621,0.0932868863,0.1772018484
0.5596666667,0.0839474742,0.0932539229,0.1772013971
0.5598333333,0.0840630365,0.0931378445,0.1772008810
0.5600000000,0.0842534143,0.0929468974,0.1772003117
0.5601666667,0.0845095235,0.0926901781,0.1771997016
0.5603333333,0.0848216288,0.0923774350,0.1771990637
0.5605000000,0.0851795504,0.0920188608,0.1771984113
0.5606666667,0.0855728757,0.0916248817,0.1771977574
0.5608333333,0.0859911683,0.0912059466,0.1771971149
0.5610000000,0.0864241728,0.0907723231,0.1771964959
0.5611666667,0.0868620081,0.0903339036,0.1771959117
0.5613333333,0.0872953462,0.0899000260,0.1771953722
0.5615000000,0.0877155735,0.0894793128,0.1771948863
0.5616666667,0.0881149294,0.0890795317,0.1771944611
0.5618333333,0.0884866213,0.0887074808,0.1771941022
0.5620000000,0.0888249142,0.0883688992,0.1771938134
0.5621666667,0.0891251920,0.0880684049,0.1771935969
0.5623333333,0.0893839918,0.0878094613,0.1771934531
0.5625000000,0.0895990111,0.0875943697,0.1771933809
0.5626666667,0.0897690875,0.0874242897,0.1771933772
0.5628333333,0.0898941545,0.0872992835,0.1771934380
0.5630000000,0.0899751740,0.0872183837,0.1771935578
0.5631666667,0.0900140485,0.0871796814,0.1771937298
0.5633333333,0.0900135164,0.0871804304,0.1771939468
0.5635000000,0.0899770335,0.0872171671,0.1771942007
0.5636666667,0.0899086440,0.0872858388,0.1771944828
0.5638333333,0.0898128447,0.0873819399,0.1771947846
0.5640000000,0.0896944472,0.0875006502,0.1771950974
0.5641666667,0.0895584391,0.0876369737,0.1771954128
0.5643333333,0.0894098510,0.0877858718,0.1771957228
0.5645000000,0.0892536293,0.0879423910,0.1771960203
0.5646666667,0.0890945194,0.0881017791,0.1771962985
0.5648333333,0.0889369616,0.0882595903,0.1771965519
0.5650000000,0.0887850009,0.0884117749,0.1771967758
0.5651666667,0.0886422126,0.0885547540,0.1771969666
0.5653333333,0.0885116450,0.0886854769,0.1771971219
0.5655000000,0.0883957793,0.0888014608,0.1771972401
0.5656666667,0.0882965069,0.0889008142,0.1771973210
0.5658333333,0.0882151236,0.0889822417,0.1771973653
0.5660000000,0.0881523403,0.0890450341,0.1771973744
0.5661666667,0.0881083077,0.0890890432,0.1771973508
0.5663333333,0.0880826554,0.0891146423,0.1771972978
0.5665000000,0.0880745418,0.0891226771,0.1771972189
0.5666666667,0.0880827132,0.0891144052,0.1771971184
0.5668333333,0.0881055713,0.0890914295,0.1771970008
0.5670000000,0.0881412441,0.0890556267,0.1771968708
0.5671666667,0.0881876608,0.0890090723,0.1771967331
0.5673333333,0.0882426265,0.0889539656,0.1771965922
0.5675000000,0.0883038955,0.0888925570,0.1771964525
0.5676666667,0.0883692410,0.0888270771,0.1771963181
0.5678333333,0.0884365192,0.0887596732,0.1771961925
0.5680000000,0.0885037273,0.0886923516,0.1771960789
0.5681666667,0.0885690522,0.0886269275,0.1771959797
0.5683333333,0.0886309118,0.0885649852,0.1771958970
0.5685000000,0.0886879856,0.0885078465,0.1771958321
0.5686666667,0.0887392354,0.0884565502,0.1771957855
0.5688333333,0.0887839171,0.0884118405,0.1771957576
0.5690000000,0.0888215820,0.0883741656,0.1771957476
0.5691666667,0.0888520694,0.0883436854,0.1771957548
0.5693333333,0.0888754909,0.0883202867,0.1771957776
0.5695000000,0.0888922080,0.0883036062,0.1771958143
0.5696666667,0.0889028027,0.0882930599,0.1771958626
0.5698333333,0.0889080440,0.0882878764,0.1771959204
0.5700000000,0.0889088510,0.0882871340,0.1771959850
0.5701666667,0.0889062538,0.0882898004,0.1771960542
0.5703333333,0.0889013533,0.0882947720,0.1771961253
0.5705000000,0.0888952828,0.0883009133,0.1771961960
0.5706666667,0.0888891701,0.0883070942,0.1771962643
0.5708333333,0.0888841038,0.0883122244,0.1771963282
0.5710000000,0.0888811023,0.0883152837,0.1771963860
0.5711666667,0.0888810888,0.0883153478,0.1771964366
0.5713333333,0.0888848699,0.0883116089,0.1771964789
0.5715000000,0.0888931213,0.0883033910,0.1771965123
0.5716666667,0.0889063779,0.0882901588,0.1771965367
0.5718333333,0.0889250301,0.0882715221,0.1771965521
0.5720000000,0.0889493254,0.0882472336,0.1771965590
0.5721666667,0.0889793752,0.0882171828,0.1771965580
0.5723333333,0.0890151647,0.0881813853,0.1771965500
0.5725000000,0.0890565682,0.0881399679,0.1771965361
0.5726666667,0.0891033658,0.0880931518,0.1771965175
0.5728333333,0.0891552628,0.0880412327,0.1771964955
0.5730000000,0.0892119105,0.0879845609,0.1771964715
0.5731666667,0.0892729263,0.0879235203,0.1771964466
0.5733333333,0.0893379142,0.0878585079,0.1771964220
0.5735000000,0.0894064837,0.0877899152,0.1771963989
0.5736666667,0.0894782669,0.0877181113,0.1771963782
0.5738333333,0.0895529329,0.0876434276,0.1771963605
0.5740000000,0.0896301997,0.0875661467,0.1771963464
0.5741666667,0.0897098428,0.0874864935,0.1771963363
0.5743333333,0.0897917005,0.0874046298,0.1771963302
0.5745000000,0.0898756762,0.0873206521,0.1771963283
0.5746666667,0.0899617376,0.0872345925,0.1771963301
0.5748333333,0.0900499131,0.0871464222,0.1771963353
0.5750000000,0.0901402857,0.0870560578,0.1771963435
0.5751666667,0.0902329849,0.0869633691,0.1771963540
0.5753333333,0.0903281775,0.0868681887,0.1771963662
0.5755000000,0.0904260574,0.0867703220,0.1771963794
0.5756666667,0.0905268344,0.0866695586,0.1771963930
0.5758333333,0.0906307244,0.0865656819,0.1771964063
0.5760000000,0.0907379391,0.0864584796,0.1771964188
0.5761666667,0.0908486779,0.0863477522,0.1771964300
0.5763333333,0.0909631200,0.0862333197,0.1771964397
0.5765000000,0.0910814199,0.0861150277,0.1771964476
0.5766666667,0.0912037032,0.0859927504,0.1771964535
0.5768333333,0.0913300654,0.0858663922,0.1771964577
0.5770000000,0.0914605728,0.0857358872,0.1771964600
0.5771666667,0.0915952641,0.0856011968,0.1771964610
0.5773333333,0.0917341549,0.0854623059,0.1771964608
0.5775000000,0.0918772424,0.0853192173,0.1771964598
0.5776666667,0.0920245122,0.0851719463,0.1771964585
0.5778333333,0.0921759439,0.0850205134,0.1771964573
0.5780000000,0.0923315187,0.0848649378,0.1771964565
0.5781666667,0.0924912248,0.0847052317,0.1771964565
0.5783333333,0.0926550630,0.0845413945,0.1771964576
0.5785000000,0.0928230506,0.0843734092,0.1771964598
0.5786666667,0.0929952231,0.0842012401,0.1771964632
0.5788333333,0.0931716348,0.0840248328,0.1771964676
0.5790000000,0.0933523561,0.0838441167,0.1771964728
0.5791666667,0.0935374685,0.0836590096,0.1771964782
0.5793333333,0.0937270573,0.0834694259,0.1771964832
0.5795000000,0.0939212007,0.0832752863,0.1771964870
0.5796666667,0.0941199571,0.0830765314,0.1771964885
0.5798333333,0.0943233493,0.0828731375,0.1771964867
0.5800000000,0.0945313461,0.0826651342,0.1771964804
0.5801666667,0.0947438427,0.0824526252,0.1771964680
0.5803333333,0.0949606382,0.0822358100,0.1771964482
0.5805000000,0.0951814123,0.0820150071,0.1771964194
0.5806666667,0.0954057011,0.0817906789,0.1771963800
0.5808333333,0.0956328723,0.0815634563,0.1771963286
0.5810000000,0.0958621002,0.0813341634,0.1771962636
0.5811666667,0.0960923413,0.0811038422,0.1771961835
0.5813333333,0.0963223111,0.0808737759,0.1771960869
0.5815000000,0.0965504623,0.0806455104,0.1771959727
0.5816666667,0.0967749651,0.0804208746,0.1771958397
0.5818333333,0.0969936899,0.0802019972,0.1771956871
0.5820000000,0.0972041932,0.0799913209,0.1771955141
0.5821666667,0.0974037072,0.0797916132,0.1771953205
0.5823333333,0.0975891333,0.0796059727,0.1771951060
0.5825000000,0.0977570396,0.0794378312,0.1771948708
0.5826666667,0.0979036641,0.0792909513,0.1771946154
0.5828333333,0.0980249225,0.0791694182,0.1771943407
0.5830000000,0.0981164221,0.0790776258,0.1771940479
0.5831666667,0.0981734808,0.0790202577,0.1771937386
0.5833333333,0.0981911537,0.0790022610,0.1771934147
0.5835000000,0.0981642645,0.0790288144,0.1771930789
0.5836666667,0.0980874446,0.0791052892,0.1771927337
0.5838333333,0.0979551785,0.0792372042,0.1771923826
0.5840000000,0.0977618558,0.0794301734,0.1771920292
0.5841666667,0.0975018300,0.0796898476,0.1771916775
0.5843333333,0.0971694834,0.0800218487,0.1771913321
0.5845000000,0.0967592983,0.0804316993,0.1771909976
0.5846666667,0.0962659340,0.0809247454,0.1771906794
0.5848333333,0.0956843085,0.0815060741,0.1771903826
0.5850000000,0.0950096853,0.0821804278,0.1771901131
0.5851666667,0.0942377633,0.0829521133,0.1771898765
0.5853333333,0.0933647696,0.0838249093,0.1771896789
0.5855000000,0.0923875542,0.0848019719,0.1771895261
0.5856666667,0.0913036844,0.0858857397,0.1771894241
0.5858333333,0.0901115389,0.0870778396,0.1771893785
0.5860000000,0.0888103996,0.0883789953,0.1771893949
0.5861666667,0.0874005385,0.0897889398,0.1771894783
0.5863333333,0.0858833003,0.0913063333,0.1771896336
0.5865000000,0.0842611772,0.0929286875,0.1771898647
0.5866666667,0.0825378750,0.0946523003,0.1771901753
0.5868333333,0.0807183685,0.0964721996,0.1771905681
0.5870000000,0.0788089453,0.0983820995,0.1771910448
0.5871666667,0.0768172358,0.1003743708,0.1771916066
0.5873333333,0.0747522279,0.1024400254,0.1771922533
0.5875000000,0.0726242657,0.1045687180,0.1771929836
0.5876666667,0.0704450306,0.1067487648,0.1771937954
0.5878333333,0.0682275045,0.1089671807,0.1771946851
0.5880000000,0.0659859132,0.1112097349,0.1771956480
0.5881666667,0.0637356513,0.1134610269,0.1771966782
0.5883333333,0.0614931868,0.1157045817,0.1771977684
0.5885000000,0.0592759469,0.1179229636,0.1771989104
0.5886666667,0.0571021844,0.1200979103,0.1772000947
0.5888333333,0.0549908268,0.1222104839,0.1772013107
0.5890000000,0.0529613068,0.1242412401,0.1772025469
0.5891666667,0.0510333796,0.1261704114,0.1772037910
0.5893333333,0.0492269239,0.1279781059,0.1772050298
0.5895000000,0.0475617327,0.1296445168,0.1772062496
0.5896666667,0.0460572945,0.1311501417,0.1772074362
0.5898333333,0.0447325666,0.1324760086,0.1772085753
0.5900000000,0.0436057453,0.1336039070,0.1772096523
0.5901666667,0.0426940343,0.1345166186,0.1772106529
0.5903333333,0.0420134154,0.1351981477,0.1772115631
0.5905000000,0.0415784242,0.1356339451,0.1772123693
0.5906666667,0.0414019340,0.1358111247,0.1772130587
0.5908333333,0.0414949520,0.1357186675,0.1772136195
0.5910000000,0.0418664298,0.1353476113,0.1772140410
0.5911666667,0.0425230923,0.1346912215,0.1772143138
0.5913333333,0.0434692878,0.1337451421,0.1772144299
0.5915000000,0.0447068618,0.1325075213,0.1772143831
0.5916666667,0.0462350570,0.1309791120,0.1772141690
0.5918333333,0.0480504426,0.1291633424,0.1772137850
0.5920000000,0.0501468732,0.1270663574,0.1772132305
0.5921666667,0.0525154807,0.1246970265,0.1772125072
0.5923333333,0.0551446988,0.1220669198,0.1772116186
0.5925000000,0.0580203209,0.1191902495,0.1772105704
0.5926666667,0.0611255927,0.1160837780,0.1772093707
0.5928333333,0.0644413374,0.1127666917,0.1772080291
0.5930000000,0.0679461142,0.1092604435,0.1772065577
0.5931666667,0.0716164071,0.1055885629,0.1772049700
0.5933333333,0.0754268439,0.1017764375,0.1772032814
0.5935000000,0.0793504410,0.0978510678,0.1772015088
0.5936666667,0.0833588733,0.0938407970,0.1771996703
0.5938333333,0.0874227633,0.0897750219,0.1771977851
0.5940000000,0.0915119882,0.0856838850,0.1771958733
0.5941666667,0.0955959995,0.0815979558,0.1771939553
0.5943333333,0.0996441506,0.0775479013,0.1771920519
0.5945000000,0.1036260290,0.0735641549,0.1771901839
0.5946666667,0.1075117872,0.0696765844,0.1771883716
0.5948333333,0.1112724686,0.0659141663,0.1771866348
0.5950000000,0.1148803221,0.0623046703,0.1771849924
0.5951666667,0.1183091032,0.0588743586,0.1771834617
0.5953333333,0.1215343543,0.0556477048,0.1771820591
0.5955000000,0.1245336624,0.0526471365,0.1771807989
0.5956666667,0.1272868889,0.0498928047,0.1771796935
0.5958333333,0.1297763682,0.0474023851,0.1771787533
0.5960000000,0.1319870740,0.0451909125,0.1771779865
0.5961666667,0.1339067473,0.0432706513,0.1771773986
0.5963333333,0.1355259884,0.0416510045,0.1771769929
0.5965000000,0.1368383090,0.0403384614,0.1771767704
0.5966666667,0.1378401448,0.0393365845,0.1771767292
0.5968333333,0.1385308294,0.0386460360,0.1771768655
0.5970000000,0.1389125297,0.0382646430,0.1771771727
0.5971666667,0.1389901444,0.0381874980,0.1771776425
0.5973333333,0.1387711689,0.0384070954,0.1771782643
0.5975000000,0.1382655278,0.0389134982,0.1771790259
0.5976666667,0.1374853802,0.0396945335,0.1771799137
0.5978333333,0.1364449005,0.0407360121,0.1771809126
0.5980000000,0.1351600390,0.0420219677,0.1771820067
0.5981666667,0.1336482682,0.0435349112,0.1771831794
0.5983333333,0.1319283177,0.0452560962,0.1771844138
0.5985000000,0.1300199042,0.0471657888,0.1771856930
0.5986666667,0.1279434611,0.0492435392,0.1771870002
0.5988333333,0.1257198716,0.0514684478,0.1771883194
0.5990000000,0.1233702119,0.0538194233,0.1771896352
0.5991666667,0.1209155061,0.0562754273,0.1771909334
0.5993333333,0.1183764994,0.0588157016,0.1771922010
0.5995000000,0.1157734513,0.0614199754,0.1771934266
0.5996666667,0.1131259514,0.0640686489,0.1771946003
0.5998333333,0.1104527618,0.0667429520,0.1771957138
0.6000000000,0.1077716854,0.0694250752,0.1771967606
0.6001666667,0.1050994625,0.0720982737,0.1771977361
0.6003333333,0.1024516949,0.0747469423,0.1771986373
0.6005000000,0.0998427979,0.0773566647,0.1771994626
0.6006666667,0.0972859772,0.0799142351,0.1772002123
0.6008333333,0.0947932314,0.0824076565,0.1772008879
0.6010000000,0.0923753748,0.0848261172,0.1772014920
0.6011666667,0.0900420804,0.0871599478,0.1772020283
0.6013333333,0.0878019375,0.0894005637,0.1772025011
0.6015000000,0.0856625214,0.0915403940,0.1772029155
0.6016666667,0.0836304725,0.0935728041,0.1772032765
0.6018333333,0.0817115781,0.0954920115,0.1772035896
0.6020000000,0.0799108567,0.0972930029,0.1772038596
0.6021666667,0.0782326384,0.0989714529,0.1772040914
0.6023333333,0.0766806400,0.1005236490,0.1772042890
0.6025000000,0.0752580302,0.1019464257,0.1772044559
0.6026666667,0.0739674846,0.1032371101,0.1772045946
0.6028333333,0.0728112266,0.1043934803,0.1772047069
0.6030000000,0.0717910538,0.1054137396,0.1772047934
0.6031666667,0.0709083497,0.1062965042,0.1772048539
0.6033333333,0.0701640793,0.1070408079,0.1772048871
0.6035000000,0.0695587708,0.1076461204,0.1772048912
0.6036666667,0.0690924838,0.1081123795,0.1772048633
0.6038333333,0.0687647655,0.1084400347,0.1772048002
0.6040000000,0.0685745983,0.1086300998,0.1772046981
0.6041666667,0.0685203407,0.1086842124,0.1772045531
0.6043333333,0.0685996651,0.1086046963,0.1772043613
0.6045000000,0.0688094955,0.1083946236,0.1772041190
0.6046666667,0.0691459493,0.1080578738,0.1772038231
0.6048333333,0.0696042856,0.1075991852,0.1772034708
0.6050000000,0.0701788641,0.1070241963,0.1772030605
0.6051666667,0.0708631185,0.1063394729,0.1772025914
0.6053333333,0.0716495448,0.1055525193,0.1772020641
0.6055000000,0.0725297094,0.1046717708,0.1772014803
0.6056666667,0.0734942779,0.1037065652,0.1772008431
0.6058333333,0.0745330646,0.1026670925,0.1772001571
0.6060000000,0.0756351050,0.1015643231,0.1771994282
0.6061666667,0.0767887507,0.1004099128,0.1771986635
0.6063333333,0.0779817841,0.0992160875,0.1771978716
0.6065000000,0.0792015543,0.0979955077,0.1771970621
0.6066666667,0.0804351293,0.0967611160,0.1771962453
0.6068333333,0.0816694626,0.0955259698,0.1771954324
0.6070000000,0.0828915720,0.0943030631,0.1771946351
0.6071666667,0.0840887241,0.0931051410,0.1771938652
0.6073333333,0.0852486230,0.0919445113,0.1771931343
0.6075000000,0.0863595970,0.0908328568,0.1771924538
0.6076666667,0.0874107801,0.0897810544,0.1771918345
0.6078333333,0.0883922828,0.0887990033,0.1771912861
0.6080000000,0.0892953481,0.0878954692,0.1771908173
0.6081666667,0.0901124899,0.0870779455,0.1771904353
0.6083333333,0.0908376082,0.0863525377,0.1771901459
0.6085000000,0.0914660802,0.0857238728,0.1771899529
0.6086666667,0.0919948227,0.0851950359,0.1771898586
0.6088333333,0.0924223261,0.0847675368,0.1771898630
0.6090000000,0.0927486575,0.0844413070,0.1771899644
0.6091666667,0.0929754326,0.0842147267,0.1771901593
0.6093333333,0.0931057587,0.0840846835,0.1771904422
0.6095000000,0.0931441475,0.0840466584,0.1771908059
0.6096666667,0.0930964015,0.0840948404,0.1771912419
0.6098333333,0.0929694758,0.0842222642,0.1771917401
0.6100000000,0.0927713196,0.0844209698,0.1771922894
0.6101666667,0.0925106992,0.0846821789,0.1771928781
0.6103333333,0.0921970090,0.0849964848,0.1771934937
0.6105000000,0.0918400729,0.0853540506,0.1771941235
0.6106666667,0.0914499428,0.0857448121,0.1771947549
0.6108333333,0.0910366960,0.0861586796,0.1771953756
0.6110000000,0.0906102396,0.0865857342,0.1771959738
0.6111666667,0.0901801230,0.0870164157,0.1771965387
0.6113333333,0.0897553647,0.0874416957,0.1771970604
0.6115000000,0.0893442963,0.0878532343,0.1771975306
0.6116666667,0.0889544265,0.0882435156,0.1771979421
0.6118333333,0.0885923281,0.0886059613,0.1771982894
0.6120000000,0.0882635503,0.0889350184,0.1771985686
0.6121666667,0.0879725561,0.0892262214,0.1771987776
0.6123333333,0.0877226877,0.0894762280,0.1771989157
0.6125000000,0.0875161568,0.0896828272,0.1771989840
0.6126666667,0.0873540624,0.0898449228,0.1771989852
0.6128333333,0.0872364317,0.0899624916,0.1771989233
0.6130000000,0.0871622840,0.0900365194,0.1771988035
0.6131666667,0.0871297146,0.0900689174,0.1771986321
0.6133333333,0.0871359959,0.0900624205,0.1771984164
0.6135000000,0.0871776921,0.0900204721,0.1771981642
0.6136666667,0.0872507849,0.0899470989,0.1771978839
0.6138333333,0.0873508064,0.0898467775,0.1771975839
0.6140000000,0.0874729745,0.0897242984,0.1771972729
0.6141666667,0.0876123291,0.0895846300,0.1771969590
0.6143333333,0.0877638647,0.0894327856,0.1771966503
0.6145000000,0.0879226561,0.0892736979,0.1771963540
0.6146666667,0.0880839751,0.0891121015,0.1771960766
0.6148333333,0.0882433948,0.0889524291,0.1771958238
0.6150000000,0.0883968806,0.0887987198,0.1771956004
0.6151666667,0.0885408655,0.0886545446,0.1771954100
0.6153333333,0.0886723082,0.0885229470,0.1771952553
0.6155000000,0.0887887354,0.0884064021,0.1771951376
0.6156666667,0.0888882652,0.0883067922,0.1771950575
0.6158333333,0.0889696145,0.0882253998,0.1771950143
0.6160000000,0.0890320899,0.0881629167,0.1771950066
0.6161666667,0.0890755631,0.0881194688,0.1771950320
0.6163333333,0.0891004339,0.0880946534,0.1771950873
0.6165000000,0.0891075796,0.0880875892,0.1771951688
0.6166666667,0.0890982962,0.0880969762,0.1771952723
0.6168333333,0.0890742314,0.0881211619,0.1771953934
0.6170000000,0.0890373123,0.0881582149,0.1771955272
0.6171666667,0.0889896697,0.0882059993,0.1771956689
0.6173333333,0.0889335625,0.0882622515,0.1771958140
0.6175000000,0.0888713031,0.0883246549,0.1771959579
0.6176666667,0.0888051855,0.0883909110,0.1771960965
0.6178333333,0.0887374204,0.0884588058,0.1771962261
0.6180000000,0.0886700749,0.0885262687,0.1771963435
0.6181666667,0.0886050222,0.0885914239,0.1771964461
0.6183333333,0.0885438996,0.0886526322,0.1771965318
0.6185000000,0.0884880758,0.0887085235,0.1771965993
0.6186666667,0.0884386292,0.0887580187,0.1771966478
0.6188333333,0.0883963359,0.0888003414,0.1771966773
0.6190000000,0.0883616676,0.0888350205,0.1771966881
0.6191666667,0.0883347991,0.0888618822,0.1771966812
0.6193333333,0.0883156238,0.0888810345,0.1771966582
0.6195000000,0.0883037775,0.0888928435,0.1771966209
0.6196666667,0.0882986680,0.0888979035,0.1771965716
0.6198333333,0.0882995101,0.0888970024,0.1771965125
0.6200000000,0.0883053637,0.0888910826,0.1771964463
0.6201666667,0.0883151750,0.0888812006,0.1771963756
0.6203333333,0.0883278174,0.0888684855,0.1771963029
0.6205000000,0.0883421328,0.0888540979,0.1771962307
0.6206666667,0.0883569703,0.0888391909,0.1771961612
0.6208333333,0.0883712221,0.0888248743,0.1771960964
0.6210000000,0.0883838555,0.0888121825,0.1771960381
0.6211666667,0.0883939398,0.0888020477,0.1771959875
0.6213333333,0.0884006677,0.0887952780,0.1771959457
0.6215000000,0.0884033715,0.0887925417,0.1771959132
0.6216666667,0.0884015325,0.0887943579,0.1771958904
0.6218333333,0.0883947848,0.0888010922,0.1771958770
0.6220000000,0.0883829137,0.0888129589,0.1771958727
0.6221666667,0.0883658484,0.0888300283,0.1771958766
0.6223333333,0.0883436500,0.0888522379,0.1771958879
0.6225000000,0.0883164961,0.0888794092,0.1771959052
0.6226666667,0.0882846619,0.0889112655,0.1771959274
0.6228333333,0.0882484989,0.0889474540,0.1771959529
0.6230000000,0.0882084127,0.0889875678,0.1771959804
0.6231666667,0.0881648401,0.0890311684,0.1771960084
0.6233333333,0.0881182270,0.0890778087,0.1771960357
0.6235000000,0.0880690072,0.0891270538,0.1771960610
0.6236666667,0.0880175837,0.0891784997,0.1771960833
0.6238333333,0.0879643117,0.0892317901,0.1771961018
0.6240000000,0.0879094862,0.0892866297,0.1771961159
0.6241666667,0.0878533310,0.0893427940,0.1771961251
0.6243333333,0.0877959933,0.0894001360,0.1771961293
0.6245000000,0.0877375398,0.0894585886,0.1771961284
0.6246666667,0.0876779581,0.0895181648,0.1771961229
0.6248333333,0.0876171597,0.0895789533,0.1771961129
0.6250000000,0.0875549868,0.0896411124,0.1771960992
0.6251666667,0.0874912211,0.0897048613,0.1771960823
0.6253333333,0.0874255941,0.0897704690,0.1771960631
0.6255000000,0.0873577992,0.0898382430,0.1771960422
0.6256666667,0.0872875038,0.0899085166,0.1771960205
0.6258333333,0.0872143620,0.0899816367,0.1771959987
0.6260000000,0.0871380262,0.0900579513,0.1771959775
0.6261666667,0.0870581583,0.0901377992,0.1771959575
0.6263333333,0.0869744392,0.0902214999,0.1771959391
0.6265000000,0.0868865766,0.0903093462,0.1771959229
0.6266666667,0.0867943108,0.0904015981,0.1771959089
0.6268333333,0.0866974184,0.0904984790,0.1771958973
0.6270000000,0.0865957141,0.0906001741,0.1771958881
0.6271666667,0.0864890504,0.0907068308,0.1771958812
0.6273333333,0.0863773156,0.0908185606,0.1771958762
0.6275000000,0.0862604298,0.0909354432,0.1771958730
0.6276666667,0.0861383406,0.0910575305,0.1771958711
0.6278333333,0.0860110169,0.0911848533,0.1771958702
0.6280000000,0.0858784436,0.0913174263,0.1771958699
0.6281666667,0.0857406151,0.0914552547,0.1771958699
0.6283333333,0.0855975306,0.0915983392,0.1771958698
0.6285000000,0.0854491890,0.0917466806,0.1771958696
0.6286666667,0.0852955867,0.0919002824,0.1771958691
0.6288333333,0.0851367153,0.0920591530,0.1771958683
0.6290000000,0.0849725631,0.0922233044,0.1771958675
0.6291666667,0.0848031169,0.0923927499,0.1771958668
0.6293333333,0.0846283677,0.0925674992,0.1771958669
0.6295000000,0.0844483170,0.0927475511,0.1771958682
0.6296666667,0.0842629872,0.0929328842,0.1771958714
0.6298333333,0.0840724320,0.0931234455,0.1771958775
0.6300000000,0.0838767504,0.0933191369,0.1771958873
0.6301666667,0.0836761014,0.0935198005,0.1771959019
0.6303333333,0.0834707203,0.0937252020,0.1771959223
0.6305000000,0.0832609357,0.0939350140,0.1771959496
0.6306666667,0.0830471874,0.0941487976,0.1771959850
0.6308333333,0.0828300444,0.0943659853,0.1771960296
0.6310000000,0.0826102219,0.0945858625,0.1771960844
0.6311666667,0.0823885990,0.0948075515,0.1771961505
0.6313333333,0.0821662337,0.0950299949,0.1771962286
0.6315000000,0.0819443781,0.0952519416,0.1771963196
0.6316666667,0.0817244899,0.0954719344,0.1771964242
0.6318333333,0.0815082433,0.0956882995,0.1771965428
0.6320000000,0.0812975367,0.0958991391,0.1771966758
0.6321666667,0.0810944971,0.0961023260,0.1771968231
0.6323333333,0.0809014827,0.0962955022,0.1771969849
0.6325000000,0.0807210807,0.0964760800,0.1771971607
0.6326666667,0.0805561027,0.0966412472,0.1771973500
0.6328333333,0.0804095762,0.0967879758,0.1771975520
0.6330000000,0.0802847317,0.0969130341,0.1771977658
0.6331666667,0.0801849863,0.0970130036,0.1771979899
0.6333333333,0.0801139236,0.0970842994,0.1771982229
0.6335000000,0.0800752682,0.0971231949,0.1771984630
0.6336666667,0.0800728575,0.0971258506,0.1771987081
0.6338333333,0.0801106085,0.0970883474,0.1771989559
0.6340000000,0.0801924803,0.0970067234,0.1771992038
0.6341666667,0.0803224331,0.0968770158,0.1771994489
0.6343333333,0.0805043828,0.0966953054,0.1771996882
0.6345000000,0.0807421521,0.0964577664,0.1771999185
0.6346666667,0.0810394184,0.0961607178,0.1772001362
0.6348333333,0.0813996579,0.0958006799,0.1772003378
0.6350000000,0.0818260879,0.0953744314,0.1772005194
0.6351666667,0.0823216065,0.0948790707,0.1772006772
0.6353333333,0.0828887304,0.0943120769,0.1772008072
0.6355000000,0.0835295330,0.0936713727,0.1772009057
0.6356666667,0.0842455815,0.0929553871,0.1772009686
0.6358333333,0.0850378753,0.0921631170,0.1772009923
0.6360000000,0.0859067860,0.0912941871,0.1772009731
0.6361666667,0.0868520004,0.0903489074,0.1772009078
0.6363333333,0.0878724676,0.0893283257,0.1772007933
0.6365000000,0.0889663508,0.0882342763,0.1772006271
0.6366666667,0.0901309851,0.0870694217,0.1772004068
0.6368333333,0.0913628435,0.0858372875,0.1772001310
0.6370000000,0.0926575102,0.0845422882,0.1771997984
0.6371666667,0.0940096640,0.0831897449,0.1771994089
0.6373333333,0.0954130719,0.0817858906,0.1771989625
0.6375000000,0.0968605945,0.0803378660,0.1771984604
0.6376666667,0.0983442023,0.0788537023,0.1771979045
0.6378333333,0.0998550064,0.0773422911,0.1771972975
0.6380000000,0.1013833010,0.0758133418,0.1771966428
0.6381666667,0.1029186198,0.0742773250,0.1771959449
0.6383333333,0.1044498063,0.0727454026,0.1771952089
0.6385000000,0.1059650967,0.0712293442,0.1771944409
0.6386666667,0.1074522165,0.0697414311,0.1771936476
0.6388333333,0.1088984894,0.0682943473,0.1771928367
0.6390000000,0.1102909574,0.0669010590,0.1771920163
0.6391666667,0.1116165115,0.0655746838,0.1771911952
0.6393333333,0.1128620322,0.0643283504,0.1771903826
0.6395000000,0.1140145375,0.0631750507,0.1771895882
0.6396666667,0.1150613360,0.0621274858,0.1771888218
0.6398333333,0.1159901857,0.0611979078,0.1771880935
0.6400000000,0.1167894539,0.0603979594,0.1771874133
0.6401666667,0.1174482773,0.0597385138,0.1771867911
0.6403333333,0.1179567197,0.0592295168,0.1771862365
0.6405000000,0.1183059249,0.0588798336,0.1771857585
0.6406666667,0.1184882630,0.0586971028,0.1771853658
0.6408333333,0.1184974664,0.0586875998,0.1771850662
0.6410000000,0.1183287545,0.0588561119,0.1771848665
0.6411666667,0.1179789442,0.0592058284,0.1771847726
0.6413333333,0.1174465437,0.0597382457,0.1771847894
0.6415000000,0.1167318280,0.0604530922,0.1771849203
0.6416666667,0.1158368951,0.0613482722,0.1771851673
0.6418333333,0.1147656987,0.0624198325,0.1771855312
0.6420000000,0.1135240597,0.0636619515,0.1771860111
0.6421666667,0.1121196518,0.0650669529,0.1771866047
0.6423333333,0.1105619639,0.0666253440,0.1771873078
0.6425000000,0.1088622359,0.0683258792,0.1771881151
0.6426666667,0.1070333704,0.0701556491,0.1771890194
0.6428333333,0.1050898190,0.0721001932,0.1771900122
0.6430000000,0.1030474451,0.0741436382,0.1771910833
0.6431666667,0.1009233642,0.0762688573,0.1771922215
0.6433333333,0.0987357626,0.0784576517,0.1771934143
0.6435000000,0.0965036975,0.0806909506,0.1771946481
0.6436666667,0.0942468810,0.0829490275,0.1771959085
0.6438333333,0.0919854491,0.0852117312,0.1771971804
0.6440000000,0.0897397213,0.0874587269,0.1771984482
0.6441666667,0.0875299515,0.0896697447,0.1771996962
0.6443333333,0.0853760759,0.0918248326,0.1772009085
0.6445000000,0.0832974606,0.0939046090,0.1772020696
0.6446666667,0.0813126521,0.0958905121,0.1772031643
0.6448333333,0.0794391369,0.0977650413,0.1772041782
0.6450000000,0.0776931107,0.0995119873,0.1772050979
0.6451666667,0.0760892640,0.1011166471,0.1772059111
0.6453333333,0.0746405865,0.1025660204,0.1772066070
0.6455000000,0.0733581930,0.1038489831,0.1772071761
0.6456666667,0.0722511749,0.1049564361,0.1772076111
0.6458333333,0.0713264801,0.1058814260,0.1772079061
0.6460000000,0.0705888225,0.1066192352,0.1772080577
0.6461666667,0.0700406241,0.1071674401,0.1772080642
0.6463333333,0.0696819904,0.1075259358,0.1772079263
0.6465000000,0.0695107201,0.1076969266,0.1772076467
0.6466666667,0.0695223485,0.1076848817,0.1772072302
0.6468333333,0.0697102260,0.1074964578,0.1772066838
0.6470000000,0.0700656279,0.1071403884,0.1772060164
0.6471666667,0.0705778972,0.1066273415,0.1772052386
0.6473333333,0.0712346143,0.1059697486,0.1772043629
0.6475000000,0.0720217951,0.1051816079,0.1772034029
0.6476666667,0.0729241101,0.1042782637,0.1772023737
0.6478333333,0.0739251243,0.1032761670,0.1772012913
0.6480000000,0.0750075512,0.1021926209,0.1772001721
0.6481666667,0.0761535186,0.1010455147,0.1771990333
0.6483333333,0.0773448392,0.0998530527,0.1771978919
0.6485000000,0.0785632846,0.0986334802,0.1771967648
0.6486666667,0.0797908543,0.0974048142,0.1771956684
0.6488333333,0.0810100379,0.0961845805,0.1771946184
0.6490000000,0.0822040643,0.0949895650,0.1771936293
0.6491666667,0.0833571346,0.0938355798,0.1771927144
0.6493333333,0.0844546338,0.0927372517,0.1771918855
0.6495000000,0.0854833186,0.0917078339,0.1771911525
0.6496666667,0.0864314786,0.0907590452,0.1771905238
0.6498333333,0.0872890669,0.0899009387,0.1771900056
0.6500000000,0.0880477997,0.0891418023,0.1771896020
0.6501666667,0.0887012234,0.0884880917,0.1771893151
0.6503333333,0.0892447486,0.0879443965,0.1771891451
0.6505000000,0.0896756506,0.0875134393,0.1771890898
0.6506666667,0.0899930381,0.0871961075,0.1771891456
0.6508333333,0.0901977913,0.0869915152,0.1771893065
0.6510000000,0.0902924713,0.0868970941,0.1771895655
0.6511666667,0.0902812032,0.0869087104,0.1771899136
0.6513333333,0.0901695368,0.0870208041,0.1771903409
0.6515000000,0.0899642879,0.0872265486,0.1771908366
0.6516666667,0.0896733639,0.0875180250,0.1771913889
0.6518333333,0.0893055782,0.0878864077,0.1771919859
0.6520000000,0.0888704570,0.0883221581,0.1771926151
0.6521666667,0.0883780441,0.0888152204,0.1771932645
0.6523333333,0.0878387056,0.0893552165,0.1771939221
0.6525000000,0.0872629406,0.0899316361,0.1771945766
0.6526666667,0.0866612005,0.0905340170,0.1771952175
0.6528333333,0.0860437207,0.0911521145,0.1771958352
0.6530000000,0.0854203667,0.0917760545,0.1771964211
0.6531666667,0.0848004988,0.0923964692,0.1771969681
0.6533333333,0.0841928561,0.0930046139,0.1771974700
0.6535000000,0.0836054603,0.0935924620,0.1771979224
0.6536666667,0.0830455429,0.0941527790,0.1771983219
0.6538333333,0.0825194928,0.0946791740,0.1771986667
0.6540000000,0.0820328259,0.0951661304,0.1771989563
0.6541666667,0.0815901757,0.0956090153,0.1771991911
0.6543333333,0.0811953025,0.0960040703,0.1771993728
0.6545000000,0.0808511202,0.0963483841,0.1771995043
0.6546666667,0.0805597384,0.0966398504,0.1771995888
0.6548333333,0.0803225173,0.0968771131,0.1771996304
0.6550000000,0.0801401328,0.0970595010,0.1771996338
0.6551666667,0.0800126485,0.0971869552,0.1771996037
0.6553333333,0.0799395928,0.0972599523,0.1771995451
0.6555000000,0.0799200375,0.0972794253,0.1771994628
0.6556666667,0.0799526758,0.0972466858,0.1771993616
0.6558333333,0.0800358967,0.0971633491,0.1771992458
0.6560000000,0.0801678546,0.0970312646,0.1771991192
0.6561666667,0.0803465316,0.0968524537,0.1771989853
0.6563333333,0.0805697909,0.0966290560,0.1771988469
0.6565000000,0.0808354211,0.0963632848,0.1771987059
0.6566666667,0.0811411704,0.0960573936,0.1771985640
0.6568333333,0.0814847699,0.0957136521,0.1771984220
0.6570000000,0.0818639470,0.0953343330,0.1771982800
0.6571666667,0.0822764297,0.0949217081,0.1771981378
0.6573333333,0.0827199414,0.0944780533,0.1771979946
0.6575000000,0.0831921890,0.0940056603,0.1771978493
0.6576666667,0.0836908447,0.0935068557,0.1771977004
0.6578333333,0.0842135234,0.0929840231,0.1771975464
0.6580000000,0.0847577577,0.0924396280,0.1771973857
0.6581666667,0.0853209723,0.0918762443,0.1771972166
0.6583333333,0.0859004588,0.0912965790,0.1771970378
0.6585000000,0.0864933541,0.0907034941,0.1771968481
0.6586666667,0.0870966220,0.0901000249,0.1771966468
0.6588333333,0.0877070414,0.0894893922,0.1771964336
0.6590000000,0.0883212007,0.0888750078,0.1771962085
0.6591666667,0.0889354999,0.0882604723,0.1771959722
0.6593333333,0.0895461609,0.0876495650,0.1771957259
0.6595000000,0.0901492464,0.0870462249,0.1771954713
0.6596666667,0.0907406869,0.0864545237,0.1771952106
0.6598333333,0.0913163157,0.0858786306,0.1771949464
0.6600000000,0.0918719120,0.0853227698,0.1771946818
0.6601666667,0.0924032489,0.0847911713,0.1771944202
0.6603333333,0.0929061490,0.0842880164,0.1771941653
0.6605000000,0.0933765415,0.0838173794,0.1771939210
0.6606666667,0.0938105243,0.0833831667,0.1771936910
0.6608333333,0.0942044252,0.0829890540,0.1771934792
0.6610000000,0.0945548640,0.0826384254,0.1771932895
0.6611666667,0.0948588116,0.0823343136,0.1771931252
0.6613333333,0.0951136457,0.0820793439,0.1771929896
0.6615000000,0.0953172020,0.0818756834,0.1771928854
0.6616666667,0.0954678182,0.0817249968,0.1771928150
0.6618333333,0.0955643712,0.0816284089,0.1771927801
0.6620000000,0.0956063055,0.0815864766,0.1771927820
0.6621666667,0.0955936529,0.0815991685,0.1771928213
0.6623333333,0.0955270423,0.0816658558,0.1771928980
0.6625000000,0.0954076998,0.0817853117,0.1771930115
0.6626666667,0.0952374391,0.0819557215,0.1771931606
0.6628333333,0.0950186415,0.0821747019,0.1771933434
0.6630000000,0.0947542279,0.0824393298,0.1771935577
0.6631666667,0.0944476208,0.0827461797,0.1771938005
0.6633333333,0.0941026992,0.0830913695,0.1771940687
0.6635000000,0.0937237460,0.0834706125,0.1771943585
0.6636666667,0.0933153896,0.0838792763,0.1771946659
0.6638333333,0.0928825407,0.0843124461,0.1771949868
0.6640000000,0.0924303248,0.0847649920,0.1771953168
0.6641666667,0.0919640125,0.0852316389,0.1771956513
0.6643333333,0.0914889480,0.0857070380,0.1771959861
0.6645000000,0.0910104781,0.0861858384,0.1771963165
0.6646666667,0.0905338810,0.0866627573,0.1771966383
0.6648333333,0.0900642978,0.0871326496,0.1771969475
0.6650000000,0.0896066669,0.0875905731,0.1771972400
0.6651666667,0.0891656618,0.0880318506,0.1771975124
0.6653333333,0.0887456344,0.0884521270,0.1771977614
0.6655000000,0.0883505630,0.0888474211,0.1771979842
0.6656666667,0.0879840070,0.0892141712,0.1771981783
0.6658333333,0.0876490679,0.0895492738,0.1771983417
0.6660000000,0.0873483572,0.0898501157,0.1771984729
0.6661666667,0.0870839726,0.0901145983,0.1771985709
0.6663333333,0.0868574805,0.0903411546,0.1771986350
0.6665000000,0.0866699073,0.0905287580,0.1771986653
0.6666666667,0.0865217380,0.0906769241,0.1771986621
