t,Ekin,Epot,Etot
0.0000000000,0.0000000000,0.0885734759,0.0885734759
0.0001666667,0.0001472270,0.0884261468,0.0885733739
0.0003333333,0.0005872781,0.0879857912,0.0885730692
0.0005000000,0.0013152882,0.0872572785,0.0885725667
0.0006666667,0.0023232329,0.0862486412,0.0885718741
0.0008333333,0.0036000517,0.0849709503,0.0885710020
0.0010000000,0.0051318176,0.0834381462,0.0885699638
0.0011666667,0.0069019500,0.0816668251,0.0885687750
0.0013333333,0.0088914651,0.0796759886,0.0885674537
0.0015000000,0.0110792607,0.0774867586,0.0885660193
0.0016666667,0.0134424290,0.0751220639,0.0885644929
0.0018333333,0.0159565912,0.0726063052,0.0885628964
0.0020000000,0.0185962489,0.0699650036,0.0885612525
0.0021666667,0.0213351440,0.0672244398,0.0885595838
0.0023333333,0.0241466223,0.0644112905,0.0885579129
0.0025000000,0.0270039936,0.0615522681,0.0885562617
0.0026666667,0.0298808814,0.0586737699,0.0885546513
0.0028333333,0.0327515581,0.0558015431,0.0885531012
0.0030000000,0.0355912589,0.0529603707,0.0885516296
0.0031666667,0.0383764701,0.0501737825,0.0885502526
0.0033333333,0.0410851882,0.0474637962,0.0885489844
0.0035000000,0.0436971452,0.0448506917,0.0885478368
0.0036666667,0.0461939992,0.0423528203,0.0885468195
0.0038333333,0.0485594870,0.0399864525,0.0885459395
0.0040000000,0.0507795385,0.0377656631,0.0885452016
0.0041666667,0.0528423524,0.0357022558,0.0885446082
0.0043333333,0.0547384343,0.0338057250,0.0885441593
0.0045000000,0.0564605973,0.0320832554,0.0885438528
0.0046666667,0.0580039288,0.0305397557,0.0885436845
0.0048333333,0.0593657238,0.0291779246,0.0885436484
0.0050000000,0.0605453897,0.0279983472,0.0885437369
0.0051666667,0.0615443252,0.0269996158,0.0885439411
0.0053333333,0.0623657758,0.0261784748,0.0885442506
0.0055000000,0.0630146721,0.0255299824,0.0885446545
0.0056666667,0.0634974528,0.0250476882,0.0885451410
0.0058333333,0.0638218776,0.0247238204,0.0885456980
0.0060000000,0.0639968334,0.0245494797,0.0885463131
0.0061666667,0.0640321380,0.0245148361,0.0885469741
0.0063333333,0.0639383439,0.0246093251,0.0885476691
0.0065000000,0.0637265468,0.0248218395,0.0885483863
0.0066666667,0.0634082008,0.0251409141,0.0885491149
0.0068333333,0.0629949432,0.0255549015,0.0885498447
0.0070000000,0.0624984311,0.0260521350,0.0885505662
0.0071666667,0.0619301916,0.0266210794,0.0885512710
0.0073333333,0.0613014864,0.0272504652,0.0885519516
0.0075000000,0.0606231935,0.0279294083,0.0885526017
0.0076666667,0.0599057038,0.0286475121,0.0885532159
0.0078333333,0.0591588359,0.0293949540,0.0885537899
0.0080000000,0.0583917663,0.0301625540,0.0885543203
0.0081666667,0.0576129767,0.0309418281,0.0885548048
0.0083333333,0.0568302158,0.0317250261,0.0885552419
0.0085000000,0.0560504770,0.0325051541,0.0885556311
0.0086666667,0.0552799881,0.0332759845,0.0885559726
0.0088333333,0.0545242142,0.0340320530,0.0885562672
0.0090000000,0.0537878712,0.0347686451,0.0885565163
0.0091666667,0.0530749492,0.0354817728,0.0885567219
0.0093333333,0.0523887428,0.0361681436,0.0885568864
0.0095000000,0.0517318898,0.0368251228,0.0885570125
0.0096666667,0.0511064134,0.0374506897,0.0885571031
0.0098333333,0.0505137699,0.0380433915,0.0885571614
0.0100000000,0.0499548979,0.0386022926,0.0885571905
0.0101666667,0.0494302696,0.0391269241,0.0885571937
0.0103333333,0.0489399426,0.0396172316,0.0885571742
0.0105000000,0.0484836112,0.0400735239,0.0885571352
0.0106666667,0.0480606566,0.0404964229,0.0885570796
0.0108333333,0.0476701949,0.0408868154,0.0885570103
0.0110000000,0.0473111230,0.0412458070,0.0885569300
0.0111666667,0.0469821614,0.0415746798,0.0885568412
0.0113333333,0.0466818942,0.0418748520,0.0885567462
0.0115000000,0.0464088048,0.0421478422,0.0885566469
0.0116666667,0.0461613092,0.0423952361,0.0885565453
0.0118333333,0.0459377847,0.0426186582,0.0885564429
0.0120000000,0.0457365957,0.0428197454,0.0885563411
0.0121666667,0.0455561154,0.0430001256,0.0885562411
0.0123333333,0.0453947450,0.0431613987,0.0885561437
0.0125000000,0.0452509288,0.0433051211,0.0885560499
0.0126666667,0.0451231671,0.0434327931,0.0885559602
0.0128333333,0.0450100260,0.0435458492,0.0885558752
0.0130000000,0.0449101446,0.0436456504,0.0885557950
0.0131666667,0.0448222409,0.0437334791,0.0885557200
0.0133333333,0.0447451143,0.0438105358,0.0885556501
0.0135000000,0.0446776478,0.0438779378,0.0885555855
0.0136666667,0.0446188078,0.0439367183,0.0885555261
0.0138333333,0.0445676433,0.0439878285,0.0885554717
0.0140000000,0.0445232836,0.0440321386,0.0885554222
0.0141666667,0.0444849357,0.0440704416,0.0885553773
0.0143333333,0.0444518806,0.0441034562,0.0885553368
0.0145000000,0.0444234695,0.0441318309,0.0885553004
0.0146666667,0.0443991194,0.0441561484,0.0885552678
0.0148333333,0.0443783090,0.0441769298,0.0885552388
0.0150000000,0.0443605736,0.0441946395,0.0885552131
0.0151666667,0.0443455011,0.0442096893,0.0885551904
0.0153333333,0.0443327272,0.0442224432,0.0885551704
0.0155000000,0.0443219313,0.0442332215,0.0885551528
0.0156666667,0.0443128321,0.0442423054,0.0885551375
0.0158333333,0.0443051840,0.0442499402,0.0885551241
0.0160000000,0.0442987730,0.0442563396,0.0885551126
0.0161666667,0.0442934135,0.0442616890,0.0885551026
0.0163333333,0.0442889453,0.0442661487,0.0885550939
0.0165000000,0.0442852300,0.0442698566,0.0885550865
0.0166666667,0.0442821490,0.0442729312,0.0885550802
0.0168333333,0.0442796009,0.0442754739,0.0885550748
0.0170000000,0.0442774991,0.0442775712,0.0885550702
0.0171666667,0.0442757699,0.0442792964,0.0885550664
0.0173333333,0.0442743512,0.0442807119,0.0885550631
0.0175000000,0.0442731901,0.0442818702,0.0885550603
0.0176666667,0.0442722424,0.0442828156,0.0885550580
0.0178333333,0.0442714709,0.0442835851,0.0885550561
0.0180000000,0.0442708445,0.0442842099,0.0885550544
0.0181666667,0.0442703372,0.0442847159,0.0885550531
0.0183333333,0.0442699274,0.0442851246,0.0885550520
0.0185000000,0.0442695973,0.0442854538,0.0885550511
0.0186666667,0.0442693320,0.0442857183,0.0885550503
0.0188333333,0.0442691193,0.0442859304,0.0885550497
0.0190000000,0.0442689493,0.0442860999,0.0885550492
0.0191666667,0.0442688137,0.0442862350,0.0885550488
0.0193333333,0.0442687059,0.0442863425,0.0885550484
0.0195000000,0.0442686203,0.0442864278,0.0885550481
0.0196666667,0.0442685526,0.0442864953,0.0885550479
0.0198333333,0.0442684992,0.0442865485,0.0885550477
0.0200000000,0.0442684571,0.0442865905,0.0885550476
0.0201666667,0.0442684241,0.0442866234,0.0885550475
0.0203333333,0.0442683982,0.0442866492,0.0885550474
0.0205000000,0.0442683780,0.0442866694,0.0885550473
0.0206666667,0.0442683622,0.0442866851,0.0885550473
0.0208333333,0.0442683499,0.0442866973,0.0885550472
0.0210000000,0.0442683404,0.0442867067,0.0885550472
0.0211666667,0.0442683331,0.0442867141,0.0885550471
0.0213333333,0.0442683274,0.0442867197,0.0885550471
0.0215000000,0.0442683230,0.0442867241,0.0885550471
0.0216666667,0.0442683197,0.0442867274,0.0885550471
0.0218333333,0.0442683171,0.0442867300,0.0885550471
0.0220000000,0.0442683152,0.0442867319,0.0885550471
0.0221666667,0.0442683137,0.0442867334,0.0885550471
0.0223333333,0.0442683125,0.0442867345,0.0885550471
0.0225000000,0.0442683117,0.0442867354,0.0885550470
0.0226666667,0.0442683110,0.0442867360,0.0885550470
0.0228333333,0.0442683105,0.0442867365,0.0885550470
0.0230000000,0.0442683101,0.0442867369,0.0885550470
0.0231666667,0.0442683099,0.0442867372,0.0885550470
0.0233333333,0.0442683097,0.0442867374,0.0885550470
0.0235000000,0.0442683095,0.0442867375,0.0885550470
0.0236666667,0.0442683094,0.0442867377,0.0885550470
0.0238333333,0.0442683093,0.0442867377,0.0885550470
0.0240000000,0.0442683092,0.0442867378,0.0885550470
0.0241666667,0.0442683092,0.0442867379,0.0885550470
0.0243333333,0.0442683091,0.0442867379,0.0885550470
0.0245000000,0.0442683091,0.0442867379,0.0885550470
0.0246666667,0.0442683091,0.0442867379,0.0885550470
0.0248333333,0.0442683091,0.0442867380,0.0885550470
0.0250000000,0.0442683091,0.0442867380,0.0885550470
0.0251666667,0.0442683090,0.0442867380,0.0885550470
0.0253333333,0.0442683090,0.0442867380,0.0885550470
0.0255000000,0.0442683090,0.0442867381,0.0885550470
0.0256666667,0.0442683089,0.0442867381,0.0885550470
0.0258333333,0.0442683089,0.0442867381,0.0885550470
0.0260000000,0.0442683088,0.0442867382,0.0885550470
0.0261666667,0.0442683088,0.0442867383,0.0885550470
0.0263333333,0.0442683087,0.0442867384,0.0885550470
0.0265000000,0.0442683085,0.0442867385,0.0885550470
0.0266666667,0.0442683083,0.0442867387,0.0885550470
0.0268333333,0.0442683081,0.0442867390,0.0885550470
0.0270000000,0.0442683077,0.0442867393,0.0885550470
0.0271666667,0.0442683073,0.0442867398,0.0885550470
0.0273333333,0.0442683067,0.0442867403,0.0885550470
0.0275000000,0.0442683059,0.0442867411,0.0885550470
0.0276666667,0.0442683049,0.0442867421,0.0885550470
0.0278333333,0.0442683035,0.0442867435,0.0885550470
0.0280000000,0.0442683018,0.0442867452,0.0885550470
0.0281666667,0.0442682995,0.0442867475,0.0885550470
0.0283333333,0.0442682965,0.0442867505,0.0885550470
0.0285000000,0.0442682925,0.0442867544,0.0885550470
0.0286666667,0.0442682875,0.0442867595,0.0885550469
0.0288333333,0.0442682809,0.0442867660,0.0885550469
0.0290000000,0.0442682725,0.0442867744,0.0885550469
0.0291666667,0.0442682616,0.0442867852,0.0885550468
0.0293333333,0.0442682477,0.0442867991,0.0885550468
0.0295000000,0.0442682298,0.0442868169,0.0885550467
0.0296666667,0.0442682070,0.0442868397,0.0885550466
0.0298333333,0.0442681778,0.0442868687,0.0885550465
0.0300000000,0.0442681408,0.0442869056,0.0885550464
0.0301666667,0.0442680939,0.0442869524,0.0885550463
0.0303333333,0.0442680344,0.0442870116,0.0885550461
0.0305000000,0.0442679594,0.0442870864,0.0885550458
0.0306666667,0.0442678650,0.0442871805,0.0885550455
0.0308333333,0.0442677464,0.0442872988,0.0885550452
0.0310000000,0.0442675978,0.0442874469,0.0885550447
0.0311666667,0.0442674121,0.0442876321,0.0885550442
0.0313333333,0.0442671806,0.0442878629,0.0885550435
0.0315000000,0.0442668927,0.0442881500,0.0885550427
0.0316666667,0.0442665356,0.0442885061,0.0885550418
0.0318333333,0.0442660938,0.0442889468,0.0885550406
0.0320000000,0.0442655485,0.0442894907,0.0885550392
0.0321666667,0.0442648772,0.0442901603,0.0885550375
0.0323333333,0.0442640528,0.0442909827,0.0885550355
0.0325000000,0.0442630431,0.0442919900,0.0885550331
0.0326666667,0.0442618095,0.0442932208,0.0885550302
0.0328333333,0.0442603061,0.0442947207,0.0885550269
0.0330000000,0.0442584789,0.0442965440,0.0885550229
0.0331666667,0.0442562635,0.0442987547,0.0885550182
0.0333333333,0.0442535846,0.0443014280,0.0885550126
0.0335000000,0.0442503536,0.0443046526,0.0885550062
0.0336666667,0.0442464667,0.0443085319,0.0885549986
0.0338333333,0.0442418031,0.0443131867,0.0885549899
0.0340000000,0.0442362223,0.0443187574,0.0885549797
0.0341666667,0.0442295615,0.0443254066,0.0885549680
0.0343333333,0.0442216326,0.0443333219,0.0885549545
0.0345000000,0.0442122194,0.0443427196,0.0885549390
0.0346666667,0.0442010740,0.0443538474,0.0885549214
0.0348333333,0.0441879130,0.0443669882,0.0885549012
0.0350000000,0.0441724140,0.0443824644,0.0885548784
0.0351666667,0.0441542114,0.0444006413,0.0885548526
0.0353333333,0.0441328919,0.0444219317,0.0885548236
0.0355000000,0.0441079907,0.0444468004,0.0885547911
0.0356666667,0.0440789868,0.0444757680,0.0885547548
0.0358333333,0.0440452985,0.0445094159,0.0885547144
0.0360000000,0.0440062793,0.0445483904,0.0885546697
0.0361666667,0.0439612140,0.0445934065,0.0885546205
0.0363333333,0.0439093144,0.0446452522,0.0885545665
0.0365000000,0.0438497164,0.0447047912,0.0885545076
0.0366666667,0.0437814774,0.0447729663,0.0885544437
0.0368333333,0.0437035740,0.0448508006,0.0885543746
0.0370000000,0.0436149015,0.0449393990,0.0885543005
0.0371666667,0.0435142739,0.0450399474,0.0885542214
0.0373333333,0.0434004259,0.0451537115,0.0885541375
0.0375000000,0.0432720160,0.0452820332,0.0885540491
0.0376666667,0.0431276316,0.0454263252,0.0885539568
0.0378333333,0.0429657972,0.0455880640,0.0885538611
0.0380000000,0.0427849832,0.0457687797,0.0885537629
0.0381666667,0.0425836189,0.0459700440,0.0885536629
0.0383333333,0.0423601080,0.0461934545,0.0885535625
0.0385000000,0.0421128465,0.0464406165,0.0885534630
0.0386666667,0.0418402443,0.0467131215,0.0885533658
0.0388333333,0.0415407509,0.0470125219,0.0885532729
0.0390000000,0.0412128831,0.0473403030,0.0885531861
0.0391666667,0.0408552575,0.0476978503,0.0885531078
0.0393333333,0.0404666256,0.0480864147,0.0885530403
0.0395000000,0.0400459128,0.0485070734,0.0885529863
0.0396666667,0.0395922604,0.0489606881,0.0885529485
0.0398333333,0.0391050699,0.0494478600,0.0885529299
0.0400000000,0.0385840505,0.0499688831,0.0885529337
0.0401666667,0.0380292680,0.0505236948,0.0885529628
0.0403333333,0.0374411946,0.0511118259,0.0885530205
0.0405000000,0.0368207602,0.0517323497,0.0885531099
0.0406666667,0.0361694018,0.0523838324,0.0885532342
0.0408333333,0.0354891127,0.0530642833,0.0885533961
0.0410000000,0.0347824885,0.0537711097,0.0885535983
0.0411666667,0.0340527695,0.0545010737,0.0885538432
0.0413333333,0.0333038777,0.0552502550,0.0885541327
0.0415000000,0.0325404482,0.0560140201,0.0885544682
0.0416666667,0.0317678519,0.0567869989,0.0885548508
0.0418333333,0.0309922096,0.0575630709,0.0885552805
0.0420000000,0.0302203953,0.0583353615,0.0885557568
0.0421666667,0.0294600278,0.0590962507,0.0885562784
0.0423333333,0.0287194489,0.0598373942,0.0885568432
0.0425000000,0.0280076879,0.0605497599,0.0885574478
0.0426666667,0.0273344104,0.0612236777,0.0885580881
0.0428333333,0.0267098519,0.0618489071,0.0885587591
0.0430000000,0.0261447348,0.0624147196,0.0885594543
0.0431666667,0.0256501688,0.0629099980,0.0885601667
0.0433333333,0.0252375359,0.0633233522,0.0885608880
0.0435000000,0.0249183586,0.0636432505,0.0885616091
0.0436666667,0.0247041541,0.0638581659,0.0885623200
0.0438333333,0.0246062746,0.0639567352,0.0885630099
0.0440000000,0.0246357359,0.0639279316,0.0885636675
0.0441666667,0.0248030361,0.0637612449,0.0885642810
0.0443333333,0.0251179671,0.0634468712,0.0885648383
0.0445000000,0.0255894220,0.0629759053,0.0885653273
0.0446666667,0.0262252006,0.0623405353,0.0885657360
0.0448333333,0.0270318178,0.0615342347,0.0885660526
0.0450000000,0.0280143172,0.0605519488,0.0885662661
0.0451666667,0.0291760950,0.0593902714,0.0885663664
0.0453333333,0.0305187370,0.0580476072,0.0885663442
0.0455000000,0.0320418739,0.0565243181,0.0885661920
0.0456666667,0.0337430571,0.0548228463,0.0885659034
0.0458333333,0.0356176605,0.0529478135,0.0885654741
0.0460000000,0.0376588103,0.0509060913,0.0885649016
0.0461666667,0.0398573460,0.0487068397,0.0885641856
0.0463333333,0.0422018163,0.0463615119,0.0885633282
0.0465000000,0.0446785103,0.0438838233,0.0885623335
0.0466666667,0.0472715266,0.0412896817,0.0885612083
0.0468333333,0.0499628806,0.0385970811,0.0885599617
0.0470000000,0.0527326493,0.0358259558,0.0885586051
0.0471666667,0.0555591546,0.0329979976,0.0885571522
0.0473333333,0.0584191810,0.0301364377,0.0885556187
0.0475000000,0.0612882276,0.0272657946,0.0885540222
0.0476666667,0.0641407898,0.0244115923,0.0885523821
0.0478333333,0.0669506674,0.0216000517,0.0885507190
0.0480000000,0.0696912941,0.0188577605,0.0885490546
0.0481666667,0.0723360839,0.0162113273,0.0885474112
0.0483333333,0.0748587877,0.0136870238,0.0885458115
0.0485000000,0.0772338551,0.0113104229,0.0885442780
0.0486666667,0.0794367944,0.0091060384,0.0885428328
0.0488333333,0.0814445241,0.0070969728,0.0885414969
0.0490000000,0.0832357107,0.0053045796,0.0885402903
0.0491666667,0.0847910846,0.0037481465,0.0885392310
0.0493333333,0.0860937295,0.0024446057,0.0885383352
0.0495000000,0.0871293401,0.0014082765,0.0885376166
0.0496666667,0.0878864406,0.0006506457,0.0885370863
0.0498333333,0.0883565631,0.0001801896,0.0885367527
0.0500000000,0.0885343797,0.0000022412,0.0885366209
0.0501666667,0.0884177869,0.0001189064,0.0885366933
0.0503333333,0.0880079400,0.0005290287,0.0885369687
0.0505000000,0.0873092377,0.0012282054,0.0885374431
0.0506666667,0.0863292559,0.0022088533,0.0885381092
0.0508333333,0.0850786330,0.0034603241,0.0885389571
0.0510000000,0.0835709081,0.0049690656,0.0885399737
0.0511666667,0.0818223164,0.0067188274,0.0885411438
0.0513333333,0.0798515443,0.0086909056,0.0885424498
0.0515000000,0.0776794502,0.0108644224,0.0885438725
0.0516666667,0.0753287558,0.0132166353,0.0885453911
0.0518333333,0.0728237137,0.0157232698,0.0885469835
0.0520000000,0.0701897579,0.0183588694,0.0885486273
0.0521666667,0.0674531431,0.0210971565,0.0885502996
0.0523333333,0.0646405801,0.0239113975,0.0885519776
0.0525000000,0.0617788731,0.0267747661,0.0885536392
0.0526666667,0.0588945657,0.0296606974,0.0885552632
0.0528333333,0.0560136012,0.0325432282,0.0885568294
0.0530000000,0.0531610026,0.0353973169,0.0885583195
0.0531666667,0.0503605776,0.0381991391,0.0885597168
0.0533333333,0.0476346531,0.0409263534,0.0885610066
0.0535000000,0.0450038416,0.0435583350,0.0885621766
0.0536666667,0.0424868434,0.0460763734,0.0885632168
0.0538333333,0.0401002867,0.0484638329,0.0885641196
0.0540000000,0.0378586050,0.0507062747,0.0885648797
0.0541666667,0.0357739553,0.0527915392,0.0885654945
0.0543333333,0.0338561728,0.0547097906,0.0885659634
0.0545000000,0.0321127647,0.0564535237,0.0885662884
0.0546666667,0.0305489387,0.0580175347,0.0885664733
0.0548333333,0.0291676644,0.0593988595,0.0885665239
0.0550000000,0.0279697660,0.0605966817,0.0885664476
0.0551666667,0.0269540410,0.0616122125,0.0885662534
0.0553333333,0.0261174024,0.0624485490,0.0885659514
0.0555000000,0.0254550406,0.0631105121,0.0885655527
0.0556666667,0.0249605997,0.0636044694,0.0885650691
0.0558333333,0.0246263664,0.0639381464,0.0885645128
0.0560000000,0.0244434650,0.0641204313,0.0885638963
0.0561666667,0.0244020566,0.0641611754,0.0885632321
0.0563333333,0.0244915374,0.0640709949,0.0885625322
0.0565000000,0.0247007339,0.0638610748,0.0885618087
0.0566666667,0.0250180914,0.0635429811,0.0885610725
0.0568333333,0.0254318528,0.0631284815,0.0885603343
0.0570000000,0.0259302259,0.0626293777,0.0885596036
0.0571666667,0.0265015373,0.0620573519,0.0885588892
0.0573333333,0.0271343710,0.0614238276,0.0885581986
0.0575000000,0.0278176911,0.0607398475,0.0885575386
0.0576666667,0.0285409479,0.0600159667,0.0885569146
0.0578333333,0.0292941668,0.0592621644,0.0885563312
0.0580000000,0.0300680202,0.0584877716,0.0885557918
0.0581666667,0.0308538831,0.0577014158,0.0885552989
0.0583333333,0.0316438728,0.0569109813,0.0885548541
0.0585000000,0.0324308733,0.0561235847,0.0885544580
0.0586666667,0.0332085462,0.0553455642,0.0885541104
0.0588333333,0.0339713290,0.0545824816,0.0885538106
0.0590000000,0.0347144219,0.0538391352,0.0885535571
0.0591666667,0.0354337647,0.0531195832,0.0885533479
0.0593333333,0.0361260058,0.0524271749,0.0885531807
0.0595000000,0.0367884636,0.0517645890,0.0885530526
0.0596666667,0.0374190833,0.0511338775,0.0885529608
0.0598333333,0.0380163886,0.0505365133,0.0885529019
0.0600000000,0.0385794312,0.0499734416,0.0885528728
0.0601666667,0.0391077388,0.0494451313,0.0885528701
0.0603333333,0.0396012616,0.0489516289,0.0885528905
0.0605000000,0.0400603205,0.0484926105,0.0885529309
0.0606666667,0.0404855550,0.0480674331,0.0885529881
0.0608333333,0.0408778748,0.0476751844,0.0885530592
0.0610000000,0.0412384122,0.0473147293,0.0885531415
0.0611666667,0.0415684785,0.0469847539,0.0885532324
0.0613333333,0.0418695231,0.0466838065,0.0885533296
0.0615000000,0.0421430968,0.0464103342,0.0885534310
0.0616666667,0.0423908180,0.0461627166,0.0885535347
0.0618333333,0.0426143432,0.0459392959,0.0885536391
0.0620000000,0.0428153406,0.0457384022,0.0885537429
0.0621666667,0.0429954680,0.0455583768,0.0885538448
0.0623333333,0.0431563532,0.0453975906,0.0885539438
0.0625000000,0.0432995790,0.0452544601,0.0885540391
0.0626666667,0.0434266695,0.0451274606,0.0885541302
0.0628333333,0.0435390810,0.0450151355,0.0885542165
0.0630000000,0.0436381937,0.0449161040,0.0885542977
0.0631666667,0.0437253071,0.0448290666,0.0885543737
0.0633333333,0.0438016365,0.0447528078,0.0885544443
0.0635000000,0.0438683115,0.0446861981,0.0885545095
0.0636666667,0.0439263760,0.0446281935,0.0885545695
0.0638333333,0.0439767895,0.0445778348,0.0885546243
0.0640000000,0.0440204293,0.0445342448,0.0885546741
0.0641666667,0.0440580935,0.0444966258,0.0885547193
0.0643333333,0.0440905045,0.0444642554,0.0885547599
0.0645000000,0.0441183136,0.0444364828,0.0885547964
0.0646666667,0.0441421047,0.0444127242,0.0885548290
0.0648333333,0.0441623998,0.0443924582,0.0885548579
0.0650000000,0.0441796628,0.0443752208,0.0885548836
0.0651666667,0.0441943050,0.0443606013,0.0885549062
0.0653333333,0.0442066888,0.0443482373,0.0885549261
0.0655000000,0.0442171332,0.0443378103,0.0885549435
0.0656666667,0.0442259171,0.0443290416,0.0885549587
0.0658333333,0.0442332838,0.0443216881,0.0885549719
0.0660000000,0.0442394449,0.0443155385,0.0885549833
0.0661666667,0.0442445833,0.0443104099,0.0885549932
0.0663333333,0.0442488569,0.0443061447,0.0885550016
0.0665000000,0.0442524016,0.0443026073,0.0885550089
0.0666666667,0.0442553336,0.0442996814,0.0885550151
0.0668333333,0.0442577522,0.0442972681,0.0885550203
0.0670000000,0.0442597419,0.0442952829,0.0885550248
0.0671666667,0.0442613743,0.0442936543,0.0885550286
0.0673333333,0.0442627099,0.0442923218,0.0885550317
0.0675000000,0.0442637998,0.0442912347,0.0885550344
0.0676666667,0.0442646867,0.0442903499,0.0885550366
0.0678333333,0.0442654065,0.0442896320,0.0885550385
0.0680000000,0.0442659892,0.0442890508,0.0885550401
0.0681666667,0.0442664596,0.0442885817,0.0885550413
0.0683333333,0.0442668384,0.0442882040,0.0885550424
0.0685000000,0.0442671425,0.0442879008,0.0885550433
0.0686666667,0.0442673861,0.0442876579,0.0885550440
0.0688333333,0.0442675806,0.0442874639,0.0885550446
0.0690000000,0.0442677356,0.0442873094,0.0885550451
0.0691666667,0.0442678588,0.0442871867,0.0885550454
0.0693333333,0.0442679564,0.0442870894,0.0885550458
0.0695000000,0.0442680335,0.0442870125,0.0885550460
0.0696666667,0.0442680943,0.0442869519,0.0885550462
0.0698333333,0.0442681421,0.0442869043,0.0885550464
0.0700000000,0.0442681796,0.0442868669,0.0885550465
0.0701666667,0.0442682089,0.0442868377,0.0885550466
0.0703333333,0.0442682318,0.0442868149,0.0885550467
0.0705000000,0.0442682496,0.0442867972,0.0885550468
0.0706666667,0.0442682634,0.0442867834,0.0885550468
0.0708333333,0.0442682741,0.0442867728,0.0885550469
0.0710000000,0.0442682824,0.0442867645,0.0885550469
0.0711666667,0.0442682887,0.0442867582,0.0885550469
0.0713333333,0.0442682936,0.0442867534,0.0885550470
0.0715000000,0.0442682973,0.0442867496,0.0885550470
0.0716666667,0.0442683002,0.0442867468,0.0885550470
0.0718333333,0.0442683024,0.0442867446,0.0885550470
0.0720000000,0.0442683040,0.0442867430,0.0885550470
0.0721666667,0.0442683053,0.0442867417,0.0885550470
0.0723333333,0.0442683062,0.0442867408,0.0885550470
0.0725000000,0.0442683070,0.0442867401,0.0885550470
0.0726666667,0.0442683075,0.0442867395,0.0885550470
0.0728333333,0.0442683079,0.0442867391,0.0885550470
0.0730000000,0.0442683082,0.0442867388,0.0885550470
0.0731666667,0.0442683084,0.0442867386,0.0885550470
0.0733333333,0.0442683086,0.0442867384,0.0885550470
0.0735000000,0.0442683087,0.0442867383,0.0885550470
0.0736666667,0.0442683088,0.0442867382,0.0885550470
0.0738333333,0.0442683089,0.0442867382,0.0885550470
0.0740000000,0.0442683089,0.0442867381,0.0885550470
0.0741666667,0.0442683090,0.0442867381,0.0885550470
0.0743333333,0.0442683090,0.0442867380,0.0885550470
0.0745000000,0.0442683090,0.0442867380,0.0885550470
0.0746666667,0.0442683091,0.0442867380,0.0885550470
0.0748333333,0.0442683091,0.0442867380,0.0885550470
0.0750000000,0.0442683091,0.0442867379,0.0885550470
0.0751666667,0.0442683091,0.0442867379,0.0885550470
0.0753333333,0.0442683091,0.0442867379,0.0885550470
0.0755000000,0.0442683092,0.0442867379,0.0885550470
0.0756666667,0.0442683092,0.0442867378,0.0885550470
0.0758333333,0.0442683093,0.0442867378,0.0885550470
0.0760000000,0.0442683093,0.0442867377,0.0885550470
0.0761666667,0.0442683094,0.0442867376,0.0885550470
0.0763333333,0.0442683096,0.0442867375,0.0885550470
0.0765000000,0.0442683098,0.0442867373,0.0885550470
0.0766666667,0.0442683100,0.0442867371,0.0885550470
0.0768333333,0.0442683103,0.0442867367,0.0885550470
0.0770000000,0.0442683107,0.0442867363,0.0885550470
0.0771666667,0.0442683112,0.0442867358,0.0885550470
0.0773333333,0.0442683119,0.0442867351,0.0885550470
0.0775000000,0.0442683129,0.0442867342,0.0885550471
0.0776666667,0.0442683141,0.0442867330,0.0885550471
0.0778333333,0.0442683157,0.0442867314,0.0885550471
0.0780000000,0.0442683177,0.0442867293,0.0885550471
0.0781666667,0.0442683204,0.0442867267,0.0885550471
0.0783333333,0.0442683239,0.0442867232,0.0885550471
0.0785000000,0.0442683284,0.0442867187,0.0885550471
0.0786666667,0.0442683342,0.0442867129,0.0885550471
0.0788333333,0.0442683417,0.0442867054,0.0885550472
0.0790000000,0.0442683514,0.0442866958,0.0885550472
0.0791666667,0.0442683637,0.0442866835,0.0885550473
0.0793333333,0.0442683795,0.0442866678,0.0885550473
0.0795000000,0.0442683997,0.0442866477,0.0885550474
0.0796666667,0.0442684253,0.0442866222,0.0885550475
0.0798333333,0.0442684579,0.0442865897,0.0885550476
0.0800000000,0.0442684991,0.0442865486,0.0885550477
0.0801666667,0.0442685513,0.0442864966,0.0885550479
0.0803333333,0.0442686170,0.0442864310,0.0885550481
0.0805000000,0.0442686997,0.0442863486,0.0885550483
0.0806666667,0.0442688035,0.0442862452,0.0885550487
0.0808333333,0.0442689334,0.0442861156,0.0885550490
0.0810000000,0.0442690956,0.0442859539,0.0885550495
0.0811666667,0.0442692977,0.0442857524,0.0885550501
0.0813333333,0.0442695487,0.0442855020,0.0885550508
0.0815000000,0.0442698600,0.0442851916,0.0885550516
0.0816666667,0.0442702449,0.0442848077,0.0885550526
0.0818333333,0.0442707198,0.0442843340,0.0885550539
0.0820000000,0.0442713042,0.0442837511,0.0885550553
0.0821666667,0.0442720216,0.0442830355,0.0885550571
0.0823333333,0.0442729000,0.0442821591,0.0885550591
0.0825000000,0.0442739731,0.0442810886,0.0885550616
0.0826666667,0.0442752806,0.0442797840,0.0885550646
0.0828333333,0.0442768698,0.0442781983,0.0885550681
0.0830000000,0.0442787965,0.0442762756,0.0885550722
0.0831666667,0.0442811266,0.0442739503,0.0885550770
0.0833333333,0.0442839375,0.0442711451,0.0885550826
0.0835000000,0.0442873197,0.0442677695,0.0885550892
0.0836666667,0.0442913790,0.0442637179,0.0885550969
0.0838333333,0.0442962384,0.0442588674,0.0885551058
0.0840000000,0.0443020409,0.0442530752,0.0885551161
0.0841666667,0.0443089514,0.0442461766,0.0885551280
0.0843333333,0.0443171603,0.0442379813,0.0885551416
0.0845000000,0.0443268862,0.0442282710,0.0885551572
0.0846666667,0.0443383790,0.0442167960,0.0885551750
0.0848333333,0.0443519241,0.0442032711,0.0885551952
0.0850000000,0.0443678456,0.0441873725,0.0885552181
0.0851666667,0.0443865105,0.0441687335,0.0885552440
0.0853333333,0.0444083327,0.0441469403,0.0885552730
0.0855000000,0.0444337774,0.0441215281,0.0885553055
0.0856666667,0.0444633651,0.0440919767,0.0885553417
0.0858333333,0.0444976760,0.0440577059,0.0885553820
0.0860000000,0.0445373542,0.0440180722,0.0885554264
0.0861666667,0.0445831115,0.0439723639,0.0885554753
0.0863333333,0.0446357308,0.0439197981,0.0885555289
0.0865000000,0.0446960698,0.0438595175,0.0885555873
0.0866666667,0.0447650628,0.0437905878,0.0885556506
0.0868333333,0.0448437232,0.0437119957,0.0885557189
0.0870000000,0.0449331436,0.0436226485,0.0885557922
0.0871666667,0.0450344957,0.0435213745,0.0885558702
0.0873333333,0.0451490284,0.0434069245,0.0885559530
0.0875000000,0.0452780646,0.0432779754,0.0885560400
0.0876666667,0.0454229956,0.0431331353,0.0885561308
0.0878333333,0.0455852737,0.0429709512,0.0885562249
0.0880000000,0.0457664030,0.0427899185,0.0885563215
0.0881666667,0.0459679265,0.0425884931,0.0885564196
0.0883333333,0.0461914114,0.0423651067,0.0885565181
0.0885000000,0.0464384309,0.0421181848,0.0885566156
0.0886666667,0.0467105429,0.0418461679,0.0885567107
0.0888333333,0.0470092657,0.0415475359,0.0885568016
0.0890000000,0.0473360501,0.0412208363,0.0885568864
0.0891666667,0.0476922478,0.0408647151,0.0885569628
0.0893333333,0.0480790770,0.0404779516,0.0885570286
0.0895000000,0.0484975845,0.0400594966,0.0885570811
0.0896666667,0.0489486047,0.0396085129,0.0885571176
0.0898333333,0.0494327157,0.0391244195,0.0885571352
0.0900000000,0.0499501939,0.0386069371,0.0885571310
0.0901666667,0.0505009653,0.0380561365,0.0885571018
0.0903333333,0.0510845571,0.0374724875,0.0885570446
0.0905000000,0.0517000477,0.0368569086,0.0885569563
0.0906666667,0.0523460182,0.0362108157,0.0885568339
0.0908333333,0.0530205038,0.0355361706,0.0885566745
0.0910000000,0.0537209495,0.0348355260,0.0885564755
0.0911666667,0.0544441675,0.0341120672,0.0885562347
0.0913333333,0.0551863009,0.0333696492,0.0885559501
0.0915000000,0.0559427930,0.0326128272,0.0885556202
0.0916666667,0.0567083640,0.0318468802,0.0885552442
0.0918333333,0.0574769967,0.0310778250,0.0885548218
0.0920000000,0.0582419330,0.0303124204,0.0885543533
0.0921666667,0.0589956805,0.0295581597,0.0885538402
0.0923333333,0.0597300336,0.0288232509,0.0885532845
0.0925000000,0.0604361069,0.0281165823,0.0885526892
0.0926666667,0.0611043841,0.0274476743,0.0885520584
0.0928333333,0.0617247825,0.0268266146,0.0885513971
0.0930000000,0.0622867324,0.0262639788,0.0885507112
0.0931666667,0.0627792739,0.0257707339,0.0885500078
0.0933333333,0.0631911690,0.0253581259,0.0885492949
0.0935000000,0.0635110288,0.0250375526,0.0885485814
0.0936666667,0.0637274564,0.0248204206,0.0885478770
0.0938333333,0.0638292026,0.0247179897,0.0885471922
0.0940000000,0.0638053336,0.0247412047,0.0885465383
0.0941666667,0.0636454087,0.0249005179,0.0885459266
0.0943333333,0.0633396657,0.0252057036,0.0885453692
0.0945000000,0.0628792103,0.0256656678,0.0885448781
0.0946666667,0.0622562084,0.0262882567,0.0885444651
0.0948333333,0.0614640759,0.0270800660,0.0885441419
0.0950000000,0.0604976633,0.0280462562,0.0885439195
0.0951666667,0.0593534320,0.0291903760,0.0885438080
0.0953333333,0.0580296169,0.0305141999,0.0885438167
0.0955000000,0.0565263727,0.0320175807,0.0885439534
0.0956666667,0.0548459000,0.0336983246,0.0885442246
0.0958333333,0.0529925464,0.0355520884,0.0885446348
0.0960000000,0.0509728807,0.0375723061,0.0885451868
0.0961666667,0.0487957357,0.0397501455,0.0885458812
0.0963333333,0.0464722190,0.0420744974,0.0885467164
0.0965000000,0.0440156867,0.0445320020,0.0885476886
0.0966666667,0.0414416815,0.0471071100,0.0885487915
0.0968333333,0.0387678329,0.0497821837,0.0885500165
0.0970000000,0.0360137184,0.0525376342,0.0885513526
0.0971666667,0.0332006894,0.0553520972,0.0885527866
0.0973333333,0.0303516596,0.0582026437,0.0885543033
0.0975000000,0.0274908606,0.0610650247,0.0885558853
0.0976666667,0.0246435672,0.0639139467,0.0885575138
0.0978333333,0.0218357947,0.0667233738,0.0885591685
0.0980000000,0.0190939755,0.0694668524,0.0885608280
0.0981666667,0.0164446166,0.0721178535,0.0885624700
0.0983333333,0.0139139459,0.0746501263,0.0885640722
0.0985000000,0.0115275534,0.0770380586,0.0885656120
0.0986666667,0.0093100309,0.0792570363,0.0885670673
0.0988333333,0.0072846207,0.0812837962,0.0885684168
0.0990000000,0.0054728752,0.0830967654,0.0885696406
0.0991666667,0.0038943385,0.0846763817,0.0885707202
0.0993333333,0.0025662513,0.0860053879,0.0885716392
0.0995000000,0.0015032887,0.0870690946,0.0885723833
0.0996666667,0.0007173338,0.0878556072,0.0885729410
0.0998333333,0.0002172921,0.0883560113,0.0885733035
0.1000000000,0.0000089509,0.0885645139,0.0885734648
0.1001666667,0.0000948854,0.0884785368,0.0885734222
0.1003333333,0.0004744154,0.0880987607,0.0885731761
0.1005000000,0.0011436112,0.0874291190,0.0885727302
0.1006666667,0.0020953501,0.0864767408,0.0885720909
0.1008333333,0.0033194228,0.0852518450,0.0885712679
0.1010000000,0.0048026862,0.0837675874,0.0885702735
0.1011666667,0.0065292606,0.0820398622,0.0885691228
0.1013333333,0.0084807682,0.0800870645,0.0885678327
0.1015000000,0.0106366065,0.0779298160,0.0885664225
0.1016666667,0.0129742526,0.0755906601,0.0885649127
0.1018333333,0.0154695929,0.0730937321,0.0885633251
0.1020000000,0.0180972712,0.0704644111,0.0885616822
0.1021666667,0.0208310483,0.0677289589,0.0885600072
0.1023333333,0.0236441685,0.0649141541,0.0885583226
0.1025000000,0.0265097244,0.0620469267,0.0885566511
0.1026666667,0.0294010145,0.0591539996,0.0885550141
0.1028333333,0.0322918881,0.0562615440,0.0885534321
0.1030000000,0.0351570701,0.0533948538,0.0885519238
0.1031666667,0.0379724630,0.0505780435,0.0885505065
0.1033333333,0.0407154196,0.0478337756,0.0885491951
0.1035000000,0.0433649836,0.0451830190,0.0885480026
0.1036666667,0.0459020952,0.0426448441,0.0885469394
0.1038333333,0.0483097591,0.0402362544,0.0885460136
0.1040000000,0.0505731739,0.0379720569,0.0885452308
0.1041666667,0.0526798217,0.0358647726,0.0885445943
0.1043333333,0.0546195199,0.0339245849,0.0885441048
0.1045000000,0.0563844333,0.0321593275,0.0885437608
0.1046666667,0.0579690516,0.0305745072,0.0885435588
0.1048333333,0.0593701315,0.0291733617,0.0885434932
0.1050000000,0.0605866084,0.0279569483,0.0885435567
0.1051666667,0.0616194801,0.0269242603,0.0885437404
0.1053333333,0.0624716667,0.0260723677,0.0885440344
0.1055000000,0.0631478491,0.0253965784,0.0885444275
0.1056666667,0.0636542927,0.0248906151,0.0885449078
0.1058333333,0.0639986582,0.0245468048,0.0885454630
0.1060000000,0.0641898043,0.0243562763,0.0885460806
0.1061666667,0.0642375868,0.0243091610,0.0885467479
0.1063333333,0.0641526571,0.0243947953,0.0885474524
0.1065000000,0.0639462637,0.0246019185,0.0885481822
0.1066666667,0.0636300606,0.0249188652,0.0885489258
0.1068333333,0.0632159243,0.0253337483,0.0885496725
0.1070000000,0.0627157822,0.0258346302,0.0885504125
0.1071666667,0.0621414557,0.0264096810,0.0885511367
0.1073333333,0.0615045167,0.0270473207,0.0885518373
0.1075000000,0.0608161615,0.0277363460,0.0885525075
0.1076666667,0.0600871018,0.0284660397,0.0885531415
0.1078333333,0.0593274716,0.0292262630,0.0885537346
0.1080000000,0.0585467531,0.0300075301,0.0885542832
0.1081666667,0.0577537186,0.0308010660,0.0885547847
0.1083333333,0.0569563885,0.0315988489,0.0885552374
0.1085000000,0.0561620053,0.0323936354,0.0885556407
0.1086666667,0.0553770213,0.0331789732,0.0885559945
0.1088333333,0.0546070998,0.0339492000,0.0885562998
0.1090000000,0.0538571275,0.0346994303,0.0885565578
0.1091666667,0.0531312376,0.0354255331,0.0885567707
0.1093333333,0.0524328408,0.0361241000,0.0885569408
0.1095000000,0.0517646644,0.0367924065,0.0885570709
0.1096666667,0.0511287965,0.0374283677,0.0885571641
0.1098333333,0.0505267344,0.0380304892,0.0885572236
0.1100000000,0.0499594369,0.0385978159,0.0885572528
0.1101666667,0.0494273770,0.0391298779,0.0885572550
0.1103333333,0.0489305967,0.0396266369,0.0885572335
0.1105000000,0.0484687599,0.0400884319,0.0885571918
0.1106666667,0.0480412057,0.0405159273,0.0885571330
0.1108333333,0.0476469983,0.0409100617,0.0885570600
0.1110000000,0.0472849753,0.0412720003,0.0885569757
0.1111666667,0.0469537930,0.0416030896,0.0885568826
0.1113333333,0.0466519672,0.0419048160,0.0885567832
0.1115000000,0.0463779121,0.0421787675,0.0885566796
0.1116666667,0.0461299738,0.0424266000,0.0885565737
0.1118333333,0.0459064611,0.0426500060,0.0885564672
0.1120000000,0.0457056724,0.0428506890,0.0885563614
0.1121666667,0.0455259178,0.0430303398,0.0885562577
0.1123333333,0.0453655396,0.0431906173,0.0885561569
0.1125000000,0.0452229274,0.0433331326,0.0885560600
0.1126666667,0.0450965316,0.0434594359,0.0885559675
0.1128333333,0.0449848736,0.0435710064,0.0885558800
0.1130000000,0.0448865527,0.0436692449,0.0885557976
0.1131666667,0.0448002519,0.0437554688,0.0885557207
0.1133333333,0.0447247409,0.0438309084,0.0885556493
0.1135000000,0.0446588772,0.0438967062,0.0885555834
0.1136666667,0.0446016062,0.0439539167,0.0885555229
0.1138333333,0.0445519600,0.0440035077,0.0885554677
0.1140000000,0.0445090546,0.0440463629,0.0885554175
0.1141666667,0.0444720870,0.0440832852,0.0885553722
0.1143333333,0.0444403311,0.0441150003,0.0885553314
0.1145000000,0.0444131336,0.0441421613,0.0885552949
0.1146666667,0.0443899092,0.0441653531,0.0885552623
0.1148333333,0.0443701360,0.0441850974,0.0885552333
0.1150000000,0.0443533504,0.0442018574,0.0885552078
0.1151666667,0.0443391426,0.0442160426,0.0885551852
0.1153333333,0.0443271517,0.0442280138,0.0885551655
0.1155000000,0.0443170608,0.0442380874,0.0885551482
0.1156666667,0.0443085934,0.0442465397,0.0885551332
0.1158333333,0.0443015087,0.0442536115,0.0885551202
0.1160000000,0.0442955976,0.0442595113,0.0885551089
0.1161666667,0.0442906798,0.0442644194,0.0885550992
0.1163333333,0.0442866000,0.0442684910,0.0885550909
0.1165000000,0.0442832248,0.0442718590,0.0885550838
0.1166666667,0.0442804405,0.0442746372,0.0885550778
0.1168333333,0.0442781501,0.0442769226,0.0885550727
0.1170000000,0.0442762711,0.0442787972,0.0885550683
0.1171666667,0.0442747341,0.0442803306,0.0885550647
0.1173333333,0.0442734801,0.0442815814,0.0885550616
0.1175000000,0.0442724601,0.0442825990,0.0885550590
0.1176666667,0.0442716325,0.0442834244,0.0885550569
0.1178333333,0.0442709630,0.0442840921,0.0885550551
0.1180000000,0.0442704228,0.0442846308,0.0885550536
0.1181666667,0.0442699882,0.0442850642,0.0885550524
0.1183333333,0.0442696394,0.0442854119,0.0885550514
0.1185000000,0.0442693604,0.0442856902,0.0885550505
0.1186666667,0.0442691377,0.0442859122,0.0885550499
0.1188333333,0.0442689605,0.0442860888,0.0885550493
0.1190000000,0.0442688198,0.0442862290,0.0885550489
0.1191666667,0.0442687085,0.0442863400,0.0885550485
0.1193333333,0.0442686206,0.0442864276,0.0885550482
0.1195000000,0.0442685515,0.0442864965,0.0885550480
0.1196666667,0.0442684971,0.0442865506,0.0885550478
0.1198333333,0.0442684546,0.0442865930,0.0885550476
0.1200000000,0.0442684214,0.0442866261,0.0885550475
0.1201666667,0.0442683956,0.0442866518,0.0885550474
0.1203333333,0.0442683755,0.0442866718,0.0885550473
0.1205000000,0.0442683599,0.0442866873,0.0885550473
0.1206666667,0.0442683479,0.0442866993,0.0885550472
0.1208333333,0.0442683387,0.0442867085,0.0885550472
0.1210000000,0.0442683316,0.0442867156,0.0885550471
0.1211666667,0.0442683261,0.0442867210,0.0885550471
0.1213333333,0.0442683220,0.0442867251,0.0885550471
0.1215000000,0.0442683188,0.0442867283,0.0885550471
0.1216666667,0.0442683164,0.0442867307,0.0885550471
0.1218333333,0.0442683145,0.0442867325,0.0885550471
0.1220000000,0.0442683132,0.0442867339,0.0885550471
0.1221666667,0.0442683121,0.0442867349,0.0885550471
0.1223333333,0.0442683113,0.0442867357,0.0885550470
0.1225000000,0.0442683108,0.0442867363,0.0885550470
0.1226666667,0.0442683103,0.0442867367,0.0885550470
0.1228333333,0.0442683100,0.0442867371,0.0885550470
0.1230000000,0.0442683097,0.0442867373,0.0885550470
0.1231666667,0.0442683096,0.0442867375,0.0885550470
0.1233333333,0.0442683094,0.0442867376,0.0885550470
0.1235000000,0.0442683093,0.0442867377,0.0885550470
0.1236666667,0.0442683093,0.0442867378,0.0885550470
0.1238333333,0.0442683092,0.0442867378,0.0885550470
0.1240000000,0.0442683092,0.0442867379,0.0885550470
0.1241666667,0.0442683091,0.0442867379,0.0885550470
0.1243333333,0.0442683091,0.0442867379,0.0885550470
0.1245000000,0.0442683091,0.0442867380,0.0885550470
0.1246666667,0.0442683091,0.0442867380,0.0885550470
0.1248333333,0.0442683090,0.0442867380,0.0885550470
0.1250000000,0.0442683090,0.0442867380,0.0885550470
0.1251666667,0.0442683090,0.0442867380,0.0885550470
0.1253333333,0.0442683090,0.0442867381,0.0885550470
0.1255000000,0.0442683089,0.0442867381,0.0885550470
0.1256666667,0.0442683089,0.0442867382,0.0885550470
0.1258333333,0.0442683088,0.0442867382,0.0885550470
0.1260000000,0.0442683087,0.0442867383,0.0885550470
0.1261666667,0.0442683086,0.0442867384,0.0885550470
0.1263333333,0.0442683084,0.0442867386,0.0885550470
0.1265000000,0.0442683082,0.0442867388,0.0885550470
0.1266666667,0.0442683079,0.0442867391,0.0885550470
0.1268333333,0.0442683076,0.0442867395,0.0885550470
0.1270000000,0.0442683071,0.0442867399,0.0885550470
0.1271666667,0.0442683064,0.0442867406,0.0885550470
0.1273333333,0.0442683056,0.0442867414,0.0885550470
0.1275000000,0.0442683045,0.0442867425,0.0885550470
0.1276666667,0.0442683031,0.0442867439,0.0885550470
0.1278333333,0.0442683012,0.0442867458,0.0885550470
0.1280000000,0.0442682988,0.0442867482,0.0885550470
0.1281666667,0.0442682957,0.0442867512,0.0885550470
0.1283333333,0.0442682917,0.0442867552,0.0885550470
0.1285000000,0.0442682865,0.0442867604,0.0885550469
0.1286666667,0.0442682799,0.0442867670,0.0885550469
0.1288333333,0.0442682714,0.0442867755,0.0885550469
0.1290000000,0.0442682604,0.0442867864,0.0885550468
0.1291666667,0.0442682465,0.0442868003,0.0885550468
0.1293333333,0.0442682287,0.0442868180,0.0885550467
0.1295000000,0.0442682061,0.0442868405,0.0885550467
0.1296666667,0.0442681775,0.0442868691,0.0885550466
0.1298333333,0.0442681412,0.0442869052,0.0885550464
0.1300000000,0.0442680955,0.0442869508,0.0885550463
0.1301666667,0.0442680378,0.0442870083,0.0885550461
0.1303333333,0.0442679654,0.0442870805,0.0885550459
0.1305000000,0.0442678746,0.0442871710,0.0885550456
0.1306666667,0.0442677610,0.0442872842,0.0885550453
0.1308333333,0.0442676193,0.0442874255,0.0885550449
0.1310000000,0.0442674430,0.0442876014,0.0885550444
0.1311666667,0.0442672239,0.0442878199,0.0885550438
0.1313333333,0.0442669525,0.0442880906,0.0885550431
0.1315000000,0.0442666170,0.0442884252,0.0885550422
0.1316666667,0.0442662034,0.0442888378,0.0885550411
0.1318333333,0.0442656945,0.0442893454,0.0885550398
0.1320000000,0.0442650700,0.0442899683,0.0885550383
0.1321666667,0.0442643055,0.0442907310,0.0885550365
0.1323333333,0.0442633718,0.0442916626,0.0885550343
0.1325000000,0.0442622342,0.0442927976,0.0885550318
0.1326666667,0.0442608515,0.0442941772,0.0885550287
0.1328333333,0.0442591752,0.0442958500,0.0885550252
0.1330000000,0.0442571477,0.0442978732,0.0885550210
0.1331666667,0.0442547016,0.0443003144,0.0885550160
0.1333333333,0.0442517576,0.0443032526,0.0885550103
0.1335000000,0.0442482233,0.0443067802,0.0885550035
0.1336666667,0.0442439909,0.0443110048,0.0885549957
0.1338333333,0.0442389351,0.0443160516,0.0885549867
0.1340000000,0.0442329108,0.0443220654,0.0885549762
0.1341666667,0.0442257509,0.0443292134,0.0885549642
0.1343333333,0.0442172627,0.0443376878,0.0885549505
0.1345000000,0.0442072256,0.0443477092,0.0885549347
0.1346666667,0.0441953875,0.0443595294,0.0885549168
0.1348333333,0.0441814612,0.0443734353,0.0885548965
0.1350000000,0.0441651211,0.0443897524,0.0885548735
0.1351666667,0.0441459991,0.0444088486,0.0885548476
0.1353333333,0.0441236803,0.0444311383,0.0885548186
0.1355000000,0.0440976996,0.0444570865,0.0885547861
0.1356666667,0.0440675370,0.0444872130,0.0885547500
0.1358333333,0.0440326138,0.0445220961,0.0885547099
0.1360000000,0.0439922884,0.0445623773,0.0885546657
0.1361666667,0.0439458527,0.0446087644,0.0885546171
0.1363333333,0.0438925286,0.0446620353,0.0885545639
0.1365000000,0.0438314651,0.0447230409,0.0885545060
0.1366666667,0.0437617359,0.0447927074,0.0885544433
0.1368333333,0.0436823376,0.0448720381,0.0885543758
0.1370000000,0.0435921895,0.0449621139,0.0885543034
0.1371666667,0.0434901339,0.0450640925,0.0885542263
0.1373333333,0.0433749377,0.0451792070,0.0885541447
0.1375000000,0.0432452966,0.0453087624,0.0885540590
0.1376666667,0.0430998399,0.0454541297,0.0885539696
0.1378333333,0.0429371377,0.0456167394,0.0885538770
0.1380000000,0.0427557110,0.0457980712,0.0885537822
0.1381666667,0.0425540435,0.0459996423,0.0885536859
0.1383333333,0.0423305967,0.0462229926,0.0885535892
0.1385000000,0.0420838272,0.0464696664,0.0885534936
0.1386666667,0.0418122081,0.0467411923,0.0885534005
0.1388333333,0.0415142527,0.0470390588,0.0885533116
0.1390000000,0.0411885419,0.0473646869,0.0885532287
0.1391666667,0.0408337546,0.0477193996,0.0885531541
0.1393333333,0.0404487021,0.0481043880,0.0885530901
0.1395000000,0.0400323646,0.0485206745,0.0885530391
0.1396666667,0.0395839318,0.0489690720,0.0885530038
0.1398333333,0.0391028451,0.0494501420,0.0885529871
0.1400000000,0.0385888429,0.0499641490,0.0885529919
0.1401666667,0.0380420070,0.0505110141,0.0885530211
0.1403333333,0.0374628113,0.0510902665,0.0885530778
0.1405000000,0.0368521696,0.0517009955,0.0885531651
0.1406666667,0.0362114838,0.0523418020,0.0885532858
0.1408333333,0.0355426910,0.0530107517,0.0885534428
0.1410000000,0.0348483079,0.0537053307,0.0885536386
0.1411666667,0.0341314714,0.0544224041,0.0885538754
0.1413333333,0.0333959755,0.0551581799,0.0885541553
0.1415000000,0.0326463014,0.0559081783,0.0885544797
0.1416666667,0.0318876407,0.0566672088,0.0885548494
0.1418333333,0.0311259099,0.0574293550,0.0885552649
0.1420000000,0.0303677550,0.0581879706,0.0885557256
0.1421666667,0.0296205451,0.0589356853,0.0885562304
0.1423333333,0.0288923534,0.0596644240,0.0885567773
0.1425000000,0.0281919248,0.0603654387,0.0885573634
0.1426666667,0.0275286293,0.0610293556,0.0885579849
0.1428333333,0.0269124004,0.0616462364,0.0885586368
0.1430000000,0.0263536572,0.0622056562,0.0885593134
0.1431666667,0.0258632120,0.0626967959,0.0885600079
0.1433333333,0.0254521608,0.0631085517,0.0885607125
0.1435000000,0.0251317592,0.0634296593,0.0885614184
0.1436666667,0.0249132840,0.0636488323,0.0885621163
0.1438333333,0.0248078806,0.0637549152,0.0885627958
0.1440000000,0.0248263990,0.0637370470,0.0885634460
0.1441666667,0.0249792198,0.0635848357,0.0885640555
0.1443333333,0.0252760719,0.0632885408,0.0885646127
0.1445000000,0.0257258458,0.0628392598,0.0885651056
0.1446666667,0.0263364044,0.0622291180,0.0885655225
0.1448333333,0.0271143950,0.0614514569,0.0885658518
0.1450000000,0.0280650654,0.0605010173,0.0885660827
0.1451666667,0.0291920893,0.0593741156,0.0885662049
0.1453333333,0.0304974028,0.0580688063,0.0885662091
0.1455000000,0.0319810574,0.0565850300,0.0885660874
0.1456666667,0.0336410923,0.0549247408,0.0885658332
0.1458333333,0.0354734303,0.0530920113,0.0885654416
0.1460000000,0.0374718002,0.0510931094,0.0885649097
0.1461666667,0.0396276895,0.0489365469,0.0885642364
0.1463333333,0.0419303287,0.0466330944,0.0885634231
0.1465000000,0.0443667113,0.0441957619,0.0885624731
0.1466666667,0.0469216496,0.0416397428,0.0885613924
0.1468333333,0.0495778678,0.0389823212,0.0885601890
0.1470000000,0.0523161326,0.0362427409,0.0885588735
0.1471666667,0.0551154212,0.0334420374,0.0885574585
0.1473333333,0.0579531245,0.0306028346,0.0885559591
0.1475000000,0.0608052849,0.0277491070,0.0885543919
0.1476666667,0.0636468642,0.0249059113,0.0885527754
0.1478333333,0.0664520394,0.0220990903,0.0885511298
0.1480000000,0.0691945220,0.0193549539,0.0885494759
0.1481666667,0.0718478947,0.0166999412,0.0885478359
0.1483333333,0.0743859620,0.0141602700,0.0885462321
0.1485000000,0.0767831073,0.0117615796,0.0885446868
0.1486666667,0.0790146507,0.0095285716,0.0885432223
0.1488333333,0.0810572026,0.0074846572,0.0885418598
0.1490000000,0.0828890034,0.0056516162,0.0885406196
0.1491666667,0.0844902471,0.0040492732,0.0885395203
0.1493333333,0.0858433788,0.0026952000,0.0885385788
0.1495000000,0.0869333636,0.0016044460,0.0885378096
0.1496666667,0.0877479190,0.0007893059,0.0885372249
0.1498333333,0.0882777082,0.0002591258,0.0885368340
0.1500000000,0.0885164891,0.0000201542,0.0885366432
0.1501666667,0.0884612166,0.0000754395,0.0885366561
0.1503333333,0.0881120960,0.0004247766,0.0885368726
0.1505000000,0.0874725862,0.0010647037,0.0885372899
0.1506666667,0.0865493522,0.0019885498,0.0885379019
0.1508333333,0.0853521682,0.0031865315,0.0885386996
0.1510000000,0.0838937734,0.0046458977,0.0885396711
0.1511666667,0.0821896821,0.0063511198,0.0885408018
0.1513333333,0.0802579528,0.0082841223,0.0885420751
0.1515000000,0.0781189203,0.0104245518,0.0885434721
0.1516666667,0.0757948957,0.0127500767,0.0885449724
0.1518333333,0.0733098406,0.0152367138,0.0885465544
0.1520000000,0.0706890207,0.0178591747,0.0885481954
0.1521666667,0.0679586469,0.0205912257,0.0885498726
0.1523333333,0.0651455077,0.0234060552,0.0885515629
0.1525000000,0.0622766026,0.0262766410,0.0885532437
0.1526666667,0.0593787811,0.0291761120,0.0885548932
0.1528333333,0.0564783934,0.0320780972,0.0885564906
0.1530000000,0.0536009594,0.0349570572,0.0885580167
0.1531666667,0.0507708616,0.0377885923,0.0885594539
0.1533333333,0.0480110644,0.0405497224,0.0885607867
0.1535000000,0.0453428664,0.0432191354,0.0885620018
0.1536666667,0.0427856873,0.0457774009,0.0885630882
0.1538333333,0.0403568919,0.0482071453,0.0885640373
0.1540000000,0.0380716533,0.0504931897,0.0885648429
0.1541666667,0.0359428550,0.0526226466,0.0885655016
0.1543333333,0.0339810339,0.0545849782,0.0885660121
0.1545000000,0.0321943601,0.0563720155,0.0885663756
0.1546666667,0.0305886551,0.0579779401,0.0885665952
0.1548333333,0.0291674443,0.0593992322,0.0885666765
0.1550000000,0.0279320415,0.0606345849,0.0885666263
0.1551666667,0.0268816622,0.0616847914,0.0885664536
0.1553333333,0.0260135624,0.0625526058,0.0885661682
0.1555000000,0.0253231978,0.0632425835,0.0885657812
0.1556666667,0.0248044008,0.0637609038,0.0885653046
0.1558333333,0.0244495704,0.0641151803,0.0885647508
0.1560000000,0.0242498707,0.0643142617,0.0885641324
0.1561666667,0.0241954340,0.0643680284,0.0885634624
0.1563333333,0.0242755652,0.0642871881,0.0885627533
0.1565000000,0.0244789432,0.0640830742,0.0885620174
0.1566666667,0.0247938168,0.0637674496,0.0885612663
0.1568333333,0.0252081909,0.0633523202,0.0885605111
0.1570000000,0.0257100022,0.0628497597,0.0885597618
0.1571666667,0.0262872807,0.0622717470,0.0885590277
0.1573333333,0.0269282966,0.0616300202,0.0885583169
0.1575000000,0.0276216904,0.0609359459,0.0885576363
0.1576666667,0.0283565860,0.0602004062,0.0885569922
0.1578333333,0.0291226859,0.0594337032,0.0885563892
0.1580000000,0.0299103498,0.0586454813,0.0885558311
0.1581666667,0.0307106544,0.0578446664,0.0885553208
0.1583333333,0.0315154376,0.0570394223,0.0885548599
0.1585000000,0.0323173266,0.0562371226,0.0885544492
0.1586666667,0.0331097514,0.0554443375,0.0885540889
0.1588333333,0.0338869444,0.0546668335,0.0885537780
0.1590000000,0.0346439289,0.0539095862,0.0885535152
0.1591666667,0.0353764960,0.0531768024,0.0885532985
0.1593333333,0.0360811733,0.0524719521,0.0885531254
0.1595000000,0.0367551857,0.0517978074,0.0885529931
0.1596666667,0.0373964105,0.0511564880,0.0885528985
0.1598333333,0.0380033277,0.0505495106,0.0885528383
0.1600000000,0.0385749675,0.0499778416,0.0885528091
0.1601666667,0.0391108555,0.0494419519,0.0885528074
0.1603333333,0.0396109575,0.0489418723,0.0885528298
0.1605000000,0.0400756248,0.0484772480,0.0885528729
0.1606666667,0.0405055402,0.0480473932,0.0885529334
0.1608333333,0.0409016661,0.0476513423,0.0885530083
0.1610000000,0.0412651955,0.0472878993,0.0885530948
0.1611666667,0.0415975060,0.0469556840,0.0885531900
0.1613333333,0.0419001170,0.0466531747,0.0885532917
0.1615000000,0.0421746507,0.0463787469,0.0885533976
0.1616666667,0.0424227972,0.0461307085,0.0885535057
0.1618333333,0.0426462836,0.0459073308,0.0885536144
0.1620000000,0.0428468461,0.0457068761,0.0885537222
0.1621666667,0.0430262073,0.0455276206,0.0885538279
0.1623333333,0.0431860559,0.0453678746,0.0885539304
0.1625000000,0.0433280306,0.0452259984,0.0885540290
0.1626666667,0.0434537069,0.0451004160,0.0885541229
0.1628333333,0.0435645870,0.0449896247,0.0885542118
0.1630000000,0.0436620920,0.0448922032,0.0885542952
0.1631666667,0.0437475570,0.0448068161,0.0885543731
0.1633333333,0.0438222279,0.0447322174,0.0885544453
0.1635000000,0.0438872601,0.0446672518,0.0885545119
0.1636666667,0.0439437189,0.0446108541,0.0885545729
0.1638333333,0.0439925809,0.0445620477,0.0885546286
0.1640000000,0.0440347368,0.0445199422,0.0885546790
0.1641666667,0.0440709947,0.0444837299,0.0885547246
0.1643333333,0.0441020841,0.0444526814,0.0885547655
0.1645000000,0.0441286605,0.0444261416,0.0885548021
0.1646666667,0.0441513101,0.0444035246,0.0885548347
0.1648333333,0.0441705550,0.0443843086,0.0885548636
0.1650000000,0.0441868579,0.0443680312,0.0885548891
0.1651666667,0.0442006274,0.0443542841,0.0885549115
0.1653333333,0.0442122225,0.0443427086,0.0885549311
0.1655000000,0.0442219579,0.0443329903,0.0885549482
0.1656666667,0.0442301077,0.0443248554,0.0885549631
0.1658333333,0.0442369100,0.0443180659,0.0885549759
0.1660000000,0.0442425712,0.0443124158,0.0885549870
0.1661666667,0.0442472690,0.0443077276,0.0885549965
0.1663333333,0.0442511558,0.0443038488,0.0885550047
0.1665000000,0.0442543625,0.0443006491,0.0885550116
0.1666666667,0.0442570005,0.0442980171,0.0885550175
0.1668333333,0.0442591642,0.0442958583,0.0885550225
0.1670000000,0.0442609340,0.0442940928,0.0885550267
0.1671666667,0.0442623773,0.0442926530,0.0885550303
0.1673333333,0.0442635510,0.0442914822,0.0885550332
0.1675000000,0.0442645028,0.0442905329,0.0885550357
0.1676666667,0.0442652724,0.0442897654,0.0885550378
0.1678333333,0.0442658929,0.0442891465,0.0885550395
0.1680000000,0.0442663919,0.0442886490,0.0885550409
0.1681666667,0.0442667919,0.0442882502,0.0885550420
0.1683333333,0.0442671116,0.0442879314,0.0885550430
0.1685000000,0.0442673666,0.0442876772,0.0885550438
0.1686666667,0.0442675692,0.0442874752,0.0885550444
0.1688333333,0.0442677299,0.0442873151,0.0885550449
0.1690000000,0.0442678569,0.0442871885,0.0885550454
0.1691666667,0.0442679569,0.0442870888,0.0885550457
0.1693333333,0.0442680356,0.0442870103,0.0885550460
0.1695000000,0.0442680973,0.0442869489,0.0885550462
0.1696666667,0.0442681455,0.0442869009,0.0885550464
0.1698333333,0.0442681831,0.0442868634,0.0885550465
0.1700000000,0.0442682123,0.0442868343,0.0885550466
0.1701666667,0.0442682349,0.0442868118,0.0885550467
0.1703333333,0.0442682524,0.0442867944,0.0885550468
0.1705000000,0.0442682659,0.0442867809,0.0885550468
0.1706666667,0.0442682763,0.0442867706,0.0885550469
0.1708333333,0.0442682842,0.0442867627,0.0885550469
0.1710000000,0.0442682903,0.0442867567,0.0885550469
0.1711666667,0.0442682949,0.0442867521,0.0885550470
0.1713333333,0.0442682984,0.0442867486,0.0885550470
0.1715000000,0.0442683011,0.0442867459,0.0885550470
0.1716666667,0.0442683031,0.0442867439,0.0885550470
0.1718333333,0.0442683046,0.0442867424,0.0885550470
0.1720000000,0.0442683058,0.0442867413,0.0885550470
0.1721666667,0.0442683066,0.0442867404,0.0885550470
0.1723333333,0.0442683072,0.0442867398,0.0885550470
0.1725000000,0.0442683077,0.0442867393,0.0885550470
0.1726666667,0.0442683081,0.0442867390,0.0885550470
0.1728333333,0.0442683083,0.0442867387,0.0885550470
0.1730000000,0.0442683085,0.0442867385,0.0885550470
0.1731666667,0.0442683087,0.0442867384,0.0885550470
0.1733333333,0.0442683088,0.0442867382,0.0885550470
0.1735000000,0.0442683089,0.0442867382,0.0885550470
0.1736666667,0.0442683089,0.0442867381,0.0885550470
0.1738333333,0.0442683090,0.0442867381,0.0885550470
0.1740000000,0.0442683090,0.0442867380,0.0885550470
0.1741666667,0.0442683090,0.0442867380,0.0885550470
0.1743333333,0.0442683090,0.0442867380,0.0885550470
0.1745000000,0.0442683091,0.0442867380,0.0885550470
0.1746666667,0.0442683091,0.0442867380,0.0885550470
0.1748333333,0.0442683091,0.0442867379,0.0885550470
0.1750000000,0.0442683091,0.0442867379,0.0885550470
0.1751666667,0.0442683092,0.0442867379,0.0885550470
0.1753333333,0.0442683092,0.0442867378,0.0885550470
0.1755000000,0.0442683092,0.0442867378,0.0885550470
0.1756666667,0.0442683093,0.0442867377,0.0885550470
0.1758333333,0.0442683094,0.0442867376,0.0885550470
0.1760000000,0.0442683095,0.0442867375,0.0885550470
0.1761666667,0.0442683096,0.0442867374,0.0885550470
0.1763333333,0.0442683098,0.0442867372,0.0885550470
0.1765000000,0.0442683101,0.0442867369,0.0885550470
0.1766666667,0.0442683104,0.0442867366,0.0885550470
0.1768333333,0.0442683109,0.0442867362,0.0885550470
0.1770000000,0.0442683114,0.0442867356,0.0885550470
0.1771666667,0.0442683122,0.0442867349,0.0885550471
0.1773333333,0.0442683132,0.0442867339,0.0885550471
0.1775000000,0.0442683145,0.0442867326,0.0885550471
0.1776666667,0.0442683161,0.0442867310,0.0885550471
0.1778333333,0.0442683182,0.0442867288,0.0885550471
0.1780000000,0.0442683210,0.0442867261,0.0885550471
0.1781666667,0.0442683246,0.0442867225,0.0885550471
0.1783333333,0.0442683292,0.0442867179,0.0885550471
0.1785000000,0.0442683351,0.0442867121,0.0885550471
0.1786666667,0.0442683426,0.0442867045,0.0885550472
0.1788333333,0.0442683523,0.0442866949,0.0885550472
0.1790000000,0.0442683646,0.0442866827,0.0885550472
0.1791666667,0.0442683803,0.0442866670,0.0885550473
0.1793333333,0.0442684002,0.0442866472,0.0885550474
0.1795000000,0.0442684253,0.0442866221,0.0885550474
0.1796666667,0.0442684572,0.0442865904,0.0885550476
0.1798333333,0.0442684974,0.0442865503,0.0885550477
0.1800000000,0.0442685479,0.0442865000,0.0885550478
0.1801666667,0.0442686113,0.0442864367,0.0885550480
0.1803333333,0.0442686908,0.0442863575,0.0885550483
0.1805000000,0.0442687901,0.0442862585,0.0885550486
0.1806666667,0.0442689139,0.0442861350,0.0885550489
0.1808333333,0.0442690679,0.0442859814,0.0885550493
0.1810000000,0.0442692591,0.0442857908,0.0885550499
0.1811666667,0.0442694958,0.0442855547,0.0885550505
0.1813333333,0.0442697882,0.0442852630,0.0885550513
0.1815000000,0.0442701487,0.0442849035,0.0885550522
0.1816666667,0.0442705920,0.0442844613,0.0885550533
0.1818333333,0.0442711358,0.0442839189,0.0885550546
0.1820000000,0.0442718014,0.0442832548,0.0885550562
0.1821666667,0.0442726141,0.0442824440,0.0885550581
0.1823333333,0.0442736042,0.0442814561,0.0885550603
0.1825000000,0.0442748076,0.0442802554,0.0885550630
0.1826666667,0.0442762665,0.0442787995,0.0885550661
0.1828333333,0.0442780312,0.0442770385,0.0885550697
0.1830000000,0.0442801606,0.0442749134,0.0885550741
0.1831666667,0.0442827239,0.0442723552,0.0885550791
0.1833333333,0.0442858019,0.0442692831,0.0885550850
0.1835000000,0.0442894892,0.0442656026,0.0885550918
0.1836666667,0.0442938956,0.0442612042,0.0885550998
0.1838333333,0.0442991482,0.0442559607,0.0885551090
0.1840000000,0.0443053943,0.0442497252,0.0885551195
0.1841666667,0.0443128034,0.0442423283,0.0885551317
0.1843333333,0.0443215699,0.0442335756,0.0885551456
0.1845000000,0.0443319168,0.0442232446,0.0885551614
0.1846666667,0.0443440981,0.0442110814,0.0885551794
0.1848333333,0.0443584025,0.0441967974,0.0885551999
0.1850000000,0.0443751572,0.0441800657,0.0885552229
0.1851666667,0.0443947315,0.0441605173,0.0885552488
0.1853333333,0.0444175407,0.0441377371,0.0885552779
0.1855000000,0.0444440501,0.0441112602,0.0885553103
0.1856666667,0.0444747789,0.0440805675,0.0885553463
0.1858333333,0.0445103043,0.0440450820,0.0885553863
0.1860000000,0.0445512653,0.0440041650,0.0885554303
0.1861666667,0.0445983663,0.0439571122,0.0885554785
0.1863333333,0.0446523806,0.0439031508,0.0885555313
0.1865000000,0.0447141525,0.0438414362,0.0885555887
0.1866666667,0.0447846006,0.0437710502,0.0885556508
0.1868333333,0.0448647182,0.0436909994,0.0885557176
0.1870000000,0.0449555745,0.0436002147,0.0885557891
0.1871666667,0.0450583135,0.0434975517,0.0885558652
0.1873333333,0.0451741524,0.0433817933,0.0885559457
0.1875000000,0.0453043778,0.0432516524,0.0885560302
0.1876666667,0.0454503403,0.0431057779,0.0885561182
0.1878333333,0.0456134475,0.0429427617,0.0885562092
0.1880000000,0.0457951544,0.0427611481,0.0885563025
0.1881666667,0.0459969510,0.0425594461,0.0885563970
0.1883333333,0.0462203482,0.0423361437,0.0885564918
0.1885000000,0.0464668600,0.0420897256,0.0885565856
0.1886666667,0.0467379834,0.0418186934,0.0885566768
0.1888333333,0.0470351742,0.0415215896,0.0885567638
0.1890000000,0.0473598211,0.0411970236,0.0885568447
0.1891666667,0.0477132149,0.0408437027,0.0885569175
0.1893333333,0.0480965157,0.0404604642,0.0885569799
0.1895000000,0.0485107169,0.0400463125,0.0885570294
0.1896666667,0.0489566055,0.0396004579,0.0885570635
0.1898333333,0.0494347208,0.0391223585,0.0885570793
0.1900000000,0.0499453102,0.0386117638,0.0885570740
0.1901666667,0.0504882834,0.0380687613,0.0885570447
0.1903333333,0.0510631658,0.0374938227,0.0885569884
0.1905000000,0.0516690504,0.0368878517,0.0885569022
0.1906666667,0.0523045517,0.0362522314,0.0885567831
0.1908333333,0.0529677587,0.0355888697,0.0885566284
0.1910000000,0.0536561922,0.0349002435,0.0885564357
0.1911666667,0.0543667637,0.0341894389,0.0885562026
0.1913333333,0.0550957400,0.0334601873,0.0885559273
0.1915000000,0.0558387129,0.0327168954,0.0885556083
0.1916666667,0.0565905763,0.0319646683,0.0885552446
0.1918333333,0.0573455113,0.0312093248,0.0885548360
0.1920000000,0.0580969807,0.0304574021,0.0885543828
0.1921666667,0.0588377353,0.0297161508,0.0885538861
0.1923333333,0.0595598310,0.0289935168,0.0885533477
0.1925000000,0.0602546599,0.0282981107,0.0885527706
0.1926666667,0.0609129949,0.0276391634,0.0885521583
0.1928333333,0.0615250492,0.0270264664,0.0885515156
0.1930000000,0.0620805510,0.0264702971,0.0885508481
0.1931666667,0.0625688339,0.0259813285,0.0885501625
0.1933333333,0.0629789424,0.0255705237,0.0885494662
0.1935000000,0.0632997528,0.0252490149,0.0885487677
0.1936666667,0.0635201084,0.0250279680,0.0885480764
0.1938333333,0.0636289683,0.0249184340,0.0885474023
0.1940000000,0.0636155677,0.0249311883,0.0885467560
0.1941666667,0.0634695889,0.0250765599,0.0885461488
0.1943333333,0.0631813397,0.0253642525,0.0885455922
0.1945000000,0.0627419374,0.0258031605,0.0885450978
0.1946666667,0.0621434957,0.0264011817,0.0885446774
0.1948333333,0.0613793107,0.0271650316,0.0885443423
0.1950000000,0.0604440426,0.0281000608,0.0885441035
0.1951666667,0.0593338903,0.0292100808,0.0885439711
0.1953333333,0.0580467545,0.0304972000,0.0885439545
0.1955000000,0.0565823856,0.0319616762,0.0885440617
0.1956666667,0.0549425128,0.0336017867,0.0885442995
0.1958333333,0.0531309511,0.0354137218,0.0885446729
0.1960000000,0.0511536816,0.0373915036,0.0885451852
0.1961666667,0.0490189037,0.0395269340,0.0885458377
0.1963333333,0.0467370548,0.0418095746,0.0885466294
0.1965000000,0.0443207969,0.0442267605,0.0885475574
0.1966666667,0.0417849665,0.0467636496,0.0885486162
0.1968333333,0.0391464885,0.0494033095,0.0885497980
0.1970000000,0.0364242524,0.0521268406,0.0885510929
0.1971666667,0.0336389518,0.0549135368,0.0885524886
0.1973333333,0.0308128885,0.0577410821,0.0885539706
0.1975000000,0.0279697420,0.0605857805,0.0885555226
0.1976666667,0.0251343081,0.0634228184,0.0885571264
0.1978333333,0.0223322093,0.0662265533,0.0885587626
0.1980000000,0.0195895817,0.0689708284,0.0885604101
0.1981666667,0.0169327424,0.0716293049,0.0885620473
0.1983333333,0.0143878432,0.0741758090,0.0885636521
0.1985000000,0.0119805153,0.0765846867,0.0885652020
0.1986666667,0.0097355137,0.0788311614,0.0885666750
0.1988333333,0.0076763632,0.0808916865,0.0885680497
0.1990000000,0.0058250174,0.0827442881,0.0885693056
0.1991666667,0.0042015330,0.0843688909,0.0885704238
0.1993333333,0.0028237673,0.0857476200,0.0885713873
0.1995000000,0.0017071054,0.0868650755,0.0885721809
0.1996666667,0.0008642207,0.0877085715,0.0885727922
0.1998333333,0.0003048746,0.0882683368,0.0885732114
0.2000000000,0.0000357592,0.0885376722,0.0885734313
0.2001666667,0.0000603863,0.0885130619,0.0885734483
0.2003333333,0.0003790250,0.0881942363,0.0885732613
0.2005000000,0.0009886890,0.0875841839,0.0885728729
0.2006666667,0.0018831745,0.0866891140,0.0885722885
0.2008333333,0.0030531478,0.0855183688,0.0885715166
0.2010000000,0.0044862813,0.0840842873,0.0885705686
0.2011666667,0.0061674351,0.0824020234,0.0885694585
0.2013333333,0.0080788808,0.0804893219,0.0885682027
0.2015000000,0.0102005632,0.0783662566,0.0885668198
0.2016666667,0.0125103953,0.0760549345,0.0885653298
0.2018333333,0.0149845806,0.0735791737,0.0885637543
0.2020000000,0.0175979568,0.0709641591,0.0885621159
0.2021666667,0.0203243545,0.0682360829,0.0885604374
0.2023333333,0.0231369646,0.0654217775,0.0885587420
0.2025000000,0.0260087066,0.0625483460,0.0885570526
0.2026666667,0.0289125936,0.0596427976,0.0885553912
0.2028333333,0.0318220848,0.0567316940,0.0885537788
0.2030000000,0.0347114224,0.0538408129,0.0885522352
0.2031666667,0.0375559447,0.0509948337,0.0885507784
0.2033333333,0.0403323738,0.0482170504,0.0885494242
0.2035000000,0.0430190704,0.0455291161,0.0885481865
0.2036666667,0.0455962550,0.0429508219,0.0885470769
0.2038333333,0.0480461916,0.0404999127,0.0885461043
0.2040000000,0.0503533324,0.0381919430,0.0885452754
0.2041666667,0.0525044225,0.0360401717,0.0885445942
0.2043333333,0.0544885653,0.0340554969,0.0885440622
0.2045000000,0.0562972483,0.0322464305,0.0885436788
0.2046666667,0.0579243306,0.0306191103,0.0885434409
0.2048333333,0.0593659964,0.0291773472,0.0885433435
0.2050000000,0.0606206735,0.0279227063,0.0885433797
0.2051666667,0.0616889239,0.0268546171,0.0885435410
0.2053333333,0.0625733072,0.0259705101,0.0885438173
0.2055000000,0.0632782223,0.0252659753,0.0885441976
0.2056666667,0.0638097311,0.0247349390,0.0885446701
0.2058333333,0.0641753679,0.0243698543,0.0885452221
0.2060000000,0.0643839396,0.0241619013,0.0885458409
0.2061666667,0.0644453207,0.0241011927,0.0885465134
0.2063333333,0.0643702459,0.0241769810,0.0885472269
0.2065000000,0.0641701053,0.0243778635,0.0885479688
0.2066666667,0.0638567458,0.0246919814,0.0885487272
0.2068333333,0.0634422800,0.0251072109,0.0885494910
0.2070000000,0.0629389071,0.0256113426,0.0885502496
0.2071666667,0.0623587465,0.0261922473,0.0885509938
0.2073333333,0.0617136879,0.0268380271,0.0885517150
0.2075000000,0.0610152563,0.0275371498,0.0885524060
0.2076666667,0.0602744955,0.0282785651,0.0885530606
0.2078333333,0.0595018695,0.0290518043,0.0885536738
0.2080000000,0.0587071807,0.0298470608,0.0885542415
0.2081666667,0.0578995076,0.0306552535,0.0885547610
0.2083333333,0.0570871576,0.0314680727,0.0885552303
0.2085000000,0.0562776379,0.0322780106,0.0885556486
0.2086666667,0.0554776402,0.0330783754,0.0885560157
0.2088333333,0.0546930397,0.0338632926,0.0885563324
0.2090000000,0.0539289067,0.0346276934,0.0885566001
0.2091666667,0.0531895286,0.0353672922,0.0885568208
0.2093333333,0.0524784422,0.0360785548,0.0885569970
0.2095000000,0.0517984724,0.0367586592,0.0885571316
0.2096666667,0.0511517784,0.0374054492,0.0885572277
0.2098333333,0.0505399040,0.0380173846,0.0885572886
0.2100000000,0.0499638313,0.0385934866,0.0885573179
0.2101666667,0.0494240364,0.0391332827,0.0885573191
0.2103333333,0.0489205459,0.0396367499,0.0885572958
0.2105000000,0.0484529931,0.0401042582,0.0885572513
0.2106666667,0.0480206734,0.0405365157,0.0885571891
0.2108333333,0.0476225968,0.0409345154,0.0885571122
0.2110000000,0.0472575388,0.0412994848,0.0885570236
0.2111666667,0.0469240874,0.0416328386,0.0885569260
0.2113333333,0.0466206868,0.0419361352,0.0885568220
0.2115000000,0.0463456775,0.0422110363,0.0885567138
0.2116666667,0.0460973317,0.0424592717,0.0885566033
0.2118333333,0.0458738857,0.0426826067,0.0885564924
0.2120000000,0.0456735677,0.0428828148,0.0885563825
0.2121666667,0.0454946212,0.0430616536,0.0885562748
0.2123333333,0.0453353258,0.0432208447,0.0885561705
0.2125000000,0.0451940134,0.0433620569,0.0885560702
0.2126666667,0.0450690819,0.0434868929,0.0885559748
0.2128333333,0.0449590052,0.0435968794,0.0885558846
0.2130000000,0.0448623410,0.0436934590,0.0885558000
0.2131666667,0.0447777357,0.0437779855,0.0885557211
0.2133333333,0.0447039276,0.0438517205,0.0885556481
0.2135000000,0.0446397480,0.0439158329,0.0885555808
0.2136666667,0.0445841206,0.0439713986,0.0885555193
0.2138333333,0.0445360601,0.0440194031,0.0885554632
0.2140000000,0.0444946691,0.0440607434,0.0885554124
0.2141666667,0.0444591344,0.0440962323,0.0885553667
0.2143333333,0.0444287231,0.0441266025,0.0885553256
0.2145000000,0.0444027778,0.0441525112,0.0885552889
0.2146666667,0.0443807111,0.0441745452,0.0885552564
0.2148333333,0.0443620012,0.0441932263,0.0885552275
0.2150000000,0.0443461862,0.0442090160,0.0885552021
0.2151666667,0.0443328590,0.0442223209,0.0885551799
0.2153333333,0.0443216624,0.0442334980,0.0885551604
0.2155000000,0.0443122844,0.0442428590,0.0885551434
0.2156666667,0.0443044533,0.0442506754,0.0885551288
0.2158333333,0.0442979337,0.0442571824,0.0885551161
0.2160000000,0.0442925222,0.0442625830,0.0885551052
0.2161666667,0.0442880439,0.0442670520,0.0885550958
0.2163333333,0.0442843489,0.0442707389,0.0885550878
0.2165000000,0.0442813094,0.0442737717,0.0885550811
0.2166666667,0.0442788164,0.0442762589,0.0885550753
0.2168333333,0.0442767778,0.0442782926,0.0885550705
0.2170000000,0.0442751157,0.0442799507,0.0885550664
0.2171666667,0.0442737645,0.0442812984,0.0885550630
0.2173333333,0.0442726694,0.0442823907,0.0885550601
0.2175000000,0.0442717843,0.0442832734,0.0885550577
0.2176666667,0.0442710712,0.0442839845,0.0885550558
0.2178333333,0.0442704983,0.0442845558,0.0885550541
0.2180000000,0.0442700394,0.0442850134,0.0885550528
0.2181666667,0.0442696728,0.0442853789,0.0885550517
0.2183333333,0.0442693809,0.0442856699,0.0885550508
0.2185000000,0.0442691491,0.0442859009,0.0885550500
0.2186666667,0.0442689656,0.0442860838,0.0885550494
0.2188333333,0.0442688208,0.0442862282,0.0885550490
0.2190000000,0.0442687068,0.0442863418,0.0885550486
0.2191666667,0.0442686173,0.0442864310,0.0885550482
0.2193333333,0.0442685473,0.0442865007,0.0885550480
0.2195000000,0.0442684926,0.0442865551,0.0885550478
0.2196666667,0.0442684501,0.0442865975,0.0885550476
0.2198333333,0.0442684172,0.0442866303,0.0885550475
0.2200000000,0.0442683917,0.0442866557,0.0885550474
0.2201666667,0.0442683720,0.0442866753,0.0885550473
0.2203333333,0.0442683569,0.0442866903,0.0885550473
0.2205000000,0.0442683453,0.0442867019,0.0885550472
0.2206666667,0.0442683365,0.0442867107,0.0885550472
0.2208333333,0.0442683297,0.0442867174,0.0885550471
0.2210000000,0.0442683246,0.0442867225,0.0885550471
0.2211666667,0.0442683207,0.0442867264,0.0885550471
0.2213333333,0.0442683177,0.0442867293,0.0885550471
0.2215000000,0.0442683155,0.0442867315,0.0885550471
0.2216666667,0.0442683139,0.0442867332,0.0885550471
0.2218333333,0.0442683126,0.0442867344,0.0885550471
0.2220000000,0.0442683117,0.0442867354,0.0885550471
0.2221666667,0.0442683110,0.0442867360,0.0885550470
0.2223333333,0.0442683105,0.0442867366,0.0885550470
0.2225000000,0.0442683101,0.0442867369,0.0885550470
0.2226666667,0.0442683098,0.0442867372,0.0885550470
0.2228333333,0.0442683096,0.0442867374,0.0885550470
0.2230000000,0.0442683095,0.0442867376,0.0885550470
0.2231666667,0.0442683094,0.0442867377,0.0885550470
0.2233333333,0.0442683093,0.0442867378,0.0885550470
0.2235000000,0.0442683092,0.0442867378,0.0885550470
0.2236666667,0.0442683092,0.0442867379,0.0885550470
0.2238333333,0.0442683091,0.0442867379,0.0885550470
0.2240000000,0.0442683091,0.0442867379,0.0885550470
0.2241666667,0.0442683091,0.0442867380,0.0885550470
0.2243333333,0.0442683091,0.0442867380,0.0885550470
0.2245000000,0.0442683090,0.0442867380,0.0885550470
0.2246666667,0.0442683090,0.0442867380,0.0885550470
0.2248333333,0.0442683090,0.0442867380,0.0885550470
0.2250000000,0.0442683090,0.0442867381,0.0885550470
0.2251666667,0.0442683089,0.0442867381,0.0885550470
0.2253333333,0.0442683089,0.0442867381,0.0885550470
0.2255000000,0.0442683088,0.0442867382,0.0885550470
0.2256666667,0.0442683088,0.0442867383,0.0885550470
0.2258333333,0.0442683087,0.0442867384,0.0885550470
0.2260000000,0.0442683085,0.0442867385,0.0885550470
0.2261666667,0.0442683084,0.0442867387,0.0885550470
0.2263333333,0.0442683081,0.0442867389,0.0885550470
0.2265000000,0.0442683078,0.0442867392,0.0885550470
0.2266666667,0.0442683074,0.0442867396,0.0885550470
0.2268333333,0.0442683069,0.0442867401,0.0885550470
0.2270000000,0.0442683062,0.0442867408,0.0885550470
0.2271666667,0.0442683054,0.0442867417,0.0885550470
0.2273333333,0.0442683042,0.0442867428,0.0885550470
0.2275000000,0.0442683027,0.0442867443,0.0885550470
0.2276666667,0.0442683008,0.0442867462,0.0885550470
0.2278333333,0.0442682984,0.0442867486,0.0885550470
0.2280000000,0.0442682952,0.0442867518,0.0885550470
0.2281666667,0.0442682911,0.0442867559,0.0885550470
0.2283333333,0.0442682859,0.0442867611,0.0885550469
0.2285000000,0.0442682792,0.0442867677,0.0885550469
0.2286666667,0.0442682707,0.0442867762,0.0885550469
0.2288333333,0.0442682598,0.0442867870,0.0885550469
0.2290000000,0.0442682460,0.0442868008,0.0885550468
0.2291666667,0.0442682285,0.0442868183,0.0885550467
0.2293333333,0.0442682063,0.0442868403,0.0885550467
0.2295000000,0.0442681784,0.0442868682,0.0885550466
0.2296666667,0.0442681431,0.0442869034,0.0885550465
0.2298333333,0.0442680988,0.0442869475,0.0885550463
0.2300000000,0.0442680432,0.0442870029,0.0885550462
0.2301666667,0.0442679737,0.0442870723,0.0885550460
0.2303333333,0.0442678869,0.0442871588,0.0885550457
0.2305000000,0.0442677787,0.0442872667,0.0885550454
0.2306666667,0.0442676441,0.0442874009,0.0885550450
0.2308333333,0.0442674773,0.0442875673,0.0885550446
0.2310000000,0.0442672708,0.0442877732,0.0885550440
0.2311666667,0.0442670158,0.0442880276,0.0885550434
0.2313333333,0.0442667016,0.0442883410,0.0885550426
0.2315000000,0.0442663153,0.0442887262,0.0885550416
0.2316666667,0.0442658416,0.0442891988,0.0885550404
0.2318333333,0.0442652620,0.0442897771,0.0885550391
0.2320000000,0.0442645543,0.0442904832,0.0885550374
0.2321666667,0.0442636922,0.0442913433,0.0885550355
0.2323333333,0.0442626446,0.0442923886,0.0885550332
0.2325000000,0.0442613744,0.0442936560,0.0885550305
0.2326666667,0.0442598380,0.0442951893,0.0885550272
0.2328333333,0.0442579838,0.0442970397,0.0885550235
0.2330000000,0.0442557513,0.0442992677,0.0885550191
0.2331666667,0.0442530699,0.0443019440,0.0885550139
0.2333333333,0.0442498567,0.0443051512,0.0885550079
0.2335000000,0.0442460156,0.0443089853,0.0885550009
0.2336666667,0.0442414348,0.0443135581,0.0885549929
0.2338333333,0.0442359850,0.0443189986,0.0885549836
0.2340000000,0.0442295170,0.0443254558,0.0885549729
0.2341666667,0.0442218593,0.0443331013,0.0885549606
0.2343333333,0.0442128153,0.0443421313,0.0885549466
0.2345000000,0.0442021601,0.0443527705,0.0885549306
0.2346666667,0.0441896380,0.0443652745,0.0885549125
0.2348333333,0.0441749584,0.0443799336,0.0885548920
0.2350000000,0.0441577929,0.0443970760,0.0885548689
0.2351666667,0.0441377713,0.0444170717,0.0885548429
0.2353333333,0.0441144776,0.0444403362,0.0885548139
0.2355000000,0.0440874469,0.0444673347,0.0885547815
0.2356666667,0.0440561604,0.0444985851,0.0885547456
0.2358333333,0.0440200428,0.0445346630,0.0885547058
0.2360000000,0.0439784575,0.0445762046,0.0885546620
0.2361666667,0.0439307038,0.0446239103,0.0885546141
0.2363333333,0.0438760136,0.0446785481,0.0885545617
0.2365000000,0.0438135486,0.0447409562,0.0885545048
0.2366666667,0.0437423986,0.0448120447,0.0885544433
0.2368333333,0.0436615796,0.0448927976,0.0885543772
0.2370000000,0.0435700341,0.0449842724,0.0885543065
0.2371666667,0.0434666313,0.0450876001,0.0885542314
0.2373333333,0.0433501696,0.0452039825,0.0885541520
0.2375000000,0.0432193798,0.0453346889,0.0885540688
0.2376666667,0.0430729309,0.0454810512,0.0885539821
0.2378333333,0.0429094369,0.0456444556,0.0885538925
0.2380000000,0.0427274666,0.0458263343,0.0885538009
0.2381666667,0.0425255552,0.0460281528,0.0885537080
0.2383333333,0.0423022189,0.0462513961,0.0885536150
0.2385000000,0.0420559720,0.0464975510,0.0885535231
0.2386666667,0.0417853472,0.0467680866,0.0885534337
0.2388333333,0.0414889180,0.0470644306,0.0885533486
0.2390000000,0.0411653261,0.0473879434,0.0885532695
0.2391666667,0.0408133096,0.0477398888,0.0885531985
0.2393333333,0.0404317363,0.0481214013,0.0885531377
0.2395000000,0.0400196388,0.0485334508,0.0885530896
0.2396666667,0.0395762527,0.0489768041,0.0885530567
0.2398333333,0.0391010577,0.0494519841,0.0885530418
0.2400000000,0.0385938204,0.0499592272,0.0885530476
0.2401666667,0.0380546393,0.0504984377,0.0885530770
0.2403333333,0.0374839905,0.0510691424,0.0885531329
0.2405000000,0.0368827740,0.0516704442,0.0885532182
0.2406666667,0.0362523602,0.0523009755,0.0885533357
0.2408333333,0.0355946349,0.0529588532,0.0885534881
0.2410000000,0.0349120415,0.0536416364,0.0885536779
0.2411666667,0.0342076217,0.0543462856,0.0885539074
0.2413333333,0.0334850500,0.0550691283,0.0885541783
0.2415000000,0.0327486638,0.0558058283,0.0885544921
0.2416666667,0.0320034867,0.0565513631,0.0885548498
0.2418333333,0.0312552432,0.0573000086,0.0885552518
0.2420000000,0.0305103642,0.0580453335,0.0885556978
0.2421666667,0.0297759828,0.0587802038,0.0885561866
0.2423333333,0.0290599170,0.0594967996,0.0885567166
0.2425000000,0.0283706412,0.0601866438,0.0885572850
0.2426666667,0.0277172426,0.0608406457,0.0885578883
0.2428333333,0.0271093645,0.0614491574,0.0885585219
0.2430000000,0.0265571338,0.0620020466,0.0885591804
0.2431666667,0.0260710734,0.0624887839,0.0885598573
0.2433333333,0.0256620001,0.0628985453,0.0885605454
0.2435000000,0.0253409066,0.0632203298,0.0885612364
0.2436666667,0.0251188297,0.0634430914,0.0885619211
0.2438333333,0.0250067054,0.0635558843,0.0885625898
0.2440000000,0.0250152120,0.0635480200,0.0885632319
0.2441666667,0.0251546021,0.0634092345,0.0885638366
0.2443333333,0.0254345281,0.0631298644,0.0885643925
0.2445000000,0.0258638604,0.0627010276,0.0885648880
0.2446666667,0.0264505038,0.0621148078,0.0885653116
0.2448333333,0.0272012133,0.0613644387,0.0885656520
0.2450000000,0.0281214139,0.0604444845,0.0885658983
0.2451666667,0.0292150269,0.0593510135,0.0885660404
0.2453333333,0.0304843072,0.0580817618,0.0885660690
0.2455000000,0.0319296945,0.0566362812,0.0885659757
0.2456666667,0.0335496829,0.0550160709,0.0885657538
0.2458333333,0.0353407120,0.0532246860,0.0885653981
0.2460000000,0.0372970830,0.0512678219,0.0885649050
0.2461666667,0.0394109028,0.0491533701,0.0885642729
0.2463333333,0.0416720593,0.0468914431,0.0885635024
0.2465000000,0.0440682299,0.0444943663,0.0885625962
0.2466666667,0.0465849252,0.0419766340,0.0885615592
0.2468333333,0.0492055685,0.0393548303,0.0885603988
0.2470000000,0.0519116129,0.0366475117,0.0885591246
0.2471666667,0.0546826941,0.0338750542,0.0885577483
0.2473333333,0.0574968199,0.0310594641,0.0885562840
0.2475000000,0.0603305927,0.0282241548,0.0885547475
0.2476666667,0.0631594649,0.0253936918,0.0885531567
0.2478333333,0.0659580211,0.0225935096,0.0885515307
0.2480000000,0.0687002864,0.0198496036,0.0885498901
0.2481666667,0.0713600539,0.0171882024,0.0885482563
0.2483333333,0.0739112267,0.0146354246,0.0885466513
0.2485000000,0.0763281703,0.0122169272,0.0885450975
0.2486666667,0.0785860676,0.0099575493,0.0885436168
0.2488333333,0.0806612707,0.0078809601,0.0885422308
0.2490000000,0.0825316448,0.0060093152,0.0885409600
0.2491666667,0.0841768948,0.0043629287,0.0885398235
0.2493333333,0.0855788718,0.0029599670,0.0885388388
0.2495000000,0.0867218510,0.0018161702,0.0885380212
0.2496666667,0.0875927769,0.0009446068,0.0885373837
0.2498333333,0.0881814710,0.0003554658,0.0885369367
0.2500000000,0.0884807962,0.0000558915,0.0885366877
0.2501666667,0.0884867774,0.0000498638,0.0885366412
0.2503333333,0.0881986724,0.0003381260,0.0885367984
0.2505000000,0.0876189942,0.0009181636,0.0885371578
0.2506666667,0.0867534824,0.0017842318,0.0885377143
0.2508333333,0.0856110248,0.0029274351,0.0885384599
0.2510000000,0.0842035304,0.0043358535,0.0885393839
0.2511666667,0.0825457558,0.0059947169,0.0885404727
0.2513333333,0.0806550893,0.0078866209,0.0885417102
0.2515000000,0.0785512950,0.0099917834,0.0885430784
0.2516666667,0.0762562232,0.0122883339,0.0885445572
0.2518333333,0.0737934926,0.0147526327,0.0885461253
0.2520000000,0.0711881487,0.0173596117,0.0885477604
0.2521666667,0.0684663064,0.0200831330,0.0885494394
0.2523333333,0.0656547831,0.0228963560,0.0885511391
0.2525000000,0.0627807282,0.0257721084,0.0885528365
0.2526666667,0.0598712556,0.0286832537,0.0885545093
0.2528333333,0.0569530872,0.0316030489,0.0885561361
0.2530000000,0.0540522112,0.0345054856,0.0885576968
0.2531666667,0.0511935623,0.0373656108,0.0885591731
0.2533333333,0.0484007277,0.0401598207,0.0885605484
0.2535000000,0.0456956851,0.0428661235,0.0885618086
0.2536666667,0.0430985731,0.0454643685,0.0885629416
0.2538333333,0.0406275005,0.0479364373,0.0885639378
0.2540000000,0.0382983930,0.0502663973,0.0885647903
0.2541666667,0.0361248810,0.0524406135,0.0885654945
0.2543333333,0.0341182269,0.0544478214,0.0885660483
0.2545000000,0.0322872931,0.0562791591,0.0885664522
0.2546666667,0.0306385472,0.0579281617,0.0885667088
0.2548333333,0.0291761046,0.0593907184,0.0885668229
0.2550000000,0.0279018046,0.0606649967,0.0885668012
0.2551666667,0.0268153169,0.0617513353,0.0885666521
0.2553333333,0.0259142754,0.0626521100,0.0885663854
0.2555000000,0.0251944352,0.0633715770,0.0885660122
0.2556666667,0.0246498485,0.0639156959,0.0885655444
0.2558333333,0.0242730548,0.0642919397,0.0885649945
0.2560000000,0.0240552828,0.0645090929,0.0885643757
0.2561666667,0.0239866569,0.0645770440,0.0885637009
0.2563333333,0.0240564075,0.0645065758,0.0885629833
0.2565000000,0.0242530782,0.0643091574,0.0885622355
0.2566666667,0.0245647292,0.0639967406,0.0885614698
0.2568333333,0.0249791314,0.0635815661,0.0885606976
0.2570000000,0.0254839503,0.0630759792,0.0885599295
0.2571666667,0.0260669156,0.0624922596,0.0885591752
0.2573333333,0.0267159765,0.0618424669,0.0885584434
0.2575000000,0.0274194401,0.0611383016,0.0885577417
0.2576666667,0.0281660918,0.0603909847,0.0885570765
0.2578333333,0.0289452977,0.0596111552,0.0885564529
0.2580000000,0.0297470895,0.0588087857,0.0885558752
0.2581666667,0.0305622297,0.0579931167,0.0885553464
0.2583333333,0.0313822610,0.0571726074,0.0885548684
0.2585000000,0.0321995378,0.0563549045,0.0885544423
0.2586666667,0.0330072431,0.0555468251,0.0885540682
0.2588333333,0.0337993900,0.0547543555,0.0885537455
0.2590000000,0.0345708114,0.0539826612,0.0885534726
0.2591666667,0.0353171380,0.0532361097,0.0885532477
0.2593333333,0.0360347662,0.0525183020,0.0885530682
0.2595000000,0.0367208189,0.0518321124,0.0885529313
0.2596666667,0.0373730983,0.0511797354,0.0885528337
0.2598333333,0.0379900356,0.0505627363,0.0885527719
0.2600000000,0.0385706354,0.0499821071,0.0885527425
0.2601666667,0.0391144193,0.0494383224,0.0885527417
0.2603333333,0.0396213679,0.0489313981,0.0885527660
0.2605000000,0.0400918633,0.0484609486,0.0885528119
0.2606666667,0.0405266326,0.0480262433,0.0885528759
0.2608333333,0.0409266937,0.0476262611,0.0885529548
0.2610000000,0.0412933034,0.0472597422,0.0885530457
0.2611666667,0.0416279092,0.0469252364,0.0885531455
0.2613333333,0.0419321042,0.0466211478,0.0885532520
0.2615000000,0.0422075864,0.0463457762,0.0885533626
0.2616666667,0.0424561222,0.0460973533,0.0885534754
0.2618333333,0.0426795131,0.0458740756,0.0885535887
0.2620000000,0.0428795678,0.0456741329,0.0885537008
0.2621666667,0.0430580776,0.0454957329,0.0885538105
0.2623333333,0.0432167955,0.0453371212,0.0885539167
0.2625000000,0.0433574198,0.0451965989,0.0885540187
0.2626666667,0.0434815800,0.0450725356,0.0885541156
0.2628333333,0.0435908269,0.0449633803,0.0885542072
0.2630000000,0.0436866245,0.0448676685,0.0885542930
0.2631666667,0.0437703453,0.0447840276,0.0885543729
0.2633333333,0.0438432672,0.0447111795,0.0885544467
0.2635000000,0.0439065725,0.0446479422,0.0885545147
0.2636666667,0.0439613485,0.0445932283,0.0885545768
0.2638333333,0.0440085896,0.0445460437,0.0885546333
0.2640000000,0.0440491999,0.0445054845,0.0885546844
0.2641666667,0.0440839974,0.0444707329,0.0885547304
0.2643333333,0.0441137186,0.0444410529,0.0885547715
0.2645000000,0.0441390229,0.0444157853,0.0885548082
0.2646666667,0.0441604983,0.0443943425,0.0885548408
0.2648333333,0.0441786665,0.0443762031,0.0885548696
0.2650000000,0.0441939884,0.0443609064,0.0885548949
0.2651666667,0.0442068695,0.0443480475,0.0885549170
0.2653333333,0.0442176646,0.0443372717,0.0885549363
0.2655000000,0.0442266835,0.0443282696,0.0885549531
0.2656666667,0.0442341949,0.0443207727,0.0885549676
0.2658333333,0.0442404315,0.0443145486,0.0885549801
0.2660000000,0.0442455937,0.0443093971,0.0885549908
0.2661666667,0.0442498533,0.0443051467,0.0885550000
0.2663333333,0.0442533574,0.0443016504,0.0885550078
0.2665000000,0.0442562311,0.0442987833,0.0885550144
0.2666666667,0.0442585807,0.0442964393,0.0885550200
0.2668333333,0.0442604958,0.0442945289,0.0885550247
0.2670000000,0.0442620520,0.0442929767,0.0885550286
0.2671666667,0.0442633127,0.0442917192,0.0885550319
0.2673333333,0.0442643310,0.0442907037,0.0885550347
0.2675000000,0.0442651509,0.0442898861,0.0885550370
0.2676666667,0.0442658090,0.0442892298,0.0885550389
0.2678333333,0.0442663358,0.0442887047,0.0885550404
0.2680000000,0.0442667560,0.0442882857,0.0885550417
0.2681666667,0.0442670903,0.0442879524,0.0885550427
0.2683333333,0.0442673555,0.0442876881,0.0885550436
0.2685000000,0.0442675651,0.0442874792,0.0885550443
0.2686666667,0.0442677303,0.0442873145,0.0885550448
0.2688333333,0.0442678602,0.0442871851,0.0885550453
0.2690000000,0.0442679619,0.0442870838,0.0885550457
0.2691666667,0.0442680414,0.0442870046,0.0885550459
0.2693333333,0.0442681032,0.0442869429,0.0885550462
0.2695000000,0.0442681513,0.0442868951,0.0885550464
0.2696666667,0.0442681885,0.0442868581,0.0885550465
0.2698333333,0.0442682171,0.0442868295,0.0885550466
0.2700000000,0.0442682392,0.0442868075,0.0885550467
0.2701666667,0.0442682561,0.0442867906,0.0885550468
0.2703333333,0.0442682691,0.0442867778,0.0885550468
0.2705000000,0.0442682790,0.0442867679,0.0885550469
0.2706666667,0.0442682865,0.0442867605,0.0885550469
0.2708333333,0.0442682921,0.0442867548,0.0885550470
0.2710000000,0.0442682964,0.0442867505,0.0885550470
0.2711666667,0.0442682997,0.0442867473,0.0885550470
0.2713333333,0.0442683021,0.0442867449,0.0885550470
0.2715000000,0.0442683039,0.0442867431,0.0885550470
0.2716666667,0.0442683053,0.0442867418,0.0885550470
0.2718333333,0.0442683063,0.0442867408,0.0885550470
0.2720000000,0.0442683070,0.0442867400,0.0885550470
0.2721666667,0.0442683076,0.0442867395,0.0885550470
0.2723333333,0.0442683080,0.0442867391,0.0885550470
0.2725000000,0.0442683083,0.0442867388,0.0885550470
0.2726666667,0.0442683085,0.0442867385,0.0885550470
0.2728333333,0.0442683087,0.0442867384,0.0885550470
0.2730000000,0.0442683088,0.0442867383,0.0885550470
0.2731666667,0.0442683089,0.0442867382,0.0885550470
0.2733333333,0.0442683089,0.0442867381,0.0885550470
0.2735000000,0.0442683090,0.0442867381,0.0885550470
0.2736666667,0.0442683090,0.0442867380,0.0885550470
0.2738333333,0.0442683090,0.0442867380,0.0885550470
0.2740000000,0.0442683090,0.0442867380,0.0885550470
0.2741666667,0.0442683091,0.0442867380,0.0885550470
0.2743333333,0.0442683091,0.0442867380,0.0885550470
0.2745000000,0.0442683091,0.0442867379,0.0885550470
0.2746666667,0.0442683091,0.0442867379,0.0885550470
0.2748333333,0.0442683091,0.0442867379,0.0885550470
0.2750000000,0.0442683092,0.0442867379,0.0885550470
0.2751666667,0.0442683092,0.0442867378,0.0885550470
0.2753333333,0.0442683093,0.0442867378,0.0885550470
0.2755000000,0.0442683093,0.0442867377,0.0885550470
0.2756666667,0.0442683094,0.0442867376,0.0885550470
0.2758333333,0.0442683096,0.0442867375,0.0885550470
0.2760000000,0.0442683097,0.0442867373,0.0885550470
0.2761666667,0.0442683099,0.0442867371,0.0885550470
0.2763333333,0.0442683102,0.0442867368,0.0885550470
0.2765000000,0.0442683106,0.0442867365,0.0885550470
0.2766666667,0.0442683110,0.0442867360,0.0885550470
0.2768333333,0.0442683116,0.0442867354,0.0885550470
0.2770000000,0.0442683124,0.0442867346,0.0885550471
0.2771666667,0.0442683134,0.0442867336,0.0885550471
0.2773333333,0.0442683147,0.0442867323,0.0885550471
0.2775000000,0.0442683164,0.0442867306,0.0885550471
0.2776666667,0.0442683186,0.0442867284,0.0885550471
0.2778333333,0.0442683215,0.0442867256,0.0885550471
0.2780000000,0.0442683251,0.0442867220,0.0885550471
0.2781666667,0.0442683297,0.0442867174,0.0885550471
0.2783333333,0.0442683356,0.0442867115,0.0885550471
0.2785000000,0.0442683431,0.0442867040,0.0885550472
0.2786666667,0.0442683527,0.0442866945,0.0885550472
0.2788333333,0.0442683649,0.0442866823,0.0885550472
0.2790000000,0.0442683803,0.0442866670,0.0885550473
0.2791666667,0.0442683998,0.0442866476,0.0885550474
0.2793333333,0.0442684244,0.0442866231,0.0885550474
0.2795000000,0.0442684553,0.0442865922,0.0885550475
0.2796666667,0.0442684941,0.0442865535,0.0885550476
0.2798333333,0.0442685428,0.0442865050,0.0885550478
0.2800000000,0.0442686037,0.0442864443,0.0885550480
0.2801666667,0.0442686796,0.0442863686,0.0885550482
0.2803333333,0.0442687742,0.0442862743,0.0885550485
0.2805000000,0.0442688917,0.0442861571,0.0885550488
0.2806666667,0.0442690374,0.0442860118,0.0885550492
0.2808333333,0.0442692176,0.0442858321,0.0885550497
0.2810000000,0.0442694400,0.0442856102,0.0885550502
0.2811666667,0.0442697140,0.0442853370,0.0885550509
0.2813333333,0.0442700506,0.0442850012,0.0885550518
0.2815000000,0.0442704633,0.0442845894,0.0885550528
0.2816666667,0.0442709683,0.0442840856,0.0885550540
0.2818333333,0.0442715847,0.0442834707,0.0885550554
0.2820000000,0.0442723355,0.0442827216,0.0885550571
0.2821666667,0.0442732479,0.0442818113,0.0885550591
0.2823333333,0.0442743540,0.0442807075,0.0885550615
0.2825000000,0.0442756922,0.0442793721,0.0885550643
0.2826666667,0.0442773072,0.0442777603,0.0885550676
0.2828333333,0.0442792521,0.0442758194,0.0885550714
0.2830000000,0.0442815886,0.0442734874,0.0885550759
0.2831666667,0.0442843892,0.0442706920,0.0885550812
0.2833333333,0.0442877384,0.0442673490,0.0885550873
0.2835000000,0.0442917340,0.0442633604,0.0885550944
0.2836666667,0.0442964898,0.0442586127,0.0885551026
0.2838333333,0.0443021371,0.0442529749,0.0885551120
0.2840000000,0.0443088269,0.0442462960,0.0885551228
0.2841666667,0.0443167328,0.0442384025,0.0885551352
0.2843333333,0.0443260534,0.0442290960,0.0885551494
0.2845000000,0.0443370153,0.0442181502,0.0885551655
0.2846666667,0.0443498761,0.0442053076,0.0885551837
0.2848333333,0.0443649277,0.0441902765,0.0885552043
0.2850000000,0.0443825001,0.0441727273,0.0885552274
0.2851666667,0.0444029642,0.0441522892,0.0885552534
0.2853333333,0.0444267363,0.0441285462,0.0885552824
0.2855000000,0.0444542813,0.0441010334,0.0885553148
0.2856666667,0.0444861170,0.0440692336,0.0885553506
0.2858333333,0.0445228173,0.0440325729,0.0885553902
0.2860000000,0.0445650159,0.0439904179,0.0885554337
0.2861666667,0.0446134098,0.0439420716,0.0885554814
0.2863333333,0.0446687622,0.0438867712,0.0885555334
0.2865000000,0.0447319050,0.0438236848,0.0885555898
0.2866666667,0.0448037407,0.0437519100,0.0885556507
0.2868333333,0.0448852436,0.0436704725,0.0885557161
0.2870000000,0.0449774600,0.0435783259,0.0885557859
0.2871666667,0.0450815076,0.0434743525,0.0885558601
0.2873333333,0.0451985729,0.0433573655,0.0885559384
0.2875000000,0.0453299078,0.0432261127,0.0885560205
0.2876666667,0.0454768243,0.0430792815,0.0885561058
0.2878333333,0.0456406874,0.0429155066,0.0885561940
0.2880000000,0.0458229051,0.0427333790,0.0885562841
0.2881666667,0.0460249175,0.0425314578,0.0885563753
0.2883333333,0.0462481820,0.0423082845,0.0885564666
0.2885000000,0.0464941567,0.0420624000,0.0885565567
0.2886666667,0.0467642805,0.0417923637,0.0885566442
0.2888333333,0.0470599505,0.0414967770,0.0885567275
0.2890000000,0.0473824963,0.0411743086,0.0885568048
0.2891666667,0.0477331510,0.0408237232,0.0885568742
0.2893333333,0.0481130199,0.0404439135,0.0885569334
0.2895000000,0.0485230452,0.0400339348,0.0885569801
0.2896666667,0.0489639690,0.0395930428,0.0885570118
0.2898333333,0.0494362930,0.0391207328,0.0885570258
0.2900000000,0.0499402369,0.0386167826,0.0885570195
0.2901666667,0.0504756940,0.0380812961,0.0885569900
0.2903333333,0.0510421867,0.0375147478,0.0885569345
0.2905000000,0.0516388210,0.0369180291,0.0885568501
0.2906666667,0.0522642412,0.0362924929,0.0885567341
0.2908333333,0.0529165859,0.0356399979,0.0885565838
0.2910000000,0.0535934456,0.0349629512,0.0885563968
0.2911666667,0.0542918242,0.0342643467,0.0885561709
0.2913333333,0.0550081037,0.0335478006,0.0885559043
0.2915000000,0.0557380149,0.0328175806,0.0885555955
0.2916666667,0.0564766144,0.0320786291,0.0885552435
0.2918333333,0.0572182695,0.0313365784,0.0885548479
0.2920000000,0.0579566520,0.0305977571,0.0885544091
0.2921666667,0.0586847423,0.0298691856,0.0885539279
0.2923333333,0.0593948448,0.0291585613,0.0885534061
0.2925000000,0.0600786157,0.0284742306,0.0885528462
0.2926666667,0.0607271042,0.0278251475,0.0885522518
0.2928333333,0.0613308079,0.0272208192,0.0885516271
0.2930000000,0.0618797421,0.0266712353,0.0885509774
0.2931666667,0.0623635249,0.0261867841,0.0885503091
0.2933333333,0.0627714769,0.0257781523,0.0885496291
0.2935000000,0.0630927350,0.0254562106,0.0885489457
0.2936666667,0.0633163819,0.0252318857,0.0885482675
0.2938333333,0.0634315865,0.0251160178,0.0885476044
0.2940000000,0.0634277588,0.0251192076,0.0885469664
0.2941666667,0.0632947127,0.0252516517,0.0885463644
0.2943333333,0.0630228391,0.0255229705,0.0885458096
0.2945000000,0.0626032833,0.0259420300,0.0885453133
0.2946666667,0.0620281268,0.0265167600,0.0885448868
0.2948333333,0.0612905693,0.0272539722,0.0885445415
0.2950000000,0.0603851067,0.0281591813,0.0885442880
0.2951666667,0.0593077045,0.0292364322,0.0885441367
0.2953333333,0.0580559598,0.0304881370,0.0885440968
0.2955000000,0.0566292504,0.0319149262,0.0885441766
0.2956666667,0.0550288666,0.0335155163,0.0885443830
0.2958333333,0.0532581225,0.0352865991,0.0885447215
0.2960000000,0.0513224421,0.0372227539,0.0885451959
0.2961666667,0.0492294194,0.0393163886,0.0885458080
0.2963333333,0.0469888473,0.0415577102,0.0885465576
0.2965000000,0.0446127148,0.0439347276,0.0885474423
0.2966666667,0.0421151684,0.0464332892,0.0885484577
0.2968333333,0.0395124397,0.0490371570,0.0885495967
0.2970000000,0.0368227347,0.0517281156,0.0885508503
0.2971666667,0.0340660881,0.0544861190,0.0885522071
0.2973333333,0.0312641812,0.0572894723,0.0885536535
0.2975000000,0.0284401260,0.0601150481,0.0885551741
0.2976666667,0.0256182174,0.0629385342,0.0885567515
0.2978333333,0.0228236565,0.0657347104,0.0885583669
0.2980000000,0.0200822489,0.0684777511,0.0885600000
0.2981666667,0.0174200822,0.0711415475,0.0885616297
0.2983333333,0.0148631874,0.0737000467,0.0885632341
0.2985000000,0.0124371906,0.0761276004,0.0885647911
0.2986666667,0.0101669594,0.0783993192,0.0885662786
0.2988333333,0.0080762515,0.0804914237,0.0885676752
0.2990000000,0.0061873710,0.0823815892,0.0885689602
0.2991666667,0.0045208391,0.0840492751,0.0885701142
0.2993333333,0.0030950847,0.0854760349,0.0885711196
0.2995000000,0.0019261618,0.0866457988,0.0885719605
0.2996666667,0.0010274987,0.0875451250,0.0885726236
0.2998333333,0.0004096838,0.0881634143,0.0885730981
0.3000000000,0.0000802928,0.0884930831,0.0885733759
0.3001666667,0.0000437604,0.0885296916,0.0885734520
0.3003333333,0.0003013001,0.0882720244,0.0885733244
0.3005000000,0.0008508724,0.0877221219,0.0885729943
0.3006666667,0.0016872046,0.0868852614,0.0885724660
0.3008333333,0.0028018593,0.0857698878,0.0885717470
0.3010000000,0.0041833525,0.0843874950,0.0885708476
0.3011666667,0.0058173192,0.0827524616,0.0885697807
0.3013333333,0.0076867213,0.0808818409,0.0885685621
0.3015000000,0.0097720970,0.0787951126,0.0885672096
0.3016666667,0.0120518446,0.0765138981,0.0885657427
0.3018333333,0.0145025366,0.0740616461,0.0885641827
0.3020000000,0.0170992572,0.0714632946,0.0885625518
0.3021666667,0.0198159590,0.0687449141,0.0885608731
0.3023333333,0.0226258293,0.0659333405,0.0885591699
0.3025000000,0.0255016619,0.0630558032,0.0885574651
0.3026666667,0.0284162267,0.0601395549,0.0885557816
0.3028333333,0.0313426305,0.0572115104,0.0885541409
0.3030000000,0.0342546631,0.0542979004,0.0885525635
0.3031666667,0.0371271233,0.0514239448,0.0885510681
0.3033333333,0.0399361192,0.0486135526,0.0885496717
0.3035000000,0.0426593378,0.0458890513,0.0885483891
0.3036666667,0.0452762819,0.0432709508,0.0885472327
0.3038333333,0.0477684695,0.0407777431,0.0885462126
0.3040000000,0.0501195944,0.0384257420,0.0885453364
0.3041666667,0.0523156462,0.0362289627,0.0885446089
0.3043333333,0.0543449909,0.0341990418,0.0885440328
0.3045000000,0.0561984098,0.0323451980,0.0885436079
0.3046666667,0.0578691003,0.0306742317,0.0885433320
0.3048333333,0.0593526389,0.0291905617,0.0885432006
0.3050000000,0.0606469101,0.0278962971,0.0885432072
0.3051666667,0.0617520032,0.0267913404,0.0885433436
0.3053333333,0.0626700816,0.0258735185,0.0885436001
0.3055000000,0.0634052272,0.0251387385,0.0885439657
0.3056666667,0.0639632657,0.0245811628,0.0885444284
0.3058333333,0.0643515755,0.0241934002,0.0885449756
0.3060000000,0.0645788857,0.0239667085,0.0885455942
0.3061666667,0.0646550670,0.0238912039,0.0885462709
0.3063333333,0.0645909194,0.0239560730,0.0885469924
0.3065000000,0.0643979614,0.0241497845,0.0885477459
0.3066666667,0.0640882234,0.0244602954,0.0885485188
0.3068333333,0.0636740494,0.0248752501,0.0885492996
0.3070000000,0.0631679093,0.0253821678,0.0885500771
0.3071666667,0.0625822243,0.0259686172,0.0885508416
0.3073333333,0.0619292080,0.0266223760,0.0885515840
0.3075000000,0.0612207236,0.0273315730,0.0885522966
0.3076666667,0.0604681593,0.0280848134,0.0885529727
0.3078333333,0.0596823223,0.0288712846,0.0885536069
0.3080000000,0.0588733510,0.0296808438,0.0885541949
0.3081666667,0.0580506458,0.0305040875,0.0885547333
0.3083333333,0.0572228180,0.0313324022,0.0885552202
0.3085000000,0.0563976557,0.0321579987,0.0885556544
0.3086666667,0.0555821059,0.0329739299,0.0885560357
0.3088333333,0.0547822705,0.0337740942,0.0885563648
0.3090000000,0.0540034174,0.0345532256,0.0885566429
0.3091666667,0.0532500008,0.0353068714,0.0885568722
0.3093333333,0.0525256940,0.0360313611,0.0885570551
0.3095000000,0.0518334290,0.0367237655,0.0885571945
0.3096666667,0.0511754437,0.0373818501,0.0885572938
0.3098333333,0.0505533339,0.0380040226,0.0885573565
0.3100000000,0.0499681092,0.0385892770,0.0885573861
0.3101666667,0.0494202509,0.0391371355,0.0885573864
0.3103333333,0.0489097717,0.0396475894,0.0885573611
0.3105000000,0.0484362739,0.0401210400,0.0885573138
0.3106666667,0.0479990076,0.0405582404,0.0885572480
0.3108333333,0.0475969266,0.0409602404,0.0885571670
0.3110000000,0.0472287408,0.0413283331,0.0885570739
0.3111666667,0.0468929664,0.0416640052,0.0885569716
0.3113333333,0.0465879718,0.0419688909,0.0885568627
0.3115000000,0.0463120194,0.0422447302,0.0885567496
0.3116666667,0.0460633031,0.0424933312,0.0885566343
0.3118333333,0.0458399822,0.0427165365,0.0885565187
0.3120000000,0.0456402103,0.0429161941,0.0885564043
0.3121666667,0.0454621601,0.0430941324,0.0885562925
0.3123333333,0.0453040449,0.0432521394,0.0885561843
0.3125000000,0.0451641355,0.0433919451,0.0885560806
0.3126666667,0.0450407740,0.0435152081,0.0885559821
0.3128333333,0.0449323844,0.0436235048,0.0885558891
0.3130000000,0.0448374802,0.0437183220,0.0885558021
0.3131666667,0.0447546695,0.0438010517,0.0885557212
0.3133333333,0.0446826581,0.0438729884,0.0885556465
0.3135000000,0.0446202496,0.0439353283,0.0885555778
0.3136666667,0.0445663454,0.0439891697,0.0885555151
0.3138333333,0.0445199423,0.0440355159,0.0885554582
0.3140000000,0.0444801292,0.0440752777,0.0885554068
0.3141666667,0.0444460830,0.0441092776,0.0885553606
0.3143333333,0.0444170642,0.0441382552,0.0885553193
0.3145000000,0.0443924112,0.0441628714,0.0885552826
0.3146666667,0.0443715356,0.0441837145,0.0885552500
0.3148333333,0.0443539159,0.0442013055,0.0885552214
0.3150000000,0.0443390923,0.0442161039,0.0885551962
0.3151666667,0.0443266614,0.0442285128,0.0885551742
0.3153333333,0.0443162704,0.0442388846,0.0885551550
0.3155000000,0.0443076124,0.0442475260,0.0885551384
0.3156666667,0.0443004214,0.0442547027,0.0885551241
0.3158333333,0.0442944680,0.0442606438,0.0885551118
0.3160000000,0.0442895548,0.0442655465,0.0885551013
0.3161666667,0.0442855129,0.0442695794,0.0885550923
0.3163333333,0.0442821984,0.0442728863,0.0885550847
0.3165000000,0.0442794890,0.0442755892,0.0885550783
0.3166666667,0.0442772812,0.0442777916,0.0885550728
0.3168333333,0.0442754879,0.0442795804,0.0885550683
0.3170000000,0.0442740358,0.0442810286,0.0885550645
0.3171666667,0.0442728637,0.0442821975,0.0885550613
0.3173333333,0.0442719207,0.0442831380,0.0885550586
0.3175000000,0.0442711643,0.0442838922,0.0885550565
0.3176666667,0.0442705595,0.0442844952,0.0885550547
0.3178333333,0.0442700775,0.0442849757,0.0885550532
0.3180000000,0.0442696945,0.0442853575,0.0885550520
0.3181666667,0.0442693912,0.0442856598,0.0885550510
0.3183333333,0.0442691517,0.0442858985,0.0885550502
0.3185000000,0.0442689632,0.0442860863,0.0885550496
0.3186666667,0.0442688154,0.0442862337,0.0885550490
0.3188333333,0.0442686997,0.0442863489,0.0885550486
0.3190000000,0.0442686096,0.0442864387,0.0885550483
0.3191666667,0.0442685395,0.0442865085,0.0885550480
0.3193333333,0.0442684853,0.0442865625,0.0885550478
0.3195000000,0.0442684434,0.0442866043,0.0885550476
0.3196666667,0.0442684111,0.0442866364,0.0885550475
0.3198333333,0.0442683864,0.0442866610,0.0885550474
0.3200000000,0.0442683674,0.0442866799,0.0885550473
0.3201666667,0.0442683530,0.0442866942,0.0885550473
0.3203333333,0.0442683421,0.0442867052,0.0885550472
0.3205000000,0.0442683337,0.0442867134,0.0885550472
0.3206666667,0.0442683275,0.0442867197,0.0885550471
0.3208333333,0.0442683227,0.0442867244,0.0885550471
0.3210000000,0.0442683192,0.0442867279,0.0885550471
0.3211666667,0.0442683166,0.0442867305,0.0885550471
0.3213333333,0.0442683146,0.0442867325,0.0885550471
0.3215000000,0.0442683131,0.0442867339,0.0885550471
0.3216666667,0.0442683120,0.0442867350,0.0885550471
0.3218333333,0.0442683112,0.0442867358,0.0885550470
0.3220000000,0.0442683106,0.0442867364,0.0885550470
0.3221666667,0.0442683102,0.0442867368,0.0885550470
0.3223333333,0.0442683099,0.0442867372,0.0885550470
0.3225000000,0.0442683097,0.0442867374,0.0885550470
0.3226666667,0.0442683095,0.0442867376,0.0885550470
0.3228333333,0.0442683094,0.0442867377,0.0885550470
0.3230000000,0.0442683093,0.0442867378,0.0885550470
0.3231666667,0.0442683092,0.0442867378,0.0885550470
0.3233333333,0.0442683092,0.0442867379,0.0885550470
0.3235000000,0.0442683091,0.0442867379,0.0885550470
0.3236666667,0.0442683091,0.0442867379,0.0885550470
0.3238333333,0.0442683091,0.0442867380,0.0885550470
0.3240000000,0.0442683091,0.0442867380,0.0885550470
0.3241666667,0.0442683090,0.0442867380,0.0885550470
0.3243333333,0.0442683090,0.0442867380,0.0885550470
0.3245000000,0.0442683090,0.0442867380,0.0885550470
0.3246666667,0.0442683090,0.0442867380,0.0885550470
0.3248333333,0.0442683090,0.0442867381,0.0885550470
0.3250000000,0.0442683089,0.0442867381,0.0885550470
0.3251666667,0.0442683089,0.0442867382,0.0885550470
0.3253333333,0.0442683088,0.0442867382,0.0885550470
0.3255000000,0.0442683087,0.0442867383,0.0885550470
0.3256666667,0.0442683086,0.0442867384,0.0885550470
0.3258333333,0.0442683085,0.0442867386,0.0885550470
0.3260000000,0.0442683083,0.0442867388,0.0885550470
0.3261666667,0.0442683080,0.0442867390,0.0885550470
0.3263333333,0.0442683077,0.0442867393,0.0885550470
0.3265000000,0.0442683073,0.0442867397,0.0885550470
0.3266666667,0.0442683068,0.0442867403,0.0885550470
0.3268333333,0.0442683061,0.0442867410,0.0885550470
0.3270000000,0.0442683051,0.0442867419,0.0885550470
0.3271666667,0.0442683040,0.0442867430,0.0885550470
0.3273333333,0.0442683025,0.0442867446,0.0885550470
0.3275000000,0.0442683005,0.0442867465,0.0885550470
0.3276666667,0.0442682980,0.0442867490,0.0885550470
0.3278333333,0.0442682948,0.0442867522,0.0885550470
0.3280000000,0.0442682907,0.0442867563,0.0885550470
0.3281666667,0.0442682855,0.0442867615,0.0885550469
0.3283333333,0.0442682788,0.0442867681,0.0885550469
0.3285000000,0.0442682704,0.0442867765,0.0885550469
0.3286666667,0.0442682596,0.0442867872,0.0885550469
0.3288333333,0.0442682461,0.0442868007,0.0885550468
0.3290000000,0.0442682290,0.0442868178,0.0885550468
0.3291666667,0.0442682074,0.0442868393,0.0885550467
0.3293333333,0.0442681802,0.0442868664,0.0885550466
0.3295000000,0.0442681462,0.0442869003,0.0885550465
0.3296666667,0.0442681035,0.0442869428,0.0885550464
0.3298333333,0.0442680503,0.0442869960,0.0885550462
0.3300000000,0.0442679838,0.0442870622,0.0885550460
0.3301666667,0.0442679011,0.0442871447,0.0885550458
0.3303333333,0.0442677985,0.0442872470,0.0885550455
0.3305000000,0.0442676713,0.0442873739,0.0885550452
0.3306666667,0.0442675140,0.0442875308,0.0885550447
0.3308333333,0.0442673199,0.0442877243,0.0885550442
0.3310000000,0.0442670810,0.0442879626,0.0885550436
0.3311666667,0.0442667875,0.0442882554,0.0885550429
0.3313333333,0.0442664278,0.0442886143,0.0885550420
0.3315000000,0.0442659877,0.0442890533,0.0885550410
0.3316666667,0.0442654507,0.0442895891,0.0885550398
0.3318333333,0.0442647966,0.0442902417,0.0885550383
0.3320000000,0.0442640018,0.0442910347,0.0885550365
0.3321666667,0.0442630382,0.0442919962,0.0885550344
0.3323333333,0.0442618725,0.0442931595,0.0885550320
0.3325000000,0.0442604653,0.0442945638,0.0885550291
0.3326666667,0.0442587706,0.0442962552,0.0885550257
0.3328333333,0.0442567341,0.0442982877,0.0885550218
0.3330000000,0.0442542924,0.0443007247,0.0885550172
0.3331666667,0.0442513717,0.0443036401,0.0885550118
0.3333333333,0.0442478857,0.0443071199,0.0885550056
