t,Ekin,Epot,Etot
0.0000000000,0.0000000000,0.0000000000,0.0000000000
0.0001666667,0.0000000000,0.0000000000,0.0000000000
0.0003333333,0.0000000000,0.0000000000,0.0000000000
0.0005000000,0.0000000001,0.0000000001,0.0000000002
0.0006666667,0.0000000003,0.0000000002,0.0000000006
0.0008333333,0.0000000006,0.0000000005,0.0000000011
0.0010000000,0.0000000010,0.0000000009,0.0000000019
0.0011666667,0.0000000015,0.0000000014,0.0000000029
0.0013333333,0.0000000022,0.0000000021,0.0000000043
0.0015000000,0.0000000031,0.0000000030,0.0000000061
0.0016666667,0.0000000043,0.0000000042,0.0000000085
0.0018333333,0.0000000057,0.0000000056,0.0000000113
0.0020000000,0.0000000074,0.0000000073,0.0000000147
0.0021666667,0.0000000094,0.0000000092,0.0000000186
0.0023333333,0.0000000117,0.0000000114,0.0000000231
0.0025000000,0.0000000144,0.0000000141,0.0000000285
0.0026666667,0.0000000174,0.0000000172,0.0000000346
0.0028333333,0.0000000209,0.0000000207,0.0000000416
0.0030000000,0.0000000248,0.0000000246,0.0000000493
0.0031666667,0.0000000291,0.0000000288,0.0000000579
0.0033333333,0.0000000339,0.0000000336,0.0000000675
0.0035000000,0.0000000392,0.0000000389,0.0000000781
0.0036666667,0.0000000451,0.0000000448,0.0000000899
0.0038333333,0.0000000515,0.0000000513,0.0000001028
0.0040000000,0.0000000585,0.0000000582,0.0000001167
0.0041666667,0.0000000660,0.0000000657,0.0000001318
0.0043333333,0.0000000743,0.0000000738,0.0000001481
0.0045000000,0.0000000831,0.0000000827,0.0000001658
0.0046666667,0.0000000927,0.0000000923,0.0000001850
0.0048333333,0.0000001029,0.0000001027,0.0000002056
0.0050000000,0.0000001139,0.0000001136,0.0000002275
0.0051666667,0.0000001256,0.0000001252,0.0000002508
0.0053333333,0.0000001381,0.0000001376,0.0000002756
0.0055000000,0.0000001514,0.0000001509,0.0000003022
0.0056666667,0.0000001655,0.0000001651,0.0000003305
0.0058333333,0.0000001804,0.0000001801,0.0000003605
0.0060000000,0.0000001962,0.0000001959,0.0000003921
0.0061666667,0.0000002129,0.0000002125,0.0000004254
0.0063333333,0.0000002306,0.0000002300,0.0000004606
0.0065000000,0.0000002491,0.0000002486,0.0000004977
0.0066666667,0.0000002687,0.0000002682,0.0000005369
0.0068333333,0.0000002892,0.0000002888,0.0000005780
0.0070000000,0.0000003107,0.0000003103,0.0000006210
0.0071666667,0.0000003333,0.0000003327,0.0000006660
0.0073333333,0.0000003569,0.0000003562,0.0000007131
0.0075000000,0.0000003816,0.0000003809,0.0000007625
0.0076666667,0.0000004074,0.0000004068,0.0000008142
0.0078333333,0.0000004343,0.0000004338,0.0000008681
0.0080000000,0.0000004623,0.0000004619,0.0000009242
0.0081666667,0.0000004916,0.0000004909,0.0000009825
0.0083333333,0.0000005220,0.0000005212,0.0000010432
0.0085000000,0.0000005536,0.0000005529,0.0000011065
0.0086666667,0.0000005865,0.0000005859,0.0000011723
0.0088333333,0.0000006206,0.0000006201,0.0000012407
0.0090000000,0.0000006560,0.0000006554,0.0000013114
0.0091666667,0.0000006927,0.0000006920,0.0000013847
0.0093333333,0.0000007307,0.0000007299,0.0000014606
0.0095000000,0.0000007700,0.0000007693,0.0000015393
0.0096666667,0.0000008108,0.0000008101,0.0000016209
0.0098333333,0.0000008529,0.0000008523,0.0000017052
0.0100000000,0.0000008963,0.0000008958,0.0000017921
0.0101666667,0.0000009412,0.0000009406,0.0000018818
0.0103333333,0.0000009875,0.0000009869,0.0000019745
0.0105000000,0.0000010352,0.0000010350,0.0000020702
0.0106666667,0.0000010842,0.0000010848,0.0000021690
0.0108333333,0.0000011346,0.0000011362,0.0000022707
0.0110000000,0.0000011862,0.0000011892,0.0000023754
0.0111666667,0.0000012390,0.0000012440,0.0000024830
0.0113333333,0.0000012930,0.0000013008,0.0000025938
0.0115000000,0.0000013483,0.0000013597,0.0000027080
0.0116666667,0.0000014046,0.0000014208,0.0000028254
0.0118333333,0.0000014621,0.0000014840,0.0000029461
0.0120000000,0.0000015207,0.0000015492,0.0000030699
0.0121666667,0.0000015803,0.0000016165,0.0000031968
0.0123333333,0.0000016410,0.0000016862,0.0000033272
0.0125000000,0.0000017026,0.0000017585,0.0000034611
0.0126666667,0.0000017652,0.0000018334,0.0000035986
0.0128333333,0.0000018287,0.0000019108,0.0000037396
0.0130000000,0.0000018931,0.0000019906,0.0000038838
0.0131666667,0.0000019584,0.0000020730,0.0000040314
0.0133333333,0.0000020246,0.0000021581,0.0000041827
0.0135000000,0.0000020915,0.0000022462,0.0000043377
0.0136666667,0.0000021592,0.0000023374,0.0000044965
0.0138333333,0.0000022276,0.0000024314,0.0000046589
0.0140000000,0.0000022967,0.0000025282,0.0000048249
0.0141666667,0.0000023665,0.0000026279,0.0000049944
0.0143333333,0.0000024370,0.0000027308,0.0000051678
0.0145000000,0.0000025080,0.0000028371,0.0000053451
0.0146666667,0.0000025797,0.0000029468,0.0000055265
0.0148333333,0.0000026519,0.0000030597,0.0000057116
0.0150000000,0.0000027246,0.0000031759,0.0000059004
0.0151666667,0.0000027978,0.0000032953,0.0000060930
0.0153333333,0.0000028714,0.0000034182,0.0000062897
0.0155000000,0.0000029455,0.0000035449,0.0000064904
0.0156666667,0.0000030200,0.0000036754,0.0000066954
0.0158333333,0.0000030948,0.0000038095,0.0000069043
0.0160000000,0.0000031700,0.0000039471,0.0000071171
0.0161666667,0.0000032455,0.0000040884,0.0000073339
0.0163333333,0.0000033212,0.0000042335,0.0000075548
0.0165000000,0.0000033972,0.0000043828,0.0000077800
0.0166666667,0.0000034734,0.0000045362,0.0000080096
0.0168333333,0.0000035498,0.0000046935,0.0000082434
0.0170000000,0.0000036264,0.0000048547,0.0000084811
0.0171666667,0.0000037031,0.0000050199,0.0000087230
0.0173333333,0.0000037799,0.0000051893,0.0000089692
0.0175000000,0.0000038567,0.0000053631,0.0000092198
0.0176666667,0.0000039336,0.0000055414,0.0000094750
0.0178333333,0.0000040105,0.0000057239,0.0000097344
0.0180000000,0.0000040874,0.0000059106,0.0000099980
0.0181666667,0.0000041643,0.0000061016,0.0000102658
0.0183333333,0.0000042411,0.0000062971,0.0000105381
0.0185000000,0.0000043177,0.0000064973,0.0000108150
0.0186666667,0.0000043943,0.0000067022,0.0000110965
0.0188333333,0.0000044707,0.0000069117,0.0000113824
0.0190000000,0.0000045470,0.0000071256,0.0000116725
0.0191666667,0.0000046230,0.0000073439,0.0000119669
0.0193333333,0.0000046988,0.0000075669,0.0000122657
0.0195000000,0.0000047744,0.0000077947,0.0000125690
0.0196666667,0.0000048496,0.0000080272,0.0000128768
0.0198333333,0.0000049246,0.0000082640,0.0000131886
0.0200000000,0.0000049993,0.0000085048,0.0000135041
0.0201666667,0.0000050736,0.0000087494,0.0000138230
0.0203333333,0.0000051476,0.0000089978,0.0000141454
0.0205000000,0.0000052213,0.0000092497,0.0000144710
0.0206666667,0.0000052945,0.0000095047,0.0000147992
0.0208333333,0.0000053674,0.0000097622,0.0000151295
0.0210000000,0.0000054399,0.0000100214,0.0000154613
0.0211666667,0.0000055120,0.0000102821,0.0000157940
0.0213333333,0.0000055837,0.0000105441,0.0000161278
0.0215000000,0.0000056550,0.0000108075,0.0000164625
0.0216666667,0.0000057260,0.0000110720,0.0000167980
0.0218333333,0.0000057965,0.0000113377,0.0000171343
0.0220000000,0.0000058667,0.0000116046,0.0000174713
0.0221666667,0.0000059365,0.0000118730,0.0000178095
0.0223333333,0.0000060060,0.0000121435,0.0000181494
0.0225000000,0.0000060750,0.0000124165,0.0000184915
0.0226666667,0.0000061437,0.0000126920,0.0000188357
0.0228333333,0.0000062119,0.0000129699,0.0000191818
0.0230000000,0.0000062797,0.0000132496,0.0000195294
0.0231666667,0.0000063472,0.0000135310,0.0000198781
0.0233333333,0.0000064142,0.0000138138,0.0000202280
0.0235000000,0.0000064808,0.0000140980,0.0000205788
0.0236666667,0.0000065470,0.0000143834,0.0000209304
0.0238333333,0.0000066127,0.0000146699,0.0000212826
0.0240000000,0.0000066781,0.0000149575,0.0000216356
0.0241666667,0.0000067431,0.0000152466,0.0000219897
0.0243333333,0.0000068076,0.0000155377,0.0000223453
0.0245000000,0.0000068717,0.0000158309,0.0000227026
0.0246666667,0.0000069354,0.0000161262,0.0000230616
0.0248333333,0.0000069986,0.0000164230,0.0000234216
0.0250000000,0.0000070614,0.0000167208,0.0000237822
0.0251666667,0.0000071238,0.0000170194,0.0000241432
0.0253333333,0.0000071858,0.0000173189,0.0000245046
0.0255000000,0.0000072473,0.0000176196,0.0000248668
0.0256666667,0.0000073083,0.0000179217,0.0000252300
0.0258333333,0.0000073690,0.0000182252,0.0000255942
0.0260000000,0.0000074292,0.0000185302,0.0000259594
0.0261666667,0.0000074889,0.0000188366,0.0000263255
0.0263333333,0.0000075482,0.0000191443,0.0000266926
0.0265000000,0.0000076071,0.0000194534,0.0000270604
0.0266666667,0.0000076655,0.0000197633,0.0000274288
0.0268333333,0.0000077234,0.0000200738,0.0000277973
0.0270000000,0.0000077810,0.0000203849,0.0000281659
0.0271666667,0.0000078380,0.0000206969,0.0000285349
0.0273333333,0.0000078946,0.0000210102,0.0000289048
0.0275000000,0.0000079508,0.0000213250,0.0000292758
0.0276666667,0.0000080064,0.0000216413,0.0000296478
0.0278333333,0.0000080617,0.0000219585,0.0000300202
0.0280000000,0.0000081164,0.0000222760,0.0000303925
0.0281666667,0.0000081707,0.0000225938,0.0000307646
0.0283333333,0.0000082246,0.0000229122,0.0000311368
0.0285000000,0.0000082780,0.0000232315,0.0000315095
0.0286666667,0.0000083309,0.0000235520,0.0000318829
0.0288333333,0.0000083833,0.0000238735,0.0000322568
0.0290000000,0.0000084353,0.0000241957,0.0000326311
0.0291666667,0.0000084869,0.0000245185,0.0000330054
0.0293333333,0.0000085379,0.0000248418,0.0000333797
0.0295000000,0.0000085885,0.0000251655,0.0000337540
0.0296666667,0.0000086386,0.0000254896,0.0000341282
0.0298333333,0.0000086883,0.0000258142,0.0000345025
0.0300000000,0.0000087374,0.0000261393,0.0000348768
0.0301666667,0.0000087861,0.0000264651,0.0000352512
0.0303333333,0.0000088344,0.0000267916,0.0000356260
0.0305000000,0.0000088821,0.0000271188,0.0000360009
0.0306666667,0.0000089294,0.0000274462,0.0000363756
0.0308333333,0.0000089763,0.0000277736,0.0000367498
0.0310000000,0.0000090226,0.0000281008,0.0000371234
0.0311666667,0.0000090685,0.0000284282,0.0000374967
0.0313333333,0.0000091139,0.0000287562,0.0000378701
0.0315000000,0.0000091588,0.0000290851,0.0000382439
0.0316666667,0.0000092033,0.0000294144,0.0000386177
0.0318333333,0.0000092472,0.0000297437,0.0000389910
0.0320000000,0.0000092908,0.0000300726,0.0000393634
0.0321666667,0.0000093338,0.0000304011,0.0000397349
0.0323333333,0.0000093764,0.0000307296,0.0000401060
0.0325000000,0.0000094184,0.0000310587,0.0000404771
0.0326666667,0.0000094601,0.0000313882,0.0000408483
0.0328333333,0.0000095012,0.0000317179,0.0000412191
0.0330000000,0.0000095419,0.0000320473,0.0000415892
0.0331666667,0.0000095821,0.0000323761,0.0000419582
0.0333333333,0.0000096218,0.0000327046,0.0000423264
0.0335000000,0.0000096611,0.0000330330,0.0000426940
0.0336666667,0.0000096999,0.0000333615,0.0000430613
0.0338333333,0.0000097382,0.0000336900,0.0000434282
0.0340000000,0.0000097760,0.0000340184,0.0000437944
0.0341666667,0.0000098134,0.0000343463,0.0000441597
0.0343333333,0.0000098503,0.0000346738,0.0000445241
0.0345000000,0.0000098868,0.0000350008,0.0000448876
0.0346666667,0.0000099228,0.0000353275,0.0000452502
0.0348333333,0.0000099583,0.0000356537,0.0000456120
0.0350000000,0.0000099933,0.0000359796,0.0000459729
0.0351666667,0.0000100279,0.0000363051,0.0000463330
0.0353333333,0.0000100620,0.0000366303,0.0000466924
0.0355000000,0.0000100957,0.0000369550,0.0000470508
0.0356666667,0.0000101289,0.0000372791,0.0000474080
0.0358333333,0.0000101617,0.0000376022,0.0000477639
0.0360000000,0.0000101940,0.0000379246,0.0000481185
0.0361666667,0.0000102258,0.0000382463,0.0000484721
0.0363333333,0.0000102572,0.0000385678,0.0000488250
0.0365000000,0.0000102881,0.0000388889,0.0000491770
0.0366666667,0.0000103186,0.0000392093,0.0000495279
0.0368333333,0.0000103486,0.0000395285,0.0000498771
0.0370000000,0.0000103782,0.0000398465,0.0000502247
0.0371666667,0.0000104073,0.0000401635,0.0000505708
0.0373333333,0.0000104360,0.0000404800,0.0000509160
0.0375000000,0.0000104643,0.0000407961,0.0000512603
0.0376666667,0.0000104921,0.0000411116,0.0000516036
0.0378333333,0.0000105194,0.0000414259,0.0000519453
0.0380000000,0.0000105463,0.0000417386,0.0000522849
0.0381666667,0.0000105728,0.0000420499,0.0000526228
0.0383333333,0.0000105989,0.0000423604,0.0000529593
0.0385000000,0.0000106245,0.0000426703,0.0000532948
0.0386666667,0.0000106497,0.0000429796,0.0000536293
0.0388333333,0.0000106745,0.0000432877,0.0000539622
0.0390000000,0.0000106988,0.0000435943,0.0000542931
0.0391666667,0.0000107227,0.0000438991,0.0000546218
0.0393333333,0.0000107462,0.0000442027,0.0000549489
0.0395000000,0.0000107693,0.0000445054,0.0000552746
0.0396666667,0.0000107919,0.0000448072,0.0000555992
0.0398333333,0.0000108142,0.0000451080,0.0000559222
0.0400000000,0.0000108360,0.0000454072,0.0000562432
0.0401666667,0.0000108574,0.0000457046,0.0000565620
0.0403333333,0.0000108784,0.0000460004,0.0000568788
0.0405000000,0.0000108990,0.0000462950,0.0000571940
0.0406666667,0.0000109192,0.0000465884,0.0000575076
0.0408333333,0.0000109390,0.0000468807,0.0000578197
0.0410000000,0.0000109584,0.0000471714,0.0000581298
0.0411666667,0.0000109774,0.0000474603,0.0000584377
0.0413333333,0.0000109960,0.0000477475,0.0000587435
0.0415000000,0.0000110143,0.0000480331,0.0000590473
0.0416666667,0.0000110321,0.0000483172,0.0000593493
0.0418333333,0.0000110496,0.0000485999,0.0000596495
0.0420000000,0.0000110667,0.0000488810,0.0000599476
0.0421666667,0.0000110834,0.0000491603,0.0000602437
0.0423333333,0.0000110997,0.0000494379,0.0000605376
0.0425000000,0.0000111157,0.0000497137,0.0000608294
0.0426666667,0.0000111312,0.0000499877,0.0000611190
0.0428333333,0.0000111465,0.0000502600,0.0000614064
0.0430000000,0.0000111613,0.0000505304,0.0000616918
0.0431666667,0.0000111758,0.0000507991,0.0000619750
0.0433333333,0.0000111900,0.0000510661,0.0000622561
0.0435000000,0.0000112038,0.0000513312,0.0000625350
0.0436666667,0.0000112173,0.0000515943,0.0000628116
0.0438333333,0.0000112304,0.0000518553,0.0000630857
0.0440000000,0.0000112431,0.0000521143,0.0000633574
0.0441666667,0.0000112555,0.0000523714,0.0000636269
0.0443333333,0.0000112676,0.0000526267,0.0000638944
0.0445000000,0.0000112794,0.0000528803,0.0000641597
0.0446666667,0.0000112908,0.0000531316,0.0000644225
0.0448333333,0.0000113019,0.0000533807,0.0000646826
0.0450000000,0.0000113127,0.0000536273,0.0000649401
0.0451666667,0.0000113232,0.0000538720,0.0000651952
0.0453333333,0.0000113334,0.0000541148,0.0000654482
0.0455000000,0.0000113432,0.0000543558,0.0000656990
0.0456666667,0.0000113528,0.0000545946,0.0000659474
0.0458333333,0.0000113620,0.0000548309,0.0000661929
0.0460000000,0.0000113709,0.0000550646,0.0000664356
0.0461666667,0.0000113796,0.0000552960,0.0000666756
0.0463333333,0.0000113880,0.0000555255,0.0000669134
0.0465000000,0.0000113960,0.0000557531,0.0000671491
0.0466666667,0.0000114038,0.0000559786,0.0000673824
0.0468333333,0.0000114113,0.0000562014,0.0000676128
0.0470000000,0.0000114186,0.0000564215,0.0000678400
0.0471666667,0.0000114255,0.0000566389,0.0000680645
0.0473333333,0.0000114323,0.0000568543,0.0000682865
0.0475000000,0.0000114387,0.0000570678,0.0000685064
0.0476666667,0.0000114449,0.0000572791,0.0000687240
0.0478333333,0.0000114508,0.0000574878,0.0000689386
0.0480000000,0.0000114565,0.0000576935,0.0000691500
0.0481666667,0.0000114619,0.0000578964,0.0000693584
0.0483333333,0.0000114671,0.0000580970,0.0000695642
0.0485000000,0.0000114721,0.0000582956,0.0000697677
0.0486666667,0.0000114768,0.0000584921,0.0000699689
0.0488333333,0.0000114813,0.0000586859,0.0000701672
0.0490000000,0.0000114856,0.0000588768,0.0000703623
0.0491666667,0.0000114896,0.0000590646,0.0000705542
0.0493333333,0.0000114935,0.0000592499,0.0000707433
0.0495000000,0.0000114971,0.0000594330,0.0000709301
0.0496666667,0.0000115005,0.0000596139,0.0000711144
0.0498333333,0.0000115037,0.0000597923,0.0000712960
0.0500000000,0.0000115068,0.0000599676,0.0000714743
0.0501666667,0.0000115096,0.0000601398,0.0000716494
0.0503333333,0.0000115122,0.0000603093,0.0000718215
0.0505000000,0.0000115147,0.0000604764,0.0000719911
0.0506666667,0.0000115170,0.0000606412,0.0000721582
0.0508333333,0.0000115191,0.0000608035,0.0000723225
0.0510000000,0.0000115210,0.0000609627,0.0000724837
0.0511666667,0.0000115228,0.0000611188,0.0000726416
0.0513333333,0.0000115244,0.0000612720,0.0000727964
0.0515000000,0.0000115259,0.0000614227,0.0000729485
0.0516666667,0.0000115272,0.0000615709,0.0000730981
0.0518333333,0.0000115283,0.0000617166,0.0000732449
0.0520000000,0.0000115293,0.0000618593,0.0000733886
0.0521666667,0.0000115302,0.0000619989,0.0000735291
0.0523333333,0.0000115310,0.0000621354,0.0000736664
0.0525000000,0.0000115316,0.0000622692,0.0000738008
0.0526666667,0.0000115321,0.0000624005,0.0000739326
0.0528333333,0.0000115325,0.0000625292,0.0000740616
0.0530000000,0.0000115327,0.0000626549,0.0000741876
0.0531666667,0.0000115329,0.0000627775,0.0000743104
0.0533333333,0.0000115329,0.0000628970,0.0000744299
0.0535000000,0.0000115329,0.0000630137,0.0000745466
0.0536666667,0.0000115328,0.0000631277,0.0000746605
0.0538333333,0.0000115325,0.0000632390,0.0000747715
0.0540000000,0.0000115322,0.0000633473,0.0000748796
0.0541666667,0.0000115318,0.0000634526,0.0000749845
0.0543333333,0.0000115314,0.0000635549,0.0000750863
0.0545000000,0.0000115308,0.0000636542,0.0000751850
0.0546666667,0.0000115302,0.0000637507,0.0000752809
0.0548333333,0.0000115296,0.0000638443,0.0000753739
0.0550000000,0.0000115289,0.0000639350,0.0000754639
0.0551666667,0.0000115281,0.0000640228,0.0000755509
0.0553333333,0.0000115273,0.0000641075,0.0000756348
0.0555000000,0.0000115265,0.0000641892,0.0000757157
0.0556666667,0.0000115256,0.0000642680,0.0000757936
0.0558333333,0.0000115247,0.0000643438,0.0000758685
0.0560000000,0.0000115237,0.0000644167,0.0000759405
0.0561666667,0.0000115228,0.0000644867,0.0000760095
0.0563333333,0.0000115218,0.0000645537,0.0000760755
0.0565000000,0.0000115208,0.0000646176,0.0000761385
0.0566666667,0.0000115199,0.0000646786,0.0000761985
0.0568333333,0.0000115189,0.0000647366,0.0000762554
0.0570000000,0.0000115179,0.0000647915,0.0000763094
0.0571666667,0.0000115169,0.0000648436,0.0000763605
0.0573333333,0.0000115160,0.0000648927,0.0000764087
0.0575000000,0.0000115150,0.0000649389,0.0000764539
0.0576666667,0.0000115141,0.0000649820,0.0000764961
0.0578333333,0.0000115132,0.0000650220,0.0000765353
0.0580000000,0.0000115124,0.0000650590,0.0000765714
0.0581666667,0.0000115116,0.0000650931,0.0000766047
0.0583333333,0.0000115108,0.0000651244,0.0000766352
0.0585000000,0.0000115101,0.0000651527,0.0000766628
0.0586666667,0.0000115095,0.0000651780,0.0000766875
0.0588333333,0.0000115089,0.0000652002,0.0000767090
0.0590000000,0.0000115083,0.0000652192,0.0000767275
0.0591666667,0.0000115079,0.0000652354,0.0000767432
0.0593333333,0.0000115075,0.0000652487,0.0000767562
0.0595000000,0.0000115072,0.0000652593,0.0000767665
0.0596666667,0.0000115069,0.0000652669,0.0000767738
0.0598333333,0.0000115068,0.0000652712,0.0000767780
0.0600000000,0.0000115067,0.0000652725,0.0000767792
0.0601666667,0.0000115068,0.0000652708,0.0000767776
0.0603333333,0.0000115069,0.0000652664,0.0000767734
0.0605000000,0.0000115072,0.0000652594,0.0000767666
0.0606666667,0.0000115076,0.0000652493,0.0000767569
0.0608333333,0.0000115081,0.0000652361,0.0000767441
0.0610000000,0.0000115087,0.0000652197,0.0000767284
0.0611666667,0.0000115094,0.0000652004,0.0000767098
0.0613333333,0.0000115103,0.0000651784,0.0000766887
0.0615000000,0.0000115113,0.0000651539,0.0000766652
0.0616666667,0.0000115125,0.0000651264,0.0000766389
0.0618333333,0.0000115138,0.0000650958,0.0000766096
0.0620000000,0.0000115152,0.0000650620,0.0000765773
0.0621666667,0.0000115168,0.0000650254,0.0000765422
0.0623333333,0.0000115186,0.0000649861,0.0000765047
0.0625000000,0.0000115205,0.0000649443,0.0000764648
0.0626666667,0.0000115226,0.0000648997,0.0000764223
0.0628333333,0.0000115249,0.0000648521,0.0000763769
0.0630000000,0.0000115273,0.0000648012,0.0000763286
0.0631666667,0.0000115300,0.0000647475,0.0000762775
0.0633333333,0.0000115328,0.0000646912,0.0000762240
0.0635000000,0.0000115358,0.0000646325,0.0000761684
0.0636666667,0.0000115390,0.0000645712,0.0000761102
0.0638333333,0.0000115424,0.0000645068,0.0000760493
0.0640000000,0.0000115461,0.0000644393,0.0000759854
0.0641666667,0.0000115499,0.0000643690,0.0000759189
0.0643333333,0.0000115539,0.0000642961,0.0000758501
0.0645000000,0.0000115582,0.0000642209,0.0000757791
0.0646666667,0.0000115627,0.0000641431,0.0000757058
0.0648333333,0.0000115674,0.0000640625,0.0000756299
0.0650000000,0.0000115724,0.0000639788,0.0000755512
0.0651666667,0.0000115775,0.0000638923,0.0000754698
0.0653333333,0.0000115830,0.0000638033,0.0000753863
0.0655000000,0.0000115886,0.0000637120,0.0000753007
0.0656666667,0.0000115946,0.0000636184,0.0000752129
0.0658333333,0.0000116007,0.0000635219,0.0000751227
0.0660000000,0.0000116072,0.0000634226,0.0000750297
0.0661666667,0.0000116139,0.0000633204,0.0000749342
0.0663333333,0.0000116208,0.0000632158,0.0000748366
0.0665000000,0.0000116280,0.0000631090,0.0000747370
0.0666666667,0.0000116355,0.0000629999,0.0000746355
0.0668333333,0.0000116433,0.0000628883,0.0000745316
0.0670000000,0.0000116514,0.0000627738,0.0000744251
0.0671666667,0.0000116597,0.0000626565,0.0000743162
0.0673333333,0.0000116684,0.0000625369,0.0000742053
0.0675000000,0.0000116773,0.0000624152,0.0000740925
0.0676666667,0.0000116865,0.0000622914,0.0000739779
0.0678333333,0.0000116961,0.0000621651,0.0000738611
0.0680000000,0.0000117059,0.0000620360,0.0000737419
0.0681666667,0.0000117161,0.0000619044,0.0000736204
0.0683333333,0.0000117265,0.0000617704,0.0000734969
0.0685000000,0.0000117373,0.0000616345,0.0000733718
0.0686666667,0.0000117484,0.0000614965,0.0000732449
0.0688333333,0.0000117598,0.0000613562,0.0000731160
0.0690000000,0.0000117716,0.0000612134,0.0000729849
0.0691666667,0.0000117836,0.0000610680,0.0000728516
0.0693333333,0.0000117961,0.0000609204,0.0000727165
0.0695000000,0.0000118088,0.0000607709,0.0000725797
0.0696666667,0.0000118219,0.0000606195,0.0000724414
0.0698333333,0.0000118353,0.0000604660,0.0000723013
0.0700000000,0.0000118491,0.0000603100,0.0000721592
0.0701666667,0.0000118633,0.0000601517,0.0000720150
0.0703333333,0.0000118778,0.0000599912,0.0000718690
0.0705000000,0.0000118926,0.0000598290,0.0000717216
0.0706666667,0.0000119078,0.0000596649,0.0000715727
0.0708333333,0.0000119234,0.0000594989,0.0000714223
0.0710000000,0.0000119393,0.0000593307,0.0000712700
0.0711666667,0.0000119557,0.0000591602,0.0000711158
0.0713333333,0.0000119723,0.0000589877,0.0000709600
0.0715000000,0.0000119894,0.0000588134,0.0000708028
0.0716666667,0.0000120069,0.0000586375,0.0000706444
0.0718333333,0.0000120247,0.0000584599,0.0000704846
0.0720000000,0.0000120429,0.0000582801,0.0000703230
0.0721666667,0.0000120615,0.0000580983,0.0000701598
0.0723333333,0.0000120805,0.0000579146,0.0000699951
0.0725000000,0.0000120999,0.0000577293,0.0000698292
0.0726666667,0.0000121197,0.0000575425,0.0000696622
0.0728333333,0.0000121399,0.0000573540,0.0000694939
0.0730000000,0.0000121604,0.0000571637,0.0000693241
0.0731666667,0.0000121814,0.0000569715,0.0000691529
0.0733333333,0.0000122028,0.0000567775,0.0000689803
0.0735000000,0.0000122246,0.0000565820,0.0000688066
0.0736666667,0.0000122469,0.0000563851,0.0000686320
0.0738333333,0.0000122695,0.0000561868,0.0000684563
0.0740000000,0.0000122926,0.0000559868,0.0000682793
0.0741666667,0.0000123160,0.0000557850,0.0000681010
0.0743333333,0.0000123399,0.0000555817,0.0000679216
0.0745000000,0.0000123642,0.0000553770,0.0000677412
0.0746666667,0.0000123890,0.0000551710,0.0000675600
0.0748333333,0.0000124142,0.0000549638,0.0000673779
0.0750000000,0.0000124398,0.0000547550,0.0000671948
0.0751666667,0.0000124658,0.0000545448,0.0000670106
0.0753333333,0.0000124923,0.0000543330,0.0000668253
0.0755000000,0.0000125192,0.0000541201,0.0000666393
0.0756666667,0.0000125465,0.0000539061,0.0000664526
0.0758333333,0.0000125743,0.0000536909,0.0000662652
0.0760000000,0.0000126025,0.0000534744,0.0000660769
0.0761666667,0.0000126312,0.0000532566,0.0000658878
0.0763333333,0.0000126603,0.0000530375,0.0000656978
0.0765000000,0.0000126899,0.0000528174,0.0000655073
0.0766666667,0.0000127199,0.0000525963,0.0000653161
0.0768333333,0.0000127503,0.0000523742,0.0000651245
0.0770000000,0.0000127813,0.0000521510,0.0000649323
0.0771666667,0.0000128126,0.0000519267,0.0000647393
0.0773333333,0.0000128444,0.0000517013,0.0000645458
0.0775000000,0.0000128767,0.0000514750,0.0000643517
0.0776666667,0.0000129094,0.0000512479,0.0000641573
0.0778333333,0.0000129426,0.0000510199,0.0000639626
0.0780000000,0.0000129763,0.0000507911,0.0000637674
0.0781666667,0.0000130104,0.0000505613,0.0000635717
0.0783333333,0.0000130450,0.0000503307,0.0000633757
0.0785000000,0.0000130800,0.0000500993,0.0000631793
0.0786666667,0.0000131155,0.0000498672,0.0000629827
0.0788333333,0.0000131515,0.0000496345,0.0000627860
0.0790000000,0.0000131879,0.0000494011,0.0000625890
0.0791666667,0.0000132248,0.0000491670,0.0000623918
0.0793333333,0.0000132622,0.0000489321,0.0000621943
0.0795000000,0.0000133000,0.0000486967,0.0000619967
0.0796666667,0.0000133383,0.0000484608,0.0000617991
0.0798333333,0.0000133771,0.0000482244,0.0000616015
0.0800000000,0.0000134163,0.0000479875,0.0000614038
0.0801666667,0.0000134560,0.0000477501,0.0000612061
0.0803333333,0.0000134962,0.0000475122,0.0000610084
0.0805000000,0.0000135368,0.0000472739,0.0000608108
0.0806666667,0.0000135780,0.0000470353,0.0000606132
0.0808333333,0.0000136196,0.0000467963,0.0000604159
0.0810000000,0.0000136616,0.0000465570,0.0000602187
0.0811666667,0.0000137042,0.0000463174,0.0000600216
0.0813333333,0.0000137472,0.0000460776,0.0000598248
0.0815000000,0.0000137907,0.0000458375,0.0000596282
0.0816666667,0.0000138347,0.0000455972,0.0000594319
0.0818333333,0.0000138791,0.0000453568,0.0000592359
0.0820000000,0.0000139240,0.0000451163,0.0000590403
0.0821666667,0.0000139694,0.0000448756,0.0000588450
0.0823333333,0.0000140152,0.0000446349,0.0000586502
0.0825000000,0.0000140616,0.0000443942,0.0000584557
0.0826666667,0.0000141084,0.0000441534,0.0000582618
0.0828333333,0.0000141556,0.0000439127,0.0000580683
0.0830000000,0.0000142034,0.0000436720,0.0000578754
0.0831666667,0.0000142516,0.0000434315,0.0000576831
0.0833333333,0.0000143003,0.0000431910,0.0000574913
0.0835000000,0.0000143494,0.0000429507,0.0000573001
0.0836666667,0.0000143991,0.0000427106,0.0000571096
0.0838333333,0.0000144492,0.0000424707,0.0000569198
0.0840000000,0.0000144997,0.0000422310,0.0000567307
0.0841666667,0.0000145508,0.0000419916,0.0000565424
0.0843333333,0.0000146023,0.0000417526,0.0000563548
0.0845000000,0.0000146543,0.0000415138,0.0000561681
0.0846666667,0.0000147067,0.0000412755,0.0000559822
0.0848333333,0.0000147596,0.0000410375,0.0000557971
0.0850000000,0.0000148130,0.0000407999,0.0000556129
0.0851666667,0.0000148668,0.0000405629,0.0000554296
0.0853333333,0.0000149211,0.0000403263,0.0000552474
0.0855000000,0.0000149758,0.0000400903,0.0000550661
0.0856666667,0.0000150310,0.0000398548,0.0000548858
0.0858333333,0.0000150867,0.0000396199,0.0000547066
0.0860000000,0.0000151428,0.0000393855,0.0000545284
0.0861666667,0.0000151994,0.0000391519,0.0000543513
0.0863333333,0.0000152564,0.0000389189,0.0000541754
0.0865000000,0.0000153139,0.0000386867,0.0000540006
0.0866666667,0.0000153719,0.0000384552,0.0000538271
0.0868333333,0.0000154303,0.0000382244,0.0000536547
0.0870000000,0.0000154891,0.0000379944,0.0000534835
0.0871666667,0.0000155484,0.0000377653,0.0000533137
0.0873333333,0.0000156081,0.0000375370,0.0000531452
0.0875000000,0.0000156683,0.0000373097,0.0000529780
0.0876666667,0.0000157289,0.0000370833,0.0000528122
0.0878333333,0.0000157900,0.0000368577,0.0000526477
0.0880000000,0.0000158515,0.0000366331,0.0000524846
0.0881666667,0.0000159134,0.0000364096,0.0000523230
0.0883333333,0.0000159758,0.0000361871,0.0000521629
0.0885000000,0.0000160386,0.0000359657,0.0000520043
0.0886666667,0.0000161018,0.0000357454,0.0000518472
0.0888333333,0.0000161654,0.0000355262,0.0000516917
0.0890000000,0.0000162295,0.0000353081,0.0000515376
0.0891666667,0.0000162940,0.0000350912,0.0000513852
0.0893333333,0.0000163589,0.0000348756,0.0000512345
0.0895000000,0.0000164242,0.0000346613,0.0000510855
0.0896666667,0.0000164900,0.0000344482,0.0000509381
0.0898333333,0.0000165561,0.0000342364,0.0000507924
0.0900000000,0.0000166226,0.0000340259,0.0000506484
0.0901666667,0.0000166894,0.0000338168,0.0000505062
0.0903333333,0.0000167566,0.0000336092,0.0000503658
0.0905000000,0.0000168241,0.0000334032,0.0000502273
0.0906666667,0.0000168919,0.0000331987,0.0000500906
0.0908333333,0.0000169599,0.0000329957,0.0000499557
0.0910000000,0.0000170281,0.0000327945,0.0000498226
0.0911666667,0.0000170965,0.0000325950,0.0000496915
0.0913333333,0.0000171649,0.0000323975,0.0000495623
0.0915000000,0.0000172333,0.0000322019,0.0000494352
0.0916666667,0.0000173016,0.0000320084,0.0000493100
0.0918333333,0.0000173698,0.0000318169,0.0000491867
0.0920000000,0.0000174379,0.0000316276,0.0000490655
0.0921666667,0.0000175057,0.0000314407,0.0000489463
0.0923333333,0.0000175731,0.0000312561,0.0000488293
0.0925000000,0.0000176403,0.0000310741,0.0000487144
0.0926666667,0.0000177070,0.0000308946,0.0000486015
0.0928333333,0.0000177733,0.0000307175,0.0000484908
0.0930000000,0.0000178391,0.0000305431,0.0000483822
0.0931666667,0.0000179044,0.0000303714,0.0000482758
0.0933333333,0.0000179691,0.0000302026,0.0000481717
0.0935000000,0.0000180331,0.0000300366,0.0000480698
0.0936666667,0.0000180965,0.0000298736,0.0000479701
0.0938333333,0.0000181591,0.0000297136,0.0000478727
0.0940000000,0.0000182209,0.0000295567,0.0000477775
0.0941666667,0.0000182818,0.0000294029,0.0000476847
0.0943333333,0.0000183418,0.0000292524,0.0000475942
0.0945000000,0.0000184009,0.0000291052,0.0000475061
0.0946666667,0.0000184589,0.0000289614,0.0000474204
0.0948333333,0.0000185159,0.0000288210,0.0000473370
0.0950000000,0.0000185718,0.0000286841,0.0000472560
0.0951666667,0.0000186266,0.0000285508,0.0000471774
0.0953333333,0.0000186801,0.0000284211,0.0000471012
0.0955000000,0.0000187324,0.0000282952,0.0000470276
0.0956666667,0.0000187834,0.0000281731,0.0000469565
0.0958333333,0.0000188330,0.0000280548,0.0000468878
0.0960000000,0.0000188812,0.0000279404,0.0000468216
0.0961666667,0.0000189280,0.0000278299,0.0000467579
0.0963333333,0.0000189733,0.0000277235,0.0000466968
0.0965000000,0.0000190170,0.0000276213,0.0000466383
0.0966666667,0.0000190592,0.0000275232,0.0000465824
0.0968333333,0.0000190997,0.0000274293,0.0000465291
0.0970000000,0.0000191385,0.0000273397,0.0000464783
0.0971666667,0.0000191756,0.0000272545,0.0000464301
0.0973333333,0.0000192110,0.0000271737,0.0000463847
0.0975000000,0.0000192445,0.0000270974,0.0000463419
0.0976666667,0.0000192762,0.0000270256,0.0000463017
0.0978333333,0.0000193059,0.0000269583,0.0000462643
0.0980000000,0.0000193337,0.0000268957,0.0000462295
0.0981666667,0.0000193596,0.0000268378,0.0000461974
0.0983333333,0.0000193833,0.0000267847,0.0000461680
0.0985000000,0.0000194050,0.0000267364,0.0000461415
0.0986666667,0.0000194247,0.0000266930,0.0000461176
0.0988333333,0.0000194421,0.0000266544,0.0000460965
0.0990000000,0.0000194574,0.0000266208,0.0000460782
0.0991666667,0.0000194704,0.0000265923,0.0000460627
0.0993333333,0.0000194812,0.0000265688,0.0000460499
0.0995000000,0.0000194896,0.0000265504,0.0000460400
0.0996666667,0.0000194958,0.0000265371,0.0000460329
0.0998333333,0.0000194996,0.0000265290,0.0000460287
0.1000000000,0.0000195011,0.0000265261,0.0000460272
0.1001666667,0.0000195002,0.0000265285,0.0000460286
0.1003333333,0.0000194969,0.0000265360,0.0000460329
0.1005000000,0.0000194913,0.0000265488,0.0000460401
0.1006666667,0.0000194834,0.0000265667,0.0000460501
0.1008333333,0.0000194731,0.0000265899,0.0000460630
0.1010000000,0.0000194607,0.0000266181,0.0000460788
0.1011666667,0.0000194461,0.0000266514,0.0000460975
0.1013333333,0.0000194295,0.0000266897,0.0000461192
0.1015000000,0.0000194109,0.0000267328,0.0000461437
0.1016666667,0.0000193904,0.0000267808,0.0000461711
0.1018333333,0.0000193681,0.0000268334,0.0000462015
0.1020000000,0.0000193441,0.0000268907,0.0000462349
0.1021666667,0.0000193186,0.0000269526,0.0000462712
0.1023333333,0.0000192915,0.0000270189,0.0000463104
0.1025000000,0.0000192629,0.0000270897,0.0000463526
0.1026666667,0.0000192329,0.0000271647,0.0000463977
0.1028333333,0.0000192016,0.0000272441,0.0000464457
0.1030000000,0.0000191690,0.0000273278,0.0000464968
0.1031666667,0.0000191352,0.0000274157,0.0000465509
0.1033333333,0.0000191002,0.0000275078,0.0000466079
0.1035000000,0.0000190641,0.0000276039,0.0000466679
0.1036666667,0.0000190270,0.0000277039,0.0000467309
0.1038333333,0.0000189890,0.0000278078,0.0000467968
0.1040000000,0.0000189501,0.0000279156,0.0000468658
0.1041666667,0.0000189106,0.0000280272,0.0000469378
0.1043333333,0.0000188704,0.0000281424,0.0000470127
0.1045000000,0.0000188295,0.0000282611,0.0000470906
0.1046666667,0.0000187881,0.0000283834,0.0000471715
0.1048333333,0.0000187463,0.0000285091,0.0000472554
0.1050000000,0.0000187041,0.0000286383,0.0000473424
0.1051666667,0.0000186615,0.0000287708,0.0000474323
0.1053333333,0.0000186187,0.0000289066,0.0000475253
0.1055000000,0.0000185757,0.0000290454,0.0000476211
0.1056666667,0.0000185327,0.0000291873,0.0000477200
0.1058333333,0.0000184897,0.0000293321,0.0000478218
0.1060000000,0.0000184468,0.0000294800,0.0000479268
0.1061666667,0.0000184040,0.0000296307,0.0000480347
0.1063333333,0.0000183614,0.0000297842,0.0000481456
0.1065000000,0.0000183192,0.0000299402,0.0000482594
0.1066666667,0.0000182773,0.0000300989,0.0000483762
0.1068333333,0.0000182358,0.0000302601,0.0000484960
0.1070000000,0.0000181950,0.0000304238,0.0000486188
0.1071666667,0.0000181547,0.0000305899,0.0000487446
0.1073333333,0.0000181151,0.0000307583,0.0000488734
0.1075000000,0.0000180763,0.0000309287,0.0000490050
0.1076666667,0.0000180383,0.0000311013,0.0000491396
0.1078333333,0.0000180013,0.0000312759,0.0000492772
0.1080000000,0.0000179652,0.0000314526,0.0000494178
0.1081666667,0.0000179302,0.0000316312,0.0000495614
0.1083333333,0.0000178963,0.0000318115,0.0000497078
0.1085000000,0.0000178637,0.0000319935,0.0000498572
0.1086666667,0.0000178324,0.0000321770,0.0000500094
0.1088333333,0.0000178024,0.0000323621,0.0000501645
0.1090000000,0.0000177739,0.0000325488,0.0000503227
0.1091666667,0.0000177469,0.0000327369,0.0000504838
0.1093333333,0.0000177215,0.0000329263,0.0000506478
0.1095000000,0.0000176978,0.0000331168,0.0000508146
0.1096666667,0.0000176758,0.0000333084,0.0000509841
0.1098333333,0.0000176556,0.0000335011,0.0000511566
0.1100000000,0.0000176372,0.0000336949,0.0000513321
0.1101666667,0.0000176207,0.0000338897,0.0000515104
0.1103333333,0.0000176063,0.0000340853,0.0000516916
0.1105000000,0.0000175938,0.0000342817,0.0000518755
0.1106666667,0.0000175834,0.0000344787,0.0000520621
0.1108333333,0.0000175751,0.0000346765,0.0000522516
0.1110000000,0.0000175690,0.0000348750,0.0000524440
0.1111666667,0.0000175649,0.0000350743,0.0000526392
0.1113333333,0.0000175630,0.0000352742,0.0000528372
0.1115000000,0.0000175633,0.0000354745,0.0000530379
0.1116666667,0.0000175658,0.0000356754,0.0000532412
0.1118333333,0.0000175704,0.0000358768,0.0000534472
0.1120000000,0.0000175773,0.0000360789,0.0000536561
0.1121666667,0.0000175863,0.0000362816,0.0000538678
0.1123333333,0.0000175975,0.0000364847,0.0000540822
0.1125000000,0.0000176110,0.0000366882,0.0000542992
0.1126666667,0.0000176267,0.0000368920,0.0000545187
0.1128333333,0.0000176447,0.0000370963,0.0000547409
0.1130000000,0.0000176649,0.0000373009,0.0000549659
0.1131666667,0.0000176876,0.0000375060,0.0000551936
0.1133333333,0.0000177125,0.0000377113,0.0000554238
0.1135000000,0.0000177398,0.0000379168,0.0000556566
0.1136666667,0.0000177695,0.0000381223,0.0000558918
0.1138333333,0.0000178016,0.0000383281,0.0000561296
0.1140000000,0.0000178360,0.0000385341,0.0000563701
0.1141666667,0.0000178728,0.0000387404,0.0000566132
0.1143333333,0.0000179121,0.0000389468,0.0000568588
0.1145000000,0.0000179537,0.0000391531,0.0000571068
0.1146666667,0.0000179978,0.0000393594,0.0000573572
0.1148333333,0.0000180444,0.0000395656,0.0000576100
0.1150000000,0.0000180934,0.0000397720,0.0000578654
0.1151666667,0.0000181449,0.0000399784,0.0000581233
0.1153333333,0.0000181989,0.0000401848,0.0000583837
0.1155000000,0.0000182554,0.0000403909,0.0000586462
0.1156666667,0.0000183144,0.0000405967,0.0000589111
0.1158333333,0.0000183759,0.0000408024,0.0000591783
0.1160000000,0.0000184399,0.0000410081,0.0000594479
0.1161666667,0.0000185064,0.0000412136,0.0000597200
0.1163333333,0.0000185755,0.0000414189,0.0000599944
0.1165000000,0.0000186471,0.0000416238,0.0000602709
0.1166666667,0.0000187213,0.0000418282,0.0000605495
0.1168333333,0.0000187980,0.0000420323,0.0000608303
0.1170000000,0.0000188774,0.0000422362,0.0000611135
0.1171666667,0.0000189592,0.0000424398,0.0000613990
0.1173333333,0.0000190437,0.0000426430,0.0000616867
0.1175000000,0.0000191307,0.0000428457,0.0000619764
0.1176666667,0.0000192203,0.0000430477,0.0000622680
0.1178333333,0.0000193125,0.0000432492,0.0000625618
0.1180000000,0.0000194073,0.0000434504,0.0000628577
0.1181666667,0.0000195047,0.0000436512,0.0000631559
0.1183333333,0.0000196047,0.0000438513,0.0000634561
0.1185000000,0.0000197073,0.0000440508,0.0000637581
0.1186666667,0.0000198125,0.0000442495,0.0000640620
0.1188333333,0.0000199203,0.0000444476,0.0000643679
0.1190000000,0.0000200307,0.0000446451,0.0000646758
0.1191666667,0.0000201437,0.0000448421,0.0000649857
0.1193333333,0.0000202593,0.0000450383,0.0000652976
0.1195000000,0.0000203775,0.0000452337,0.0000656112
0.1196666667,0.0000204983,0.0000454282,0.0000659265
0.1198333333,0.0000206217,0.0000456219,0.0000662436
0.1200000000,0.0000207476,0.0000458149,0.0000665626
0.1201666667,0.0000208762,0.0000460072,0.0000668835
0.1203333333,0.0000210074,0.0000461987,0.0000672061
0.1205000000,0.0000211411,0.0000463892,0.0000675304
0.1206666667,0.0000212775,0.0000465787,0.0000678561
0.1208333333,0.0000214164,0.0000467672,0.0000681835
0.1210000000,0.0000215578,0.0000469549,0.0000685127
0.1211666667,0.0000217019,0.0000471418,0.0000688437
0.1213333333,0.0000218485,0.0000473277,0.0000691762
0.1215000000,0.0000219976,0.0000475125,0.0000695102
0.1216666667,0.0000221493,0.0000476962,0.0000698455
0.1218333333,0.0000223035,0.0000478787,0.0000701823
0.1220000000,0.0000224603,0.0000480604,0.0000705207
0.1221666667,0.0000226196,0.0000482411,0.0000708607
0.1223333333,0.0000227813,0.0000484208,0.0000712021
0.1225000000,0.0000229456,0.0000485992,0.0000715448
0.1226666667,0.0000231124,0.0000487763,0.0000718887
0.1228333333,0.0000232817,0.0000489522,0.0000722339
0.1230000000,0.0000234534,0.0000491271,0.0000725805
0.1231666667,0.0000236276,0.0000493010,0.0000729286
0.1233333333,0.0000238042,0.0000494738,0.0000732780
0.1235000000,0.0000239833,0.0000496452,0.0000736285
0.1236666667,0.0000241648,0.0000498152,0.0000739799
0.1238333333,0.0000243487,0.0000499838,0.0000743325
0.1240000000,0.0000245349,0.0000501514,0.0000746864
0.1241666667,0.0000247236,0.0000503179,0.0000750415
0.1243333333,0.0000249146,0.0000504831,0.0000753977
0.1245000000,0.0000251080,0.0000506469,0.0000757549
0.1246666667,0.0000253037,0.0000508092,0.0000761129
0.1248333333,0.0000255018,0.0000509701,0.0000764718
0.1250000000,0.0000257021,0.0000511298,0.0000768319
0.1251666667,0.0000259047,0.0000512883,0.0000771930
0.1253333333,0.0000261096,0.0000514455,0.0000775551
0.1255000000,0.0000263167,0.0000516012,0.0000779179
0.1256666667,0.0000265261,0.0000517553,0.0000782814
0.1258333333,0.0000267377,0.0000519079,0.0000786456
0.1260000000,0.0000269514,0.0000520593,0.0000790107
0.1261666667,0.0000271674,0.0000522094,0.0000793767
0.1263333333,0.0000273855,0.0000523581,0.0000797436
0.1265000000,0.0000276057,0.0000525053,0.0000801110
0.1266666667,0.0000278280,0.0000526508,0.0000804788
0.1268333333,0.0000280524,0.0000527948,0.0000808472
0.1270000000,0.0000282789,0.0000529374,0.0000812164
0.1271666667,0.0000285075,0.0000530788,0.0000815862
0.1273333333,0.0000287380,0.0000532187,0.0000819567
0.1275000000,0.0000289706,0.0000533570,0.0000823276
0.1276666667,0.0000292051,0.0000534936,0.0000826987
0.1278333333,0.0000294416,0.0000536286,0.0000830702
0.1280000000,0.0000296800,0.0000537622,0.0000834422
0.1281666667,0.0000299203,0.0000538945,0.0000838148
0.1283333333,0.0000301625,0.0000540253,0.0000841878
0.1285000000,0.0000304066,0.0000541544,0.0000845610
0.1286666667,0.0000306524,0.0000542819,0.0000849343
0.1288333333,0.0000309001,0.0000544077,0.0000853078
0.1290000000,0.0000311495,0.0000545321,0.0000856816
0.1291666667,0.0000314007,0.0000546551,0.0000860558
0.1293333333,0.0000316536,0.0000547766,0.0000864302
0.1295000000,0.0000319082,0.0000548964,0.0000868046
0.1296666667,0.0000321645,0.0000550145,0.0000871790
0.1298333333,0.0000324224,0.0000551309,0.0000875533
0.1300000000,0.0000326818,0.0000552459,0.0000879278
0.1301666667,0.0000329429,0.0000553595,0.0000883024
0.1303333333,0.0000332055,0.0000554716,0.0000886771
0.1305000000,0.0000334696,0.0000555820,0.0000890516
0.1306666667,0.0000337352,0.0000556907,0.0000894259
0.1308333333,0.0000340023,0.0000557976,0.0000897999
0.1310000000,0.0000342708,0.0000559032,0.0000901739
0.1311666667,0.0000345406,0.0000560073,0.0000905479
0.1313333333,0.0000348118,0.0000561099,0.0000909218
0.1315000000,0.0000350844,0.0000562109,0.0000912953
0.1316666667,0.0000353582,0.0000563101,0.0000916683
0.1318333333,0.0000356333,0.0000564076,0.0000920409
0.1320000000,0.0000359096,0.0000565037,0.0000924133
0.1321666667,0.0000361872,0.0000565983,0.0000927855
0.1323333333,0.0000364658,0.0000566915,0.0000931574
0.1325000000,0.0000367456,0.0000567831,0.0000935287
0.1326666667,0.0000370265,0.0000568729,0.0000938994
0.1328333333,0.0000373085,0.0000569611,0.0000942695
0.1330000000,0.0000375914,0.0000570478,0.0000946392
0.1331666667,0.0000378754,0.0000571331,0.0000950085
0.1333333333,0.0000381603,0.0000572170,0.0000953773
0.1335000000,0.0000384461,0.0000572993,0.0000957453
0.1336666667,0.0000387327,0.0000573798,0.0000961126
0.1338333333,0.0000390203,0.0000574588,0.0000964790
0.1340000000,0.0000393086,0.0000575363,0.0000968449
0.1341666667,0.0000395977,0.0000576125,0.0000972101
0.1343333333,0.0000398875,0.0000576872,0.0000975747
0.1345000000,0.0000401780,0.0000577604,0.0000979384
0.1346666667,0.0000404692,0.0000578320,0.0000983011
0.1348333333,0.0000407609,0.0000579019,0.0000986628
0.1350000000,0.0000410533,0.0000579705,0.0000990237
0.1351666667,0.0000413462,0.0000580377,0.0000993839
0.1353333333,0.0000416396,0.0000581036,0.0000997432
0.1355000000,0.0000419334,0.0000581680,0.0001001014
0.1356666667,0.0000422277,0.0000582308,0.0001004585
0.1358333333,0.0000425223,0.0000582921,0.0001008144
0.1360000000,0.0000428173,0.0000583520,0.0001011693
0.1361666667,0.0000431126,0.0000584106,0.0001015233
0.1363333333,0.0000434082,0.0000584680,0.0001018762
0.1365000000,0.0000437040,0.0000585240,0.0001022279
0.1366666667,0.0000439999,0.0000585783,0.0001025783
0.1368333333,0.0000442960,0.0000586313,0.0001029273
0.1370000000,0.0000445922,0.0000586829,0.0001032752
0.1371666667,0.0000448885,0.0000587334,0.0001036219
0.1373333333,0.0000451848,0.0000587826,0.0001039674
0.1375000000,0.0000454811,0.0000588305,0.0001043116
0.1376666667,0.0000457772,0.0000588769,0.0001046542
0.1378333333,0.0000460733,0.0000589220,0.0001049953
0.1380000000,0.0000463693,0.0000589658,0.0001053351
0.1381666667,0.0000466650,0.0000590086,0.0001056736
0.1383333333,0.0000469606,0.0000590501,0.0001060107
0.1385000000,0.0000472558,0.0000590905,0.0001063463
0.1386666667,0.0000475508,0.0000591294,0.0001066802
0.1388333333,0.0000478454,0.0000591670,0.0001070124
0.1390000000,0.0000481396,0.0000592036,0.0001073431
0.1391666667,0.0000484333,0.0000592391,0.0001076724
0.1393333333,0.0000487266,0.0000592735,0.0001080001
0.1395000000,0.0000490193,0.0000593068,0.0001083261
0.1396666667,0.0000493115,0.0000593388,0.0001086503
0.1398333333,0.0000496030,0.0000593696,0.0001089727
0.1400000000,0.0000498939,0.0000593994,0.0001092933
0.1401666667,0.0000501842,0.0000594282,0.0001096124
0.1403333333,0.0000504736,0.0000594562,0.0001099298
0.1405000000,0.0000507623,0.0000594830,0.0001102453
0.1406666667,0.0000510502,0.0000595087,0.0001105589
0.1408333333,0.0000513372,0.0000595333,0.0001108704
0.1410000000,0.0000516233,0.0000595569,0.0001111802
0.1411666667,0.0000519084,0.0000595797,0.0001114882
0.1413333333,0.0000521926,0.0000596017,0.0001117943
0.1415000000,0.0000524757,0.0000596228,0.0001120984
0.1416666667,0.0000527577,0.0000596428,0.0001124005
0.1418333333,0.0000530386,0.0000596618,0.0001127004
0.1420000000,0.0000533183,0.0000596800,0.0001129983
0.1421666667,0.0000535969,0.0000596974,0.0001132943
0.1423333333,0.0000538742,0.0000597142,0.0001135884
0.1425000000,0.0000541501,0.0000597301,0.0001138803
0.1426666667,0.0000544248,0.0000597451,0.0001141699
0.1428333333,0.0000546980,0.0000597593,0.0001144573
0.1430000000,0.0000549699,0.0000597727,0.0001147426
0.1431666667,0.0000552402,0.0000597856,0.0001150258
0.1433333333,0.0000555091,0.0000597978,0.0001153070
0.1435000000,0.0000557764,0.0000598094,0.0001155858
0.1436666667,0.0000560422,0.0000598202,0.0001158623
0.1438333333,0.0000563062,0.0000598302,0.0001161364
0.1440000000,0.0000565687,0.0000598397,0.0001164083
0.1441666667,0.0000568294,0.0000598486,0.0001166780
0.1443333333,0.0000570883,0.0000598571,0.0001169454
0.1445000000,0.0000573454,0.0000598651,0.0001172105
0.1446666667,0.0000576007,0.0000598724,0.0001174731
0.1448333333,0.0000578541,0.0000598791,0.0001177332
0.1450000000,0.0000581056,0.0000598853,0.0001179909
0.1451666667,0.0000583551,0.0000598912,0.0001182463
0.1453333333,0.0000586026,0.0000598968,0.0001184994
0.1455000000,0.0000588481,0.0000599019,0.0001187500
0.1456666667,0.0000590915,0.0000599065,0.0001189980
0.1458333333,0.0000593327,0.0000599107,0.0001192434
0.1460000000,0.0000595718,0.0000599145,0.0001194863
0.1461666667,0.0000598086,0.0000599182,0.0001197268
0.1463333333,0.0000600432,0.0000599216,0.0001199648
0.1465000000,0.0000602756,0.0000599247,0.0001202003
0.1466666667,0.0000605055,0.0000599275,0.0001204331
0.1468333333,0.0000607332,0.0000599300,0.0001206632
0.1470000000,0.0000609584,0.0000599323,0.0001208907
0.1471666667,0.0000611811,0.0000599345,0.0001211156
0.1473333333,0.0000614014,0.0000599366,0.0001213380
0.1475000000,0.0000616192,0.0000599386,0.0001215578
0.1476666667,0.0000618344,0.0000599404,0.0001217748
0.1478333333,0.0000620470,0.0000599420,0.0001219890
0.1480000000,0.0000622569,0.0000599436,0.0001222005
0.1481666667,0.0000624642,0.0000599452,0.0001224094
0.1483333333,0.0000626688,0.0000599469,0.0001226157
0.1485000000,0.0000628706,0.0000599486,0.0001228192
0.1486666667,0.0000630696,0.0000599503,0.0001230199
0.1488333333,0.0000632658,0.0000599519,0.0001232177
0.1490000000,0.0000634592,0.0000599536,0.0001234128
0.1491666667,0.0000636496,0.0000599555,0.0001236052
0.1493333333,0.0000638372,0.0000599576,0.0001237948
0.1495000000,0.0000640217,0.0000599599,0.0001239816
0.1496666667,0.0000642033,0.0000599623,0.0001241656
0.1498333333,0.0000643818,0.0000599648,0.0001243466
0.1500000000,0.0000645573,0.0000599675,0.0001245248
0.1501666667,0.0000647297,0.0000599706,0.0001247002
0.1503333333,0.0000648989,0.0000599740,0.0001248729
0.1505000000,0.0000650650,0.0000599777,0.0001250426
0.1506666667,0.0000652278,0.0000599816,0.0001252095
0.1508333333,0.0000653875,0.0000599858,0.0001253733
0.1510000000,0.0000655438,0.0000599904,0.0001255343
0.1511666667,0.0000656969,0.0000599955,0.0001256924
0.1513333333,0.0000658466,0.0000600011,0.0001258477
0.1515000000,0.0000659930,0.0000600071,0.0001260001
0.1516666667,0.0000661360,0.0000600135,0.0001261495
0.1518333333,0.0000662756,0.0000600203,0.0001262958
0.1520000000,0.0000664117,0.0000600276,0.0001264393
0.1521666667,0.0000665443,0.0000600355,0.0001265799
0.1523333333,0.0000666735,0.0000600441,0.0001267176
0.1525000000,0.0000667991,0.0000600532,0.0001268523
0.1526666667,0.0000669211,0.0000600629,0.0001269840
0.1528333333,0.0000670396,0.0000600731,0.0001271127
0.1530000000,0.0000671544,0.0000600840,0.0001272384
0.1531666667,0.0000672656,0.0000600956,0.0001273612
0.1533333333,0.0000673731,0.0000601080,0.0001274811
0.1535000000,0.0000674769,0.0000601211,0.0001275980
0.1536666667,0.0000675770,0.0000601349,0.0001277119
0.1538333333,0.0000676733,0.0000601494,0.0001278227
0.1540000000,0.0000677659,0.0000601646,0.0001279305
0.1541666667,0.0000678547,0.0000601808,0.0001280354
0.1543333333,0.0000679396,0.0000601978,0.0001281374
0.1545000000,0.0000680207,0.0000602156,0.0001282364
0.1546666667,0.0000680979,0.0000602343,0.0001283323
0.1548333333,0.0000681713,0.0000602539,0.0001284252
0.1550000000,0.0000682407,0.0000602743,0.0001285150
0.1551666667,0.0000683062,0.0000602957,0.0001286020
0.1553333333,0.0000683678,0.0000603182,0.0001286859
0.1555000000,0.0000684254,0.0000603416,0.0001287669
0.1556666667,0.0000684790,0.0000603659,0.0001288449
0.1558333333,0.0000685285,0.0000603913,0.0001289198
0.1560000000,0.0000685741,0.0000604176,0.0001289917
0.1561666667,0.0000686156,0.0000604451,0.0001290607
0.1563333333,0.0000686530,0.0000604737,0.0001291267
0.1565000000,0.0000686863,0.0000605034,0.0001291897
0.1566666667,0.0000687156,0.0000605342,0.0001292497
0.1568333333,0.0000687407,0.0000605660,0.0001293067
0.1570000000,0.0000687617,0.0000605990,0.0001293608
0.1571666667,0.0000687786,0.0000606333,0.0001294118
0.1573333333,0.0000687912,0.0000606687,0.0001294600
0.1575000000,0.0000687998,0.0000607054,0.0001295052
0.1576666667,0.0000688041,0.0000607433,0.0001295474
0.1578333333,0.0000688042,0.0000607824,0.0001295866
0.1580000000,0.0000688001,0.0000608227,0.0001296228
0.1581666667,0.0000687918,0.0000608644,0.0001296562
0.1583333333,0.0000687792,0.0000609074,0.0001296866
0.1585000000,0.0000687624,0.0000609517,0.0001297141
0.1586666667,0.0000687414,0.0000609973,0.0001297387
0.1588333333,0.0000687160,0.0000610442,0.0001297603
0.1590000000,0.0000686864,0.0000610925,0.0001297790
0.1591666667,0.0000686525,0.0000611423,0.0001297948
0.1593333333,0.0000686144,0.0000611934,0.0001298077
0.1595000000,0.0000685719,0.0000612459,0.0001298178
0.1596666667,0.0000685251,0.0000612999,0.0001298250
0.1598333333,0.0000684740,0.0000613553,0.0001298293
0.1600000000,0.0000684186,0.0000614121,0.0001298307
0.1601666667,0.0000683588,0.0000614704,0.0001298293
0.1603333333,0.0000682948,0.0000615303,0.0001298250
0.1605000000,0.0000682264,0.0000615916,0.0001298180
0.1606666667,0.0000681536,0.0000616544,0.0001298081
0.1608333333,0.0000680766,0.0000617188,0.0001297954
0.1610000000,0.0000679952,0.0000617847,0.0001297798
0.1611666667,0.0000679094,0.0000618521,0.0001297615
0.1613333333,0.0000678193,0.0000619211,0.0001297405
0.1615000000,0.0000677249,0.0000619917,0.0001297167
0.1616666667,0.0000676262,0.0000620639,0.0001296901
0.1618333333,0.0000675231,0.0000621377,0.0001296608
0.1620000000,0.0000674156,0.0000622131,0.0001296287
0.1621666667,0.0000673039,0.0000622901,0.0001295940
0.1623333333,0.0000671878,0.0000623687,0.0001295565
0.1625000000,0.0000670674,0.0000624490,0.0001295164
0.1626666667,0.0000669426,0.0000625310,0.0001294736
0.1628333333,0.0000668136,0.0000626146,0.0001294281
0.1630000000,0.0000666802,0.0000626998,0.0001293800
0.1631666667,0.0000665425,0.0000627868,0.0001293293
0.1633333333,0.0000664005,0.0000628754,0.0001292760
0.1635000000,0.0000662543,0.0000629658,0.0001292200
0.1636666667,0.0000661037,0.0000630579,0.0001291615
0.1638333333,0.0000659489,0.0000631516,0.0001291005
0.1640000000,0.0000657898,0.0000632471,0.0001290368
0.1641666667,0.0000656264,0.0000633443,0.0001289707
0.1643333333,0.0000654588,0.0000634432,0.0001289020
0.1645000000,0.0000652870,0.0000635439,0.0001288309
0.1646666667,0.0000651109,0.0000636463,0.0001287573
0.1648333333,0.0000649307,0.0000637505,0.0001286812
0.1650000000,0.0000647462,0.0000638564,0.0001286026
0.1651666667,0.0000645576,0.0000639641,0.0001285217
0.1653333333,0.0000643648,0.0000640735,0.0001284383
0.1655000000,0.0000641678,0.0000641847,0.0001283525
0.1656666667,0.0000639667,0.0000642977,0.0001282644
0.1658333333,0.0000637614,0.0000644125,0.0001281739
0.1660000000,0.0000635521,0.0000645290,0.0001280811
0.1661666667,0.0000633387,0.0000646474,0.0001279860
0.1663333333,0.0000631212,0.0000647675,0.0001278886
0.1665000000,0.0000628996,0.0000648893,0.0001277890
0.1666666667,0.0000626740,0.0000650130,0.0001276871
0.1668333333,0.0000624444,0.0000651385,0.0001275829
0.1670000000,0.0000622109,0.0000652657,0.0001274766
0.1671666667,0.0000619733,0.0000653948,0.0001273681
0.1673333333,0.0000617318,0.0000655256,0.0001272574
0.1675000000,0.0000614863,0.0000656582,0.0001271445
0.1676666667,0.0000612370,0.0000657926,0.0001270296
0.1678333333,0.0000609838,0.0000659288,0.0001269125
0.1680000000,0.0000607267,0.0000660668,0.0001267934
0.1681666667,0.0000604657,0.0000662065,0.0001266723
0.1683333333,0.0000602010,0.0000663480,0.0001265490
0.1685000000,0.0000599325,0.0000664913,0.0001264238
0.1686666667,0.0000596602,0.0000666364,0.0001262966
0.1688333333,0.0000593842,0.0000667833,0.0001261675
0.1690000000,0.0000591046,0.0000669319,0.0001260364
0.1691666667,0.0000588212,0.0000670823,0.0001259034
0.1693333333,0.0000585342,0.0000672344,0.0001257686
0.1695000000,0.0000582435,0.0000673883,0.0001256318
0.1696666667,0.0000579493,0.0000675439,0.0001254932
0.1698333333,0.0000576516,0.0000677013,0.0001253529
0.1700000000,0.0000573503,0.0000678604,0.0001252107
0.1701666667,0.0000570455,0.0000680213,0.0001250668
0.1703333333,0.0000567373,0.0000681838,0.0001249211
0.1705000000,0.0000564256,0.0000683481,0.0001247737
0.1706666667,0.0000561106,0.0000685141,0.0001246246
0.1708333333,0.0000557922,0.0000686818,0.0001244739
0.1710000000,0.0000554704,0.0000688512,0.0001243216
0.1711666667,0.0000551454,0.0000690222,0.0001241676
0.1713333333,0.0000548171,0.0000691950,0.0001240121
0.1715000000,0.0000544857,0.0000693693,0.0001238550
0.1716666667,0.0000541510,0.0000695454,0.0001236964
0.1718333333,0.0000538132,0.0000697231,0.0001235363
0.1720000000,0.0000534723,0.0000699024,0.0001233747
0.1721666667,0.0000531283,0.0000700834,0.0001232117
0.1723333333,0.0000527813,0.0000702659,0.0001230472
0.1725000000,0.0000524313,0.0000704501,0.0001228814
0.1726666667,0.0000520784,0.0000706358,0.0001227142
0.1728333333,0.0000517226,0.0000708231,0.0001225457
0.1730000000,0.0000513639,0.0000710120,0.0001223759
0.1731666667,0.0000510023,0.0000712024,0.0001222048
0.1733333333,0.0000506380,0.0000713944,0.0001220324
0.1735000000,0.0000502710,0.0000715878,0.0001218588
0.1736666667,0.0000499012,0.0000717828,0.0001216840
0.1738333333,0.0000495289,0.0000719793,0.0001215081
0.1740000000,0.0000491539,0.0000721772,0.0001213311
0.1741666667,0.0000487763,0.0000723766,0.0001211530
0.1743333333,0.0000483962,0.0000725775,0.0001209737
0.1745000000,0.0000480137,0.0000727797,0.0001207934
0.1746666667,0.0000476287,0.0000729834,0.0001206121
0.1748333333,0.0000472414,0.0000731885,0.0001204298
0.1750000000,0.0000468517,0.0000733950,0.0001202466
0.1751666667,0.0000464597,0.0000736028,0.0001200625
0.1753333333,0.0000460655,0.0000738119,0.0001198774
0.1755000000,0.0000456691,0.0000740224,0.0001196915
0.1756666667,0.0000452706,0.0000742341,0.0001195047
0.1758333333,0.0000448700,0.0000744472,0.0001193172
0.1760000000,0.0000444673,0.0000746616,0.0001191289
0.1761666667,0.0000440627,0.0000748772,0.0001189399
0.1763333333,0.0000436561,0.0000750940,0.0001187501
0.1765000000,0.0000432476,0.0000753120,0.0001185596
0.1766666667,0.0000428373,0.0000755312,0.0001183685
0.1768333333,0.0000424252,0.0000757517,0.0001181769
0.1770000000,0.0000420114,0.0000759733,0.0001179847
0.1771666667,0.0000415959,0.0000761960,0.0001177919
0.1773333333,0.0000411787,0.0000764199,0.0001175986
0.1775000000,0.0000407600,0.0000766448,0.0001174048
0.1776666667,0.0000403398,0.0000768709,0.0001172107
0.1778333333,0.0000399181,0.0000770981,0.0001170162
0.1780000000,0.0000394950,0.0000773264,0.0001168214
0.1781666667,0.0000390705,0.0000775558,0.0001166263
0.1783333333,0.0000386448,0.0000777863,0.0001164310
0.1785000000,0.0000382178,0.0000780178,0.0001162356
0.1786666667,0.0000377896,0.0000782505,0.0001160400
0.1788333333,0.0000373603,0.0000784843,0.0001158446
0.1790000000,0.0000369299,0.0000787193,0.0001156492
0.1791666667,0.0000364985,0.0000789554,0.0001154539
0.1793333333,0.0000360662,0.0000791928,0.0001152589
0.1795000000,0.0000356329,0.0000794313,0.0001150643
0.1796666667,0.0000351989,0.0000796712,0.0001148701
0.1798333333,0.0000347641,0.0000799126,0.0001146766
0.1800000000,0.0000343285,0.0000801554,0.0001144839
0.1801666667,0.0000338924,0.0000803997,0.0001142921
0.1803333333,0.0000334557,0.0000806456,0.0001141013
0.1805000000,0.0000330185,0.0000808933,0.0001139117
0.1806666667,0.0000325808,0.0000811428,0.0001137236
0.1808333333,0.0000321428,0.0000813943,0.0001135371
0.1810000000,0.0000317045,0.0000816479,0.0001133524
0.1811666667,0.0000312660,0.0000819036,0.0001131696
0.1813333333,0.0000308274,0.0000821617,0.0001129890
0.1815000000,0.0000303887,0.0000824221,0.0001128108
0.1816666667,0.0000299500,0.0000826851,0.0001126351
0.1818333333,0.0000295114,0.0000829507,0.0001124622
0.1820000000,0.0000290731,0.0000832191,0.0001122922
0.1821666667,0.0000286350,0.0000834902,0.0001121252
0.1823333333,0.0000281973,0.0000837640,0.0001119613
0.1825000000,0.0000277600,0.0000840406,0.0001118006
0.1826666667,0.0000273233,0.0000843200,0.0001116433
0.1828333333,0.0000268872,0.0000846021,0.0001114893
0.1830000000,0.0000264518,0.0000848869,0.0001113387
0.1831666667,0.0000260173,0.0000851741,0.0001111914
0.1833333333,0.0000255837,0.0000854636,0.0001110473
0.1835000000,0.0000251511,0.0000857553,0.0001109063
0.1836666667,0.0000247196,0.0000860489,0.0001107684
0.1838333333,0.0000242893,0.0000863442,0.0001106335
0.1840000000,0.0000238603,0.0000866411,0.0001105014
0.1841666667,0.0000234326,0.0000869392,0.0001103718
0.1843333333,0.0000230064,0.0000872383,0.0001102447
0.1845000000,0.0000225818,0.0000875381,0.0001101199
0.1846666667,0.0000221588,0.0000878385,0.0001099974
0.1848333333,0.0000217376,0.0000881394,0.0001098770
0.1850000000,0.0000213182,0.0000884405,0.0001097586
0.1851666667,0.0000209006,0.0000887416,0.0001096423
0.1853333333,0.0000204851,0.0000890427,0.0001095278
0.1855000000,0.0000200716,0.0000893438,0.0001094154
0.1856666667,0.0000196603,0.0000896447,0.0001093050
0.1858333333,0.0000192512,0.0000899455,0.0001091967
0.1860000000,0.0000188445,0.0000902462,0.0001090907
0.1861666667,0.0000184402,0.0000905467,0.0001089869
0.1863333333,0.0000180384,0.0000908471,0.0001088855
0.1865000000,0.0000176392,0.0000911472,0.0001087865
0.1866666667,0.0000172427,0.0000914472,0.0001086899
0.1868333333,0.0000168490,0.0000917469,0.0001085959
0.1870000000,0.0000164582,0.0000920463,0.0001085045
0.1871666667,0.0000160704,0.0000923451,0.0001084155
0.1873333333,0.0000156856,0.0000926433,0.0001083289
0.1875000000,0.0000153040,0.0000929407,0.0001082447
0.1876666667,0.0000149257,0.0000932370,0.0001081627
0.1878333333,0.0000145507,0.0000935322,0.0001080829
0.1880000000,0.0000141791,0.0000938259,0.0001080051
0.1881666667,0.0000138111,0.0000941181,0.0001079292
0.1883333333,0.0000134467,0.0000944084,0.0001078551
0.1885000000,0.0000130860,0.0000946969,0.0001077828
0.1886666667,0.0000127290,0.0000949832,0.0001077123
0.1888333333,0.0000123759,0.0000952675,0.0001076435
0.1890000000,0.0000120268,0.0000955496,0.0001075765
0.1891666667,0.0000116817,0.0000958295,0.0001075112
0.1893333333,0.0000113408,0.0000961070,0.0001074478
0.1895000000,0.0000110040,0.0000963823,0.0001073862
0.1896666667,0.0000106715,0.0000966552,0.0001073266
0.1898333333,0.0000103433,0.0000969257,0.0001072690
0.1900000000,0.0000100196,0.0000971937,0.0001072134
0.1901666667,0.0000097004,0.0000974592,0.0001071597
0.1903333333,0.0000093858,0.0000977220,0.0001071078
0.1905000000,0.0000090758,0.0000979820,0.0001070578
0.1906666667,0.0000087706,0.0000982390,0.0001070096
0.1908333333,0.0000084700,0.0000984930,0.0001069630
0.1910000000,0.0000081743,0.0000987438,0.0001069181
0.1911666667,0.0000078834,0.0000989912,0.0001068746
0.1913333333,0.0000075974,0.0000992352,0.0001068326
0.1915000000,0.0000073163,0.0000994757,0.0001067920
0.1916666667,0.0000070401,0.0000997127,0.0001067527
0.1918333333,0.0000067688,0.0000999461,0.0001067149
0.1920000000,0.0000065025,0.0001001760,0.0001066785
0.1921666667,0.0000062411,0.0001004024,0.0001066435
0.1923333333,0.0000059847,0.0001006253,0.0001066099
0.1925000000,0.0000057333,0.0001008445,0.0001065778
0.1926666667,0.0000054869,0.0001010603,0.0001065472
0.1928333333,0.0000052456,0.0001012724,0.0001065180
0.1930000000,0.0000050094,0.0001014809,0.0001064903
0.1931666667,0.0000047783,0.0001016856,0.0001064639
0.1933333333,0.0000045523,0.0001018864,0.0001064388
0.1935000000,0.0000043316,0.0001020833,0.0001064149
0.1936666667,0.0000041161,0.0001022760,0.0001063921
0.1938333333,0.0000039059,0.0001024646,0.0001063705
0.1940000000,0.0000037009,0.0001026490,0.0001063499
0.1941666667,0.0000035013,0.0001028290,0.0001063303
0.1943333333,0.0000033070,0.0001030047,0.0001063117
0.1945000000,0.0000031180,0.0001031761,0.0001062941
0.1946666667,0.0000029344,0.0001033431,0.0001062774
0.1948333333,0.0000027561,0.0001035057,0.0001062619
0.1950000000,0.0000025833,0.0001036640,0.0001062473
0.1951666667,0.0000024159,0.0001038178,0.0001062337
0.1953333333,0.0000022539,0.0001039671,0.0001062211
0.1955000000,0.0000020974,0.0001041119,0.0001062093
0.1956666667,0.0000019464,0.0001042521,0.0001061985
0.1958333333,0.0000018009,0.0001043875,0.0001061885
0.1960000000,0.0000016610,0.0001045182,0.0001061792
0.1961666667,0.0000015266,0.0001046441,0.0001061707
0.1963333333,0.0000013978,0.0001047650,0.0001061628
0.1965000000,0.0000012746,0.0001048809,0.0001061555
0.1966666667,0.0000011570,0.0001049918,0.0001061488
0.1968333333,0.0000010450,0.0001050978,0.0001061428
0.1970000000,0.0000009387,0.0001051987,0.0001061373
0.1971666667,0.0000008379,0.0001052945,0.0001061324
0.1973333333,0.0000007428,0.0001053852,0.0001061281
0.1975000000,0.0000006534,0.0001054708,0.0001061242
0.1976666667,0.0000005697,0.0001055511,0.0001061208
0.1978333333,0.0000004917,0.0001056262,0.0001061179
0.1980000000,0.0000004194,0.0001056960,0.0001061154
0.1981666667,0.0000003529,0.0001057604,0.0001061133
0.1983333333,0.0000002920,0.0001058194,0.0001061115
0.1985000000,0.0000002369,0.0001058730,0.0001061099
0.1986666667,0.0000001876,0.0001059210,0.0001061086
0.1988333333,0.0000001440,0.0001059635,0.0001061075
0.1990000000,0.0000001062,0.0001060005,0.0001061067
0.1991666667,0.0000000741,0.0001060319,0.0001061060
0.1993333333,0.0000000478,0.0001060576,0.0001061054
0.1995000000,0.0000000273,0.0001060777,0.0001061050
0.1996666667,0.0000000126,0.0001060921,0.0001061048
0.1998333333,0.0000000037,0.0001061009,0.0001061046
0.2000000000,0.0000000007,0.0001061039,0.0001061046
0.2001666667,0.0000000035,0.0001061012,0.0001061046
0.2003333333,0.0000000121,0.0001060927,0.0001061048
0.2005000000,0.0000000267,0.0001060784,0.0001061051
0.2006666667,0.0000000471,0.0001060583,0.0001061055
0.2008333333,0.0000000736,0.0001060325,0.0001061061
0.2010000000,0.0000001061,0.0001060008,0.0001061069
0.2011666667,0.0000001446,0.0001059634,0.0001061080
0.2013333333,0.0000001893,0.0001059201,0.0001061094
0.2015000000,0.0000002402,0.0001058711,0.0001061113
0.2016666667,0.0000002974,0.0001058163,0.0001061137
0.2018333333,0.0000003609,0.0001057557,0.0001061166
0.2020000000,0.0000004308,0.0001056893,0.0001061202
0.2021666667,0.0000005073,0.0001056172,0.0001061245
0.2023333333,0.0000005903,0.0001055395,0.0001061298
0.2025000000,0.0000006799,0.0001054562,0.0001061361
0.2026666667,0.0000007763,0.0001053674,0.0001061436
0.2028333333,0.0000008793,0.0001052731,0.0001061524
0.2030000000,0.0000009890,0.0001051736,0.0001061626
0.2031666667,0.0000011055,0.0001050687,0.0001061743
0.2033333333,0.0000012288,0.0001049588,0.0001061876
0.2035000000,0.0000013589,0.0001048437,0.0001062026
0.2036666667,0.0000014957,0.0001047236,0.0001062192
0.2038333333,0.0000016393,0.0001045983,0.0001062376
0.2040000000,0.0000017897,0.0001044680,0.0001062577
0.2041666667,0.0000019470,0.0001043327,0.0001062797
0.2043333333,0.0000021112,0.0001041922,0.0001063034
0.2045000000,0.0000022823,0.0001040467,0.0001063290
0.2046666667,0.0000024603,0.0001038961,0.0001063564
0.2048333333,0.0000026455,0.0001037402,0.0001063857
0.2050000000,0.0000028377,0.0001035791,0.0001064168
0.2051666667,0.0000030370,0.0001034127,0.0001064498
0.2053333333,0.0000032436,0.0001032411,0.0001064847
0.2055000000,0.0000034573,0.0001030641,0.0001065214
0.2056666667,0.0000036783,0.0001028819,0.0001065601
0.2058333333,0.0000039065,0.0001026943,0.0001066008
0.2060000000,0.0000041420,0.0001025016,0.0001066435
0.2061666667,0.0000043848,0.0001023038,0.0001066885
0.2063333333,0.0000046349,0.0001021011,0.0001067360
0.2065000000,0.0000048925,0.0001018936,0.0001067861
0.2066666667,0.0000051574,0.0001016815,0.0001068390
0.2068333333,0.0000054298,0.0001014650,0.0001068948
0.2070000000,0.0000057097,0.0001012440,0.0001069537
0.2071666667,0.0000059970,0.0001010188,0.0001070158
0.2073333333,0.0000062918,0.0001007894,0.0001070812
0.2075000000,0.0000065942,0.0001005558,0.0001071500
0.2076666667,0.0000069040,0.0001003180,0.0001072220
0.2078333333,0.0000072213,0.0001000759,0.0001072972
0.2080000000,0.0000075461,0.0000998296,0.0001073756
0.2081666667,0.0000078784,0.0000995789,0.0001074573
0.2083333333,0.0000082183,0.0000993240,0.0001075423
0.2085000000,0.0000085658,0.0000990647,0.0001076305
0.2086666667,0.0000089209,0.0000988010,0.0001077219
0.2088333333,0.0000092837,0.0000985329,0.0001078165
0.2090000000,0.0000096540,0.0000982603,0.0001079143
0.2091666667,0.0000100320,0.0000979833,0.0001080153
0.2093333333,0.0000104176,0.0000977021,0.0001081197
0.2095000000,0.0000108109,0.0000974166,0.0001082276
0.2096666667,0.0000112119,0.0000971271,0.0001083390
0.2098333333,0.0000116204,0.0000968337,0.0001084541
0.2100000000,0.0000120367,0.0000965366,0.0001085732
0.2101666667,0.0000124606,0.0000962360,0.0001086966
0.2103333333,0.0000128921,0.0000959323,0.0001088244
0.2105000000,0.0000133312,0.0000956255,0.0001089567
0.2106666667,0.0000137779,0.0000953157,0.0001090936
0.2108333333,0.0000142321,0.0000950028,0.0001092349
0.2110000000,0.0000146938,0.0000946869,0.0001093807
0.2111666667,0.0000151629,0.0000943679,0.0001095308
0.2113333333,0.0000156394,0.0000940457,0.0001096851
0.2115000000,0.0000161232,0.0000937203,0.0001098435
0.2116666667,0.0000166143,0.0000933917,0.0001100060
0.2118333333,0.0000171127,0.0000930599,0.0001101725
0.2120000000,0.0000176181,0.0000927250,0.0001103432
0.2121666667,0.0000181307,0.0000923874,0.0001105181
0.2123333333,0.0000186503,0.0000920473,0.0001106976
0.2125000000,0.0000191768,0.0000917050,0.0001108818
0.2126666667,0.0000197103,0.0000913605,0.0001110708
0.2128333333,0.0000202505,0.0000910141,0.0001112646
0.2130000000,0.0000207975,0.0000906659,0.0001114634
0.2131666667,0.0000213512,0.0000903162,0.0001116674
0.2133333333,0.0000219115,0.0000899652,0.0001118767
0.2135000000,0.0000224784,0.0000896129,0.0001120913
0.2136666667,0.0000230519,0.0000892593,0.0001123112
0.2138333333,0.0000236317,0.0000889046,0.0001125363
0.2140000000,0.0000242180,0.0000885486,0.0001127667
0.2141666667,0.0000248107,0.0000881914,0.0001130021
0.2143333333,0.0000254096,0.0000878329,0.0001132425
0.2145000000,0.0000260147,0.0000874732,0.0001134878
0.2146666667,0.0000266259,0.0000871121,0.0001137380
0.2148333333,0.0000272432,0.0000867498,0.0001139930
0.2150000000,0.0000278665,0.0000863864,0.0001142529
0.2151666667,0.0000284957,0.0000860224,0.0001145181
0.2153333333,0.0000291307,0.0000856581,0.0001147889
0.2155000000,0.0000297715,0.0000852939,0.0001150655
0.2156666667,0.0000304181,0.0000849300,0.0001153481
0.2158333333,0.0000310702,0.0000845665,0.0001156368
0.2160000000,0.0000317280,0.0000842035,0.0001159315
0.2161666667,0.0000323912,0.0000838410,0.0001162322
0.2163333333,0.0000330598,0.0000834789,0.0001165387
0.2165000000,0.0000337338,0.0000831172,0.0001168510
0.2166666667,0.0000344130,0.0000827557,0.0001171686
0.2168333333,0.0000350973,0.0000823942,0.0001174916
0.2170000000,0.0000357868,0.0000820329,0.0001178198
0.2171666667,0.0000364814,0.0000816721,0.0001181535
0.2173333333,0.0000371808,0.0000813120,0.0001184929
0.2175000000,0.0000378852,0.0000809530,0.0001188382
0.2176666667,0.0000385943,0.0000805951,0.0001191894
0.2178333333,0.0000393082,0.0000802386,0.0001195468
0.2180000000,0.0000400267,0.0000798836,0.0001199103
0.2181666667,0.0000407498,0.0000795302,0.0001202801
0.2183333333,0.0000414774,0.0000791787,0.0001206561
0.2185000000,0.0000422094,0.0000788291,0.0001210385
0.2186666667,0.0000429457,0.0000784812,0.0001214269
0.2188333333,0.0000436862,0.0000781349,0.0001218212
0.2190000000,0.0000444309,0.0000777903,0.0001222212
0.2191666667,0.0000451796,0.0000774472,0.0001226268
0.2193333333,0.0000459324,0.0000771056,0.0001230380
0.2195000000,0.0000466891,0.0000767656,0.0001234546
0.2196666667,0.0000474496,0.0000764270,0.0001238766
0.2198333333,0.0000482139,0.0000760898,0.0001243038
0.2200000000,0.0000489819,0.0000757544,0.0001247363
0.2201666667,0.0000497535,0.0000754208,0.0001251743
0.2203333333,0.0000505287,0.0000750894,0.0001256181
0.2205000000,0.0000513073,0.0000747602,0.0001260675
0.2206666667,0.0000520892,0.0000744332,0.0001265225
0.2208333333,0.0000528745,0.0000741080,0.0001269825
0.2210000000,0.0000536630,0.0000737843,0.0001274472
0.2211666667,0.0000544546,0.0000734617,0.0001279163
0.2213333333,0.0000552493,0.0000731398,0.0001283891
0.2215000000,0.0000560470,0.0000728185,0.0001288655
0.2216666667,0.0000568477,0.0000724974,0.0001293451
0.2218333333,0.0000576512,0.0000721765,0.0001298277
0.2220000000,0.0000584575,0.0000718558,0.0001303133
0.2221666667,0.0000592665,0.0000715357,0.0001308022
0.2223333333,0.0000600782,0.0000712162,0.0001312944
0.2225000000,0.0000608925,0.0000708976,0.0001317900
0.2226666667,0.0000617093,0.0000705794,0.0001322887
0.2228333333,0.0000625286,0.0000702616,0.0001327902
0.2230000000,0.0000633502,0.0000699437,0.0001332939
0.2231666667,0.0000641742,0.0000696257,0.0001337998
0.2233333333,0.0000650004,0.0000693074,0.0001343077
0.2235000000,0.0000658287,0.0000689887,0.0001348175
0.2236666667,0.0000666592,0.0000686698,0.0001353290
0.2238333333,0.0000674917,0.0000683507,0.0001358425
0.2240000000,0.0000683263,0.0000680318,0.0001363581
0.2241666667,0.0000691627,0.0000677136,0.0001368762
0.2243333333,0.0000700009,0.0000673964,0.0001373973
0.2245000000,0.0000708409,0.0000670806,0.0001379215
0.2246666667,0.0000716825,0.0000667664,0.0001384490
0.2248333333,0.0000725258,0.0000664539,0.0001389797
0.2250000000,0.0000733705,0.0000661432,0.0001395137
0.2251666667,0.0000742167,0.0000658344,0.0001400511
0.2253333333,0.0000750642,0.0000655277,0.0001405920
0.2255000000,0.0000759130,0.0000652231,0.0001411361
0.2256666667,0.0000767630,0.0000649203,0.0001416833
0.2258333333,0.0000776141,0.0000646193,0.0001422333
0.2260000000,0.0000784662,0.0000643200,0.0001427861
0.2261666667,0.0000793192,0.0000640225,0.0001433417
0.2263333333,0.0000801731,0.0000637272,0.0001439002
0.2265000000,0.0000810278,0.0000634340,0.0001444618
0.2266666667,0.0000818831,0.0000631431,0.0001450262
0.2268333333,0.0000827391,0.0000628542,0.0001455933
0.2270000000,0.0000835956,0.0000625673,0.0001461629
0.2271666667,0.0000844526,0.0000622821,0.0001467347
0.2273333333,0.0000853099,0.0000619985,0.0001473084
0.2275000000,0.0000861675,0.0000617161,0.0001478836
0.2276666667,0.0000870253,0.0000614346,0.0001484600
0.2278333333,0.0000878833,0.0000611541,0.0001490374
0.2280000000,0.0000887413,0.0000608748,0.0001496161
0.2281666667,0.0000895993,0.0000605972,0.0001501966
0.2283333333,0.0000904572,0.0000603222,0.0001507794
0.2285000000,0.0000913149,0.0000600501,0.0001513650
0.2286666667,0.0000921723,0.0000597813,0.0001519536
0.2288333333,0.0000930293,0.0000595157,0.0001525450
0.2290000000,0.0000938859,0.0000592531,0.0001531390
0.2291666667,0.0000947419,0.0000589936,0.0001537355
0.2293333333,0.0000955974,0.0000587368,0.0001543341
0.2295000000,0.0000964521,0.0000584827,0.0001549347
0.2296666667,0.0000973060,0.0000582310,0.0001555370
0.2298333333,0.0000981590,0.0000579819,0.0001561409
0.2300000000,0.0000990111,0.0000577354,0.0001567465
0.2301666667,0.0000998621,0.0000574918,0.0001573539
0.2303333333,0.0001007120,0.0000572515,0.0001579635
0.2305000000,0.0001015606,0.0000570143,0.0001585749
0.2306666667,0.0001024080,0.0000567800,0.0001591880
0.2308333333,0.0001032540,0.0000565482,0.0001598022
0.2310000000,0.0001040985,0.0000563189,0.0001604174
0.2311666667,0.0001049414,0.0000560919,0.0001610334
0.2313333333,0.0001057827,0.0000558676,0.0001616503
0.2315000000,0.0001066223,0.0000556461,0.0001622685
0.2316666667,0.0001074601,0.0000554277,0.0001628878
0.2318333333,0.0001082960,0.0000552126,0.0001635086
0.2320000000,0.0001091299,0.0000550011,0.0001641310
0.2321666667,0.0001099617,0.0000547936,0.0001647554
0.2323333333,0.0001107914,0.0000545904,0.0001653818
0.2325000000,0.0001116189,0.0000543915,0.0001660104
0.2326666667,0.0001124440,0.0000541966,0.0001666407
0.2328333333,0.0001132668,0.0000540055,0.0001672723
0.2330000000,0.0001140870,0.0000538179,0.0001679049
0.2331666667,0.0001149046,0.0000536336,0.0001685382
0.2333333333,0.0001157196,0.0000534524,0.0001691720
0.2335000000,0.0001165318,0.0000532744,0.0001698062
0.2336666667,0.0001173412,0.0000530994,0.0001704407
0.2338333333,0.0001181477,0.0000529276,0.0001710754
0.2340000000,0.0001189512,0.0000527593,0.0001717106
0.2341666667,0.0001197516,0.0000525950,0.0001723467
0.2343333333,0.0001205489,0.0000524352,0.0001729841
0.2345000000,0.0001213429,0.0000522800,0.0001736229
0.2346666667,0.0001221336,0.0000521293,0.0001742629
0.2348333333,0.0001229209,0.0000519829,0.0001749038
0.2350000000,0.0001237046,0.0000518405,0.0001755452
0.2351666667,0.0001244848,0.0000517021,0.0001761869
0.2353333333,0.0001252614,0.0000515678,0.0001768292
0.2355000000,0.0001260341,0.0000514378,0.0001774719
0.2356666667,0.0001268031,0.0000513121,0.0001781152
0.2358333333,0.0001275681,0.0000511909,0.0001787590
0.2360000000,0.0001283292,0.0000510743,0.0001794034
0.2361666667,0.0001290861,0.0000509622,0.0001800484
0.2363333333,0.0001298390,0.0000508547,0.0001806936
0.2365000000,0.0001305875,0.0000507514,0.0001813389
0.2366666667,0.0001313318,0.0000506519,0.0001819837
0.2368333333,0.0001320717,0.0000505561,0.0001826278
0.2370000000,0.0001328071,0.0000504642,0.0001832713
0.2371666667,0.0001335380,0.0000503767,0.0001839147
0.2373333333,0.0001342642,0.0000502944,0.0001845586
0.2375000000,0.0001349857,0.0000502176,0.0001852034
0.2376666667,0.0001357024,0.0000501467,0.0001858491
0.2378333333,0.0001364143,0.0000500812,0.0001864955
0.2380000000,0.0001371212,0.0000500209,0.0001871421
0.2381666667,0.0001378231,0.0000499654,0.0001877885
0.2383333333,0.0001385199,0.0000499144,0.0001884343
0.2385000000,0.0001392115,0.0000498677,0.0001890792
0.2386666667,0.0001398979,0.0000498251,0.0001897230
0.2388333333,0.0001405790,0.0000497867,0.0001903657
0.2390000000,0.0001412546,0.0000497529,0.0001910076
0.2391666667,0.0001419248,0.0000497243,0.0001916491
0.2393333333,0.0001425894,0.0000497012,0.0001922906
0.2395000000,0.0001432484,0.0000496839,0.0001929323
0.2396666667,0.0001439018,0.0000496723,0.0001935740
0.2398333333,0.0001445493,0.0000496660,0.0001942153
0.2400000000,0.0001451910,0.0000496649,0.0001948559
0.2401666667,0.0001458268,0.0000496690,0.0001954959
0.2403333333,0.0001464566,0.0000496784,0.0001961351
0.2405000000,0.0001470804,0.0000496931,0.0001967735
0.2406666667,0.0001476980,0.0000497130,0.0001974110
0.2408333333,0.0001483095,0.0000497379,0.0001980474
0.2410000000,0.0001489147,0.0000497680,0.0001986827
0.2411666667,0.0001495136,0.0000498034,0.0001993169
0.2413333333,0.0001501060,0.0000498443,0.0001999503
0.2415000000,0.0001506920,0.0000498908,0.0002005828
0.2416666667,0.0001512715,0.0000499428,0.0002012143
0.2418333333,0.0001518444,0.0000500001,0.0002018445
0.2420000000,0.0001524106,0.0000500628,0.0002024735
0.2421666667,0.0001529701,0.0000501311,0.0002031012
0.2423333333,0.0001535229,0.0000502052,0.0002037281
0.2425000000,0.0001540687,0.0000502853,0.0002043540
0.2426666667,0.0001546077,0.0000503713,0.0002049790
0.2428333333,0.0001551397,0.0000504631,0.0002056028
0.2430000000,0.0001556646,0.0000505607,0.0002062253
0.2431666667,0.0001561825,0.0000506639,0.0002068464
0.2433333333,0.0001566931,0.0000507727,0.0002074659
0.2435000000,0.0001571966,0.0000508869,0.0002080835
0.2436666667,0.0001576928,0.0000510063,0.0002086992
0.2438333333,0.0001581817,0.0000511309,0.0002093126
0.2440000000,0.0001586631,0.0000512608,0.0002099240
0.2441666667,0.0001591372,0.0000513968,0.0002105340
0.2443333333,0.0001596037,0.0000515393,0.0002111430
0.2445000000,0.0001600627,0.0000516887,0.0002117514
0.2446666667,0.0001605141,0.0000518448,0.0002123589
0.2448333333,0.0001609578,0.0000520071,0.0002129648
0.2450000000,0.0001613937,0.0000521749,0.0002135687
0.2451666667,0.0001618220,0.0000523480,0.0002141700
0.2453333333,0.0001622424,0.0000525263,0.0002147686
0.2455000000,0.0001626549,0.0000527098,0.0002153647
0.2456666667,0.0001630595,0.0000528989,0.0002159584
0.2458333333,0.0001634562,0.0000530938,0.0002165500
0.2460000000,0.0001638448,0.0000532951,0.0002171399
0.2461666667,0.0001642254,0.0000535031,0.0002177285
0.2463333333,0.0001645979,0.0000537180,0.0002183159
0.2465000000,0.0001649622,0.0000539395,0.0002189017
0.2466666667,0.0001653183,0.0000541669,0.0002194852
0.2468333333,0.0001656662,0.0000543999,0.0002200661
0.2470000000,0.0001660058,0.0000546381,0.0002206439
0.2471666667,0.0001663371,0.0000548819,0.0002212190
0.2473333333,0.0001666600,0.0000551317,0.0002217917
0.2475000000,0.0001669745,0.0000553879,0.0002223624
0.2476666667,0.0001672806,0.0000556505,0.0002229311
0.2478333333,0.0001675782,0.0000559193,0.0002234975
0.2480000000,0.0001678672,0.0000561941,0.0002240613
0.2481666667,0.0001681478,0.0000564748,0.0002246226
0.2483333333,0.0001684197,0.0000567616,0.0002251812
0.2485000000,0.0001686830,0.0000570544,0.0002257374
0.2486666667,0.0001689376,0.0000573533,0.0002262909
0.2488333333,0.0001691836,0.0000576583,0.0002268419
0.2490000000,0.0001694208,0.0000579695,0.0002273903
0.2491666667,0.0001696493,0.0000582871,0.0002279364
0.2493333333,0.0001698690,0.0000586111,0.0002284800
0.2495000000,0.0001700798,0.0000589411,0.0002290210
0.2496666667,0.0001702819,0.0000592770,0.0002295589
0.2498333333,0.0001704750,0.0000596184,0.0002300934
0.2500000000,0.0001706593,0.0000599652,0.0002306245
0.2501666667,0.0001708347,0.0000603180,0.0002311527
0.2503333333,0.0001710011,0.0000606771,0.0002316782
0.2505000000,0.0001711585,0.0000610429,0.0002322014
0.2506666667,0.0001713070,0.0000614152,0.0002327222
0.2508333333,0.0001714464,0.0000617939,0.0002332403
0.2510000000,0.0001715768,0.0000621786,0.0002337555
0.2511666667,0.0001716982,0.0000625693,0.0002342675
0.2513333333,0.0001718105,0.0000629657,0.0002347762
0.2515000000,0.0001719137,0.0000633679,0.0002352816
0.2516666667,0.0001720078,0.0000637756,0.0002357834
0.2518333333,0.0001720928,0.0000641889,0.0002362817
0.2520000000,0.0001721687,0.0000646079,0.0002367766
0.2521666667,0.0001722355,0.0000650331,0.0002372686
0.2523333333,0.0001722930,0.0000654649,0.0002377579
0.2525000000,0.0001723415,0.0000659033,0.0002382447
0.2526666667,0.0001723807,0.0000663481,0.0002387288
0.2528333333,0.0001724107,0.0000667988,0.0002392096
0.2530000000,0.0001724316,0.0000672551,0.0002396868
0.2531666667,0.0001724433,0.0000677168,0.0002401601
0.2533333333,0.0001724457,0.0000681838,0.0002406296
0.2535000000,0.0001724390,0.0000686564,0.0002410954
0.2536666667,0.0001724230,0.0000691346,0.0002415577
0.2538333333,0.0001723979,0.0000696187,0.0002420166
0.2540000000,0.0001723635,0.0000701089,0.0002424724
0.2541666667,0.0001723199,0.0000706054,0.0002429253
0.2543333333,0.0001722670,0.0000711083,0.0002433753
0.2545000000,0.0001722050,0.0000716172,0.0002438222
0.2546666667,0.0001721337,0.0000721317,0.0002442654
0.2548333333,0.0001720533,0.0000726512,0.0002447045
0.2550000000,0.0001719636,0.0000731756,0.0002451393
0.2551666667,0.0001718647,0.0000737053,0.0002455700
0.2553333333,0.0001717567,0.0000742407,0.0002459974
0.2555000000,0.0001716395,0.0000747821,0.0002464215
0.2556666667,0.0001715130,0.0000753296,0.0002468426
0.2558333333,0.0001713775,0.0000758828,0.0002472603
0.2560000000,0.0001712327,0.0000764415,0.0002476743
0.2561666667,0.0001710789,0.0000770055,0.0002480843
0.2563333333,0.0001709159,0.0000775747,0.0002484905
0.2565000000,0.0001707438,0.0000781491,0.0002488929
0.2566666667,0.0001705626,0.0000787290,0.0002492916
0.2568333333,0.0001703723,0.0000793142,0.0002496865
0.2570000000,0.0001701730,0.0000799048,0.0002500777
0.2571666667,0.0001699646,0.0000805008,0.0002504654
0.2573333333,0.0001697472,0.0000811023,0.0002508495
0.2575000000,0.0001695208,0.0000817090,0.0002512297
0.2576666667,0.0001692854,0.0000823205,0.0002516059
0.2578333333,0.0001690410,0.0000829368,0.0002519778
0.2580000000,0.0001687877,0.0000835580,0.0002523457
0.2581666667,0.0001685255,0.0000841844,0.0002527100
0.2583333333,0.0001682545,0.0000848165,0.0002530709
0.2585000000,0.0001679745,0.0000854541,0.0002534287
0.2586666667,0.0001676858,0.0000860970,0.0002537828
0.2588333333,0.0001673883,0.0000867444,0.0002541327
0.2590000000,0.0001670819,0.0000873961,0.0002544780
0.2591666667,0.0001667669,0.0000880520,0.0002548189
0.2593333333,0.0001664432,0.0000887124,0.0002551555
0.2595000000,0.0001661107,0.0000893777,0.0002554884
0.2596666667,0.0001657697,0.0000900482,0.0002558179
0.2598333333,0.0001654201,0.0000907239,0.0002561440
0.2600000000,0.0001650619,0.0000914046,0.0002564665
0.2601666667,0.0001646951,0.0000920901,0.0002567852
0.2603333333,0.0001643199,0.0000927800,0.0002571000
0.2605000000,0.0001639363,0.0000934741,0.0002574104
0.2606666667,0.0001635443,0.0000941721,0.0002577163
0.2608333333,0.0001631439,0.0000948739,0.0002580177
0.2610000000,0.0001627351,0.0000955798,0.0002583149
0.2611666667,0.0001623182,0.0000962902,0.0002586084
0.2613333333,0.0001618929,0.0000970056,0.0002588985
0.2615000000,0.0001614595,0.0000977258,0.0002591854
0.2616666667,0.0001610180,0.0000984506,0.0002594686
0.2618333333,0.0001605684,0.0000991793,0.0002597477
0.2620000000,0.0001601108,0.0000999116,0.0002600224
0.2621666667,0.0001596452,0.0001006474,0.0002602926
0.2623333333,0.0001591716,0.0001013868,0.0002605585
0.2625000000,0.0001586902,0.0001021302,0.0002608204
0.2626666667,0.0001582009,0.0001028775,0.0002610784
0.2628333333,0.0001577039,0.0001036287,0.0002613327
0.2630000000,0.0001571992,0.0001043839,0.0002615831
0.2631666667,0.0001566868,0.0001051430,0.0002618298
0.2633333333,0.0001561668,0.0001059060,0.0002620728
0.2635000000,0.0001556392,0.0001066727,0.0002623119
0.2636666667,0.0001551042,0.0001074427,0.0002625469
0.2638333333,0.0001545618,0.0001082158,0.0002627775
0.2640000000,0.0001540120,0.0001089918,0.0002630038
0.2641666667,0.0001534549,0.0001097710,0.0002632259
0.2643333333,0.0001528905,0.0001105537,0.0002634442
0.2645000000,0.0001523190,0.0001113400,0.0002636590
0.2646666667,0.0001517404,0.0001121297,0.0002638701
0.2648333333,0.0001511547,0.0001129227,0.0002640774
0.2650000000,0.0001505621,0.0001137186,0.0002642807
0.2651666667,0.0001499626,0.0001145173,0.0002644799
0.2653333333,0.0001493562,0.0001153189,0.0002646751
0.2655000000,0.0001487431,0.0001161232,0.0002648663
0.2656666667,0.0001481232,0.0001169303,0.0002650535
0.2658333333,0.0001474968,0.0001177400,0.0002652368
0.2660000000,0.0001468638,0.0001185524,0.0002654162
0.2661666667,0.0001462243,0.0001193675,0.0002655918
0.2663333333,0.0001455784,0.0001201854,0.0002657638
0.2665000000,0.0001449262,0.0001210059,0.0002659321
0.2666666667,0.0001442678,0.0001218287,0.0002660965
0.2668333333,0.0001436031,0.0001226537,0.0002662568
0.2670000000,0.0001429324,0.0001234807,0.0002664131
0.2671666667,0.0001422557,0.0001243099,0.0002665655
0.2673333333,0.0001415730,0.0001251414,0.0002667144
0.2675000000,0.0001408844,0.0001259754,0.0002668598
0.2676666667,0.0001401901,0.0001268114,0.0002670015
0.2678333333,0.0001394901,0.0001276492,0.0002671393
0.2680000000,0.0001387845,0.0001284884,0.0002672729
0.2681666667,0.0001380733,0.0001293293,0.0002674026
0.2683333333,0.0001373567,0.0001301719,0.0002675286
0.2685000000,0.0001366348,0.0001310166,0.0002676514
0.2686666667,0.0001359075,0.0001318632,0.0002677707
0.2688333333,0.0001351751,0.0001327115,0.0002678866
0.2690000000,0.0001344376,0.0001335611,0.0002679987
0.2691666667,0.0001336951,0.0001344119,0.0002681069
0.2693333333,0.0001329476,0.0001352636,0.0002682112
0.2695000000,0.0001321954,0.0001361164,0.0002683117
0.2696666667,0.0001314383,0.0001369702,0.0002684086
0.2698333333,0.0001306767,0.0001378253,0.0002685020
0.2700000000,0.0001299104,0.0001386817,0.0002685921
0.2701666667,0.0001291397,0.0001395394,0.0002686791
0.2703333333,0.0001283647,0.0001403983,0.0002687629
0.2705000000,0.0001275853,0.0001412580,0.0002688433
0.2706666667,0.0001268018,0.0001421181,0.0002689199
0.2708333333,0.0001260142,0.0001429782,0.0002689924
0.2710000000,0.0001252226,0.0001438384,0.0002690610
0.2711666667,0.0001244271,0.0001446990,0.0002691261
0.2713333333,0.0001236277,0.0001455606,0.0002691883
0.2715000000,0.0001228247,0.0001464231,0.0002692478
0.2716666667,0.0001220181,0.0001472865,0.0002693045
0.2718333333,0.0001212080,0.0001481500,0.0002693580
0.2720000000,0.0001203944,0.0001490132,0.0002694077
0.2721666667,0.0001195776,0.0001498759,0.0002694535
0.2723333333,0.0001187576,0.0001507382,0.0002694958
0.2725000000,0.0001179344,0.0001516004,0.0002695348
0.2726666667,0.0001171083,0.0001524625,0.0002695708
0.2728333333,0.0001162792,0.0001533248,0.0002696040
0.2730000000,0.0001154473,0.0001541870,0.0002696343
0.2731666667,0.0001146128,0.0001550490,0.0002696618
0.2733333333,0.0001137757,0.0001559105,0.0002696862
0.2735000000,0.0001129360,0.0001567713,0.0002697073
0.2736666667,0.0001120940,0.0001576311,0.0002697251
0.2738333333,0.0001112498,0.0001584898,0.0002697396
0.2740000000,0.0001104033,0.0001593475,0.0002697508
0.2741666667,0.0001095548,0.0001602045,0.0002697593
0.2743333333,0.0001087043,0.0001610609,0.0002697652
0.2745000000,0.0001078520,0.0001619167,0.0002697687
0.2746666667,0.0001069979,0.0001627715,0.0002697694
0.2748333333,0.0001061422,0.0001636248,0.0002697671
0.2750000000,0.0001052850,0.0001644766,0.0002697616
0.2751666667,0.0001044263,0.0001653267,0.0002697531
0.2753333333,0.0001035664,0.0001661754,0.0002697418
0.2755000000,0.0001027052,0.0001670228,0.0002697280
0.2756666667,0.0001018429,0.0001678687,0.0002697116
0.2758333333,0.0001009797,0.0001687130,0.0002696927
0.2760000000,0.0001001155,0.0001695556,0.0002696711
0.2761666667,0.0000992507,0.0001703962,0.0002696468
0.2763333333,0.0000983851,0.0001712349,0.0002696200
0.2765000000,0.0000975191,0.0001720717,0.0002695908
0.2766666667,0.0000966526,0.0001729065,0.0002695590
0.2768333333,0.0000957857,0.0001737390,0.0002695247
0.2770000000,0.0000949187,0.0001745691,0.0002694879
0.2771666667,0.0000940516,0.0001753970,0.0002694486
0.2773333333,0.0000931845,0.0001762225,0.0002694070
0.2775000000,0.0000923175,0.0001770457,0.0002693632
0.2776666667,0.0000914508,0.0001778665,0.0002693172
0.2778333333,0.0000905844,0.0001786845,0.0002692689
0.2780000000,0.0000897185,0.0001794997,0.0002692182
0.2781666667,0.0000888532,0.0001803121,0.0002691653
0.2783333333,0.0000879885,0.0001811217,0.0002691103
0.2785000000,0.0000871247,0.0001819286,0.0002690533
0.2786666667,0.0000862618,0.0001827324,0.0002689942
0.2788333333,0.0000853999,0.0001835330,0.0002689330
0.2790000000,0.0000845392,0.0001843304,0.0002688696
0.2791666667,0.0000836798,0.0001851244,0.0002688042
0.2793333333,0.0000828217,0.0001859152,0.0002687369
0.2795000000,0.0000819651,0.0001867027,0.0002686678
0.2796666667,0.0000811101,0.0001874869,0.0002685970
0.2798333333,0.0000802568,0.0001882675,0.0002685243
0.2800000000,0.0000794054,0.0001890444,0.0002684497
0.2801666667,0.0000785559,0.0001898174,0.0002683733
0.2803333333,0.0000777085,0.0001905867,0.0002682952
0.2805000000,0.0000768632,0.0001913522,0.0002682154
0.2806666667,0.0000760202,0.0001921137,0.0002681339
0.2808333333,0.0000751796,0.0001928711,0.0002680507
0.2810000000,0.0000743416,0.0001936245,0.0002679660
0.2811666667,0.0000735061,0.0001943737,0.0002678798
0.2813333333,0.0000726734,0.0001951189,0.0002677923
0.2815000000,0.0000718436,0.0001958599,0.0002677035
0.2816666667,0.0000710167,0.0001965965,0.0002676132
0.2818333333,0.0000701929,0.0001973284,0.0002675213
0.2820000000,0.0000693723,0.0001980555,0.0002674278
0.2821666667,0.0000685550,0.0001987779,0.0002673329
0.2823333333,0.0000677411,0.0001994957,0.0002672368
0.2825000000,0.0000669307,0.0002002091,0.0002671399
0.2826666667,0.0000661240,0.0002009180,0.0002670420
0.2828333333,0.0000653211,0.0002016220,0.0002669430
0.2830000000,0.0000645220,0.0002023208,0.0002668428
0.2831666667,0.0000637269,0.0002030144,0.0002667412
0.2833333333,0.0000629358,0.0002037026,0.0002666384
0.2835000000,0.0000621490,0.0002043856,0.0002665346
0.2836666667,0.0000613665,0.0002050635,0.0002664299
0.2838333333,0.0000605884,0.0002057362,0.0002663246
0.2840000000,0.0000598148,0.0002064037,0.0002662185
0.2841666667,0.0000590459,0.0002070659,0.0002661118
0.2843333333,0.0000582817,0.0002077226,0.0002660042
0.2845000000,0.0000575224,0.0002083735,0.0002658958
0.2846666667,0.0000567680,0.0002090185,0.0002657865
0.2848333333,0.0000560187,0.0002096576,0.0002656763
0.2850000000,0.0000552746,0.0002102908,0.0002655654
0.2851666667,0.0000545358,0.0002109183,0.0002654541
0.2853333333,0.0000538024,0.0002115402,0.0002653426
0.2855000000,0.0000530745,0.0002121564,0.0002652309
0.2856666667,0.0000523522,0.0002127666,0.0002651188
0.2858333333,0.0000516356,0.0002133704,0.0002650060
0.2860000000,0.0000509249,0.0002139676,0.0002648925
0.2861666667,0.0000502200,0.0002145584,0.0002647785
0.2863333333,0.0000495212,0.0002151430,0.0002646642
0.2865000000,0.0000488285,0.0002157214,0.0002645499
0.2866666667,0.0000481421,0.0002162936,0.0002644357
0.2868333333,0.0000474620,0.0002168595,0.0002643215
0.2870000000,0.0000467883,0.0002174187,0.0002642071
0.2871666667,0.0000461212,0.0002179712,0.0002640924
0.2873333333,0.0000454608,0.0002185168,0.0002639775
0.2875000000,0.0000448071,0.0002190556,0.0002638626
0.2876666667,0.0000441602,0.0002195876,0.0002637478
0.2878333333,0.0000435202,0.0002201128,0.0002636331
0.2880000000,0.0000428873,0.0002206313,0.0002635186
0.2881666667,0.0000422616,0.0002211429,0.0002634045
0.2883333333,0.0000416431,0.0002216475,0.0002632905
0.2885000000,0.0000410319,0.0002221450,0.0002631768
0.2886666667,0.0000404281,0.0002226352,0.0002630633
0.2888333333,0.0000398319,0.0002231182,0.0002629500
0.2890000000,0.0000392432,0.0002235939,0.0002628371
0.2891666667,0.0000386623,0.0002240623,0.0002627246
0.2893333333,0.0000380891,0.0002245236,0.0002626127
0.2895000000,0.0000375239,0.0002249776,0.0002625015
0.2896666667,0.0000369666,0.0002254242,0.0002623908
0.2898333333,0.0000364173,0.0002258633,0.0002622806
0.2900000000,0.0000358761,0.0002262947,0.0002621709
0.2901666667,0.0000353432,0.0002267186,0.0002620618
0.2903333333,0.0000348185,0.0002271350,0.0002619535
0.2905000000,0.0000343021,0.0002275439,0.0002618460
0.2906666667,0.0000337941,0.0002279453,0.0002617394
0.2908333333,0.0000332946,0.0002283391,0.0002616337
0.2910000000,0.0000328035,0.0002287252,0.0002615287
0.2911666667,0.0000323210,0.0002291035,0.0002614245
0.2913333333,0.0000318471,0.0002294743,0.0002613213
0.2915000000,0.0000313817,0.0002298375,0.0002612192
0.2916666667,0.0000309250,0.0002301932,0.0002611182
0.2918333333,0.0000304770,0.0002305413,0.0002610183
0.2920000000,0.0000300377,0.0002308818,0.0002609195
0.2921666667,0.0000296070,0.0002312147,0.0002608217
0.2923333333,0.0000291850,0.0002315401,0.0002607252
0.2925000000,0.0000287718,0.0002318580,0.0002606299
0.2926666667,0.0000283673,0.0002321685,0.0002605359
0.2928333333,0.0000279716,0.0002324716,0.0002604432
0.2930000000,0.0000275846,0.0002327672,0.0002603519
0.2931666667,0.0000272065,0.0002330555,0.0002602620
0.2933333333,0.0000268371,0.0002333364,0.0002601735
0.2935000000,0.0000264766,0.0002336099,0.0002600865
0.2936666667,0.0000261250,0.0002338760,0.0002600010
0.2938333333,0.0000257823,0.0002341347,0.0002599170
0.2940000000,0.0000254485,0.0002343861,0.0002598346
0.2941666667,0.0000251237,0.0002346301,0.0002597538
0.2943333333,0.0000248079,0.0002348668,0.0002596747
0.2945000000,0.0000245011,0.0002350963,0.0002595974
0.2946666667,0.0000242033,0.0002353185,0.0002595219
0.2948333333,0.0000239146,0.0002355334,0.0002594480
0.2950000000,0.0000236350,0.0002357410,0.0002593760
0.2951666667,0.0000233644,0.0002359413,0.0002593057
0.2953333333,0.0000231028,0.0002361345,0.0002592373
0.2955000000,0.0000228504,0.0002363206,0.0002591709
0.2956666667,0.0000226070,0.0002364995,0.0002591066
0.2958333333,0.0000223728,0.0002366714,0.0002590442
0.2960000000,0.0000221476,0.0002368362,0.0002589838
0.2961666667,0.0000219316,0.0002369939,0.0002589255
0.2963333333,0.0000217247,0.0002371446,0.0002588693
0.2965000000,0.0000215270,0.0002372882,0.0002588152
0.2966666667,0.0000213384,0.0002374248,0.0002587633
0.2968333333,0.0000211591,0.0002375545,0.0002587136
0.2970000000,0.0000209889,0.0002376772,0.0002586661
0.2971666667,0.0000208279,0.0002377931,0.0002586210
0.2973333333,0.0000206761,0.0002379020,0.0002585781
0.2975000000,0.0000205335,0.0002380041,0.0002585377
0.2976666667,0.0000204001,0.0002380994,0.0002584995
0.2978333333,0.0000202759,0.0002381879,0.0002584638
0.2980000000,0.0000201609,0.0002382696,0.0002584305
0.2981666667,0.0000200551,0.0002383446,0.0002583997
0.2983333333,0.0000199585,0.0002384129,0.0002583714
0.2985000000,0.0000198711,0.0002384745,0.0002583457
0.2986666667,0.0000197930,0.0002385296,0.0002583226
0.2988333333,0.0000197241,0.0002385780,0.0002583020
0.2990000000,0.0000196644,0.0002386197,0.0002582841
0.2991666667,0.0000196139,0.0002386549,0.0002582689
0.2993333333,0.0000195727,0.0002386836,0.0002582563
0.2995000000,0.0000195408,0.0002387057,0.0002582465
0.2996666667,0.0000195180,0.0002387214,0.0002582394
0.2998333333,0.0000195046,0.0002387306,0.0002582352
0.3000000000,0.0000195004,0.0002387333,0.0002582337
0.3001666667,0.0000195056,0.0002387295,0.0002582351
0.3003333333,0.0000195201,0.0002387193,0.0002582394
0.3005000000,0.0000195440,0.0002387026,0.0002582466
0.3006666667,0.0000195773,0.0002386795,0.0002582567
0.3008333333,0.0000196201,0.0002386498,0.0002582698
0.3010000000,0.0000196724,0.0002386135,0.0002582859
0.3011666667,0.0000197344,0.0002385707,0.0002583050
0.3013333333,0.0000198060,0.0002385212,0.0002583272
0.3015000000,0.0000198874,0.0002384650,0.0002583524
0.3016666667,0.0000199787,0.0002384020,0.0002583807
0.3018333333,0.0000200799,0.0002383322,0.0002584121
0.3020000000,0.0000201912,0.0002382556,0.0002584468
0.3021666667,0.0000203127,0.0002381719,0.0002584846
0.3023333333,0.0000204445,0.0002380811,0.0002585256
0.3025000000,0.0000205867,0.0002379830,0.0002585697
0.3026666667,0.0000207394,0.0002378777,0.0002586171
0.3028333333,0.0000209028,0.0002377650,0.0002586678
0.3030000000,0.0000210768,0.0002376450,0.0002587218
0.3031666667,0.0000212617,0.0002375175,0.0002587792
0.3033333333,0.0000214574,0.0002373825,0.0002588399
0.3035000000,0.0000216641,0.0002372399,0.0002589040
0.3036666667,0.0000218818,0.0002370896,0.0002589714
0.3038333333,0.0000221105,0.0002369316,0.0002590421
0.3040000000,0.0000223504,0.0002367659,0.0002591164
0.3041666667,0.0000226015,0.0002365925,0.0002591941
0.3043333333,0.0000228638,0.0002364114,0.0002592753
0.3045000000,0.0000231374,0.0002362226,0.0002593600
0.3046666667,0.0000234224,0.0002360258,0.0002594482
0.3048333333,0.0000237188,0.0002358211,0.0002595399
0.3050000000,0.0000240267,0.0002356085,0.0002596352
0.3051666667,0.0000243462,0.0002353878,0.0002597340
0.3053333333,0.0000246774,0.0002351590,0.0002598364
0.3055000000,0.0000250203,0.0002349221,0.0002599424
0.3056666667,0.0000253750,0.0002346770,0.0002600521
0.3058333333,0.0000257417,0.0002344237,0.0002601654
0.3060000000,0.0000261203,0.0002341621,0.0002602824
0.3061666667,0.0000265108,0.0002338922,0.0002604030
0.3063333333,0.0000269135,0.0002336138,0.0002605273
0.3065000000,0.0000273282,0.0002333271,0.0002606552
0.3066666667,0.0000277550,0.0002330319,0.0002607869
0.3068333333,0.0000281940,0.0002327283,0.0002609224
0.3070000000,0.0000286453,0.0002324164,0.0002610616
0.3071666667,0.0000291088,0.0002320959,0.0002612047
0.3073333333,0.0000295846,0.0002317668,0.0002613514
0.3075000000,0.0000300728,0.0002314291,0.0002615019
0.3076666667,0.0000305735,0.0002310826,0.0002616561
0.3078333333,0.0000310867,0.0002307276,0.0002618142
0.3080000000,0.0000316124,0.0002303639,0.0002619762
0.3081666667,0.0000321506,0.0002299915,0.0002621422
0.3083333333,0.0000327015,0.0002296103,0.0002623119
0.3085000000,0.0000332651,0.0002292202,0.0002624854
0.3086666667,0.0000338413,0.0002288213,0.0002626626
0.3088333333,0.0000344303,0.0002284135,0.0002628437
0.3090000000,0.0000350319,0.0002279970,0.0002630288
0.3091666667,0.0000356463,0.0002275717,0.0002632180
0.3093333333,0.0000362734,0.0002271376,0.0002634110
0.3095000000,0.0000369134,0.0002266945,0.0002636079
0.3096666667,0.0000375662,0.0002262424,0.0002638086
0.3098333333,0.0000382319,0.0002257813,0.0002640132
0.3100000000,0.0000389105,0.0002253112,0.0002642217
0.3101666667,0.0000396019,0.0002248323,0.0002644342
0.3103333333,0.0000403062,0.0002243446,0.0002646508
0.3105000000,0.0000410234,0.0002238479,0.0002648713
0.3106666667,0.0000417534,0.0002233423,0.0002650958
0.3108333333,0.0000424963,0.0002228279,0.0002653242
0.3110000000,0.0000432520,0.0002223045,0.0002655565
0.3111666667,0.0000440204,0.0002217723,0.0002657927
0.3113333333,0.0000448016,0.0002212312,0.0002660328
0.3115000000,0.0000455956,0.0002206814,0.0002662770
0.3116666667,0.0000464022,0.0002201230,0.0002665252
0.3118333333,0.0000472214,0.0002195560,0.0002667775
0.3120000000,0.0000480533,0.0002189805,0.0002670338
0.3121666667,0.0000488976,0.0002183964,0.0002672940
0.3123333333,0.0000497544,0.0002178037,0.0002675580
0.3125000000,0.0000506235,0.0002172024,0.0002678259
0.3126666667,0.0000515049,0.0002165929,0.0002680978
0.3128333333,0.0000523986,0.0002159752,0.0002683738
0.3130000000,0.0000533044,0.0002153495,0.0002686540
0.3131666667,0.0000542224,0.0002147158,0.0002689382
0.3133333333,0.0000551524,0.0002140739,0.0002692264
0.3135000000,0.0000560945,0.0002134238,0.0002695183
0.3136666667,0.0000570485,0.0002127655,0.0002698139
0.3138333333,0.0000580143,0.0002120993,0.0002701136
0.3140000000,0.0000589920,0.0002114253,0.0002704174
0.3141666667,0.0000599815,0.0002107438,0.0002707253
0.3143333333,0.0000609826,0.0002100546,0.0002710372
0.3145000000,0.0000619954,0.0002093577,0.0002713531
0.3146666667,0.0000630198,0.0002086529,0.0002716727
0.3148333333,0.0000640556,0.0002079405,0.0002719962
0.3150000000,0.0000651029,0.0002072206,0.0002723235
0.3151666667,0.0000661616,0.0002064933,0.0002726549
0.3153333333,0.0000672315,0.0002057587,0.0002729902
0.3155000000,0.0000683125,0.0002050169,0.0002733295
0.3156666667,0.0000694046,0.0002042680,0.0002736727
0.3158333333,0.0000705077,0.0002035121,0.0002740198
0.3160000000,0.0000716217,0.0002027491,0.0002743708
0.3161666667,0.0000727465,0.0002019791,0.0002747256
0.3163333333,0.0000738820,0.0002012021,0.0002750842
0.3165000000,0.0000750282,0.0002004183,0.0002754465
0.3166666667,0.0000761850,0.0001996277,0.0002758127
0.3168333333,0.0000773522,0.0001988306,0.0002761828
0.3170000000,0.0000785298,0.0001980272,0.0002765571
0.3171666667,0.0000797177,0.0001972174,0.0002769351
0.3173333333,0.0000809158,0.0001964010,0.0002773168
0.3175000000,0.0000821239,0.0001955781,0.0002777021
0.3176666667,0.0000833421,0.0001947488,0.0002780909
0.3178333333,0.0000845701,0.0001939135,0.0002784836
0.3180000000,0.0000858079,0.0001930723,0.0002788802
0.3181666667,0.0000870554,0.0001922254,0.0002792808
0.3183333333,0.0000883124,0.0001913728,0.0002796851
0.3185000000,0.0000895788,0.0001905142,0.0002800931
0.3186666667,0.0000908546,0.0001896498,0.0002805044
0.3188333333,0.0000921396,0.0001887797,0.0002809194
0.3190000000,0.0000934338,0.0001879041,0.0002813379
0.3191666667,0.0000947370,0.0001870233,0.0002817603
0.3193333333,0.0000960492,0.0001861372,0.0002821864
0.3195000000,0.0000973701,0.0001852460,0.0002826161
0.3196666667,0.0000986996,0.0001843498,0.0002830494
0.3198333333,0.0001000378,0.0001834485,0.0002834863
0.3200000000,0.0001013843,0.0001825423,0.0002839266
0.3201666667,0.0001027391,0.0001816312,0.0002843703
0.3203333333,0.0001041021,0.0001807153,0.0002848174
0.3205000000,0.0001054732,0.0001797949,0.0002852681
0.3206666667,0.0001068522,0.0001788701,0.0002857223
0.3208333333,0.0001082391,0.0001779411,0.0002861802
0.3210000000,0.0001096336,0.0001770080,0.0002866416
0.3211666667,0.0001110357,0.0001760706,0.0002871063
0.3213333333,0.0001124452,0.0001751290,0.0002875742
0.3215000000,0.0001138620,0.0001741831,0.0002880451
0.3216666667,0.0001152860,0.0001732334,0.0002885194
0.3218333333,0.0001167170,0.0001722802,0.0002889972
0.3220000000,0.0001181548,0.0001713237,0.0002894786
0.3221666667,0.0001195995,0.0001703639,0.0002899634
0.3223333333,0.0001210507,0.0001694006,0.0002904513
0.3225000000,0.0001225085,0.0001684337,0.0002909422
0.3226666667,0.0001239726,0.0001674634,0.0002914360
0.3228333333,0.0001254429,0.0001664900,0.0002919329
0.3230000000,0.0001269193,0.0001655139,0.0002924332
0.3231666667,0.0001284016,0.0001645353,0.0002929369
0.3233333333,0.0001298897,0.0001635541,0.0002934438
0.3235000000,0.0001313834,0.0001625703,0.0002939537
0.3236666667,0.0001328826,0.0001615837,0.0002944663
0.3238333333,0.0001343871,0.0001605946,0.0002949817
0.3240000000,0.0001358968,0.0001596034,0.0002955002
0.3241666667,0.0001374116,0.0001586102,0.0002960218
0.3243333333,0.0001389313,0.0001576152,0.0002965465
0.3245000000,0.0001404557,0.0001566183,0.0002970741
0.3246666667,0.0001419848,0.0001556197,0.0002976045
0.3248333333,0.0001435182,0.0001546194,0.0002981376
0.3250000000,0.0001450560,0.0001536175,0.0002986735
0.3251666667,0.0001465979,0.0001526143,0.0002992122
0.3253333333,0.0001481437,0.0001516098,0.0002997536
0.3255000000,0.0001496934,0.0001506043,0.0003002977
0.3256666667,0.0001512468,0.0001495978,0.0003008446
0.3258333333,0.0001528037,0.0001485906,0.0003013943
0.3260000000,0.0001543640,0.0001475826,0.0003019466
0.3261666667,0.0001559274,0.0001465740,0.0003025014
0.3263333333,0.0001574939,0.0001455648,0.0003030587
0.3265000000,0.0001590632,0.0001445551,0.0003036183
0.3266666667,0.0001606353,0.0001435452,0.0003041805
0.3268333333,0.0001622099,0.0001425354,0.0003047454
0.3270000000,0.0001637869,0.0001415259,0.0003053128
0.3271666667,0.0001653662,0.0001405165,0.0003058827
0.3273333333,0.0001669475,0.0001395073,0.0003064547
0.3275000000,0.0001685307,0.0001384982,0.0003070289
0.3276666667,0.0001701156,0.0001374896,0.0003076052
0.3278333333,0.0001717022,0.0001364819,0.0003081840
0.3280000000,0.0001732901,0.0001354753,0.0003087654
0.3281666667,0.0001748792,0.0001344698,0.0003093490
0.3283333333,0.0001764695,0.0001334653,0.0003099347
0.3285000000,0.0001780606,0.0001324616,0.0003105222
0.3286666667,0.0001796524,0.0001314591,0.0003111115
0.3288333333,0.0001812449,0.0001304581,0.0003117030
0.3290000000,0.0001828377,0.0001294591,0.0003122968
0.3291666667,0.0001844307,0.0001284622,0.0003128929
0.3293333333,0.0001860239,0.0001274671,0.0003134910
0.3295000000,0.0001876168,0.0001264738,0.0003140907
0.3296666667,0.0001892095,0.0001254824,0.0003146919
0.3298333333,0.0001908018,0.0001244931,0.0003152948
0.3300000000,0.0001923934,0.0001235064,0.0003158998
0.3301666667,0.0001939842,0.0001225225,0.0003165068
0.3303333333,0.0001955741,0.0001215416,0.0003171157
0.3305000000,0.0001971628,0.0001205635,0.0003177263
0.3306666667,0.0001987502,0.0001195881,0.0003183383
0.3308333333,0.0002003361,0.0001186155,0.0003189516
0.3310000000,0.0002019204,0.0001176461,0.0003195664
0.3311666667,0.0002035028,0.0001166802,0.0003201829
0.3313333333,0.0002050832,0.0001157180,0.0003208011
0.3315000000,0.0002066614,0.0001147595,0.0003214209
0.3316666667,0.0002082373,0.0001138049,0.0003220422
0.3318333333,0.0002098106,0.0001128541,0.0003226647
0.3320000000,0.0002113812,0.0001119073,0.0003232885
0.3321666667,0.0002129490,0.0001109644,0.0003239133
0.3323333333,0.0002145137,0.0001100257,0.0003245394
0.3325000000,0.0002160752,0.0001090916,0.0003251667
0.3326666667,0.0002176332,0.0001081622,0.0003257955
0.3328333333,0.0002191877,0.0001072379,0.0003264256
0.3330000000,0.0002207385,0.0001063184,0.0003270569
0.3331666667,0.0002222853,0.0001054038,0.0003276892
0.3333333333,0.0002238281,0.0001044940,0.0003283220
0.3335000000,0.0002253665,0.0001035890,0.0003289556
0.3336666667,0.0002269005,0.0001026896,0.0003295901
0.3338333333,0.0002284299,0.0001017960,0.0003302259
0.3340000000,0.0002299546,0.0001009085,0.0003308631
0.3341666667,0.0002314742,0.0001000270,0.0003315012
0.3343333333,0.0002329887,0.0000991510,0.0003321398
0.3345000000,0.0002344979,0.0000982806,0.0003327786
0.3346666667,0.0002360017,0.0000974161,0.0003334177
0.3348333333,0.0002374997,0.0000965579,0.0003340577
0.3350000000,0.0002389920,0.0000957067,0.0003346987
0.3351666667,0.0002404782,0.0000948626,0.0003353408
0.3353333333,0.0002419583,0.0000940252,0.0003359835
0.3355000000,0.0002434320,0.0000931943,0.0003366263
0.3356666667,0.0002448992,0.0000923698,0.0003372691
0.3358333333,0.0002463598,0.0000915523,0.0003379120
0.3360000000,0.0002478134,0.0000907421,0.0003385555
0.3361666667,0.0002492601,0.0000899396,0.0003391997
0.3363333333,0.0002506996,0.0000891449,0.0003398445
0.3365000000,0.0002521317,0.0000883578,0.0003404895
0.3366666667,0.0002535563,0.0000875783,0.0003411346
0.3368333333,0.0002549732,0.0000868063,0.0003417795
0.3370000000,0.0002563822,0.0000860422,0.0003424244
0.3371666667,0.0002577832,0.0000852862,0.0003430694
0.3373333333,0.0002591760,0.0000845385,0.0003437145
0.3375000000,0.0002605605,0.0000837994,0.0003443599
0.3376666667,0.0002619364,0.0000830688,0.0003450052
0.3378333333,0.0002633037,0.0000823469,0.0003456506
0.3380000000,0.0002646621,0.0000816337,0.0003462957
0.3381666667,0.0002660114,0.0000809291,0.0003469405
0.3383333333,0.0002673516,0.0000802332,0.0003475849
0.3385000000,0.0002686825,0.0000795464,0.0003482289
0.3386666667,0.0002700039,0.0000788688,0.0003488727
0.3388333333,0.0002713156,0.0000782009,0.0003495165
0.3390000000,0.0002726175,0.0000775426,0.0003501602
0.3391666667,0.0002739095,0.0000768940,0.0003508034
0.3393333333,0.0002751913,0.0000762547,0.0003514459
0.3395000000,0.0002764628,0.0000756247,0.0003520875
0.3396666667,0.0002777239,0.0000750046,0.0003527284
0.3398333333,0.0002789743,0.0000743946,0.0003533689
0.3400000000,0.0002802141,0.0000737951,0.0003540092
0.3401666667,0.0002814429,0.0000732062,0.0003546491
0.3403333333,0.0002826607,0.0000726275,0.0003552882
0.3405000000,0.0002838673,0.0000720590,0.0003559263
0.3406666667,0.0002850625,0.0000715007,0.0003565631
0.3408333333,0.0002862462,0.0000709529,0.0003571991
0.3410000000,0.0002874183,0.0000704161,0.0003578344
0.3411666667,0.0002885785,0.0000698906,0.0003584691
0.3413333333,0.0002897269,0.0000693762,0.0003591031
0.3415000000,0.0002908631,0.0000688728,0.0003597359
0.3416666667,0.0002919871,0.0000683804,0.0003603675
0.3418333333,0.0002930987,0.0000678990,0.0003609978
0.3420000000,0.0002941979,0.0000674291,0.0003616270
0.3421666667,0.0002952843,0.0000669708,0.0003622551
0.3423333333,0.0002963580,0.0000665242,0.0003628822
0.3425000000,0.0002974188,0.0000660892,0.0003635080
0.3426666667,0.0002984665,0.0000656661,0.0003641326
0.3428333333,0.0002995009,0.0000652549,0.0003647559
0.3430000000,0.0003005221,0.0000648557,0.0003653778
0.3431666667,0.0003015298,0.0000644685,0.0003659983
0.3433333333,0.0003025238,0.0000640933,0.0003666171
0.3435000000,0.0003035042,0.0000637303,0.0003672345
0.3436666667,0.0003044707,0.0000633796,0.0003678503
0.3438333333,0.0003054232,0.0000630416,0.0003684648
0.3440000000,0.0003063616,0.0000627164,0.0003690780
0.3441666667,0.0003072858,0.0000624038,0.0003696895
0.3443333333,0.0003081956,0.0000621036,0.0003702992
0.3445000000,0.0003090909,0.0000618159,0.0003709068
0.3446666667,0.0003099717,0.0000615409,0.0003715126
0.3448333333,0.0003108377,0.0000612790,0.0003721167
0.3450000000,0.0003116889,0.0000610306,0.0003727194
0.3451666667,0.0003125251,0.0000607954,0.0003733206
0.3453333333,0.0003133463,0.0000605734,0.0003739197
0.3455000000,0.0003141523,0.0000603643,0.0003745166
0.3456666667,0.0003149430,0.0000601681,0.0003751111
0.3458333333,0.0003157183,0.0000599854,0.0003757037
0.3460000000,0.0003164781,0.0000598164,0.0003762945
0.3461666667,0.0003172223,0.0000596612,0.0003768836
0.3463333333,0.0003179508,0.0000595198,0.0003774706
0.3465000000,0.0003186635,0.0000593919,0.0003780554
0.3466666667,0.0003193602,0.0000592775,0.0003786377
0.3468333333,0.0003200410,0.0000591767,0.0003792176
0.3470000000,0.0003207056,0.0000590898,0.0003797954
0.3471666667,0.0003213540,0.0000590171,0.0003803711
0.3473333333,0.0003219860,0.0000589586,0.0003809446
0.3475000000,0.0003226017,0.0000589141,0.0003815158
0.3476666667,0.0003232009,0.0000588836,0.0003820845
0.3478333333,0.0003237835,0.0000588671,0.0003826506
0.3480000000,0.0003243495,0.0000588649,0.0003832143
0.3481666667,0.0003248986,0.0000588770,0.0003837756
0.3483333333,0.0003254310,0.0000589034,0.0003843344
0.3485000000,0.0003259464,0.0000589442,0.0003848906
0.3486666667,0.0003264448,0.0000589995,0.0003854443
0.3488333333,0.0003269261,0.0000590693,0.0003859954
0.3490000000,0.0003273903,0.0000591536,0.0003865439
0.3491666667,0.0003278373,0.0000592525,0.0003870898
0.3493333333,0.0003282669,0.0000593659,0.0003876328
0.3495000000,0.0003286791,0.0000594938,0.0003881729
0.3496666667,0.0003290740,0.0000596364,0.0003887104
0.3498333333,0.0003294512,0.0000597939,0.0003892452
0.3500000000,0.0003298109,0.0000599664,0.0003897773
0.3501666667,0.0003301530,0.0000601536,0.0003903066
0.3503333333,0.0003304774,0.0000603555,0.0003908329
0.3505000000,0.0003307840,0.0000605720,0.0003913560
0.3506666667,0.0003310727,0.0000608034,0.0003918761
0.3508333333,0.0003313436,0.0000610499,0.0003923935
0.3510000000,0.0003315966,0.0000613116,0.0003929081
0.3511666667,0.0003318315,0.0000615883,0.0003934198
0.3513333333,0.0003320485,0.0000618799,0.0003939283
0.3515000000,0.0003322473,0.0000621861,0.0003944335
0.3516666667,0.0003324280,0.0000625073,0.0003949353
0.3518333333,0.0003325906,0.0000628436,0.0003954342
0.3520000000,0.0003327349,0.0000631954,0.0003959303
0.3521666667,0.0003328610,0.0000635624,0.0003964234
0.3523333333,0.0003329687,0.0000639445,0.0003969132
0.3525000000,0.0003330582,0.0000643412,0.0003973994
0.3526666667,0.0003331293,0.0000647529,0.0003978821
0.3528333333,0.0003331820,0.0000651797,0.0003983616
0.3530000000,0.0003332163,0.0000656219,0.0003988382
0.3531666667,0.0003332321,0.0000660796,0.0003993117
0.3533333333,0.0003332294,0.0000665525,0.0003997819
0.3535000000,0.0003332083,0.0000670402,0.0004002485
0.3536666667,0.0003331686,0.0000675427,0.0004007113
0.3538333333,0.0003331104,0.0000680602,0.0004011706
0.3540000000,0.0003330336,0.0000685931,0.0004016267
0.3541666667,0.0003329383,0.0000691414,0.0004020797
0.3543333333,0.0003328244,0.0000697050,0.0004025294
0.3545000000,0.0003326918,0.0000702837,0.0004029755
0.3546666667,0.0003325407,0.0000708770,0.0004034178
0.3548333333,0.0003323710,0.0000714853,0.0004038563
0.3550000000,0.0003321827,0.0000721086,0.0004042912
0.3551666667,0.0003319757,0.0000727471,0.0004047229
0.3553333333,0.0003317502,0.0000734010,0.0004051511
0.3555000000,0.0003315060,0.0000740699,0.0004055759
0.3556666667,0.0003312432,0.0000747537,0.0004059969
0.3558333333,0.0003309618,0.0000754523,0.0004064141
0.3560000000,0.0003306619,0.0000761657,0.0004068276
0.3561666667,0.0003303433,0.0000768939,0.0004072373
0.3563333333,0.0003300062,0.0000776371,0.0004076434
0.3565000000,0.0003296506,0.0000783953,0.0004080459
0.3566666667,0.0003292764,0.0000791685,0.0004084449
0.3568333333,0.0003288837,0.0000799565,0.0004088402
0.3570000000,0.0003284725,0.0000807591,0.0004092316
0.3571666667,0.0003280429,0.0000815763,0.0004096191
0.3573333333,0.0003275948,0.0000824079,0.0004100026
0.3575000000,0.0003271283,0.0000832540,0.0004103823
0.3576666667,0.0003266434,0.0000841150,0.0004107584
0.3578333333,0.0003261402,0.0000849908,0.0004111310
0.3580000000,0.0003256187,0.0000858814,0.0004115000
0.3581666667,0.0003250789,0.0000867862,0.0004118651
0.3583333333,0.0003245209,0.0000877050,0.0004122258
0.3585000000,0.0003239446,0.0000886378,0.0004125824
0.3586666667,0.0003233503,0.0000895848,0.0004129351
0.3588333333,0.0003227378,0.0000905465,0.0004132843
0.3590000000,0.0003221073,0.0000915228,0.0004136301
0.3591666667,0.0003214588,0.0000925134,0.0004139722
0.3593333333,0.0003207923,0.0000935177,0.0004143101
0.3595000000,0.0003201080,0.0000945355,0.0004146435
0.3596666667,0.0003194058,0.0000955668,0.0004149726
0.3598333333,0.0003186858,0.0000966122,0.0004152980
0.3600000000,0.0003179482,0.0000976718,0.0004156200
0.3601666667,0.0003171929,0.0000987456,0.0004159385
0.3603333333,0.0003164200,0.0000998332,0.0004162531
0.3605000000,0.0003156295,0.0001009338,0.0004165634
0.3606666667,0.0003148217,0.0001020474,0.0004168691
0.3608333333,0.0003139965,0.0001031742,0.0004171707
0.3610000000,0.0003131539,0.0001043146,0.0004174685
0.3611666667,0.0003122942,0.0001054688,0.0004177630
0.3613333333,0.0003114173,0.0001066364,0.0004180537
0.3615000000,0.0003105234,0.0001078171,0.0004183405
0.3616666667,0.0003096125,0.0001090104,0.0004186228
0.3618333333,0.0003086847,0.0001102162,0.0004189008
0.3620000000,0.0003077401,0.0001114347,0.0004191748
0.3621666667,0.0003067787,0.0001126662,0.0004194450
0.3623333333,0.0003058008,0.0001139107,0.0004197115
0.3625000000,0.0003048063,0.0001151680,0.0004199743
0.3626666667,0.0003037954,0.0001164376,0.0004202330
0.3628333333,0.0003027682,0.0001177194,0.0004204876
0.3630000000,0.0003017247,0.0001190132,0.0004207379
0.3631666667,0.0003006651,0.0001203190,0.0004209842
0.3633333333,0.0002995895,0.0001216370,0.0004212265
0.3635000000,0.0002984980,0.0001229671,0.0004214650
0.3636666667,0.0002973906,0.0001243092,0.0004216998
0.3638333333,0.0002962675,0.0001256632,0.0004219308
0.3640000000,0.0002951289,0.0001270288,0.0004221577
0.3641666667,0.0002939748,0.0001284056,0.0004223804
0.3643333333,0.0002928053,0.0001297936,0.0004225989
0.3645000000,0.0002916206,0.0001311928,0.0004228134
0.3646666667,0.0002904208,0.0001326033,0.0004230241
0.3648333333,0.0002892060,0.0001340253,0.0004232312
0.3650000000,0.0002879763,0.0001354584,0.0004234346
0.3651666667,0.0002867318,0.0001369023,0.0004236341
0.3653333333,0.0002854728,0.0001383565,0.0004238292
0.3655000000,0.0002841992,0.0001398210,0.0004240202
0.3656666667,0.0002829113,0.0001412958,0.0004242071
0.3658333333,0.0002816092,0.0001427812,0.0004243904
0.3660000000,0.0002802930,0.0001442773,0.0004245703
0.3661666667,0.0002789628,0.0001457837,0.0004247465
0.3663333333,0.0002776189,0.0001472998,0.0004249187
0.3665000000,0.0002762613,0.0001488253,0.0004250866
0.3666666667,0.0002748902,0.0001503602,0.0004252503
0.3668333333,0.0002735056,0.0001519047,0.0004254103
0.3670000000,0.0002721079,0.0001534589,0.0004255668
0.3671666667,0.0002706971,0.0001550228,0.0004257199
0.3673333333,0.0002692733,0.0001565959,0.0004258692
0.3675000000,0.0002678368,0.0001581777,0.0004260145
0.3676666667,0.0002663877,0.0001597680,0.0004261557
0.3678333333,0.0002649260,0.0001613669,0.0004262929
0.3680000000,0.0002634521,0.0001629745,0.0004264266
0.3681666667,0.0002619661,0.0001645908,0.0004265569
0.3683333333,0.0002604680,0.0001662156,0.0004266836
0.3685000000,0.0002589581,0.0001678484,0.0004268065
0.3686666667,0.0002574366,0.0001694890,0.0004269256
0.3688333333,0.0002559036,0.0001711373,0.0004270408
0.3690000000,0.0002543592,0.0001727932,0.0004271524
0.3691666667,0.0002528037,0.0001744568,0.0004272605
0.3693333333,0.0002512372,0.0001761279,0.0004273651
0.3695000000,0.0002496599,0.0001778062,0.0004274661
0.3696666667,0.0002480719,0.0001794915,0.0004275635
0.3698333333,0.0002464735,0.0001811837,0.0004276572
0.3700000000,0.0002448648,0.0001828827,0.0004277475
0.3701666667,0.0002432460,0.0001845882,0.0004278342
0.3703333333,0.0002416173,0.0001863001,0.0004279173
0.3705000000,0.0002399788,0.0001880182,0.0004279970
0.3706666667,0.0002383307,0.0001897424,0.0004280732
0.3708333333,0.0002366733,0.0001914727,0.0004281460
0.3710000000,0.0002350067,0.0001932088,0.0004282155
0.3711666667,0.0002333311,0.0001949506,0.0004282816
0.3713333333,0.0002316467,0.0001966976,0.0004283443
0.3715000000,0.0002299536,0.0001984498,0.0004284034
0.3716666667,0.0002282521,0.0002002070,0.0004284592
0.3718333333,0.0002265424,0.0002019693,0.0004285117
0.3720000000,0.0002248246,0.0002037365,0.0004285612
0.3721666667,0.0002230990,0.0002055084,0.0004286074
0.3723333333,0.0002213657,0.0002072847,0.0004286504
0.3725000000,0.0002196250,0.0002090650,0.0004286900
0.3726666667,0.0002178770,0.0002108492,0.0004287262
0.3728333333,0.0002161220,0.0002126373,0.0004287593
0.3730000000,0.0002143601,0.0002144293,0.0004287894
0.3731666667,0.0002125915,0.0002162251,0.0004288166
0.3733333333,0.0002108165,0.0002180242,0.0004288407
0.3735000000,0.0002090353,0.0002198264,0.0004288616
0.3736666667,0.0002072480,0.0002216313,0.0004288793
0.3738333333,0.0002054549,0.0002234391,0.0004288940
0.3740000000,0.0002036562,0.0002252496,0.0004289058
0.3741666667,0.0002018520,0.0002270628,0.0004289148
0.3743333333,0.0002000427,0.0002288783,0.0004289209
0.3745000000,0.0001982283,0.0002306957,0.0004289241
0.3746666667,0.0001964092,0.0002325150,0.0004289242
0.3748333333,0.0001945855,0.0002343360,0.0004289215
0.3750000000,0.0001927575,0.0002361586,0.0004289161
0.3751666667,0.0001909253,0.0002379826,0.0004289079
0.3753333333,0.0001890892,0.0002398079,0.0004288971
0.3755000000,0.0001872494,0.0002416341,0.0004288835
0.3756666667,0.0001854061,0.0002434611,0.0004288672
0.3758333333,0.0001835596,0.0002452886,0.0004288482
0.3760000000,0.0001817100,0.0002471167,0.0004288267
0.3761666667,0.0001798575,0.0002489451,0.0004288026
0.3763333333,0.0001780025,0.0002507736,0.0004287760
0.3765000000,0.0001761450,0.0002526019,0.0004287469
0.3766666667,0.0001742854,0.0002544298,0.0004287153
0.3768333333,0.0001724239,0.0002562574,0.0004286812
0.3770000000,0.0001705606,0.0002580843,0.0004286449
0.3771666667,0.0001686958,0.0002599105,0.0004286063
0.3773333333,0.0001668298,0.0002617357,0.0004285654
0.3775000000,0.0001649627,0.0002635595,0.0004285222
0.3776666667,0.0001630948,0.0002653820,0.0004284767
0.3778333333,0.0001612263,0.0002672029,0.0004284292
0.3780000000,0.0001593574,0.0002690223,0.0004283797
0.3781666667,0.0001574884,0.0002708400,0.0004283283
0.3783333333,0.0001556194,0.0002726555,0.0004282749
0.3785000000,0.0001537508,0.0002744687,0.0004282195
0.3786666667,0.0001518828,0.0002762795,0.0004281623
0.3788333333,0.0001500155,0.0002780879,0.0004281034
0.3790000000,0.0001481492,0.0002798938,0.0004280430
0.3791666667,0.0001462842,0.0002816970,0.0004279811
0.3793333333,0.0001444206,0.0002834972,0.0004279178
0.3795000000,0.0001425587,0.0002852943,0.0004278530
0.3796666667,0.0001406988,0.0002870880,0.0004277869
0.3798333333,0.0001388411,0.0002888786,0.0004277197
0.3800000000,0.0001369858,0.0002906658,0.0004276516
0.3801666667,0.0001351331,0.0002924497,0.0004275828
0.3803333333,0.0001332833,0.0002942299,0.0004275132
0.3805000000,0.0001314366,0.0002960063,0.0004274429
0.3806666667,0.0001295933,0.0002977787,0.0004273720
0.3808333333,0.0001277536,0.0002995473,0.0004273009
0.3810000000,0.0001259177,0.0003013120,0.0004272297
0.3811666667,0.0001240860,0.0003030727,0.0004271587
0.3813333333,0.0001222586,0.0003048292,0.0004270878
0.3815000000,0.0001204357,0.0003065813,0.0004270171
0.3816666667,0.0001186177,0.0003083290,0.0004269467
0.3818333333,0.0001168048,0.0003100722,0.0004268770
0.3820000000,0.0001149971,0.0003118110,0.0004268082
0.3821666667,0.0001131951,0.0003135453,0.0004267404
0.3823333333,0.0001113989,0.0003152748,0.0004266737
0.3825000000,0.0001096087,0.0003169993,0.0004266080
0.3826666667,0.0001078249,0.0003187186,0.0004265436
0.3828333333,0.0001060477,0.0003204328,0.0004264805
0.3830000000,0.0001042774,0.0003221416,0.0004264190
0.3831666667,0.0001025141,0.0003238450,0.0004263591
0.3833333333,0.0001007582,0.0003255427,0.0004263009
0.3835000000,0.0000990099,0.0003272344,0.0004262443
0.3836666667,0.0000972695,0.0003289197,0.0004261892
0.3838333333,0.0000955372,0.0003305985,0.0004261357
0.3840000000,0.0000938133,0.0003322706,0.0004260839
0.3841666667,0.0000920980,0.0003339357,0.0004260337
0.3843333333,0.0000903916,0.0003355935,0.0004259852
0.3845000000,0.0000886944,0.0003372436,0.0004259381
0.3846666667,0.0000870066,0.0003388857,0.0004258923
0.3848333333,0.0000853285,0.0003405192,0.0004258477
0.3850000000,0.0000836603,0.0003421441,0.0004258043
0.3851666667,0.0000820022,0.0003437598,0.0004257620
0.3853333333,0.0000803545,0.0003453662,0.0004257207
0.3855000000,0.0000787176,0.0003469628,0.0004256803
0.3856666667,0.0000770915,0.0003485492,0.0004256407
0.3858333333,0.0000754765,0.0003501252,0.0004256018
0.3860000000,0.0000738730,0.0003516904,0.0004255634
0.3861666667,0.0000722811,0.0003532445,0.0004255255
0.3863333333,0.0000707010,0.0003547872,0.0004254882
0.3865000000,0.0000691331,0.0003563182,0.0004254513
0.3866666667,0.0000675775,0.0003578374,0.0004254149
0.3868333333,0.0000660344,0.0003593446,0.0004253790
0.3870000000,0.0000645042,0.0003608395,0.0004253437
0.3871666667,0.0000629871,0.0003623218,0.0004253089
0.3873333333,0.0000614832,0.0003637914,0.0004252746
0.3875000000,0.0000599928,0.0003652480,0.0004252408
0.3876666667,0.0000585162,0.0003666916,0.0004252078
0.3878333333,0.0000570536,0.0003681221,0.0004251757
0.3880000000,0.0000556051,0.0003695394,0.0004251445
0.3881666667,0.0000541712,0.0003709431,0.0004251143
0.3883333333,0.0000527518,0.0003723330,0.0004250849
0.3885000000,0.0000513474,0.0003737089,0.0004250563
0.3886666667,0.0000499581,0.0003750706,0.0004250287
0.3888333333,0.0000485842,0.0003764180,0.0004250022
0.3890000000,0.0000472259,0.0003777510,0.0004249769
0.3891666667,0.0000458833,0.0003790693,0.0004249526
0.3893333333,0.0000445568,0.0003803724,0.0004249292
0.3895000000,0.0000432465,0.0003816600,0.0004249066
0.3896666667,0.0000419527,0.0003829319,0.0004248846
0.3898333333,0.0000406755,0.0003841878,0.0004248634
0.3900000000,0.0000394152,0.0003854278,0.0004248430
0.3901666667,0.0000381720,0.0003866514,0.0004248234
0.3903333333,0.0000369460,0.0003878584,0.0004248044
0.3905000000,0.0000357375,0.0003890483,0.0004247858
0.3906666667,0.0000345466,0.0003902209,0.0004247675
0.3908333333,0.0000333735,0.0003913761,0.0004247496
0.3910000000,0.0000322184,0.0003925138,0.0004247322
0.3911666667,0.0000310814,0.0003936340,0.0004247154
0.3913333333,0.0000299627,0.0003947364,0.0004246991
0.3915000000,0.0000288624,0.0003958208,0.0004246832
0.3916666667,0.0000277807,0.0003968870,0.0004246678
0.3918333333,0.0000267178,0.0003979350,0.0004246528
0.3920000000,0.0000256737,0.0003989646,0.0004246383
0.3921666667,0.0000246486,0.0003999759,0.0004246245
0.3923333333,0.0000236426,0.0004009689,0.0004246115
0.3925000000,0.0000226559,0.0004019432,0.0004245991
0.3926666667,0.0000216886,0.0004028988,0.0004245874
0.3928333333,0.0000207407,0.0004038355,0.0004245762
0.3930000000,0.0000198125,0.0004047531,0.0004245656
0.3931666667,0.0000189040,0.0004056516,0.0004245556
0.3933333333,0.0000180154,0.0004065308,0.0004245462
0.3935000000,0.0000171468,0.0004073905,0.0004245374
0.3936666667,0.0000162984,0.0004082307,0.0004245290
0.3938333333,0.0000154702,0.0004090510,0.0004245211
0.3940000000,0.0000146624,0.0004098512,0.0004245135
0.3941666667,0.0000138750,0.0004106312,0.0004245063
0.3943333333,0.0000131084,0.0004113910,0.0004244993
0.3945000000,0.0000123624,0.0004121303,0.0004244927
0.3946666667,0.0000116374,0.0004128490,0.0004244864
0.3948333333,0.0000109333,0.0004135471,0.0004244804
0.3950000000,0.0000102503,0.0004142244,0.0004244747
0.3951666667,0.0000095885,0.0004148808,0.0004244693
0.3953333333,0.0000089481,0.0004155161,0.0004244642
0.3955000000,0.0000083290,0.0004161304,0.0004244594
0.3956666667,0.0000077314,0.0004167236,0.0004244549
0.3958333333,0.0000071553,0.0004172956,0.0004244509
0.3960000000,0.0000066009,0.0004178463,0.0004244472
0.3961666667,0.0000060683,0.0004183756,0.0004244439
0.3963333333,0.0000055575,0.0004188833,0.0004244409
0.3965000000,0.0000050687,0.0004193694,0.0004244381
0.3966666667,0.0000046018,0.0004198337,0.0004244355
0.3968333333,0.0000041571,0.0004202762,0.0004244333
0.3970000000,0.0000037346,0.0004206967,0.0004244313
0.3971666667,0.0000033343,0.0004210952,0.0004244295
0.3973333333,0.0000029564,0.0004214714,0.0004244279
0.3975000000,0.0000026010,0.0004218253,0.0004244263
0.3976666667,0.0000022680,0.0004221568,0.0004244249
0.3978333333,0.0000019577,0.0004224659,0.0004244235
0.3980000000,0.0000016699,0.0004227524,0.0004244223
0.3981666667,0.0000014048,0.0004230165,0.0004244213
0.3983333333,0.0000011625,0.0004232578,0.0004244203
0.3985000000,0.0000009429,0.0004234765,0.0004244194
0.3986666667,0.0000007462,0.0004236724,0.0004244186
0.3988333333,0.0000005724,0.0004238455,0.0004244179
0.3990000000,0.0000004215,0.0004239958,0.0004244173
0.3991666667,0.0000002936,0.0004241231,0.0004244168
0.3993333333,0.0000001888,0.0004242275,0.0004244164
0.3995000000,0.0000001071,0.0004243089,0.0004244160
0.3996666667,0.0000000486,0.0004243672,0.0004244158
0.3998333333,0.0000000133,0.0004244023,0.0004244156
0.4000000000,0.0000000013,0.0004244143,0.0004244156
0.4001666667,0.0000000125,0.0004244031,0.0004244156
0.4003333333,0.0000000472,0.0004243687,0.0004244158
0.4005000000,0.0000001052,0.0004243110,0.0004244162
0.4006666667,0.0000001867,0.0004242301,0.0004244168
0.4008333333,0.0000002918,0.0004241260,0.0004244177
0.4010000000,0.0000004203,0.0004239986,0.0004244190
0.4011666667,0.0000005726,0.0004238480,0.0004244206
0.4013333333,0.0000007485,0.0004236741,0.0004244226
0.4015000000,0.0000009482,0.0004234770,0.0004244252
0.4016666667,0.0000011718,0.0004232566,0.0004244284
0.4018333333,0.0000014194,0.0004230129,0.0004244323
0.4020000000,0.0000016909,0.0004227461,0.0004244370
0.4021666667,0.0000019866,0.0004224560,0.0004244426
0.4023333333,0.0000023064,0.0004221428,0.0004244492
0.4025000000,0.0000026505,0.0004218064,0.0004244569
0.4026666667,0.0000030189,0.0004214470,0.0004244659
0.4028333333,0.0000034117,0.0004210646,0.0004244763
0.4030000000,0.0000038290,0.0004206593,0.0004244882
0.4031666667,0.0000042707,0.0004202312,0.0004245019
0.4033333333,0.0000047369,0.0004197804,0.0004245174
0.4035000000,0.0000052278,0.0004193071,0.0004245349
0.4036666667,0.0000057431,0.0004188114,0.0004245545
0.4038333333,0.0000062831,0.0004182933,0.0004245764
0.4040000000,0.0000068476,0.0004177530,0.0004246006
0.4041666667,0.0000074367,0.0004171907,0.0004246274
0.4043333333,0.0000080503,0.0004166063,0.0004246566
0.4045000000,0.0000086884,0.0004160001,0.0004246886
0.4046666667,0.0000093510,0.0004153721,0.0004247232
0.4048333333,0.0000100381,0.0004147223,0.0004247604
0.4050000000,0.0000107497,0.0004140507,0.0004248004
0.4051666667,0.0000114858,0.0004133574,0.0004248432
0.4053333333,0.0000122464,0.0004126424,0.0004248888
0.4055000000,0.0000130314,0.0004119059,0.0004249373
0.4056666667,0.0000138410,0.0004111477,0.0004249888
0.4058333333,0.0000146751,0.0004103680,0.0004250431
0.4060000000,0.0000155337,0.0004095666,0.0004251004
0.4061666667,0.0000164169,0.0004087437,0.0004251606
0.4063333333,0.0000173245,0.0004078993,0.0004252238
0.4065000000,0.0000182567,0.0004070335,0.0004252902
0.4066666667,0.0000192133,0.0004061463,0.0004253597
0.4068333333,0.0000201945,0.0004052378,0.0004254323
0.4070000000,0.0000212001,0.0004043080,0.0004255081
0.4071666667,0.0000222301,0.0004033569,0.0004255870
0.4073333333,0.0000232844,0.0004023848,0.0004256692
0.4075000000,0.0000243631,0.0004013918,0.0004257550
0.4076666667,0.0000254661,0.0004003782,0.0004258443
0.4078333333,0.0000265934,0.0003993441,0.0004259374
0.4080000000,0.0000277448,0.0003982896,0.0004260344
0.4081666667,0.0000289205,0.0003972150,0.0004261355
0.4083333333,0.0000301203,0.0003961205,0.0004262408
0.4085000000,0.0000313442,0.0003950066,0.0004263508
0.4086666667,0.0000325921,0.0003938733,0.0004264655
0.4088333333,0.0000338640,0.0003927210,0.0004265851
0.4090000000,0.0000351599,0.0003915498,0.0004267096
0.4091666667,0.0000364795,0.0003903597,0.0004268392
0.4093333333,0.0000378228,0.0003891511,0.0004269739
0.4095000000,0.0000391898,0.0003879240,0.0004271138
0.4096666667,0.0000405803,0.0003866785,0.0004272588
0.4098333333,0.0000419942,0.0003854147,0.0004274089
0.4100000000,0.0000434314,0.0003841325,0.0004275640
0.4101666667,0.0000448920,0.0003828321,0.0004277240
0.4103333333,0.0000463756,0.0003815134,0.0004278890
0.4105000000,0.0000478824,0.0003801766,0.0004280590
0.4106666667,0.0000494120,0.0003788219,0.0004282340
0.4108333333,0.0000509646,0.0003774494,0.0004284139
0.4110000000,0.0000525398,0.0003760591,0.0004285989
0.4111666667,0.0000541377,0.0003746513,0.0004287889
0.4113333333,0.0000557579,0.0003732262,0.0004289841
0.4115000000,0.0000574005,0.0003717841,0.0004291846
0.4116666667,0.0000590652,0.0003703253,0.0004293906
0.4118333333,0.0000607519,0.0003688501,0.0004296020
0.4120000000,0.0000624604,0.0003673586,0.0004298190
0.4121666667,0.0000641905,0.0003658512,0.0004300417
0.4123333333,0.0000659420,0.0003643283,0.0004302703
0.4125000000,0.0000677149,0.0003627901,0.0004305050
0.4126666667,0.0000695088,0.0003612372,0.0004307460
0.4128333333,0.0000713237,0.0003596698,0.0004309935
0.4130000000,0.0000731592,0.0003580882,0.0004312474
0.4131666667,0.0000750153,0.0003564927,0.0004315080
0.4133333333,0.0000768917,0.0003548837,0.0004317754
0.4135000000,0.0000787882,0.0003532615,0.0004320497
0.4136666667,0.0000807047,0.0003516262,0.0004323309
0.4138333333,0.0000826408,0.0003499780,0.0004326188
0.4140000000,0.0000845965,0.0003483169,0.0004329134
0.4141666667,0.0000865716,0.0003466429,0.0004332144
0.4143333333,0.0000885658,0.0003449561,0.0004335219
0.4145000000,0.0000905790,0.0003432566,0.0004338357
0.4146666667,0.0000926111,0.0003415446,0.0004341557
0.4148333333,0.0000946618,0.0003398202,0.0004344820
0.4150000000,0.0000967309,0.0003380836,0.0004348145
0.4151666667,0.0000988183,0.0003363350,0.0004351533
0.4153333333,0.0001009236,0.0003345751,0.0004354987
0.4155000000,0.0001030468,0.0003328041,0.0004358509
0.4156666667,0.0001051875,0.0003310227,0.0004362102
0.4158333333,0.0001073456,0.0003292312,0.0004365768
0.4160000000,0.0001095208,0.0003274300,0.0004369508
0.4161666667,0.0001117129,0.0003256195,0.0004373324
0.4163333333,0.0001139217,0.0003238001,0.0004377218
0.4165000000,0.0001161469,0.0003219721,0.0004381190
0.4166666667,0.0001183884,0.0003201357,0.0004385241
0.4168333333,0.0001206458,0.0003182911,0.0004389369
0.4170000000,0.0001229190,0.0003164382,0.0004393572
0.4171666667,0.0001252077,0.0003145773,0.0004397850
0.4173333333,0.0001275117,0.0003127085,0.0004402202
0.4175000000,0.0001298308,0.0003108320,0.0004406628
0.4176666667,0.0001321647,0.0003089480,0.0004411127
0.4178333333,0.0001345132,0.0003070566,0.0004415698
0.4180000000,0.0001368761,0.0003051579,0.0004420340
0.4181666667,0.0001392531,0.0003032521,0.0004425052
0.4183333333,0.0001416441,0.0003013397,0.0004429837
0.4185000000,0.0001440486,0.0002994210,0.0004434696
0.4186666667,0.0001464666,0.0002974963,0.0004439628
0.4188333333,0.0001488976,0.0002955658,0.0004444635
0.4190000000,0.0001513416,0.0002936299,0.0004449715
0.4191666667,0.0001537982,0.0002916888,0.0004454870
0.4193333333,0.0001562672,0.0002897429,0.0004460101
0.4195000000,0.0001587483,0.0002877926,0.0004465409
0.4196666667,0.0001612414,0.0002858382,0.0004470796
0.4198333333,0.0001637461,0.0002838799,0.0004476261
0.4200000000,0.0001662623,0.0002819179,0.0004481802
0.4201666667,0.0001687895,0.0002799522,0.0004487418
0.4203333333,0.0001713276,0.0002779830,0.0004493107
0.4205000000,0.0001738763,0.0002760103,0.0004498867
0.4206666667,0.0001764354,0.0002740342,0.0004504696
0.4208333333,0.0001790046,0.0002720544,0.0004510589
0.4210000000,0.0001815836,0.0002700708,0.0004516544
0.4211666667,0.0001841722,0.0002680834,0.0004522556
0.4213333333,0.0001867702,0.0002660923,0.0004528624
0.4215000000,0.0001893772,0.0002640976,0.0004534748
0.4216666667,0.0001919930,0.0002620996,0.0004540926
0.4218333333,0.0001946175,0.0002600985,0.0004547160
0.4220000000,0.0001972502,0.0002580947,0.0004553449
0.4221666667,0.0001998910,0.0002560884,0.0004559794
0.4223333333,0.0002025396,0.0002540799,0.0004566196
0.4225000000,0.0002051958,0.0002520697,0.0004572655
0.4226666667,0.0002078592,0.0002500577,0.0004579169
0.4228333333,0.0002105296,0.0002480440,0.0004585736
0.4230000000,0.0002132068,0.0002460284,0.0004592352
0.4231666667,0.0002158904,0.0002440110,0.0004599014
0.4233333333,0.0002185803,0.0002419917,0.0004605719
0.4235000000,0.0002212761,0.0002399703,0.0004612464
0.4236666667,0.0002239776,0.0002379469,0.0004619244
0.4238333333,0.0002266845,0.0002359213,0.0004626058
0.4240000000,0.0002293966,0.0002338937,0.0004632904
0.4241666667,0.0002321137,0.0002318645,0.0004639782
0.4243333333,0.0002348354,0.0002298343,0.0004646697
0.4245000000,0.0002375615,0.0002278037,0.0004653652
0.4246666667,0.0002402917,0.0002257730,0.0004660647
0.4248333333,0.0002430257,0.0002237426,0.0004667684
0.4250000000,0.0002457633,0.0002217130,0.0004674763
0.4251666667,0.0002485042,0.0002196846,0.0004681888
0.4253333333,0.0002512481,0.0002176580,0.0004689061
0.4255000000,0.0002539948,0.0002156337,0.0004696285
0.4256666667,0.0002567439,0.0002136119,0.0004703559
0.4258333333,0.0002594952,0.0002115928,0.0004710880
0.4260000000,0.0002622484,0.0002095763,0.0004718247
0.4261666667,0.0002650032,0.0002075627,0.0004725659
0.4263333333,0.0002677594,0.0002055525,0.0004733119
0.4265000000,0.0002705165,0.0002035462,0.0004740627
0.4266666667,0.0002732745,0.0002015440,0.0004748185
0.4268333333,0.0002760329,0.0001995460,0.0004755790
0.4270000000,0.0002787916,0.0001975523,0.0004763439
0.4271666667,0.0002815501,0.0001955630,0.0004771132
0.4273333333,0.0002843083,0.0001935787,0.0004778870
0.4275000000,0.0002870658,0.0001915998,0.0004786656
0.4276666667,0.0002898224,0.0001896267,0.0004794492
0.4278333333,0.0002925778,0.0001876597,0.0004802375
0.4280000000,0.0002953316,0.0001856987,0.0004810303
0.4281666667,0.0002980837,0.0001837437,0.0004818274
0.4283333333,0.0003008336,0.0001817949,0.0004826286
0.4285000000,0.0003035812,0.0001798527,0.0004834339
0.4286666667,0.0003063261,0.0001779171,0.0004842432
0.4288333333,0.0003090681,0.0001759880,0.0004850561
0.4290000000,0.0003118068,0.0001740654,0.0004858722
0.4291666667,0.0003145420,0.0001721488,0.0004866909
0.4293333333,0.0003172735,0.0001702384,0.0004875119
0.4295000000,0.0003200009,0.0001683345,0.0004883354
0.4296666667,0.0003227239,0.0001664376,0.0004891615
0.4298333333,0.0003254423,0.0001645484,0.0004899907
0.4300000000,0.0003281557,0.0001626672,0.0004908230
0.4301666667,0.0003308640,0.0001607948,0.0004916587
0.4303333333,0.0003335668,0.0001589314,0.0004924982
0.4305000000,0.0003362638,0.0001570779,0.0004933417
0.4306666667,0.0003389547,0.0001552347,0.0004941894
0.4308333333,0.0003416393,0.0001534022,0.0004950416
0.4310000000,0.0003443173,0.0001515808,0.0004958981
0.4311666667,0.0003469883,0.0001497703,0.0004967586
0.4313333333,0.0003496522,0.0001479706,0.0004976227
0.4315000000,0.0003523085,0.0001461816,0.0004984900
0.4316666667,0.0003549570,0.0001444031,0.0004993602
0.4318333333,0.0003575976,0.0001426355,0.0005002330
0.4320000000,0.0003602297,0.0001408789,0.0005011086
0.4321666667,0.0003628533,0.0001391338,0.0005019871
0.4323333333,0.0003654680,0.0001374007,0.0005028686
0.4325000000,0.0003680735,0.0001356797,0.0005037531
0.4326666667,0.0003706695,0.0001339710,0.0005046405
0.4328333333,0.0003732558,0.0001322749,0.0005055307
0.4330000000,0.0003758321,0.0001305917,0.0005064238
0.4331666667,0.0003783981,0.0001289216,0.0005073197
0.4333333333,0.0003809535,0.0001272648,0.0005082183
0.4335000000,0.0003834981,0.0001256212,0.0005091193
0.4336666667,0.0003860316,0.0001239906,0.0005100222
0.4338333333,0.0003885538,0.0001223729,0.0005109266
0.4340000000,0.0003910642,0.0001207682,0.0005118325
0.4341666667,0.0003935628,0.0001191773,0.0005127400
0.4343333333,0.0003960491,0.0001176008,0.0005136499
0.4345000000,0.0003985230,0.0001160393,0.0005145623
0.4346666667,0.0004009842,0.0001144931,0.0005154773
0.4348333333,0.0004034323,0.0001129624,0.0005163947
0.4350000000,0.0004058672,0.0001114474,0.0005173147
0.4351666667,0.0004082886,0.0001099487,0.0005182373
0.4353333333,0.0004106961,0.0001084668,0.0005191629
0.4355000000,0.0004130896,0.0001070020,0.0005200917
0.4356666667,0.0004154688,0.0001055544,0.0005210232
0.4358333333,0.0004178334,0.0001041233,0.0005219567
0.4360000000,0.0004201831,0.0001027085,0.0005228916
0.4361666667,0.0004225177,0.0001013099,0.0005238276
0.4363333333,0.0004248369,0.0000999279,0.0005247648
0.4365000000,0.0004271406,0.0000985628,0.0005257033
0.4366666667,0.0004294283,0.0000972148,0.0005266432
0.4368333333,0.0004317000,0.0000958839,0.0005275839
0.4370000000,0.0004339553,0.0000945698,0.0005285251
0.4371666667,0.0004361939,0.0000932729,0.0005294668
0.4373333333,0.0004384157,0.0000919937,0.0005304094
0.4375000000,0.0004406204,0.0000907332,0.0005313536
0.4376666667,0.0004428077,0.0000894922,0.0005322999
0.4378333333,0.0004449774,0.0000882707,0.0005332482
0.4380000000,0.0004471293,0.0000870688,0.0005341981
0.4381666667,0.0004492631,0.0000858864,0.0005351495
0.4383333333,0.0004513786,0.0000847235,0.0005361021
0.4385000000,0.0004534755,0.0000835806,0.0005370561
0.4386666667,0.0004555536,0.0000824580,0.0005380115
0.4388333333,0.0004576127,0.0000813554,0.0005389681
0.4390000000,0.0004596525,0.0000802727,0.0005399252
0.4391666667,0.0004616728,0.0000792095,0.0005408823
0.4393333333,0.0004636734,0.0000781660,0.0005418394
0.4395000000,0.0004656541,0.0000771426,0.0005427967
0.4396666667,0.0004676146,0.0000761401,0.0005437547
0.4398333333,0.0004695547,0.0000751588,0.0005447136
0.4400000000,0.0004714743,0.0000741990,0.0005456733
0.4401666667,0.0004733730,0.0000732606,0.0005466336
0.4403333333,0.0004752506,0.0000723435,0.0005475941
0.4405000000,0.0004771071,0.0000714477,0.0005485548
0.4406666667,0.0004789420,0.0000705734,0.0005495154
0.4408333333,0.0004807553,0.0000697207,0.0005504760
0.4410000000,0.0004825467,0.0000688899,0.0005514366
0.4411666667,0.0004843160,0.0000680808,0.0005523968
0.4413333333,0.0004860630,0.0000672938,0.0005533568
0.4415000000,0.0004877876,0.0000665290,0.0005543166
0.4416666667,0.0004894895,0.0000657871,0.0005552766
0.4418333333,0.0004911684,0.0000650686,0.0005562370
0.4420000000,0.0004928244,0.0000643739,0.0005571982
0.4421666667,0.0004944570,0.0000637031,0.0005581601
0.4423333333,0.0004960662,0.0000630563,0.0005591224
0.4425000000,0.0004976517,0.0000624328,0.0005600845
0.4426666667,0.0004992135,0.0000618323,0.0005610458
0.4428333333,0.0005007512,0.0000612546,0.0005620058
0.4430000000,0.0005022647,0.0000606996,0.0005629643
0.4431666667,0.0005037539,0.0000601674,0.0005639213
0.4433333333,0.0005052185,0.0000596585,0.0005648770
0.4435000000,0.0005066584,0.0000591730,0.0005658315
0.4436666667,0.0005080735,0.0000587114,0.0005667849
0.4438333333,0.0005094635,0.0000582740,0.0005677374
0.4440000000,0.0005108283,0.0000578613,0.0005686895
0.4441666667,0.0005121677,0.0000574739,0.0005696416
0.4443333333,0.0005134816,0.0000571123,0.0005705939
0.4445000000,0.0005147698,0.0000567764,0.0005715462
0.4446666667,0.0005160322,0.0000564657,0.0005724978
0.4448333333,0.0005172686,0.0000561796,0.0005734482
0.4450000000,0.0005184788,0.0000559180,0.0005743968
0.4451666667,0.0005196628,0.0000556807,0.0005753435
0.4453333333,0.0005208203,0.0000554682,0.0005762885
0.4455000000,0.0005219513,0.0000552806,0.0005772319
0.4456666667,0.0005230556,0.0000551179,0.0005781735
0.4458333333,0.0005241330,0.0000549801,0.0005791131
0.4460000000,0.0005251835,0.0000548672,0.0005800507
0.4461666667,0.0005262069,0.0000547796,0.0005809864
0.4463333333,0.0005272030,0.0000547178,0.0005819209
0.4465000000,0.0005281719,0.0000546824,0.0005828543
0.4466666667,0.0005291132,0.0000546733,0.0005837865
0.4468333333,0.0005300270,0.0000546902,0.0005847172
0.4470000000,0.0005309131,0.0000547327,0.0005856458
0.4471666667,0.0005317713,0.0000548010,0.0005865723
0.4473333333,0.0005326017,0.0000548952,0.0005874969
0.4475000000,0.0005334041,0.0000550157,0.0005884197
0.4476666667,0.0005341783,0.0000551624,0.0005893407
0.4478333333,0.0005349243,0.0000553352,0.0005902595
0.4480000000,0.0005356420,0.0000555338,0.0005911758
0.4481666667,0.0005363312,0.0000557580,0.0005920893
0.4483333333,0.0005369920,0.0000560082,0.0005930002
0.4485000000,0.0005376242,0.0000562847,0.0005939089
0.4486666667,0.0005382278,0.0000565878,0.0005948156
0.4488333333,0.0005388026,0.0000569175,0.0005957200
0.4490000000,0.0005393485,0.0000572733,0.0005966218
0.4491666667,0.0005398656,0.0000576552,0.0005975207
0.4493333333,0.0005403536,0.0000580631,0.0005984167
0.4495000000,0.0005408127,0.0000584974,0.0005993101
0.4496666667,0.0005412426,0.0000589584,0.0006002010
0.4498333333,0.0005416434,0.0000594459,0.0006010893
0.4500000000,0.0005420150,0.0000599599,0.0006019749
0.4501666667,0.0005423572,0.0000605003,0.0006028575
0.4503333333,0.0005426701,0.0000610672,0.0006037373
0.4505000000,0.0005429537,0.0000616609,0.0006046146
0.4506666667,0.0005432078,0.0000622815,0.0006054893
0.4508333333,0.0005434325,0.0000629289,0.0006063614
0.4510000000,0.0005436276,0.0000636027,0.0006072304
0.4511666667,0.0005437933,0.0000643025,0.0006080958
0.4513333333,0.0005439293,0.0000650281,0.0006089574
0.4515000000,0.0005440357,0.0000657793,0.0006098150
0.4516666667,0.0005441125,0.0000665565,0.0006106689
0.4518333333,0.0005441596,0.0000673596,0.0006115193
0.4520000000,0.0005441771,0.0000681891,0.0006123662
0.4521666667,0.0005441649,0.0000690451,0.0006132100
0.4523333333,0.0005441229,0.0000699279,0.0006140508
0.4525000000,0.0005440513,0.0000708377,0.0006148889
0.4526666667,0.0005439499,0.0000717745,0.0006157244
0.4528333333,0.0005438188,0.0000727381,0.0006165569
0.4530000000,0.0005436580,0.0000737280,0.0006173860
0.4531666667,0.0005434675,0.0000747437,0.0006182112
0.4533333333,0.0005432473,0.0000757846,0.0006190319
0.4535000000,0.0005429973,0.0000768507,0.0006198480
0.4536666667,0.0005427177,0.0000779418,0.0006206595
0.4538333333,0.0005424084,0.0000790580,0.0006214665
0.4540000000,0.0005420695,0.0000801998,0.0006222693
0.4541666667,0.0005417009,0.0000813675,0.0006230684
0.4543333333,0.0005413027,0.0000825614,0.0006238641
0.4545000000,0.0005408750,0.0000837818,0.0006246568
0.4546666667,0.0005404177,0.0000850285,0.0006254462
0.4548333333,0.0005399310,0.0000863012,0.0006262322
0.4550000000,0.0005394148,0.0000875994,0.0006270142
0.4551666667,0.0005388691,0.0000889228,0.0006277919
0.4553333333,0.0005382941,0.0000902709,0.0006285650
0.4555000000,0.0005376898,0.0000916435,0.0006293333
0.4556666667,0.0005370563,0.0000930405,0.0006300968
0.4558333333,0.0005363935,0.0000944620,0.0006308555
0.4560000000,0.0005357016,0.0000959080,0.0006316096
0.4561666667,0.0005349806,0.0000973788,0.0006323594
0.4563333333,0.0005342306,0.0000988747,0.0006331052
0.4565000000,0.0005334516,0.0001003956,0.0006338472
0.4566666667,0.0005326438,0.0001019414,0.0006345852
0.4568333333,0.0005318072,0.0001035117,0.0006353188
0.4570000000,0.0005309419,0.0001051060,0.0006360479
0.4571666667,0.0005300479,0.0001067242,0.0006367722
0.4573333333,0.0005291255,0.0001083663,0.0006374917
0.4575000000,0.0005281745,0.0001100321,0.0006382066
0.4576666667,0.0005271953,0.0001117216,0.0006389168
0.4578333333,0.0005261877,0.0001134345,0.0006396223
0.4580000000,0.0005251520,0.0001151709,0.0006403230
0.4581666667,0.0005240883,0.0001169306,0.0006410189
0.4583333333,0.0005229966,0.0001187137,0.0006417103
0.4585000000,0.0005218771,0.0001205200,0.0006423971
0.4586666667,0.0005207299,0.0001223493,0.0006430791
0.4588333333,0.0005195550,0.0001242011,0.0006437562
0.4590000000,0.0005183527,0.0001260753,0.0006444280
0.4591666667,0.0005171230,0.0001279716,0.0006450946
0.4593333333,0.0005158661,0.0001298903,0.0006457564
0.4595000000,0.0005145821,0.0001318314,0.0006464134
0.4596666667,0.0005132711,0.0001337948,0.0006470658
0.4598333333,0.0005119332,0.0001357803,0.0006477135
0.4600000000,0.0005105687,0.0001377875,0.0006483562
0.4601666667,0.0005091776,0.0001398162,0.0006489938
0.4603333333,0.0005077601,0.0001418664,0.0006496265
0.4605000000,0.0005063164,0.0001439378,0.0006502542
0.4606666667,0.0005048465,0.0001460303,0.0006508768
0.4608333333,0.0005033507,0.0001481433,0.0006514940
0.4610000000,0.0005018291,0.0001502766,0.0006521056
0.4611666667,0.0005002818,0.0001524299,0.0006527117
0.4613333333,0.0004987091,0.0001546034,0.0006533125
0.4615000000,0.0004971111,0.0001567972,0.0006539083
0.4616666667,0.0004954880,0.0001590113,0.0006544993
0.4618333333,0.0004938398,0.0001612455,0.0006550853
0.4620000000,0.0004921669,0.0001634994,0.0006556664
0.4621666667,0.0004904694,0.0001657728,0.0006562423
0.4623333333,0.0004887475,0.0001680655,0.0006568131
0.4625000000,0.0004870014,0.0001703774,0.0006573788
0.4626666667,0.0004852312,0.0001727081,0.0006579392
0.4628333333,0.0004834371,0.0001750571,0.0006584942
0.4630000000,0.0004816194,0.0001774239,0.0006590433
0.4631666667,0.0004797782,0.0001798082,0.0006595864
0.4633333333,0.0004779138,0.0001822100,0.0006601238
0.4635000000,0.0004760262,0.0001846296,0.0006606558
0.4636666667,0.0004741159,0.0001870669,0.0006611828
0.4638333333,0.0004721828,0.0001895221,0.0006617049
0.4640000000,0.0004702273,0.0001919948,0.0006622221
0.4641666667,0.0004682496,0.0001944846,0.0006627343
0.4643333333,0.0004662499,0.0001969914,0.0006632413
0.4645000000,0.0004642284,0.0001995147,0.0006637431
0.4646666667,0.0004621854,0.0002020541,0.0006642395
0.4648333333,0.0004601210,0.0002046090,0.0006647300
0.4650000000,0.0004580355,0.0002071791,0.0006652146
0.4651666667,0.0004559291,0.0002097639,0.0006656930
0.4653333333,0.0004538020,0.0002123635,0.0006661655
0.4655000000,0.0004516545,0.0002149780,0.0006666326
0.4656666667,0.0004494869,0.0002176077,0.0006670946
0.4658333333,0.0004472993,0.0002202526,0.0006675519
0.4660000000,0.0004450920,0.0002229124,0.0006680043
0.4661666667,0.0004428652,0.0002255866,0.0006684518
0.4663333333,0.0004406193,0.0002282747,0.0006688940
0.4665000000,0.0004383544,0.0002309762,0.0006693306
0.4666666667,0.0004360708,0.0002336907,0.0006697615
0.4668333333,0.0004337687,0.0002364177,0.0006701864
0.4670000000,0.0004314485,0.0002391568,0.0006706053
0.4671666667,0.0004291103,0.0002419081,0.0006710184
0.4673333333,0.0004267545,0.0002446715,0.0006714260
0.4675000000,0.0004243813,0.0002474471,0.0006718284
0.4676666667,0.0004219909,0.0002502350,0.0006722259
0.4678333333,0.0004195837,0.0002530348,0.0006726184
0.4680000000,0.0004171598,0.0002558461,0.0006730059
0.4681666667,0.0004147197,0.0002586684,0.0006733881
0.4683333333,0.0004122635,0.0002615013,0.0006737648
0.4685000000,0.0004097915,0.0002643443,0.0006741358
0.4686666667,0.0004073041,0.0002671971,0.0006745012
0.4688333333,0.0004048014,0.0002700594,0.0006748608
0.4690000000,0.0004022838,0.0002729310,0.0006752148
0.4691666667,0.0003997516,0.0002758119,0.0006755635
0.4693333333,0.0003972050,0.0002787021,0.0006759071
0.4695000000,0.0003946444,0.0002816014,0.0006762458
0.4696666667,0.0003920700,0.0002845094,0.0006765794
0.4698333333,0.0003894821,0.0002874256,0.0006769077
0.4700000000,0.0003868810,0.0002903495,0.0006772306
0.4701666667,0.0003842671,0.0002932807,0.0006775478
0.4703333333,0.0003816406,0.0002962191,0.0006778597
0.4705000000,0.0003790018,0.0002991645,0.0006781663
0.4706666667,0.0003763510,0.0003021167,0.0006784677
0.4708333333,0.0003736885,0.0003050755,0.0006787640
0.4710000000,0.0003710147,0.0003080405,0.0006790552
0.4711666667,0.0003683298,0.0003110114,0.0006793413
0.4713333333,0.0003656342,0.0003139881,0.0006796223
0.4715000000,0.0003629281,0.0003169701,0.0006798982
0.4716666667,0.0003602119,0.0003199571,0.0006801690
0.4718333333,0.0003574859,0.0003229486,0.0006804344
0.4720000000,0.0003547503,0.0003259440,0.0006806943
0.4721666667,0.0003520056,0.0003289432,0.0006809489
0.4723333333,0.0003492521,0.0003319463,0.0006811984
0.4725000000,0.0003464899,0.0003349533,0.0006814432
0.4726666667,0.0003437196,0.0003379639,0.0006816835
0.4728333333,0.0003409413,0.0003409778,0.0006819191
0.4730000000,0.0003381555,0.0003439943,0.0006821498
0.4731666667,0.0003353624,0.0003470129,0.0006823753
0.4733333333,0.0003325624,0.0003500332,0.0006825957
0.4735000000,0.0003297558,0.0003530551,0.0006828109
0.4736666667,0.0003269429,0.0003560782,0.0006830211
0.4738333333,0.0003241241,0.0003591023,0.0006832264
0.4740000000,0.0003212997,0.0003621270,0.0006834267
0.4741666667,0.0003184699,0.0003651522,0.0006836221
0.4743333333,0.0003156352,0.0003681777,0.0006838129
0.4745000000,0.0003127959,0.0003712034,0.0006839994
0.4746666667,0.0003099524,0.0003742291,0.0006841815
0.4748333333,0.0003071048,0.0003772544,0.0006843592
0.4750000000,0.0003042537,0.0003802785,0.0006845322
0.4751666667,0.0003013993,0.0003833010,0.0006847003
0.4753333333,0.0002985420,0.0003863214,0.0006848634
0.4755000000,0.0002956820,0.0003893396,0.0006850216
0.4756666667,0.0002928198,0.0003923554,0.0006851752
0.4758333333,0.0002899557,0.0003953686,0.0006853243
0.4760000000,0.0002870900,0.0003983790,0.0006854690
0.4761666667,0.0002842230,0.0004013863,0.0006856094
0.4763333333,0.0002813552,0.0004043904,0.0006857455
0.4765000000,0.0002784868,0.0004073908,0.0006858776
0.4766666667,0.0002756181,0.0004103873,0.0006860055
0.4768333333,0.0002727497,0.0004133795,0.0006861292
0.4770000000,0.0002698816,0.0004163669,0.0006862485
0.4771666667,0.0002670144,0.0004193490,0.0006863634
0.4773333333,0.0002641484,0.0004223254,0.0006864738
0.4775000000,0.0002612838,0.0004252958,0.0006865797
0.4776666667,0.0002584211,0.0004282602,0.0006866813
0.4778333333,0.0002555606,0.0004312183,0.0006867789
0.4780000000,0.0002527026,0.0004341700,0.0006868726
0.4781666667,0.0002498475,0.0004371150,0.0006869626
0.4783333333,0.0002469957,0.0004400532,0.0006870489
0.4785000000,0.0002441474,0.0004429841,0.0006871314
0.4786666667,0.0002413030,0.0004459072,0.0006872102
0.4788333333,0.0002384629,0.0004488221,0.0006872849
0.4790000000,0.0002356273,0.0004517283,0.0006873556
0.4791666667,0.0002327968,0.0004546255,0.0006874222
0.4793333333,0.0002299715,0.0004575135,0.0006874849
0.4795000000,0.0002271518,0.0004603920,0.0006875439
0.4796666667,0.0002243382,0.0004632610,0.0006875991
0.4798333333,0.0002215308,0.0004661201,0.0006876509
0.4800000000,0.0002187301,0.0004689691,0.0006876993
0.4801666667,0.0002159365,0.0004718079,0.0006877444
0.4803333333,0.0002131502,0.0004746362,0.0006877864
0.4805000000,0.0002103716,0.0004774535,0.0006878250
0.4806666667,0.0002076010,0.0004802592,0.0006878602
0.4808333333,0.0002048388,0.0004830528,0.0006878916
0.4810000000,0.0002020854,0.0004858340,0.0006879193
0.4811666667,0.0001993410,0.0004886026,0.0006879436
0.4813333333,0.0001966059,0.0004913587,0.0006879646
0.4815000000,0.0001938807,0.0004941021,0.0006879828
0.4816666667,0.0001911655,0.0004968327,0.0006879981
0.4818333333,0.0001884607,0.0004995499,0.0006880106
0.4820000000,0.0001857667,0.0005022534,0.0006880200
0.4821666667,0.0001830838,0.0005049427,0.0006880264
0.4823333333,0.0001804122,0.0005076176,0.0006880299
0.4825000000,0.0001777525,0.0005102779,0.0006880304
0.4826666667,0.0001751048,0.0005129232,0.0006880280
0.4828333333,0.0001724696,0.0005155531,0.0006880227
0.4830000000,0.0001698471,0.0005181673,0.0006880144
0.4831666667,0.0001672377,0.0005207657,0.0006880034
0.4833333333,0.0001646418,0.0005233482,0.0006879900
0.4835000000,0.0001620595,0.0005259147,0.0006879742
0.4836666667,0.0001594913,0.0005284648,0.0006879562
0.4838333333,0.0001569376,0.0005309981,0.0006879357
0.4840000000,0.0001543985,0.0005335140,0.0006879126
0.4841666667,0.0001518745,0.0005360122,0.0006878867
0.4843333333,0.0001493659,0.0005384925,0.0006878583
0.4845000000,0.0001468729,0.0005409548,0.0006878278
0.4846666667,0.0001443960,0.0005433992,0.0006877952
0.4848333333,0.0001419353,0.0005458253,0.0006877607
0.4850000000,0.0001394914,0.0005482327,0.0006877241
0.4851666667,0.0001370643,0.0005506210,0.0006876853
0.4853333333,0.0001346546,0.0005529898,0.0006876444
0.4855000000,0.0001322624,0.0005553390,0.0006876014
0.4856666667,0.0001298881,0.0005576685,0.0006875566
0.4858333333,0.0001275320,0.0005599779,0.0006875099
0.4860000000,0.0001251944,0.0005622670,0.0006874614
0.4861666667,0.0001228756,0.0005645354,0.0006874110
0.4863333333,0.0001205759,0.0005667830,0.0006873590
0.4865000000,0.0001182957,0.0005690097,0.0006873054
0.4866666667,0.0001160351,0.0005712153,0.0006872505
0.4868333333,0.0001137946,0.0005733995,0.0006871941
0.4870000000,0.0001115744,0.0005755619,0.0006871362
0.4871666667,0.0001093747,0.0005777020,0.0006870767
0.4873333333,0.0001071960,0.0005798195,0.0006870155
0.4875000000,0.0001050385,0.0005819144,0.0006869528
0.4876666667,0.0001029024,0.0005839866,0.0006868890
0.4878333333,0.0001007881,0.0005860361,0.0006868242
0.4880000000,0.0000986958,0.0005880626,0.0006867584
0.4881666667,0.0000966258,0.0005900659,0.0006866918
0.4883333333,0.0000945785,0.0005920455,0.0006866240
0.4885000000,0.0000925540,0.0005940012,0.0006865552
0.4886666667,0.0000905527,0.0005959327,0.0006864853
0.4888333333,0.0000885748,0.0005978397,0.0006864145
0.4890000000,0.0000866205,0.0005997222,0.0006863427
0.4891666667,0.0000846902,0.0006015800,0.0006862702
0.4893333333,0.0000827841,0.0006034128,0.0006861969
0.4895000000,0.0000809025,0.0006052206,0.0006861231
0.4896666667,0.0000790456,0.0006070032,0.0006860488
0.4898333333,0.0000772136,0.0006087605,0.0006859741
0.4900000000,0.0000754069,0.0006104922,0.0006858991
0.4901666667,0.0000736256,0.0006121981,0.0006858237
0.4903333333,0.0000718700,0.0006138778,0.0006857478
0.4905000000,0.0000701403,0.0006155311,0.0006856714
0.4906666667,0.0000684367,0.0006171579,0.0006855946
0.4908333333,0.0000667594,0.0006187581,0.0006855175
0.4910000000,0.0000651087,0.0006203316,0.0006854403
0.4911666667,0.0000634847,0.0006218785,0.0006853632
0.4913333333,0.0000618877,0.0006233986,0.0006852863
0.4915000000,0.0000603178,0.0006248917,0.0006852095
0.4916666667,0.0000587752,0.0006263576,0.0006851328
0.4918333333,0.0000572602,0.0006277960,0.0006850562
0.4920000000,0.0000557727,0.0006292069,0.0006849797
0.4921666667,0.0000543131,0.0006305902,0.0006849034
0.4923333333,0.0000528815,0.0006319459,0.0006848274
0.4925000000,0.0000514780,0.0006332737,0.0006847517
0.4926666667,0.0000501027,0.0006345737,0.0006846765
0.4928333333,0.0000487559,0.0006358458,0.0006846017
0.4930000000,0.0000474377,0.0006370899,0.0006845276
0.4931666667,0.0000461481,0.0006383060,0.0006844541
0.4933333333,0.0000448875,0.0006394940,0.0006843814
0.4935000000,0.0000436558,0.0006406538,0.0006843095
0.4936666667,0.0000424532,0.0006417851,0.0006842383
0.4938333333,0.0000412799,0.0006428880,0.0006841679
0.4940000000,0.0000401360,0.0006439621,0.0006840982
0.4941666667,0.0000390217,0.0006450076,0.0006840294
0.4943333333,0.0000379371,0.0006460245,0.0006839616
0.4945000000,0.0000368823,0.0006470127,0.0006838950
0.4946666667,0.0000358575,0.0006479720,0.0006838295
0.4948333333,0.0000348628,0.0006489025,0.0006837653
0.4950000000,0.0000338983,0.0006498039,0.0006837022
0.4951666667,0.0000329642,0.0006506762,0.0006836404
0.4953333333,0.0000320606,0.0006515194,0.0006835799
0.4955000000,0.0000311876,0.0006523333,0.0006835209
0.4956666667,0.0000303452,0.0006531181,0.0006834633
0.4958333333,0.0000295337,0.0006538734,0.0006834071
0.4960000000,0.0000287531,0.0006545994,0.0006833524
0.4961666667,0.0000280035,0.0006552959,0.0006832994
0.4963333333,0.0000272849,0.0006559631,0.0006832480
0.4965000000,0.0000265975,0.0006566008,0.0006831984
0.4966666667,0.0000259414,0.0006572092,0.0006831506
0.4968333333,0.0000253166,0.0006577881,0.0006831047
0.4970000000,0.0000247232,0.0006583373,0.0006830606
0.4971666667,0.0000241614,0.0006588570,0.0006830184
0.4973333333,0.0000236311,0.0006593469,0.0006829781
0.4975000000,0.0000231326,0.0006598073,0.0006829399
0.4976666667,0.0000226657,0.0006602380,0.0006829037
0.4978333333,0.0000222307,0.0006606390,0.0006828698
0.4980000000,0.0000218276,0.0006610104,0.0006828380
0.4981666667,0.0000214565,0.0006613520,0.0006828085
0.4983333333,0.0000211174,0.0006616639,0.0006827813
0.4985000000,0.0000208104,0.0006619460,0.0006827564
0.4986666667,0.0000205356,0.0006621984,0.0006827340
0.4988333333,0.0000202929,0.0006624211,0.0006827140
0.4990000000,0.0000200825,0.0006626140,0.0006826965
0.4991666667,0.0000199043,0.0006627772,0.0006826815
0.4993333333,0.0000197585,0.0006629106,0.0006826691
0.4995000000,0.0000196451,0.0006630143,0.0006826594
0.4996666667,0.0000195642,0.0006630882,0.0006826524
0.4998333333,0.0000195157,0.0006631325,0.0006826481
0.5000000000,0.0000194998,0.0006631469,0.0006826467
0.5001666667,0.0000195165,0.0006631316,0.0006826481
0.5003333333,0.0000195659,0.0006630865,0.0006826524
0.5005000000,0.0000196480,0.0006630117,0.0006826596
0.5006666667,0.0000197629,0.0006629070,0.0006826699
0.5008333333,0.0000199107,0.0006627725,0.0006826832
0.5010000000,0.0000200914,0.0006626081,0.0006826995
0.5011666667,0.0000203052,0.0006624138,0.0006827190
0.5013333333,0.0000205520,0.0006621897,0.0006827417
0.5015000000,0.0000208320,0.0006619356,0.0006827676
0.5016666667,0.0000211452,0.0006616516,0.0006827967
0.5018333333,0.0000214918,0.0006613375,0.0006828292
0.5020000000,0.0000218718,0.0006609933,0.0006828651
0.5021666667,0.0000222854,0.0006606190,0.0006829044
0.5023333333,0.0000227327,0.0006602144,0.0006829471
0.5025000000,0.0000232137,0.0006597796,0.0006829933
0.5026666667,0.0000237286,0.0006593145,0.0006830431
0.5028333333,0.0000242774,0.0006588189,0.0006830964
0.5030000000,0.0000248604,0.0006582929,0.0006831533
0.5031666667,0.0000254775,0.0006577364,0.0006832139
0.5033333333,0.0000261288,0.0006571494,0.0006832782
0.5035000000,0.0000268144,0.0006565320,0.0006833463
0.5036666667,0.0000275343,0.0006558840,0.0006834183
0.5038333333,0.0000282886,0.0006552054,0.0006834940
0.5040000000,0.0000290774,0.0006544962,0.0006835735
0.5041666667,0.0000299006,0.0006537563,0.0006836570
0.5043333333,0.0000307584,0.0006529859,0.0006837443
0.5045000000,0.0000316507,0.0006521849,0.0006838356
0.5046666667,0.0000325775,0.0006513535,0.0006839311
0.5048333333,0.0000335389,0.0006504917,0.0006840306
0.5050000000,0.0000345348,0.0006495995,0.0006841343
0.5051666667,0.0000355653,0.0006486769,0.0006842422
0.5053333333,0.0000366303,0.0006477239,0.0006843542
0.5055000000,0.0000377298,0.0006467404,0.0006844703
0.5056666667,0.0000388640,0.0006457266,0.0006845906
0.5058333333,0.0000400327,0.0006446825,0.0006847152
0.5060000000,0.0000412360,0.0006436081,0.0006848440
0.5061666667,0.0000424739,0.0006425035,0.0006849773
0.5063333333,0.0000437464,0.0006413687,0.0006851151
0.5065000000,0.0000450536,0.0006402038,0.0006852573
0.5066666667,0.0000463954,0.0006390087,0.0006854041
0.5068333333,0.0000477717,0.0006377836,0.0006855553
0.5070000000,0.0000491827,0.0006365283,0.0006857110
0.5071666667,0.0000506281,0.0006352430,0.0006858711
0.5073333333,0.0000521081,0.0006339275,0.0006860357
0.5075000000,0.0000536225,0.0006325822,0.0006862048
0.5076666667,0.0000551714,0.0006312072,0.0006863786
0.5078333333,0.0000567545,0.0006298027,0.0006865573
0.5080000000,0.0000583720,0.0006283688,0.0006867408
0.5081666667,0.0000600237,0.0006269055,0.0006869291
0.5083333333,0.0000617095,0.0006254126,0.0006871222
0.5085000000,0.0000634295,0.0006238903,0.0006873198
0.5086666667,0.0000651835,0.0006223386,0.0006875221
0.5088333333,0.0000669715,0.0006207577,0.0006877292
0.5090000000,0.0000687934,0.0006191477,0.0006879412
0.5091666667,0.0000706492,0.0006175089,0.0006881581
0.5093333333,0.0000725388,0.0006158412,0.0006883800
0.5095000000,0.0000744620,0.0006141449,0.0006886069
0.5096666667,0.0000764189,0.0006124200,0.0006888389
0.5098333333,0.0000784092,0.0006106667,0.0006890758
0.5100000000,0.0000804329,0.0006088849,0.0006893178
0.5101666667,0.0000824898,0.0006070749,0.0006895647
0.5103333333,0.0000845798,0.0006052366,0.0006898165
0.5105000000,0.0000867028,0.0006033703,0.0006900732
0.5106666667,0.0000888587,0.0006014762,0.0006903349
0.5108333333,0.0000910472,0.0005995547,0.0006906019
0.5110000000,0.0000932683,0.0005976060,0.0006908742
0.5111666667,0.0000955217,0.0005956302,0.0006911519
0.5113333333,0.0000978074,0.0005936274,0.0006914348
0.5115000000,0.0001001252,0.0005915975,0.0006917227
0.5116666667,0.0001024748,0.0005895408,0.0006920156
0.5118333333,0.0001048562,0.0005874574,0.0006923136
0.5120000000,0.0001072691,0.0005853477,0.0006926168
0.5121666667,0.0001097132,0.0005832121,0.0006929253
0.5123333333,0.0001121884,0.0005810508,0.0006932392
0.5125000000,0.0001146945,0.0005788639,0.0006935584
0.5126666667,0.0001172311,0.0005766518,0.0006938829
0.5128333333,0.0001197981,0.0005744146,0.0006942128
0.5130000000,0.0001223953,0.0005721527,0.0006945480
0.5131666667,0.0001250224,0.0005698661,0.0006948885
0.5133333333,0.0001276792,0.0005675552,0.0006952344
0.5135000000,0.0001303655,0.0005652199,0.0006955854
0.5136666667,0.0001330810,0.0005628606,0.0006959416
0.5138333333,0.0001358255,0.0005604776,0.0006963032
0.5140000000,0.0001385988,0.0005580714,0.0006966703
0.5141666667,0.0001414006,0.0005556423,0.0006970429
0.5143333333,0.0001442307,0.0005531904,0.0006974211
0.5145000000,0.0001470888,0.0005507159,0.0006978047
0.5146666667,0.0001499747,0.0005482188,0.0006981935
0.5148333333,0.0001528881,0.0005456995,0.0006985876
0.5150000000,0.0001558288,0.0005431583,0.0006989871
0.5151666667,0.0001587966,0.0005405955,0.0006993921
0.5153333333,0.0001617911,0.0005380114,0.0006998025
0.5155000000,0.0001648121,0.0005354062,0.0007002183
0.5156666667,0.0001678593,0.0005327802,0.0007006395
0.5158333333,0.0001709326,0.0005301337,0.0007010662
0.5160000000,0.0001740314,0.0005274670,0.0007014984
0.5161666667,0.0001771557,0.0005247805,0.0007019362
0.5163333333,0.0001803050,0.0005220744,0.0007023794
0.5165000000,0.0001834791,0.0005193488,0.0007028280
0.5166666667,0.0001866777,0.0005166041,0.0007032818
0.5168333333,0.0001899004,0.0005138405,0.0007037409
0.5170000000,0.0001931470,0.0005110585,0.0007042055
0.5171666667,0.0001964172,0.0005082584,0.0007046756
0.5173333333,0.0001997106,0.0005054408,0.0007051514
0.5175000000,0.0002030270,0.0005026056,0.0007056326
0.5176666667,0.0002063661,0.0004997531,0.0007061192
0.5178333333,0.0002097275,0.0004968835,0.0007066111
0.5180000000,0.0002131110,0.0004939973,0.0007071083
0.5181666667,0.0002165162,0.0004910947,0.0007076109
0.5183333333,0.0002199428,0.0004881762,0.0007081190
0.5185000000,0.0002233904,0.0004852420,0.0007086324
0.5186666667,0.0002268587,0.0004822925,0.0007091513
0.5188333333,0.0002303475,0.0004793280,0.0007096754
0.5190000000,0.0002338563,0.0004763488,0.0007102050
0.5191666667,0.0002373848,0.0004733553,0.0007107401
0.5193333333,0.0002409327,0.0004703478,0.0007112805
0.5195000000,0.0002444996,0.0004673266,0.0007118262
0.5196666667,0.0002480852,0.0004642920,0.0007123771
0.5198333333,0.0002516891,0.0004612442,0.0007129332
0.5200000000,0.0002553109,0.0004581837,0.0007134946
0.5201666667,0.0002589504,0.0004551110,0.0007140614
0.5203333333,0.0002626071,0.0004520265,0.0007146336
0.5205000000,0.0002662808,0.0004489303,0.0007152111
0.5206666667,0.0002699710,0.0004458229,0.0007157938
0.5208333333,0.0002736774,0.0004427043,0.0007163816
0.5210000000,0.0002773996,0.0004395750,0.0007169746
0.5211666667,0.0002811373,0.0004364354,0.0007175727
0.5213333333,0.0002848901,0.0004332860,0.0007181760
0.5215000000,0.0002886575,0.0004301271,0.0007187846
0.5216666667,0.0002924393,0.0004269591,0.0007193984
0.5218333333,0.0002962350,0.0004237823,0.0007200173
0.5220000000,0.0003000442,0.0004205971,0.0007206413
0.5221666667,0.0003038666,0.0004174037,0.0007212703
0.5223333333,0.0003077018,0.0004142025,0.0007219043
0.5225000000,0.0003115495,0.0004109938,0.0007225433
0.5226666667,0.0003154091,0.0004077781,0.0007231873
0.5228333333,0.0003192805,0.0004045559,0.0007238364
0.5230000000,0.0003231630,0.0004013275,0.0007244905
0.5231666667,0.0003270565,0.0003980933,0.0007251498
0.5233333333,0.0003309603,0.0003948536,0.0007258139
0.5235000000,0.0003348742,0.0003916086,0.0007264829
0.5236666667,0.0003387978,0.0003883588,0.0007271566
0.5238333333,0.0003427306,0.0003851044,0.0007278350
0.5240000000,0.0003466723,0.0003818459,0.0007285182
0.5241666667,0.0003506224,0.0003785839,0.0007292063
0.5243333333,0.0003545805,0.0003753187,0.0007298993
0.5245000000,0.0003585463,0.0003720508,0.0007305971
0.5246666667,0.0003625194,0.0003687805,0.0007312999
0.5248333333,0.0003664992,0.0003655081,0.0007320073
0.5250000000,0.0003704854,0.0003622338,0.0007327193
0.5251666667,0.0003744777,0.0003589580,0.0007334357
0.5253333333,0.0003784755,0.0003556809,0.0007341564
0.5255000000,0.0003824785,0.0003524031,0.0007348815
0.5256666667,0.0003864862,0.0003491252,0.0007356114
0.5258333333,0.0003904983,0.0003458478,0.0007363461
0.5260000000,0.0003945142,0.0003425714,0.0007370856
0.5261666667,0.0003985337,0.0003392960,0.0007378297
0.5263333333,0.0004025562,0.0003360219,0.0007385781
0.5265000000,0.0004065814,0.0003327490,0.0007393304
0.5266666667,0.0004106088,0.0003294779,0.0007400867
0.5268333333,0.0004146380,0.0003262092,0.0007408472
0.5270000000,0.0004186686,0.0003229435,0.0007416121
0.5271666667,0.0004227002,0.0003196814,0.0007423816
0.5273333333,0.0004267323,0.0003164233,0.0007431556
0.5275000000,0.0004307645,0.0003131693,0.0007439338
0.5276666667,0.0004347963,0.0003099198,0.0007447162
0.5278333333,0.0004388274,0.0003066750,0.0007455025
0.5280000000,0.0004428574,0.0003034353,0.0007462927
0.5281666667,0.0004468857,0.0003002009,0.0007470866
0.5283333333,0.0004509120,0.0002969724,0.0007478843
0.5285000000,0.0004549358,0.0002937501,0.0007486859
0.5286666667,0.0004589568,0.0002905348,0.0007494916
0.5288333333,0.0004629744,0.0002873271,0.0007503015
0.5290000000,0.0004669883,0.0002841274,0.0007511157
0.5291666667,0.0004709980,0.0002809359,0.0007519339
0.5293333333,0.0004750031,0.0002777524,0.0007527555
0.5295000000,0.0004790031,0.0002745771,0.0007535802
0.5296666667,0.0004829976,0.0002714104,0.0007544080
0.5298333333,0.0004869863,0.0002682531,0.0007552394
0.5300000000,0.0004909686,0.0002651060,0.0007560746
0.5301666667,0.0004949442,0.0002619698,0.0007569140
0.5303333333,0.0004989126,0.0002588447,0.0007577572
0.5305000000,0.0005028733,0.0002557307,0.0007586040
0.5306666667,0.0005068260,0.0002526278,0.0007594538
0.5308333333,0.0005107702,0.0002495364,0.0007603066
0.5310000000,0.0005147055,0.0002464570,0.0007611624
0.5311666667,0.0005186314,0.0002433900,0.0007620215
0.5313333333,0.0005225476,0.0002403362,0.0007628838
0.5315000000,0.0005264536,0.0002372957,0.0007637494
0.5316666667,0.0005303490,0.0002342692,0.0007646182
0.5318333333,0.0005342333,0.0002312571,0.0007654904
0.5320000000,0.0005381062,0.0002282596,0.0007663658
0.5321666667,0.0005419671,0.0002252772,0.0007672443
0.5323333333,0.0005458158,0.0002223097,0.0007681255
0.5325000000,0.0005496516,0.0002193575,0.0007690091
0.5326666667,0.0005534743,0.0002164208,0.0007698951
0.5328333333,0.0005572835,0.0002135004,0.0007707838
0.5330000000,0.0005610786,0.0002105971,0.0007716756
0.5331666667,0.0005648593,0.0002077114,0.0007725707
0.5333333333,0.0005686251,0.0002048436,0.0007734687
0.5335000000,0.0005723757,0.0002019938,0.0007743694
0.5336666667,0.0005761105,0.0001991617,0.0007752722
0.5338333333,0.0005798293,0.0001963478,0.0007761771
0.5340000000,0.0005835316,0.0001935525,0.0007770841
0.5341666667,0.0005872169,0.0001907766,0.0007779935
0.5343333333,0.0005908850,0.0001880206,0.0007789055
0.5345000000,0.0005945352,0.0001852849,0.0007798201
0.5346666667,0.0005981673,0.0001825697,0.0007807371
0.5348333333,0.0006017808,0.0001798753,0.0007816562
0.5350000000,0.0006053754,0.0001772020,0.0007825774
0.5351666667,0.0006089506,0.0001745500,0.0007835006
0.5353333333,0.0006125061,0.0001719196,0.0007844257
0.5355000000,0.0006160413,0.0001693113,0.0007853526
0.5356666667,0.0006195560,0.0001667253,0.0007862813
0.5358333333,0.0006230497,0.0001641621,0.0007872119
0.5360000000,0.0006265221,0.0001616223,0.0007881444
0.5361666667,0.0006299726,0.0001591063,0.0007890789
0.5363333333,0.0006334011,0.0001566143,0.0007900153
0.5365000000,0.0006368070,0.0001541464,0.0007909534
0.5366666667,0.0006401900,0.0001517029,0.0007918928
0.5368333333,0.0006435496,0.0001492840,0.0007928336
0.5370000000,0.0006468856,0.0001468900,0.0007937756
0.5371666667,0.0006501975,0.0001445217,0.0007947191
0.5373333333,0.0006534849,0.0001421792,0.0007956642
0.5375000000,0.0006567475,0.0001398632,0.0007966107
0.5376666667,0.0006599849,0.0001375737,0.0007975586
0.5378333333,0.0006631967,0.0001353110,0.0007985077
0.5380000000,0.0006663826,0.0001330753,0.0007994579
0.5381666667,0.0006695421,0.0001308669,0.0008004090
0.5383333333,0.0006726750,0.0001286861,0.0008013611
0.5385000000,0.0006757808,0.0001265333,0.0008023141
0.5386666667,0.0006788592,0.0001244089,0.0008032681
0.5388333333,0.0006819099,0.0001223132,0.0008042230
0.5390000000,0.0006849324,0.0001202465,0.0008051789
0.5391666667,0.0006879265,0.0001182090,0.0008061355
0.5393333333,0.0006908917,0.0001162011,0.0008070928
0.5395000000,0.0006938278,0.0001142229,0.0008080507
0.5396666667,0.0006967344,0.0001122747,0.0008090091
0.5398333333,0.0006996112,0.0001103569,0.0008099681
0.5400000000,0.0007024577,0.0001084699,0.0008109276
0.5401666667,0.0007052738,0.0001066137,0.0008118875
0.5403333333,0.0007080590,0.0001047887,0.0008128477
0.5405000000,0.0007108130,0.0001029952,0.0008138081
0.5406666667,0.0007135355,0.0001012334,0.0008147689
0.5408333333,0.0007162261,0.0000995037,0.0008157299
0.5410000000,0.0007188847,0.0000978065,0.0008166912
0.5411666667,0.0007215107,0.0000961418,0.0008176525
0.5413333333,0.0007241040,0.0000945097,0.0008186138
0.5415000000,0.0007266642,0.0000929106,0.0008195748
0.5416666667,0.0007291910,0.0000913446,0.0008205356
0.5418333333,0.0007316841,0.0000898123,0.0008214964
0.5420000000,0.0007341433,0.0000883140,0.0008224572
0.5421666667,0.0007365681,0.0000868498,0.0008234179
0.5423333333,0.0007389583,0.0000854199,0.0008243782
0.5425000000,0.0007413137,0.0000840242,0.0008253379
0.5426666667,0.0007436339,0.0000826631,0.0008262970
0.5428333333,0.0007459187,0.0000813370,0.0008272557
0.5430000000,0.0007481677,0.0000800462,0.0008282140
0.5431666667,0.0007503808,0.0000787911,0.0008291718
0.5433333333,0.0007525575,0.0000775715,0.0008301290
0.5435000000,0.0007546978,0.0000763875,0.0008310853
0.5436666667,0.0007568012,0.0000752394,0.0008320406
0.5438333333,0.0007588676,0.0000741274,0.0008329951
0.5440000000,0.0007608967,0.0000730521,0.0008339488
0.5441666667,0.0007628882,0.0000720136,0.0008349018
0.5443333333,0.0007648419,0.0000710120,0.0008358539
0.5445000000,0.0007667576,0.0000700471,0.0008368047
0.5446666667,0.0007686349,0.0000691193,0.0008377542
0.5448333333,0.0007704737,0.0000682288,0.0008387025
0.5450000000,0.0007722737,0.0000673761,0.0008396498
0.5451666667,0.0007740348,0.0000665612,0.0008405960
0.5453333333,0.0007757566,0.0000657842,0.0008415408
0.5455000000,0.0007774390,0.0000650451,0.0008424841
0.5456666667,0.0007790817,0.0000643440,0.0008434257
0.5458333333,0.0007806846,0.0000636812,0.0008443658
0.5460000000,0.0007822473,0.0000630572,0.0008453045
0.5461666667,0.0007837698,0.0000624722,0.0008462420
0.5463333333,0.0007852519,0.0000619260,0.0008471779
0.5465000000,0.0007866932,0.0000614187,0.0008481119
0.5466666667,0.0007880937,0.0000609500,0.0008490437
0.5468333333,0.0007894531,0.0000605203,0.0008499734
0.5470000000,0.0007907713,0.0000601301,0.0008509014
0.5471666667,0.0007920481,0.0000597797,0.0008518278
0.5473333333,0.0007932833,0.0000594693,0.0008527526
0.5475000000,0.0007944767,0.0000591987,0.0008536754
0.5476666667,0.0007956283,0.0000589676,0.0008545959
0.5478333333,0.0007967378,0.0000587762,0.0008555139
0.5480000000,0.0007978050,0.0000586246,0.0008564296
0.5481666667,0.0007988298,0.0000585131,0.0008573430
0.5483333333,0.0007998122,0.0000584421,0.0008582543
0.5485000000,0.0008007518,0.0000584116,0.0008591634
0.5486666667,0.0008016487,0.0000584215,0.0008600702
0.5488333333,0.0008025026,0.0000584719,0.0008609745
0.5490000000,0.0008033134,0.0000585629,0.0008618764
0.5491666667,0.0008040811,0.0000586946,0.0008627757
0.5493333333,0.0008048055,0.0000588668,0.0008636723
0.5495000000,0.0008054864,0.0000590797,0.0008645661
0.5496666667,0.0008061238,0.0000593331,0.0008654570
0.5498333333,0.0008067176,0.0000596274,0.0008663450
0.5500000000,0.0008072677,0.0000599628,0.0008672305
0.5501666667,0.0008077739,0.0000603396,0.0008681135
0.5503333333,0.0008082362,0.0000607576,0.0008689939
0.5505000000,0.0008086546,0.0000612168,0.0008698714
0.5506666667,0.0008090288,0.0000617167,0.0008707455
0.5508333333,0.0008093589,0.0000622572,0.0008716162
0.5510000000,0.0008096448,0.0000628386,0.0008724834
0.5511666667,0.0008098864,0.0000634612,0.0008733475
0.5513333333,0.0008100836,0.0000641253,0.0008742089
0.5515000000,0.0008102365,0.0000648310,0.0008750675
0.5516666667,0.0008103448,0.0000655783,0.0008759231
0.5518333333,0.0008104087,0.0000663666,0.0008767754
0.5520000000,0.0008104281,0.0000671958,0.0008776239
0.5521666667,0.0008104028,0.0000680658,0.0008784686
0.5523333333,0.0008103330,0.0000689765,0.0008793095
0.5525000000,0.0008102185,0.0000699284,0.0008801469
0.5526666667,0.0008100594,0.0000709217,0.0008809811
0.5528333333,0.0008098556,0.0000719566,0.0008818122
0.5530000000,0.0008096071,0.0000730328,0.0008826400
0.5531666667,0.0008093140,0.0000741501,0.0008834641
0.5533333333,0.0008089761,0.0000753081,0.0008842843
0.5535000000,0.0008085936,0.0000765067,0.0008851003
0.5536666667,0.0008081664,0.0000777457,0.0008859122
0.5538333333,0.0008076946,0.0000790256,0.0008867202
0.5540000000,0.0008071781,0.0000803464,0.0008875245
0.5541666667,0.0008066170,0.0000817082,0.0008883252
0.5543333333,0.0008060113,0.0000831110,0.0008891223
0.5545000000,0.0008053611,0.0000845545,0.0008899156
0.5546666667,0.0008046663,0.0000860384,0.0008907047
0.5548333333,0.0008039271,0.0000875625,0.0008914896
0.5550000000,0.0008031435,0.0000891265,0.0008922700
0.5551666667,0.0008023155,0.0000907304,0.0008930460
0.5553333333,0.0008014432,0.0000923744,0.0008938177
0.5555000000,0.0008005267,0.0000940587,0.0008945854
0.5556666667,0.0007995660,0.0000957833,0.0008953493
0.5558333333,0.0007985612,0.0000975482,0.0008961094
0.5560000000,0.0007975124,0.0000993530,0.0008968654
0.5561666667,0.0007964197,0.0001011970,0.0008976167
0.5563333333,0.0007952832,0.0001030798,0.0008983630
0.5565000000,0.0007941029,0.0001050014,0.0008991043
0.5566666667,0.0007928790,0.0001069621,0.0008998411
0.5568333333,0.0007916115,0.0001089624,0.0009005738
0.5570000000,0.0007903006,0.0001110022,0.0009013028
0.5571666667,0.0007889464,0.0001130812,0.0009020276
0.5573333333,0.0007875490,0.0001151987,0.0009027477
0.5575000000,0.0007861085,0.0001173542,0.0009034628
0.5576666667,0.0007846251,0.0001195474,0.0009041726
0.5578333333,0.0007830989,0.0001217786,0.0009048775
0.5580000000,0.0007815301,0.0001240478,0.0009055779
0.5581666667,0.0007799187,0.0001263553,0.0009062740
0.5583333333,0.0007782650,0.0001287006,0.0009069656
0.5585000000,0.0007765690,0.0001310835,0.0009076525
0.5586666667,0.0007748311,0.0001335035,0.0009083345
0.5588333333,0.0007730512,0.0001359604,0.0009090116
0.5590000000,0.0007712296,0.0001384541,0.0009096837
0.5591666667,0.0007693665,0.0001409844,0.0009103508
0.5593333333,0.0007674620,0.0001435509,0.0009110129
0.5595000000,0.0007655163,0.0001461536,0.0009116699
0.5596666667,0.0007635297,0.0001487923,0.0009123220
0.5598333333,0.0007615022,0.0001514671,0.0009129694
0.5600000000,0.0007594342,0.0001541780,0.0009136122
0.5601666667,0.0007573258,0.0001569244,0.0009142502
0.5603333333,0.0007551772,0.0001597057,0.0009148829
0.5605000000,0.0007529886,0.0001625214,0.0009155100
0.5606666667,0.0007507603,0.0001653712,0.0009161315
0.5608333333,0.0007484925,0.0001682555,0.0009167479
0.5610000000,0.0007461853,0.0001711743,0.0009173596
0.5611666667,0.0007438391,0.0001741277,0.0009179668
0.5613333333,0.0007414541,0.0001771151,0.0009185692
0.5615000000,0.0007390304,0.0001801356,0.0009191661
0.5616666667,0.0007365685,0.0001831888,0.0009197572
0.5618333333,0.0007340684,0.0001862744,0.0009203428
0.5620000000,0.0007315305,0.0001893926,0.0009209231
0.5621666667,0.0007289550,0.0001925434,0.0009214985
0.5623333333,0.0007263423,0.0001957268,0.0009220690
0.5625000000,0.0007236924,0.0001989419,0.0009226344
0.5626666667,0.0007210058,0.0002021884,0.0009231943
0.5628333333,0.0007182828,0.0002054659,0.0009237486
0.5630000000,0.0007155235,0.0002087741,0.0009242976
0.5631666667,0.0007127282,0.0002121131,0.0009248413
0.5633333333,0.0007098974,0.0002154825,0.0009253799
0.5635000000,0.0007070312,0.0002188818,0.0009259131
0.5636666667,0.0007041300,0.0002223107,0.0009264407
0.5638333333,0.0007011941,0.0002257689,0.0009269629
0.5640000000,0.0006982237,0.0002292561,0.0009274798
0.5641666667,0.0006952192,0.0002327724,0.0009279916
0.5643333333,0.0006921809,0.0002363172,0.0009284981
0.5645000000,0.0006891092,0.0002398900,0.0009289992
0.5646666667,0.0006860043,0.0002434903,0.0009294946
0.5648333333,0.0006828666,0.0002471177,0.0009299843
0.5650000000,0.0006796964,0.0002507722,0.0009304685
0.5651666667,0.0006764940,0.0002544536,0.0009309477
0.5653333333,0.0006732599,0.0002581618,0.0009314217
0.5655000000,0.0006699943,0.0002618961,0.0009318904
0.5656666667,0.0006666976,0.0002656559,0.0009323534
0.5658333333,0.0006633701,0.0002694407,0.0009328108
0.5660000000,0.0006600122,0.0002732503,0.0009332625
0.5661666667,0.0006566243,0.0002770846,0.0009337089
0.5663333333,0.0006532067,0.0002809434,0.0009341501
0.5665000000,0.0006497598,0.0002848263,0.0009345861
0.5666666667,0.0006462840,0.0002887326,0.0009350166
0.5668333333,0.0006427796,0.0002926619,0.0009354415
0.5670000000,0.0006392470,0.0002966137,0.0009358607
0.5671666667,0.0006356866,0.0003005879,0.0009362745
0.5673333333,0.0006320989,0.0003045842,0.0009366830
0.5675000000,0.0006284841,0.0003086022,0.0009370863
0.5676666667,0.0006248427,0.0003126415,0.0009374842
0.5678333333,0.0006211751,0.0003167016,0.0009378766
0.5680000000,0.0006174816,0.0003207819,0.0009382635
0.5681666667,0.0006137627,0.0003248821,0.0009386448
0.5683333333,0.0006100188,0.0003290020,0.0009390208
0.5685000000,0.0006062503,0.0003331413,0.0009393916
0.5686666667,0.0006024577,0.0003372994,0.0009397571
0.5688333333,0.0005986412,0.0003414759,0.0009401171
0.5690000000,0.0005948014,0.0003456704,0.0009404718
0.5691666667,0.0005909387,0.0003498823,0.0009408209
0.5693333333,0.0005870534,0.0003541113,0.0009411647
0.5695000000,0.0005831461,0.0003583572,0.0009415033
0.5696666667,0.0005792172,0.0003626194,0.0009418366
0.5698333333,0.0005752671,0.0003668976,0.0009421647
0.5700000000,0.0005712962,0.0003711912,0.0009424873
0.5701666667,0.0005673049,0.0003754997,0.0009428046
0.5703333333,0.0005632938,0.0003798228,0.0009431166
0.5705000000,0.0005592633,0.0003841602,0.0009434235
0.5706666667,0.0005552138,0.0003885113,0.0009437251
0.5708333333,0.0005511458,0.0003928759,0.0009440216
0.5710000000,0.0005470596,0.0003972533,0.0009443129
0.5711666667,0.0005429559,0.0004016429,0.0009445988
0.5713333333,0.0005388350,0.0004060444,0.0009448794
0.5715000000,0.0005346974,0.0004104575,0.0009451549
0.5716666667,0.0005305436,0.0004148818,0.0009454254
0.5718333333,0.0005263741,0.0004193169,0.0009456910
0.5720000000,0.0005221892,0.0004237623,0.0009459515
0.5721666667,0.0005179895,0.0004282173,0.0009462068
0.5723333333,0.0005137755,0.0004326813,0.0009464568
0.5725000000,0.0005095476,0.0004371541,0.0009467017
0.5726666667,0.0005053063,0.0004416353,0.0009469416
0.5728333333,0.0005010521,0.0004461246,0.0009471767
0.5730000000,0.0004967855,0.0004506215,0.0009474070
0.5731666667,0.0004925069,0.0004551254,0.0009476324
0.5733333333,0.0004882169,0.0004596358,0.0009478527
0.5735000000,0.0004839159,0.0004641520,0.0009480679
0.5736666667,0.0004796044,0.0004686738,0.0009482782
0.5738333333,0.0004752830,0.0004732008,0.0009484838
0.5740000000,0.0004709520,0.0004777326,0.0009486846
0.5741666667,0.0004666121,0.0004822687,0.0009488808
0.5743333333,0.0004622636,0.0004868084,0.0009490720
0.5745000000,0.0004579072,0.0004913512,0.0009492584
0.5746666667,0.0004535432,0.0004958969,0.0009494401
0.5748333333,0.0004491723,0.0005004450,0.0009496173
0.5750000000,0.0004447948,0.0005049951,0.0009497899
0.5751666667,0.0004404114,0.0005095466,0.0009499580
0.5753333333,0.0004360225,0.0005140988,0.0009501212
0.5755000000,0.0004316286,0.0005186512,0.0009502798
0.5756666667,0.0004272302,0.0005232036,0.0009504337
0.5758333333,0.0004228278,0.0005277556,0.0009505834
0.5760000000,0.0004184220,0.0005323070,0.0009507290
0.5761666667,0.0004140132,0.0005368570,0.0009508703
0.5763333333,0.0004096021,0.0005414050,0.0009510071
0.5765000000,0.0004051890,0.0005459503,0.0009511392
0.5766666667,0.0004007744,0.0005504924,0.0009512669
0.5768333333,0.0003963590,0.0005550313,0.0009513903
0.5770000000,0.0003919433,0.0005595666,0.0009515099
0.5771666667,0.0003875276,0.0005640980,0.0009516256
0.5773333333,0.0003831126,0.0005686247,0.0009517374
0.5775000000,0.0003786988,0.0005731461,0.0009518449
0.5776666667,0.0003742867,0.0005776616,0.0009519483
0.5778333333,0.0003698768,0.0005821708,0.0009520476
0.5780000000,0.0003654696,0.0005866735,0.0009521431
0.5781666667,0.0003610657,0.0005911693,0.0009522351
0.5783333333,0.0003566656,0.0005956578,0.0009523234
0.5785000000,0.0003522697,0.0006001384,0.0009524081
0.5786666667,0.0003478787,0.0006046105,0.0009524892
0.5788333333,0.0003434929,0.0006090738,0.0009525668
0.5790000000,0.0003391131,0.0006135280,0.0009526411
0.5791666667,0.0003347396,0.0006179726,0.0009527122
0.5793333333,0.0003303730,0.0006224070,0.0009527800
0.5795000000,0.0003260139,0.0006268307,0.0009528446
0.5796666667,0.0003216627,0.0006312433,0.0009529060
0.5798333333,0.0003173200,0.0006356448,0.0009529647
0.5800000000,0.0003129862,0.0006400347,0.0009530209
0.5801666667,0.0003086620,0.0006444127,0.0009530747
0.5803333333,0.0003043478,0.0006487782,0.0009531260
0.5805000000,0.0003000442,0.0006531304,0.0009531747
0.5806666667,0.0002957517,0.0006574690,0.0009532207
0.5808333333,0.0002914708,0.0006617937,0.0009532645
0.5810000000,0.0002872021,0.0006661044,0.0009533065
0.5811666667,0.0002829460,0.0006704009,0.0009533470
0.5813333333,0.0002787031,0.0006746829,0.0009533860
0.5815000000,0.0002744740,0.0006789496,0.0009534236
0.5816666667,0.0002702591,0.0006832004,0.0009534595
0.5818333333,0.0002660590,0.0006874348,0.0009534938
0.5820000000,0.0002618742,0.0006916527,0.0009535268
0.5821666667,0.0002577052,0.0006958538,0.0009535590
0.5823333333,0.0002535525,0.0007000380,0.0009535905
0.5825000000,0.0002494168,0.0007042047,0.0009536215
0.5826666667,0.0002452985,0.0007083535,0.0009536520
0.5828333333,0.0002411981,0.0007124838,0.0009536819
0.5830000000,0.0002371162,0.0007165951,0.0009537113
0.5831666667,0.0002330533,0.0007206871,0.0009537404
0.5833333333,0.0002290099,0.0007247593,0.0009537692
0.5835000000,0.0002249865,0.0007288114,0.0009537979
0.5836666667,0.0002209837,0.0007328428,0.0009538266
0.5838333333,0.0002170020,0.0007368532,0.0009538553
0.5840000000,0.0002130420,0.0007408422,0.0009538842
0.5841666667,0.0002091040,0.0007448092,0.0009539133
0.5843333333,0.0002051888,0.0007487536,0.0009539424
0.5845000000,0.0002012967,0.0007526747,0.0009539714
0.5846666667,0.0001974283,0.0007565720,0.0009540003
0.5848333333,0.0001935841,0.0007604448,0.0009540290
0.5850000000,0.0001897647,0.0007642931,0.0009540577
0.5851666667,0.0001859704,0.0007681162,0.0009540866
0.5853333333,0.0001822019,0.0007719136,0.0009541156
0.5855000000,0.0001784597,0.0007756847,0.0009541444
0.5856666667,0.0001747442,0.0007794286,0.0009541728
0.5858333333,0.0001710559,0.0007831445,0.0009542005
0.5860000000,0.0001673954,0.0007868321,0.0009542275
0.5861666667,0.0001637631,0.0007904910,0.0009542541
0.5863333333,0.0001601596,0.0007941207,0.0009542803
0.5865000000,0.0001565852,0.0007977208,0.0009543060
0.5866666667,0.0001530405,0.0008012905,0.0009543310
0.5868333333,0.0001495260,0.0008048292,0.0009543552
0.5870000000,0.0001460422,0.0008083363,0.0009543785
0.5871666667,0.0001425894,0.0008118113,0.0009544007
0.5873333333,0.0001391682,0.0008152538,0.0009544220
0.5875000000,0.0001357791,0.0008186634,0.0009544425
0.5876666667,0.0001324225,0.0008220397,0.0009544622
0.5878333333,0.0001290988,0.0008253824,0.0009544812
0.5880000000,0.0001258086,0.0008286909,0.0009544994
0.5881666667,0.0001225522,0.0008319647,0.0009545169
0.5883333333,0.0001193302,0.0008352034,0.0009545336
0.5885000000,0.0001161429,0.0008384066,0.0009545495
0.5886666667,0.0001129908,0.0008415739,0.0009545647
0.5888333333,0.0001098744,0.0008447051,0.0009545794
0.5890000000,0.0001067940,0.0008477997,0.0009545937
0.5891666667,0.0001037502,0.0008508576,0.0009546078
0.5893333333,0.0001007432,0.0008538783,0.0009546216
0.5895000000,0.0000977737,0.0008568614,0.0009546351
0.5896666667,0.0000948419,0.0008598063,0.0009546482
0.5898333333,0.0000919484,0.0008627127,0.0009546610
0.5900000000,0.0000890934,0.0008655802,0.0009546736
0.5901666667,0.0000862774,0.0008684086,0.0009546860
0.5903333333,0.0000835008,0.0008711975,0.0009546983
0.5905000000,0.0000807640,0.0008739465,0.0009547105
0.5906666667,0.0000780674,0.0008766552,0.0009547226
0.5908333333,0.0000754114,0.0008793231,0.0009547344
0.5910000000,0.0000727962,0.0008819497,0.0009547459
0.5911666667,0.0000702223,0.0008845346,0.0009547570
0.5913333333,0.0000676901,0.0008870776,0.0009547676
0.5915000000,0.0000651997,0.0008895783,0.0009547780
0.5916666667,0.0000627517,0.0008920363,0.0009547880
0.5918333333,0.0000603463,0.0008944514,0.0009547977
0.5920000000,0.0000579838,0.0008968231,0.0009548069
0.5921666667,0.0000556645,0.0008991511,0.0009548156
0.5923333333,0.0000533888,0.0009014349,0.0009548237
0.5925000000,0.0000511569,0.0009036744,0.0009548313
0.5926666667,0.0000489690,0.0009058694,0.0009548384
0.5928333333,0.0000468256,0.0009080195,0.0009548451
0.5930000000,0.0000447267,0.0009101247,0.0009548514
0.5931666667,0.0000426729,0.0009121845,0.0009548574
0.5933333333,0.0000406642,0.0009141988,0.0009548630
0.5935000000,0.0000387009,0.0009161673,0.0009548682
0.5936666667,0.0000367834,0.0009180897,0.0009548731
0.5938333333,0.0000349119,0.0009199659,0.0009548777
0.5940000000,0.0000330866,0.0009217956,0.0009548821
0.5941666667,0.0000313078,0.0009235787,0.0009548864
0.5943333333,0.0000295757,0.0009253148,0.0009548905
0.5945000000,0.0000278907,0.0009270038,0.0009548945
0.5946666667,0.0000262529,0.0009286454,0.0009548984
0.5948333333,0.0000246627,0.0009302393,0.0009549020
0.5950000000,0.0000231203,0.0009317853,0.0009549056
0.5951666667,0.0000216258,0.0009332831,0.0009549089
0.5953333333,0.0000201796,0.0009347325,0.0009549121
0.5955000000,0.0000187818,0.0009361333,0.0009549151
0.5956666667,0.0000174328,0.0009374851,0.0009549179
0.5958333333,0.0000161326,0.0009387879,0.0009549205
0.5960000000,0.0000148815,0.0009400414,0.0009549229
0.5961666667,0.0000136797,0.0009412454,0.0009549251
0.5963333333,0.0000125274,0.0009423996,0.0009549270
0.5965000000,0.0000114247,0.0009435039,0.0009549286
0.5966666667,0.0000103718,0.0009445582,0.0009549300
0.5968333333,0.0000093689,0.0009455623,0.0009549312
0.5970000000,0.0000084161,0.0009465161,0.0009549322
0.5971666667,0.0000075136,0.0009474194,0.0009549330
0.5973333333,0.0000066616,0.0009482721,0.0009549337
0.5975000000,0.0000058602,0.0009490740,0.0009549341
0.5976666667,0.0000051095,0.0009498250,0.0009549345
0.5978333333,0.0000044097,0.0009505250,0.0009549347
0.5980000000,0.0000037610,0.0009511739,0.0009549348
0.5981666667,0.0000031634,0.0009517715,0.0009549349
0.5983333333,0.0000026172,0.0009523177,0.0009549349
0.5985000000,0.0000021224,0.0009528124,0.0009549348
0.5986666667,0.0000016792,0.0009532555,0.0009549347
0.5988333333,0.0000012876,0.0009536468,0.0009549345
0.5990000000,0.0000009479,0.0009539864,0.0009549342
0.5991666667,0.0000006600,0.0009542740,0.0009549340
0.5993333333,0.0000004241,0.0009545096,0.0009549337
0.5995000000,0.0000002403,0.0009546932,0.0009549335
0.5996666667,0.0000001086,0.0009548247,0.0009549333
0.5998333333,0.0000000291,0.0009549040,0.0009549331
0.6000000000,0.0000000020,0.0009549311,0.0009549331
0.6001666667,0.0000000272,0.0009549059,0.0009549331
0.6003333333,0.0000001049,0.0009548285,0.0009549334
0.6005000000,0.0000002352,0.0009546987,0.0009549339
0.6006666667,0.0000004181,0.0009545167,0.0009549347
0.6008333333,0.0000006536,0.0009542823,0.0009549359
0.6010000000,0.0000009420,0.0009539955,0.0009549375
0.6011666667,0.0000012832,0.0009536565,0.0009549396
0.6013333333,0.0000016773,0.0009532650,0.0009549423
0.6015000000,0.0000021244,0.0009528213,0.0009549457
0.6016666667,0.0000026245,0.0009523253,0.0009549498
0.6018333333,0.0000031778,0.0009517770,0.0009549548
0.6020000000,0.0000037843,0.0009511764,0.0009549607
0.6021666667,0.0000044440,0.0009505237,0.0009549676
0.6023333333,0.0000051570,0.0009498188,0.0009549758
0.6025000000,0.0000059235,0.0009490618,0.0009549853
0.6026666667,0.0000067433,0.0009482529,0.0009549963
0.6028333333,0.0000076167,0.0009473921,0.0009550088
0.6030000000,0.0000085436,0.0009464796,0.0009550232
0.6031666667,0.0000095241,0.0009455153,0.0009550394
0.6033333333,0.0000105581,0.0009444995,0.0009550577
0.6035000000,0.0000116458,0.0009434324,0.0009550783
0.6036666667,0.0000127871,0.0009423142,0.0009551013
0.6038333333,0.0000139820,0.0009411450,0.0009551270
0.6040000000,0.0000152305,0.0009399249,0.0009551554
0.6041666667,0.0000165324,0.0009386542,0.0009551867
0.6043333333,0.0000178878,0.0009373331,0.0009552209
0.6045000000,0.0000192966,0.0009359618,0.0009552583
0.6046666667,0.0000207587,0.0009345404,0.0009552991
0.6048333333,0.0000222740,0.0009330692,0.0009553432
0.6050000000,0.0000238424,0.0009315483,0.0009553908
0.6051666667,0.0000254640,0.0009299779,0.0009554419
0.6053333333,0.0000271384,0.0009283581,0.0009554966
0.6055000000,0.0000288658,0.0009266891,0.0009555549
0.6056666667,0.0000306459,0.0009249712,0.0009556171
0.6058333333,0.0000324787,0.0009232043,0.0009556830
0.6060000000,0.0000343641,0.0009213887,0.0009557528
0.6061666667,0.0000363020,0.0009195245,0.0009558265
0.6063333333,0.0000382923,0.0009176119,0.0009559042
0.6065000000,0.0000403349,0.0009156511,0.0009559860
0.6066666667,0.0000424297,0.0009136421,0.0009560719
0.6068333333,0.0000445766,0.0009115853,0.0009561619
0.6070000000,0.0000467755,0.0009094806,0.0009562561
0.6071666667,0.0000490262,0.0009073282,0.0009563544
0.6073333333,0.0000513288,0.0009051282,0.0009564570
0.6075000000,0.0000536829,0.0009028810,0.0009565639
0.6076666667,0.0000560885,0.0009005867,0.0009566751
0.6078333333,0.0000585453,0.0008982456,0.0009567909
0.6080000000,0.0000610534,0.0008958577,0.0009569111
0.6081666667,0.0000636123,0.0008934235,0.0009570358
0.6083333333,0.0000662220,0.0008909429,0.0009571650
0.6085000000,0.0000688823,0.0008884166,0.0009572989
0.6086666667,0.0000715930,0.0008858448,0.0009574378
0.6088333333,0.0000743539,0.0008832280,0.0009575819
0.6090000000,0.0000771649,0.0008805664,0.0009577313
0.6091666667,0.0000800256,0.0008778606,0.0009578862
0.6093333333,0.0000829359,0.0008751107,0.0009580466
0.6095000000,0.0000858956,0.0008723173,0.0009582130
0.6096666667,0.0000889045,0.0008694809,0.0009583855
0.6098333333,0.0000919624,0.0008666019,0.0009585643
0.6100000000,0.0000950689,0.0008636808,0.0009587497
0.6101666667,0.0000982238,0.0008607180,0.0009589418
0.6103333333,0.0001014268,0.0008577137,0.0009591406
0.6105000000,0.0001046777,0.0008546685,0.0009593462
0.6106666667,0.0001079762,0.0008515826,0.0009595588
0.6108333333,0.0001113219,0.0008484564,0.0009597783
0.6110000000,0.0001147145,0.0008452901,0.0009600046
0.6111666667,0.0001181537,0.0008420841,0.0009602378
0.6113333333,0.0001216393,0.0008388386,0.0009604779
0.6115000000,0.0001251708,0.0008355539,0.0009607247
0.6116666667,0.0001287479,0.0008322305,0.0009609784
0.6118333333,0.0001323704,0.0008288685,0.0009612389
0.6120000000,0.0001360379,0.0008254684,0.0009615062
0.6121666667,0.0001397499,0.0008220304,0.0009617803
0.6123333333,0.0001435062,0.0008185548,0.0009620610
0.6125000000,0.0001473064,0.0008150421,0.0009623485
0.6126666667,0.0001511502,0.0008114929,0.0009626430
0.6128333333,0.0001550370,0.0008079077,0.0009629447
0.6130000000,0.0001589666,0.0008042870,0.0009632536
0.6131666667,0.0001629385,0.0008006313,0.0009635698
0.6133333333,0.0001669523,0.0007969410,0.0009638933
0.6135000000,0.0001710077,0.0007932165,0.0009642242
0.6136666667,0.0001751041,0.0007894585,0.0009645626
0.6138333333,0.0001792412,0.0007856676,0.0009649088
0.6140000000,0.0001834185,0.0007818444,0.0009652630
0.6141666667,0.0001876358,0.0007779896,0.0009656254
0.6143333333,0.0001918925,0.0007741035,0.0009659961
0.6145000000,0.0001961883,0.0007701869,0.0009663751
0.6146666667,0.0002005227,0.0007662400,0.0009667627
0.6148333333,0.0002048953,0.0007622635,0.0009671588
0.6150000000,0.0002093056,0.0007582580,0.0009675636
0.6151666667,0.0002137533,0.0007542241,0.0009679774
0.6153333333,0.0002182378,0.0007501625,0.0009684004
0.6155000000,0.0002227587,0.0007460736,0.0009688324
0.6156666667,0.0002273156,0.0007419578,0.0009692734
0.6158333333,0.0002319079,0.0007378154,0.0009697233
0.6160000000,0.0002365353,0.0007336467,0.0009701820
0.6161666667,0.0002411972,0.0007294520,0.0009706492
0.6163333333,0.0002458932,0.0007252319,0.0009711251
0.6165000000,0.0002506228,0.0007209866,0.0009716094
0.6166666667,0.0002553856,0.0007167167,0.0009721022
0.6168333333,0.0002601810,0.0007124225,0.0009726035
0.6170000000,0.0002650085,0.0007081046,0.0009731130
0.6171666667,0.0002698677,0.0007037632,0.0009736309
0.6173333333,0.0002747580,0.0006993991,0.0009741571
0.6175000000,0.0002796790,0.0006950128,0.0009746918
0.6176666667,0.0002846301,0.0006906051,0.0009752352
0.6178333333,0.0002896109,0.0006861768,0.0009757877
0.6180000000,0.0002946209,0.0006817287,0.0009763495
0.6181666667,0.0002996595,0.0006772615,0.0009769210
0.6183333333,0.0003047262,0.0006727759,0.0009775022
0.6185000000,0.0003098206,0.0006682724,0.0009780930
0.6186666667,0.0003149421,0.0006637515,0.0009786935
0.6188333333,0.0003200901,0.0006592136,0.0009793037
0.6190000000,0.0003252642,0.0006546594,0.0009799236
0.6191666667,0.0003304638,0.0006500895,0.0009805533
0.6193333333,0.0003356884,0.0006455044,0.0009811928
0.6195000000,0.0003409374,0.0006409044,0.0009818417
0.6196666667,0.0003462102,0.0006362895,0.0009824997
0.6198333333,0.0003515063,0.0006316600,0.0009831662
0.6200000000,0.0003568252,0.0006270160,0.0009838411
0.6201666667,0.0003621663,0.0006223581,0.0009845244
0.6203333333,0.0003675291,0.0006176871,0.0009852162
0.6205000000,0.0003729131,0.0006130034,0.0009859165
0.6206666667,0.0003783177,0.0006083075,0.0009866252
0.6208333333,0.0003837423,0.0006035997,0.0009873420
0.6210000000,0.0003891865,0.0005988801,0.0009880666
0.6211666667,0.0003946496,0.0005941495,0.0009887990
0.6213333333,0.0004001311,0.0005894084,0.0009895394
0.6215000000,0.0004056304,0.0005846576,0.0009902880
0.6216666667,0.0004111470,0.0005798978,0.0009910448
0.6218333333,0.0004166803,0.0005751294,0.0009918096
0.6220000000,0.0004222297,0.0005703527,0.0009925824
0.6221666667,0.0004277947,0.0005655681,0.0009933628
0.6223333333,0.0004333747,0.0005607761,0.0009941507
0.6225000000,0.0004389691,0.0005559770,0.0009949461
0.6226666667,0.0004445773,0.0005511714,0.0009957488
0.6228333333,0.0004501988,0.0005463598,0.0009965587
0.6230000000,0.0004558330,0.0005415426,0.0009973756
0.6231666667,0.0004614794,0.0005367200,0.0009981994
0.6233333333,0.0004671372,0.0005318925,0.0009990297
0.6235000000,0.0004728061,0.0005270603,0.0009998663
0.6236666667,0.0004784853,0.0005222235,0.0010007088
0.6238333333,0.0004841744,0.0005173823,0.0010015567
0.6240000000,0.0004898727,0.0005125372,0.0010024100
0.6241666667,0.0004955798,0.0005076887,0.0010032685
0.6243333333,0.0005012948,0.0005028376,0.0010041324
0.6245000000,0.0005070174,0.0004979844,0.0010050018
0.6246666667,0.0005127469,0.0004931296,0.0010058765
0.6248333333,0.0005184827,0.0004882736,0.0010067563
0.6250000000,0.0005242242,0.0004834170,0.0010076412
0.6251666667,0.0005299708,0.0004785606,0.0010085314
0.6253333333,0.0005357221,0.0004737056,0.0010094277
0.6255000000,0.0005414773,0.0004688532,0.0010103305
0.6256666667,0.0005472358,0.0004640043,0.0010112401
0.6258333333,0.0005529972,0.0004591594,0.0010121566
0.6260000000,0.0005587607,0.0004543188,0.0010130795
0.6261666667,0.0005645257,0.0004494829,0.0010140086
0.6263333333,0.0005702917,0.0004446524,0.0010149442
0.6265000000,0.0005760581,0.0004398282,0.0010158863
0.6266666667,0.0005818241,0.0004350110,0.0010168352
0.6268333333,0.0005875893,0.0004302012,0.0010177905
0.6270000000,0.0005933531,0.0004253990,0.0010187520
0.6271666667,0.0005991147,0.0004206045,0.0010197192
0.6273333333,0.0006048737,0.0004158182,0.0010206919
0.6275000000,0.0006106294,0.0004110411,0.0010216704
0.6276666667,0.0006163812,0.0004062739,0.0010226550
0.6278333333,0.0006221285,0.0004015175,0.0010236460
0.6280000000,0.0006278707,0.0003967729,0.0010246436
0.6281666667,0.0006336072,0.0003920405,0.0010256477
0.6283333333,0.0006393374,0.0003873212,0.0010266586
0.6285000000,0.0006450606,0.0003826156,0.0010276761
0.6286666667,0.0006507762,0.0003779243,0.0010287005
0.6288333333,0.0006564838,0.0003732478,0.0010297316
0.6290000000,0.0006621825,0.0003685866,0.0010307691
0.6291666667,0.0006678719,0.0003639408,0.0010318127
0.6293333333,0.0006735513,0.0003593109,0.0010328622
0.6295000000,0.0006792201,0.0003546971,0.0010339172
0.6296666667,0.0006848777,0.0003500997,0.0010349774
0.6298333333,0.0006905235,0.0003455187,0.0010360422
0.6300000000,0.0006961569,0.0003409543,0.0010371112
0.6301666667,0.0007017774,0.0003364068,0.0010381842
0.6303333333,0.0007073843,0.0003318768,0.0010392611
0.6305000000,0.0007129770,0.0003273653,0.0010403423
0.6306666667,0.0007185550,0.0003228729,0.0010414279
0.6308333333,0.0007241175,0.0003184005,0.0010425180
0.6310000000,0.0007296641,0.0003139484,0.0010436126
0.6311666667,0.0007351942,0.0003095173,0.0010447115
0.6313333333,0.0007407071,0.0003051078,0.0010458149
0.6315000000,0.0007462023,0.0003007210,0.0010469233
0.6316666667,0.0007516791,0.0002963579,0.0010480370
0.6318333333,0.0007571370,0.0002920192,0.0010491562
0.6320000000,0.0007625755,0.0002877055,0.0010502809
0.6321666667,0.0007679938,0.0002834169,0.0010514107
0.6323333333,0.0007733914,0.0002791540,0.0010525453
0.6325000000,0.0007787677,0.0002749172,0.0010536849
0.6326666667,0.0007841221,0.0002707073,0.0010548295
0.6328333333,0.0007894542,0.0002665250,0.0010559791
0.6330000000,0.0007947632,0.0002623706,0.0010571337
0.6331666667,0.0008000486,0.0002582444,0.0010582930
0.6333333333,0.0008053098,0.0002541466,0.0010594564
0.6335000000,0.0008105463,0.0002500775,0.0010606239
0.6336666667,0.0008157575,0.0002460377,0.0010617952
0.6338333333,0.0008209428,0.0002420277,0.0010629705
0.6340000000,0.0008261017,0.0002380481,0.0010641498
0.6341666667,0.0008312335,0.0002340994,0.0010653330
0.6343333333,0.0008363378,0.0002301821,0.0010665199
0.6345000000,0.0008414140,0.0002262966,0.0010677106
0.6346666667,0.0008464614,0.0002224434,0.0010689049
0.6348333333,0.0008514797,0.0002186231,0.0010701028
0.6350000000,0.0008564682,0.0002148362,0.0010713043
0.6351666667,0.0008614263,0.0002110832,0.0010725095
0.6353333333,0.0008663536,0.0002073645,0.0010737181
0.6355000000,0.0008712495,0.0002036806,0.0010749301
0.6356666667,0.0008761134,0.0002000316,0.0010761450
0.6358333333,0.0008809448,0.0001964180,0.0010773627
0.6360000000,0.0008857432,0.0001928399,0.0010785831
0.6361666667,0.0008905081,0.0001892979,0.0010798060
0.6363333333,0.0008952389,0.0001857926,0.0010810314
0.6365000000,0.0008999351,0.0001823245,0.0010822596
0.6366666667,0.0009045962,0.0001788945,0.0010834907
0.6368333333,0.0009092217,0.0001755032,0.0010847249
0.6370000000,0.0009138110,0.0001721514,0.0010859624
0.6371666667,0.0009183637,0.0001688398,0.0010872035
0.6373333333,0.0009228792,0.0001655689,0.0010884481
0.6375000000,0.0009273571,0.0001623394,0.0010896965
0.6376666667,0.0009317968,0.0001591518,0.0010909486
0.6378333333,0.0009361978,0.0001560063,0.0010922041
0.6380000000,0.0009405597,0.0001529030,0.0010934628
0.6381666667,0.0009448820,0.0001498420,0.0010947240
0.6383333333,0.0009491642,0.0001468230,0.0010959872
0.6385000000,0.0009534057,0.0001438461,0.0010972519
0.6386666667,0.0009576062,0.0001409114,0.0010985177
0.6388333333,0.0009617652,0.0001380192,0.0010997844
0.6390000000,0.0009658821,0.0001351698,0.0011010519
0.6391666667,0.0009699566,0.0001323638,0.0011023204
0.6393333333,0.0009739882,0.0001296019,0.0011035901
0.6395000000,0.0009779764,0.0001268848,0.0011048612
0.6396666667,0.0009819208,0.0001242130,0.0011061338
0.6398333333,0.0009858209,0.0001215873,0.0011074082
0.6400000000,0.0009896763,0.0001190084,0.0011086847
0.6401666667,0.0009934866,0.0001164771,0.0011099637
0.6403333333,0.0009972513,0.0001139939,0.0011112452
0.6405000000,0.0010009700,0.0001115590,0.0011125290
0.6406666667,0.0010046423,0.0001091724,0.0011138147
0.6408333333,0.0010082677,0.0001068341,0.0011151018
0.6410000000,0.0010118459,0.0001045440,0.0011163898
0.6411666667,0.0010153764,0.0001023024,0.0011176788
0.6413333333,0.0010188588,0.0001001099,0.0011189687
0.6415000000,0.0010222928,0.0000979666,0.0011202594
0.6416666667,0.0010256779,0.0000958729,0.0011215508
0.6418333333,0.0010290138,0.0000938287,0.0011228425
0.6420000000,0.0010323001,0.0000918344,0.0011241345
0.6421666667,0.0010355363,0.0000898904,0.0011254267
0.6423333333,0.0010387222,0.0000879973,0.0011267195
0.6425000000,0.0010418574,0.0000861558,0.0011280131
0.6426666667,0.0010449414,0.0000843661,0.0011293075
0.6428333333,0.0010479740,0.0000826283,0.0011306023
0.6430000000,0.0010509548,0.0000809424,0.0011318972
0.6431666667,0.0010538835,0.0000793084,0.0011331919
0.6433333333,0.0010567596,0.0000777268,0.0011344864
0.6435000000,0.0010595829,0.0000761980,0.0011357809
0.6436666667,0.0010623530,0.0000747222,0.0011370752
0.6438333333,0.0010650697,0.0000732998,0.0011383694
0.6440000000,0.0010677326,0.0000719308,0.0011396633
0.6441666667,0.0010703414,0.0000706155,0.0011409569
0.6443333333,0.0010728957,0.0000693544,0.0011422501
0.6445000000,0.0010753954,0.0000681479,0.0011435433
0.6446666667,0.0010778400,0.0000669964,0.0011448363
0.6448333333,0.0010802293,0.0000659000,0.0011461292
0.6450000000,0.0010825630,0.0000648588,0.0011474218
0.6451666667,0.0010848409,0.0000638731,0.0011487140
0.6453333333,0.0010870626,0.0000629430,0.0011500057
0.6455000000,0.0010892280,0.0000620688,0.0011512968
0.6456666667,0.0010913367,0.0000612504,0.0011525871
0.6458333333,0.0010933884,0.0000604877,0.0011538762
0.6460000000,0.0010953831,0.0000597806,0.0011551636
0.6461666667,0.0010973203,0.0000591291,0.0011564493
0.6463333333,0.0010991999,0.0000585335,0.0011577333
0.6465000000,0.0011010216,0.0000579942,0.0011590157
0.6466666667,0.0011027852,0.0000575113,0.0011602966
0.6468333333,0.0011044906,0.0000570850,0.0011615755
0.6470000000,0.0011061374,0.0000567151,0.0011628525
0.6471666667,0.0011077255,0.0000564019,0.0011641274
0.6473333333,0.0011092547,0.0000561461,0.0011654008
0.6475000000,0.0011107248,0.0000559483,0.0011666731
0.6476666667,0.0011121356,0.0000558091,0.0011679447
0.6478333333,0.0011134870,0.0000557285,0.0011692154
0.6480000000,0.0011147787,0.0000557062,0.0011704849
0.6481666667,0.0011160106,0.0000557421,0.0011717527
0.6483333333,0.0011171825,0.0000558360,0.0011730185
0.6485000000,0.0011182943,0.0000559880,0.0011742823
0.6486666667,0.0011193459,0.0000561981,0.0011755440
0.6488333333,0.0011203371,0.0000564661,0.0011768031
0.6490000000,0.0011212677,0.0000567915,0.0011780592
0.6491666667,0.0011221377,0.0000571740,0.0011793117
0.6493333333,0.0011229469,0.0000576137,0.0011805605
0.6495000000,0.0011236952,0.0000581108,0.0011818059
0.6496666667,0.0011243825,0.0000586659,0.0011830484
0.6498333333,0.0011250087,0.0000592795,0.0011842882
0.6500000000,0.0011255737,0.0000599519,0.0011855256
0.6501666667,0.0011260774,0.0000606834,0.0011867608
0.6503333333,0.0011265198,0.0000614741,0.0011879939
0.6505000000,0.0011269008,0.0000623241,0.0011892249
0.6506666667,0.0011272202,0.0000632333,0.0011904536
0.6508333333,0.0011274781,0.0000642016,0.0011916798
0.6510000000,0.0011276744,0.0000652285,0.0011929029
0.6511666667,0.0011278091,0.0000663135,0.0011941226
0.6513333333,0.0011278821,0.0000674564,0.0011953384
0.6515000000,0.0011278933,0.0000686570,0.0011965503
0.6516666667,0.0011278428,0.0000699154,0.0011977582
0.6518333333,0.0011277305,0.0000712316,0.0011989621
0.6520000000,0.0011275564,0.0000726055,0.0012001620
0.6521666667,0.0011273206,0.0000740372,0.0012013578
0.6523333333,0.0011270230,0.0000755268,0.0012025498
0.6525000000,0.0011266636,0.0000770748,0.0012037384
0.6526666667,0.0011262425,0.0000786814,0.0012049238
0.6528333333,0.0011257596,0.0000803465,0.0012061061
0.6530000000,0.0011252150,0.0000820699,0.0012072849
0.6531666667,0.0011246087,0.0000838509,0.0012084596
0.6533333333,0.0011239409,0.0000856890,0.0012096299
0.6535000000,0.0011232114,0.0000875843,0.0012107957
0.6536666667,0.0011224205,0.0000895366,0.0012119570
0.6538333333,0.0011215680,0.0000915460,0.0012131141
0.6540000000,0.0011206542,0.0000936127,0.0012142669
0.6541666667,0.0011196791,0.0000957362,0.0012154154
0.6543333333,0.0011186428,0.0000979165,0.0012165594
0.6545000000,0.0011175454,0.0001001535,0.0012176989
0.6546666667,0.0011163869,0.0001024471,0.0012188340
0.6548333333,0.0011151675,0.0001047975,0.0012199650
0.6550000000,0.0011138873,0.0001072044,0.0012210917
0.6551666667,0.0011125464,0.0001096676,0.0012222139
0.6553333333,0.0011111449,0.0001121865,0.0012233313
0.6555000000,0.0011096830,0.0001147605,0.0012244435
0.6556666667,0.0011081608,0.0001173893,0.0012255501
0.6558333333,0.0011065784,0.0001200728,0.0012266512
0.6560000000,0.0011049361,0.0001228108,0.0012277468
0.6561666667,0.0011032339,0.0001256034,0.0012288373
0.6563333333,0.0011014720,0.0001284508,0.0012299228
0.6565000000,0.0010996507,0.0001313529,0.0012310036
0.6566666667,0.0010977700,0.0001343097,0.0012320796
0.6568333333,0.0010958302,0.0001373207,0.0012331509
0.6570000000,0.0010938314,0.0001403859,0.0012342173
0.6571666667,0.0010917739,0.0001435048,0.0012352788
0.6573333333,0.0010896579,0.0001466771,0.0012363351
0.6575000000,0.0010874836,0.0001499024,0.0012373861
0.6576666667,0.0010852512,0.0001531803,0.0012384315
0.6578333333,0.0010829609,0.0001565102,0.0012394711
0.6580000000,0.0010806130,0.0001598916,0.0012405046
0.6581666667,0.0010782077,0.0001633240,0.0012415318
0.6583333333,0.0010757453,0.0001668074,0.0012425526
0.6585000000,0.0010732259,0.0001703414,0.0012435674
0.6586666667,0.0010706500,0.0001739262,0.0012445762
0.6588333333,0.0010680176,0.0001775619,0.0012455795
0.6590000000,0.0010653292,0.0001812483,0.0012465774
0.6591666667,0.0010625849,0.0001849852,0.0012475701
0.6593333333,0.0010597851,0.0001887722,0.0012485573
0.6595000000,0.0010569301,0.0001926088,0.0012495389
0.6596666667,0.0010540202,0.0001964945,0.0012505147
0.6598333333,0.0010510556,0.0002004290,0.0012514846
0.6600000000,0.0010480367,0.0002044119,0.0012524485
0.6601666667,0.0010449637,0.0002084427,0.0012534065
0.6603333333,0.0010418372,0.0002125211,0.0012543582
0.6605000000,0.0010386572,0.0002166461,0.0012553033
0.6606666667,0.0010354243,0.0002208171,0.0012562414
0.6608333333,0.0010321387,0.0002250336,0.0012571723
0.6610000000,0.0010288007,0.0002292957,0.0012580964
0.6611666667,0.0010254108,0.0002336034,0.0012590142
0.6613333333,0.0010219693,0.0002379567,0.0012599261
0.6615000000,0.0010184766,0.0002423555,0.0012608321
0.6616666667,0.0010149329,0.0002467992,0.0012617322
0.6618333333,0.0010113388,0.0002512872,0.0012626260
0.6620000000,0.0010076946,0.0002558188,0.0012635135
0.6621666667,0.0010040007,0.0002603940,0.0012643947
0.6623333333,0.0010002575,0.0002650124,0.0012652699
0.6625000000,0.0009964654,0.0002696735,0.0012661389
0.6626666667,0.0009926247,0.0002743765,0.0012670013
0.6628333333,0.0009887360,0.0002791206,0.0012678566
0.6630000000,0.0009847997,0.0002839047,0.0012687044
0.6631666667,0.0009808160,0.0002887286,0.0012695446
0.6633333333,0.0009767856,0.0002935921,0.0012703777
0.6635000000,0.0009727088,0.0002984952,0.0012712039
0.6636666667,0.0009685860,0.0003034378,0.0012720238
0.6638333333,0.0009644178,0.0003084195,0.0012728373
0.6640000000,0.0009602045,0.0003134399,0.0012736445
0.6641666667,0.0009559467,0.0003184984,0.0012744451
0.6643333333,0.0009516448,0.0003235945,0.0012752393
0.6645000000,0.0009472992,0.0003287276,0.0012760268
0.6646666667,0.0009429104,0.0003338972,0.0012768076
0.6648333333,0.0009384790,0.0003391025,0.0012775815
0.6650000000,0.0009340054,0.0003443429,0.0012783483
0.6651666667,0.0009294901,0.0003496177,0.0012791078
0.6653333333,0.0009249335,0.0003549264,0.0012798599
0.6655000000,0.0009203362,0.0003602686,0.0012806049
0.6656666667,0.0009156988,0.0003656438,0.0012813426
0.6658333333,0.0009110216,0.0003710517,0.0012820733
0.6660000000,0.0009063052,0.0003764919,0.0012827971
0.6661666667,0.0009015502,0.0003819641,0.0012835143
0.6663333333,0.0008967571,0.0003874680,0.0012842251
0.6665000000,0.0008919263,0.0003930029,0.0012849292
0.6666666667,0.0008870584,0.0003985680,0.0012856265
0.6668333333,0.0008821541,0.0004041622,0.0012863163
0.6670000000,0.0008772137,0.0004097848,0.0012869985
0.6671666667,0.0008722379,0.0004154353,0.0012876731
0.6673333333,0.0008672271,0.0004211136,0.0012883407
0.6675000000,0.0008621821,0.0004268195,0.0012890016
0.6676666667,0.0008571032,0.0004325526,0.0012896558
0.6678333333,0.0008519911,0.0004383119,0.0012903030
0.6680000000,0.0008468464,0.0004440966,0.0012909430
0.6681666667,0.0008416697,0.0004499062,0.0012915758
0.6683333333,0.0008364614,0.0004557403,0.0012922017
0.6685000000,0.0008312222,0.0004615986,0.0012928208
0.6686666667,0.0008259527,0.0004674805,0.0012934332
0.6688333333,0.0008206534,0.0004733850,0.0012940384
0.6690000000,0.0008153250,0.0004793110,0.0012946360
0.6691666667,0.0008099680,0.0004852577,0.0012952257
0.6693333333,0.0008045831,0.0004912247,0.0012958078
0.6695000000,0.0007991709,0.0004972119,0.0012963828
0.6696666667,0.0007937319,0.0005032194,0.0012969513
0.6698333333,0.0007882667,0.0005092467,0.0012975134
0.6700000000,0.0007827761,0.0005152930,0.0012980691
0.6701666667,0.0007772605,0.0005213573,0.0012986178
0.6703333333,0.0007717207,0.0005274389,0.0012991596
0.6705000000,0.0007661573,0.0005335370,0.0012996942
0.6706666667,0.0007605708,0.0005396511,0.0013002218
0.6708333333,0.0007549619,0.0005457804,0.0013007423
0.6710000000,0.0007493313,0.0005519241,0.0013012554
0.6711666667,0.0007436795,0.0005580815,0.0013017610
0.6713333333,0.0007380073,0.0005642518,0.0013022591
0.6715000000,0.0007323152,0.0005704348,0.0013027500
0.6716666667,0.0007266039,0.0005766301,0.0013032340
0.6718333333,0.0007208740,0.0005828374,0.0013037115
0.6720000000,0.0007151263,0.0005890562,0.0013041825
0.6721666667,0.0007093613,0.0005952858,0.0013046471
0.6723333333,0.0007035797,0.0006015255,0.0013051052
0.6725000000,0.0006977822,0.0006077746,0.0013055568
0.6726666667,0.0006919695,0.0006140322,0.0013060017
0.6728333333,0.0006861421,0.0006202974,0.0013064395
0.6730000000,0.0006803008,0.0006265691,0.0013068699
0.6731666667,0.0006744462,0.0006328467,0.0013072929
0.6733333333,0.0006685790,0.0006391297,0.0013077087
0.6735000000,0.0006626999,0.0006454177,0.0013081176
0.6736666667,0.0006568095,0.0006517105,0.0013085199
0.6738333333,0.0006509085,0.0006580073,0.0013089158
0.6740000000,0.0006449975,0.0006643076,0.0013093052
0.6741666667,0.0006390774,0.0006706106,0.0013096880
0.6743333333,0.0006331487,0.0006769156,0.0013100643
0.6745000000,0.0006272121,0.0006832224,0.0013104345
0.6746666667,0.0006212683,0.0006895301,0.0013107985
0.6748333333,0.0006153181,0.0006958382,0.0013111562
0.6750000000,0.0006093620,0.0007021454,0.0013115074
0.6751666667,0.0006034008,0.0007084507,0.0013118515
0.6753333333,0.0005974351,0.0007147534,0.0013121885
0.6755000000,0.0005914657,0.0007210530,0.0013125187
0.6756666667,0.0005854932,0.0007273492,0.0013128424
0.6758333333,0.0005795183,0.0007336417,0.0013131600
0.6760000000,0.0005735418,0.0007399298,0.0013134716
0.6761666667,0.0005675642,0.0007462127,0.0013137769
0.6763333333,0.0005615864,0.0007524895,0.0013140759
0.6765000000,0.0005556089,0.0007587599,0.0013143688
0.6766666667,0.0005496326,0.0007650231,0.0013146557
0.6768333333,0.0005436580,0.0007712788,0.0013149368
0.6770000000,0.0005376859,0.0007775262,0.0013152121
0.6771666667,0.0005317170,0.0007837643,0.0013154813
0.6773333333,0.0005257519,0.0007899922,0.0013157441
0.6775000000,0.0005197915,0.0007962091,0.0013160006
0.6776666667,0.0005138363,0.0008024145,0.0013162508
0.6778333333,0.0005078870,0.0008086078,0.0013164949
0.6780000000,0.0005019445,0.0008147887,0.0013167331
0.6781666667,0.0004960092,0.0008209565,0.0013169657
0.6783333333,0.0004900820,0.0008271105,0.0013171925
0.6785000000,0.0004841636,0.0008332502,0.0013174137
0.6786666667,0.0004782546,0.0008393748,0.0013176294
0.6788333333,0.0004723557,0.0008454838,0.0013178395
0.6790000000,0.0004664677,0.0008515765,0.0013180442
0.6791666667,0.0004605912,0.0008576522,0.0013182434
0.6793333333,0.0004547269,0.0008637102,0.0013184371
0.6795000000,0.0004488755,0.0008697496,0.0013186251
0.6796666667,0.0004430378,0.0008757698,0.0013188075
0.6798333333,0.0004372143,0.0008817701,0.0013189844
0.6800000000,0.0004314058,0.0008877499,0.0013191557
0.6801666667,0.0004256130,0.0008937087,0.0013193217
0.6803333333,0.0004198365,0.0008996460,0.0013194825
0.6805000000,0.0004140770,0.0009055612,0.0013196382
0.6806666667,0.0004083353,0.0009114537,0.0013197890
0.6808333333,0.0004026120,0.0009173229,0.0013199349
0.6810000000,0.0003969079,0.0009231681,0.0013200759
0.6811666667,0.0003912234,0.0009289885,0.0013202120
0.6813333333,0.0003855595,0.0009347834,0.0013203429
0.6815000000,0.0003799166,0.0009405522,0.0013204689
0.6816666667,0.0003742956,0.0009462943,0.0013205899
0.6818333333,0.0003686971,0.0009520090,0.0013207061
0.6820000000,0.0003631217,0.0009576959,0.0013208176
0.6821666667,0.0003575701,0.0009633544,0.0013209245
0.6823333333,0.0003520430,0.0009689838,0.0013210268
0.6825000000,0.0003465411,0.0009745835,0.0013211246
0.6826666667,0.0003410650,0.0009801530,0.0013212180
0.6828333333,0.0003356154,0.0009856917,0.0013213070
0.6830000000,0.0003301929,0.0009911989,0.0013213918
0.6831666667,0.0003247982,0.0009966741,0.0013214722
0.6833333333,0.0003194319,0.0010021164,0.0013215483
0.6835000000,0.0003140948,0.0010075252,0.0013216200
0.6836666667,0.0003087874,0.0010129000,0.0013216874
0.6838333333,0.0003035104,0.0010182403,0.0013217507
0.6840000000,0.0002982644,0.0010235457,0.0013218102
0.6841666667,0.0002930501,0.0010288158,0.0013218659
0.6843333333,0.0002878682,0.0010340498,0.0013219180
0.6845000000,0.0002827192,0.0010392472,0.0013219663
0.6846666667,0.0002776037,0.0010444071,0.0013220108
0.6848333333,0.0002725225,0.0010495289,0.0013220514
0.6850000000,0.0002674761,0.0010546121,0.0013220882
0.6851666667,0.0002624652,0.0010596562,0.0013221213
0.6853333333,0.0002574903,0.0010646607,0.0013221510
0.6855000000,0.0002525521,0.0010696250,0.0013221771
0.6856666667,0.0002476512,0.0010745486,0.0013221998
0.6858333333,0.0002427882,0.0010794310,0.0013222192
0.6860000000,0.0002379637,0.0010842718,0.0013222355
0.6861666667,0.0002331783,0.0010890706,0.0013222489
0.6863333333,0.0002284327,0.0010938267,0.0013222594
0.6865000000,0.0002237273,0.0010985397,0.0013222670
0.6866666667,0.0002190628,0.0011032088,0.0013222716
0.6868333333,0.0002144398,0.0011078332,0.0013222730
0.6870000000,0.0002098588,0.0011124124,0.0013222712
0.6871666667,0.0002053205,0.0011169459,0.0013222663
0.6873333333,0.0002008253,0.0011214335,0.0013222588
0.6875000000,0.0001963739,0.0011258747,0.0013222486
0.6876666667,0.0001919668,0.0011302693,0.0013222361
0.6878333333,0.0001876046,0.0011346166,0.0013222212
0.6880000000,0.0001832878,0.0011389162,0.0013222040
0.6881666667,0.0001790170,0.0011431676,0.0013221846
0.6883333333,0.0001747927,0.0011473703,0.0013221630
0.6885000000,0.0001706155,0.0011515237,0.0013221393
0.6886666667,0.0001664859,0.0011556274,0.0013221133
0.6888333333,0.0001624044,0.0011596806,0.0013220851
0.6890000000,0.0001583716,0.0011636830,0.0013220546
0.6891666667,0.0001543879,0.0011676340,0.0013220219
0.6893333333,0.0001504539,0.0011715334,0.0013219873
0.6895000000,0.0001465700,0.0011753809,0.0013219509
0.6896666667,0.0001427368,0.0011791762,0.0013219130
0.6898333333,0.0001389547,0.0011829189,0.0013218737
0.6900000000,0.0001352243,0.0011866086,0.0013218329
0.6901666667,0.0001315460,0.0011902448,0.0013217908
0.6903333333,0.0001279203,0.0011938270,0.0013217473
0.6905000000,0.0001243476,0.0011973548,0.0013217024
0.6906666667,0.0001208284,0.0012008277,0.0013216560
0.6908333333,0.0001173631,0.0012042452,0.0013216082
0.6910000000,0.0001139521,0.0012076070,0.0013215591
0.6911666667,0.0001105960,0.0012109129,0.0013215089
0.6913333333,0.0001072950,0.0012141627,0.0013214577
0.6915000000,0.0001040496,0.0012173561,0.0013214057
0.6916666667,0.0001008602,0.0012204927,0.0013213529
0.6918333333,0.0000977272,0.0012235723,0.0013212995
0.6920000000,0.0000946510,0.0012265944,0.0013212454
0.6921666667,0.0000916318,0.0012295589,0.0013211907
0.6923333333,0.0000886702,0.0012324654,0.0013211356
0.6925000000,0.0000857664,0.0012353135,0.0013210799
0.6926666667,0.0000829207,0.0012381031,0.0013210238
0.6928333333,0.0000801336,0.0012408336,0.0013209672
0.6930000000,0.0000774053,0.0012435049,0.0013209102
0.6931666667,0.0000747362,0.0012461168,0.0013208530
0.6933333333,0.0000721265,0.0012486691,0.0013207956
0.6935000000,0.0000695766,0.0012511618,0.0013207384
0.6936666667,0.0000670868,0.0012535945,0.0013206813
0.6938333333,0.0000646574,0.0012559670,0.0013206244
0.6940000000,0.0000622886,0.0012582790,0.0013205677
0.6941666667,0.0000599809,0.0012605303,0.0013205112
0.6943333333,0.0000577345,0.0012627205,0.0013204550
0.6945000000,0.0000555496,0.0012648496,0.0013203992
0.6946666667,0.0000534266,0.0012669173,0.0013203439
0.6948333333,0.0000513657,0.0012689235,0.0013202892
0.6950000000,0.0000493673,0.0012708678,0.0013202350
0.6951666667,0.0000474315,0.0012727500,0.0013201815
0.6953333333,0.0000455586,0.0012745701,0.0013201287
0.6955000000,0.0000437490,0.0012763279,0.0013200769
0.6956666667,0.0000420028,0.0012780232,0.0013200260
0.6958333333,0.0000403203,0.0012796558,0.0013199761
0.6960000000,0.0000387017,0.0012812257,0.0013199274
0.6961666667,0.0000371473,0.0012827325,0.0013198798
0.6963333333,0.0000356572,0.0012841762,0.0013198334
0.6965000000,0.0000342316,0.0012855566,0.0013197883
0.6966666667,0.0000328708,0.0012868737,0.0013197445
0.6968333333,0.0000315749,0.0012881272,0.0013197021
0.6970000000,0.0000303442,0.0012893171,0.0013196613
0.6971666667,0.0000291787,0.0012904433,0.0013196220
0.6973333333,0.0000280787,0.0012915057,0.0013195844
0.6975000000,0.0000270443,0.0012925042,0.0013195485
0.6976666667,0.0000260757,0.0012934388,0.0013195145
0.6978333333,0.0000251730,0.0012943093,0.0013194823
0.6980000000,0.0000243364,0.0012951157,0.0013194520
0.6981666667,0.0000235660,0.0012958578,0.0013194238
0.6983333333,0.0000228620,0.0012965357,0.0013193977
0.6985000000,0.0000222245,0.0012971492,0.0013193737
0.6986666667,0.0000216536,0.0012976983,0.0013193519
0.6988333333,0.0000211495,0.0012981829,0.0013193324
0.6990000000,0.0000207123,0.0012986030,0.0013193153
0.6991666667,0.0000203421,0.0012989585,0.0013193006
0.6993333333,0.0000200389,0.0012992495,0.0013192884
0.6995000000,0.0000198030,0.0012994758,0.0013192788
0.6996666667,0.0000196343,0.0012996375,0.0013192719
0.6998333333,0.0000195330,0.0012997346,0.0013192676
0.7000000000,0.0000194992,0.0012997670,0.0013192662
0.7001666667,0.0000195329,0.0012997347,0.0013192676
0.7003333333,0.0000196342,0.0012996377,0.0013192719
0.7005000000,0.0000198031,0.0012994760,0.0013192792
0.7006666667,0.0000200399,0.0012992496,0.0013192895
0.7008333333,0.0000203445,0.0012989584,0.0013193029
0.7010000000,0.0000207170,0.0012986025,0.0013193196
0.7011666667,0.0000211576,0.0012981818,0.0013193395
0.7013333333,0.0000216663,0.0012976964,0.0013193627
0.7015000000,0.0000222431,0.0012971461,0.0013193893
0.7016666667,0.0000228883,0.0012965310,0.0013194193
0.7018333333,0.0000236018,0.0012958511,0.0013194528
0.7020000000,0.0000243837,0.0012951062,0.0013194899
0.7021666667,0.0000252341,0.0012942965,0.0013195307
0.7023333333,0.0000261531,0.0012934220,0.0013195751
0.7025000000,0.0000271408,0.0012924826,0.0013196234
0.7026666667,0.0000281971,0.0012914783,0.0013196755
0.7028333333,0.0000293223,0.0012904091,0.0013197314
0.7030000000,0.0000305163,0.0012892750,0.0013197912
0.7031666667,0.0000317791,0.0012880759,0.0013198551
0.7033333333,0.0000331109,0.0012868121,0.0013199230
0.7035000000,0.0000345117,0.0012854834,0.0013199951
0.7036666667,0.0000359815,0.0012840899,0.0013200714
0.7038333333,0.0000375203,0.0012826317,0.0013201520
0.7040000000,0.0000391281,0.0012811088,0.0013202369
0.7041666667,0.0000408050,0.0012795213,0.0013203262
0.7043333333,0.0000425508,0.0012778692,0.0013204199
0.7045000000,0.0000443655,0.0012761526,0.0013205181
0.7046666667,0.0000462491,0.0012743716,0.0013206207
0.7048333333,0.0000482015,0.0012725264,0.0013207279
0.7050000000,0.0000502227,0.0012706170,0.0013208397
0.7051666667,0.0000523125,0.0012686438,0.0013209563
0.7053333333,0.0000544708,0.0012666069,0.0013210777
0.7055000000,0.0000566976,0.0012645064,0.0013212040
0.7056666667,0.0000589928,0.0012623424,0.0013213352
0.7058333333,0.0000613562,0.0012601152,0.0013214714
0.7060000000,0.0000637877,0.0012578248,0.0013216125
0.7061666667,0.0000662873,0.0012554714,0.0013217586
0.7063333333,0.0000688547,0.0012530551,0.0013219098
0.7065000000,0.0000714900,0.0012505761,0.0013220661
0.7066666667,0.0000741929,0.0012480344,0.0013222274
0.7068333333,0.0000769634,0.0012454304,0.0013223939
0.7070000000,0.0000798013,0.0012427643,0.0013225657
0.7071666667,0.0000827065,0.0012400364,0.0013227429
0.7073333333,0.0000856788,0.0012372470,0.0013229258
0.7075000000,0.0000887180,0.0012343962,0.0013231142
0.7076666667,0.0000918240,0.0012314842,0.0013233082
0.7078333333,0.0000949965,0.0012285110,0.0013235075
0.7080000000,0.0000982354,0.0012254768,0.0013237122
0.7081666667,0.0001015405,0.0012223819,0.0013239224
0.7083333333,0.0001049116,0.0012192266,0.0013241382
0.7085000000,0.0001083484,0.0012160113,0.0013243597
0.7086666667,0.0001118506,0.0012127364,0.0013245871
0.7088333333,0.0001154181,0.0012094021,0.0013248202
0.7090000000,0.0001190506,0.0012060087,0.0013250593
0.7091666667,0.0001227478,0.0012025567,0.0013253044
0.7093333333,0.0001265094,0.0011990462,0.0013255556
0.7095000000,0.0001303351,0.0011954776,0.0013258127
0.7096666667,0.0001342248,0.0011918510,0.0013260758
0.7098333333,0.0001381781,0.0011881666,0.0013263448
0.7100000000,0.0001421948,0.0011844249,0.0013266196
0.7101666667,0.0001462745,0.0011806260,0.0013269004
0.7103333333,0.0001504169,0.0011767704,0.0013271873
0.7105000000,0.0001546218,0.0011728587,0.0013274805
0.7106666667,0.0001588887,0.0011688913,0.0013277800
0.7108333333,0.0001632174,0.0011648686,0.0013280860
0.7110000000,0.0001676075,0.0011607910,0.0013283985
0.7111666667,0.0001720585,0.0011566589,0.0013287174
0.7113333333,0.0001765700,0.0011524725,0.0013290426
0.7115000000,0.0001811418,0.0011482322,0.0013293740
0.7116666667,0.0001857733,0.0011439383,0.0013297116
0.7118333333,0.0001904642,0.0011395912,0.0013300554
0.7120000000,0.0001952140,0.0011351917,0.0013304057
0.7121666667,0.0002000223,0.0011307403,0.0013307626
0.7123333333,0.0002048887,0.0011262375,0.0013311262
0.7125000000,0.0002098127,0.0011216838,0.0013314965
0.7126666667,0.0002147939,0.0011170796,0.0013318736
0.7128333333,0.0002198318,0.0011124254,0.0013322572
0.7130000000,0.0002249259,0.0011077216,0.0013326476
0.7131666667,0.0002300758,0.0011029687,0.0013330445
0.7133333333,0.0002352809,0.0010981672,0.0013334481
0.7135000000,0.0002405408,0.0010933176,0.0013338583
0.7136666667,0.0002458549,0.0010884203,0.0013342752
0.7138333333,0.0002512227,0.0010834759,0.0013346986
0.7140000000,0.0002566437,0.0010784851,0.0013351288
0.7141666667,0.0002621175,0.0010734485,0.0013355659
0.7143333333,0.0002676434,0.0010683667,0.0013360101
0.7145000000,0.0002732209,0.0010632404,0.0013364614
0.7146666667,0.0002788496,0.0010580700,0.0013369197
0.7148333333,0.0002845289,0.0010528558,0.0013373847
0.7150000000,0.0002902583,0.0010475982,0.0013378565
0.7151666667,0.0002960372,0.0010422977,0.0013383349
0.7153333333,0.0003018652,0.0010369550,0.0013388202
0.7155000000,0.0003077416,0.0010315708,0.0013393124
0.7156666667,0.0003136659,0.0010261459,0.0013398117
0.7158333333,0.0003196375,0.0010206807,0.0013403182
0.7160000000,0.0003256559,0.0010151758,0.0013408317
0.7161666667,0.0003317205,0.0010096317,0.0013413521
0.7163333333,0.0003378306,0.0010040490,0.0013418795
0.7165000000,0.0003439856,0.0009984283,0.0013424139
0.7166666667,0.0003501850,0.0009927704,0.0013429554
0.7168333333,0.0003564281,0.0009870759,0.0013435040
0.7170000000,0.0003627144,0.0009813453,0.0013440597
0.7171666667,0.0003690432,0.0009755791,0.0013446223
0.7173333333,0.0003754138,0.0009697780,0.0013451918
0.7175000000,0.0003818258,0.0009639425,0.0013457683
0.7176666667,0.0003882783,0.0009580736,0.0013463519
0.7178333333,0.0003947708,0.0009521718,0.0013469427
0.7180000000,0.0004013027,0.0009462381,0.0013475407
0.7181666667,0.0004078732,0.0009402728,0.0013481460
0.7183333333,0.0004144818,0.0009342765,0.0013487582
0.7185000000,0.0004211277,0.0009282497,0.0013493774
0.7186666667,0.0004278103,0.0009221932,0.0013500035
0.7188333333,0.0004345289,0.0009161077,0.0013506366
0.7190000000,0.0004412830,0.0009099940,0.0013512770
0.7191666667,0.0004480717,0.0009038528,0.0013519245
0.7193333333,0.0004548945,0.0008976846,0.0013525791
0.7195000000,0.0004617507,0.0008914901,0.0013532408
0.7196666667,0.0004686395,0.0008852699,0.0013539095
0.7198333333,0.0004755603,0.0008790248,0.0013545851
0.7200000000,0.0004825124,0.0008727554,0.0013552678
0.7201666667,0.0004894949,0.0008664626,0.0013559576
0.7203333333,0.0004965073,0.0008601472,0.0013566545
0.7205000000,0.0005035488,0.0008538097,0.0013573585
0.7206666667,0.0005106186,0.0008474509,0.0013580695
0.7208333333,0.0005177161,0.0008410714,0.0013587875
0.7210000000,0.0005248405,0.0008346718,0.0013595123
0.7211666667,0.0005319912,0.0008282529,0.0013602441
0.7213333333,0.0005391674,0.0008218155,0.0013609829
0.7215000000,0.0005463684,0.0008153603,0.0013617287
0.7216666667,0.0005535934,0.0008088882,0.0013624816
0.7218333333,0.0005608417,0.0008023997,0.0013632414
0.7220000000,0.0005681126,0.0007958956,0.0013640081
0.7221666667,0.0005754052,0.0007893764,0.0013647816
0.7223333333,0.0005827189,0.0007828429,0.0013655618
0.7225000000,0.0005900529,0.0007762961,0.0013663489
0.7226666667,0.0005974064,0.0007697367,0.0013671431
0.7228333333,0.0006047786,0.0007631656,0.0013679442
0.7230000000,0.0006121689,0.0007565834,0.0013687523
0.7231666667,0.0006195763,0.0007499907,0.0013695670
0.7233333333,0.0006270003,0.0007433880,0.0013703883
0.7235000000,0.0006344399,0.0007367761,0.0013712160
0.7236666667,0.0006418945,0.0007301561,0.0013720505
0.7238333333,0.0006493632,0.0007235288,0.0013728920
0.7240000000,0.0006568452,0.0007168950,0.0013737403
0.7241666667,0.0006643399,0.0007102554,0.0013745953
0.7243333333,0.0006718463,0.0007036105,0.0013754568
0.7245000000,0.0006793638,0.0006969609,0.0013763247
0.7246666667,0.0006868915,0.0006903076,0.0013771992
0.7248333333,0.0006944287,0.0006836516,0.0013780803
0.7250000000,0.0007019744,0.0006769937,0.0013789681
0.7251666667,0.0007095281,0.0006703345,0.0013798626
0.7253333333,0.0007170888,0.0006636745,0.0013807633
0.7255000000,0.0007246558,0.0006570143,0.0013816701
0.7256666667,0.0007322282,0.0006503547,0.0013825830
0.7258333333,0.0007398053,0.0006436970,0.0013835023
0.7260000000,0.0007473862,0.0006370420,0.0013844282
0.7261666667,0.0007549702,0.0006303907,0.0013853609
0.7263333333,0.0007625565,0.0006237436,0.0013863001
0.7265000000,0.0007701442,0.0006171012,0.0013872453
0.7266666667,0.0007777325,0.0006104639,0.0013881965
0.7268333333,0.0007853208,0.0006038327,0.0013891534
0.7270000000,0.0007929081,0.0005972083,0.0013901164
0.7271666667,0.0008004936,0.0005905919,0.0013910855
0.7273333333,0.0008080765,0.0005839842,0.0013920607
0.7275000000,0.0008156561,0.0005773859,0.0013930419
0.7276666667,0.0008232314,0.0005707978,0.0013940292
0.7278333333,0.0008308017,0.0005642208,0.0013950225
0.7280000000,0.0008383662,0.0005576557,0.0013960219
0.7281666667,0.0008459241,0.0005511033,0.0013970273
0.7283333333,0.0008534745,0.0005445640,0.0013980384
0.7285000000,0.0008610167,0.0005380384,0.0013990551
0.7286666667,0.0008685499,0.0005315273,0.0014000772
0.7288333333,0.0008760732,0.0005250314,0.0014011046
0.7290000000,0.0008835859,0.0005185517,0.0014021376
0.7291666667,0.0008910870,0.0005120892,0.0014031763
0.7293333333,0.0008985759,0.0005056448,0.0014042207
0.7295000000,0.0009060516,0.0004992192,0.0014052709
0.7296666667,0.0009135135,0.0004928133,0.0014063268
0.7298333333,0.0009209606,0.0004864276,0.0014073882
0.7300000000,0.0009283922,0.0004800628,0.0014084550
0.7301666667,0.0009358075,0.0004737193,0.0014095268
0.7303333333,0.0009432057,0.0004673976,0.0014106033
0.7305000000,0.0009505860,0.0004610985,0.0014116845
0.7306666667,0.0009579476,0.0004548232,0.0014127707
0.7308333333,0.0009652896,0.0004485727,0.0014138623
0.7310000000,0.0009726113,0.0004423481,0.0014149594
0.7311666667,0.0009799118,0.0004361502,0.0014160621
0.7313333333,0.0009871905,0.0004299794,0.0014171699
0.7315000000,0.0009944464,0.0004238360,0.0014182824
0.7316666667,0.0010016788,0.0004177205,0.0014193994
0.7318333333,0.0010088870,0.0004116338,0.0014205208
0.7320000000,0.0010160700,0.0004055767,0.0014216467
0.7321666667,0.0010232272,0.0003995501,0.0014227773
0.7323333333,0.0010303577,0.0003935546,0.0014239124
0.7325000000,0.0010374608,0.0003875911,0.0014250519
0.7326666667,0.0010445357,0.0003816603,0.0014261960
0.7328333333,0.0010515816,0.0003757633,0.0014273449
0.7330000000,0.0010585977,0.0003699010,0.0014284986
0.7331666667,0.0010655833,0.0003640739,0.0014296572
0.7333333333,0.0010725375,0.0003582824,0.0014308199
0.7335000000,0.0010794597,0.0003525265,0.0014319863
0.7336666667,0.0010863491,0.0003468069,0.0014331559
0.7338333333,0.0010932048,0.0003411243,0.0014343291
0.7340000000,0.0011000262,0.0003354802,0.0014355063
0.7341666667,0.0011068124,0.0003298757,0.0014366881
0.7343333333,0.0011135628,0.0003243117,0.0014378745
0.7345000000,0.0011202766,0.0003187885,0.0014390651
0.7346666667,0.0011269530,0.0003133064,0.0014402594
0.7348333333,0.0011335913,0.0003078658,0.0014414571
0.7350000000,0.0011401908,0.0003024674,0.0014426582
0.7351666667,0.0011467506,0.0002971121,0.0014438627
0.7353333333,0.0011532702,0.0002918004,0.0014450706
0.7355000000,0.0011597488,0.0002865330,0.0014462818
0.7356666667,0.0011661855,0.0002813106,0.0014474961
0.7358333333,0.0011725798,0.0002761340,0.0014487137
0.7360000000,0.0011789309,0.0002710041,0.0014499349
0.7361666667,0.0011852380,0.0002659218,0.0014511598
0.7363333333,0.0011915006,0.0002608877,0.0014523883
0.7365000000,0.0011977179,0.0002559020,0.0014536198
0.7366666667,0.0012038891,0.0002509649,0.0014548540
0.7368333333,0.0012100136,0.0002460769,0.0014560905
0.7370000000,0.0012160907,0.0002412387,0.0014573295
0.7371666667,0.0012221198,0.0002364513,0.0014585711
0.7373333333,0.0012281000,0.0002317156,0.0014598156
0.7375000000,0.0012340308,0.0002270323,0.0014610631
0.7376666667,0.0012399115,0.0002224020,0.0014623135
0.7378333333,0.0012457414,0.0002178251,0.0014635665
0.7380000000,0.0012515199,0.0002133022,0.0014648221
0.7381666667,0.0012572463,0.0002088337,0.0014660800
0.7383333333,0.0012629199,0.0002044201,0.0014673400
0.7385000000,0.0012685401,0.0002000618,0.0014686019
0.7386666667,0.0012741063,0.0001957594,0.0014698656
0.7388333333,0.0012796178,0.0001915135,0.0014711313
0.7390000000,0.0012850740,0.0001873252,0.0014723992
0.7391666667,0.0012904743,0.0001831950,0.0014736693
0.7393333333,0.0012958181,0.0001791236,0.0014749416
0.7395000000,0.0013011047,0.0001751112,0.0014762159
0.7396666667,0.0013063335,0.0001711583,0.0014774918
0.7398333333,0.0013115040,0.0001672650,0.0014787690
0.7400000000,0.0013166155,0.0001634322,0.0014800477
0.7401666667,0.0013216675,0.0001596604,0.0014813279
0.7403333333,0.0013266593,0.0001559502,0.0014826096
0.7405000000,0.0013315904,0.0001523021,0.0014838925
0.7406666667,0.0013364603,0.0001487164,0.0014851767
0.7408333333,0.0013412683,0.0001451937,0.0014864621
0.7410000000,0.0013460139,0.0001417348,0.0014877487
0.7411666667,0.0013506966,0.0001383402,0.0014890368
0.7413333333,0.0013553158,0.0001350102,0.0014903260
0.7415000000,0.0013598709,0.0001317452,0.0014916161
0.7416666667,0.0013643615,0.0001285452,0.0014929067
0.7418333333,0.0013687870,0.0001254107,0.0014941976
0.7420000000,0.0013731468,0.0001223424,0.0014954892
0.7421666667,0.0013774405,0.0001193410,0.0014967816
0.7423333333,0.0013816677,0.0001164073,0.0014980750
0.7425000000,0.0013858276,0.0001135415,0.0014993691
0.7426666667,0.0013899200,0.0001107435,0.0015006635
0.7428333333,0.0013939443,0.0001080137,0.0015019580
0.7430000000,0.0013978999,0.0001053524,0.0015032524
0.7431666667,0.0014017866,0.0001027604,0.0015045469
0.7433333333,0.0014056037,0.0001002382,0.0015058419
0.7435000000,0.0014093509,0.0000977863,0.0015071371
0.7436666667,0.0014130276,0.0000954048,0.0015084324
0.7438333333,0.0014166335,0.0000930938,0.0015097273
0.7440000000,0.0014201681,0.0000908537,0.0015110218
0.7441666667,0.0014236309,0.0000886850,0.0015123159
0.7443333333,0.0014270217,0.0000865883,0.0015136100
0.7445000000,0.0014303399,0.0000845640,0.0015149038
0.7446666667,0.0014335852,0.0000826122,0.0015161973
0.7448333333,0.0014367571,0.0000807330,0.0015174900
0.7450000000,0.0014398553,0.0000789266,0.0015187818
0.7451666667,0.0014428793,0.0000771934,0.0015200728
0.7453333333,0.0014458289,0.0000755342,0.0015213631
0.7455000000,0.0014487037,0.0000739492,0.0015226529
0.7456666667,0.0014515033,0.0000724387,0.0015239420
0.7458333333,0.0014542273,0.0000710028,0.0015252301
0.7460000000,0.0014568754,0.0000696414,0.0015265168
0.7461666667,0.0014594473,0.0000683547,0.0015278021
0.7463333333,0.0014619427,0.0000671433,0.0015290860
0.7465000000,0.0014643612,0.0000660076,0.0015303688
0.7466666667,0.0014667026,0.0000649479,0.0015316504
0.7468333333,0.0014689665,0.0000639644,0.0015329308
0.7470000000,0.0014711526,0.0000630572,0.0015342098
0.7471666667,0.0014732607,0.0000622263,0.0015354870
0.7473333333,0.0014752905,0.0000614720,0.0015367625
0.7475000000,0.0014772417,0.0000607944,0.0015380361
0.7476666667,0.0014791141,0.0000601938,0.0015393079
0.7478333333,0.0014809075,0.0000596705,0.0015405779
0.7480000000,0.0014826215,0.0000592246,0.0015418460
0.7481666667,0.0014842559,0.0000588562,0.0015431121
0.7483333333,0.0014858106,0.0000585655,0.0015443761
0.7485000000,0.0014872853,0.0000583526,0.0015456379
0.7486666667,0.0014886798,0.0000582178,0.0015468976
0.7488333333,0.0014899940,0.0000581611,0.0015481550
0.7490000000,0.0014912275,0.0000581826,0.0015494101
0.7491666667,0.0014923804,0.0000582824,0.0015506628
0.7493333333,0.0014934522,0.0000584606,0.0015519129
0.7495000000,0.0014944431,0.0000587172,0.0015531603
0.7496666667,0.0014953526,0.0000590523,0.0015544049
0.7498333333,0.0014961808,0.0000594660,0.0015556468
0.7500000000,0.0014969275,0.0000599584,0.0015568859
0.7501666667,0.0014975926,0.0000605298,0.0015581224
0.7503333333,0.0014981759,0.0000611803,0.0015593562
0.7505000000,0.0014986773,0.0000619098,0.0015605871
0.7506666667,0.0014990968,0.0000627182,0.0015618149
0.7508333333,0.0014994342,0.0000636053,0.0015630395
0.7510000000,0.0014996895,0.0000645710,0.0015642605
0.7511666667,0.0014998626,0.0000656156,0.0015654782
0.7513333333,0.0014999534,0.0000667391,0.0015666925
0.7515000000,0.0014999620,0.0000679417,0.0015679036
0.7516666667,0.0014998881,0.0000692235,0.0015691116
0.7518333333,0.0014997319,0.0000705843,0.0015703162
0.7520000000,0.0014994932,0.0000720239,0.0015715172
0.7521666667,0.0014991721,0.0000735423,0.0015727144
0.7523333333,0.0014987686,0.0000751392,0.0015739078
0.7525000000,0.0014982826,0.0000768149,0.0015750974
0.7526666667,0.0014977141,0.0000785692,0.0015762833
0.7528333333,0.0014970633,0.0000804020,0.0015774653
0.7530000000,0.0014963301,0.0000823131,0.0015786432
0.7531666667,0.0014955145,0.0000843023,0.0015798168
0.7533333333,0.0014946166,0.0000863697,0.0015809863
0.7535000000,0.0014936365,0.0000885155,0.0015821520
0.7536666667,0.0014925742,0.0000907397,0.0015833139
0.7538333333,0.0014914297,0.0000930421,0.0015844718
0.7540000000,0.0014902033,0.0000954222,0.0015856255
0.7541666667,0.0014888950,0.0000978793,0.0015867743
0.7543333333,0.0014875048,0.0001004133,0.0015879181
0.7545000000,0.0014860329,0.0001030242,0.0015890571
0.7546666667,0.0014844794,0.0001057122,0.0015901916
0.7548333333,0.0014828444,0.0001084776,0.0015913220
0.7550000000,0.0014811282,0.0001113202,0.0015924483
0.7551666667,0.0014793307,0.0001142395,0.0015935702
0.7553333333,0.0014774522,0.0001172349,0.0015946871
0.7555000000,0.0014754929,0.0001203060,0.0015957989
0.7556666667,0.0014734529,0.0001234526,0.0015969055
0.7558333333,0.0014713324,0.0001266747,0.0015980071
0.7560000000,0.0014691316,0.0001299722,0.0015991038
0.7561666667,0.0014668508,0.0001333447,0.0016001955
0.7563333333,0.0014644900,0.0001367919,0.0016012819
0.7565000000,0.0014620496,0.0001403137,0.0016023633
0.7566666667,0.0014595297,0.0001439098,0.0016034395
0.7568333333,0.0014569307,0.0001475803,0.0016045110
0.7570000000,0.0014542527,0.0001513247,0.0016055774
0.7571666667,0.0014514960,0.0001551426,0.0016066386
0.7573333333,0.0014486609,0.0001590332,0.0016076941
0.7575000000,0.0014457477,0.0001629958,0.0016087435
0.7576666667,0.0014427566,0.0001670304,0.0016097870
0.7578333333,0.0014396880,0.0001711370,0.0016108249
0.7580000000,0.0014365420,0.0001753157,0.0016118577
0.7581666667,0.0014333191,0.0001795663,0.0016128854
0.7583333333,0.0014300196,0.0001838883,0.0016139079
0.7585000000,0.0014266438,0.0001882810,0.0016149248
0.7586666667,0.0014231920,0.0001927437,0.0016159357
0.7588333333,0.0014196646,0.0001972758,0.0016169404
0.7590000000,0.0014160619,0.0002018769,0.0016179388
0.7591666667,0.0014123843,0.0002065469,0.0016189312
0.7593333333,0.0014086322,0.0002112854,0.0016199176
0.7595000000,0.0014048059,0.0002160923,0.0016208982
0.7596666667,0.0014009058,0.0002209673,0.0016218732
0.7598333333,0.0013969324,0.0002259101,0.0016228425
0.7600000000,0.0013928861,0.0002309200,0.0016238061
0.7601666667,0.0013887671,0.0002359964,0.0016247635
0.7603333333,0.0013845761,0.0002411384,0.0016257145
0.7605000000,0.0013803134,0.0002463453,0.0016266587
0.7606666667,0.0013759794,0.0002516170,0.0016275964
0.7608333333,0.0013715746,0.0002569531,0.0016285277
0.7610000000,0.0013670995,0.0002623536,0.0016294530
0.7611666667,0.0013625545,0.0002678179,0.0016303724
0.7613333333,0.0013579400,0.0002733456,0.0016312857
0.7615000000,0.0013532567,0.0002789360,0.0016321927
0.7616666667,0.0013485049,0.0002845883,0.0016330932
0.7618333333,0.0013436852,0.0002903021,0.0016339873
0.7620000000,0.0013387980,0.0002960767,0.0016348747
0.7621666667,0.0013338439,0.0003019115,0.0016357554
0.7623333333,0.0013288234,0.0003078057,0.0016366291
0.7625000000,0.0013237370,0.0003137590,0.0016374960
0.7626666667,0.0013185853,0.0003197711,0.0016383565
0.7628333333,0.0013133688,0.0003258420,0.0016392108
0.7630000000,0.0013080881,0.0003319710,0.0016400591
0.7631666667,0.0013027437,0.0003381575,0.0016409011
0.7633333333,0.0012973361,0.0003444002,0.0016417363
0.7635000000,0.0012918660,0.0003506980,0.0016425640
0.7636666667,0.0012863340,0.0003570503,0.0016433843
0.7638333333,0.0012807406,0.0003634569,0.0016441975
0.7640000000,0.0012750864,0.0003699179,0.0016450043
0.7641666667,0.0012693721,0.0003764327,0.0016458048
0.7643333333,0.0012635982,0.0003830008,0.0016465990
0.7645000000,0.0012577653,0.0003896211,0.0016473864
0.7646666667,0.0012518742,0.0003962926,0.0016481668
0.7648333333,0.0012459254,0.0004030145,0.0016489399
0.7650000000,0.0012399195,0.0004097865,0.0016497060
0.7651666667,0.0012338573,0.0004166079,0.0016504652
0.7653333333,0.0012277393,0.0004234782,0.0016512175
0.7655000000,0.0012215662,0.0004303965,0.0016519627
0.7656666667,0.0012153387,0.0004373621,0.0016527009
0.7658333333,0.0012090575,0.0004443746,0.0016534321
0.7660000000,0.0012027232,0.0004514334,0.0016541566
0.7661666667,0.0011963366,0.0004585379,0.0016548745
0.7663333333,0.0011898982,0.0004656873,0.0016555856
0.7665000000,0.0011834089,0.0004728805,0.0016562894
0.7666666667,0.0011768693,0.0004801164,0.0016569857
0.7668333333,0.0011702802,0.0004873944,0.0016576746
0.7670000000,0.0011636422,0.0004947142,0.0016583564
0.7671666667,0.0011569561,0.0005020753,0.0016590314
0.7673333333,0.0011502226,0.0005094772,0.0016596998
0.7675000000,0.0011434425,0.0005169189,0.0016603613
0.7676666667,0.0011366164,0.0005243994,0.0016610158
0.7678333333,0.0011297452,0.0005319179,0.0016616631
0.7680000000,0.0011228296,0.0005394735,0.0016623031
0.7681666667,0.0011158703,0.0005470655,0.0016629358
0.7683333333,0.0011088681,0.0005546933,0.0016635614
0.7685000000,0.0011018238,0.0005623561,0.0016641799
0.7686666667,0.0010947382,0.0005700532,0.0016647913
0.7688333333,0.0010876120,0.0005777839,0.0016653959
0.7690000000,0.0010804460,0.0005855475,0.0016659935
0.7691666667,0.0010732411,0.0005933432,0.0016665843
0.7693333333,0.0010659980,0.0006011700,0.0016671679
0.7695000000,0.0010587174,0.0006090268,0.0016677443
0.7696666667,0.0010514003,0.0006169129,0.0016683133
0.7698333333,0.0010440475,0.0006248276,0.0016688750
0.7700000000,0.0010366596,0.0006327703,0.0016694299
0.7701666667,0.0010292376,0.0006407404,0.0016699780
0.7703333333,0.0010217824,0.0006487369,0.0016705193
0.7705000000,0.0010142946,0.0006567589,0.0016710535
0.7706666667,0.0010067752,0.0006648054,0.0016715806
0.7708333333,0.0009992249,0.0006728755,0.0016721004
0.7710000000,0.0009916447,0.0006809685,0.0016726132
0.7711666667,0.0009840354,0.0006890838,0.0016731192
0.7713333333,0.0009763978,0.0006972205,0.0016736183
0.7715000000,0.0009687327,0.0007053777,0.0016741104
0.7716666667,0.0009610411,0.0007135543,0.0016745955
0.7718333333,0.0009533238,0.0007217496,0.0016750735
0.7720000000,0.0009455817,0.0007299629,0.0016755446
0.7721666667,0.0009378156,0.0007381935,0.0016760090
0.7723333333,0.0009300263,0.0007464405,0.0016764668
0.7725000000,0.0009222149,0.0007547027,0.0016769176
0.7726666667,0.0009143821,0.0007629793,0.0016773614
0.7728333333,0.0009065288,0.0007712692,0.0016777980
0.7730000000,0.0008986559,0.0007795719,0.0016782278
0.7731666667,0.0008907644,0.0007878867,0.0016786511
0.7733333333,0.0008828550,0.0007962128,0.0016790679
0.7735000000,0.0008749288,0.0008045493,0.0016794781
0.7736666667,0.0008669865,0.0008128951,0.0016798815
0.7738333333,0.0008590291,0.0008212489,0.0016802779
0.7740000000,0.0008510574,0.0008296100,0.0016806674
0.7741666667,0.0008430725,0.0008379778,0.0016810502
0.7743333333,0.0008350751,0.0008463515,0.0016814266
0.7745000000,0.0008270662,0.0008547305,0.0016817968
0.7746666667,0.0008190468,0.0008631137,0.0016821604
0.7748333333,0.0008110176,0.0008714999,0.0016825176
0.7750000000,0.0008029797,0.0008798883,0.0016828680
0.7751666667,0.0007949340,0.0008882779,0.0016832118
0.7753333333,0.0007868812,0.0008966680,0.0016835492
0.7755000000,0.0007788225,0.0009050578,0.0016838803
0.7756666667,0.0007707587,0.0009134464,0.0016842051
0.7758333333,0.0007626907,0.0009218330,0.0016845236
0.7760000000,0.0007546194,0.0009302165,0.0016848359
0.7761666667,0.0007465458,0.0009385961,0.0016851419
0.7763333333,0.0007384708,0.0009469710,0.0016854418
0.7765000000,0.0007303953,0.0009553403,0.0016857356
0.7766666667,0.0007223203,0.0009637030,0.0016860233
0.7768333333,0.0007142466,0.0009720583,0.0016863049
0.7770000000,0.0007061752,0.0009804052,0.0016865804
0.7771666667,0.0006981071,0.0009887428,0.0016868499
0.7773333333,0.0006900431,0.0009970705,0.0016871136
0.7775000000,0.0006819842,0.0010053874,0.0016873716
0.7776666667,0.0006739314,0.0010136925,0.0016876239
0.7778333333,0.0006658855,0.0010219850,0.0016878705
0.7780000000,0.0006578474,0.0010302641,0.0016881116
0.7781666667,0.0006498182,0.0010385288,0.0016883470
0.7783333333,0.0006417988,0.0010467782,0.0016885769
0.7785000000,0.0006337900,0.0010550114,0.0016888014
0.7786666667,0.0006257928,0.0010632276,0.0016890204
0.7788333333,0.0006178082,0.0010714260,0.0016892342
0.7790000000,0.0006098370,0.0010796059,0.0016894429
0.7791666667,0.0006018803,0.0010877665,0.0016896468
0.7793333333,0.0005939389,0.0010959070,0.0016898458
0.7795000000,0.0005860137,0.0011040263,0.0016900401
0.7796666667,0.0005781058,0.0011121236,0.0016902294
0.7798333333,0.0005702159,0.0011201979,0.0016904139
0.7800000000,0.0005623452,0.0011282486,0.0016905937
0.7801666667,0.0005544944,0.0011362748,0.0016907692
0.7803333333,0.0005466645,0.0011442761,0.0016909406
0.7805000000,0.0005388564,0.0011522515,0.0016911079
0.7806666667,0.0005310711,0.0011602002,0.0016912714
0.7808333333,0.0005233095,0.0011681213,0.0016914308
0.7810000000,0.0005155725,0.0011760139,0.0016915864
0.7811666667,0.0005078610,0.0011838772,0.0016917382
0.7813333333,0.0005001760,0.0011917106,0.0016918866
0.7815000000,0.0004925183,0.0011995134,0.0016920317
0.7816666667,0.0004848889,0.0012072846,0.0016921736
0.7818333333,0.0004772888,0.0012150236,0.0016923124
0.7820000000,0.0004697187,0.0012227294,0.0016924482
0.7821666667,0.0004621798,0.0012304014,0.0016925811
0.7823333333,0.0004546727,0.0012380388,0.0016927115
0.7825000000,0.0004471985,0.0012456409,0.0016928395
0.7826666667,0.0004397582,0.0012532070,0.0016929652
0.7828333333,0.0004323524,0.0012607360,0.0016930885
0.7830000000,0.0004249823,0.0012682272,0.0016932095
0.7831666667,0.0004176487,0.0012756795,0.0016933283
0.7833333333,0.0004103525,0.0012830925,0.0016934450
0.7835000000,0.0004030946,0.0012904654,0.0016935599
0.7836666667,0.0003958758,0.0012977975,0.0016936734
0.7838333333,0.0003886972,0.0013050881,0.0016937853
0.7840000000,0.0003815595,0.0013123360,0.0016938956
0.7841666667,0.0003744638,0.0013195404,0.0016940042
0.7843333333,0.0003674107,0.0013267003,0.0016941110
0.7845000000,0.0003604014,0.0013338149,0.0016942163
0.7846666667,0.0003534365,0.0013408835,0.0016943200
0.7848333333,0.0003465170,0.0013479054,0.0016944224
0.7850000000,0.0003396438,0.0013548797,0.0016945235
0.7851666667,0.0003328178,0.0013618054,0.0016946232
0.7853333333,0.0003260397,0.0013686817,0.0016947213
0.7855000000,0.0003193105,0.0013755075,0.0016948179
0.7856666667,0.0003126309,0.0013822820,0.0016949129
0.7858333333,0.0003060020,0.0013890043,0.0016950063
0.7860000000,0.0002994244,0.0013956737,0.0016950980
0.7861666667,0.0002928990,0.0014022890,0.0016951881
0.7863333333,0.0002864267,0.0014088495,0.0016952763
0.7865000000,0.0002800083,0.0014153543,0.0016953626
0.7866666667,0.0002736446,0.0014218025,0.0016954471
0.7868333333,0.0002673365,0.0014281934,0.0016955298
0.7870000000,0.0002610846,0.0014345262,0.0016956108
0.7871666667,0.0002548899,0.0014407998,0.0016956897
0.7873333333,0.0002487531,0.0014470135,0.0016957665
0.7875000000,0.0002426750,0.0014531662,0.0016958411
0.7876666667,0.0002366563,0.0014592571,0.0016959134
0.7878333333,0.0002306980,0.0014652856,0.0016959836
0.7880000000,0.0002248007,0.0014712511,0.0016960518
0.7881666667,0.0002189651,0.0014771529,0.0016961180
0.7883333333,0.0002131921,0.0014829902,0.0016961824
0.7885000000,0.0002074824,0.0014887622,0.0016962447
0.7886666667,0.0002018367,0.0014944681,0.0016963048
0.7888333333,0.0001962558,0.0015001071,0.0016963629
0.7890000000,0.0001907404,0.0015056786,0.0016964190
0.7891666667,0.0001852912,0.0015111820,0.0016964732
0.7893333333,0.0001799089,0.0015166167,0.0016965256
0.7895000000,0.0001745942,0.0015219822,0.0016965764
0.7896666667,0.0001693478,0.0015272778,0.0016966256
0.7898333333,0.0001641705,0.0015325029,0.0016966734
0.7900000000,0.0001590628,0.0015376568,0.0016967196
0.7901666667,0.0001540255,0.0015427389,0.0016967644
0.7903333333,0.0001490592,0.0015477485,0.0016968077
0.7905000000,0.0001441646,0.0015526850,0.0016968497
0.7906666667,0.0001393423,0.0015575479,0.0016968903
0.7908333333,0.0001345930,0.0015623367,0.0016969297
0.7910000000,0.0001299172,0.0015670508,0.0016969680
0.7911666667,0.0001253156,0.0015716896,0.0016970052
0.7913333333,0.0001207889,0.0015762525,0.0016970414
0.7915000000,0.0001163374,0.0015807389,0.0016970764
0.7916666667,0.0001119620,0.0015851482,0.0016971102
0.7918333333,0.0001076631,0.0015894799,0.0016971429
0.7920000000,0.0001034412,0.0015937332,0.0016971744
0.7921666667,0.0000992970,0.0015979077,0.0016972047
0.7923333333,0.0000952309,0.0016020029,0.0016972338
0.7925000000,0.0000912435,0.0016060182,0.0016972618
0.7926666667,0.0000873353,0.0016099533,0.0016972887
0.7928333333,0.0000835068,0.0016138076,0.0016973145
0.7930000000,0.0000797585,0.0016175807,0.0016973392
0.7931666667,0.0000760908,0.0016212718,0.0016973626
0.7933333333,0.0000725043,0.0016248805,0.0016973847
0.7935000000,0.0000689993,0.0016284063,0.0016974056
0.7936666667,0.0000655763,0.0016318488,0.0016974252
0.7938333333,0.0000622359,0.0016352079,0.0016974437
0.7940000000,0.0000589784,0.0016384830,0.0016974613
0.7941666667,0.0000558042,0.0016416738,0.0016974780
0.7943333333,0.0000527138,0.0016447798,0.0016974936
0.7945000000,0.0000497076,0.0016478006,0.0016975082
0.7946666667,0.0000467861,0.0016507357,0.0016975218
0.7948333333,0.0000439496,0.0016535848,0.0016975344
0.7950000000,0.0000411985,0.0016563477,0.0016975462
0.7951666667,0.0000385333,0.0016590240,0.0016975573
0.7953333333,0.0000359543,0.0016616134,0.0016975677
0.7955000000,0.0000334618,0.0016641155,0.0016975774
0.7956666667,0.0000310564,0.0016665300,0.0016975864
0.7958333333,0.0000287383,0.0016688564,0.0016975948
0.7960000000,0.0000265079,0.0016710946,0.0016976025
0.7961666667,0.0000243655,0.0016732442,0.0016976098
0.7963333333,0.0000223115,0.0016753049,0.0016976164
0.7965000000,0.0000203462,0.0016772762,0.0016976224
0.7966666667,0.0000184698,0.0016791581,0.0016976279
0.7968333333,0.0000166827,0.0016809502,0.0016976329
0.7970000000,0.0000149851,0.0016826522,0.0016976374
0.7971666667,0.0000133774,0.0016842640,0.0016976414
0.7973333333,0.0000118597,0.0016857853,0.0016976450
0.7975000000,0.0000104323,0.0016872157,0.0016976481
0.7976666667,0.0000090955,0.0016885551,0.0016976507
0.7978333333,0.0000078495,0.0016898033,0.0016976528
0.7980000000,0.0000066945,0.0016909600,0.0016976545
0.7981666667,0.0000056307,0.0016920251,0.0016976558
0.7983333333,0.0000046583,0.0016929985,0.0016976568
0.7985000000,0.0000037776,0.0016938800,0.0016976576
0.7986666667,0.0000029887,0.0016946694,0.0016976580
0.7988333333,0.0000022918,0.0016953665,0.0016976583
0.7990000000,0.0000016870,0.0016959713,0.0016976583
0.7991666667,0.0000011746,0.0016964836,0.0016976582
0.7993333333,0.0000007547,0.0016969033,0.0016976580
0.7995000000,0.0000004274,0.0016972303,0.0016976577
0.7996666667,0.0000001929,0.0016974646,0.0016976575
0.7998333333,0.0000000513,0.0016976060,0.0016976573
0.8000000000,0.0000000027,0.0016976546,0.0016976572
0.8001666667,0.0000000472,0.0016976101,0.0016976573
0.8003333333,0.0000001849,0.0016974727,0.0016976576
0.8005000000,0.0000004160,0.0016972422,0.0016976582
0.8006666667,0.0000007405,0.0016969187,0.0016976592
0.8008333333,0.0000011584,0.0016965021,0.0016976606
0.8010000000,0.0000016700,0.0016959925,0.0016976625
0.8011666667,0.0000022752,0.0016953898,0.0016976650
0.8013333333,0.0000029741,0.0016946940,0.0016976681
0.8015000000,0.0000037668,0.0016939053,0.0016976721
0.8016666667,0.0000046533,0.0016930237,0.0016976770
0.8018333333,0.0000056338,0.0016920491,0.0016976829
0.8020000000,0.0000067082,0.0016909818,0.0016976900
0.8021666667,0.0000078766,0.0016898218,0.0016976984
0.8023333333,0.0000091391,0.0016885692,0.0016977083
0.8025000000,0.0000104956,0.0016872242,0.0016977198
0.8026666667,0.0000119462,0.0016857868,0.0016977330
0.8028333333,0.0000134909,0.0016842572,0.0016977481
0.8030000000,0.0000151296,0.0016826357,0.0016977652
0.8031666667,0.0000168624,0.0016809223,0.0016977846
0.8033333333,0.0000186892,0.0016791172,0.0016978064
0.8035000000,0.0000206099,0.0016772208,0.0016978308
0.8036666667,0.0000226246,0.0016752332,0.0016978578
0.8038333333,0.0000247332,0.0016731546,0.0016978878
0.8040000000,0.0000269355,0.0016709852,0.0016979207
0.8041666667,0.0000292315,0.0016687253,0.0016979568
0.8043333333,0.0000316210,0.0016663751,0.0016979962
0.8045000000,0.0000341040,0.0016639351,0.0016980391
0.8046666667,0.0000366803,0.0016614054,0.0016980857
0.8048333333,0.0000393497,0.0016587865,0.0016981362
0.8050000000,0.0000421120,0.0016560787,0.0016981907
0.8051666667,0.0000449671,0.0016532822,0.0016982493
0.8053333333,0.0000479147,0.0016503974,0.0016983122
0.8055000000,0.0000509547,0.0016474248,0.0016983794
0.8056666667,0.0000540867,0.0016443646,0.0016984513
0.8058333333,0.0000573105,0.0016412174,0.0016985279
0.8060000000,0.0000606260,0.0016379834,0.0016986094
0.8061666667,0.0000640328,0.0016346630,0.0016986958
0.8063333333,0.0000675307,0.0016312564,0.0016987871
0.8065000000,0.0000711195,0.0016277640,0.0016988835
0.8066666667,0.0000747989,0.0016241861,0.0016989850
0.8068333333,0.0000785686,0.0016205230,0.0016990916
0.8070000000,0.0000824284,0.0016167751,0.0016992035
0.8071666667,0.0000863780,0.0016129425,0.0016993205
0.8073333333,0.0000904171,0.0016090256,0.0016994427
0.8075000000,0.0000945455,0.0016050247,0.0016995702
0.8076666667,0.0000987628,0.0016009401,0.0016997029
0.8078333333,0.0001030687,0.0015967723,0.0016998410
0.8080000000,0.0001074629,0.0015925215,0.0016999844
0.8081666667,0.0001119450,0.0015881882,0.0017001331
0.8083333333,0.0001165147,0.0015837726,0.0017002873
0.8085000000,0.0001211716,0.0015792754,0.0017004470
0.8086666667,0.0001259154,0.0015746970,0.0017006124
0.8088333333,0.0001307456,0.0015700381,0.0017007837
0.8090000000,0.0001356619,0.0015652992,0.0017009611
0.8091666667,0.0001406637,0.0015604809,0.0017011447
0.8093333333,0.0001457508,0.0015555838,0.0017013346
0.8095000000,0.0001509226,0.0015506083,0.0017015309
0.8096666667,0.0001561787,0.0015455552,0.0017017339
0.8098333333,0.0001615187,0.0015404252,0.0017019439
0.8100000000,0.0001669420,0.0015352190,0.0017021610
0.8101666667,0.0001724482,0.0015299373,0.0017023855
0.8103333333,0.0001780369,0.0015245807,0.0017026176
0.8105000000,0.0001837074,0.0015191499,0.0017028573
0.8106666667,0.0001894593,0.0015136454,0.0017031047
0.8108333333,0.0001952921,0.0015080678,0.0017033600
0.8110000000,0.0002012052,0.0015024180,0.0017036233
0.8111666667,0.0002071981,0.0014966966,0.0017038948
0.8113333333,0.0002132702,0.0014909044,0.0017041746
0.8115000000,0.0002194209,0.0014850421,0.0017044629
0.8116666667,0.0002256495,0.0014791102,0.0017047598
0.8118333333,0.0002319556,0.0014731096,0.0017050652
0.8120000000,0.0002383383,0.0014670409,0.0017053792
0.8121666667,0.0002447971,0.0014609049,0.0017057020
0.8123333333,0.0002513313,0.0014547023,0.0017060336
0.8125000000,0.0002579402,0.0014484337,0.0017063739
0.8126666667,0.0002646233,0.0014420998,0.0017067231
0.8128333333,0.0002713798,0.0014357013,0.0017070811
0.8130000000,0.0002782090,0.0014292390,0.0017074481
0.8131666667,0.0002851103,0.0014227136,0.0017078239
0.8133333333,0.0002920830,0.0014161257,0.0017082087
0.8135000000,0.0002991264,0.0014094759,0.0017086023
0.8136666667,0.0003062397,0.0014027649,0.0017090046
0.8138333333,0.0003134223,0.0013959933,0.0017094155
0.8140000000,0.0003206734,0.0013891619,0.0017098352
0.8141666667,0.0003279922,0.0013822715,0.0017102638
0.8143333333,0.0003353781,0.0013753231,0.0017107012
0.8145000000,0.0003428303,0.0013683176,0.0017111478
0.8146666667,0.0003503479,0.0013612557,0.0017116036
0.8148333333,0.0003579304,0.0013541383,0.0017120687
0.8150000000,0.0003655769,0.0013469663,0.0017125431
0.8151666667,0.0003732866,0.0013397405,0.0017130271
0.8153333333,0.0003810588,0.0013324622,0.0017135210
0.8155000000,0.0003888927,0.0013251323,0.0017140250
0.8156666667,0.0003967876,0.0013177520,0.0017145396
0.8158333333,0.0004047426,0.0013103223,0.0017150649
0.8160000000,0.0004127569,0.0013028442,0.0017156011
0.8161666667,0.0004208297,0.0012953185,0.0017161482
0.8163333333,0.0004289602,0.0012877461,0.0017167063
0.8165000000,0.0004371475,0.0012801280,0.0017172755
0.8166666667,0.0004453908,0.0012724650,0.0017178557
0.8168333333,0.0004536891,0.0012647579,0.0017184471
0.8170000000,0.0004620418,0.0012570077,0.0017190494
0.8171666667,0.0004704477,0.0012492150,0.0017196628
0.8173333333,0.0004789062,0.0012413807,0.0017202869
0.8175000000,0.0004874163,0.0012335054,0.0017209217
0.8176666667,0.0004959771,0.0012255899,0.0017215670
0.8178333333,0.0005045878,0.0012176349,0.0017222227
0.8180000000,0.0005132474,0.0012096412,0.0017228886
0.8181666667,0.0005219551,0.0012016096,0.0017235647
0.8183333333,0.0005307101,0.0011935409,0.0017242510
0.8185000000,0.0005395113,0.0011854362,0.0017249475
0.8186666667,0.0005483579,0.0011772964,0.0017256543
0.8188333333,0.0005572490,0.0011691226,0.0017263716
0.8190000000,0.0005661837,0.0011609157,0.0017270994
0.8191666667,0.0005751610,0.0011526769,0.0017278379
0.8193333333,0.0005841801,0.0011444070,0.0017285870
0.8195000000,0.0005932399,0.0011361069,0.0017293468
0.8196666667,0.0006023395,0.0011277778,0.0017301173
0.8198333333,0.0006114781,0.0011194205,0.0017308986
0.8200000000,0.0006206546,0.0011110364,0.0017316910
0.8201666667,0.0006298681,0.0011026265,0.0017324945
0.8203333333,0.0006391176,0.0010941916,0.0017333093
0.8205000000,0.0006484023,0.0010857328,0.0017341350
0.8206666667,0.0006577210,0.0010772505,0.0017349715
0.8208333333,0.0006670728,0.0010687456,0.0017358185
0.8210000000,0.0006764568,0.0010602191,0.0017366759
0.8211666667,0.0006858719,0.0010516719,0.0017375439
0.8213333333,0.0006953172,0.0010431051,0.0017384223
0.8215000000,0.0007047917,0.0010345195,0.0017393112
0.8216666667,0.0007142943,0.0010259157,0.0017402100
0.8218333333,0.0007238242,0.0010172943,0.0017411185
0.8220000000,0.0007333804,0.0010086560,0.0017420364
0.8221666667,0.0007429618,0.0010000016,0.0017429634
0.8223333333,0.0007525674,0.0009913320,0.0017438994
0.8225000000,0.0007621964,0.0009826479,0.0017448443
0.8226666667,0.0007718476,0.0009739501,0.0017457978
0.8228333333,0.0007815202,0.0009652393,0.0017467595
0.8230000000,0.0007912129,0.0009565163,0.0017477292
0.8231666667,0.0008009250,0.0009477821,0.0017487070
0.8233333333,0.0008106552,0.0009390378,0.0017496930
0.8235000000,0.0008204026,0.0009302843,0.0017506870
0.8236666667,0.0008301663,0.0009215226,0.0017516889
0.8238333333,0.0008399451,0.0009127534,0.0017526986
0.8240000000,0.0008497382,0.0009039777,0.0017537159
0.8241666667,0.0008595444,0.0008951967,0.0017547411
0.8243333333,0.0008693627,0.0008864118,0.0017557746
0.8245000000,0.0008791922,0.0008776244,0.0017568166
0.8246666667,0.0008890318,0.0008688355,0.0017578672
0.8248333333,0.0008988804,0.0008600458,0.0017589261
0.8250000000,0.0009087370,0.0008512559,0.0017599929
0.8251666667,0.0009186006,0.0008424666,0.0017610672
0.8253333333,0.0009284702,0.0008336790,0.0017621492
0.8255000000,0.0009383447,0.0008248942,0.0017632389
0.8256666667,0.0009482230,0.0008161133,0.0017643364
0.8258333333,0.0009581042,0.0008073371,0.0017654413
0.8260000000,0.0009679872,0.0007985662,0.0017665534
0.8261666667,0.0009778709,0.0007898014,0.0017676723
0.8263333333,0.0009877543,0.0007810436,0.0017687980
0.8265000000,0.0009976364,0.0007722939,0.0017699303
0.8266666667,0.0010075162,0.0007635535,0.0017710697
0.8268333333,0.0010173925,0.0007548237,0.0017722162
0.8270000000,0.0010272644,0.0007461057,0.0017733701
0.8271666667,0.0010371308,0.0007374009,0.0017745317
0.8273333333,0.0010469906,0.0007287109,0.0017757014
0.8275000000,0.0010568428,0.0007200369,0.0017768797
0.8276666667,0.0010666864,0.0007113803,0.0017780667
0.8278333333,0.0010765203,0.0007027422,0.0017792625
0.8280000000,0.0010863434,0.0006941237,0.0017804671
0.8281666667,0.0010961547,0.0006855259,0.0017816806
0.8283333333,0.0011059531,0.0006769499,0.0017829030
0.8285000000,0.0011157376,0.0006683967,0.0017841343
0.8286666667,0.0011255071,0.0006598675,0.0017853747
0.8288333333,0.0011352606,0.0006513631,0.0017866237
0.8290000000,0.0011449970,0.0006428839,0.0017878810
0.8291666667,0.0011547153,0.0006344306,0.0017891460
0.8293333333,0.0011644145,0.0006260038,0.0017904182
0.8295000000,0.0011740934,0.0006176040,0.0017916975
0.8296666667,0.0011837511,0.0006092324,0.0017929835
0.8298333333,0.0011933866,0.0006008898,0.0017942764
0.8300000000,0.0012029988,0.0005925773,0.0017955760
0.8301666667,0.0012125866,0.0005842958,0.0017968825
0.8303333333,0.0012221491,0.0005760465,0.0017981956
0.8305000000,0.0012316851,0.0005678302,0.0017995153
0.8306666667,0.0012411937,0.0005596476,0.0018008413
0.8308333333,0.0012506739,0.0005514996,0.0018021735
0.8310000000,0.0012601246,0.0005433873,0.0018035118
0.8311666667,0.0012695448,0.0005353118,0.0018048566
0.8313333333,0.0012789335,0.0005272745,0.0018062080
0.8315000000,0.0012882897,0.0005192767,0.0018075664
0.8316666667,0.0012976124,0.0005113190,0.0018089314
0.8318333333,0.0013069005,0.0005034021,0.0018103026
0.8320000000,0.0013161531,0.0004955265,0.0018116796
0.8321666667,0.0013253692,0.0004876930,0.0018130622
0.8323333333,0.0013345476,0.0004799030,0.0018144506
0.8325000000,0.0013436875,0.0004721576,0.0018158451
0.8326666667,0.0013527879,0.0004644581,0.0018172460
0.8328333333,0.0013618477,0.0004568052,0.0018186529
0.8330000000,0.0013708661,0.0004491996,0.0018200657
0.8331666667,0.0013798419,0.0004416421,0.0018214840
0.8333333333,0.0013887743,0.0004341336,0.0018229079
0.8335000000,0.0013976622,0.0004266752,0.0018243375
0.8336666667,0.0014065048,0.0004192682,0.0018257729
0.8338333333,0.0014153009,0.0004119134,0.0018272143
0.8340000000,0.0014240497,0.0004046118,0.0018286615
0.8341666667,0.0014327501,0.0003973643,0.0018301144
0.8343333333,0.0014414013,0.0003901721,0.0018315734
0.8345000000,0.0014500023,0.0003830364,0.0018330387
0.8346666667,0.0014585521,0.0003759580,0.0018345102
0.8348333333,0.0014670499,0.0003689378,0.0018359877
0.8350000000,0.0014754946,0.0003619761,0.0018374707
0.8351666667,0.0014838853,0.0003550737,0.0018389591
0.8353333333,0.0014922212,0.0003482315,0.0018404527
0.8355000000,0.0015005013,0.0003414506,0.0018419519
0.8356666667,0.0015087247,0.0003347320,0.0018434567
0.8358333333,0.0015168904,0.0003280762,0.0018449666
0.8360000000,0.0015249976,0.0003214832,0.0018464808
0.8361666667,0.0015330455,0.0003149531,0.0018479986
0.8363333333,0.0015410330,0.0003084863,0.0018495193
0.8365000000,0.0015489593,0.0003020837,0.0018510431
0.8366666667,0.0015568236,0.0002957466,0.0018525702
0.8368333333,0.0015646250,0.0002894760,0.0018541010
0.8370000000,0.0015723626,0.0002832727,0.0018556353
0.8371666667,0.0015800356,0.0002771375,0.0018571730
0.8373333333,0.0015876430,0.0002710710,0.0018587140
0.8375000000,0.0015951842,0.0002650743,0.0018602585
0.8376666667,0.0016026582,0.0002591487,0.0018618068
0.8378333333,0.0016100641,0.0002532955,0.0018633596
0.8380000000,0.0016174013,0.0002475159,0.0018649172
0.8381666667,0.0016246688,0.0002418108,0.0018664796
0.8383333333,0.0016318659,0.0002361809,0.0018680468
0.8385000000,0.0016389916,0.0002306269,0.0018696186
0.8386666667,0.0016460454,0.0002251494,0.0018711947
0.8388333333,0.0016530262,0.0002197486,0.0018727748
0.8390000000,0.0016599335,0.0002144250,0.0018743584
0.8391666667,0.0016667663,0.0002091788,0.0018759451
0.8393333333,0.0016735240,0.0002040105,0.0018775344
0.8395000000,0.0016802057,0.0001989206,0.0018791263
0.8396666667,0.0016868108,0.0001939097,0.0018807205
0.8398333333,0.0016933384,0.0001889786,0.0018823170
0.8400000000,0.0016997879,0.0001841276,0.0018839155
0.8401666667,0.0017061585,0.0001793575,0.0018855160
0.8403333333,0.0017124495,0.0001746688,0.0018871183
0.8405000000,0.0017186602,0.0001700625,0.0018887227
0.8406666667,0.0017247899,0.0001655395,0.0018903294
0.8408333333,0.0017308379,0.0001611008,0.0018919387
0.8410000000,0.0017368036,0.0001567470,0.0018935505
0.8411666667,0.0017426861,0.0001524787,0.0018951649
0.8413333333,0.0017484850,0.0001482964,0.0018967815
0.8415000000,0.0017541995,0.0001442006,0.0018984001
0.8416666667,0.0017598289,0.0001401915,0.0019000204
0.8418333333,0.0017653726,0.0001362696,0.0019016422
0.8420000000,0.0017708301,0.0001324352,0.0019032653
0.8421666667,0.0017762006,0.0001286889,0.0019048895
0.8423333333,0.0017814835,0.0001250313,0.0019065148
0.8425000000,0.0017866784,0.0001214630,0.0019081414
0.8426666667,0.0017917845,0.0001179848,0.0019097692
0.8428333333,0.0017968013,0.0001145970,0.0019113983
0.8430000000,0.0018017281,0.0001113002,0.0019130283
0.8431666667,0.0018065645,0.0001080948,0.0019146593
0.8433333333,0.0018113099,0.0001049816,0.0019162915
0.8435000000,0.0018159637,0.0001019615,0.0019179252
0.8436666667,0.0018205253,0.0000990352,0.0019195605
0.8438333333,0.0018249944,0.0000962032,0.0019211975
0.8440000000,0.0018293702,0.0000934653,0.0019228355
0.8441666667,0.0018336524,0.0000908215,0.0019244740
0.8443333333,0.0018378405,0.0000882718,0.0019261123
0.8445000000,0.0018419339,0.0000858165,0.0019277504
0.8446666667,0.0018459321,0.0000834562,0.0019293884
0.8448333333,0.0018498348,0.0000811914,0.0019310262
0.8450000000,0.0018536414,0.0000790221,0.0019326635
0.8451666667,0.0018573515,0.0000769486,0.0019343000
0.8453333333,0.0018609646,0.0000749707,0.0019359353
0.8455000000,0.0018644804,0.0000730890,0.0019375694
0.8456666667,0.0018678984,0.0000713041,0.0019392025
0.8458333333,0.0018712182,0.0000696168,0.0019408350
0.8460000000,0.0018744395,0.0000680278,0.0019424673
0.8461666667,0.0018775617,0.0000665375,0.0019440992
0.8463333333,0.0018805846,0.0000651461,0.0019457308
0.8465000000,0.0018835078,0.0000638541,0.0019473619
0.8466666667,0.0018863310,0.0000626618,0.0019489927
0.8468333333,0.0018890537,0.0000615695,0.0019506233
0.8470000000,0.0018916758,0.0000605777,0.0019522535
0.8471666667,0.0018941967,0.0000596863,0.0019538830
0.8473333333,0.0018966163,0.0000588953,0.0019555116
0.8475000000,0.0018989343,0.0000582046,0.0019571389
0.8476666667,0.0019011503,0.0000576144,0.0019587647
0.8478333333,0.0019032640,0.0000571247,0.0019603888
0.8480000000,0.0019052753,0.0000567356,0.0019620109
0.8481666667,0.0019071838,0.0000564469,0.0019636308
0.8483333333,0.0019089894,0.0000562584,0.0019652478
0.8485000000,0.0019106917,0.0000561702,0.0019668619
0.8486666667,0.0019122906,0.0000561824,0.0019684731
0.8488333333,0.0019137859,0.0000562956,0.0019700815
0.8490000000,0.0019151773,0.0000565103,0.0019716876
0.8491666667,0.0019164647,0.0000568268,0.0019732915
0.8493333333,0.0019176479,0.0000572452,0.0019748931
0.8495000000,0.0019187267,0.0000577656,0.0019764923
0.8496666667,0.0019197010,0.0000583882,0.0019780893
0.8498333333,0.0019205707,0.0000591134,0.0019796841
0.8500000000,0.0019213355,0.0000599414,0.0019812769
0.8501666667,0.0019219955,0.0000608725,0.0019828680
0.8503333333,0.0019225504,0.0000619066,0.0019844570
0.8505000000,0.0019230002,0.0000630433,0.0019860435
0.8506666667,0.0019233448,0.0000642821,0.0019876269
0.8508333333,0.0019235842,0.0000656226,0.0019892068
0.8510000000,0.0019237182,0.0000670646,0.0019907828
0.8511666667,0.0019237469,0.0000686079,0.0019923548
0.8513333333,0.0019236702,0.0000702525,0.0019939227
0.8515000000,0.0019234880,0.0000719986,0.0019954866
0.8516666667,0.0019232004,0.0000738462,0.0019970466
0.8518333333,0.0019228073,0.0000757952,0.0019986025
0.8520000000,0.0019223088,0.0000778456,0.0020001544
0.8521666667,0.0019217049,0.0000799975,0.0020017023
0.8523333333,0.0019209955,0.0000822508,0.0020032463
0.8525000000,0.0019201809,0.0000846058,0.0020047867
0.8526666667,0.0019192609,0.0000870626,0.0020063235
0.8528333333,0.0019182358,0.0000896210,0.0020078568
0.8530000000,0.0019171055,0.0000922809,0.0020093864
0.8531666667,0.0019158701,0.0000950417,0.0020109118
0.8533333333,0.0019145298,0.0000979028,0.0020124326
0.8535000000,0.0019130847,0.0001008638,0.0020139485
0.8536666667,0.0019115349,0.0001039245,0.0020154594
0.8538333333,0.0019098805,0.0001070847,0.0020169653
0.8540000000,0.0019081217,0.0001103444,0.0020184662
0.8541666667,0.0019062587,0.0001137035,0.0020199622
0.8543333333,0.0019042915,0.0001171619,0.0020214534
0.8545000000,0.0019022205,0.0001207193,0.0020229398
0.8546666667,0.0019000458,0.0001243755,0.0020244213
0.8548333333,0.0018977676,0.0001281305,0.0020258980
0.8550000000,0.0018953861,0.0001319838,0.0020273699
0.8551666667,0.0018929015,0.0001359351,0.0020288367
0.8553333333,0.0018903142,0.0001399841,0.0020302983
0.8555000000,0.0018876243,0.0001441301,0.0020317544
0.8556666667,0.0018848322,0.0001483727,0.0020332049
0.8558333333,0.0018819380,0.0001527114,0.0020346494
0.8560000000,0.0018789421,0.0001571458,0.0020360879
0.8561666667,0.0018758448,0.0001616752,0.0020375201
0.8563333333,0.0018726465,0.0001662994,0.0020389458
0.8565000000,0.0018693473,0.0001710178,0.0020403651
0.8566666667,0.0018659477,0.0001758306,0.0020417783
0.8568333333,0.0018624479,0.0001807378,0.0020431858
0.8570000000,0.0018588485,0.0001857395,0.0020445879
0.8571666667,0.0018551496,0.0001908354,0.0020459850
0.8573333333,0.0018513518,0.0001960249,0.0020473767
0.8575000000,0.0018474553,0.0002013074,0.0020487627
0.8576666667,0.0018434607,0.0002066818,0.0020501425
0.8578333333,0.0018393682,0.0002121477,0.0020515159
0.8580000000,0.0018351784,0.0002177045,0.0020528829
0.8581666667,0.0018308917,0.0002233517,0.0020542433
0.8583333333,0.0018265084,0.0002290886,0.0020555970
0.8585000000,0.0018220292,0.0002349143,0.0020569435
0.8586666667,0.0018174543,0.0002408281,0.0020582824
0.8588333333,0.0018127844,0.0002468291,0.0020596135
0.8590000000,0.0018080199,0.0002529170,0.0020609369
0.8591666667,0.0018031613,0.0002590918,0.0020622532
0.8593333333,0.0017982092,0.0002653536,0.0020635627
0.8595000000,0.0017931639,0.0002717020,0.0020648659
0.8596666667,0.0017880261,0.0002781366,0.0020661627
0.8598333333,0.0017827963,0.0002846568,0.0020674531
0.8600000000,0.0017774751,0.0002912618,0.0020687369
0.8601666667,0.0017720631,0.0002979510,0.0020700140
0.8603333333,0.0017665607,0.0003047236,0.0020712844
0.8605000000,0.0017609687,0.0003115790,0.0020725477
0.8606666667,0.0017552875,0.0003185162,0.0020738037
0.8608333333,0.0017495178,0.0003255342,0.0020750520
0.8610000000,0.0017436602,0.0003326321,0.0020762923
0.8611666667,0.0017377154,0.0003398092,0.0020775246
0.8613333333,0.0017316839,0.0003470650,0.0020787489
0.8615000000,0.0017255665,0.0003543987,0.0020799652
0.8616666667,0.0017193637,0.0003618096,0.0020811733
0.8618333333,0.0017130763,0.0003692971,0.0020823734
0.8620000000,0.0017067048,0.0003768606,0.0020835655
0.8621666667,0.0017002501,0.0003844997,0.0020847498
0.8623333333,0.0016937128,0.0003922140,0.0020859268
0.8625000000,0.0016870935,0.0004000030,0.0020870966
0.8626666667,0.0016803931,0.0004078660,0.0020882591
0.8628333333,0.0016736122,0.0004158020,0.0020894142
0.8630000000,0.0016667516,0.0004238098,0.0020905614
0.8631666667,0.0016598120,0.0004318886,0.0020917006
0.8633333333,0.0016527942,0.0004400375,0.0020928317
0.8635000000,0.0016456988,0.0004482558,0.0020939547
0.8636666667,0.0016385268,0.0004565428,0.0020950696
0.8638333333,0.0016312789,0.0004648974,0.0020961763
0.8640000000,0.0016239559,0.0004733187,0.0020972746
0.8641666667,0.0016165584,0.0004818056,0.0020983640
0.8643333333,0.0016090875,0.0004903572,0.0020994447
0.8645000000,0.0016015438,0.0004989727,0.0021005166
0.8646666667,0.0015939283,0.0005076517,0.0021015799
0.8648333333,0.0015862417,0.0005163933,0.0021026350
0.8650000000,0.0015784848,0.0005251972,0.0021036820
0.8651666667,0.0015706586,0.0005340623,0.0021047209
0.8653333333,0.0015627638,0.0005429881,0.0021057519
0.8655000000,0.0015548014,0.0005519733,0.0021067747
0.8656666667,0.0015467722,0.0005610169,0.0021077892
0.8658333333,0.0015386771,0.0005701180,0.0021087952
0.8660000000,0.0015305170,0.0005792756,0.0021097927
0.8661666667,0.0015222928,0.0005884888,0.0021107816
0.8663333333,0.0015140054,0.0005977566,0.0021117620
0.8665000000,0.0015056557,0.0006070780,0.0021127337
0.8666666667,0.0014972446,0.0006164520,0.0021136965
0.8668333333,0.0014887730,0.0006258773,0.0021146504
0.8670000000,0.0014802419,0.0006353532,0.0021155951
0.8671666667,0.0014716523,0.0006448788,0.0021165310
0.8673333333,0.0014630050,0.0006544533,0.0021174583
0.8675000000,0.0014543010,0.0006640759,0.0021183770
0.8676666667,0.0014455414,0.0006737458,0.0021192872
0.8678333333,0.0014367269,0.0006834619,0.0021201889
0.8680000000,0.0014278588,0.0006932233,0.0021210821
0.8681666667,0.0014189378,0.0007030289,0.0021219667
0.8683333333,0.0014099650,0.0007128777,0.0021228427
0.8685000000,0.0014009415,0.0007227684,0.0021237099
0.8686666667,0.0013918681,0.0007326999,0.0021245680
0.8688333333,0.0013827460,0.0007426710,0.0021254169
0.8690000000,0.0013735761,0.0007526807,0.0021262568
0.8691666667,0.0013643594,0.0007627285,0.0021270878
0.8693333333,0.0013550970,0.0007728134,0.0021279104
0.8695000000,0.0013457899,0.0007829346,0.0021287244
0.8696666667,0.0013364391,0.0007930908,0.0021295299
0.8698333333,0.0013270458,0.0008032807,0.0021303265
0.8700000000,0.0013176108,0.0008135033,0.0021311141
0.8701666667,0.0013081354,0.0008237574,0.0021318928
0.8703333333,0.0012986205,0.0008340425,0.0021326630
0.8705000000,0.0012890672,0.0008443574,0.0021334246
0.8706666667,0.0012794766,0.0008547010,0.0021341776
0.8708333333,0.0012698497,0.0008650718,0.0021349215
0.8710000000,0.0012601877,0.0008754683,0.0021356560
0.8711666667,0.0012504916,0.0008858895,0.0021363811
0.8713333333,0.0012407625,0.0008963345,0.0021370971
0.8715000000,0.0012310015,0.0009068029,0.0021378044
0.8716666667,0.0012212097,0.0009172939,0.0021385036
0.8718333333,0.0012113881,0.0009278064,0.0021391945
0.8720000000,0.0012015380,0.0009383391,0.0021398771
0.8721666667,0.0011916604,0.0009488909,0.0021405513
0.8723333333,0.0011817564,0.0009594604,0.0021412168
0.8725000000,0.0011718272,0.0009700467,0.0021418739
0.8726666667,0.0011618738,0.0009806485,0.0021425222
0.8728333333,0.0011518973,0.0009912644,0.0021431617
0.8730000000,0.0011418990,0.0010018931,0.0021437921
0.8731666667,0.0011318800,0.0010125334,0.0021444134
0.8733333333,0.0011218413,0.0010231842,0.0021450255
0.8735000000,0.0011117841,0.0010338447,0.0021456288
0.8736666667,0.0011017096,0.0010445140,0.0021462236
0.8738333333,0.0010916188,0.0010551910,0.0021468098
0.8740000000,0.0010815129,0.0010658747,0.0021473876
0.8741666667,0.0010713932,0.0010765640,0.0021479572
0.8743333333,0.0010612606,0.0010872581,0.0021485187
0.8745000000,0.0010511164,0.0010979561,0.0021490726
0.8746666667,0.0010409618,0.0011086568,0.0021496186
0.8748333333,0.0010307979,0.0011193588,0.0021501567
0.8750000000,0.0010206258,0.0011300604,0.0021506862
0.8751666667,0.0010104467,0.0011407601,0.0021512068
0.8753333333,0.0010002618,0.0011514566,0.0021517183
0.8755000000,0.0009900722,0.0011621488,0.0021522210
0.8756666667,0.0009798790,0.0011728360,0.0021527150
0.8758333333,0.0009696836,0.0011835172,0.0021532008
0.8760000000,0.0009594869,0.0011941915,0.0021536784
0.8761666667,0.0009492902,0.0012048578,0.0021541480
0.8763333333,0.0009390947,0.0012155150,0.0021546097
0.8765000000,0.0009289015,0.0012261621,0.0021550635
0.8766666667,0.0009187117,0.0012367980,0.0021555097
0.8768333333,0.0009085266,0.0012474216,0.0021559482
0.8770000000,0.0008983474,0.0012580319,0.0021563793
0.8771666667,0.0008881751,0.0012686276,0.0021568027
0.8773333333,0.0008780110,0.0012792073,0.0021572183
0.8775000000,0.0008678562,0.0012897697,0.0021576259
0.8776666667,0.0008577120,0.0013003132,0.0021580252
0.8778333333,0.0008475794,0.0013108368,0.0021584161
0.8780000000,0.0008374596,0.0013213393,0.0021587989
0.8781666667,0.0008273539,0.0013318198,0.0021591737
0.8783333333,0.0008172633,0.0013422776,0.0021595409
0.8785000000,0.0008071890,0.0013527119,0.0021599009
0.8786666667,0.0007971322,0.0013631215,0.0021602537
0.8788333333,0.0007870941,0.0013735053,0.0021605994
0.8790000000,0.0007770758,0.0013838619,0.0021609377
0.8791666667,0.0007670785,0.0013941902,0.0021612687
0.8793333333,0.0007571034,0.0014044891,0.0021615925
0.8795000000,0.0007471516,0.0014147577,0.0021619093
0.8796666667,0.0007372242,0.0014249947,0.0021622189
0.8798333333,0.0007273225,0.0014351990,0.0021625214
0.8800000000,0.0007174475,0.0014453691,0.0021628166
0.8801666667,0.0007076004,0.0014555040,0.0021631044
0.8803333333,0.0006977824,0.0014656025,0.0021633849
0.8805000000,0.0006879947,0.0014756637,0.0021636584
0.8806666667,0.0006782382,0.0014856867,0.0021639249
0.8808333333,0.0006685143,0.0014956703,0.0021641846
0.8810000000,0.0006588240,0.0015056137,0.0021644377
0.8811666667,0.0006491684,0.0015155157,0.0021646841
0.8813333333,0.0006395488,0.0015253754,0.0021649242
0.8815000000,0.0006299662,0.0015351917,0.0021651579
0.8816666667,0.0006204217,0.0015449635,0.0021653852
0.8818333333,0.0006109165,0.0015546895,0.0021656060
0.8820000000,0.0006014517,0.0015643686,0.0021658203
0.8821666667,0.0005920284,0.0015739996,0.0021660281
0.8823333333,0.0005826477,0.0015835818,0.0021662295
0.8825000000,0.0005733108,0.0015931141,0.0021664249
0.8826666667,0.0005640186,0.0016025957,0.0021666143
0.8828333333,0.0005547724,0.0016120252,0.0021667976
0.8830000000,0.0005455732,0.0016214015,0.0021669747
0.8831666667,0.0005364221,0.0016307234,0.0021671456
0.8833333333,0.0005273202,0.0016399901,0.0021673104
0.8835000000,0.0005182686,0.0016492009,0.0021674695
0.8836666667,0.0005092683,0.0016583550,0.0021676233
0.8838333333,0.0005003204,0.0016674512,0.0021677717
0.8840000000,0.0004914260,0.0016764886,0.0021679146
0.8841666667,0.0004825862,0.0016854657,0.0021680518
0.8843333333,0.0004738019,0.0016943815,0.0021681835
0.8845000000,0.0004650743,0.0017032353,0.0021683096
0.8846666667,0.0004564044,0.0017120261,0.0021684305
0.8848333333,0.0004477932,0.0017207531,0.0021685463
0.8850000000,0.0004392418,0.0017294153,0.0021686570
0.8851666667,0.0004307511,0.0017380116,0.0021687627
0.8853333333,0.0004223223,0.0017465409,0.0021688632
0.8855000000,0.0004139563,0.0017550024,0.0021689587
0.8856666667,0.0004056541,0.0017633952,0.0021690493
0.8858333333,0.0003974167,0.0017717185,0.0021691352
0.8860000000,0.0003892452,0.0017799714,0.0021692166
0.8861666667,0.0003811405,0.0017881528,0.0021692933
0.8863333333,0.0003731036,0.0017962620,0.0021693656
0.8865000000,0.0003651355,0.0018042979,0.0021694334
0.8866666667,0.0003572371,0.0018122597,0.0021694968
0.8868333333,0.0003494094,0.0018201465,0.0021695559
0.8870000000,0.0003416533,0.0018279574,0.0021696108
0.8871666667,0.0003339699,0.0018356915,0.0021696614
0.8873333333,0.0003263600,0.0018433480,0.0021697080
0.8875000000,0.0003188246,0.0018509261,0.0021697506
0.8876666667,0.0003113645,0.0018584250,0.0021697895
0.8878333333,0.0003039808,0.0018658439,0.0021698247
0.8880000000,0.0002966743,0.0018731820,0.0021698563
0.8881666667,0.0002894459,0.0018804383,0.0021698843
0.8883333333,0.0002822966,0.0018876119,0.0021699085
0.8885000000,0.0002752271,0.0018947021,0.0021699292
0.8886666667,0.0002682384,0.0019017080,0.0021699464
0.8888333333,0.0002613313,0.0019086291,0.0021699604
0.8890000000,0.0002545067,0.0019154644,0.0021699711
0.8891666667,0.0002477654,0.0019222133,0.0021699788
0.8893333333,0.0002411083,0.0019288750,0.0021699833
0.8895000000,0.0002345361,0.0019354488,0.0021699849
0.8896666667,0.0002280498,0.0019419339,0.0021699838
0.8898333333,0.0002216501,0.0019483298,0.0021699799
0.8900000000,0.0002153378,0.0019546358,0.0021699735
0.8901666667,0.0002091136,0.0019608510,0.0021699646
0.8903333333,0.0002029784,0.0019669748,0.0021699533
0.8905000000,0.0001969330,0.0019730065,0.0021699394
0.8906666667,0.0001909780,0.0019789451,0.0021699231
0.8908333333,0.0001851142,0.0019847902,0.0021699044
0.8910000000,0.0001793423,0.0019905411,0.0021698834
0.8911666667,0.0001736630,0.0019961971,0.0021698602
0.8913333333,0.0001680771,0.0020017579,0.0021698350
0.8915000000,0.0001625852,0.0020072229,0.0021698081
0.8916666667,0.0001571879,0.0020125916,0.0021697795
0.8918333333,0.0001518860,0.0020178634,0.0021697494
0.8920000000,0.0001466801,0.0020230377,0.0021697177
0.8921666667,0.0001415707,0.0020281139,0.0021696846
0.8923333333,0.0001365586,0.0020330914,0.0021696500
0.8925000000,0.0001316444,0.0020379698,0.0021696141
0.8926666667,0.0001268285,0.0020427484,0.0021695770
0.8928333333,0.0001221117,0.0020474269,0.0021695386
0.8930000000,0.0001174945,0.0020520045,0.0021694990
0.8931666667,0.0001129773,0.0020564809,0.0021694582
0.8933333333,0.0001085609,0.0020608556,0.0021694165
0.8935000000,0.0001042456,0.0020651283,0.0021693739
0.8936666667,0.0001000321,0.0020692987,0.0021693308
0.8938333333,0.0000959208,0.0020733664,0.0021692872
0.8940000000,0.0000919123,0.0020773310,0.0021692433
0.8941666667,0.0000880070,0.0020811920,0.0021691990
0.8943333333,0.0000842055,0.0020849489,0.0021691544
0.8945000000,0.0000805082,0.0020886014,0.0021691096
0.8946666667,0.0000769156,0.0020921490,0.0021690646
0.8948333333,0.0000734282,0.0020955913,0.0021690195
0.8950000000,0.0000700464,0.0020989279,0.0021689744
0.8951666667,0.0000667707,0.0021021585,0.0021689292
0.8953333333,0.0000636015,0.0021052828,0.0021688842
0.8955000000,0.0000605392,0.0021083004,0.0021688395
0.8956666667,0.0000575842,0.0021112111,0.0021687953
0.8958333333,0.0000547370,0.0021140146,0.0021687516
0.8960000000,0.0000519979,0.0021167107,0.0021687086
0.8961666667,0.0000493673,0.0021192990,0.0021686663
0.8963333333,0.0000468457,0.0021217792,0.0021686249
0.8965000000,0.0000444332,0.0021241511,0.0021685843
0.8966666667,0.0000421304,0.0021264143,0.0021685447
0.8968333333,0.0000399375,0.0021285687,0.0021685062
0.8970000000,0.0000378547,0.0021306140,0.0021684687
0.8971666667,0.0000358825,0.0021325499,0.0021684324
0.8973333333,0.0000340211,0.0021343763,0.0021683974
0.8975000000,0.0000322708,0.0021360930,0.0021683637
0.8976666667,0.0000306317,0.0021376999,0.0021683316
0.8978333333,0.0000291043,0.0021391969,0.0021683011
0.8980000000,0.0000276886,0.0021405838,0.0021682724
0.8981666667,0.0000263850,0.0021418604,0.0021682455
0.8983333333,0.0000251937,0.0021430267,0.0021682204
0.8985000000,0.0000241149,0.0021440824,0.0021681973
0.8986666667,0.0000231488,0.0021450275,0.0021681763
0.8988333333,0.0000222955,0.0021458618,0.0021681573
0.8990000000,0.0000215554,0.0021465853,0.0021681407
0.8991666667,0.0000209285,0.0021471978,0.0021681263
0.8993333333,0.0000204150,0.0021476993,0.0021681143
0.8995000000,0.0000200151,0.0021480896,0.0021681048
0.8996666667,0.0000197290,0.0021483689,0.0021680979
0.8998333333,0.0000195567,0.0021485369,0.0021680936
0.9000000000,0.0000194984,0.0021485938,0.0021680922
0.9001666667,0.0000195542,0.0021485393,0.0021680935
0.9003333333,0.0000197242,0.0021483736,0.0021680978
0.9005000000,0.0000200086,0.0021480966,0.0021681051
0.9006666667,0.0000204073,0.0021477083,0.0021681156
0.9008333333,0.0000209206,0.0021472086,0.0021681292
0.9010000000,0.0000215484,0.0021465977,0.0021681461
0.9011666667,0.0000222908,0.0021458755,0.0021681664
0.9013333333,0.0000231480,0.0021450421,0.0021681901
0.9015000000,0.0000241200,0.0021440974,0.0021682174
0.9016666667,0.0000252068,0.0021430415,0.0021682483
0.9018333333,0.0000264084,0.0021418744,0.0021682829
0.9020000000,0.0000277251,0.0021405962,0.0021683213
0.9021666667,0.0000291567,0.0021392068,0.0021683635
0.9023333333,0.0000307033,0.0021377063,0.0021684097
0.9025000000,0.0000323651,0.0021360948,0.0021684599
0.9026666667,0.0000341419,0.0021343724,0.0021685142
0.9028333333,0.0000360338,0.0021325389,0.0021685728
0.9030000000,0.0000380409,0.0021305947,0.0021686355
0.9031666667,0.0000401630,0.0021285397,0.0021687027
0.9033333333,0.0000424002,0.0021263740,0.0021687743
0.9035000000,0.0000447525,0.0021240979,0.0021688504
0.9036666667,0.0000472197,0.0021217114,0.0021689312
0.9038333333,0.0000498019,0.0021192147,0.0021690166
0.9040000000,0.0000524989,0.0021166079,0.0021691068
0.9041666667,0.0000553107,0.0021138911,0.0021692018
0.9043333333,0.0000582370,0.0021110646,0.0021693016
0.9045000000,0.0000612779,0.0021081285,0.0021694064
0.9046666667,0.0000644331,0.0021050832,0.0021695163
0.9048333333,0.0000677026,0.0021019289,0.0021696314
0.9050000000,0.0000710860,0.0020986657,0.0021697517
0.9051666667,0.0000745833,0.0020952941,0.0021698773
0.9053333333,0.0000781942,0.0020918141,0.0021700083
0.9055000000,0.0000819184,0.0020882262,0.0021701446
0.9056666667,0.0000857558,0.0020845306,0.0021702864
0.9058333333,0.0000897060,0.0020807277,0.0021704337
0.9060000000,0.0000937689,0.0020768179,0.0021705868
0.9061666667,0.0000979441,0.0020728015,0.0021707456
0.9063333333,0.0001022313,0.0020686789,0.0021709102
0.9065000000,0.0001066302,0.0020644504,0.0021710806
0.9066666667,0.0001111406,0.0020601164,0.0021712569
0.9068333333,0.0001157620,0.0020556772,0.0021714392
0.9070000000,0.0001204943,0.0020511332,0.0021716276
0.9071666667,0.0001253371,0.0020464850,0.0021718221
0.9073333333,0.0001302900,0.0020417328,0.0021720228
0.9075000000,0.0001353527,0.0020368771,0.0021722298
0.9076666667,0.0001405249,0.0020319183,0.0021724432
0.9078333333,0.0001458061,0.0020268568,0.0021726628
0.9080000000,0.0001511960,0.0020216929,0.0021728889
0.9081666667,0.0001566942,0.0020164272,0.0021731214
0.9083333333,0.0001623002,0.0020110602,0.0021733605
0.9085000000,0.0001680137,0.0020055926,0.0021736062
0.9086666667,0.0001738341,0.0020000247,0.0021738588
0.9088333333,0.0001797609,0.0019943572,0.0021741181
0.9090000000,0.0001857938,0.0019885905,0.0021743842
0.9091666667,0.0001919321,0.0019827251,0.0021746572
0.9093333333,0.0001981754,0.0019767618,0.0021749371
0.9095000000,0.0002045231,0.0019707009,0.0021752240
0.9096666667,0.0002109747,0.0019645433,0.0021755179
0.9098333333,0.0002175296,0.0019582893,0.0021758189
0.9100000000,0.0002241873,0.0019519397,0.0021761270
0.9101666667,0.0002309473,0.0019454950,0.0021764423
0.9103333333,0.0002378089,0.0019389560,0.0021767648
0.9105000000,0.0002447715,0.0019323231,0.0021770946
0.9106666667,0.0002518345,0.0019255973,0.0021774318
0.9108333333,0.0002589974,0.0019187790,0.0021777764
0.9110000000,0.0002662594,0.0019118690,0.0021781284
0.9111666667,0.0002736200,0.0019048681,0.0021784881
0.9113333333,0.0002810784,0.0018977770,0.0021788554
0.9115000000,0.0002886340,0.0018905965,0.0021792305
0.9116666667,0.0002962860,0.0018833271,0.0021796132
0.9118333333,0.0003040338,0.0018759696,0.0021800034
0.9120000000,0.0003118766,0.0018685245,0.0021804011
0.9121666667,0.0003198137,0.0018609928,0.0021808065
0.9123333333,0.0003278442,0.0018533753,0.0021812195
0.9125000000,0.0003359675,0.0018456731,0.0021816406
0.9126666667,0.0003441827,0.0018378871,0.0021820697
0.9128333333,0.0003524889,0.0018300181,0.0021825070
0.9130000000,0.0003608854,0.0018220669,0.0021829523
0.9131666667,0.0003693714,0.0018140342,0.0021834057
0.9133333333,0.0003779461,0.0018059210,0.0021838670
0.9135000000,0.0003866085,0.0017977280,0.0021843365
0.9136666667,0.0003953578,0.0017894563,0.0021848142
0.9138333333,0.0004041933,0.0017811068,0.0021853000
0.9140000000,0.0004131140,0.0017726800,0.0021857940
0.9141666667,0.0004221190,0.0017641768,0.0021862959
0.9143333333,0.0004312076,0.0017555982,0.0021868058
0.9145000000,0.0004403787,0.0017469452,0.0021873239
0.9146666667,0.0004496315,0.0017382190,0.0021878504
0.9148333333,0.0004589650,0.0017294207,0.0021883857
0.9150000000,0.0004683783,0.0017205513,0.0021889297
0.9151666667,0.0004778706,0.0017116117,0.0021894823
0.9153333333,0.0004874407,0.0017026026,0.0021900433
0.9155000000,0.0004970878,0.0016935249,0.0021906127
0.9156666667,0.0005068110,0.0016843795,0.0021911905
0.9158333333,0.0005166093,0.0016751673,0.0021917766
0.9160000000,0.0005264818,0.0016658893,0.0021923710
0.9161666667,0.0005364274,0.0016565464,0.0021929738
0.9163333333,0.0005464452,0.0016471398,0.0021935850
0.9165000000,0.0005565342,0.0016376706,0.0021942048
0.9166666667,0.0005666933,0.0016281401,0.0021948335
0.9168333333,0.0005769217,0.0016185495,0.0021954712
0.9170000000,0.0005872182,0.0016088997,0.0021961178
0.9171666667,0.0005975817,0.0015991916,0.0021967733
0.9173333333,0.0006080112,0.0015894262,0.0021974375
0.9175000000,0.0006185057,0.0015796044,0.0021981101
0.9176666667,0.0006290640,0.0015697272,0.0021987912
0.9178333333,0.0006396851,0.0015597958,0.0021994809
0.9180000000,0.0006503679,0.0015498113,0.0022001793
0.9181666667,0.0006611114,0.0015397748,0.0022008862
0.9183333333,0.0006719143,0.0015296874,0.0022016017
0.9185000000,0.0006827757,0.0015195502,0.0022023260
0.9186666667,0.0006936945,0.0015093647,0.0022030591
0.9188333333,0.0007046694,0.0014991321,0.0022038015
0.9190000000,0.0007156994,0.0014888537,0.0022045532
0.9191666667,0.0007267835,0.0014785305,0.0022053140
0.9193333333,0.0007379203,0.0014681632,0.0022060835
0.9195000000,0.0007491089,0.0014577526,0.0022068615
0.9196666667,0.0007603480,0.0014472998,0.0022076478
0.9198333333,0.0007716365,0.0014368060,0.0022084425
0.9200000000,0.0007829733,0.0014262725,0.0022092458
0.9201666667,0.0007943571,0.0014157010,0.0022100581
0.9203333333,0.0008057868,0.0014050925,0.0022108794
0.9205000000,0.0008172612,0.0013944484,0.0022117096
0.9206666667,0.0008287791,0.0013837698,0.0022125489
0.9208333333,0.0008403394,0.0013730578,0.0022133972
0.9210000000,0.0008519407,0.0013623136,0.0022142543
0.9211666667,0.0008635820,0.0013515383,0.0022151203
0.9213333333,0.0008752620,0.0013407331,0.0022159951
0.9215000000,0.0008869795,0.0013298989,0.0022168784
0.9216666667,0.0008987332,0.0013190370,0.0022177701
0.9218333333,0.0009105220,0.0013081484,0.0022186704
0.9220000000,0.0009223445,0.0012972347,0.0022195793
0.9221666667,0.0009341997,0.0012862971,0.0022204968
0.9223333333,0.0009460862,0.0012753370,0.0022214232
0.9225000000,0.0009580027,0.0012643558,0.0022223585
0.9226666667,0.0009699482,0.0012533546,0.0022233027
0.9228333333,0.0009819212,0.0012423347,0.0022242559
0.9230000000,0.0009939206,0.0012312972,0.0022252179
0.9231666667,0.0010059451,0.0012202433,0.0022261884
0.9233333333,0.0010179935,0.0012091738,0.0022271673
0.9235000000,0.0010300645,0.0011980900,0.0022281545
0.9236666667,0.0010421567,0.0011869932,0.0022291499
0.9238333333,0.0010542690,0.0011758848,0.0022301537
0.9240000000,0.0010663999,0.0011647662,0.0022311662
0.9241666667,0.0010785484,0.0011536389,0.0022321873
0.9243333333,0.0010907129,0.0011425042,0.0022332171
0.9245000000,0.0011028923,0.0011313633,0.0022342557
0.9246666667,0.0011150853,0.0011202173,0.0022353027
0.9248333333,0.0011272906,0.0011090674,0.0022363581
0.9250000000,0.0011395070,0.0010979148,0.0022374217
0.9251666667,0.0011517330,0.0010867605,0.0022384935
0.9253333333,0.0011639676,0.0010756059,0.0022395735
0.9255000000,0.0011762092,0.0010644524,0.0022406616
0.9256666667,0.0011884567,0.0010533013,0.0022417581
0.9258333333,0.0012007088,0.0010421541,0.0022428628
0.9260000000,0.0012129640,0.0010310118,0.0022439758
0.9261666667,0.0012252211,0.0010198758,0.0022450969
0.9263333333,0.0012374789,0.0010087472,0.0022462260
0.9265000000,0.0012497359,0.0009976273,0.0022473632
0.9266666667,0.0012619908,0.0009865177,0.0022485085
0.9268333333,0.0012742425,0.0009754196,0.0022496621
0.9270000000,0.0012864895,0.0009643343,0.0022508238
0.9271666667,0.0012987305,0.0009532627,0.0022519932
0.9273333333,0.0013109643,0.0009422058,0.0022531701
0.9275000000,0.0013231896,0.0009311649,0.0022543545
0.9276666667,0.0013354049,0.0009201417,0.0022555466
0.9278333333,0.0013476091,0.0009091377,0.0022567468
0.9280000000,0.0013598008,0.0008981544,0.0022579552
0.9281666667,0.0013719787,0.0008871928,0.0022591715
0.9283333333,0.0013841414,0.0008762539,0.0022603953
0.9285000000,0.0013962877,0.0008653385,0.0022616262
0.9286666667,0.0014084162,0.0008544480,0.0022628643
0.9288333333,0.0014205257,0.0008435840,0.0022641097
0.9290000000,0.0014326149,0.0008327479,0.0022653628
0.9291666667,0.0014446824,0.0008219413,0.0022666236
0.9293333333,0.0014567268,0.0008111650,0.0022678919
0.9295000000,0.0014687471,0.0008004202,0.0022691672
0.9296666667,0.0014807417,0.0007897079,0.0022704496
0.9298333333,0.0014927095,0.0007790296,0.0022717391
0.9300000000,0.0015046491,0.0007683867,0.0022730358
0.9301666667,0.0015165592,0.0007577805,0.0022743398
0.9303333333,0.0015284386,0.0007472121,0.0022756507
0.9305000000,0.0015402859,0.0007366824,0.0022769684
0.9306666667,0.0015521000,0.0007261927,0.0022782927
0.9308333333,0.0015638793,0.0007157444,0.0022796238
0.9310000000,0.0015756228,0.0007053389,0.0022809618
0.9311666667,0.0015873291,0.0006949776,0.0022823067
0.9313333333,0.0015989970,0.0006846614,0.0022836584
0.9315000000,0.0016106251,0.0006743914,0.0022850165
0.9316666667,0.0016222122,0.0006641688,0.0022863810
0.9318333333,0.0016337570,0.0006539949,0.0022877519
0.9320000000,0.0016452583,0.0006438712,0.0022891295
0.9321666667,0.0016567148,0.0006337989,0.0022905136
0.9323333333,0.0016681252,0.0006237787,0.0022919040
0.9325000000,0.0016794884,0.0006138117,0.0022933001
0.9326666667,0.0016908031,0.0006038988,0.0022947019
0.9328333333,0.0017020679,0.0005940417,0.0022961096
0.9330000000,0.0017132818,0.0005842418,0.0022975236
0.9331666667,0.0017244434,0.0005745008,0.0022989442
0.9333333333,0.0017355515,0.0005648195,0.0023003711
0.9335000000,0.0017466049,0.0005551987,0.0023018037
0.9336666667,0.0017576024,0.0005456392,0.0023032416
0.9338333333,0.0017685428,0.0005361419,0.0023046847
0.9340000000,0.0017794248,0.0005267085,0.0023061332
0.9341666667,0.0017902472,0.0005173403,0.0023075875
0.9343333333,0.0018010090,0.0005080386,0.0023090476
0.9345000000,0.0018117088,0.0004988043,0.0023105131
0.9346666667,0.0018223456,0.0004896382,0.0023119837
0.9348333333,0.0018329180,0.0004805412,0.0023134592
0.9350000000,0.0018434250,0.0004715147,0.0023149397
0.9351666667,0.0018538654,0.0004625600,0.0023164254
0.9353333333,0.0018642380,0.0004536785,0.0023179166
0.9355000000,0.0018745416,0.0004448713,0.0023194129
0.9356666667,0.0018847752,0.0004361390,0.0023209142
0.9358333333,0.0018949375,0.0004274826,0.0023224201
0.9360000000,0.0019050275,0.0004189028,0.0023239303
0.9361666667,0.0019150441,0.0004104008,0.0023254449
0.9363333333,0.0019249860,0.0004019778,0.0023269639
0.9365000000,0.0019348523,0.0003936349,0.0023284872
0.9366666667,0.0019446418,0.0003853732,0.0023300150
0.9368333333,0.0019543534,0.0003771939,0.0023315472
0.9370000000,0.0019639860,0.0003690980,0.0023330840
0.9371666667,0.0019735385,0.0003610867,0.0023346251
0.9373333333,0.0019830099,0.0003531605,0.0023361704
0.9375000000,0.0019923991,0.0003453205,0.0023377195
0.9376666667,0.0020017050,0.0003375673,0.0023392723
0.9378333333,0.0020109267,0.0003299020,0.0023408287
0.9380000000,0.0020200630,0.0003223257,0.0023423888
0.9381666667,0.0020291130,0.0003148394,0.0023439524
0.9383333333,0.0020380756,0.0003074440,0.0023455196
0.9385000000,0.0020469498,0.0003001403,0.0023470901
0.9386666667,0.0020557346,0.0002929293,0.0023486639
0.9388333333,0.0020644291,0.0002858120,0.0023502410
0.9390000000,0.0020730321,0.0002787895,0.0023518217
0.9391666667,0.0020815429,0.0002718630,0.0023534059
0.9393333333,0.0020899603,0.0002650332,0.0023549935
0.9395000000,0.0020982835,0.0002583005,0.0023565839
0.9396666667,0.0021065114,0.0002516655,0.0023581769
0.9398333333,0.0021146432,0.0002451289,0.0023597722
0.9400000000,0.0021226780,0.0002386917,0.0023613697
0.9401666667,0.0021306147,0.0002323550,0.0023629697
0.9403333333,0.0021384526,0.0002261197,0.0023645723
0.9405000000,0.0021461907,0.0002199869,0.0023661776
0.9406666667,0.0021538281,0.0002139573,0.0023677854
0.9408333333,0.0021613640,0.0002080318,0.0023693959
0.9410000000,0.0021687975,0.0002022113,0.0023710088
0.9411666667,0.0021761277,0.0001964963,0.0023726240
0.9413333333,0.0021833538,0.0001908872,0.0023742411
0.9415000000,0.0021904750,0.0001853845,0.0023758595
0.9416666667,0.0021974904,0.0001799887,0.0023774791
0.9418333333,0.0022043993,0.0001747008,0.0023791001
0.9420000000,0.0022112008,0.0001695220,0.0023807228
0.9421666667,0.0022178942,0.0001644532,0.0023823473
0.9423333333,0.0022244786,0.0001594950,0.0023839735
0.9425000000,0.0022309533,0.0001546479,0.0023856013
0.9426666667,0.0022373177,0.0001499126,0.0023872303
0.9428333333,0.0022435708,0.0001452897,0.0023888605
0.9430000000,0.0022497120,0.0001407801,0.0023904921
0.9431666667,0.0022557406,0.0001363844,0.0023921250
0.9433333333,0.0022616558,0.0001321029,0.0023937587
0.9435000000,0.0022674570,0.0001279356,0.0023953926
0.9436666667,0.0022731435,0.0001238828,0.0023970264
0.9438333333,0.0022787147,0.0001199454,0.0023986601
0.9440000000,0.0022841698,0.0001161246,0.0024002944
0.9441666667,0.0022895082,0.0001124217,0.0024019299
0.9443333333,0.0022947293,0.0001088374,0.0024035668
0.9445000000,0.0022998325,0.0001053719,0.0024052045
0.9446666667,0.0023048172,0.0001020251,0.0024068422
0.9448333333,0.0023096827,0.0000987968,0.0024084795
0.9450000000,0.0023144285,0.0000956877,0.0024101162
0.9451666667,0.0023190540,0.0000926984,0.0024117524
0.9453333333,0.0023235587,0.0000898298,0.0024133884
0.9455000000,0.0023279420,0.0000870822,0.0024150242
0.9456666667,0.0023322033,0.0000844560,0.0024166594
0.9458333333,0.0023363423,0.0000819516,0.0024182939
0.9460000000,0.0023403584,0.0000795696,0.0024199279
0.9461666667,0.0023442510,0.0000773108,0.0024215618
0.9463333333,0.0023480197,0.0000751758,0.0024231954
0.9465000000,0.0023516640,0.0000731647,0.0024248287
0.9466666667,0.0023551835,0.0000712773,0.0024264609
0.9468333333,0.0023585778,0.0000695136,0.0024280914
0.9470000000,0.0023618464,0.0000678738,0.0024297202
0.9471666667,0.0023649889,0.0000663583,0.0024313472
0.9473333333,0.0023680050,0.0000649679,0.0024329729
0.9475000000,0.0023708942,0.0000637032,0.0024345974
0.9476666667,0.0023736561,0.0000625646,0.0024362207
0.9478333333,0.0023762905,0.0000615522,0.0024378427
0.9480000000,0.0023787969,0.0000606664,0.0024394633
0.9481666667,0.0023811750,0.0000599073,0.0024410824
0.9483333333,0.0023834246,0.0000592752,0.0024426998
0.9485000000,0.0023855454,0.0000587698,0.0024443151
0.9486666667,0.0023875369,0.0000583910,0.0024459279
0.9488333333,0.0023893991,0.0000581389,0.0024475380
0.9490000000,0.0023911316,0.0000580137,0.0024491453
0.9491666667,0.0023927341,0.0000580162,0.0024507504
0.9493333333,0.0023942065,0.0000581469,0.0024523535
0.9495000000,0.0023955485,0.0000584061,0.0024539546
0.9496666667,0.0023967600,0.0000587937,0.0024555536
0.9498333333,0.0023978407,0.0000593093,0.0024571500
0.9500000000,0.0023987904,0.0000599530,0.0024587434
0.9501666667,0.0023996091,0.0000607246,0.0024603337
0.9503333333,0.0024002966,0.0000616244,0.0024619210
0.9505000000,0.0024008527,0.0000626525,0.0024635052
0.9506666667,0.0024012773,0.0000638089,0.0024650862
0.9508333333,0.0024015703,0.0000650934,0.0024666637
0.9510000000,0.0024017317,0.0000665061,0.0024682379
0.9511666667,0.0024017614,0.0000680473,0.0024698087
0.9513333333,0.0024016593,0.0000697171,0.0024713764
0.9515000000,0.0024014253,0.0000715157,0.0024729410
0.9516666667,0.0024010595,0.0000734428,0.0024745023
0.9518333333,0.0024005619,0.0000754981,0.0024760600
0.9520000000,0.0023999324,0.0000776811,0.0024776135
0.9521666667,0.0023991710,0.0000799917,0.0024791626
0.9523333333,0.0023982778,0.0000824297,0.0024807075
0.9525000000,0.0023972528,0.0000849955,0.0024822483
0.9526666667,0.0023960961,0.0000876889,0.0024837851
0.9528333333,0.0023948078,0.0000905101,0.0024853179
0.9530000000,0.0023933880,0.0000934589,0.0024868469
0.9531666667,0.0023918367,0.0000965350,0.0024883717
0.9533333333,0.0023901541,0.0000997380,0.0024898921
0.9535000000,0.0023883403,0.0001030675,0.0024914078
0.9536666667,0.0023863954,0.0001065232,0.0024929186
0.9538333333,0.0023843197,0.0001101048,0.0024944245
0.9540000000,0.0023821132,0.0001138123,0.0024959256
0.9541666667,0.0023797763,0.0001176456,0.0024974219
0.9543333333,0.0023773090,0.0001216046,0.0024989136
0.9545000000,0.0023747117,0.0001256887,0.0025004004
0.9546666667,0.0023719845,0.0001298977,0.0025018821
0.9548333333,0.0023691277,0.0001342309,0.0025033586
0.9550000000,0.0023661416,0.0001386883,0.0025048298
0.9551666667,0.0023630264,0.0001432695,0.0025062959
0.9553333333,0.0023597824,0.0001479743,0.0025077567
0.9555000000,0.0023564100,0.0001528022,0.0025092122
0.9556666667,0.0023529095,0.0001577525,0.0025106620
0.9558333333,0.0023492812,0.0001628247,0.0025121059
0.9560000000,0.0023455254,0.0001680185,0.0025135439
0.9561666667,0.0023416425,0.0001733338,0.0025149763
0.9563333333,0.0023376329,0.0001787704,0.0025164033
0.9565000000,0.0023334970,0.0001843279,0.0025178249
0.9566666667,0.0023292352,0.0001900055,0.0025192407
0.9568333333,0.0023248480,0.0001958023,0.0025206503
0.9570000000,0.0023203357,0.0002017177,0.0025220534
0.9571666667,0.0023156988,0.0002077511,0.0025234500
0.9573333333,0.0023109378,0.0002139025,0.0025248403
0.9575000000,0.0023060531,0.0002201716,0.0025262247
0.9576666667,0.0023010453,0.0002265578,0.0025276031
0.9578333333,0.0022959148,0.0002330605,0.0025289753
0.9580000000,0.0022906622,0.0002396788,0.0025303410
0.9581666667,0.0022852880,0.0002464121,0.0025317001
0.9583333333,0.0022797927,0.0002532598,0.0025330525
0.9585000000,0.0022741770,0.0002602213,0.0025343983
0.9586666667,0.0022684414,0.0002672959,0.0025357373
0.9588333333,0.0022625864,0.0002744831,0.0025370695
0.9590000000,0.0022566127,0.0002817820,0.0025383947
0.9591666667,0.0022505210,0.0002891921,0.0025397131
0.9593333333,0.0022443117,0.0002967130,0.0025410247
0.9595000000,0.0022379856,0.0003043439,0.0025423295
0.9596666667,0.0022315434,0.0003120841,0.0025436275
0.9598333333,0.0022249857,0.0003199327,0.0025449184
0.9600000000,0.0022183131,0.0003278887,0.0025462019
0.9601666667,0.0022115265,0.0003359516,0.0025474780
0.9603333333,0.0022046264,0.0003441205,0.0025487469
0.9605000000,0.0021976136,0.0003523949,0.0025500085
0.9606666667,0.0021904889,0.0003607740,0.0025512629
0.9608333333,0.0021832530,0.0003692567,0.0025525097
0.9610000000,0.0021759066,0.0003778423,0.0025537489
0.9611666667,0.0021684506,0.0003865299,0.0025549805
0.9613333333,0.0021608857,0.0003953191,0.0025562048
0.9615000000,0.0021532127,0.0004042092,0.0025574219
0.9616666667,0.0021454324,0.0004131992,0.0025586316
0.9618333333,0.0021375457,0.0004222879,0.0025598336
0.9620000000,0.0021295534,0.0004314741,0.0025610275
0.9621666667,0.0021214564,0.0004407566,0.0025622130
0.9623333333,0.0021132554,0.0004501350,0.0025633903
0.9625000000,0.0021049514,0.0004596086,0.0025645600
0.9626666667,0.0020965453,0.0004691770,0.0025657223
0.9628333333,0.0020880379,0.0004788392,0.0025668771
0.9630000000,0.0020794302,0.0004885938,0.0025680241
0.9631666667,0.0020707231,0.0004984397,0.0025691628
0.9633333333,0.0020619175,0.0005083756,0.0025702931
0.9635000000,0.0020530144,0.0005184007,0.0025714151
0.9636666667,0.0020440147,0.0005285143,0.0025725290
0.9638333333,0.0020349194,0.0005387155,0.0025736349
0.9640000000,0.0020257295,0.0005490033,0.0025747328
0.9641666667,0.0020164459,0.0005593764,0.0025758223
0.9643333333,0.0020070696,0.0005698337,0.0025769033
0.9645000000,0.0019976018,0.0005803742,0.0025779759
0.9646666667,0.0019880433,0.0005909970,0.0025790403
0.9648333333,0.0019783952,0.0006017014,0.0025800966
0.9650000000,0.0019686586,0.0006124862,0.0025811448
0.9651666667,0.0019588345,0.0006233501,0.0025821847
0.9653333333,0.0019489240,0.0006342919,0.0025832160
0.9655000000,0.0019389282,0.0006453103,0.0025842385
0.9656666667,0.0019288481,0.0006564042,0.0025852523
0.9658333333,0.0019186848,0.0006675725,0.0025862574
0.9660000000,0.0019084395,0.0006788144,0.0025872539
0.9661666667,0.0018981133,0.0006901289,0.0025882421
0.9663333333,0.0018877072,0.0007015148,0.0025892220
0.9665000000,0.0018772224,0.0007129710,0.0025901934
0.9666666667,0.0018666601,0.0007244963,0.0025911564
0.9668333333,0.0018560214,0.0007360893,0.0025921108
0.9670000000,0.0018453075,0.0007477488,0.0025930563
0.9671666667,0.0018345195,0.0007594733,0.0025939928
0.9673333333,0.0018236587,0.0007712618,0.0025949205
0.9675000000,0.0018127262,0.0007831132,0.0025958393
0.9676666667,0.0018017231,0.0007950265,0.0025967496
0.9678333333,0.0017906508,0.0008070005,0.0025976513
0.9680000000,0.0017795105,0.0008190340,0.0025985445
0.9681666667,0.0017683033,0.0008311256,0.0025994288
0.9683333333,0.0017570304,0.0008432740,0.0026003045
0.9685000000,0.0017456932,0.0008554781,0.0026011713
0.9686666667,0.0017342929,0.0008677365,0.0026020294
0.9688333333,0.0017228308,0.0008800481,0.0026028789
0.9690000000,0.0017113080,0.0008924114,0.0026037194
0.9691666667,0.0016997259,0.0009048251,0.0026045510
0.9693333333,0.0016880857,0.0009172878,0.0026053735
0.9695000000,0.0016763888,0.0009297983,0.0026061870
0.9696666667,0.0016646364,0.0009423555,0.0026069918
0.9698333333,0.0016528298,0.0009549583,0.0026077881
0.9700000000,0.0016409703,0.0009676056,0.0026085759
0.9701666667,0.0016290593,0.0009802958,0.0026093552
0.9703333333,0.0016170981,0.0009930275,0.0026101256
0.9705000000,0.0016050880,0.0010057992,0.0026108871
0.9706666667,0.0015930302,0.0010186093,0.0026116395
0.9708333333,0.0015809263,0.0010314565,0.0026123828
0.9710000000,0.0015687775,0.0010443397,0.0026131171
0.9711666667,0.0015565851,0.0010572576,0.0026138426
0.9713333333,0.0015443505,0.0010702091,0.0026145596
0.9715000000,0.0015320751,0.0010831930,0.0026152682
0.9716666667,0.0015197603,0.0010962080,0.0026159683
0.9718333333,0.0015074074,0.0011092524,0.0026166598
0.9720000000,0.0014950178,0.0011223246,0.0026173424
0.9721666667,0.0014825929,0.0011354232,0.0026180161
0.9723333333,0.0014701340,0.0011485467,0.0026186808
0.9725000000,0.0014576427,0.0011616939,0.0026193366
0.9726666667,0.0014451202,0.0011748637,0.0026199838
0.9728333333,0.0014325679,0.0011880546,0.0026206225
0.9730000000,0.0014199873,0.0012012653,0.0026212526
0.9731666667,0.0014073798,0.0012144943,0.0026218741
0.9733333333,0.0013947469,0.0012277402,0.0026224870
0.9735000000,0.0013820898,0.0012410017,0.0026230915
0.9736666667,0.0013694101,0.0012542776,0.0026236877
0.9738333333,0.0013567091,0.0012675664,0.0026242755
0.9740000000,0.0013439883,0.0012808664,0.0026248547
0.9741666667,0.0013312492,0.0012941760,0.0026254251
0.9743333333,0.0013184931,0.0013074935,0.0026259865
0.9745000000,0.0013057215,0.0013208178,0.0026265393
0.9746666667,0.0012929358,0.0013341479,0.0026270837
0.9748333333,0.0012801376,0.0013474827,0.0026276203
0.9750000000,0.0012673281,0.0013608210,0.0026281491
0.9751666667,0.0012545090,0.0013741609,0.0026286699
0.9753333333,0.0012416815,0.0013875008,0.0026291823
0.9755000000,0.0012288473,0.0014008388,0.0026296861
0.9756666667,0.0012160076,0.0014141737,0.0026301814
0.9758333333,0.0012031641,0.0014275042,0.0026306683
0.9760000000,0.0011903181,0.0014408290,0.0026311471
0.9761666667,0.0011774711,0.0014541469,0.0026316180
0.9763333333,0.0011646246,0.0014674563,0.0026320810
0.9765000000,0.0011517800,0.0014807560,0.0026325361
0.9766666667,0.0011389388,0.0014940446,0.0026329834
0.9768333333,0.0011261024,0.0015073207,0.0026334232
0.9770000000,0.0011132724,0.0015205829,0.0026338552
0.9771666667,0.0011004501,0.0015338294,0.0026342794
0.9773333333,0.0010876370,0.0015470586,0.0026346957
0.9775000000,0.0010748347,0.0015602693,0.0026351040
0.9776666667,0.0010620445,0.0015734600,0.0026355045
0.9778333333,0.0010492680,0.0015866296,0.0026358976
0.9780000000,0.0010365065,0.0015997771,0.0026362836
0.9781666667,0.0010237616,0.0016129009,0.0026366625
0.9783333333,0.0010110347,0.0016259996,0.0026370342
0.9785000000,0.0009983273,0.0016390715,0.0026373988
0.9786666667,0.0009856408,0.0016521154,0.0026377562
0.9788333333,0.0009729768,0.0016651299,0.0026381066
0.9790000000,0.0009603365,0.0016781135,0.0026384501
0.9791666667,0.0009477216,0.0016910650,0.0026387866
0.9793333333,0.0009351335,0.0017039826,0.0026391162
0.9795000000,0.0009225736,0.0017168653,0.0026394389
0.9796666667,0.0009100434,0.0017297117,0.0026397551
0.9798333333,0.0008975443,0.0017425209,0.0026400652
0.9800000000,0.0008850778,0.0017552916,0.0026403694
0.9801666667,0.0008726453,0.0017680225,0.0026406678
0.9803333333,0.0008602483,0.0017807118,0.0026409601
0.9805000000,0.0008478882,0.0017933579,0.0026412462
0.9806666667,0.0008355665,0.0018059595,0.0026415260
0.9808333333,0.0008232846,0.0018185153,0.0026417998
0.9810000000,0.0008110439,0.0018310243,0.0026420682
0.9811666667,0.0007988458,0.0018434857,0.0026423315
0.9813333333,0.0007866919,0.0018558979,0.0026425897
0.9815000000,0.0007745834,0.0018682596,0.0026428430
0.9816666667,0.0007625219,0.0018805694,0.0026430913
0.9818333333,0.0007505088,0.0018928258,0.0026433346
0.9820000000,0.0007385455,0.0019050277,0.0026435731
0.9821666667,0.0007266334,0.0019171737,0.0026438071
0.9823333333,0.0007147738,0.0019292627,0.0026440365
0.9825000000,0.0007029683,0.0019412932,0.0026442615
0.9826666667,0.0006912182,0.0019532641,0.0026444823
0.9828333333,0.0006795249,0.0019651741,0.0026446990
0.9830000000,0.0006678899,0.0019770221,0.0026449120
0.9831666667,0.0006563144,0.0019888068,0.0026451212
0.9833333333,0.0006447999,0.0020005270,0.0026453269
0.9835000000,0.0006333478,0.0020121812,0.0026455291
0.9836666667,0.0006219594,0.0020237682,0.0026457276
0.9838333333,0.0006106362,0.0020352865,0.0026459227
0.9840000000,0.0005993794,0.0020467349,0.0026461143
0.9841666667,0.0005881905,0.0020581123,0.0026463027
0.9843333333,0.0005770707,0.0020694172,0.0026464879
0.9845000000,0.0005660215,0.0020806486,0.0026466701
0.9846666667,0.0005550442,0.0020918051,0.0026468493
0.9848333333,0.0005441401,0.0021028855,0.0026470256
0.9850000000,0.0005333105,0.0021138886,0.0026471991
0.9851666667,0.0005225568,0.0021248128,0.0026473696
0.9853333333,0.0005118803,0.0021356569,0.0026475371
0.9855000000,0.0005012822,0.0021464194,0.0026477016
0.9856666667,0.0004907640,0.0021570990,0.0026478629
0.9858333333,0.0004803268,0.0021676945,0.0026480213
0.9860000000,0.0004699720,0.0021782049,0.0026481768
0.9861666667,0.0004597008,0.0021886288,0.0026483296
0.9863333333,0.0004495145,0.0021989650,0.0026484795
0.9865000000,0.0004394144,0.0022092120,0.0026486263
0.9866666667,0.0004294016,0.0022193684,0.0026487701
0.9868333333,0.0004194776,0.0022294330,0.0026489106
0.9870000000,0.0004096433,0.0022394046,0.0026490479
0.9871666667,0.0003999002,0.0022492818,0.0026491820
0.9873333333,0.0003902494,0.0022590636,0.0026493130
0.9875000000,0.0003806920,0.0022687488,0.0026494408
0.9876666667,0.0003712294,0.0022783360,0.0026495654
0.9878333333,0.0003618626,0.0022878242,0.0026496868
0.9880000000,0.0003525928,0.0022972122,0.0026498050
0.9881666667,0.0003434212,0.0023064987,0.0026499198
0.9883333333,0.0003343489,0.0023156825,0.0026500314
0.9885000000,0.0003253771,0.0023247625,0.0026501395
0.9886666667,0.0003165068,0.0023337376,0.0026502444
0.9888333333,0.0003077393,0.0023426069,0.0026503461
0.9890000000,0.0002990755,0.0023513692,0.0026504448
0.9891666667,0.0002905166,0.0023600237,0.0026505403
0.9893333333,0.0002820637,0.0023685691,0.0026506327
0.9895000000,0.0002737178,0.0023770044,0.0026507221
0.9896666667,0.0002654799,0.0023853286,0.0026508085
0.9898333333,0.0002573511,0.0023935409,0.0026508920
0.9900000000,0.0002493325,0.0024016403,0.0026509728
0.9901666667,0.0002414250,0.0024096259,0.0026510509
0.9903333333,0.0002336297,0.0024174966,0.0026511263
0.9905000000,0.0002259474,0.0024252516,0.0026511990
0.9906666667,0.0002183793,0.0024328899,0.0026512692
0.9908333333,0.0002109263,0.0024404108,0.0026513370
0.9910000000,0.0002035892,0.0024478135,0.0026514027
0.9911666667,0.0001963691,0.0024550971,0.0026514662
0.9913333333,0.0001892668,0.0024622608,0.0026515275
0.9915000000,0.0001822832,0.0024693034,0.0026515867
0.9916666667,0.0001754193,0.0024762242,0.0026516436
0.9918333333,0.0001686759,0.0024830224,0.0026516983
0.9920000000,0.0001620539,0.0024896973,0.0026517512
0.9921666667,0.0001555540,0.0024962482,0.0026518022
0.9923333333,0.0001491771,0.0025026743,0.0026518514
0.9925000000,0.0001429241,0.0025089748,0.0026518988
0.9926666667,0.0001367957,0.0025151487,0.0026519443
0.9928333333,0.0001307926,0.0025211953,0.0026519879
0.9930000000,0.0001249157,0.0025271139,0.0026520296
0.9931666667,0.0001191657,0.0025329038,0.0026520695
0.9933333333,0.0001135433,0.0025385643,0.0026521076
0.9935000000,0.0001080492,0.0025440947,0.0026521439
0.9936666667,0.0001026841,0.0025494943,0.0026521784
0.9938333333,0.0000974488,0.0025547623,0.0026522111
0.9940000000,0.0000923439,0.0025598983,0.0026522422
0.9941666667,0.0000873700,0.0025649016,0.0026522715
0.9943333333,0.0000825278,0.0025697715,0.0026522992
0.9945000000,0.0000778180,0.0025745073,0.0026523253
0.9946666667,0.0000732411,0.0025791085,0.0026523496
0.9948333333,0.0000687978,0.0025835745,0.0026523723
0.9950000000,0.0000644887,0.0025879048,0.0026523935
0.9951666667,0.0000603143,0.0025920989,0.0026524132
0.9953333333,0.0000562753,0.0025961563,0.0026524316
0.9955000000,0.0000523722,0.0026000764,0.0026524486
0.9956666667,0.0000486055,0.0026038588,0.0026524643
0.9958333333,0.0000449759,0.0026075028,0.0026524787
0.9960000000,0.0000414838,0.0026110082,0.0026524920
0.9961666667,0.0000381296,0.0026143745,0.0026525041
0.9963333333,0.0000349140,0.0026176012,0.0026525153
0.9965000000,0.0000318374,0.0026206879,0.0026525253
0.9966666667,0.0000289003,0.0026236342,0.0026525344
0.9968333333,0.0000261030,0.0026264396,0.0026525426
0.9970000000,0.0000234460,0.0026291039,0.0026525499
0.9971666667,0.0000209298,0.0026316267,0.0026525565
0.9973333333,0.0000185546,0.0026340077,0.0026525624
0.9975000000,0.0000163210,0.0026362465,0.0026525675
0.9976666667,0.0000142292,0.0026383428,0.0026525720
0.9978333333,0.0000122796,0.0026402962,0.0026525758
0.9980000000,0.0000104725,0.0026421065,0.0026525789
0.9981666667,0.0000088082,0.0026437733,0.0026525815
0.9983333333,0.0000072871,0.0026452966,0.0026525836
0.9985000000,0.0000059093,0.0026466760,0.0026525853
0.9986666667,0.0000046752,0.0026479113,0.0026525865
0.9988333333,0.0000035851,0.0026490023,0.0026525874
0.9990000000,0.0000026392,0.0026499487,0.0026525879
0.9991666667,0.0000018376,0.0026507505,0.0026525881
0.9993333333,0.0000011807,0.0026514074,0.0026525881
0.9995000000,0.0000006686,0.0026519194,0.0026525880
0.9996666667,0.0000003016,0.0026522863,0.0026525879
0.9998333333,0.0000000797,0.0026525080,0.0026525877
1.0000000000,0.0000000032,0.0026525845,0.0026525877
1.0001666667,0.0000000722,0.0026525156,0.0026525878
1.0003333333,0.0000002868,0.0026523013,0.0026525881
1.0005000000,0.0000006471,0.0026519417,0.0026525888
1.0006666667,0.0000011533,0.0026514367,0.0026525900
1.0008333333,0.0000018054,0.0026507862,0.0026525917
1.0010000000,0.0000026036,0.0026499904,0.0026525940
1.0011666667,0.0000035478,0.0026490493,0.0026525971
1.0013333333,0.0000046381,0.0026479629,0.0026526010
1.0015000000,0.0000058746,0.0026467313,0.0026526059
1.0016666667,0.0000072573,0.0026453546,0.0026526119
1.0018333333,0.0000087862,0.0026438328,0.0026526190
1.0020000000,0.0000104614,0.0026421661,0.0026526275
1.0021666667,0.0000122828,0.0026403547,0.0026526374
1.0023333333,0.0000142504,0.0026383986,0.0026526490
1.0025000000,0.0000163643,0.0026362980,0.0026526623
1.0026666667,0.0000186243,0.0026340532,0.0026526776
1.0028333333,0.0000210306,0.0026316644,0.0026526950
1.0030000000,0.0000235828,0.0026291318,0.0026527146
1.0031666667,0.0000262811,0.0026264557,0.0026527368
1.0033333333,0.0000291253,0.0026236363,0.0026527616
1.0035000000,0.0000321153,0.0026206739,0.0026527892
1.0036666667,0.0000352509,0.0026175689,0.0026528199
1.0038333333,0.0000385320,0.0026143217,0.0026528538
1.0040000000,0.0000419584,0.0026109327,0.0026528912
1.0041666667,0.0000455299,0.0026074023,0.0026529323
1.0043333333,0.0000492463,0.0026037309,0.0026529772
1.0045000000,0.0000531073,0.0025999189,0.0026530262
1.0046666667,0.0000571126,0.0025959668,0.0026530795
1.0048333333,0.0000612620,0.0025918751,0.0026531371
1.0050000000,0.0000655552,0.0025876442,0.0026531994
1.0051666667,0.0000699918,0.0025832746,0.0026532664
1.0053333333,0.0000745715,0.0025787668,0.0026533383
1.0055000000,0.0000792939,0.0025741212,0.0026534151
1.0056666667,0.0000841587,0.0025693385,0.0026534972
1.0058333333,0.0000891654,0.0025644191,0.0026535845
1.0060000000,0.0000943137,0.0025593637,0.0026536774
1.0061666667,0.0000996031,0.0025541727,0.0026537758
1.0063333333,0.0001050332,0.0025488467,0.0026538799
1.0065000000,0.0001106034,0.0025433863,0.0026539898
1.0066666667,0.0001163135,0.0025377920,0.0026541055
1.0068333333,0.0001221628,0.0025320643,0.0026542271
1.0070000000,0.0001281508,0.0025262038,0.0026543547
1.0071666667,0.0001342772,0.0025202111,0.0026544884
1.0073333333,0.0001405414,0.0025140870,0.0026546284
1.0075000000,0.0001469429,0.0025078319,0.0026547748
1.0076666667,0.0001534811,0.0025014467,0.0026549277
1.0078333333,0.0001601555,0.0024949318,0.0026550873
1.0080000000,0.0001669656,0.0024882878,0.0026552534
1.0081666667,0.0001739107,0.0024815153,0.0026554260
1.0083333333,0.0001809904,0.0024746149,0.0026556053
1.0085000000,0.0001882040,0.0024675873,0.0026557913
1.0086666667,0.0001955508,0.0024604333,0.0026559842
1.0088333333,0.0002030303,0.0024531537,0.0026561840
1.0090000000,0.0002106417,0.0024457493,0.0026563910
1.0091666667,0.0002183844,0.0024382206,0.0026566051
1.0093333333,0.0002262577,0.0024305686,0.0026568262
1.0095000000,0.0002342607,0.0024227939,0.0026570547
1.0096666667,0.0002423929,0.0024148976,0.0026572905
1.0098333333,0.0002506534,0.0024068804,0.0026575338
1.0100000000,0.0002590415,0.0023987432,0.0026577847
1.0101666667,0.0002675563,0.0023904870,0.0026580434
1.0103333333,0.0002761972,0.0023821127,0.0026583099
1.0105000000,0.0002849633,0.0023736213,0.0026585846
1.0106666667,0.0002938537,0.0023650140,0.0026588677
1.0108333333,0.0003028677,0.0023562920,0.0026591597
1.0110000000,0.0003120043,0.0023474564,0.0026594607
1.0111666667,0.0003212628,0.0023385081,0.0026597709
1.0113333333,0.0003306421,0.0023294482,0.0026600903
1.0115000000,0.0003401414,0.0023202778,0.0026604192
1.0116666667,0.0003497598,0.0023109979,0.0026607577
1.0118333333,0.0003594963,0.0023016099,0.0026611062
1.0120000000,0.0003693498,0.0022921151,0.0026614649
1.0121666667,0.0003793195,0.0022825146,0.0026618341
1.0123333333,0.0003894043,0.0022728097,0.0026622140
1.0125000000,0.0003996031,0.0022630012,0.0026626044
1.0126666667,0.0004099150,0.0022530904,0.0026630053
1.0128333333,0.0004203387,0.0022430781,0.0026634168
1.0130000000,0.0004308734,0.0022329655,0.0026638389
1.0131666667,0.0004415178,0.0022227536,0.0026642715
1.0133333333,0.0004522710,0.0022124436,0.0026647146
1.0135000000,0.0004631317,0.0022020365,0.0026651682
1.0136666667,0.0004740988,0.0021915336,0.0026656324
1.0138333333,0.0004851714,0.0021809360,0.0026661073
1.0140000000,0.0004963481,0.0021702448,0.0026665928
1.0141666667,0.0005076279,0.0021594610,0.0026670889
1.0143333333,0.0005190096,0.0021485858,0.0026675954
1.0145000000,0.0005304922,0.0021376201,0.0026681123
1.0146666667,0.0005420743,0.0021265653,0.0026686396
1.0148333333,0.0005537549,0.0021154226,0.0026691775
1.0150000000,0.0005655328,0.0021041935,0.0026697262
1.0151666667,0.0005774067,0.0020928793,0.0026702860
1.0153333333,0.0005893754,0.0020814814,0.0026708568
1.0155000000,0.0006014377,0.0020700012,0.0026714389
1.0156666667,0.0006135924,0.0020584399,0.0026720323
1.0158333333,0.0006258382,0.0020467989,0.0026726371
1.0160000000,0.0006381738,0.0020350797,0.0026732535
1.0161666667,0.0006505981,0.0020232836,0.0026738816
1.0163333333,0.0006631096,0.0020114119,0.0026745215
1.0165000000,0.0006757072,0.0019994660,0.0026751732
1.0166666667,0.0006883895,0.0019874474,0.0026758370
1.0168333333,0.0007011553,0.0019753579,0.0026765132
1.0170000000,0.0007140033,0.0019631989,0.0026772022
1.0171666667,0.0007269320,0.0019509719,0.0026779039
1.0173333333,0.0007399402,0.0019386781,0.0026786182
1.0175000000,0.0007530264,0.0019263187,0.0026793451
1.0176666667,0.0007661894,0.0019138952,0.0026800845
1.0178333333,0.0007794276,0.0019014089,0.0026808366
1.0180000000,0.0007927398,0.0018888617,0.0026816015
1.0181666667,0.0008061245,0.0018762550,0.0026823796
1.0183333333,0.0008195803,0.0018635905,0.0026831708
1.0185000000,0.0008331058,0.0018508694,0.0026839752
1.0186666667,0.0008466996,0.0018380928,0.0026847923
1.0188333333,0.0008603602,0.0018252619,0.0026856221
1.0190000000,0.0008740862,0.0018123780,0.0026864643
1.0191666667,0.0008878763,0.0017994426,0.0026873189
1.0193333333,0.0009017290,0.0017864570,0.0026881860
1.0195000000,0.0009156428,0.0017734224,0.0026890653
1.0196666667,0.0009296163,0.0017603402,0.0026899566
1.0198333333,0.0009436481,0.0017472116,0.0026908598
1.0200000000,0.0009577367,0.0017340381,0.0026917748
1.0201666667,0.0009718806,0.0017208210,0.0026927016
1.0203333333,0.0009860784,0.0017075619,0.0026936403
1.0205000000,0.0010003284,0.0016942621,0.0026945905
1.0206666667,0.0010146294,0.0016809229,0.0026955523
1.0208333333,0.0010289796,0.0016675459,0.0026965255
1.0210000000,0.0010433778,0.0016541325,0.0026975103
1.0211666667,0.0010578222,0.0016406846,0.0026985069
1.0213333333,0.0010723115,0.0016272041,0.0026995156
1.0215000000,0.0010868441,0.0016136925,0.0027005366
1.0216666667,0.0011014184,0.0016001515,0.0027015699
1.0218333333,0.0011160329,0.0015865825,0.0027026154
1.0220000000,0.0011306862,0.0015729868,0.0027036730
1.0221666667,0.0011453765,0.0015593659,0.0027047424
1.0223333333,0.0011601025,0.0015457213,0.0027058238
1.0225000000,0.0011748625,0.0015320546,0.0027069171
1.0226666667,0.0011896551,0.0015183671,0.0027080221
1.0228333333,0.0012044785,0.0015046602,0.0027091387
1.0230000000,0.0012193313,0.0014909352,0.0027102666
1.0231666667,0.0012342120,0.0014771932,0.0027114052
1.0233333333,0.0012491188,0.0014634354,0.0027125543
1.0235000000,0.0012640504,0.0014496629,0.0027137133
1.0236666667,0.0012790051,0.0014358769,0.0027148819
1.0238333333,0.0012939813,0.0014220786,0.0027160598
1.0240000000,0.0013089774,0.0014082695,0.0027172469
1.0241666667,0.0013239920,0.0013944511,0.0027184431
1.0243333333,0.0013390234,0.0013806250,0.0027196484
1.0245000000,0.0013540700,0.0013667926,0.0027208626
1.0246666667,0.0013691302,0.0013529556,0.0027220858
1.0248333333,0.0013842025,0.0013391153,0.0027233177
1.0250000000,0.0013992852,0.0013252733,0.0027245585
1.0251666667,0.0014143767,0.0013114315,0.0027258082
1.0253333333,0.0014294755,0.0012975917,0.0027270672
1.0255000000,0.0014445800,0.0012837558,0.0027283357
1.0256666667,0.0014596885,0.0012699254,0.0027296139
1.0258333333,0.0014747994,0.0012561022,0.0027309017
1.0260000000,0.0014899113,0.0012422879,0.0027321992
1.0261666667,0.0015050224,0.0012284840,0.0027335064
1.0263333333,0.0015201312,0.0012146922,0.0027348234
1.0265000000,0.0015352360,0.0012009143,0.0027361503
1.0266666667,0.0015503353,0.0011871518,0.0027374870
1.0268333333,0.0015654273,0.0011734061,0.0027388334
1.0270000000,0.0015805105,0.0011596787,0.0027401892
1.0271666667,0.0015955833,0.0011459714,0.0027415546
1.0273333333,0.0016106440,0.0011322857,0.0027429297
1.0275000000,0.0016256910,0.0011186234,0.0027443144
1.0276666667,0.0016407228,0.0011049861,0.0027457089
1.0278333333,0.0016557377,0.0010913753,0.0027471129
1.0280000000,0.0016707341,0.0010777921,0.0027485262
1.0281666667,0.0016857104,0.0010642383,0.0027499487
1.0283333333,0.0017006651,0.0010507153,0.0027513805
1.0285000000,0.0017155965,0.0010372252,0.0027528217
1.0286666667,0.0017305030,0.0010237697,0.0027542727
1.0288333333,0.0017453830,0.0010103507,0.0027557337
1.0290000000,0.0017602349,0.0009969696,0.0027572045
1.0291666667,0.0017750570,0.0009836279,0.0027586849
1.0293333333,0.0017898478,0.0009703269,0.0027601747
1.0295000000,0.0018046057,0.0009570683,0.0027616739
1.0296666667,0.0018193290,0.0009438537,0.0027631827
1.0298333333,0.0018340163,0.0009306849,0.0027647012
1.0300000000,0.0018486659,0.0009175638,0.0027662297
1.0301666667,0.0018632762,0.0009044919,0.0027677681
1.0303333333,0.0018778456,0.0008914706,0.0027693162
1.0305000000,0.0018923727,0.0008785010,0.0027708737
1.0306666667,0.0019068557,0.0008655846,0.0027724403
1.0308333333,0.0019212931,0.0008527227,0.0027740158
1.0310000000,0.0019356834,0.0008399167,0.0027756002
1.0311666667,0.0019500250,0.0008271681,0.0027771932
1.0313333333,0.0019643164,0.0008144783,0.0027787946
1.0315000000,0.0019785559,0.0008018483,0.0027804042
1.0316666667,0.0019927420,0.0007892794,0.0027820214
1.0318333333,0.0020068733,0.0007767726,0.0027836460
1.0320000000,0.0020209482,0.0007643294,0.0027852775
1.0321666667,0.0020349651,0.0007519509,0.0027869160
1.0323333333,0.0020489225,0.0007396387,0.0027885612
1.0325000000,0.0020628189,0.0007273940,0.0027902129
1.0326666667,0.0020766528,0.0007152181,0.0027918709
1.0328333333,0.0020904227,0.0007031125,0.0027935353
1.0330000000,0.0021041271,0.0006910791,0.0027952062
1.0331666667,0.0021177646,0.0006791196,0.0027968842
1.0333333333,0.0021313335,0.0006672360,0.0027985695
1.0335000000,0.0021448325,0.0006554299,0.0028002624
1.0336666667,0.0021582600,0.0006437030,0.0028019630
1.0338333333,0.0021716146,0.0006320565,0.0028036712
1.0340000000,0.0021848949,0.0006204921,0.0028053870
1.0341666667,0.0021980993,0.0006090113,0.0028071106
1.0343333333,0.0022112264,0.0005976160,0.0028088424
1.0345000000,0.0022242748,0.0005863076,0.0028105824
1.0346666667,0.0022372430,0.0005750876,0.0028123306
1.0348333333,0.0022501296,0.0005639570,0.0028140867
1.0350000000,0.0022629332,0.0005529168,0.0028158500
1.0351666667,0.0022756524,0.0005419678,0.0028176202
1.0353333333,0.0022882858,0.0005311110,0.0028193968
1.0355000000,0.0023008320,0.0005203475,0.0028211795
1.0356666667,0.0023132896,0.0005096786,0.0028229682
1.0358333333,0.0023256573,0.0004991053,0.0028247626
1.0360000000,0.0023379336,0.0004886292,0.0028265628
1.0361666667,0.0023501173,0.0004782515,0.0028283688
1.0363333333,0.0023622069,0.0004679736,0.0028301805
1.0365000000,0.0023742012,0.0004577967,0.0028319979
1.0366666667,0.0023860988,0.0004477219,0.0028338207
1.0368333333,0.0023978984,0.0004377505,0.0028356488
1.0370000000,0.0024095986,0.0004278837,0.0028374823
1.0371666667,0.0024211983,0.0004181231,0.0028393215
1.0373333333,0.0024326962,0.0004084704,0.0028411665
1.0375000000,0.0024440909,0.0003989267,0.0028430176
1.0376666667,0.0024553812,0.0003894931,0.0028448743
1.0378333333,0.0024665658,0.0003801703,0.0028467360
1.0380000000,0.0024776435,0.0003709591,0.0028486025
1.0381666667,0.0024886130,0.0003618605,0.0028504735
1.0383333333,0.0024994731,0.0003528758,0.0028523489
1.0385000000,0.0025102227,0.0003440060,0.0028542287
1.0386666667,0.0025208605,0.0003352521,0.0028561126
1.0388333333,0.0025313853,0.0003266147,0.0028580000
1.0390000000,0.0025417960,0.0003180949,0.0028598909
1.0391666667,0.0025520914,0.0003096940,0.0028617854
1.0393333333,0.0025622704,0.0003014135,0.0028636839
1.0395000000,0.0025723318,0.0002932549,0.0028655868
1.0396666667,0.0025822745,0.0002852195,0.0028674940
1.0398333333,0.0025920974,0.0002773080,0.0028694054
1.0400000000,0.0026017994,0.0002695211,0.0028713205
1.0401666667,0.0026113793,0.0002618601,0.0028732394
1.0403333333,0.0026208361,0.0002543265,0.0028751626
1.0405000000,0.0026301687,0.0002469219,0.0028770906
1.0406666667,0.0026393762,0.0002396474,0.0028790236
1.0408333333,0.0026484574,0.0002325038,0.0028809612
1.0410000000,0.0026574114,0.0002254912,0.0028829026
1.0411666667,0.0026662370,0.0002186099,0.0028848470
1.0413333333,0.0026749334,0.0002118606,0.0028867941
1.0415000000,0.0026834996,0.0002052442,0.0028887438
1.0416666667,0.0026919345,0.0001987617,0.0028906962
1.0418333333,0.0027002372,0.0001924139,0.0028926511
1.0420000000,0.0027084068,0.0001862014,0.0028946081
1.0421666667,0.0027164423,0.0001801244,0.0028965667
1.0423333333,0.0027243428,0.0001741838,0.0028985266
1.0425000000,0.0027321076,0.0001683802,0.0029004877
1.0426666667,0.0027397355,0.0001627146,0.0029024502
1.0428333333,0.0027472259,0.0001571880,0.0029044139
1.0430000000,0.0027545778,0.0001518012,0.0029063790
1.0431666667,0.0027617904,0.0001465548,0.0029083452
1.0433333333,0.0027688628,0.0001414499,0.0029103127
1.0435000000,0.0027757943,0.0001364876,0.0029122819
1.0436666667,0.0027825840,0.0001316688,0.0029142529
1.0438333333,0.0027892313,0.0001269946,0.0029162259
1.0440000000,0.0027957352,0.0001224656,0.0029182009
1.0441666667,0.0028020952,0.0001180824,0.0029201776
1.0443333333,0.0028083103,0.0001138456,0.0029221559
1.0445000000,0.0028143800,0.0001097557,0.0029241357
1.0446666667,0.0028203034,0.0001058136,0.0029261170
1.0448333333,0.0028260800,0.0001020197,0.0029280997
1.0450000000,0.0028317090,0.0000983744,0.0029300834
1.0451666667,0.0028371898,0.0000948782,0.0029320680
1.0453333333,0.0028425217,0.0000915313,0.0029340530
1.0455000000,0.0028477042,0.0000883340,0.0029360382
1.0456666667,0.0028527366,0.0000852868,0.0029380234
1.0458333333,0.0028576183,0.0000823896,0.0029400080
1.0460000000,0.0028623488,0.0000796428,0.0029419915
1.0461666667,0.0028669274,0.0000770463,0.0029439738
1.0463333333,0.0028713537,0.0000746009,0.0029459546
1.0465000000,0.0028756271,0.0000723072,0.0029479343
1.0466666667,0.0028797472,0.0000701662,0.0029499134
1.0468333333,0.0028837133,0.0000681785,0.0029518919
1.0470000000,0.0028875251,0.0000663446,0.0029538697
1.0471666667,0.0028911821,0.0000646644,0.0029558466
1.0473333333,0.0028946839,0.0000631384,0.0029578222
1.0475000000,0.0028980299,0.0000617670,0.0029597969
1.0476666667,0.0029012199,0.0000605509,0.0029617707
1.0478333333,0.0029042533,0.0000594908,0.0029637441
1.0480000000,0.0029071299,0.0000585871,0.0029657170
1.0481666667,0.0029098492,0.0000578397,0.0029676890
1.0483333333,0.0029124110,0.0000572486,0.0029696596
1.0485000000,0.0029148150,0.0000568135,0.0029716284
1.0486666667,0.0029170607,0.0000565344,0.0029735951
1.0488333333,0.0029191479,0.0000564116,0.0029755595
1.0490000000,0.0029210764,0.0000564452,0.0029775216
1.0491666667,0.0029228459,0.0000566352,0.0029794811
1.0493333333,0.0029244561,0.0000569819,0.0029814380
1.0495000000,0.0029259069,0.0000574852,0.0029833921
1.0496666667,0.0029271980,0.0000581455,0.0029853435
1.0498333333,0.0029283292,0.0000589631,0.0029872923
1.0500000000,0.0029293004,0.0000599384,0.0029892388
1.0501666667,0.0029301114,0.0000610714,0.0029911829
1.0503333333,0.0029307622,0.0000623622,0.0029931244
1.0505000000,0.0029312525,0.0000638105,0.0029950630
1.0506666667,0.0029315823,0.0000654161,0.0029969984
1.0508333333,0.0029317515,0.0000671790,0.0029989305
1.0510000000,0.0029317600,0.0000690990,0.0030008590
1.0511666667,0.0029316078,0.0000711763,0.0030027842
1.0513333333,0.0029312949,0.0000734109,0.0030047058
1.0515000000,0.0029308213,0.0000758023,0.0030066235
1.0516666667,0.0029301869,0.0000783501,0.0030085370
1.0518333333,0.0029293918,0.0000810538,0.0030104456
1.0520000000,0.0029284361,0.0000839132,0.0030123493
1.0521666667,0.0029273198,0.0000869284,0.0030142482
1.0523333333,0.0029260429,0.0000900999,0.0030161428
1.0525000000,0.0029246056,0.0000934281,0.0030180338
1.0526666667,0.0029230080,0.0000969132,0.0030199213
1.0528333333,0.0029212502,0.0001005550,0.0030218052
1.0530000000,0.0029193324,0.0001043528,0.0030236853
1.0531666667,0.0029172548,0.0001083064,0.0030255612
1.0533333333,0.0029150175,0.0001124152,0.0030274327
1.0535000000,0.0029126207,0.0001166790,0.0030292997
1.0536666667,0.0029100647,0.0001210975,0.0030311622
1.0538333333,0.0029073497,0.0001256701,0.0030330197
1.0540000000,0.0029044759,0.0001303960,0.0030348719
1.0541666667,0.0029014436,0.0001352745,0.0030367182
1.0543333333,0.0028982532,0.0001403051,0.0030385583
1.0545000000,0.0028949049,0.0001454873,0.0030403922
1.0546666667,0.0028913990,0.0001508205,0.0030422195
1.0548333333,0.0028877360,0.0001563043,0.0030440403
1.0550000000,0.0028839161,0.0001619383,0.0030458544
1.0551666667,0.0028799398,0.0001677223,0.0030476621
1.0553333333,0.0028758074,0.0001736563,0.0030494637
1.0555000000,0.0028715193,0.0001797405,0.0030512598
1.0556666667,0.0028670760,0.0001859747,0.0030530507
1.0558333333,0.0028624780,0.0001923585,0.0030548365
1.0560000000,0.0028577257,0.0001988913,0.0030566169
1.0561666667,0.0028528195,0.0002055721,0.0030583916
1.0563333333,0.0028477600,0.0002124002,0.0030601603
1.0565000000,0.0028425478,0.0002193749,0.0030619227
1.0566666667,0.0028371833,0.0002264956,0.0030636788
1.0568333333,0.0028316671,0.0002337613,0.0030654284
1.0570000000,0.0028259997,0.0002411713,0.0030671710
1.0571666667,0.0028201818,0.0002487245,0.0030689063
1.0573333333,0.0028142140,0.0002564200,0.0030706340
1.0575000000,0.0028080968,0.0002642572,0.0030723541
1.0576666667,0.0028018310,0.0002722353,0.0030740663
1.0578333333,0.0027954171,0.0002803534,0.0030757706
1.0580000000,0.0027888559,0.0002886108,0.0030774667
1.0581666667,0.0027821480,0.0002970069,0.0030791549
1.0583333333,0.0027752941,0.0003055412,0.0030808353
1.0585000000,0.0027682950,0.0003142136,0.0030825085
1.0586666667,0.0027611513,0.0003230237,0.0030841750
1.0588333333,0.0027538639,0.0003319708,0.0030858347
1.0590000000,0.0027464335,0.0003410536,0.0030874871
1.0591666667,0.0027388609,0.0003502708,0.0030891317
1.0593333333,0.0027311469,0.0003596213,0.0030907682
1.0595000000,0.0027232923,0.0003691044,0.0030923967
1.0596666667,0.0027152980,0.0003787196,0.0030940176
1.0598333333,0.0027071648,0.0003884662,0.0030956310
1.0600000000,0.0026988935,0.0003983432,0.0030972367
1.0601666667,0.0026904851,0.0004083490,0.0030988341
1.0603333333,0.0026819405,0.0004184822,0.0031004227
1.0605000000,0.0026732605,0.0004287415,0.0031020020
1.0606666667,0.0026644461,0.0004391262,0.0031035722
1.0608333333,0.0026554982,0.0004496354,0.0031051337
1.0610000000,0.0026464178,0.0004602685,0.0031066864
1.0611666667,0.0026372059,0.0004710243,0.0031082302
1.0613333333,0.0026278634,0.0004819017,0.0031097652
1.0615000000,0.0026183914,0.0004928996,0.0031112911
1.0616666667,0.0026087909,0.0005040172,0.0031128081
1.0618333333,0.0025990629,0.0005152537,0.0031143166
1.0620000000,0.0025892084,0.0005266080,0.0031158164
1.0621666667,0.0025792286,0.0005380789,0.0031173075
1.0623333333,0.0025691244,0.0005496650,0.0031187895
1.0625000000,0.0025588971,0.0005613652,0.0031202622
1.0626666667,0.0025485476,0.0005731783,0.0031217259
1.0628333333,0.0025380772,0.0005851035,0.0031231807
1.0630000000,0.0025274869,0.0005971397,0.0031246266
1.0631666667,0.0025167779,0.0006092855,0.0031260634
1.0633333333,0.0025059514,0.0006215393,0.0031274907
1.0635000000,0.0024950085,0.0006338994,0.0031289079
1.0636666667,0.0024839504,0.0006463647,0.0031303151
1.0638333333,0.0024727784,0.0006589339,0.0031317123
1.0640000000,0.0024614936,0.0006716062,0.0031330998
1.0641666667,0.0024500973,0.0006843804,0.0031344777
1.0643333333,0.0024385907,0.0006972555,0.0031358462
1.0645000000,0.0024269750,0.0007102301,0.0031372051
1.0646666667,0.0024152516,0.0007233026,0.0031385542
1.0648333333,0.0024034217,0.0007364718,0.0031398936
1.0650000000,0.0023914866,0.0007497364,0.0031412230
1.0651666667,0.0023794476,0.0007630949,0.0031425426
1.0653333333,0.0023673061,0.0007765461,0.0031438522
1.0655000000,0.0023550633,0.0007900884,0.0031451517
1.0656666667,0.0023427206,0.0008037207,0.0031464413
1.0658333333,0.0023302794,0.0008174415,0.0031477209
1.0660000000,0.0023177409,0.0008312494,0.0031489904
1.0661666667,0.0023051067,0.0008451430,0.0031502497
1.0663333333,0.0022923780,0.0008591206,0.0031514986
1.0665000000,0.0022795564,0.0008731807,0.0031527370
1.0666666667,0.0022666430,0.0008873220,0.0031539650
1.0668333333,0.0022536395,0.0009015434,0.0031551829
1.0670000000,0.0022405473,0.0009158438,0.0031563911
1.0671666667,0.0022273677,0.0009302218,0.0031575895
1.0673333333,0.0022141023,0.0009446759,0.0031587782
1.0675000000,0.0022007524,0.0009592041,0.0031599566
1.0676666667,0.0021873197,0.0009738047,0.0031611244
1.0678333333,0.0021738054,0.0009884760,0.0031622815
1.0680000000,0.0021602113,0.0010032165,0.0031634278
1.0681666667,0.0021465386,0.0010180248,0.0031645635
1.0683333333,0.0021327890,0.0010328995,0.0031656885
1.0685000000,0.0021189641,0.0010478388,0.0031668029
1.0686666667,0.0021050652,0.0010628412,0.0031679064
1.0688333333,0.0020910939,0.0010779051,0.0031689990
1.0690000000,0.0020770519,0.0010930291,0.0031700809
1.0691666667,0.0020629406,0.0011082119,0.0031711525
1.0693333333,0.0020487616,0.0011234523,0.0031722139
1.0695000000,0.0020345165,0.0011387488,0.0031732653
1.0696666667,0.0020202069,0.0011540999,0.0031743068
1.0698333333,0.0020058343,0.0011695039,0.0031753382
1.0700000000,0.0019914004,0.0011849590,0.0031763594
1.0701666667,0.0019769068,0.0012004635,0.0031773703
1.0703333333,0.0019623551,0.0012160157,0.0031783708
1.0705000000,0.0019477469,0.0012316137,0.0031793606
1.0706666667,0.0019330838,0.0012472556,0.0031803394
1.0708333333,0.0019183675,0.0012629394,0.0031813069
1.0710000000,0.0019035995,0.0012786634,0.0031822629
1.0711666667,0.0018887817,0.0012944260,0.0031832077
1.0713333333,0.0018739155,0.0013102260,0.0031841415
1.0715000000,0.0018590028,0.0013260621,0.0031850649
1.0716666667,0.0018440450,0.0013419329,0.0031859779
1.0718333333,0.0018290439,0.0013578367,0.0031868806
1.0720000000,0.0018140013,0.0013737718,0.0031877731
1.0721666667,0.0017989187,0.0013897367,0.0031886554
1.0723333333,0.0017837978,0.0014057298,0.0031895276
1.0725000000,0.0017686405,0.0014217495,0.0031903899
1.0726666667,0.0017534482,0.0014377942,0.0031912425
1.0728333333,0.0017382229,0.0014538621,0.0031920850
1.0730000000,0.0017229661,0.0014699509,0.0031929170
1.0731666667,0.0017076796,0.0014860585,0.0031937381
1.0733333333,0.0016923652,0.0015021829,0.0031945481
1.0735000000,0.0016770244,0.0015183223,0.0031953467
1.0736666667,0.0016616591,0.0015344753,0.0031961344
1.0738333333,0.0016462710,0.0015506403,0.0031969113
1.0740000000,0.0016308618,0.0015668159,0.0031976777
1.0741666667,0.0016154333,0.0015830005,0.0031984338
1.0743333333,0.0015999871,0.0015991926,0.0031991797
1.0745000000,0.0015845250,0.0016153905,0.0031999155
1.0746666667,0.0015690488,0.0016315926,0.0032006414
1.0748333333,0.0015535603,0.0016477972,0.0032013575
1.0750000000,0.0015380611,0.0016640027,0.0032020638
1.0751666667,0.0015225531,0.0016802073,0.0032027603
1.0753333333,0.0015070379,0.0016964091,0.0032034470
1.0755000000,0.0014915174,0.0017126064,0.0032041237
1.0756666667,0.0014759933,0.0017287970,0.0032047903
1.0758333333,0.0014604673,0.0017449792,0.0032054465
1.0760000000,0.0014449413,0.0017611509,0.0032060922
1.0761666667,0.0014294169,0.0017773105,0.0032067274
1.0763333333,0.0014138960,0.0017934563,0.0032073523
1.0765000000,0.0013983803,0.0018095866,0.0032079669
1.0766666667,0.0013828715,0.0018257001,0.0032085716
1.0768333333,0.0013673715,0.0018417951,0.0032091666
1.0770000000,0.0013518820,0.0018578701,0.0032097520
1.0771666667,0.0013364047,0.0018739233,0.0032103280
1.0773333333,0.0013209414,0.0018899531,0.0032108945
1.0775000000,0.0013054939,0.0019059575,0.0032114514
1.0776666667,0.0012900640,0.0019219349,0.0032119989
1.0778333333,0.0012746534,0.0019378836,0.0032125369
1.0780000000,0.0012592638,0.0019538018,0.0032130655
1.0781666667,0.0012438971,0.0019696877,0.0032135847
1.0783333333,0.0012285549,0.0019855396,0.0032140945
1.0785000000,0.0012132391,0.0020013556,0.0032145947
1.0786666667,0.0011979514,0.0020171341,0.0032150854
1.0788333333,0.0011826935,0.0020328733,0.0032155668
1.0790000000,0.0011674672,0.0020485715,0.0032160387
1.0791666667,0.0011522743,0.0020642271,0.0032165014
1.0793333333,0.0011371164,0.0020798384,0.0032169548
1.0795000000,0.0011219953,0.0020954038,0.0032173992
1.0796666667,0.0011069129,0.0021109218,0.0032178346
1.0798333333,0.0010918707,0.0021263907,0.0032182614
1.0800000000,0.0010768705,0.0021418090,0.0032186795
1.0801666667,0.0010619141,0.0021571749,0.0032190890
1.0803333333,0.0010470031,0.0021724866,0.0032194897
1.0805000000,0.0010321394,0.0021877421,0.0032198815
1.0806666667,0.0010173246,0.0022029399,0.0032202645
1.0808333333,0.0010025604,0.0022180785,0.0032206389
1.0810000000,0.0009878485,0.0022331565,0.0032210050
1.0811666667,0.0009731907,0.0022481722,0.0032213629
1.0813333333,0.0009585886,0.0022631241,0.0032217127
1.0815000000,0.0009440439,0.0022780102,0.0032220541
1.0816666667,0.0009295584,0.0022928286,0.0032223870
1.0818333333,0.0009151336,0.0023075778,0.0032227114
1.0820000000,0.0009007713,0.0023222564,0.0032230277
1.0821666667,0.0008864731,0.0023368629,0.0032233360
1.0823333333,0.0008722407,0.0023513959,0.0032236366
1.0825000000,0.0008580758,0.0023658538,0.0032239296
1.0826666667,0.0008439800,0.0023802349,0.0032242148
1.0828333333,0.0008299549,0.0023945373,0.0032244922
1.0830000000,0.0008160022,0.0024087596,0.0032247618
1.0831666667,0.0008021235,0.0024229003,0.0032250238
1.0833333333,0.0007883205,0.0024369579,0.0032252783
1.0835000000,0.0007745947,0.0024509309,0.0032255256
1.0836666667,0.0007609477,0.0024648178,0.0032257655
1.0838333333,0.0007473812,0.0024786170,0.0032259982
1.0840000000,0.0007338968,0.0024923269,0.0032262237
1.0841666667,0.0007204960,0.0025059461,0.0032264421
1.0843333333,0.0007071804,0.0025194733,0.0032266537
1.0845000000,0.0006939516,0.0025329069,0.0032268584
1.0846666667,0.0006808111,0.0025462452,0.0032270563
1.0848333333,0.0006677605,0.0025594869,0.0032272474
1.0850000000,0.0006548013,0.0025726303,0.0032274317
1.0851666667,0.0006419351,0.0025856742,0.0032276093
1.0853333333,0.0006291633,0.0025986173,0.0032277806
1.0855000000,0.0006164876,0.0026114581,0.0032279457
1.0856666667,0.0006039093,0.0026241951,0.0032281044
1.0858333333,0.0005914300,0.0026368269,0.0032282569
1.0860000000,0.0005790512,0.0026493518,0.0032284030
1.0861666667,0.0005667743,0.0026617686,0.0032285429
1.0863333333,0.0005546008,0.0026740760,0.0032286768
1.0865000000,0.0005425321,0.0026862728,0.0032288049
1.0866666667,0.0005305697,0.0026983577,0.0032289275
1.0868333333,0.0005187151,0.0027103295,0.0032290446
1.0870000000,0.0005069696,0.0027221867,0.0032291563
1.0871666667,0.0004953346,0.0027339279,0.0032292625
1.0873333333,0.0004838116,0.0027455518,0.0032293634
1.0875000000,0.0004724019,0.0027570571,0.0032294590
1.0876666667,0.0004611068,0.0027684424,0.0032295492
1.0878333333,0.0004499279,0.0027797064,0.0032296343
1.0880000000,0.0004388663,0.0027908480,0.0032297143
1.0881666667,0.0004279235,0.0028018658,0.0032297893
1.0883333333,0.0004171007,0.0028127587,0.0032298594
1.0885000000,0.0004063992,0.0028235256,0.0032299248
1.0886666667,0.0003958205,0.0028341651,0.0032299855
1.0888333333,0.0003853656,0.0028446761,0.0032300417
1.0890000000,0.0003750360,0.0028550575,0.0032300935
1.0891666667,0.0003648328,0.0028653083,0.0032301411
1.0893333333,0.0003547573,0.0028754274,0.0032301846
1.0895000000,0.0003448107,0.0028854137,0.0032302244
1.0896666667,0.0003349943,0.0028952661,0.0032302604
1.0898333333,0.0003253092,0.0029049833,0.0032302926
1.0900000000,0.0003157566,0.0029145642,0.0032303208
1.0901666667,0.0003063377,0.0029240075,0.0032303452
1.0903333333,0.0002970536,0.0029333122,0.0032303658
1.0905000000,0.0002879055,0.0029424773,0.0032303828
1.0906666667,0.0002788944,0.0029515018,0.0032303962
1.0908333333,0.0002700215,0.0029603848,0.0032304063
1.0910000000,0.0002612878,0.0029691254,0.0032304132
1.0911666667,0.0002526944,0.0029777227,0.0032304171
1.0913333333,0.0002442423,0.0029861758,0.0032304181
1.0915000000,0.0002359326,0.0029944838,0.0032304164
1.0916666667,0.0002277662,0.0030026460,0.0032304122
1.0918333333,0.0002197443,0.0030106612,0.0032304055
1.0920000000,0.0002118677,0.0030185287,0.0032303964
1.0921666667,0.0002041373,0.0030262475,0.0032303848
1.0923333333,0.0001965542,0.0030338168,0.0032303710
1.0925000000,0.0001891192,0.0030412356,0.0032303548
1.0926666667,0.0001818333,0.0030485032,0.0032303366
1.0928333333,0.0001746973,0.0030556189,0.0032303162
1.0930000000,0.0001677121,0.0030625817,0.0032302938
1.0931666667,0.0001608785,0.0030693909,0.0032302694
1.0933333333,0.0001541973,0.0030760460,0.0032302433
1.0935000000,0.0001476693,0.0030825463,0.0032302156
1.0936666667,0.0001412954,0.0030888912,0.0032301866
1.0938333333,0.0001350764,0.0030950802,0.0032301565
1.0940000000,0.0001290129,0.0031011125,0.0032301254
1.0941666667,0.0001231058,0.0031069875,0.0032300933
1.0943333333,0.0001173557,0.0031127045,0.0032300603
1.0945000000,0.0001117635,0.0031182628,0.0032300263
1.0946666667,0.0001063298,0.0031236617,0.0032299915
1.0948333333,0.0001010552,0.0031289007,0.0032299560
1.0950000000,0.0000959405,0.0031339793,0.0032299198
1.0951666667,0.0000909864,0.0031388967,0.0032298831
1.0953333333,0.0000861934,0.0031436526,0.0032298460
1.0955000000,0.0000815622,0.0031482465,0.0032298087
1.0956666667,0.0000770934,0.0031526778,0.0032297712
1.0958333333,0.0000727877,0.0031569461,0.0032297337
1.0960000000,0.0000686455,0.0031610509,0.0032296964
1.0961666667,0.0000646675,0.0031649919,0.0032296594
1.0963333333,0.0000608541,0.0031687687,0.0032296228
1.0965000000,0.0000572061,0.0031723806,0.0032295867
1.0966666667,0.0000537237,0.0031758275,0.0032295512
1.0968333333,0.0000504076,0.0031791087,0.0032295164
1.0970000000,0.0000472582,0.0031822241,0.0032294823
1.0971666667,0.0000442760,0.0031851731,0.0032294490
1.0973333333,0.0000414613,0.0031879554,0.0032294167
1.0975000000,0.0000388146,0.0031905709,0.0032293855
1.0976666667,0.0000363363,0.0031930191,0.0032293555
1.0978333333,0.0000340268,0.0031953000,0.0032293267
1.0980000000,0.0000318863,0.0031974131,0.0032292994
1.0981666667,0.0000299153,0.0031993584,0.0032292737
1.0983333333,0.0000281140,0.0032011356,0.0032292497
1.0985000000,0.0000264828,0.0032027446,0.0032292274
1.0986666667,0.0000250220,0.0032041851,0.0032292071
1.0988333333,0.0000237318,0.0032054569,0.0032291887
1.0990000000,0.0000226124,0.0032065600,0.0032291724
1.0991666667,0.0000216642,0.0032074941,0.0032291583
1.0993333333,0.0000208874,0.0032082591,0.0032291465
1.0995000000,0.0000202822,0.0032088550,0.0032291372
1.0996666667,0.0000198487,0.0032092816,0.0032291303
1.0998333333,0.0000195872,0.0032095389,0.0032291261
1.1000000000,0.0000194978,0.0032096268,0.0032291246
1.1001666667,0.0000195808,0.0032095452,0.0032291260
1.1003333333,0.0000198361,0.0032092942,0.0032291303
1.1005000000,0.0000202641,0.0032088736,0.0032291377
1.1006666667,0.0000208647,0.0032082836,0.0032291482
1.1008333333,0.0000216380,0.0032075240,0.0032291620
1.1010000000,0.0000225842,0.0032065950,0.0032291792
1.1011666667,0.0000237033,0.0032054965,0.0032291998
1.1013333333,0.0000249954,0.0032042287,0.0032292241
1.1015000000,0.0000264605,0.0032027915,0.0032292520
1.1016666667,0.0000280986,0.0032011851,0.0032292837
1.1018333333,0.0000299097,0.0031994096,0.0032293193
1.1020000000,0.0000318939,0.0031974651,0.0032293590
1.1021666667,0.0000340511,0.0031953516,0.0032294027
1.1023333333,0.0000363813,0.0031930694,0.0032294507
1.1025000000,0.0000388845,0.0031906184,0.0032295029
1.1026666667,0.0000415606,0.0031879989,0.0032295595
1.1028333333,0.0000444096,0.0031852110,0.0032296206
1.1030000000,0.0000474315,0.0031822549,0.0032296863
1.1031666667,0.0000506260,0.0031791308,0.0032297568
1.1033333333,0.0000539932,0.0031758389,0.0032298320
1.1035000000,0.0000575328,0.0031723794,0.0032299122
1.1036666667,0.0000612448,0.0031687525,0.0032299974
1.1038333333,0.0000651290,0.0031649586,0.0032300876
1.1040000000,0.0000691852,0.0031609978,0.0032301830
1.1041666667,0.0000734131,0.0031568706,0.0032302837
1.1043333333,0.0000778126,0.0031525772,0.0032303898
1.1045000000,0.0000823834,0.0031481181,0.0032305014
1.1046666667,0.0000871251,0.0031434935,0.0032306186
1.1048333333,0.0000920376,0.0031387038,0.0032307414
1.1050000000,0.0000971204,0.0031337496,0.0032308700
1.1051666667,0.0001023733,0.0031286312,0.0032310044
1.1053333333,0.0001077957,0.0031233491,0.0032311448
1.1055000000,0.0001133874,0.0031179037,0.0032312912
1.1056666667,0.0001191480,0.0031122957,0.0032314436
1.1058333333,0.0001250769,0.0031065255,0.0032316024
1.1060000000,0.0001311738,0.0031005937,0.0032317675
1.1061666667,0.0001374382,0.0030945010,0.0032319391
1.1063333333,0.0001438695,0.0030882478,0.0032321173
1.1065000000,0.0001504673,0.0030818346,0.0032323019
1.1066666667,0.0001572310,0.0030752620,0.0032324930
1.1068333333,0.0001641601,0.0030685306,0.0032326908
1.1070000000,0.0001712541,0.0030616413,0.0032328954
1.1071666667,0.0001785123,0.0030545947,0.0032331070
1.1073333333,0.0001859342,0.0030473914,0.0032333257
1.1075000000,0.0001935192,0.0030400323,0.0032335515
1.1076666667,0.0002012666,0.0030325178,0.0032337844
1.1078333333,0.0002091758,0.0030248486,0.0032340244
1.1080000000,0.0002172463,0.0030170256,0.0032342718
1.1081666667,0.0002254772,0.0030090494,0.0032345266
1.1083333333,0.0002338680,0.0030009211,0.0032347891
1.1085000000,0.0002424179,0.0029926412,0.0032350591
1.1086666667,0.0002511261,0.0029842106,0.0032353368
1.1088333333,0.0002599921,0.0029756300,0.0032356221
1.1090000000,0.0002690149,0.0029669002,0.0032359151
1.1091666667,0.0002781938,0.0029580222,0.0032362160
1.1093333333,0.0002875280,0.0029489967,0.0032365248
1.1095000000,0.0002970166,0.0029398248,0.0032368415
1.1096666667,0.0003066588,0.0029305074,0.0032371662
1.1098333333,0.0003164537,0.0029210454,0.0032374991
1.1100000000,0.0003264003,0.0029114399,0.0032378402
1.1101666667,0.0003364977,0.0029016919,0.0032381897
1.1103333333,0.0003467451,0.0028918026,0.0032385477
1.1105000000,0.0003571414,0.0028817729,0.0032389143
1.1106666667,0.0003676857,0.0028716036,0.0032392894
1.1108333333,0.0003783770,0.0028612959,0.0032396729
1.1110000000,0.0003892144,0.0028508506,0.0032400650
1.1111666667,0.0004001967,0.0028402690,0.0032404657
1.1113333333,0.0004113229,0.0028295522,0.0032408751
1.1115000000,0.0004225921,0.0028187012,0.0032412933
1.1116666667,0.0004340031,0.0028077173,0.0032417204
1.1118333333,0.0004455549,0.0027966015,0.0032421564
1.1120000000,0.0004572463,0.0027853549,0.0032426012
1.1121666667,0.0004690762,0.0027739788,0.0032430550
1.1123333333,0.0004810434,0.0027624745,0.0032435179
1.1125000000,0.0004931467,0.0027508434,0.0032439901
1.1126666667,0.0005053850,0.0027390868,0.0032444718
1.1128333333,0.0005177569,0.0027272060,0.0032449630
1.1130000000,0.0005302614,0.0027152022,0.0032454636
1.1131666667,0.0005428970,0.0027030766,0.0032459736
1.1133333333,0.0005556625,0.0026908303,0.0032464929
1.1135000000,0.0005685567,0.0026784646,0.0032470213
1.1136666667,0.0005815783,0.0026659807,0.0032475590
1.1138333333,0.0005947259,0.0026533802,0.0032481061
1.1140000000,0.0006079982,0.0026406647,0.0032486628
1.1141666667,0.0006213938,0.0026278355,0.0032492293
1.1143333333,0.0006349115,0.0026148941,0.0032498056
1.1145000000,0.0006485499,0.0026018419,0.0032503918
1.1146666667,0.0006623076,0.0025886802,0.0032509878
1.1148333333,0.0006761832,0.0025754106,0.0032515938
1.1150000000,0.0006901753,0.0025620345,0.0032522098
1.1151666667,0.0007042826,0.0025485533,0.0032528359
1.1153333333,0.0007185035,0.0025349684,0.0032534720
1.1155000000,0.0007328368,0.0025212813,0.0032541180
1.1156666667,0.0007472808,0.0025074930,0.0032547738
1.1158333333,0.0007618342,0.0024936052,0.0032554394
1.1160000000,0.0007764956,0.0024796192,0.0032561148
1.1161666667,0.0007912633,0.0024655369,0.0032568001
1.1163333333,0.0008061358,0.0024513598,0.0032574956
1.1165000000,0.0008211118,0.0024370896,0.0032582014
1.1166666667,0.0008361896,0.0024227280,0.0032589176
1.1168333333,0.0008513678,0.0024082766,0.0032596443
1.1170000000,0.0008666447,0.0023937369,0.0032603816
1.1171666667,0.0008820188,0.0023791107,0.0032611295
1.1173333333,0.0008974885,0.0023643993,0.0032618878
1.1175000000,0.0009130523,0.0023496041,0.0032626564
1.1176666667,0.0009287086,0.0023347264,0.0032634350
1.1178333333,0.0009444557,0.0023197679,0.0032642236
1.1180000000,0.0009602920,0.0023047303,0.0032650223
1.1181666667,0.0009762159,0.0022896153,0.0032658312
1.1183333333,0.0009922258,0.0022744248,0.0032666506
1.1185000000,0.0010083199,0.0022591607,0.0032674806
1.1186666667,0.0010244965,0.0022438247,0.0032683213
1.1188333333,0.0010407541,0.0022284185,0.0032691726
1.1190000000,0.0010570908,0.0022129439,0.0032700346
1.1191666667,0.0010735050,0.0021974024,0.0032709074
1.1193333333,0.0010899950,0.0021817959,0.0032717909
1.1195000000,0.0011065591,0.0021661259,0.0032726850
1.1196666667,0.0011231955,0.0021503940,0.0032735896
1.1198333333,0.0011399026,0.0021346019,0.0032745045
1.1200000000,0.0011566787,0.0021187510,0.0032754297
1.1201666667,0.0011735220,0.0021028431,0.0032763651
1.1203333333,0.0011904307,0.0020868800,0.0032773107
1.1205000000,0.0012074031,0.0020708637,0.0032782668
1.1206666667,0.0012244375,0.0020547961,0.0032792335
1.1208333333,0.0012415319,0.0020386793,0.0032802112
1.1210000000,0.0012586847,0.0020225153,0.0032811999
1.1211666667,0.0012758939,0.0020063058,0.0032821997
1.1213333333,0.0012931579,0.0019900524,0.0032832103
1.1215000000,0.0013104747,0.0019737566,0.0032842313
1.1216666667,0.0013278425,0.0019574199,0.0032852625
1.1218333333,0.0013452596,0.0019410442,0.0032863039
1.1220000000,0.0013627241,0.0019246315,0.0032873556
1.1221666667,0.0013802341,0.0019081838,0.0032884179
1.1223333333,0.0013977879,0.0018917029,0.0032894907
1.1225000000,0.0014153835,0.0018751906,0.0032905740
1.1226666667,0.0014330191,0.0018586486,0.0032916677
1.1228333333,0.0014506929,0.0018420789,0.0032927717
1.1230000000,0.0014684029,0.0018254835,0.0032938864
1.1231666667,0.0014861474,0.0018088646,0.0032950120
1.1233333333,0.0015039244,0.0017922241,0.0032961485
1.1235000000,0.0015217321,0.0017755636,0.0032972956
1.1236666667,0.0015395685,0.0017588846,0.0032984531
1.1238333333,0.0015574317,0.0017421887,0.0032996205
1.1240000000,0.0015753200,0.0017254778,0.0033007978
1.1241666667,0.0015932313,0.0017087540,0.0033019853
1.1243333333,0.0016111638,0.0016920193,0.0033031831
1.1245000000,0.0016291156,0.0016752758,0.0033043914
1.1246666667,0.0016470847,0.0016585252,0.0033056099
1.1248333333,0.0016650692,0.0016417695,0.0033068387
1.1250000000,0.0016830673,0.0016250105,0.0033080777
1.1251666667,0.0017010769,0.0016082503,0.0033093272
1.1253333333,0.0017190962,0.0015914909,0.0033105871
1.1255000000,0.0017371233,0.0015747341,0.0033118573
1.1256666667,0.0017551561,0.0015579815,0.0033131376
1.1258333333,0.0017731929,0.0015412347,0.0033144276
1.1260000000,0.0017912316,0.0015244956,0.0033157272
1.1261666667,0.0018092703,0.0015077663,0.0033170366
1.1263333333,0.0018273071,0.0014910489,0.0033183560
1.1265000000,0.0018453401,0.0014743455,0.0033196856
1.1266666667,0.0018633673,0.0014576580,0.0033210254
1.1268333333,0.0018813869,0.0014409880,0.0033223749
1.1270000000,0.0018993968,0.0014243373,0.0033237341
1.1271666667,0.0019173952,0.0014077077,0.0033251029
1.1273333333,0.0019353801,0.0013911015,0.0033264815
1.1275000000,0.0019533495,0.0013745205,0.0033278700
1.1276666667,0.0019713015,0.0013579667,0.0033292682
1.1278333333,0.0019892342,0.0013414418,0.0033306761
1.1280000000,0.0020071457,0.0013249475,0.0033320932
1.1281666667,0.0020250339,0.0013084856,0.0033335195
1.1283333333,0.0020428970,0.0012920580,0.0033349550
1.1285000000,0.0020607330,0.0012756668,0.0033363998
1.1286666667,0.0020785401,0.0012593141,0.0033378542
1.1288333333,0.0020963163,0.0012430019,0.0033393182
1.1290000000,0.0021140598,0.0012267319,0.0033407917
1.1291666667,0.0021317685,0.0012105060,0.0033422744
1.1293333333,0.0021494405,0.0011943256,0.0033437661
1.1295000000,0.0021670740,0.0011781926,0.0033452666
1.1296666667,0.0021846671,0.0011621087,0.0033467758
1.1298333333,0.0022022177,0.0011460760,0.0033482937
1.1300000000,0.0022197240,0.0011300964,0.0033498204
1.1301666667,0.0022371841,0.0011141721,0.0033513562
1.1303333333,0.0022545961,0.0010983049,0.0033529010
1.1305000000,0.0022719581,0.0010824966,0.0033544547
1.1306666667,0.0022892682,0.0010667487,0.0033560169
1.1308333333,0.0023065245,0.0010510631,0.0033575876
1.1310000000,0.0023237252,0.0010354415,0.0033591667
1.1311666667,0.0023408684,0.0010198857,0.0033607542
1.1313333333,0.0023579523,0.0010043979,0.0033623501
1.1315000000,0.0023749749,0.0009889797,0.0033639545
1.1316666667,0.0023919343,0.0009736327,0.0033655671
1.1318333333,0.0024088289,0.0009583587,0.0033671876
1.1320000000,0.0024256565,0.0009431593,0.0033688159
1.1321666667,0.0024424156,0.0009280364,0.0033704520
1.1323333333,0.0024591041,0.0009129920,0.0033720961
1.1325000000,0.0024757203,0.0008980280,0.0033737483
1.1326666667,0.0024922624,0.0008831463,0.0033754087
1.1328333333,0.0025087285,0.0008683484,0.0033770769
1.1330000000,0.0025251168,0.0008536360,0.0033787529
1.1331666667,0.0025414257,0.0008390107,0.0033804363
1.1333333333,0.0025576531,0.0008244739,0.0033821271
1.1335000000,0.0025737974,0.0008100276,0.0033838250
1.1336666667,0.0025898569,0.0007956733,0.0033855302
1.1338333333,0.0026058296,0.0007814128,0.0033872424
1.1340000000,0.0026217139,0.0007672477,0.0033889616
1.1341666667,0.0026375080,0.0007531799,0.0033906879
1.1343333333,0.0026532102,0.0007392111,0.0033924214
1.1345000000,0.0026688188,0.0007253432,0.0033941620
1.1346666667,0.0026843319,0.0007115778,0.0033959098
1.1348333333,0.0026997480,0.0006979164,0.0033976644
1.1350000000,0.0027150653,0.0006843604,0.0033994257
1.1351666667,0.0027302820,0.0006709113,0.0034011933
1.1353333333,0.0027453966,0.0006575705,0.0034029671
1.1355000000,0.0027604073,0.0006443400,0.0034047473
1.1356666667,0.0027753125,0.0006312213,0.0034065339
1.1358333333,0.0027901106,0.0006182162,0.0034083267
1.1360000000,0.0028047998,0.0006053260,0.0034101257
1.1361666667,0.0028193786,0.0005925520,0.0034119306
1.1363333333,0.0028338453,0.0005798958,0.0034137411
1.1365000000,0.0028481983,0.0005673590,0.0034155573
1.1366666667,0.0028624361,0.0005549433,0.0034173794
1.1368333333,0.0028765571,0.0005426505,0.0034192076
1.1370000000,0.0028905596,0.0005304823,0.0034210419
1.1371666667,0.0029044421,0.0005184400,0.0034228821
1.1373333333,0.0029182031,0.0005065244,0.0034247275
1.1375000000,0.0029318410,0.0004947368,0.0034265778
1.1376666667,0.0029453543,0.0004830783,0.0034284326
1.1378333333,0.0029587415,0.0004715506,0.0034302921
1.1380000000,0.0029720010,0.0004601555,0.0034321565
1.1381666667,0.0029851315,0.0004488947,0.0034340262
1.1383333333,0.0029981315,0.0004377697,0.0034359011
1.1385000000,0.0030109994,0.0004267816,0.0034377810
1.1386666667,0.0030237338,0.0004159315,0.0034396653
1.1388333333,0.0030363334,0.0004052206,0.0034415540
1.1390000000,0.0030487966,0.0003946504,0.0034434470
1.1391666667,0.0030611221,0.0003842224,0.0034453445
1.1393333333,0.0030733085,0.0003739380,0.0034472465
1.1395000000,0.0030853544,0.0003637984,0.0034491528
1.1396666667,0.0030972585,0.0003538045,0.0034510630
1.1398333333,0.0031090194,0.0003439573,0.0034529766
1.1400000000,0.0031206357,0.0003342579,0.0034548936
1.1401666667,0.0031321063,0.0003247077,0.0034568140
1.1403333333,0.0031434297,0.0003153082,0.0034587379
1.1405000000,0.0031546048,0.0003060607,0.0034606655
1.1406666667,0.0031656301,0.0002969667,0.0034625968
1.1408333333,0.0031765046,0.0002880272,0.0034645318
1.1410000000,0.0031872268,0.0002792433,0.0034664701
1.1411666667,0.0031977957,0.0002706160,0.0034684117
1.1413333333,0.0032082099,0.0002621464,0.0034703563
1.1415000000,0.0032184684,0.0002538353,0.0034723037
1.1416666667,0.0032285699,0.0002456836,0.0034742535
1.1418333333,0.0032385133,0.0002376921,0.0034762054
1.1420000000,0.0032482975,0.0002298618,0.0034781593
1.1421666667,0.0032579213,0.0002221941,0.0034801155
1.1423333333,0.0032673837,0.0002146904,0.0034820741
1.1425000000,0.0032766835,0.0002073518,0.0034840354
1.1426666667,0.0032858197,0.0002001794,0.0034859992
1.1428333333,0.0032947912,0.0001931740,0.0034879653
1.1430000000,0.0033035970,0.0001863363,0.0034899333
1.1431666667,0.0033122361,0.0001796670,0.0034919030
1.1433333333,0.0033207074,0.0001731670,0.0034938743
1.1435000000,0.0033290099,0.0001668371,0.0034958471
1.1436666667,0.0033371429,0.0001606784,0.0034978212
1.1438333333,0.0033451052,0.0001546914,0.0034997965
1.1440000000,0.0033528960,0.0001488768,0.0035017727
1.1441666667,0.0033605143,0.0001432354,0.0035037496
1.1443333333,0.0033679593,0.0001377681,0.0035057273
1.1445000000,0.0033752300,0.0001324759,0.0035077059
1.1446666667,0.0033823257,0.0001273600,0.0035096857
1.1448333333,0.0033892454,0.0001224213,0.0035116667
1.1450000000,0.0033959884,0.0001176605,0.0035136489
1.1451666667,0.0034025539,0.0001130780,0.0035156319
1.1453333333,0.0034089411,0.0001086740,0.0035176152
1.1455000000,0.0034151493,0.0001044490,0.0035195983
1.1456666667,0.0034211777,0.0001004031,0.0035215807
1.1458333333,0.0034270255,0.0000965370,0.0035235625
1.1460000000,0.0034326922,0.0000928516,0.0035255437
1.1461666667,0.0034381769,0.0000893479,0.0035275248
1.1463333333,0.0034434791,0.0000860269,0.0035295060
1.1465000000,0.0034485981,0.0000828893,0.0035314874
1.1466666667,0.0034535333,0.0000799355,0.0035334688
1.1468333333,0.0034582840,0.0000771657,0.0035354497
1.1470000000,0.0034628498,0.0000745799,0.0035374297
1.1471666667,0.0034672300,0.0000721787,0.0035394087
1.1473333333,0.0034714241,0.0000699624,0.0035413865
1.1475000000,0.0034754315,0.0000679316,0.0035433631
1.1476666667,0.0034792519,0.0000660866,0.0035453384
1.1478333333,0.0034828846,0.0000644275,0.0035473121
1.1480000000,0.0034863292,0.0000629546,0.0035492839
1.1481666667,0.0034895854,0.0000616685,0.0035512538
1.1483333333,0.0034926526,0.0000605696,0.0035532222
1.1485000000,0.0034955305,0.0000596588,0.0035551893
1.1486666667,0.0034982187,0.0000589365,0.0035571552
1.1488333333,0.0035007168,0.0000584028,0.0035591196
1.1490000000,0.0035030246,0.0000580576,0.0035610822
1.1491666667,0.0035051416,0.0000579007,0.0035630423
1.1493333333,0.0035070676,0.0000579321,0.0035649997
1.1495000000,0.0035088023,0.0000581519,0.0035669542
1.1496666667,0.0035103455,0.0000585603,0.0035689059
1.1498333333,0.0035116970,0.0000591577,0.0035708547
1.1500000000,0.0035128564,0.0000599442,0.0035728006
1.1501666667,0.0035138237,0.0000609200,0.0035747437
1.1503333333,0.0035145987,0.0000620855,0.0035766841
1.1505000000,0.0035151811,0.0000634409,0.0035786220
1.1506666667,0.0035155710,0.0000649864,0.0035805574
1.1508333333,0.0035157681,0.0000667218,0.0035824899
1.1510000000,0.0035157724,0.0000686465,0.0035844189
1.1511666667,0.0035155839,0.0000707601,0.0035863439
1.1513333333,0.0035152024,0.0000730623,0.0035882647
1.1515000000,0.0035146280,0.0000755532,0.0035901812
1.1516666667,0.0035138607,0.0000782332,0.0035920939
1.1518333333,0.0035129005,0.0000811025,0.0035940030
1.1520000000,0.0035117475,0.0000841610,0.0035959085
1.1521666667,0.0035104016,0.0000874085,0.0035978101
1.1523333333,0.0035088630,0.0000908446,0.0035997076
1.1525000000,0.0035071318,0.0000944689,0.0036016007
1.1526666667,0.0035052081,0.0000982813,0.0036034894
1.1528333333,0.0035030921,0.0001022818,0.0036053738
1.1530000000,0.0035007839,0.0001064699,0.0036072538
1.1531666667,0.0034982838,0.0001108453,0.0036091291
1.1533333333,0.0034955919,0.0001154073,0.0036109992
1.1535000000,0.0034927085,0.0001201555,0.0036128640
1.1536666667,0.0034896338,0.0001250895,0.0036147234
1.1538333333,0.0034863682,0.0001302095,0.0036165776
1.1540000000,0.0034829118,0.0001355151,0.0036184270
1.1541666667,0.0034792651,0.0001410064,0.0036202715
1.1543333333,0.0034754284,0.0001466826,0.0036221110
1.1545000000,0.0034714019,0.0001525433,0.0036239453
1.1546666667,0.0034671863,0.0001585877,0.0036257739
1.1548333333,0.0034627817,0.0001648151,0.0036275968
1.1550000000,0.0034581887,0.0001712248,0.0036294135
1.1551666667,0.0034534077,0.0001778163,0.0036312240
1.1553333333,0.0034484391,0.0001845892,0.0036330283
1.1555000000,0.0034432835,0.0001915430,0.0036348265
1.1556666667,0.0034379413,0.0001986775,0.0036366188
1.1558333333,0.0034324131,0.0002059922,0.0036384053
1.1560000000,0.0034266995,0.0002134863,0.0036401857
1.1561666667,0.0034208009,0.0002211591,0.0036419600
1.1563333333,0.0034147181,0.0002290095,0.0036437276
1.1565000000,0.0034084516,0.0002370369,0.0036454885
1.1566666667,0.0034020020,0.0002452405,0.0036472425
1.1568333333,0.0033953700,0.0002536196,0.0036489897
1.1570000000,0.0033885564,0.0002621736,0.0036507300
1.1571666667,0.0033815616,0.0002709017,0.0036524634
1.1573333333,0.0033743866,0.0002798032,0.0036541898
1.1575000000,0.0033670319,0.0002888772,0.0036559092
1.1576666667,0.0033594985,0.0002981230,0.0036576215
1.1578333333,0.0033517870,0.0003075397,0.0036593267
1.1580000000,0.0033438983,0.0003171264,0.0036610247
1.1581666667,0.0033358331,0.0003268822,0.0036627153
1.1583333333,0.0033275924,0.0003368060,0.0036643984
1.1585000000,0.0033191769,0.0003468969,0.0036660737
1.1586666667,0.0033105875,0.0003571538,0.0036677413
1.1588333333,0.0033018251,0.0003675760,0.0036694011
1.1590000000,0.0032928907,0.0003781625,0.0036710532
1.1591666667,0.0032837852,0.0003889123,0.0036726975
1.1593333333,0.0032745095,0.0003998243,0.0036743338
1.1595000000,0.0032650646,0.0004108975,0.0036759621
1.1596666667,0.0032554515,0.0004221309,0.0036775824
1.1598333333,0.0032456713,0.0004335235,0.0036791948
1.1600000000,0.0032357248,0.0004450743,0.0036807992
1.1601666667,0.0032256133,0.0004567821,0.0036823953
1.1603333333,0.0032153377,0.0004686452,0.0036839829
1.1605000000,0.0032048991,0.0004806624,0.0036855616
1.1606666667,0.0031942987,0.0004928326,0.0036871314
1.1608333333,0.0031835376,0.0005051549,0.0036886925
1.1610000000,0.0031726169,0.0005176284,0.0036902453
1.1611666667,0.0031615378,0.0005302522,0.0036917900
1.1613333333,0.0031503014,0.0005430249,0.0036933263
1.1615000000,0.0031389090,0.0005559450,0.0036948540
1.1616666667,0.0031273618,0.0005690108,0.0036963726
1.1618333333,0.0031156609,0.0005822209,0.0036978818
1.1620000000,0.0031038077,0.0005955740,0.0036993818
1.1621666667,0.0030918035,0.0006090690,0.0037008725
1.1623333333,0.0030796494,0.0006227048,0.0037023542
1.1625000000,0.0030673469,0.0006364801,0.0037038269
1.1626666667,0.0030548972,0.0006503934,0.0037052906
1.1628333333,0.0030423016,0.0006644434,0.0037067450
1.1630000000,0.0030295616,0.0006786286,0.0037081901
1.1631666667,0.0030166784,0.0006929475,0.0037096259
1.1633333333,0.0030036535,0.0007073988,0.0037110524
1.1635000000,0.0029904883,0.0007219811,0.0037124694
1.1636666667,0.0029771842,0.0007366927,0.0037138770
1.1638333333,0.0029637427,0.0007515322,0.0037152749
1.1640000000,0.0029501651,0.0007664979,0.0037166630
1.1641666667,0.0029364530,0.0007815882,0.0037180412
1.1643333333,0.0029226078,0.0007968018,0.0037194095
1.1645000000,0.0029086310,0.0008121371,0.0037207681
1.1646666667,0.0028945242,0.0008275929,0.0037221171
1.1648333333,0.0028802889,0.0008431675,0.0037234564
1.1650000000,0.0028659266,0.0008588595,0.0037247861
1.1651666667,0.0028514389,0.0008746672,0.0037261061
1.1653333333,0.0028368273,0.0008905888,0.0037274161
1.1655000000,0.0028220935,0.0009066226,0.0037287161
1.1656666667,0.0028072391,0.0009227668,0.0037300059
1.1658333333,0.0027922656,0.0009390198,0.0037312853
1.1660000000,0.0027771747,0.0009553798,0.0037325544
1.1661666667,0.0027619680,0.0009718452,0.0037338133
1.1663333333,0.0027466473,0.0009884147,0.0037350620
1.1665000000,0.0027312141,0.0010050867,0.0037363007
1.1666666667,0.0027156702,0.0010218595,0.0037375296
1.1668333333,0.0027000172,0.0010387314,0.0037387486
1.1670000000,0.0026842569,0.0010557005,0.0037399574
1.1671666667,0.0026683910,0.0010727648,0.0037411558
1.1673333333,0.0026524213,0.0010899223,0.0037423435
1.1675000000,0.0026363494,0.0011071713,0.0037435207
1.1676666667,0.0026201772,0.0011245101,0.0037446873
1.1678333333,0.0026039064,0.0011419372,0.0037458436
1.1680000000,0.0025875388,0.0011594508,0.0037469896
1.1681666667,0.0025710762,0.0011770490,0.0037481253
1.1683333333,0.0025545204,0.0011947301,0.0037492505
1.1685000000,0.0025378733,0.0012124919,0.0037503652
1.1686666667,0.0025211366,0.0012303329,0.0037514695
1.1688333333,0.0025043123,0.0012482511,0.0037525634
1.1690000000,0.0024874021,0.0012662448,0.0037536469
1.1691666667,0.0024704079,0.0012843121,0.0037547201
1.1693333333,0.0024533317,0.0013024510,0.0037557827
1.1695000000,0.0024361752,0.0013206594,0.0037568346
1.1696666667,0.0024189405,0.0013389353,0.0037578757
1.1698333333,0.0024016293,0.0013572767,0.0037589060
1.1700000000,0.0023842436,0.0013756819,0.0037599255
1.1701666667,0.0023667853,0.0013941493,0.0037609346
1.1703333333,0.0023492564,0.0014126770,0.0037619334
1.1705000000,0.0023316588,0.0014312632,0.0037629219
1.1706666667,0.0023139944,0.0014499058,0.0037639002
1.1708333333,0.0022962653,0.0014686027,0.0037648680
1.1710000000,0.0022784733,0.0014873517,0.0037658251
1.1711666667,0.0022606205,0.0015061507,0.0037667712
1.1713333333,0.0022427088,0.0015249977,0.0037677065
1.1715000000,0.0022247402,0.0015438908,0.0037686310
1.1716666667,0.0022067168,0.0015628283,0.0037695451
1.1718333333,0.0021886405,0.0015818083,0.0037704487
1.1720000000,0.0021705133,0.0016008288,0.0037713421
1.1721666667,0.0021523372,0.0016198877,0.0037722249
1.1723333333,0.0021341144,0.0016389828,0.0037730972
1.1725000000,0.0021158467,0.0016581121,0.0037739589
1.1726666667,0.0020975363,0.0016772738,0.0037748102
1.1728333333,0.0020791852,0.0016964659,0.0037756512
1.1730000000,0.0020607955,0.0017156863,0.0037764818
1.1731666667,0.0020423692,0.0017349328,0.0037773019
1.1733333333,0.0020239083,0.0017542031,0.0037781113
1.1735000000,0.0020054149,0.0017734951,0.0037789100
1.1736666667,0.0019868911,0.0017928069,0.0037796981
1.1738333333,0.0019683390,0.0018121369,0.0037804759
1.1740000000,0.0019497607,0.0018314829,0.0037812436
1.1741666667,0.0019311581,0.0018508431,0.0037820012
1.1743333333,0.0019125335,0.0018702153,0.0037827488
1.1745000000,0.0018938889,0.0018895972,0.0037834861
1.1746666667,0.0018752264,0.0019089868,0.0037842132
1.1748333333,0.0018565481,0.0019283820,0.0037849300
1.1750000000,0.0018378561,0.0019477805,0.0037856366
1.1751666667,0.0018191525,0.0019671804,0.0037863328
1.1753333333,0.0018004393,0.0019865793,0.0037870186
1.1755000000,0.0017817188,0.0020059753,0.0037876942
1.1756666667,0.0017629931,0.0020253667,0.0037883597
1.1758333333,0.0017442641,0.0020447515,0.0037890156
1.1760000000,0.0017255341,0.0020641279,0.0037896620
1.1761666667,0.0017068052,0.0020834936,0.0037902988
1.1763333333,0.0016880794,0.0021028464,0.0037909258
1.1765000000,0.0016693590,0.0021221838,0.0037915428
1.1766666667,0.0016506459,0.0021415037,0.0037921496
1.1768333333,0.0016319424,0.0021608043,0.0037927467
1.1770000000,0.0016132505,0.0021800836,0.0037933341
1.1771666667,0.0015945724,0.0021993397,0.0037939121
1.1773333333,0.0015759102,0.0022185704,0.0037944806
1.1775000000,0.0015572660,0.0022377736,0.0037950396
1.1776666667,0.0015386419,0.0022569472,0.0037955891
1.1778333333,0.0015200400,0.0022760894,0.0037961294
1.1780000000,0.0015014625,0.0022951983,0.0037966608
1.1781666667,0.0014829114,0.0023142719,0.0037971833
1.1783333333,0.0014643890,0.0023333080,0.0037976970
1.1785000000,0.0014458972,0.0023523044,0.0037982015
1.1786666667,0.0014274382,0.0023712587,0.0037986969
1.1788333333,0.0014090141,0.0023901690,0.0037991831
1.1790000000,0.0013906271,0.0024090333,0.0037996604
1.1791666667,0.0013722791,0.0024278500,0.0038001291
1.1793333333,0.0013539723,0.0024466171,0.0038005894
1.1795000000,0.0013357089,0.0024653328,0.0038010416
1.1796666667,0.0013174908,0.0024839950,0.0038014858
1.1798333333,0.0012993203,0.0025026018,0.0038019221
1.1800000000,0.0012811993,0.0025211510,0.0038023503
1.1801666667,0.0012631300,0.0025396405,0.0038027706
1.1803333333,0.0012451145,0.0025580683,0.0038031827
1.1805000000,0.0012271547,0.0025764322,0.0038035869
1.1806666667,0.0012092529,0.0025947304,0.0038039833
1.1808333333,0.0011914110,0.0026129613,0.0038043723
1.1810000000,0.0011736311,0.0026311230,0.0038047541
1.1811666667,0.0011559152,0.0026492137,0.0038051289
1.1813333333,0.0011382656,0.0026672313,0.0038054969
1.1815000000,0.0011206840,0.0026851740,0.0038058581
1.1816666667,0.0011031727,0.0027030397,0.0038062125
1.1818333333,0.0010857337,0.0027208266,0.0038065603
1.1820000000,0.0010683689,0.0027385328,0.0038069016
1.1821666667,0.0010510804,0.0027561562,0.0038072366
1.1823333333,0.0010338702,0.0027736950,0.0038075653
1.1825000000,0.0010167404,0.0027911472,0.0038078877
1.1826666667,0.0009996929,0.0028085110,0.0038082039
1.1828333333,0.0009827298,0.0028257846,0.0038085144
1.1830000000,0.0009658529,0.0028429665,0.0038088194
1.1831666667,0.0009490644,0.0028600548,0.0038091191
1.1833333333,0.0009323661,0.0028770477,0.0038094138
1.1835000000,0.0009157601,0.0028939431,0.0038097032
1.1836666667,0.0008992483,0.0029107390,0.0038099873
1.1838333333,0.0008828326,0.0029274335,0.0038102661
1.1840000000,0.0008665151,0.0029440247,0.0038105398
1.1841666667,0.0008502976,0.0029605110,0.0038108085
1.1843333333,0.0008341820,0.0029768904,0.0038110724
1.1845000000,0.0008181703,0.0029931613,0.0038113316
1.1846666667,0.0008022644,0.0030093219,0.0038115863
1.1848333333,0.0007864662,0.0030253703,0.0038118364
1.1850000000,0.0007707775,0.0030413048,0.0038120823
1.1851666667,0.0007552002,0.0030571237,0.0038123239
1.1853333333,0.0007397363,0.0030728249,0.0038125612
1.1855000000,0.0007243875,0.0030884064,0.0038127939
1.1856666667,0.0007091557,0.0031038664,0.0038130221
1.1858333333,0.0006940427,0.0031192029,0.0038132457
1.1860000000,0.0006790504,0.0031344145,0.0038134649
1.1861666667,0.0006641805,0.0031494994,0.0038136799
1.1863333333,0.0006494348,0.0031644559,0.0038138908
1.1865000000,0.0006348152,0.0031792823,0.0038140975
1.1866666667,0.0006203233,0.0031939765,0.0038142999
1.1868333333,0.0006059610,0.0032085369,0.0038144979
1.1870000000,0.0005917300,0.0032229616,0.0038146916
1.1871666667,0.0005776319,0.0032372489,0.0038148809
1.1873333333,0.0005636686,0.0032513973,0.0038150659
1.1875000000,0.0005498417,0.0032654048,0.0038152464
1.1876666667,0.0005361529,0.0032792697,0.0038154225
1.1878333333,0.0005226038,0.0032929903,0.0038155941
1.1880000000,0.0005091961,0.0033065650,0.0038157611
1.1881666667,0.0004959314,0.0033199923,0.0038159238
1.1883333333,0.0004828115,0.0033332707,0.0038160822
1.1885000000,0.0004698377,0.0033463986,0.0038162364
1.1886666667,0.0004570118,0.0033593744,0.0038163862
1.1888333333,0.0004443354,0.0033721964,0.0038165317
1.1890000000,0.0004318099,0.0033848629,0.0038166728
1.1891666667,0.0004194369,0.0033973724,0.0038168093
1.1893333333,0.0004072179,0.0034097236,0.0038169415
1.1895000000,0.0003951545,0.0034219150,0.0038170694
1.1896666667,0.0003832480,0.0034339453,0.0038171933
1.1898333333,0.0003715000,0.0034458132,0.0038173132
1.1900000000,0.0003599119,0.0034575173,0.0038174292
1.1901666667,0.0003484852,0.0034690562,0.0038175414
1.1903333333,0.0003372212,0.0034804284,0.0038176496
1.1905000000,0.0003261214,0.0034916326,0.0038177540
1.1906666667,0.0003151871,0.0035026676,0.0038178546
1.1908333333,0.0003044196,0.0035135321,0.0038179517
1.1910000000,0.0002938204,0.0035242249,0.0038180452
1.1911666667,0.0002833906,0.0035347448,0.0038181354
1.1913333333,0.0002731316,0.0035450907,0.0038182223
1.1915000000,0.0002630447,0.0035552613,0.0038183060
1.1916666667,0.0002531312,0.0035652555,0.0038183866
1.1918333333,0.0002433921,0.0035750721,0.0038184642
1.1920000000,0.0002338289,0.0035847100,0.0038185389
1.1921666667,0.0002244426,0.0035941681,0.0038186107
1.1923333333,0.0002152344,0.0036034453,0.0038186797
1.1925000000,0.0002062054,0.0036125405,0.0038187459
1.1926666667,0.0001973568,0.0036214525,0.0038188093
1.1928333333,0.0001886897,0.0036301805,0.0038188702
1.1930000000,0.0001802052,0.0036387233,0.0038189285
1.1931666667,0.0001719043,0.0036470800,0.0038189843
1.1933333333,0.0001637880,0.0036552496,0.0038190377
1.1935000000,0.0001558575,0.0036632312,0.0038190887
1.1936666667,0.0001481136,0.0036710237,0.0038191373
1.1938333333,0.0001405573,0.0036786261,0.0038191835
1.1940000000,0.0001331897,0.0036860377,0.0038192274
1.1941666667,0.0001260117,0.0036932573,0.0038192690
1.1943333333,0.0001190241,0.0037002842,0.0038193082
1.1945000000,0.0001122278,0.0037071174,0.0038193453
1.1946666667,0.0001056239,0.0037137563,0.0038193801
1.1948333333,0.0000992130,0.0037201999,0.0038194129
1.1950000000,0.0000929961,0.0037264475,0.0038194436
1.1951666667,0.0000869739,0.0037324984,0.0038194723
1.1953333333,0.0000811474,0.0037383517,0.0038194991
1.1955000000,0.0000755172,0.0037440067,0.0038195239
1.1956666667,0.0000700841,0.0037494626,0.0038195467
1.1958333333,0.0000648489,0.0037547188,0.0038195677
1.1960000000,0.0000598123,0.0037597747,0.0038195870
1.1961666667,0.0000549750,0.0037646296,0.0038196046
1.1963333333,0.0000503377,0.0037692830,0.0038196207
1.1965000000,0.0000459011,0.0037737343,0.0038196353
1.1966666667,0.0000416657,0.0037779828,0.0038196485
1.1968333333,0.0000376322,0.0037820281,0.0038196603
1.1970000000,0.0000338012,0.0037858696,0.0038196708
1.1971666667,0.0000301732,0.0037895069,0.0038196801
1.1973333333,0.0000267488,0.0037929394,0.0038196883
1.1975000000,0.0000235286,0.0037961668,0.0038196954
1.1976666667,0.0000205130,0.0037991885,0.0038197015
1.1978333333,0.0000177024,0.0038020043,0.0038197067
1.1980000000,0.0000150974,0.0038046137,0.0038197111
1.1981666667,0.0000126983,0.0038070164,0.0038197148
1.1983333333,0.0000105057,0.0038092120,0.0038197177
1.1985000000,0.0000085197,0.0038112003,0.0038197200
1.1986666667,0.0000067409,0.0038129809,0.0038197218
1.1988333333,0.0000051696,0.0038145535,0.0038197230
1.1990000000,0.0000038060,0.0038159179,0.0038197239
1.1991666667,0.0000026505,0.0038170738,0.0038197244
1.1993333333,0.0000017034,0.0038180211,0.0038197246
1.1995000000,0.0000009650,0.0038187596,0.0038197246
1.1996666667,0.0000004354,0.0038192891,0.0038197245
1.1998333333,0.0000001149,0.0038196094,0.0038197243
1.2000000000,0.0000000037,0.0038197206,0.0038197243
1.2001666667,0.0000001020,0.0038196223,0.0038197244
1.2003333333,0.0000004100,0.0038193147,0.0038197247
1.2005000000,0.0000009278,0.0038187977,0.0038197255
1.2006666667,0.0000016555,0.0038180713,0.0038197267
1.2008333333,0.0000025932,0.0038171354,0.0038197286
1.2010000000,0.0000037409,0.0038159903,0.0038197312
1.2011666667,0.0000050989,0.0038146358,0.0038197347
1.2013333333,0.0000066669,0.0038130722,0.0038197392
1.2015000000,0.0000084452,0.0038112995,0.0038197448
1.2016666667,0.0000104337,0.0038093179,0.0038197517
1.2018333333,0.0000126323,0.0038071276,0.0038197600
1.2020000000,0.0000150411,0.0038047288,0.0038197699
1.2021666667,0.0000176599,0.0038021216,0.0038197815
1.2023333333,0.0000204887,0.0037993063,0.0038197950
1.2025000000,0.0000235274,0.0037962832,0.0038198106
1.2026666667,0.0000267759,0.0037930526,0.0038198284
1.2028333333,0.0000302340,0.0037896147,0.0038198486
1.2030000000,0.0000339016,0.0037859699,0.0038198714
1.2031666667,0.0000377785,0.0037821185,0.0038198969
1.2033333333,0.0000418645,0.0037780609,0.0038199254
1.2035000000,0.0000461595,0.0037737974,0.0038199569
1.2036666667,0.0000506631,0.0037693287,0.0038199917
1.2038333333,0.0000553751,0.0037646550,0.0038200302
1.2040000000,0.0000602953,0.0037597770,0.0038200723
1.2041666667,0.0000654232,0.0037546952,0.0038201184
1.2043333333,0.0000707586,0.0037494101,0.0038201686
1.2045000000,0.0000763010,0.0037439223,0.0038202233
1.2046666667,0.0000820500,0.0037382326,0.0038202827
1.2048333333,0.0000880053,0.0037323416,0.0038203469
1.2050000000,0.0000941662,0.0037262500,0.0038204162
1.2051666667,0.0001005324,0.0037199583,0.0038204907
1.2053333333,0.0001071033,0.0037134673,0.0038205706
1.2055000000,0.0001138783,0.0037067778,0.0038206561
1.2056666667,0.0001208568,0.0036998907,0.0038207475
1.2058333333,0.0001280383,0.0036928069,0.0038208452
1.2060000000,0.0001354222,0.0036855271,0.0038209493
1.2061666667,0.0001430077,0.0036780521,0.0038210598
1.2063333333,0.0001507942,0.0036703826,0.0038211768
1.2065000000,0.0001587810,0.0036625193,0.0038213004
1.2066666667,0.0001669674,0.0036544632,0.0038214307
1.2068333333,0.0001753527,0.0036462152,0.0038215679
1.2070000000,0.0001839362,0.0036377760,0.0038217122
1.2071666667,0.0001927170,0.0036291467,0.0038218637
1.2073333333,0.0002016944,0.0036203279,0.0038220223
1.2075000000,0.0002108676,0.0036113206,0.0038221881
1.2076666667,0.0002202357,0.0036021257,0.0038223613
1.2078333333,0.0002297979,0.0035927440,0.0038225420
1.2080000000,0.0002395535,0.0035831766,0.0038227301
1.2081666667,0.0002495014,0.0035734244,0.0038229258
1.2083333333,0.0002596409,0.0035634883,0.0038231291
1.2085000000,0.0002699709,0.0035533692,0.0038233401
1.2086666667,0.0002804907,0.0035430682,0.0038235588
1.2088333333,0.0002911992,0.0035325863,0.0038237855
1.2090000000,0.0003020954,0.0035219248,0.0038240201
1.2091666667,0.0003131783,0.0035110846,0.0038242629
1.2093333333,0.0003244470,0.0035000669,0.0038245139
1.2095000000,0.0003359003,0.0034888731,0.0038247734
1.2096666667,0.0003475372,0.0034775042,0.0038250415
1.2098333333,0.0003593566,0.0034659617,0.0038253183
1.2100000000,0.0003713572,0.0034542467,0.0038256040
1.2101666667,0.0003835380,0.0034423605,0.0038258985
1.2103333333,0.0003958978,0.0034303041,0.0038262020
1.2105000000,0.0004084353,0.0034180792,0.0038265146
1.2106666667,0.0004211494,0.0034056872,0.0038268366
1.2108333333,0.0004340387,0.0033931296,0.0038271683
1.2110000000,0.0004471021,0.0033804079,0.0038275100
1.2111666667,0.0004603382,0.0033675235,0.0038278617
1.2113333333,0.0004737457,0.0033544779,0.0038282236
1.2115000000,0.0004873233,0.0033412723,0.0038285957
1.2116666667,0.0005010697,0.0033279084,0.0038289782
1.2118333333,0.0005149835,0.0033143878,0.0038293713
1.2120000000,0.0005290633,0.0033007119,0.0038297752
1.2121666667,0.0005433077,0.0032868826,0.0038301903
1.2123333333,0.0005577153,0.0032729013,0.0038306166
1.2125000000,0.0005722845,0.0032587699,0.0038310545
1.2126666667,0.0005870140,0.0032444901,0.0038315041
1.2128333333,0.0006019021,0.0032300635,0.0038319656
1.2130000000,0.0006169474,0.0032154920,0.0038324393
1.2131666667,0.0006321482,0.0032007771,0.0038329252
1.2133333333,0.0006475029,0.0031859206,0.0038334235
1.2135000000,0.0006630101,0.0031709241,0.0038339342
1.2136666667,0.0006786680,0.0031557894,0.0038344574
1.2138333333,0.0006944750,0.0031405183,0.0038349933
1.2140000000,0.0007104295,0.0031251124,0.0038355420
1.2141666667,0.0007265299,0.0031095734,0.0038361032
1.2143333333,0.0007427744,0.0030939028,0.0038366772
1.2145000000,0.0007591613,0.0030781026,0.0038372639
1.2146666667,0.0007756891,0.0030621743,0.0038378634
1.2148333333,0.0007923559,0.0030461197,0.0038384756
1.2150000000,0.0008091601,0.0030299405,0.0038391006
1.2151666667,0.0008260999,0.0030136382,0.0038397381
1.2153333333,0.0008431737,0.0029972142,0.0038403879
1.2155000000,0.0008603795,0.0029806703,0.0038410498
1.2156666667,0.0008777157,0.0029640082,0.0038417240
1.2158333333,0.0008951806,0.0029472301,0.0038424106
1.2160000000,0.0009127722,0.0029303378,0.0038431100
1.2161666667,0.0009304887,0.0029133335,0.0038438222
1.2163333333,0.0009483284,0.0028962190,0.0038445474
1.2165000000,0.0009662894,0.0028789961,0.0038452855
1.2166666667,0.0009843698,0.0028616666,0.0038460365
1.2168333333,0.0010025677,0.0028442327,0.0038468004
1.2170000000,0.0010208813,0.0028266964,0.0038475777
1.2171666667,0.0010393086,0.0028090599,0.0038483686
1.2173333333,0.0010578478,0.0027913256,0.0038491734
1.2175000000,0.0010764967,0.0027734957,0.0038499924
1.2176666667,0.0010952536,0.0027555722,0.0038508259
1.2178333333,0.0011141165,0.0027375573,0.0038516738
1.2180000000,0.0011330833,0.0027194531,0.0038525364
1.2181666667,0.0011521522,0.0027012616,0.0038534138
1.2183333333,0.0011713209,0.0026829851,0.0038543061
1.2185000000,0.0011905877,0.0026646256,0.0038552132
1.2186666667,0.0012099503,0.0026461849,0.0038561352
1.2188333333,0.0012294068,0.0026276650,0.0038570718
1.2190000000,0.0012489551,0.0026090680,0.0038580231
1.2191666667,0.0012685931,0.0025903958,0.0038589889
1.2193333333,0.0012883188,0.0025716506,0.0038599694
1.2195000000,0.0013081300,0.0025528346,0.0038609646
1.2196666667,0.0013280247,0.0025339497,0.0038619744
1.2198333333,0.0013480008,0.0025149976,0.0038629985
1.2200000000,0.0013680562,0.0024959804,0.0038640366
1.2201666667,0.0013881888,0.0024768997,0.0038650884
1.2203333333,0.0014083964,0.0024577575,0.0038661539
1.2205000000,0.0014286771,0.0024385560,0.0038672330
1.2206666667,0.0014490285,0.0024192971,0.0038683257
1.2208333333,0.0014694487,0.0023999830,0.0038694318
1.2210000000,0.0014899355,0.0023806158,0.0038705513
1.2211666667,0.0015104866,0.0023611977,0.0038716843
1.2213333333,0.0015311000,0.0023417308,0.0038728308
1.2215000000,0.0015517734,0.0023222174,0.0038739908
1.2216666667,0.0015725046,0.0023026595,0.0038751641
1.2218333333,0.0015932915,0.0022830590,0.0038763504
1.2220000000,0.0016141317,0.0022634178,0.0038775495
1.2221666667,0.0016350232,0.0022437380,0.0038787612
1.2223333333,0.0016559637,0.0022240220,0.0038799857
1.2225000000,0.0016769509,0.0022042724,0.0038812234
1.2226666667,0.0016979828,0.0021844917,0.0038824744
1.2228333333,0.0017190569,0.0021646819,0.0038837388
1.2230000000,0.0017401712,0.0021448449,0.0038850162
1.2231666667,0.0017613234,0.0021249828,0.0038863062
1.2233333333,0.0017825112,0.0021050974,0.0038876086
1.2235000000,0.0018037325,0.0020851910,0.0038889235
1.2236666667,0.0018249849,0.0020652661,0.0038902510
1.2238333333,0.0018462662,0.0020453251,0.0038915913
1.2240000000,0.0018675741,0.0020253700,0.0038929441
1.2241666667,0.0018889063,0.0020054028,0.0038943091
1.2243333333,0.0019102607,0.0019854256,0.0038956862
1.2245000000,0.0019316348,0.0019654404,0.0038970753
1.2246666667,0.0019530265,0.0019454497,0.0038984762
1.2248333333,0.0019744335,0.0019254555,0.0038998890
1.2250000000,0.0019958534,0.0019054598,0.0039013132
1.2251666667,0.0020172841,0.0018854643,0.0039027484
1.2253333333,0.0020387231,0.0018654709,0.0039041940
1.2255000000,0.0020601683,0.0018454817,0.0039056500
1.2256666667,0.0020816174,0.0018254990,0.0039071164
1.2258333333,0.0021030680,0.0018055251,0.0039085932
1.2260000000,0.0021245179,0.0017855625,0.0039100805
1.2261666667,0.0021459648,0.0017656133,0.0039115782
1.2263333333,0.0021674064,0.0017456796,0.0039130861
1.2265000000,0.0021888404,0.0017257637,0.0039146042
1.2266666667,0.0022102646,0.0017058680,0.0039161326
1.2268333333,0.0022316766,0.0016859948,0.0039176714
1.2270000000,0.0022530741,0.0016661468,0.0039192209
1.2271666667,0.0022744549,0.0016463264,0.0039207813
1.2273333333,0.0022958166,0.0016265363,0.0039223529
1.2275000000,0.0023171570,0.0016067791,0.0039239361
1.2276666667,0.0023384738,0.0015870576,0.0039255313
1.2278333333,0.0023597646,0.0015673744,0.0039271390
1.2280000000,0.0023810272,0.0015477318,0.0039287590
1.2281666667,0.0024022593,0.0015281319,0.0039303912
1.2283333333,0.0024234585,0.0015085769,0.0039320354
1.2285000000,0.0024446226,0.0014890690,0.0039336916
1.2286666667,0.0024657493,0.0014696104,0.0039353598
1.2288333333,0.0024868363,0.0014502037,0.0039370401
1.2290000000,0.0025078814,0.0014308511,0.0039387325
1.2291666667,0.0025288822,0.0014115545,0.0039404367
1.2293333333,0.0025498364,0.0013923159,0.0039421524
1.2295000000,0.0025707419,0.0013731372,0.0039438791
1.2296666667,0.0025915964,0.0013540204,0.0039456167
1.2298333333,0.0026123976,0.0013349674,0.0039473650
1.2300000000,0.0026331432,0.0013159805,0.0039491237
1.2301666667,0.0026538311,0.0012970615,0.0039508926
1.2303333333,0.0026744590,0.0012782129,0.0039526718
1.2305000000,0.0026950245,0.0012594367,0.0039544613
1.2306666667,0.0027155256,0.0012407356,0.0039562612
1.2308333333,0.0027359599,0.0012221119,0.0039580718
1.2310000000,0.0027563253,0.0012035677,0.0039598930
1.2311666667,0.0027766194,0.0011851051,0.0039617246
1.2313333333,0.0027968402,0.0011667262,0.0039635664
1.2315000000,0.0028169854,0.0011484331,0.0039654185
1.2316666667,0.0028370528,0.0011302282,0.0039672810
1.2318333333,0.0028570403,0.0011121138,0.0039691541
1.2320000000,0.0028769457,0.0010940919,0.0039710376
1.2321666667,0.0028967669,0.0010761643,0.0039729312
1.2323333333,0.0029165015,0.0010583328,0.0039748344
1.2325000000,0.0029361476,0.0010405993,0.0039767469
1.2326666667,0.0029557029,0.0010229659,0.0039786688
1.2328333333,0.0029751654,0.0010054346,0.0039806000
1.2330000000,0.0029945328,0.0009880074,0.0039825402
1.2331666667,0.0030138030,0.0009706858,0.0039844888
1.2333333333,0.0030329740,0.0009534712,0.0039864452
1.2335000000,0.0030520437,0.0009363654,0.0039884091
1.2336666667,0.0030710100,0.0009193706,0.0039903805
1.2338333333,0.0030898708,0.0009024893,0.0039923600
1.2340000000,0.0031086241,0.0008857238,0.0039943479
1.2341666667,0.0031272677,0.0008690763,0.0039963440
1.2343333333,0.0031457998,0.0008525482,0.0039983480
1.2345000000,0.0031642182,0.0008361413,0.0040003595
1.2346666667,0.0031825209,0.0008198576,0.0040023785
1.2348333333,0.0032007059,0.0008036994,0.0040044053
1.2350000000,0.0032187712,0.0007876695,0.0040064407
1.2351666667,0.0032367148,0.0007717700,0.0040084848
1.2353333333,0.0032545347,0.0007560032,0.0040105379
1.2355000000,0.0032722290,0.0007403705,0.0040125996
1.2356666667,0.0032897958,0.0007248739,0.0040146697
1.2358333333,0.0033072330,0.0007095152,0.0040167482
1.2360000000,0.0033245388,0.0006942966,0.0040188354
1.2361666667,0.0033417112,0.0006792199,0.0040209311
1.2363333333,0.0033587484,0.0006642868,0.0040230352
1.2365000000,0.0033756485,0.0006494987,0.0040251472
1.2366666667,0.0033924096,0.0006348574,0.0040272669
1.2368333333,0.0034090298,0.0006203645,0.0040293943
1.2370000000,0.0034255073,0.0006060219,0.0040315292
1.2371666667,0.0034418403,0.0005918314,0.0040336717
1.2373333333,0.0034580270,0.0005777942,0.0040358212
1.2375000000,0.0034740656,0.0005639114,0.0040379771
1.2376666667,0.0034899543,0.0005501843,0.0040401386
1.2378333333,0.0035056914,0.0005366143,0.0040423056
1.2380000000,0.0035212750,0.0005232030,0.0040444781
1.2381666667,0.0035367036,0.0005099524,0.0040466560
1.2383333333,0.0035519753,0.0004968642,0.0040488394
1.2385000000,0.0035670884,0.0004839397,0.0040510281
1.2386666667,0.0035820414,0.0004711802,0.0040532216
1.2388333333,0.0035968324,0.0004585873,0.0040554197
1.2390000000,0.0036114600,0.0004461627,0.0040576226
1.2391666667,0.0036259224,0.0004339081,0.0040598305
1.2393333333,0.0036402180,0.0004218256,0.0040620436
1.2395000000,0.0036543453,0.0004099165,0.0040642618
1.2396666667,0.0036683027,0.0003981825,0.0040664852
1.2398333333,0.0036820886,0.0003866251,0.0040687136
1.2400000000,0.0036957014,0.0003752459,0.0040709473
1.2401666667,0.0037091397,0.0003640468,0.0040731865
1.2403333333,0.0037224019,0.0003530296,0.0040754314
1.2405000000,0.0037354865,0.0003421956,0.0040776821
1.2406666667,0.0037483921,0.0003315459,0.0040799380
1.2408333333,0.0037611172,0.0003210814,0.0040821986
1.2410000000,0.0037736605,0.0003108029,0.0040844634
1.2411666667,0.0037860204,0.0003007117,0.0040867321
1.2413333333,0.0037981956,0.0002908090,0.0040890046
1.2415000000,0.0038101847,0.0002810963,0.0040912811
1.2416666667,0.0038219864,0.0002715750,0.0040935614
1.2418333333,0.0038335994,0.0002622460,0.0040958455
1.2420000000,0.0038450223,0.0002531105,0.0040981328
1.2421666667,0.0038562538,0.0002441691,0.0041004229
1.2423333333,0.0038672927,0.0002354228,0.0041027155
1.2425000000,0.0038781376,0.0002268729,0.0041050105
1.2426666667,0.0038887875,0.0002185206,0.0041073081
1.2428333333,0.0038992410,0.0002103675,0.0041096085
1.2430000000,0.0039094971,0.0002024150,0.0041119121
1.2431666667,0.0039195544,0.0001946643,0.0041142187
1.2433333333,0.0039294120,0.0001871164,0.0041165284
1.2435000000,0.0039390686,0.0001797722,0.0041188408
1.2436666667,0.0039485232,0.0001726324,0.0041211556
1.2438333333,0.0039577746,0.0001656979,0.0041234725
1.2440000000,0.0039668219,0.0001589694,0.0041257913
1.2441666667,0.0039756639,0.0001524479,0.0041281118
1.2443333333,0.0039842996,0.0001461339,0.0041304335
1.2445000000,0.0039927282,0.0001400282,0.0041327563
1.2446666667,0.0040009485,0.0001341314,0.0041350798
1.2448333333,0.0040089597,0.0001284443,0.0041374040
1.2450000000,0.0040167608,0.0001229679,0.0041397286
1.2451666667,0.0040243509,0.0001177029,0.0041420538
1.2453333333,0.0040317292,0.0001126503,0.0041443795
1.2455000000,0.0040388948,0.0001078108,0.0041467056
1.2456666667,0.0040458468,0.0001031851,0.0041490319
1.2458333333,0.0040525845,0.0000987741,0.0041513586
1.2460000000,0.0040591070,0.0000945789,0.0041536859
1.2461666667,0.0040654135,0.0000906005,0.0041560141
1.2463333333,0.0040715035,0.0000868400,0.0041583434
1.2465000000,0.0040773760,0.0000832982,0.0041606742
1.2466666667,0.0040830305,0.0000799756,0.0041630061
1.2468333333,0.0040884662,0.0000768726,0.0041653389
1.2470000000,0.0040936826,0.0000739894,0.0041676720
1.2471666667,0.0040986790,0.0000713260,0.0041700050
1.2473333333,0.0041034547,0.0000688826,0.0041723373
1.2475000000,0.0041080093,0.0000666594,0.0041746687
1.2476666667,0.0041123421,0.0000646566,0.0041769986
1.2478333333,0.0041164526,0.0000628743,0.0041793270
1.2480000000,0.0041203404,0.0000613130,0.0041816534
1.2481666667,0.0041240049,0.0000599728,0.0041839777
1.2483333333,0.0041274458,0.0000588539,0.0041862997
1.2485000000,0.0041306625,0.0000579566,0.0041886191
1.2486666667,0.0041336547,0.0000572811,0.0041909357
1.2488333333,0.0041364220,0.0000568276,0.0041932495
1.2490000000,0.0041389640,0.0000565966,0.0041955605
1.2491666667,0.0041412804,0.0000565887,0.0041978691
1.2493333333,0.0041433709,0.0000568047,0.0042001755
1.2495000000,0.0041452351,0.0000572453,0.0042024804
1.2496666667,0.0041468730,0.0000579110,0.0042047839
1.2498333333,0.0041482841,0.0000588018,0.0042070859
1.2500000000,0.0041494684,0.0000599177,0.0042093861
1.2501666667,0.0041504256,0.0000612585,0.0042116841
1.2503333333,0.0041511556,0.0000628241,0.0042139797
1.2505000000,0.0041516582,0.0000646145,0.0042162726
1.2506666667,0.0041519333,0.0000666297,0.0042185630
1.2508333333,0.0041519808,0.0000688697,0.0042208505
1.2510000000,0.0041518008,0.0000713340,0.0042231348
1.2511666667,0.0041513931,0.0000740223,0.0042254153
1.2513333333,0.0041507577,0.0000769339,0.0042276916
1.2515000000,0.0041498947,0.0000800688,0.0042299635
1.2516666667,0.0041488041,0.0000834269,0.0042322310
1.2518333333,0.0041474860,0.0000870081,0.0042344941
1.2520000000,0.0041459404,0.0000908121,0.0042367525
1.2521666667,0.0041441675,0.0000948384,0.0042390059
1.2523333333,0.0041421674,0.0000990865,0.0042412539
1.2525000000,0.0041399403,0.0001035561,0.0042434964
1.2526666667,0.0041374864,0.0001082476,0.0042457339
1.2528333333,0.0041348058,0.0001131611,0.0042479669
1.2530000000,0.0041318990,0.0001182968,0.0042501957
1.2531666667,0.0041287660,0.0001236541,0.0042524201
1.2533333333,0.0041254072,0.0001292324,0.0042546396
1.2535000000,0.0041218229,0.0001350306,0.0042568536
1.2536666667,0.0041180135,0.0001410484,0.0042590619
1.2538333333,0.0041139793,0.0001472855,0.0042612648
1.2540000000,0.0041097207,0.0001537420,0.0042634628
1.2541666667,0.0041052382,0.0001604176,0.0042656558
1.2543333333,0.0041005321,0.0001673115,0.0042678436
1.2545000000,0.0040956030,0.0001744227,0.0042700256
1.2546666667,0.0040904513,0.0001817502,0.0042722014
1.2548333333,0.0040850775,0.0001892933,0.0042743709
1.2550000000,0.0040794823,0.0001970516,0.0042765339
1.2551666667,0.0040736661,0.0002050244,0.0042786906
1.2553333333,0.0040676296,0.0002132109,0.0042808405
1.2555000000,0.0040613733,0.0002216101,0.0042829834
1.2556666667,0.0040548979,0.0002302210,0.0042851189
1.2558333333,0.0040482041,0.0002390429,0.0042872470
1.2560000000,0.0040412925,0.0002480755,0.0042893680
1.2561666667,0.0040341639,0.0002573183,0.0042914822
1.2563333333,0.0040268191,0.0002667705,0.0042935895
1.2565000000,0.0040192586,0.0002764309,0.0042956896
1.2566666667,0.0040114835,0.0002862986,0.0042977821
1.2568333333,0.0040034944,0.0002963724,0.0042998668
1.2570000000,0.0039952921,0.0003066518,0.0043019439
1.2571666667,0.0039868776,0.0003171359,0.0043040135
1.2573333333,0.0039782518,0.0003278239,0.0043060757
1.2575000000,0.0039694155,0.0003387148,0.0043081303
1.2576666667,0.0039603696,0.0003498073,0.0043101769
1.2578333333,0.0039511152,0.0003611002,0.0043122153
1.2580000000,0.0039416531,0.0003725924,0.0043142456
1.2581666667,0.0039319845,0.0003842831,0.0043162676
1.2583333333,0.0039221102,0.0003961710,0.0043182812
1.2585000000,0.0039120314,0.0004082548,0.0043202862
1.2586666667,0.0039017491,0.0004205329,0.0043222821
1.2588333333,0.0038912644,0.0004330044,0.0043242689
1.2590000000,0.0038805785,0.0004456684,0.0043262469
1.2591666667,0.0038696924,0.0004585241,0.0043282165
1.2593333333,0.0038586073,0.0004715705,0.0043301779
1.2595000000,0.0038473245,0.0004848064,0.0043321308
1.2596666667,0.0038358450,0.0004982300,0.0043340750
1.2598333333,0.0038241702,0.0005118396,0.0043360098
1.2600000000,0.0038123012,0.0005256339,0.0043379352
1.2601666667,0.0038002394,0.0005396115,0.0043398510
1.2603333333,0.0037879861,0.0005537713,0.0043417573
1.2605000000,0.0037755425,0.0005681116,0.0043436541
1.2606666667,0.0037629100,0.0005826311,0.0043455410
1.2608333333,0.0037500899,0.0005973279,0.0043474178
1.2610000000,0.0037370837,0.0006122007,0.0043492844
1.2611666667,0.0037238927,0.0006272480,0.0043511406
1.2613333333,0.0037105183,0.0006424682,0.0043529865
1.2615000000,0.0036969620,0.0006578601,0.0043548221
1.2616666667,0.0036832253,0.0006734221,0.0043566474
1.2618333333,0.0036693096,0.0006891528,0.0043584624
1.2620000000,0.0036552164,0.0007050510,0.0043602674
1.2621666667,0.0036409472,0.0007211154,0.0043620627
1.2623333333,0.0036265037,0.0007373447,0.0043638485
1.2625000000,0.0036118873,0.0007537373,0.0043656247
1.2626666667,0.0035970997,0.0007702914,0.0043673912
1.2628333333,0.0035821425,0.0007870051,0.0043691476
1.2630000000,0.0035670172,0.0008038765,0.0043708937
1.2631666667,0.0035517255,0.0008209036,0.0043726291
1.2633333333,0.0035362691,0.0008380845,0.0043743536
1.2635000000,0.0035206497,0.0008554169,0.0043760666
1.2636666667,0.0035048689,0.0008728989,0.0043777678
1.2638333333,0.0034889284,0.0008905286,0.0043794571
1.2640000000,0.0034728301,0.0009083045,0.0043811346
1.2641666667,0.0034565757,0.0009262251,0.0043828008
1.2643333333,0.0034401669,0.0009442887,0.0043844556
1.2645000000,0.0034236055,0.0009624935,0.0043860989
1.2646666667,0.0034068933,0.0009808373,0.0043877306
1.2648333333,0.0033900321,0.0009993184,0.0043893505
1.2650000000,0.0033730238,0.0010179352,0.0043909591
1.2651666667,0.0033558703,0.0010366866,0.0043925569
1.2653333333,0.0033385734,0.0010555712,0.0043941447
1.2655000000,0.0033211351,0.0010745873,0.0043957223
1.2656666667,0.0033035571,0.0010937323,0.0043972894
1.2658333333,0.0032858416,0.0011130038,0.0043988454
1.2660000000,0.0032679903,0.0011323993,0.0044003896
1.2661666667,0.0032500053,0.0011519166,0.0044019219
1.2663333333,0.0032318885,0.0011715537,0.0044034423
1.2665000000,0.0032136420,0.0011913087,0.0044049507
1.2666666667,0.0031952677,0.0012111790,0.0044064467
1.2668333333,0.0031767676,0.0012311624,0.0044079300
1.2670000000,0.0031581438,0.0012512567,0.0044094005
1.2671666667,0.0031393983,0.0012714600,0.0044108583
1.2673333333,0.0031205332,0.0012917707,0.0044123040
1.2675000000,0.0031015506,0.0013121871,0.0044137377
1.2676666667,0.0030824525,0.0013327070,0.0044151595
1.2678333333,0.0030632411,0.0013533283,0.0044165694
1.2680000000,0.0030439184,0.0013740488,0.0044179672
1.2681666667,0.0030244867,0.0013948664,0.0044193531
1.2683333333,0.0030049480,0.0014157794,0.0044207274
1.2685000000,0.0029853045,0.0014367859,0.0044220905
1.2686666667,0.0029655585,0.0014578838,0.0044234423
1.2688333333,0.0029457119,0.0014790705,0.0044247824
1.2690000000,0.0029257672,0.0015003433,0.0044261105
1.2691666667,0.0029057264,0.0015216996,0.0044274261
1.2693333333,0.0028855918,0.0015431371,0.0044287290
1.2695000000,0.0028653657,0.0015646535,0.0044300192
1.2696666667,0.0028450502,0.0015862464,0.0044312966
1.2698333333,0.0028246476,0.0016079137,0.0044325613
1.2700000000,0.0028041602,0.0016296531,0.0044338133
1.2701666667,0.0027835902,0.0016514625,0.0044350528
1.2703333333,0.0027629400,0.0016733399,0.0044362798
1.2705000000,0.0027422117,0.0016952830,0.0044374947
1.2706666667,0.0027214078,0.0017172896,0.0044386974
1.2708333333,0.0027005306,0.0017393572,0.0044398878
1.2710000000,0.0026795823,0.0017614834,0.0044410657
1.2711666667,0.0026585652,0.0017836659,0.0044422311
1.2713333333,0.0026374818,0.0018059025,0.0044433843
1.2715000000,0.0026163344,0.0018281912,0.0044445256
1.2716666667,0.0025951253,0.0018505297,0.0044456550
1.2718333333,0.0025738570,0.0018729156,0.0044467725
1.2720000000,0.0025525316,0.0018953461,0.0044478777
1.2721666667,0.0025311518,0.0019178185,0.0044489703
1.2723333333,0.0025097198,0.0019403303,0.0044500501
1.2725000000,0.0024882380,0.0019628793,0.0044511173
1.2726666667,0.0024667088,0.0019854632,0.0044521720
1.2728333333,0.0024451347,0.0020080798,0.0044532145
1.2730000000,0.0024235180,0.0020307267,0.0044542447
1.2731666667,0.0024018612,0.0020534014,0.0044552626
1.2733333333,0.0023801666,0.0020761016,0.0044562683
1.2735000000,0.0023584368,0.0020988248,0.0044572616
1.2736666667,0.0023366742,0.0021215685,0.0044582426
1.2738333333,0.0023148811,0.0021443303,0.0044592114
1.2740000000,0.0022930601,0.0021671079,0.0044601680
1.2741666667,0.0022712135,0.0021898988,0.0044611123
1.2743333333,0.0022493439,0.0022127006,0.0044620445
1.2745000000,0.0022274537,0.0022355109,0.0044629645
1.2746666667,0.0022055453,0.0022583272,0.0044638725
1.2748333333,0.0021836212,0.0022811471,0.0044647683
1.2750000000,0.0021616839,0.0023039683,0.0044656522
1.2751666667,0.0021397359,0.0023267883,0.0044665242
1.2753333333,0.0021177796,0.0023496047,0.0044673843
1.2755000000,0.0020958175,0.0023724149,0.0044682323
1.2756666667,0.0020738520,0.0023952163,0.0044690683
1.2758333333,0.0020518856,0.0024180065,0.0044698921
1.2760000000,0.0020299209,0.0024407831,0.0044707040
1.2761666667,0.0020079603,0.0024635439,0.0044715042
1.2763333333,0.0019860062,0.0024862866,0.0044722928
1.2765000000,0.0019640613,0.0025090088,0.0044730700
1.2766666667,0.0019421278,0.0025317078,0.0044738356
1.2768333333,0.0019202084,0.0025543810,0.0044745894
1.2770000000,0.0018983054,0.0025770257,0.0044753311
1.2771666667,0.0018764215,0.0025996396,0.0044760610
1.2773333333,0.0018545589,0.0026222203,0.0044767793
1.2775000000,0.0018327203,0.0026447658,0.0044774862
1.2776666667,0.0018109081,0.0026672737,0.0044781818
1.2778333333,0.0017891248,0.0026897415,0.0044788663
1.2780000000,0.0017673728,0.0027121664,0.0044795393
1.2781666667,0.0017456547,0.0027345461,0.0044802008
1.2783333333,0.0017239728,0.0027568780,0.0044808508
1.2785000000,0.0017023297,0.0027791599,0.0044814896
1.2786666667,0.0016807277,0.0028013895,0.0044821172
1.2788333333,0.0016591694,0.0028235646,0.0044827340
1.2790000000,0.0016376573,0.0028456828,0.0044833401
1.2791666667,0.0016161937,0.0028677416,0.0044839354
1.2793333333,0.0015947812,0.0028897387,0.0044845199
1.2795000000,0.0015734221,0.0029116717,0.0044850938
1.2796666667,0.0015521189,0.0029335379,0.0044856569
1.2798333333,0.0015308741,0.0029553351,0.0044862092
1.2800000000,0.0015096900,0.0029770607,0.0044867507
1.2801666667,0.0014885691,0.0029987125,0.0044872816
1.2803333333,0.0014675137,0.0030202881,0.0044878018
1.2805000000,0.0014465264,0.0030417851,0.0044883115
1.2806666667,0.0014256095,0.0030632011,0.0044888107
1.2808333333,0.0014047654,0.0030845339,0.0044892993
1.2810000000,0.0013839965,0.0031057810,0.0044897775
1.2811666667,0.0013633051,0.0031269404,0.0044902455
1.2813333333,0.0013426937,0.0031480098,0.0044907036
1.2815000000,0.0013221646,0.0031689872,0.0044911518
1.2816666667,0.0013017202,0.0031898701,0.0044915903
1.2818333333,0.0012813628,0.0032106564,0.0044920192
1.2820000000,0.0012610948,0.0032313437,0.0044924385
1.2821666667,0.0012409185,0.0032519298,0.0044928484
1.2823333333,0.0012208362,0.0032724127,0.0044932489
1.2825000000,0.0012008503,0.0032927899,0.0044936402
1.2826666667,0.0011809631,0.0033130590,0.0044940221
1.2828333333,0.0011611768,0.0033332175,0.0044943943
1.2830000000,0.0011414938,0.0033532631,0.0044947568
1.2831666667,0.0011219162,0.0033731935,0.0044951097
1.2833333333,0.0011024465,0.0033930067,0.0044954532
1.2835000000,0.0010830868,0.0034127007,0.0044957876
1.2836666667,0.0010638394,0.0034322735,0.0044961129
1.2838333333,0.0010447065,0.0034517230,0.0044964295
1.2840000000,0.0010256903,0.0034710470,0.0044967373
1.2841666667,0.0010067931,0.0034902436,0.0044970366
1.2843333333,0.0009880170,0.0035093107,0.0044973277
1.2845000000,0.0009693642,0.0035282463,0.0044976105
1.2846666667,0.0009508370,0.0035470483,0.0044978853
1.2848333333,0.0009324374,0.0035657146,0.0044981520
1.2850000000,0.0009141677,0.0035842432,0.0044984108
1.2851666667,0.0008960299,0.0036026319,0.0044986617
1.2853333333,0.0008780261,0.0036208786,0.0044989048
1.2855000000,0.0008601586,0.0036389812,0.0044991398
1.2856666667,0.0008424293,0.0036569374,0.0044993668
1.2858333333,0.0008248404,0.0036747450,0.0044995855
1.2860000000,0.0008073940,0.0036924021,0.0044997960
1.2861666667,0.0007900919,0.0037099069,0.0044999988
1.2863333333,0.0007729364,0.0037272579,0.0045001943
1.2865000000,0.0007559294,0.0037444534,0.0045003827
1.2866666667,0.0007390728,0.0037614915,0.0045005643
1.2868333333,0.0007223688,0.0037783702,0.0045007390
1.2870000000,0.0007058193,0.0037950876,0.0045009068
1.2871666667,0.0006894262,0.0038116417,0.0045010679
1.2873333333,0.0006731915,0.0038280310,0.0045012225
1.2875000000,0.0006571170,0.0038442538,0.0045013708
1.2876666667,0.0006412048,0.0038603081,0.0045015129
1.2878333333,0.0006254567,0.0038761920,0.0045016487
1.2880000000,0.0006098746,0.0038919034,0.0045017780
1.2881666667,0.0005944603,0.0039074405,0.0045019008
1.2883333333,0.0005792157,0.0039228016,0.0045020173
1.2885000000,0.0005641425,0.0039379851,0.0045021276
1.2886666667,0.0005492426,0.0039529894,0.0045022320
1.2888333333,0.0005345178,0.0039678128,0.0045023306
1.2890000000,0.0005199697,0.0039824537,0.0045024234
1.2891666667,0.0005056002,0.0039969105,0.0045025107
1.2893333333,0.0004914109,0.0040111817,0.0045025926
1.2895000000,0.0004774037,0.0040252659,0.0045026696
1.2896666667,0.0004635800,0.0040391617,0.0045027417
1.2898333333,0.0004499417,0.0040528675,0.0045028092
1.2900000000,0.0004364903,0.0040663816,0.0045028719
1.2901666667,0.0004232275,0.0040797023,0.0045029298
1.2903333333,0.0004101549,0.0040928281,0.0045029830
1.2905000000,0.0003972740,0.0041057575,0.0045030315
1.2906666667,0.0003845864,0.0041184891,0.0045030755
1.2908333333,0.0003720936,0.0041310216,0.0045031151
1.2910000000,0.0003597971,0.0041433534,0.0045031505
1.2911666667,0.0003476983,0.0041554833,0.0045031817
1.2913333333,0.0003357988,0.0041674100,0.0045032089
1.2915000000,0.0003241000,0.0041791323,0.0045032323
1.2916666667,0.0003126033,0.0041906488,0.0045032521
1.2918333333,0.0003013100,0.0042019582,0.0045032682
1.2920000000,0.0002902215,0.0042130594,0.0045032810
1.2921666667,0.0002793392,0.0042239512,0.0045032904
1.2923333333,0.0002686644,0.0042346325,0.0045032968
1.2925000000,0.0002581983,0.0042451021,0.0045033004
1.2926666667,0.0002479422,0.0042553590,0.0045033011
1.2928333333,0.0002378973,0.0042654019,0.0045032991
1.2930000000,0.0002280649,0.0042752295,0.0045032944
1.2931666667,0.0002184461,0.0042848407,0.0045032868
1.2933333333,0.0002090421,0.0042942346,0.0045032767
1.2935000000,0.0001998541,0.0043034102,0.0045032643
1.2936666667,0.0001908831,0.0043123666,0.0045032497
1.2938333333,0.0001821302,0.0043211029,0.0045032331
1.2940000000,0.0001735965,0.0043296182,0.0045032147
1.2941666667,0.0001652831,0.0043379114,0.0045031945
1.2943333333,0.0001571909,0.0043459817,0.0045031725
1.2945000000,0.0001493210,0.0043538281,0.0045031491
1.2946666667,0.0001416743,0.0043614500,0.0045031243
1.2948333333,0.0001342519,0.0043688464,0.0045030983
1.2950000000,0.0001270546,0.0043760165,0.0045030711
1.2951666667,0.0001200833,0.0043829595,0.0045030429
1.2953333333,0.0001133390,0.0043896747,0.0045030137
1.2955000000,0.0001068225,0.0043961613,0.0045029839
1.2956666667,0.0001005347,0.0044024187,0.0045029534
1.2958333333,0.0000944764,0.0044084460,0.0045029224
1.2960000000,0.0000886483,0.0044142427,0.0045028910
1.2961666667,0.0000830513,0.0044198081,0.0045028594
1.2963333333,0.0000776861,0.0044251415,0.0045028276
1.2965000000,0.0000725535,0.0044302424,0.0045027959
1.2966666667,0.0000676541,0.0044351102,0.0045027643
1.2968333333,0.0000629887,0.0044397444,0.0045027331
1.2970000000,0.0000585578,0.0044441445,0.0045027022
1.2971666667,0.0000543621,0.0044483098,0.0045026719
1.2973333333,0.0000504022,0.0044522401,0.0045026423
1.2975000000,0.0000466787,0.0044559348,0.0045026135
1.2976666667,0.0000431921,0.0044593935,0.0045025855
1.2978333333,0.0000399429,0.0044626158,0.0045025587
1.2980000000,0.0000369316,0.0044656013,0.0045025329
1.2981666667,0.0000341587,0.0044683498,0.0045025085
1.2983333333,0.0000316246,0.0044708609,0.0045024855
1.2985000000,0.0000293297,0.0044731344,0.0045024641
1.2986666667,0.0000272745,0.0044751700,0.0045024444
1.2988333333,0.0000254592,0.0044769674,0.0045024266
1.2990000000,0.0000238842,0.0044785265,0.0045024107
1.2991666667,0.0000225499,0.0044798470,0.0045023969
1.2993333333,0.0000214565,0.0044809288,0.0045023853
1.2995000000,0.0000206043,0.0044817717,0.0045023760
1.2996666667,0.0000199936,0.0044823756,0.0045023692
1.2998333333,0.0000196246,0.0044827404,0.0045023650
1.3000000000,0.0000194975,0.0044828661,0.0045023635
1.3001666667,0.0000196125,0.0044827524,0.0045023649
1.3003333333,0.0000199697,0.0044823995,0.0045023692
1.3005000000,0.0000205694,0.0044818072,0.0045023766
1.3006666667,0.0000214116,0.0044809757,0.0045023873
1.3008333333,0.0000224964,0.0044799049,0.0045024013
1.3010000000,0.0000238240,0.0044785948,0.0045024188
1.3011666667,0.0000253943,0.0044770455,0.0045024398
1.3013333333,0.0000272074,0.0044752572,0.0045024646
1.3015000000,0.0000292633,0.0044732298,0.0045024932
1.3016666667,0.0000315621,0.0044709636,0.0045025257
1.3018333333,0.0000341036,0.0044684587,0.0045025624
1.3020000000,0.0000368879,0.0044657153,0.0045026032
1.3021666667,0.0000399148,0.0044627336,0.0045026483
1.3023333333,0.0000431842,0.0044595137,0.0045026980
1.3025000000,0.0000466961,0.0044560561,0.0045027522
1.3026666667,0.0000504503,0.0044523608,0.0045028111
1.3028333333,0.0000544466,0.0044484282,0.0045028749
1.3030000000,0.0000586849,0.0044442586,0.0045029435
1.3031666667,0.0000631650,0.0044398523,0.0045030173
1.3033333333,0.0000678866,0.0044352096,0.0045030962
1.3035000000,0.0000728495,0.0044303309,0.0045031804
1.3036666667,0.0000780535,0.0044252166,0.0045032700
1.3038333333,0.0000834981,0.0044198670,0.0045033651
1.3040000000,0.0000891832,0.0044142826,0.0045034659
1.3041666667,0.0000951084,0.0044084640,0.0045035723
1.3043333333,0.0001012732,0.0044024114,0.0045036846
1.3045000000,0.0001076773,0.0043961255,0.0045038028
1.3046666667,0.0001143202,0.0043896069,0.0045039271
1.3048333333,0.0001212015,0.0043828560,0.0045040575
1.3050000000,0.0001283206,0.0043758737,0.0045041942
1.3051666667,0.0001356770,0.0043686606,0.0045043375
1.3053333333,0.0001432701,0.0043612174,0.0045044874
1.3055000000,0.0001510993,0.0043535448,0.0045046441
1.3056666667,0.0001591640,0.0043456435,0.0045048075
1.3058333333,0.0001674635,0.0043375143,0.0045049778
1.3060000000,0.0001759971,0.0043291579,0.0045051550
1.3061666667,0.0001847641,0.0043205752,0.0045053393
1.3063333333,0.0001937638,0.0043117668,0.0045055307
1.3065000000,0.0002029955,0.0043027338,0.0045057293
1.3066666667,0.0002124582,0.0042934770,0.0045059352
1.3068333333,0.0002221512,0.0042839973,0.0045061485
1.3070000000,0.0002320737,0.0042742957,0.0045063695
1.3071666667,0.0002422249,0.0042643733,0.0045065981
1.3073333333,0.0002526037,0.0042542309,0.0045068346
1.3075000000,0.0002632094,0.0042438696,0.0045070789
1.3076666667,0.0002740409,0.0042332904,0.0045073313
1.3078333333,0.0002850975,0.0042224944,0.0045075919
1.3080000000,0.0002963779,0.0042114829,0.0045078608
1.3081666667,0.0003078814,0.0042002569,0.0045081383
1.3083333333,0.0003196067,0.0041888175,0.0045084242
1.3085000000,0.0003315530,0.0041771656,0.0045087185
1.3086666667,0.0003437190,0.0041653023,0.0045090213
1.3088333333,0.0003561038,0.0041532286,0.0045093325
1.3090000000,0.0003687062,0.0041409460,0.0045096522
1.3091666667,0.0003815251,0.0041284557,0.0045099808
1.3093333333,0.0003945593,0.0041157590,0.0045103182
1.3095000000,0.0004078075,0.0041028572,0.0045106647
1.3096666667,0.0004212686,0.0040897517,0.0045110202
1.3098333333,0.0004349412,0.0040764438,0.0045113850
1.3100000000,0.0004488242,0.0040629351,0.0045117593
1.3101666667,0.0004629161,0.0040492271,0.0045121432
1.3103333333,0.0004772156,0.0040353212,0.0045125368
1.3105000000,0.0004917213,0.0040212188,0.0045129401
1.3106666667,0.0005064318,0.0040069211,0.0045133529
1.3108333333,0.0005213457,0.0039924297,0.0045137753
1.3110000000,0.0005364615,0.0039777459,0.0045142074
1.3111666667,0.0005517777,0.0039628714,0.0045146491
1.3113333333,0.0005672929,0.0039478078,0.0045151008
1.3115000000,0.0005830055,0.0039325568,0.0045155623
1.3116666667,0.0005989141,0.0039171198,0.0045160338
1.3118333333,0.0006150169,0.0039014984,0.0045165154
1.3120000000,0.0006313125,0.0038856945,0.0045170071
1.3121666667,0.0006477993,0.0038697099,0.0045175092
1.3123333333,0.0006644756,0.0038535463,0.0045180219
1.3125000000,0.0006813398,0.0038372056,0.0045185454
1.3126666667,0.0006983901,0.0038206895,0.0045190796
1.3128333333,0.0007156248,0.0038039998,0.0045196246
1.3130000000,0.0007330423,0.0037871381,0.0045201804
1.3131666667,0.0007506407,0.0037701061,0.0045207468
1.3133333333,0.0007684183,0.0037529056,0.0045213238
1.3135000000,0.0007863731,0.0037355383,0.0045219114
1.3136666667,0.0008045035,0.0037180060,0.0045225095
1.3138333333,0.0008228075,0.0037003108,0.0045231183
1.3140000000,0.0008412832,0.0036824548,0.0045237381
1.3141666667,0.0008599288,0.0036644402,0.0045243691
1.3143333333,0.0008787423,0.0036462691,0.0045250114
1.3145000000,0.0008977219,0.0036279433,0.0045256652
1.3146666667,0.0009168655,0.0036094649,0.0045263304
1.3148333333,0.0009361712,0.0035908357,0.0045270070
1.3150000000,0.0009556371,0.0035720578,0.0045276949
1.3151666667,0.0009752612,0.0035531333,0.0045283945
1.3153333333,0.0009950414,0.0035340642,0.0045291056
1.3155000000,0.0010149758,0.0035148524,0.0045298282
1.3156666667,0.0010350622,0.0034954999,0.0045305621
1.3158333333,0.0010552988,0.0034760087,0.0045313074
1.3160000000,0.0010756833,0.0034563808,0.0045320641
1.3161666667,0.0010962137,0.0034366187,0.0045328324
1.3163333333,0.0011168879,0.0034167244,0.0045336123
1.3165000000,0.0011377038,0.0033967003,0.0045344041
1.3166666667,0.0011586591,0.0033765485,0.0045352076
1.3168333333,0.0011797519,0.0033562712,0.0045360231
1.3170000000,0.0012009798,0.0033358709,0.0045368507
1.3171666667,0.0012223406,0.0033153499,0.0045376905
1.3173333333,0.0012438322,0.0032947104,0.0045385426
1.3175000000,0.0012654523,0.0032739544,0.0045394068
1.3176666667,0.0012871987,0.0032530841,0.0045402828
1.3178333333,0.0013090691,0.0032321015,0.0045411706
1.3180000000,0.0013310613,0.0032110088,0.0045420701
1.3181666667,0.0013531728,0.0031898087,0.0045429815
1.3183333333,0.0013754015,0.0031685036,0.0045439051
1.3185000000,0.0013977451,0.0031470958,0.0045448408
1.3186666667,0.0014202011,0.0031255877,0.0045457888
1.3188333333,0.0014427673,0.0031039817,0.0045467489
1.3190000000,0.0014654412,0.0030822803,0.0045477215
1.3191666667,0.0014882205,0.0030604860,0.0045487065
1.3193333333,0.0015111029,0.0030386011,0.0045497040
1.3195000000,0.0015340858,0.0030166280,0.0045507138
1.3196666667,0.0015571669,0.0029945689,0.0045517357
1.3198333333,0.0015803437,0.0029724260,0.0045527697
1.3200000000,0.0016036139,0.0029502019,0.0045538158
1.3201666667,0.0016269749,0.0029278994,0.0045548743
1.3203333333,0.0016504243,0.0029055211,0.0045559454
1.3205000000,0.0016739597,0.0028830693,0.0045570290
1.3206666667,0.0016975786,0.0028605462,0.0045581247
1.3208333333,0.0017212785,0.0028379541,0.0045592325
1.3210000000,0.0017450569,0.0028152956,0.0045603524
1.3211666667,0.0017689113,0.0027925735,0.0045614848
1.3213333333,0.0017928393,0.0027697906,0.0045626299
1.3215000000,0.0018168382,0.0027469496,0.0045637878
1.3216666667,0.0018409056,0.0027240527,0.0045649583
1.3218333333,0.0018650388,0.0027011022,0.0045661410
1.3220000000,0.0018892354,0.0026781003,0.0045673357
1.3221666667,0.0019134928,0.0026550497,0.0045685425
1.3223333333,0.0019378082,0.0026319532,0.0045697614
1.3225000000,0.0019621793,0.0026088135,0.0045709928
1.3226666667,0.0019866033,0.0025856333,0.0045722365
1.3228333333,0.0020110777,0.0025624151,0.0045734927
1.3230000000,0.0020355998,0.0025391615,0.0045747612
1.3231666667,0.0020601671,0.0025158751,0.0045760422
1.3233333333,0.0020847770,0.0024925586,0.0045773356
1.3235000000,0.0021094268,0.0024692147,0.0045786415
1.3236666667,0.0021341139,0.0024458457,0.0045799596
1.3238333333,0.0021588358,0.0024224540,0.0045812898
1.3240000000,0.0021835898,0.0023990422,0.0045826320
1.3241666667,0.0022083732,0.0023756129,0.0045839861
1.3243333333,0.0022331834,0.0023521689,0.0045853523
1.3245000000,0.0022580178,0.0023287131,0.0045867308
1.3246666667,0.0022828736,0.0023052480,0.0045881216
1.3248333333,0.0023077483,0.0022817762,0.0045895244
1.3250000000,0.0023326390,0.0022583002,0.0045909393
1.3251666667,0.0023575433,0.0022348228,0.0045923661
1.3253333333,0.0023824583,0.0022113468,0.0045938051
1.3255000000,0.0024073815,0.0021878747,0.0045952562
1.3256666667,0.0024323101,0.0021644093,0.0045967194
1.3258333333,0.0024572415,0.0021409531,0.0045981946
1.3260000000,0.0024821730,0.0021175086,0.0045996816
1.3261666667,0.0025071020,0.0020940784,0.0046011804
1.3263333333,0.0025320257,0.0020706651,0.0046026908
1.3265000000,0.0025569415,0.0020472714,0.0046042129
1.3266666667,0.0025818467,0.0020238998,0.0046057465
1.3268333333,0.0026067386,0.0020005530,0.0046072916
1.3270000000,0.0026316145,0.0019772336,0.0046088481
1.3271666667,0.0026564718,0.0019539445,0.0046104163
1.3273333333,0.0026813077,0.0019306886,0.0046119963
1.3275000000,0.0027061197,0.0019074686,0.0046135883
1.3276666667,0.0027309049,0.0018842872,0.0046151921
1.3278333333,0.0027556608,0.0018611466,0.0046168073
1.3280000000,0.0027803846,0.0018380491,0.0046184338
1.3281666667,0.0028050738,0.0018149974,0.0046200712
1.3283333333,0.0028297255,0.0017919940,0.0046217195
1.3285000000,0.0028543372,0.0017690417,0.0046233789
1.3286666667,0.0028789062,0.0017461433,0.0046250495
1.3288333333,0.0029034298,0.0017233013,0.0046267312
1.3290000000,0.0029279054,0.0017005185,0.0046284239
1.3291666667,0.0029523303,0.0016777972,0.0046301275
1.3293333333,0.0029767018,0.0016551402,0.0046318420
1.3295000000,0.0030010173,0.0016325500,0.0046335673
1.3296666667,0.0030252742,0.0016100292,0.0046353034
1.3298333333,0.0030494698,0.0015875805,0.0046370503
1.3300000000,0.0030736015,0.0015652065,0.0046388081
1.3301666667,0.0030976668,0.0015429100,0.0046405767
1.3303333333,0.0031216628,0.0015206933,0.0046423561
1.3305000000,0.0031455872,0.0014985587,0.0046441459
1.3306666667,0.0031694372,0.0014765086,0.0046459458
1.3308333333,0.0031932103,0.0014545452,0.0046477554
1.3310000000,0.0032169038,0.0014326711,0.0046495749
1.3311666667,0.0032405152,0.0014108892,0.0046514044
1.3313333333,0.0032640419,0.0013892021,0.0046532441
1.3315000000,0.0032874813,0.0013676127,0.0046550940
1.3316666667,0.0033108309,0.0013461232,0.0046569541
1.3318333333,0.0033340880,0.0013247360,0.0046588241
1.3320000000,0.0033572503,0.0013034536,0.0046607039
1.3321666667,0.0033803150,0.0012822784,0.0046625934
1.3323333333,0.0034032797,0.0012612130,0.0046644928
1.3325000000,0.0034261420,0.0012402599,0.0046664019
1.3326666667,0.0034488992,0.0012194211,0.0046683204
1.3328333333,0.0034715490,0.0011986991,0.0046702481
1.3330000000,0.0034940888,0.0011780959,0.0046721847
1.3331666667,0.0035165162,0.0011576140,0.0046741302
1.3333333333,0.0035388286,0.0011372561,0.0046760847
1.3335000000,0.0035610237,0.0011170246,0.0046780482
1.3336666667,0.0035830989,0.0010969218,0.0046800207
1.3338333333,0.0036050519,0.0010769500,0.0046820019
1.3340000000,0.0036268802,0.0010571116,0.0046839918
1.3341666667,0.0036485814,0.0010374090,0.0046859904
1.3343333333,0.0036701532,0.0010178448,0.0046879979
1.3345000000,0.0036915931,0.0009984212,0.0046900143
1.3346666667,0.0037128989,0.0009791407,0.0046920395
1.3348333333,0.0037340681,0.0009600050,0.0046940730
1.3350000000,0.0037550984,0.0009410161,0.0046961145
1.3351666667,0.0037759876,0.0009221759,0.0046981635
1.3353333333,0.0037967333,0.0009034868,0.0047002201
1.3355000000,0.0038173332,0.0008849510,0.0047022842
1.3356666667,0.0038377850,0.0008665709,0.0047043559
1.3358333333,0.0038580865,0.0008483488,0.0047064353
1.3360000000,0.0038782353,0.0008302871,0.0047085224
1.3361666667,0.0038982293,0.0008123880,0.0047106173
1.3363333333,0.0039180663,0.0007946535,0.0047127198
1.3365000000,0.0039377440,0.0007770858,0.0047148298
1.3366666667,0.0039572603,0.0007596869,0.0047169472
1.3368333333,0.0039766130,0.0007424586,0.0047190716
1.3370000000,0.0039958000,0.0007254031,0.0047212030
1.3371666667,0.0040148191,0.0007085222,0.0047233412
1.3373333333,0.0040336682,0.0006918179,0.0047254861
1.3375000000,0.0040523452,0.0006752922,0.0047276374
1.3376666667,0.0040708481,0.0006589468,0.0047297949
1.3378333333,0.0040891747,0.0006427835,0.0047319582
1.3380000000,0.0041073231,0.0006268043,0.0047341274
1.3381666667,0.0041252911,0.0006110115,0.0047363026
1.3383333333,0.0041430768,0.0005954074,0.0047384842
1.3385000000,0.0041606782,0.0005799941,0.0047406724
1.3386666667,0.0041780934,0.0005647737,0.0047428671
1.3388333333,0.0041953204,0.0005497476,0.0047450680
1.3390000000,0.0042123572,0.0005349174,0.0047472745
1.3391666667,0.0042292019,0.0005202845,0.0047494864
1.3393333333,0.0042458527,0.0005058505,0.0047517033
1.3395000000,0.0042623077,0.0004916173,0.0047539250
1.3396666667,0.0042785651,0.0004775864,0.0047561515
1.3398333333,0.0042946229,0.0004637597,0.0047583827
1.3400000000,0.0043104795,0.0004501391,0.0047606185
1.3401666667,0.0043261329,0.0004367262,0.0047628591
1.3403333333,0.0043415816,0.0004235230,0.0047651046
1.3405000000,0.0043568236,0.0004105312,0.0047673548
1.3406666667,0.0043718574,0.0003977524,0.0047696098
1.3408333333,0.0043866812,0.0003851883,0.0047718694
1.3410000000,0.0044012932,0.0003728403,0.0047741335
1.3411666667,0.0044156920,0.0003607099,0.0047764018
1.3413333333,0.0044298757,0.0003487985,0.0047786742
1.3415000000,0.0044438429,0.0003371073,0.0047809502
1.3416666667,0.0044575919,0.0003256376,0.0047832296
1.3418333333,0.0044711212,0.0003143906,0.0047855119
1.3420000000,0.0044844293,0.0003033677,0.0047877970
1.3421666667,0.0044975146,0.0002925706,0.0047900852
1.3423333333,0.0045103756,0.0002820010,0.0047923766
1.3425000000,0.0045230109,0.0002716605,0.0047946714
1.3426666667,0.0045354191,0.0002615505,0.0047969696
1.3428333333,0.0045475986,0.0002516723,0.0047992710
1.3430000000,0.0045595482,0.0002420272,0.0048015754
1.3431666667,0.0045712664,0.0002326164,0.0048038828
1.3433333333,0.0045827519,0.0002234409,0.0048061927
1.3435000000,0.0045940033,0.0002145016,0.0048085049
1.3436666667,0.0046050194,0.0002057993,0.0048108188
1.3438333333,0.0046157990,0.0001973349,0.0048131339
1.3440000000,0.0046263407,0.0001891095,0.0048154502
1.3441666667,0.0046366434,0.0001811247,0.0048177681
1.3443333333,0.0046467058,0.0001733821,0.0048200879
1.3445000000,0.0046565269,0.0001658830,0.0048224099
1.3446666667,0.0046661054,0.0001586284,0.0048247338
1.3448333333,0.0046754402,0.0001516190,0.0048270592
1.3450000000,0.0046845302,0.0001448553,0.0048293855
1.3451666667,0.0046933744,0.0001383383,0.0048317128
1.3453333333,0.0047019718,0.0001320692,0.0048340410
1.3455000000,0.0047103213,0.0001260490,0.0048363703
1.3456666667,0.0047184219,0.0001202786,0.0048387005
1.3458333333,0.0047262728,0.0001147582,0.0048410310
1.3460000000,0.0047338729,0.0001094884,0.0048433613
1.3461666667,0.0047412214,0.0001044697,0.0048456911
1.3463333333,0.0047483174,0.0000997032,0.0048480206
1.3465000000,0.0047551600,0.0000951901,0.0048503501
1.3466666667,0.0047617485,0.0000909316,0.0048526801
1.3468333333,0.0047680820,0.0000869283,0.0048550103
1.3470000000,0.0047741597,0.0000831808,0.0048573405
1.3471666667,0.0047799810,0.0000796893,0.0048596703
1.3473333333,0.0047855451,0.0000764545,0.0048619996
1.3475000000,0.0047908513,0.0000734767,0.0048643280
1.3476666667,0.0047958990,0.0000707564,0.0048666554
1.3478333333,0.0048006876,0.0000682937,0.0048689813
1.3480000000,0.0048052165,0.0000660890,0.0048713054
1.3481666667,0.0048094851,0.0000641428,0.0048736279
1.3483333333,0.0048134928,0.0000624560,0.0048759488
1.3485000000,0.0048172392,0.0000610293,0.0048782685
1.3486666667,0.0048207237,0.0000598634,0.0048805871
1.3488333333,0.0048239460,0.0000589584,0.0048829044
1.3490000000,0.0048269055,0.0000583142,0.0048852197
1.3491666667,0.0048296019,0.0000579308,0.0048875327
1.3493333333,0.0048320348,0.0000578084,0.0048898433
1.3495000000,0.0048342040,0.0000579475,0.0048921515
1.3496666667,0.0048361090,0.0000583483,0.0048944573
1.3498333333,0.0048377495,0.0000590110,0.0048967606
1.3500000000,0.0048391255,0.0000599355,0.0048990610
1.3501666667,0.0048402365,0.0000611218,0.0049013584
1.3503333333,0.0048410825,0.0000625700,0.0049036525
1.3505000000,0.0048416632,0.0000642803,0.0049059435
1.3506666667,0.0048419785,0.0000662531,0.0049082316
1.3508333333,0.0048420283,0.0000684882,0.0049105166
1.3510000000,0.0048418126,0.0000709856,0.0049127982
1.3511666667,0.0048413312,0.0000737451,0.0049150763
1.3513333333,0.0048405842,0.0000767664,0.0049173506
1.3515000000,0.0048395716,0.0000800496,0.0049196212
1.3516666667,0.0048382934,0.0000835945,0.0049218879
1.3518333333,0.0048367497,0.0000874008,0.0049241505
1.3520000000,0.0048349406,0.0000914679,0.0049264084
1.3521666667,0.0048328661,0.0000957954,0.0049286615
1.3523333333,0.0048305265,0.0001003834,0.0049309099
1.3525000000,0.0048279220,0.0001052320,0.0049331539
1.3526666667,0.0048250527,0.0001103412,0.0049353938
1.3528333333,0.0048219189,0.0001157107,0.0049376296
1.3530000000,0.0048185208,0.0001213399,0.0049398608
1.3531666667,0.0048148589,0.0001272279,0.0049420868
1.3533333333,0.0048109334,0.0001333737,0.0049443071
1.3535000000,0.0048067447,0.0001397769,0.0049465216
1.3536666667,0.0048022931,0.0001464373,0.0049487303
1.3538333333,0.0047975791,0.0001533545,0.0049509336
1.3540000000,0.0047926031,0.0001605283,0.0049531314
1.3541666667,0.0047873656,0.0001679582,0.0049553238
1.3543333333,0.0047818671,0.0001756434,0.0049575105
1.3545000000,0.0047761082,0.0001835832,0.0049596913
1.3546666667,0.0047700893,0.0001917767,0.0049618661
1.3548333333,0.0047638112,0.0002002234,0.0049640346
1.3550000000,0.0047572744,0.0002089223,0.0049661968
1.3551666667,0.0047504796,0.0002178728,0.0049683524
1.3553333333,0.0047434274,0.0002270741,0.0049705015
1.3555000000,0.0047361186,0.0002365254,0.0049726440
1.3556666667,0.0047285539,0.0002462258,0.0049747797
1.3558333333,0.0047207340,0.0002561744,0.0049769085
1.3560000000,0.0047126598,0.0002663702,0.0049790300
1.3561666667,0.0047043321,0.0002768122,0.0049811443
1.3563333333,0.0046957517,0.0002874997,0.0049832514
1.3565000000,0.0046869196,0.0002984319,0.0049853515
1.3566666667,0.0046778365,0.0003096080,0.0049874445
1.3568333333,0.0046685035,0.0003210269,0.0049895304
1.3570000000,0.0046589215,0.0003326874,0.0049916089
1.3571666667,0.0046490914,0.0003445881,0.0049936795
1.3573333333,0.0046390144,0.0003567276,0.0049957420
1.3575000000,0.0046286915,0.0003691049,0.0049977964
1.3576666667,0.0046181237,0.0003817188,0.0049998426
1.3578333333,0.0046073122,0.0003945682,0.0050018804
1.3580000000,0.0045962580,0.0004076519,0.0050039100
1.3581666667,0.0045849624,0.0004209687,0.0050059311
1.3583333333,0.0045734265,0.0004345177,0.0050079441
1.3585000000,0.0045616514,0.0004482977,0.0050099491
1.3586666667,0.0045496385,0.0004623076,0.0050119461
1.3588333333,0.0045373891,0.0004765457,0.0050139348
1.3590000000,0.0045249044,0.0004910103,0.0050159146
1.3591666667,0.0045121857,0.0005056994,0.0050178851
1.3593333333,0.0044992343,0.0005206115,0.0050198459
1.3595000000,0.0044860517,0.0005357456,0.0050217973
1.3596666667,0.0044726393,0.0005511004,0.0050237397
1.3598333333,0.0044589984,0.0005666750,0.0050256734
1.3600000000,0.0044451305,0.0005824675,0.0050275980
1.3601666667,0.0044310371,0.0005984762,0.0050295133
1.3603333333,0.0044167196,0.0006146992,0.0050314188
1.3605000000,0.0044021797,0.0006311350,0.0050333147
1.3606666667,0.0043874188,0.0006477822,0.0050352010
1.3608333333,0.0043724386,0.0006646394,0.0050370780
1.3610000000,0.0043572406,0.0006817050,0.0050389456
1.3611666667,0.0043418264,0.0006989770,0.0050408034
1.3613333333,0.0043261977,0.0007164533,0.0050426511
1.3615000000,0.0043103562,0.0007341321,0.0050444883
1.3616666667,0.0042943036,0.0007520115,0.0050463151
1.3618333333,0.0042780416,0.0007700900,0.0050481315
1.3620000000,0.0042615719,0.0007883658,0.0050499377
1.3621666667,0.0042448963,0.0008068373,0.0050517336
1.3623333333,0.0042280166,0.0008255026,0.0050535193
1.3625000000,0.0042109347,0.0008443600,0.0050552947
1.3626666667,0.0041936523,0.0008634077,0.0050570600
1.3628333333,0.0041761714,0.0008826438,0.0050588151
1.3630000000,0.0041584937,0.0009020660,0.0050605597
1.3631666667,0.0041406213,0.0009216721,0.0050622933
1.3633333333,0.0041225560,0.0009414598,0.0050640157
1.3635000000,0.0041042998,0.0009614270,0.0050657268
1.3636666667,0.0040858546,0.0009815720,0.0050674267
1.3638333333,0.0040672226,0.0010018931,0.0050691157
1.3640000000,0.0040484056,0.0010223883,0.0050707940
1.3641666667,0.0040294058,0.0010430555,0.0050724613
1.3643333333,0.0040102252,0.0010638925,0.0050741176
1.3645000000,0.0039908658,0.0010848969,0.0050757627
1.3646666667,0.0039713298,0.0011060668,0.0050773966
1.3648333333,0.0039516193,0.0011274000,0.0050790193
1.3650000000,0.0039317364,0.0011488944,0.0050806308
1.3651666667,0.0039116833,0.0011705477,0.0050822310
1.3653333333,0.0038914622,0.0011923573,0.0050838196
1.3655000000,0.0038710753,0.0012143210,0.0050853964
1.3656666667,0.0038505249,0.0012364365,0.0050869614
1.3658333333,0.0038298130,0.0012587016,0.0050885147
1.3660000000,0.0038089421,0.0012811143,0.0050900564
1.3661666667,0.0037879144,0.0013036721,0.0050915865
1.3663333333,0.0037667321,0.0013263727,0.0050931048
1.3665000000,0.0037453976,0.0013492137,0.0050946113
1.3666666667,0.0037239133,0.0013721929,0.0050961062
1.3668333333,0.0037022814,0.0013953080,0.0050975894
1.3670000000,0.0036805044,0.0014185568,0.0050990612
1.3671666667,0.0036585847,0.0014419366,0.0051005213
1.3673333333,0.0036365245,0.0014654448,0.0051019694
1.3675000000,0.0036143265,0.0014890786,0.0051034050
1.3676666667,0.0035919929,0.0015128352,0.0051048281
1.3678333333,0.0035695263,0.0015367124,0.0051062387
1.3680000000,0.0035469290,0.0015607081,0.0051076372
1.3681666667,0.0035242037,0.0015848201,0.0051090238
1.3683333333,0.0035013527,0.0016090460,0.0051103987
1.3685000000,0.0034783786,0.0016333833,0.0051117619
1.3686666667,0.0034552840,0.0016578291,0.0051131131
1.3688333333,0.0034320714,0.0016823806,0.0051144520
1.3690000000,0.0034087432,0.0017070352,0.0051157785
1.3691666667,0.0033853022,0.0017317903,0.0051170926
1.3693333333,0.0033617509,0.0017566435,0.0051183944
1.3695000000,0.0033380918,0.0017815922,0.0051196840
1.3696666667,0.0033143276,0.0018066338,0.0051209614
1.3698333333,0.0032904610,0.0018317654,0.0051222264
1.3700000000,0.0032664945,0.0018569842,0.0051234787
1.3701666667,0.0032424308,0.0018822876,0.0051247184
1.3703333333,0.0032182725,0.0019076732,0.0051259458
1.3705000000,0.0031940224,0.0019331386,0.0051271610
1.3706666667,0.0031696831,0.0019586812,0.0051283644
1.3708333333,0.0031452574,0.0019842984,0.0051295558
1.3710000000,0.0031207478,0.0020099872,0.0051307350
1.3711666667,0.0030961571,0.0020357446,0.0051319017
1.3713333333,0.0030714882,0.0020615676,0.0051330557
1.3715000000,0.0030467436,0.0020874536,0.0051341971
1.3716666667,0.0030219262,0.0021133999,0.0051353260
1.3718333333,0.0029970386,0.0021394039,0.0051364425
1.3720000000,0.0029720838,0.0021654628,0.0051375466
1.3721666667,0.0029470643,0.0021915738,0.0051386381
1.3723333333,0.0029219831,0.0022177342,0.0051397173
1.3725000000,0.0028968429,0.0022439414,0.0051407843
1.3726666667,0.0028716465,0.0022701929,0.0051418394
1.3728333333,0.0028463967,0.0022964859,0.0051428826
1.3730000000,0.0028210963,0.0023228176,0.0051439139
1.3731666667,0.0027957482,0.0023491845,0.0051449327
1.3733333333,0.0027703552,0.0023755837,0.0051459388
1.3735000000,0.0027449200,0.0024020121,0.0051469322
1.3736666667,0.0027194456,0.0024284673,0.0051479130
1.3738333333,0.0026939348,0.0024549467,0.0051488815
1.3740000000,0.0026683904,0.0024814477,0.0051498381
1.3741666667,0.0026428153,0.0025079675,0.0051507828
1.3743333333,0.0026172124,0.0025345031,0.0051517155
1.3745000000,0.0025915845,0.0025610516,0.0051526361
1.3746666667,0.0025659344,0.0025876103,0.0051535447
1.3748333333,0.0025402651,0.0026141763,0.0051544414
1.3750000000,0.0025145795,0.0026407467,0.0051553262
1.3751666667,0.0024888804,0.0026673187,0.0051561991
1.3753333333,0.0024631706,0.0026938892,0.0051570598
1.3755000000,0.0024374532,0.0027204553,0.0051579085
1.3756666667,0.0024117309,0.0027470141,0.0051587450
1.3758333333,0.0023860067,0.0027735629,0.0051595696
1.3760000000,0.0023602834,0.0028000990,0.0051603823
1.3761666667,0.0023345639,0.0028266195,0.0051611834
1.3763333333,0.0023088512,0.0028531217,0.0051619729
1.3765000000,0.0022831481,0.0028796029,0.0051627510
1.3766666667,0.0022574576,0.0029060603,0.0051635179
1.3768333333,0.0022317824,0.0029324912,0.0051642736
1.3770000000,0.0022061256,0.0029588924,0.0051650180
1.3771666667,0.0021804900,0.0029852609,0.0051657508
1.3773333333,0.0021548784,0.0030115934,0.0051664719
1.3775000000,0.0021292939,0.0030378873,0.0051671812
1.3776666667,0.0021037393,0.0030641399,0.0051678791
1.3778333333,0.0020782174,0.0030903486,0.0051685660
1.3780000000,0.0020527311,0.0031165110,0.0051692422
1.3781666667,0.0020272835,0.0031426242,0.0051699077
1.3783333333,0.0020018772,0.0031686854,0.0051705626
1.3785000000,0.0019765153,0.0031946916,0.0051712068
1.3786666667,0.0019512005,0.0032206399,0.0051718404
1.3788333333,0.0019259358,0.0032465275,0.0051724633
1.3790000000,0.0019007241,0.0032723517,0.0051730758
1.3791666667,0.0018755681,0.0032981097,0.0051736778
1.3793333333,0.0018504707,0.0033237985,0.0051742693
1.3795000000,0.0018254349,0.0033494155,0.0051748504
1.3796666667,0.0018004634,0.0033749579,0.0051754213
1.3798333333,0.0017755592,0.0034004231,0.0051759823
1.3800000000,0.0017507250,0.0034258086,0.0051765336
1.3801666667,0.0017259637,0.0034511119,0.0051770755
1.3803333333,0.0017012780,0.0034763300,0.0051776080
1.3805000000,0.0016766709,0.0035014603,0.0051781312
1.3806666667,0.0016521452,0.0035264998,0.0051786450
1.3808333333,0.0016277036,0.0035514459,0.0051791495
1.3810000000,0.0016033490,0.0035762958,0.0051796448
1.3811666667,0.0015790842,0.0036010470,0.0051801312
1.3813333333,0.0015549119,0.0036256968,0.0051806086
1.3815000000,0.0015308349,0.0036502426,0.0051810774
1.3816666667,0.0015068559,0.0036746817,0.0051815377
1.3818333333,0.0014829779,0.0036990116,0.0051819895
1.3820000000,0.0014592034,0.0037232298,0.0051824332
1.3821666667,0.0014355353,0.0037473336,0.0051828689
1.3823333333,0.0014119763,0.0037713206,0.0051832969
1.3825000000,0.0013885291,0.0037951882,0.0051837173
1.3826666667,0.0013651964,0.0038189337,0.0051841302
1.3828333333,0.0013419810,0.0038425545,0.0051845355
1.3830000000,0.0013188855,0.0038660478,0.0051849332
1.3831666667,0.0012959125,0.0038894108,0.0051853233
1.3833333333,0.0012730649,0.0039126411,0.0051857060
1.3835000000,0.0012503452,0.0039357366,0.0051860817
1.3836666667,0.0012277560,0.0039586949,0.0051864509
1.3838333333,0.0012053001,0.0039815136,0.0051868137
1.3840000000,0.0011829801,0.0040041902,0.0051871702
1.3841666667,0.0011607985,0.0040267218,0.0051875202
1.3843333333,0.0011387579,0.0040491056,0.0051878635
1.3845000000,0.0011168610,0.0040713393,0.0051882003
1.3846666667,0.0010951103,0.0040934204,0.0051885307
1.3848333333,0.0010735084,0.0041153467,0.0051888551
1.3850000000,0.0010520577,0.0041371158,0.0051891736
1.3851666667,0.0010307609,0.0041587252,0.0051894862
1.3853333333,0.0010096205,0.0041801722,0.0051897927
1.3855000000,0.0009886389,0.0042014544,0.0051900933
1.3856666667,0.0009678186,0.0042225693,0.0051903879
1.3858333333,0.0009471621,0.0042435149,0.0051906770
1.3860000000,0.0009266719,0.0042642887,0.0051909606
1.3861666667,0.0009063503,0.0042848884,0.0051912386
1.3863333333,0.0008861997,0.0043053112,0.0051915109
1.3865000000,0.0008662227,0.0043255547,0.0051917774
1.3866666667,0.0008464215,0.0043456165,0.0051920380
1.3868333333,0.0008267985,0.0043654945,0.0051922930
1.3870000000,0.0008073561,0.0043851864,0.0051925425
1.3871666667,0.0007880965,0.0044046900,0.0051927866
1.3873333333,0.0007690221,0.0044240028,0.0051930250
1.3875000000,0.0007501352,0.0044431226,0.0051932578
1.3876666667,0.0007314379,0.0044620470,0.0051934850
1.3878333333,0.0007129327,0.0044807740,0.0051937066
1.3880000000,0.0006946215,0.0044993013,0.0051939229
1.3881666667,0.0006765068,0.0045176268,0.0051941336
1.3883333333,0.0006585906,0.0045357482,0.0051943388
1.3885000000,0.0006408751,0.0045536631,0.0051945382
1.3886666667,0.0006233624,0.0045713695,0.0051947319
1.3888333333,0.0006060546,0.0045888655,0.0051949201
1.3890000000,0.0005889539,0.0046061490,0.0051951029
1.3891666667,0.0005720622,0.0046232183,0.0051952805
1.3893333333,0.0005553817,0.0046400711,0.0051954528
1.3895000000,0.0005389143,0.0046567055,0.0051956198
1.3896666667,0.0005226621,0.0046731194,0.0051957814
1.3898333333,0.0005066269,0.0046893110,0.0051959379
1.3900000000,0.0004908108,0.0047052783,0.0051960891
1.3901666667,0.0004752156,0.0047210196,0.0051962352
1.3903333333,0.0004598432,0.0047365330,0.0051963763
1.3905000000,0.0004446956,0.0047518168,0.0051965124
1.3906666667,0.0004297745,0.0047668691,0.0051966436
1.3908333333,0.0004150818,0.0047816884,0.0051967703
1.3910000000,0.0004006193,0.0047962732,0.0051968924
1.3911666667,0.0003863886,0.0048106216,0.0051970102
1.3913333333,0.0003723916,0.0048247320,0.0051971236
1.3915000000,0.0003586299,0.0048386027,0.0051972326
1.3916666667,0.0003451053,0.0048522320,0.0051973373
1.3918333333,0.0003318193,0.0048656185,0.0051974378
1.3920000000,0.0003187737,0.0048787607,0.0051975344
1.3921666667,0.0003059699,0.0048916573,0.0051976273
1.3923333333,0.0002934097,0.0049043067,0.0051977164
1.3925000000,0.0002810944,0.0049167074,0.0051978018
1.3926666667,0.0002690256,0.0049288580,0.0051978836
1.3928333333,0.0002572048,0.0049407570,0.0051979618
1.3930000000,0.0002456335,0.0049524032,0.0051980367
1.3931666667,0.0002343130,0.0049637954,0.0051981084
1.3933333333,0.0002232448,0.0049749322,0.0051981770
1.3935000000,0.0002124303,0.0049858121,0.0051982425
1.3936666667,0.0002018708,0.0049964339,0.0051983047
1.3938333333,0.0001915676,0.0050067963,0.0051983639
1.3940000000,0.0001815219,0.0050168981,0.0051984200
1.3941666667,0.0001717351,0.0050267380,0.0051984732
1.3943333333,0.0001622084,0.0050363152,0.0051985236
1.3945000000,0.0001529430,0.0050456283,0.0051985713
1.3946666667,0.0001439401,0.0050546763,0.0051986164
1.3948333333,0.0001352007,0.0050634581,0.0051986589
1.3950000000,0.0001267262,0.0050719726,0.0051986987
1.3951666667,0.0001185174,0.0050802186,0.0051987360
1.3953333333,0.0001105756,0.0050881952,0.0051987708
1.3955000000,0.0001029017,0.0050959014,0.0051988031
1.3956666667,0.0000954968,0.0051033362,0.0051988330
1.3958333333,0.0000883619,0.0051104988,0.0051988607
1.3960000000,0.0000814979,0.0051173882,0.0051988861
1.3961666667,0.0000749058,0.0051240037,0.0051989094
1.3963333333,0.0000685863,0.0051303444,0.0051989307
1.3965000000,0.0000625406,0.0051364095,0.0051989501
1.3966666667,0.0000567693,0.0051421983,0.0051989675
1.3968333333,0.0000512732,0.0051477100,0.0051989832
1.3970000000,0.0000460533,0.0051529440,0.0051989973
1.3971666667,0.0000411102,0.0051578995,0.0051990097
1.3973333333,0.0000364446,0.0051625760,0.0051990205
1.3975000000,0.0000320572,0.0051669727,0.0051990299
1.3976666667,0.0000279487,0.0051710893,0.0051990380
1.3978333333,0.0000241197,0.0051749252,0.0051990448
1.3980000000,0.0000205707,0.0051784798,0.0051990506
1.3981666667,0.0000173025,0.0051817529,0.0051990553
1.3983333333,0.0000143154,0.0051847438,0.0051990592
1.3985000000,0.0000116100,0.0051874522,0.0051990622
1.3986666667,0.0000091867,0.0051898777,0.0051990644
1.3988333333,0.0000070460,0.0051920200,0.0051990661
1.3990000000,0.0000051884,0.0051938788,0.0051990672
1.3991666667,0.0000036141,0.0051954538,0.0051990678
1.3993333333,0.0000023235,0.0051967446,0.0051990681
1.3995000000,0.0000013171,0.0051977511,0.0051990682
1.3996666667,0.0000005949,0.0051984732,0.0051990681
1.3998333333,0.0000001574,0.0051989105,0.0051990679
1.4000000000,0.0000000048,0.0051990631,0.0051990679
1.4001666667,0.0000001373,0.0051989307,0.0051990680
1.4003333333,0.0000005551,0.0051985133,0.0051990684
1.4005000000,0.0000012583,0.0051978109,0.0051990692
1.4006666667,0.0000022471,0.0051968235,0.0051990706
1.4008333333,0.0000035216,0.0051955510,0.0051990726
1.4010000000,0.0000050818,0.0051939936,0.0051990755
1.4011666667,0.0000069279,0.0051921514,0.0051990793
1.4013333333,0.0000090598,0.0051900245,0.0051990843
1.4015000000,0.0000114774,0.0051876130,0.0051990905
1.4016666667,0.0000141809,0.0051849172,0.0051990981
1.4018333333,0.0000171701,0.0051819373,0.0051991074
1.4020000000,0.0000204448,0.0051786736,0.0051991184
1.4021666667,0.0000240050,0.0051751264,0.0051991314
1.4023333333,0.0000278505,0.0051712960,0.0051991466
1.4025000000,0.0000319812,0.0051671829,0.0051991640
1.4026666667,0.0000363967,0.0051627873,0.0051991840
1.4028333333,0.0000410969,0.0051581099,0.0051992068
1.4030000000,0.0000460815,0.0051531509,0.0051992325
1.4031666667,0.0000513502,0.0051479111,0.0051992613
1.4033333333,0.0000569027,0.0051423907,0.0051992934
1.4035000000,0.0000627386,0.0051365905,0.0051993291
1.4036666667,0.0000688575,0.0051305110,0.0051993685
1.4038333333,0.0000752590,0.0051241529,0.0051994119
1.4040000000,0.0000819427,0.0051175167,0.0051994594
1.4041666667,0.0000889081,0.0051106031,0.0051995111
1.4043333333,0.0000961547,0.0051034128,0.0051995674
1.4045000000,0.0001036819,0.0050959467,0.0051996286
1.4046666667,0.0001114891,0.0050882057,0.0051996948
1.4048333333,0.0001195757,0.0050801906,0.0051997663
1.4050000000,0.0001279411,0.0050719023,0.0051998434
1.4051666667,0.0001365846,0.0050633416,0.0051999262
1.4053333333,0.0001455053,0.0050545095,0.0052000148
1.4055000000,0.0001547026,0.0050454069,0.0052001095
1.4056666667,0.0001641756,0.0050360349,0.0052002105
1.4058333333,0.0001739235,0.0050263946,0.0052003182
1.4060000000,0.0001839454,0.0050164872,0.0052004326
1.4061666667,0.0001942404,0.0050063138,0.0052005542
1.4063333333,0.0002048075,0.0049958754,0.0052006829
1.4065000000,0.0002156458,0.0049851733,0.0052008191
1.4066666667,0.0002267542,0.0049742087,0.0052009629
1.4068333333,0.0002381318,0.0049629828,0.0052011146
1.4070000000,0.0002497774,0.0049514969,0.0052012743
1.4071666667,0.0002616900,0.0049397521,0.0052014421
1.4073333333,0.0002738685,0.0049277497,0.0052016182
1.4075000000,0.0002863118,0.0049154908,0.0052018025
1.4076666667,0.0002990186,0.0049029767,0.0052019953
1.4078333333,0.0003119878,0.0048902088,0.0052021966
1.4080000000,0.0003252183,0.0048771884,0.0052024066
1.4081666667,0.0003387087,0.0048639167,0.0052026254
1.4083333333,0.0003524578,0.0048503953,0.0052028531
1.4085000000,0.0003664643,0.0048366253,0.0052030896
1.4086666667,0.0003807269,0.0048226082,0.0052033351
1.4088333333,0.0003952443,0.0048083454,0.0052035897
1.4090000000,0.0004100150,0.0047938384,0.0052038534
1.4091666667,0.0004250377,0.0047790885,0.0052041262
1.4093333333,0.0004403110,0.0047640973,0.0052044083
1.4095000000,0.0004558333,0.0047488662,0.0052046995
1.4096666667,0.0004716033,0.0047333968,0.0052050001
1.4098333333,0.0004876193,0.0047176908,0.0052053101
1.4100000000,0.0005038799,0.0047017500,0.0052056298
1.4101666667,0.0005203833,0.0046855761,0.0052059594
1.4103333333,0.0005371281,0.0046691710,0.0052062992
1.4105000000,0.0005541126,0.0046525367,0.0052066493
1.4106666667,0.0005713350,0.0046356748,0.0052070098
1.4108333333,0.0005887937,0.0046185871,0.0052073807
1.4110000000,0.0006064868,0.0046012755,0.0052077623
1.4111666667,0.0006244127,0.0045837420,0.0052081547
1.4113333333,0.0006425694,0.0045659888,0.0052085582
1.4115000000,0.0006609553,0.0045480179,0.0052089732
1.4116666667,0.0006795684,0.0045298316,0.0052094000
1.4118333333,0.0006984068,0.0045114319,0.0052098387
1.4120000000,0.0007174686,0.0044928209,0.0052102895
1.4121666667,0.0007367519,0.0044740006,0.0052107525
1.4123333333,0.0007562547,0.0044549732,0.0052112279
1.4125000000,0.0007759750,0.0044357411,0.0052117162
1.4126666667,0.0007959109,0.0044163065,0.0052122174
1.4128333333,0.0008160602,0.0043966715,0.0052127318
1.4130000000,0.0008364210,0.0043768383,0.0052132593
1.4131666667,0.0008569910,0.0043568090,0.0052138000
1.4133333333,0.0008777682,0.0043365858,0.0052143540
1.4135000000,0.0008987504,0.0043161712,0.0052149216
1.4136666667,0.0009199353,0.0042955677,0.0052155030
1.4138333333,0.0009413209,0.0042747777,0.0052160985
1.4140000000,0.0009629048,0.0042538035,0.0052167083
1.4141666667,0.0009846847,0.0042326476,0.0052173323
1.4143333333,0.0010066584,0.0042113122,0.0052179707
1.4145000000,0.0010288236,0.0041897997,0.0052186233
1.4146666667,0.0010511779,0.0041681124,0.0052192903
1.4148333333,0.0010737191,0.0041462525,0.0052199716
1.4150000000,0.0010964447,0.0041242226,0.0052206673
1.4151666667,0.0011193524,0.0041020250,0.0052213774
1.4153333333,0.0011424398,0.0040796624,0.0052221021
1.4155000000,0.0011657045,0.0040571372,0.0052228417
1.4156666667,0.0011891442,0.0040344520,0.0052235962
1.4158333333,0.0012127563,0.0040116092,0.0052243655
1.4160000000,0.0012365384,0.0039886112,0.0052251496
1.4161666667,0.0012604881,0.0039654601,0.0052259481
1.4163333333,0.0012846028,0.0039421583,0.0052267611
1.4165000000,0.0013088801,0.0039187085,0.0052275886
1.4166666667,0.0013333174,0.0038951133,0.0052284307
1.4168333333,0.0013579121,0.0038713753,0.0052292875
1.4170000000,0.0013826617,0.0038474972,0.0052301589
1.4171666667,0.0014075636,0.0038234814,0.0052310450
1.4173333333,0.0014326152,0.0037993308,0.0052319459
1.4175000000,0.0014578138,0.0037750480,0.0052328617
1.4176666667,0.0014831568,0.0037506359,0.0052337926
1.4178333333,0.0015086415,0.0037260973,0.0052347388
1.4180000000,0.0015342652,0.0037014351,0.0052357003
1.4181666667,0.0015600253,0.0036766520,0.0052366773
1.4183333333,0.0015859191,0.0036517507,0.0052376697
1.4185000000,0.0016119437,0.0036267342,0.0052386778
1.4186666667,0.0016380964,0.0036016054,0.0052397018
1.4188333333,0.0016643746,0.0035763675,0.0052407420
1.4190000000,0.0016907753,0.0035510234,0.0052417987
1.4191666667,0.0017172959,0.0035255761,0.0052428720
1.4193333333,0.0017439334,0.0035000287,0.0052439621
1.4195000000,0.0017706850,0.0034743841,0.0052450692
1.4196666667,0.0017975480,0.0034486452,0.0052461932
1.4198333333,0.0018245195,0.0034228146,0.0052473341
1.4200000000,0.0018515965,0.0033968951,0.0052484916
1.4201666667,0.0018787763,0.0033708893,0.0052496656
1.4203333333,0.0019060558,0.0033448000,0.0052508558
1.4205000000,0.0019334323,0.0033186299,0.0052520622
1.4206666667,0.0019609029,0.0032923820,0.0052532849
1.4208333333,0.0019884646,0.0032660591,0.0052545237
1.4210000000,0.0020161144,0.0032396641,0.0052557786
1.4211666667,0.0020438496,0.0032131996,0.0052570492
1.4213333333,0.0020716671,0.0031866680,0.0052583351
1.4215000000,0.0020995640,0.0031600719,0.0052596359
1.4216666667,0.0021275373,0.0031334139,0.0052609512
1.4218333333,0.0021555841,0.0031066967,0.0052622808
1.4220000000,0.0021837015,0.0030799233,0.0052636247
1.4221666667,0.0022118863,0.0030530966,0.0052649829
1.4223333333,0.0022401357,0.0030262199,0.0052663556
1.4225000000,0.0022684466,0.0029992961,0.0052677427
1.4226666667,0.0022968160,0.0029723282,0.0052691441
1.4228333333,0.0023252408,0.0029453190,0.0052705598
1.4230000000,0.0023537180,0.0029182714,0.0052719894
1.4231666667,0.0023822447,0.0028911885,0.0052734331
1.4233333333,0.0024108176,0.0028640734,0.0052748910
1.4235000000,0.0024394339,0.0028369295,0.0052763634
1.4236666667,0.0024680904,0.0028097598,0.0052778502
1.4238333333,0.0024967841,0.0027825673,0.0052793514
1.4240000000,0.0025255119,0.0027553548,0.0052808667
1.4241666667,0.0025542708,0.0027281251,0.0052823959
1.4243333333,0.0025830578,0.0027008814,0.0052839392
1.4245000000,0.0026118697,0.0026736270,0.0052854968
1.4246666667,0.0026407036,0.0026463652,0.0052870688
1.4248333333,0.0026695562,0.0026190989,0.0052886551
1.4250000000,0.0026984245,0.0025918306,0.0052902551
1.4251666667,0.0027273055,0.0025645629,0.0052918684
1.4253333333,0.0027561959,0.0025372987,0.0052934947
1.4255000000,0.0027850928,0.0025100411,0.0052951338
1.4256666667,0.0028139929,0.0024827931,0.0052967860
1.4258333333,0.0028428932,0.0024555581,0.0052984513
1.4260000000,0.0028717907,0.0024283388,0.0053001295
1.4261666667,0.0029006821,0.0024011383,0.0053018204
1.4263333333,0.0029295644,0.0023739594,0.0053035238
1.4265000000,0.0029584345,0.0023468052,0.0053052397
1.4266666667,0.0029872894,0.0023196787,0.0053069681
1.4268333333,0.0030161259,0.0022925827,0.0053087086
1.4270000000,0.0030449409,0.0022655203,0.0053104613
1.4271666667,0.0030737314,0.0022384944,0.0053122258
1.4273333333,0.0031024942,0.0022115081,0.0053140023
1.4275000000,0.0031312262,0.0021845650,0.0053157913
1.4276666667,0.0031599244,0.0021576686,0.0053175930
1.4278333333,0.0031885857,0.0021308221,0.0053194077
1.4280000000,0.0032172068,0.0021040284,0.0053212352
1.4281666667,0.0032457849,0.0020772904,0.0053230753
1.4283333333,0.0032743167,0.0020506111,0.0053249277
1.4285000000,0.0033027992,0.0020239937,0.0053267928
1.4286666667,0.0033312293,0.0019974418,0.0053286711
1.4288333333,0.0033596039,0.0019709588,0.0053305628
1.4290000000,0.0033879200,0.0019445480,0.0053324681
1.4291666667,0.0034161745,0.0019182124,0.0053343870
1.4293333333,0.0034443644,0.0018919550,0.0053363194
1.4295000000,0.0034724865,0.0018657790,0.0053382654
1.4296666667,0.0035005378,0.0018396875,0.0053402253
1.4298333333,0.0035285153,0.0018136839,0.0053421992
1.4300000000,0.0035564159,0.0017877710,0.0053441868
1.4301666667,0.0035842365,0.0017619515,0.0053461881
1.4303333333,0.0036119743,0.0017362283,0.0053482026
1.4305000000,0.0036396261,0.0017106042,0.0053502303
1.4306666667,0.0036671889,0.0016850822,0.0053522711
1.4308333333,0.0036946598,0.0016596650,0.0053543248
1.4310000000,0.0037220358,0.0016343555,0.0053563913
1.4311666667,0.0037493138,0.0016091561,0.0053584699
1.4313333333,0.0037764910,0.0015840693,0.0053605603
1.4315000000,0.0038035643,0.0015590979,0.0053626621
1.4316666667,0.0038305308,0.0015342447,0.0053647755
1.4318333333,0.0038573876,0.0015095124,0.0053669000
1.4320000000,0.0038841317,0.0014849037,0.0053690353
1.4321666667,0.0039107602,0.0014604208,0.0053711810
1.4323333333,0.0039372702,0.0014360665,0.0053733367
1.4325000000,0.0039636588,0.0014118436,0.0053755024
1.4326666667,0.0039899232,0.0013877553,0.0053776785
1.4328333333,0.0040160604,0.0013638050,0.0053798654
1.4330000000,0.0040420677,0.0013399957,0.0053820633
1.4331666667,0.0040679422,0.0013163298,0.0053842720
1.4333333333,0.0040936810,0.0012928100,0.0053864910
1.4335000000,0.0041192813,0.0012694387,0.0053887200
1.4336666667,0.0041447405,0.0012462187,0.0053909592
1.4338333333,0.0041700555,0.0012231532,0.0053932088
1.4340000000,0.0041952238,0.0012002452,0.0053954690
1.4341666667,0.0042202425,0.0011774975,0.0053977400
1.4343333333,0.0042451088,0.0011549128,0.0054000216
1.4345000000,0.0042698200,0.0011324936,0.0054023136
1.4346666667,0.0042943735,0.0011102421,0.0054046156
1.4348333333,0.0043187664,0.0010881608,0.0054069272
1.4350000000,0.0043429962,0.0010662519,0.0054092481
1.4351666667,0.0043670602,0.0010445178,0.0054115780
1.4353333333,0.0043909557,0.0010229609,0.0054139165
1.4355000000,0.0044146801,0.0010015836,0.0054162637
1.4356666667,0.0044382308,0.0009803887,0.0054186195
1.4358333333,0.0044616053,0.0009593788,0.0054209841
1.4360000000,0.0044848009,0.0009385563,0.0054233572
1.4361666667,0.0045078151,0.0009179238,0.0054257389
1.4363333333,0.0045306454,0.0008974837,0.0054281290
1.4365000000,0.0045532891,0.0008772385,0.0054305276
1.4366666667,0.0045757439,0.0008571911,0.0054329350
1.4368333333,0.0045980072,0.0008373441,0.0054353513
1.4370000000,0.0046200765,0.0008177000,0.0054377765
1.4371666667,0.0046419495,0.0007982612,0.0054402107
1.4373333333,0.0046636237,0.0007790300,0.0054426537
1.4375000000,0.0046850967,0.0007600089,0.0054451056
1.4376666667,0.0047063661,0.0007412006,0.0054475667
1.4378333333,0.0047274297,0.0007226073,0.0054500369
1.4380000000,0.0047482850,0.0007042312,0.0054525162
1.4381666667,0.0047689297,0.0006860742,0.0054550039
1.4383333333,0.0047893615,0.0006681380,0.0054574995
1.4385000000,0.0048095783,0.0006504241,0.0054600024
1.4386666667,0.0048295776,0.0006329345,0.0054625121
1.4388333333,0.0048493574,0.0006156712,0.0054650285
1.4390000000,0.0048689153,0.0005986359,0.0054675512
1.4391666667,0.0048882492,0.0005818305,0.0054700796
1.4393333333,0.0049073570,0.0005652566,0.0054726136
1.4395000000,0.0049262365,0.0005489162,0.0054751527
1.4396666667,0.0049448857,0.0005328115,0.0054776972
1.4398333333,0.0049633024,0.0005169446,0.0054802470
1.4400000000,0.0049814847,0.0005013173,0.0054828020
1.4401666667,0.0049994305,0.0004859313,0.0054853618
1.4403333333,0.0050171378,0.0004707881,0.0054879259
1.4405000000,0.0050346045,0.0004558897,0.0054904942
1.4406666667,0.0050518288,0.0004412384,0.0054930672
1.4408333333,0.0050688087,0.0004268368,0.0054956456
1.4410000000,0.0050855424,0.0004126875,0.0054982298
1.4411666667,0.0051020278,0.0003987922,0.0055008201
1.4413333333,0.0051182633,0.0003851528,0.0055034161
1.4415000000,0.0051342469,0.0003717705,0.0055060174
1.4416666667,0.0051499769,0.0003586469,0.0055086238
1.4418333333,0.0051654514,0.0003457839,0.0055112353
1.4420000000,0.0051806689,0.0003331830,0.0055138519
1.4421666667,0.0051956274,0.0003208462,0.0055164736
1.4423333333,0.0052103255,0.0003087747,0.0055191002
1.4425000000,0.0052247612,0.0002969700,0.0055217313
1.4426666667,0.0052389332,0.0002854335,0.0055243666
1.4428333333,0.0052528397,0.0002741665,0.0055270062
1.4430000000,0.0052664791,0.0002631706,0.0055296497
1.4431666667,0.0052798501,0.0002524468,0.0055322969
1.4433333333,0.0052929509,0.0002419964,0.0055349472
1.4435000000,0.0053057802,0.0002318201,0.0055376003
1.4436666667,0.0053183364,0.0002219192,0.0055402556
1.4438333333,0.0053306182,0.0002122949,0.0055429130
1.4440000000,0.0053426241,0.0002029485,0.0055455726
1.4441666667,0.0053543528,0.0001938812,0.0055482340
1.4443333333,0.0053658029,0.0001850943,0.0055508972
1.4445000000,0.0053769731,0.0001765888,0.0055535619
1.4446666667,0.0053878622,0.0001683660,0.0055562282
1.4448333333,0.0053984689,0.0001604273,0.0055588962
1.4450000000,0.0054087920,0.0001527738,0.0055615658
1.4451666667,0.0054188302,0.0001454067,0.0055642370
1.4453333333,0.0054285826,0.0001383267,0.0055669093
1.4455000000,0.0054380478,0.0001315346,0.0055695824
1.4456666667,0.0054472248,0.0001250315,0.0055722563
1.4458333333,0.0054561126,0.0001188185,0.0055749311
1.4460000000,0.0054647101,0.0001128970,0.0055776071
1.4461666667,0.0054730163,0.0001072684,0.0055802847
1.4463333333,0.0054810302,0.0001019335,0.0055829637
1.4465000000,0.0054887509,0.0000968928,0.0055856437
1.4466666667,0.0054961775,0.0000921467,0.0055883243
1.4468333333,0.0055033092,0.0000876959,0.0055910051
1.4470000000,0.0055101450,0.0000835408,0.0055936859
1.4471666667,0.0055166843,0.0000796822,0.0055963665
1.4473333333,0.0055229261,0.0000761206,0.0055990467
1.4475000000,0.0055288698,0.0000728565,0.0056017263
1.4476666667,0.0055345146,0.0000698905,0.0056044050
1.4478333333,0.0055398598,0.0000672231,0.0056070829
1.4480000000,0.0055449049,0.0000648551,0.0056097599
1.4481666667,0.0055496491,0.0000627870,0.0056124361
1.4483333333,0.0055540919,0.0000610191,0.0056151110
1.4485000000,0.0055582328,0.0000595517,0.0056177845
1.4486666667,0.0055620713,0.0000583849,0.0056204562
1.4488333333,0.0055656068,0.0000575190,0.0056231258
1.4490000000,0.0055688389,0.0000569546,0.0056257935
1.4491666667,0.0055717672,0.0000566923,0.0056284595
1.4493333333,0.0055743914,0.0000567325,0.0056311239
1.4495000000,0.0055767110,0.0000570756,0.0056337865
1.4496666667,0.0055787257,0.0000577214,0.0056364471
1.4498333333,0.0055804353,0.0000586699,0.0056391052
1.4500000000,0.0055818395,0.0000599210,0.0056417605
1.4501666667,0.0055829380,0.0000614748,0.0056444128
1.4503333333,0.0055837308,0.0000633312,0.0056470620
1.4505000000,0.0055842176,0.0000654900,0.0056497077
1.4506666667,0.0055843984,0.0000679511,0.0056523496
1.4508333333,0.0055842731,0.0000707142,0.0056549873
1.4510000000,0.0055838415,0.0000737790,0.0056576206
1.4511666667,0.0055831038,0.0000771456,0.0056602494
1.4513333333,0.0055820598,0.0000808142,0.0056628740
1.4515000000,0.0055807097,0.0000847849,0.0056654946
1.4516666667,0.0055790536,0.0000890578,0.0056681114
1.4518333333,0.0055770915,0.0000936328,0.0056707243
1.4520000000,0.0055748237,0.0000985096,0.0056733332
1.4521666667,0.0055722502,0.0001036877,0.0056759379
1.4523333333,0.0055693713,0.0001091670,0.0056785383
1.4525000000,0.0055661874,0.0001149470,0.0056811344
1.4526666667,0.0055626986,0.0001210277,0.0056837263
1.4528333333,0.0055589053,0.0001274088,0.0056863142
1.4530000000,0.0055548079,0.0001340899,0.0056888978
1.4531666667,0.0055504067,0.0001410702,0.0056914770
1.4533333333,0.0055457022,0.0001483488,0.0056940510
1.4535000000,0.0055406948,0.0001559246,0.0056966193
1.4536666667,0.0055353849,0.0001637964,0.0056991814
1.4538333333,0.0055297732,0.0001719634,0.0057017366
1.4540000000,0.0055238602,0.0001804246,0.0057042848
1.4541666667,0.0055176464,0.0001891792,0.0057068256
1.4543333333,0.0055111325,0.0001982263,0.0057093589
1.4545000000,0.0055043192,0.0002075654,0.0057118847
1.4546666667,0.0054972072,0.0002171959,0.0057144030
1.4548333333,0.0054897971,0.0002271170,0.0057169141
1.4550000000,0.0054820897,0.0002373283,0.0057194179
1.4551666667,0.0054740858,0.0002478290,0.0057219148
1.4553333333,0.0054657862,0.0002586185,0.0057244047
1.4555000000,0.0054571917,0.0002696960,0.0057268878
1.4556666667,0.0054483034,0.0002810607,0.0057293641
1.4558333333,0.0054391220,0.0002927117,0.0057318337
1.4560000000,0.0054296486,0.0003046481,0.0057342967
1.4561666667,0.0054198841,0.0003168689,0.0057367530
1.4563333333,0.0054098296,0.0003293730,0.0057392026
1.4565000000,0.0053994860,0.0003421589,0.0057416450
1.4566666667,0.0053888545,0.0003552253,0.0057440799
1.4568333333,0.0053779363,0.0003685706,0.0057465068
1.4570000000,0.0053667323,0.0003821931,0.0057489254
1.4571666667,0.0053552439,0.0003960913,0.0057513352
1.4573333333,0.0053434721,0.0004102635,0.0057537357
1.4575000000,0.0053314184,0.0004247082,0.0057561266
1.4576666667,0.0053190839,0.0004394237,0.0057585075
1.4578333333,0.0053064699,0.0004544085,0.0057608785
1.4580000000,0.0052935778,0.0004696615,0.0057632394
1.4581666667,0.0052804090,0.0004851815,0.0057655906
1.4583333333,0.0052669648,0.0005009674,0.0057679322
1.4585000000,0.0052532467,0.0005170179,0.0057702646
1.4586666667,0.0052392561,0.0005333317,0.0057725878
1.4588333333,0.0052249945,0.0005499070,0.0057749015
1.4590000000,0.0052104635,0.0005667421,0.0057772055
1.4591666667,0.0051956645,0.0005838353,0.0057794998
1.4593333333,0.0051805993,0.0006011851,0.0057817844
1.4595000000,0.0051652693,0.0006187902,0.0057840595
1.4596666667,0.0051496762,0.0006366490,0.0057863252
1.4598333333,0.0051338218,0.0006547599,0.0057885816
1.4600000000,0.0051177076,0.0006731207,0.0057908283
1.4601666667,0.0051013355,0.0006917294,0.0057930649
1.4603333333,0.0050847072,0.0007105835,0.0057952907
1.4605000000,0.0050678244,0.0007296812,0.0057975056
1.4606666667,0.0050506890,0.0007490202,0.0057997093
1.4608333333,0.0050333029,0.0007685988,0.0058019018
1.4610000000,0.0050156679,0.0007884151,0.0058040830
1.4611666667,0.0049977859,0.0008084669,0.0058062528
1.4613333333,0.0049796589,0.0008287524,0.0058084113
1.4615000000,0.0049612887,0.0008492695,0.0058105583
1.4616666667,0.0049426775,0.0008700165,0.0058126939
1.4618333333,0.0049238271,0.0008909911,0.0058148182
1.4620000000,0.0049047396,0.0009121913,0.0058169310
1.4621666667,0.0048854172,0.0009336149,0.0058190321
1.4623333333,0.0048658618,0.0009552597,0.0058211215
1.4625000000,0.0048460757,0.0009771234,0.0058231991
1.4626666667,0.0048260610,0.0009992039,0.0058252648
1.4628333333,0.0048058197,0.0010214990,0.0058273187
1.4630000000,0.0047853542,0.0010440066,0.0058293608
1.4631666667,0.0047646666,0.0010667243,0.0058313909
1.4633333333,0.0047437593,0.0010896498,0.0058334090
1.4635000000,0.0047226344,0.0011127808,0.0058354152
1.4636666667,0.0047012943,0.0011361151,0.0058374093
1.4638333333,0.0046797413,0.0011596500,0.0058393912
1.4640000000,0.0046579777,0.0011833829,0.0058413606
1.4641666667,0.0046360060,0.0012073112,0.0058433172
1.4643333333,0.0046138285,0.0012314324,0.0058452608
1.4645000000,0.0045914476,0.0012557440,0.0058471916
1.4646666667,0.0045688658,0.0012802439,0.0058491097
1.4648333333,0.0045460855,0.0013049299,0.0058510154
1.4650000000,0.0045231093,0.0013297994,0.0058529086
1.4651666667,0.0044999396,0.0013548496,0.0058547892
1.4653333333,0.0044765790,0.0013800778,0.0058566567
1.4655000000,0.0044530300,0.0014054810,0.0058585110
1.4656666667,0.0044292953,0.0014310566,0.0058603519
1.4658333333,0.0044053774,0.0014568021,0.0058621794
1.4660000000,0.0043812789,0.0014827148,0.0058639937
1.4661666667,0.0043570024,0.0015087923,0.0058657947
1.4663333333,0.0043325508,0.0015350317,0.0058675824
1.4665000000,0.0043079265,0.0015614303,0.0058693568
1.4666666667,0.0042831324,0.0015879856,0.0058711180
1.4668333333,0.0042581711,0.0016146948,0.0058728659
1.4670000000,0.0042330454,0.0016415549,0.0058746003
1.4671666667,0.0042077581,0.0016685629,0.0058763210
1.4673333333,0.0041823119,0.0016957158,0.0058780277
1.4675000000,0.0041567096,0.0017230106,0.0058797203
1.4676666667,0.0041309541,0.0017504449,0.0058813991
1.4678333333,0.0041050482,0.0017780162,0.0058830644
1.4680000000,0.0040789947,0.0018057217,0.0058847164
1.4681666667,0.0040527965,0.0018335586,0.0058863551
1.4683333333,0.0040264565,0.0018615236,0.0058879801
1.4685000000,0.0039999777,0.0018896136,0.0058895912
1.4686666667,0.0039733629,0.0019178256,0.0058911885
1.4688333333,0.0039466150,0.0019461570,0.0058927721
1.4690000000,0.0039197371,0.0019746049,0.0058943420
1.4691666667,0.0038927320,0.0020031663,0.0058958983
1.4693333333,0.0038656029,0.0020318377,0.0058974406
1.4695000000,0.0038383526,0.0020606160,0.0058989685
1.4696666667,0.0038109842,0.0020894979,0.0059004821
1.4698333333,0.0037835007,0.0021184806,0.0059019813
1.4700000000,0.0037559052,0.0021475614,0.0059034666
1.4701666667,0.0037282007,0.0021767371,0.0059049378
1.4703333333,0.0037003903,0.0022060044,0.0059063947
1.4705000000,0.0036724771,0.0022353599,0.0059078370
1.4706666667,0.0036444641,0.0022648003,0.0059092644
1.4708333333,0.0036163545,0.0022943226,0.0059106771
1.4710000000,0.0035881514,0.0023239243,0.0059120756
1.4711666667,0.0035598578,0.0023536025,0.0059134603
1.4713333333,0.0035314771,0.0023833544,0.0059148315
1.4715000000,0.0035030122,0.0024131769,0.0059161892
1.4716666667,0.0034744665,0.0024430667,0.0059175332
1.4718333333,0.0034458430,0.0024730204,0.0059188634
1.4720000000,0.0034171449,0.0025030348,0.0059201798
1.4721666667,0.0033883755,0.0025331067,0.0059214823
1.4723333333,0.0033595379,0.0025632328,0.0059227707
1.4725000000,0.0033306354,0.0025934096,0.0059240450
1.4726666667,0.0033016712,0.0026236338,0.0059253050
1.4728333333,0.0032726484,0.0026539020,0.0059265504
1.4730000000,0.0032435704,0.0026842111,0.0059277815
1.4731666667,0.0032144404,0.0027145577,0.0059289980
1.4733333333,0.0031852616,0.0027449384,0.0059302000
1.4735000000,0.0031560372,0.0027753500,0.0059313873
1.4736666667,0.0031267707,0.0028057891,0.0059325598
1.4738333333,0.0030974651,0.0028362526,0.0059337177
1.4740000000,0.0030681238,0.0028667375,0.0059348613
1.4741666667,0.0030387501,0.0028972410,0.0059359911
1.4743333333,0.0030093472,0.0029277602,0.0059371074
1.4745000000,0.0029799185,0.0029582919,0.0059382103
1.4746666667,0.0029504672,0.0029888327,0.0059392999
1.4748333333,0.0029209967,0.0030193795,0.0059403762
1.4750000000,0.0028915102,0.0030499289,0.0059414391
1.4751666667,0.0028620111,0.0030804774,0.0059424885
1.4753333333,0.0028325026,0.0031110218,0.0059435244
1.4755000000,0.0028029882,0.0031415583,0.0059445464
1.4756666667,0.0027734710,0.0031720834,0.0059455544
1.4758333333,0.0027439544,0.0032025938,0.0059465482
1.4760000000,0.0027144418,0.0032330861,0.0059475278
1.4761666667,0.0026849363,0.0032635570,0.0059484933
1.4763333333,0.0026554415,0.0032940033,0.0059494447
1.4765000000,0.0026259605,0.0033244216,0.0059503820
1.4766666667,0.0025964967,0.0033548086,0.0059513053
1.4768333333,0.0025670533,0.0033851614,0.0059522147
1.4770000000,0.0025376338,0.0034154768,0.0059531106
1.4771666667,0.0025082414,0.0034457518,0.0059539932
1.4773333333,0.0024788794,0.0034759834,0.0059548628
1.4775000000,0.0024495512,0.0035061683,0.0059557195
1.4776666667,0.0024202601,0.0035363034,0.0059565635
1.4778333333,0.0023910093,0.0035663853,0.0059573946
1.4780000000,0.0023618022,0.0035964110,0.0059582132
1.4781666667,0.0023326421,0.0036263771,0.0059590192
1.4783333333,0.0023035323,0.0036562801,0.0059598124
1.4785000000,0.0022744761,0.0036861164,0.0059605925
1.4786666667,0.0022454767,0.0037158825,0.0059613592
1.4788333333,0.0022165375,0.0037455749,0.0059621124
1.4790000000,0.0021876617,0.0037751906,0.0059628523
1.4791666667,0.0021588525,0.0038047267,0.0059635792
1.4793333333,0.0021301134,0.0038341801,0.0059642934
1.4795000000,0.0021014474,0.0038635475,0.0059649950
1.4796666667,0.0020728579,0.0038928258,0.0059656837
1.4798333333,0.0020443481,0.0039220116,0.0059663597
1.4800000000,0.0020159213,0.0039511019,0.0059670231
1.4801666667,0.0019875806,0.0039800937,0.0059676743
1.4803333333,0.0019593293,0.0040089841,0.0059683135
1.4805000000,0.0019311707,0.0040377703,0.0059689410
1.4806666667,0.0019031079,0.0040664490,0.0059695569
1.4808333333,0.0018751441,0.0040950168,0.0059701609
1.4810000000,0.0018472826,0.0041234707,0.0059707532
1.4811666667,0.0018195264,0.0041518073,0.0059713337
1.4813333333,0.0017918788,0.0041800236,0.0059719023
1.4815000000,0.0017643429,0.0042081164,0.0059724592
1.4816666667,0.0017369218,0.0042360824,0.0059730043
1.4818333333,0.0017096188,0.0042639187,0.0059735375
1.4820000000,0.0016824369,0.0042916221,0.0059740590
1.4821666667,0.0016553792,0.0043191898,0.0059745690
1.4823333333,0.0016284488,0.0043466189,0.0059750677
1.4825000000,0.0016016488,0.0043739064,0.0059755552
1.4826666667,0.0015749823,0.0044010494,0.0059760317
1.4828333333,0.0015484524,0.0044280449,0.0059764973
1.4830000000,0.0015220620,0.0044548900,0.0059769520
1.4831666667,0.0014958143,0.0044815817,0.0059773960
1.4833333333,0.0014697122,0.0045081172,0.0059778294
1.4835000000,0.0014437587,0.0045344935,0.0059782523
1.4836666667,0.0014179569,0.0045607077,0.0059786646
1.4838333333,0.0013923096,0.0045867569,0.0059790665
1.4840000000,0.0013668199,0.0046126382,0.0059794581
1.4841666667,0.0013414907,0.0046383488,0.0059798396
1.4843333333,0.0013163249,0.0046638861,0.0059802111
1.4845000000,0.0012913255,0.0046892471,0.0059805726
1.4846666667,0.0012664952,0.0047144288,0.0059809241
1.4848333333,0.0012418371,0.0047394284,0.0059812655
1.4850000000,0.0012173539,0.0047642432,0.0059815970
1.4851666667,0.0011930484,0.0047888705,0.0059819190
1.4853333333,0.0011689235,0.0048133081,0.0059822316
1.4855000000,0.0011449821,0.0048375531,0.0059825352
1.4856666667,0.0011212268,0.0048616030,0.0059828298
1.4858333333,0.0010976605,0.0048854548,0.0059831152
1.4860000000,0.0010742858,0.0049091058,0.0059833916
1.4861666667,0.0010511055,0.0049325535,0.0059836590
1.4863333333,0.0010281224,0.0049557952,0.0059839176
1.4865000000,0.0010053390,0.0049788285,0.0059841675
1.4866666667,0.0009827581,0.0050016507,0.0059844088
1.4868333333,0.0009603822,0.0050242594,0.0059846415
1.4870000000,0.0009382140,0.0050466518,0.0059848659
1.4871666667,0.0009162562,0.0050688259,0.0059850820
1.4873333333,0.0008945111,0.0050907791,0.0059852902
1.4875000000,0.0008729816,0.0051125092,0.0059854907
1.4876666667,0.0008516699,0.0051340135,0.0059856834
1.4878333333,0.0008305787,0.0051552897,0.0059858684
1.4880000000,0.0008097104,0.0051763352,0.0059860456
1.4881666667,0.0007890675,0.0051971477,0.0059862152
1.4883333333,0.0007686524,0.0052177253,0.0059863777
1.4885000000,0.0007484675,0.0052380657,0.0059865332
1.4886666667,0.0007285152,0.0052581667,0.0059866819
1.4888333333,0.0007087980,0.0052780258,0.0059868238
1.4890000000,0.0006893180,0.0052976408,0.0059869587
1.4891666667,0.0006700776,0.0053170093,0.0059870868
1.4893333333,0.0006510790,0.0053361292,0.0059872083
1.4895000000,0.0006323246,0.0053549986,0.0059873233
1.4896666667,0.0006138166,0.0053736154,0.0059874320
1.4898333333,0.0005955571,0.0053919775,0.0059875346
1.4900000000,0.0005775484,0.0054100827,0.0059876311
1.4901666667,0.0005597925,0.0054279291,0.0059877216
1.4903333333,0.0005422915,0.0054455148,0.0059878063
1.4905000000,0.0005250477,0.0054628379,0.0059878856
1.4906666667,0.0005080629,0.0054798966,0.0059879595
1.4908333333,0.0004913393,0.0054966891,0.0059880283
1.4910000000,0.0004748788,0.0055132132,0.0059880920
1.4911666667,0.0004586834,0.0055294672,0.0059881505
1.4913333333,0.0004427550,0.0055454491,0.0059882041
1.4915000000,0.0004270955,0.0055611573,0.0059882529
1.4916666667,0.0004117069,0.0055765902,0.0059882971
1.4918333333,0.0003965909,0.0055917461,0.0059883369
1.4920000000,0.0003817493,0.0056066232,0.0059883725
1.4921666667,0.0003671839,0.0056212200,0.0059884039
1.4923333333,0.0003528964,0.0056355348,0.0059884312
1.4925000000,0.0003388887,0.0056495658,0.0059884545
1.4926666667,0.0003251622,0.0056633115,0.0059884738
1.4928333333,0.0003117188,0.0056767705,0.0059884893
1.4930000000,0.0002985599,0.0056899414,0.0059885013
1.4931666667,0.0002856872,0.0057028227,0.0059885099
1.4933333333,0.0002731021,0.0057154132,0.0059885154
1.4935000000,0.0002608063,0.0057277116,0.0059885179
1.4936666667,0.0002488012,0.0057397165,0.0059885177
1.4938333333,0.0002370883,0.0057514265,0.0059885148
1.4940000000,0.0002256689,0.0057628403,0.0059885093
1.4941666667,0.0002145445,0.0057739567,0.0059885013
1.4943333333,0.0002037165,0.0057847745,0.0059884909
1.4945000000,0.0001931860,0.0057952924,0.0059884785
1.4946666667,0.0001829546,0.0058055094,0.0059884640
1.4948333333,0.0001730233,0.0058154244,0.0059884477
1.4950000000,0.0001633935,0.0058250361,0.0059884296
1.4951666667,0.0001540663,0.0058343436,0.0059884099
1.4953333333,0.0001450430,0.0058433457,0.0059883887
1.4955000000,0.0001363247,0.0058520414,0.0059883661
1.4956666667,0.0001279124,0.0058604299,0.0059883422
1.4958333333,0.0001198073,0.0058685101,0.0059883174
1.4960000000,0.0001120104,0.0058762813,0.0059882917
1.4961666667,0.0001045227,0.0058837425,0.0059882652
1.4963333333,0.0000973452,0.0058908930,0.0059882383
1.4965000000,0.0000904790,0.0058977320,0.0059882109
1.4966666667,0.0000839248,0.0059042587,0.0059881834
1.4968333333,0.0000776836,0.0059104723,0.0059881559
1.4970000000,0.0000717563,0.0059163723,0.0059881285
1.4971666667,0.0000661436,0.0059219577,0.0059881013
1.4973333333,0.0000608464,0.0059272281,0.0059880745
1.4975000000,0.0000558654,0.0059321826,0.0059880481
1.4976666667,0.0000512014,0.0059368209,0.0059880223
1.4978333333,0.0000468549,0.0059411423,0.0059879972
1.4980000000,0.0000428267,0.0059451463,0.0059879730
1.4981666667,0.0000391173,0.0059488326,0.0059879499
1.4983333333,0.0000357273,0.0059522006,0.0059879279
1.4985000000,0.0000326573,0.0059552501,0.0059879074
1.4986666667,0.0000299077,0.0059579806,0.0059878883
1.4988333333,0.0000274791,0.0059603919,0.0059878710
1.4990000000,0.0000253718,0.0059624837,0.0059878555
1.4991666667,0.0000235862,0.0059642557,0.0059878419
1.4993333333,0.0000221229,0.0059657076,0.0059878305
1.4995000000,0.0000209819,0.0059668394,0.0059878213
1.4996666667,0.0000201638,0.0059676508,0.0059878146
1.4998333333,0.0000196688,0.0059681416,0.0059878104
1.5000000000,0.0000194971,0.0059683119,0.0059878089
1.5001666667,0.0000196489,0.0059681614,0.0059878103
1.5003333333,0.0000201244,0.0059676901,0.0059878146
1.5005000000,0.0000209239,0.0059668981,0.0059878220
1.5006666667,0.0000220474,0.0059657854,0.0059878328
1.5008333333,0.0000234950,0.0059643520,0.0059878469
1.5010000000,0.0000252668,0.0059625979,0.0059878647
1.5011666667,0.0000273628,0.0059605234,0.0059878862
1.5013333333,0.0000297830,0.0059581285,0.0059879115
1.5015000000,0.0000325274,0.0059554134,0.0059879409
1.5016666667,0.0000355960,0.0059523783,0.0059879743
1.5018333333,0.0000389887,0.0059490233,0.0059880120
1.5020000000,0.0000427053,0.0059453488,0.0059880541
1.5021666667,0.0000467458,0.0059413550,0.0059881008
1.5023333333,0.0000511099,0.0059370422,0.0059881521
1.5025000000,0.0000557974,0.0059324108,0.0059882082
1.5026666667,0.0000608081,0.0059274611,0.0059882692
1.5028333333,0.0000661417,0.0059221937,0.0059883354
1.5030000000,0.0000717979,0.0059166090,0.0059884069
1.5031666667,0.0000777764,0.0059107074,0.0059884839
1.5033333333,0.0000840769,0.0059044896,0.0059885664
1.5035000000,0.0000906988,0.0058979559,0.0059886547
1.5036666667,0.0000976418,0.0058911070,0.0059887488
1.5038333333,0.0001049054,0.0058839434,0.0059888488
1.5040000000,0.0001124891,0.0058764658,0.0059889549
1.5041666667,0.0001203924,0.0058686748,0.0059890672
1.5043333333,0.0001286147,0.0058605712,0.0059891859
1.5045000000,0.0001371555,0.0058521555,0.0059893110
1.5046666667,0.0001460140,0.0058434285,0.0059894425
1.5048333333,0.0001551897,0.0058343910,0.0059895807
1.5050000000,0.0001646817,0.0058250439,0.0059897256
1.5051666667,0.0001744894,0.0058153881,0.0059898775
1.5053333333,0.0001846119,0.0058054247,0.0059900366
1.5055000000,0.0001950484,0.0057951548,0.0059902031
1.5056666667,0.0002057980,0.0057845792,0.0059903772
1.5058333333,0.0002168597,0.0057736991,0.0059905588
1.5060000000,0.0002282326,0.0057625154,0.0059907480
1.5061666667,0.0002399158,0.0057510292,0.0059909450
1.5063333333,0.0002519080,0.0057392418,0.0059911498
1.5065000000,0.0002642084,0.0057271542,0.0059913626
1.5066666667,0.0002768158,0.0057147678,0.0059915835
1.5068333333,0.0002897290,0.0057020837,0.0059918127
1.5070000000,0.0003029468,0.0056891033,0.0059920502
1.5071666667,0.0003164682,0.0056758279,0.0059922961
1.5073333333,0.0003302918,0.0056622587,0.0059925505
1.5075000000,0.0003444164,0.0056483973,0.0059928136
1.5076666667,0.0003588407,0.0056342449,0.0059930856
1.5078333333,0.0003735633,0.0056198032,0.0059933665
1.5080000000,0.0003885830,0.0056050735,0.0059936565
1.5081666667,0.0004038983,0.0055900575,0.0059939558
1.5083333333,0.0004195079,0.0055747565,0.0059942644
1.5085000000,0.0004354102,0.0055591724,0.0059945825
1.5086666667,0.0004516038,0.0055433065,0.0059949103
1.5088333333,0.0004680872,0.0055271605,0.0059952477
1.5090000000,0.0004848588,0.0055107359,0.0059955947
1.5091666667,0.0005019171,0.0054940345,0.0059959515
1.5093333333,0.0005192604,0.0054770577,0.0059963181
1.5095000000,0.0005368871,0.0054598076,0.0059966947
1.5096666667,0.0005547955,0.0054422859,0.0059970814
1.5098333333,0.0005729839,0.0054244945,0.0059974784
1.5100000000,0.0005914505,0.0054064354,0.0059978858
1.5101666667,0.0006101935,0.0053881102,0.0059983038
1.5103333333,0.0006292112,0.0053695211,0.0059987323
1.5105000000,0.0006485016,0.0053506699,0.0059991715
1.5106666667,0.0006680628,0.0053315587,0.0059996215
1.5108333333,0.0006878930,0.0053121895,0.0060000825
1.5110000000,0.0007079901,0.0052925645,0.0060005545
1.5111666667,0.0007283521,0.0052726854,0.0060010375
1.5113333333,0.0007489770,0.0052525544,0.0060015315
1.5115000000,0.0007698628,0.0052321736,0.0060020364
1.5116666667,0.0007910073,0.0052115453,0.0060025526
1.5118333333,0.0008124085,0.0051906718,0.0060030803
1.5120000000,0.0008340641,0.0051695555,0.0060036196
1.5121666667,0.0008559720,0.0051481986,0.0060041706
1.5123333333,0.0008781299,0.0051266034,0.0060047333
1.5125000000,0.0009005357,0.0051047721,0.0060053078
1.5126666667,0.0009231870,0.0050827069,0.0060058939
1.5128333333,0.0009460817,0.0050604103,0.0060064920
1.5130000000,0.0009692173,0.0050378848,0.0060071020
1.5131666667,0.0009925915,0.0050151328,0.0060077243
1.5133333333,0.0010162019,0.0049921570,0.0060083589
1.5135000000,0.0010400460,0.0049689597,0.0060090057
1.5136666667,0.0010641216,0.0049455433,0.0060096648
1.5138333333,0.0010884260,0.0049219102,0.0060103362
1.5140000000,0.0011129567,0.0048980630,0.0060110197
1.5141666667,0.0011377113,0.0048740043,0.0060117155
1.5143333333,0.0011626871,0.0048497367,0.0060124238
1.5145000000,0.0011878815,0.0048252632,0.0060131447
1.5146666667,0.0012132920,0.0048005866,0.0060138786
1.5148333333,0.0012389158,0.0047757097,0.0060146256
1.5150000000,0.0012647504,0.0047506352,0.0060153856
1.5151666667,0.0012907930,0.0047253655,0.0060161586
1.5153333333,0.0013170410,0.0046999034,0.0060169444
1.5155000000,0.0013434917,0.0046742516,0.0060177432
1.5156666667,0.0013701422,0.0046484129,0.0060185551
1.5158333333,0.0013969899,0.0046223903,0.0060193802
1.5160000000,0.0014240320,0.0045961865,0.0060202185
1.5161666667,0.0014512657,0.0045698043,0.0060210700
1.5163333333,0.0014786882,0.0045432463,0.0060219345
1.5165000000,0.0015062967,0.0045165153,0.0060228121
1.5166666667,0.0015340883,0.0044896146,0.0060237029
1.5168333333,0.0015620601,0.0044625473,0.0060246074
1.5170000000,0.0015902092,0.0044353164,0.0060255256
1.5171666667,0.0016185327,0.0044079250,0.0060264576
1.5173333333,0.0016470275,0.0043803757,0.0060274032
1.5175000000,0.0016756908,0.0043526714,0.0060283622
1.5176666667,0.0017045194,0.0043248154,0.0060293348
1.5178333333,0.0017335105,0.0042968107,0.0060303212
1.5180000000,0.0017626609,0.0042686608,0.0060313217
1.5181666667,0.0017919676,0.0042403686,0.0060323362
1.5183333333,0.0018214274,0.0042119372,0.0060333646
1.5185000000,0.0018510374,0.0041833692,0.0060344066
1.5186666667,0.0018807944,0.0041546678,0.0060354621
1.5188333333,0.0019106952,0.0041258361,0.0060365312
1.5190000000,0.0019407367,0.0040968775,0.0060376142
1.5191666667,0.0019709158,0.0040677953,0.0060387111
1.5193333333,0.0020012293,0.0040385927,0.0060398220
1.5195000000,0.0020316739,0.0040092730,0.0060409468
1.5196666667,0.0020622464,0.0039798394,0.0060420858
1.5198333333,0.0020929437,0.0039502953,0.0060432390
1.5200000000,0.0021237625,0.0039206442,0.0060444067
1.5201666667,0.0021546995,0.0038908893,0.0060455887
1.5203333333,0.0021857514,0.0038610336,0.0060467850
1.5205000000,0.0022169150,0.0038310802,0.0060479951
1.5206666667,0.0022481869,0.0038010322,0.0060492191
1.5208333333,0.0022795638,0.0037708932,0.0060504570
1.5210000000,0.0023110425,0.0037406667,0.0060517092
1.5211666667,0.0023426195,0.0037103562,0.0060529757
1.5213333333,0.0023742916,0.0036799650,0.0060542566
1.5215000000,0.0024060554,0.0036494961,0.0060555514
1.5216666667,0.0024379074,0.0036189526,0.0060568600
1.5218333333,0.0024698444,0.0035883379,0.0060581823
1.5220000000,0.0025018630,0.0035576558,0.0060595187
1.5221666667,0.0025339596,0.0035269099,0.0060608695
1.5223333333,0.0025661310,0.0034961038,0.0060622348
1.5225000000,0.0025983736,0.0034652411,0.0060636147
1.5226666667,0.0026306841,0.0034343249,0.0060650090
1.5228333333,0.0026630590,0.0034033585,0.0060664176
1.5230000000,0.0026954948,0.0033723455,0.0060678403
1.5231666667,0.0027279880,0.0033412892,0.0060692772
1.5233333333,0.0027605352,0.0033101929,0.0060707282
1.5235000000,0.0027931329,0.0032790602,0.0060721931
1.5236666667,0.0028257775,0.0032478942,0.0060736718
1.5238333333,0.0028584657,0.0032166985,0.0060751642
1.5240000000,0.0028911938,0.0031854767,0.0060766705
1.5241666667,0.0029239584,0.0031542324,0.0060781908
1.5243333333,0.0029567560,0.0031229691,0.0060797251
1.5245000000,0.0029895831,0.0030916904,0.0060812734
1.5246666667,0.0030224361,0.0030603997,0.0060828359
1.5248333333,0.0030553117,0.0030291008,0.0060844124
1.5250000000,0.0030882061,0.0029977971,0.0060860033
1.5251666667,0.0031211160,0.0029664923,0.0060876083
1.5253333333,0.0031540377,0.0029351896,0.0060892274
1.5255000000,0.0031869678,0.0029038925,0.0060908603
1.5256666667,0.0032199027,0.0028726042,0.0060925068
1.5258333333,0.0032528387,0.0028413282,0.0060941670
1.5260000000,0.0032857724,0.0028100683,0.0060958408
1.5261666667,0.0033187003,0.0027788280,0.0060975283
1.5263333333,0.0033516186,0.0027476106,0.0060992293
1.5265000000,0.0033845240,0.0027164194,0.0061009434
1.5266666667,0.0034174128,0.0026852577,0.0061026705
1.5268333333,0.0034502815,0.0026541293,0.0061044108
1.5270000000,0.0034831265,0.0026230381,0.0061061646
1.5271666667,0.0035159444,0.0025919880,0.0061079325
1.5273333333,0.0035487316,0.0025609829,0.0061097145
1.5275000000,0.0035814845,0.0025300261,0.0061115106
1.5276666667,0.0036141997,0.0024991205,0.0061133201
1.5278333333,0.0036468735,0.0024682692,0.0061151427
1.5280000000,0.0036795024,0.0024374757,0.0061169781
1.5281666667,0.0037120829,0.0024067434,0.0061188264
1.5283333333,0.0037446115,0.0023760760,0.0061206875
1.5285000000,0.0037770846,0.0023454769,0.0061225616
1.5286666667,0.0038094987,0.0023149495,0.0061244482
1.5288333333,0.0038418503,0.0022844971,0.0061263474
1.5290000000,0.0038741358,0.0022541233,0.0061282592
1.5291666667,0.0039063519,0.0022238318,0.0061301837
1.5293333333,0.0039384948,0.0021936262,0.0061321210
1.5295000000,0.0039705613,0.0021635100,0.0061340713
1.5296666667,0.0040025478,0.0021334866,0.0061360344
1.5298333333,0.0040344508,0.0021035595,0.0061380103
1.5300000000,0.0040662668,0.0020737320,0.0061399988
1.5301666667,0.0040979924,0.0020440076,0.0061420000
1.5303333333,0.0041296242,0.0020143896,0.0061440137
1.5305000000,0.0041611586,0.0019848810,0.0061460396
1.5306666667,0.0041925922,0.0019554850,0.0061480772
1.5308333333,0.0042239216,0.0019262046,0.0061501263
1.5310000000,0.0042551435,0.0018970431,0.0061521866
1.5311666667,0.0042862543,0.0018680041,0.0061542584
1.5313333333,0.0043172507,0.0018390911,0.0061563418
1.5315000000,0.0043481294,0.0018103078,0.0061584371
1.5316666667,0.0043788868,0.0017816575,0.0061605444
1.5318333333,0.0044095198,0.0017531438,0.0061626636
1.5320000000,0.0044400249,0.0017247697,0.0061647946
1.5321666667,0.0044703988,0.0016965386,0.0061669374
1.5323333333,0.0045006381,0.0016684536,0.0061690917
1.5325000000,0.0045307396,0.0016405177,0.0061712573
1.5326666667,0.0045606999,0.0016127339,0.0061734338
1.5328333333,0.0045905158,0.0015851053,0.0061756211
1.5330000000,0.0046201839,0.0015576350,0.0061778189
1.5331666667,0.0046497011,0.0015303262,0.0061800273
1.5333333333,0.0046790640,0.0015031819,0.0061822460
1.5335000000,0.0047082696,0.0014762055,0.0061844751
1.5336666667,0.0047373145,0.0014494000,0.0061867145
1.5338333333,0.0047661956,0.0014227688,0.0061889644
1.5340000000,0.0047949097,0.0013963151,0.0061912249
1.5341666667,0.0048234537,0.0013700422,0.0061934959
1.5343333333,0.0048518244,0.0013439531,0.0061957775
1.5345000000,0.0048800187,0.0013180507,0.0061980693
1.5346666667,0.0049080334,0.0012923378,0.0062003711
1.5348333333,0.0049358655,0.0012668172,0.0062026827
1.5350000000,0.0049635119,0.0012414920,0.0062050039
1.5351666667,0.0049909696,0.0012163651,0.0062073347
1.5353333333,0.0050182355,0.0011914392,0.0062096748
1.5355000000,0.0050453067,0.0011667172,0.0062120238
1.5356666667,0.0050721800,0.0011422015,0.0062143815
1.5358333333,0.0050988526,0.0011178951,0.0062167477
1.5360000000,0.0051253215,0.0010938014,0.0062191229
1.5361666667,0.0051515838,0.0010699235,0.0062215073
1.5363333333,0.0051776367,0.0010462647,0.0062239013
1.5365000000,0.0052034771,0.0010228276,0.0062263047
1.5366666667,0.0052291023,0.0009996146,0.0062287169
1.5368333333,0.0052545094,0.0009766279,0.0062311373
1.5370000000,0.0052796955,0.0009538700,0.0062335655
1.5371666667,0.0053046580,0.0009313437,0.0062360017
1.5373333333,0.0053293939,0.0009090519,0.0062384458
1.5375000000,0.0053539006,0.0008869974,0.0062408980
1.5376666667,0.0053781753,0.0008651827,0.0062433580
1.5378333333,0.0054022154,0.0008436102,0.0062458256
1.5380000000,0.0054260180,0.0008222824,0.0062483004
1.5381666667,0.0054495807,0.0008012018,0.0062507825
1.5383333333,0.0054729008,0.0007803711,0.0062532720
1.5385000000,0.0054959757,0.0007597931,0.0062557689
1.5386666667,0.0055188029,0.0007394702,0.0062582731
1.5388333333,0.0055413797,0.0007194048,0.0062607844
1.5390000000,0.0055637036,0.0006995990,0.0062633027
1.5391666667,0.0055857723,0.0006800554,0.0062658276
1.5393333333,0.0056075831,0.0006607761,0.0062683592
1.5395000000,0.0056291337,0.0006417635,0.0062708972
1.5396666667,0.0056504215,0.0006230196,0.0062734411
1.5398333333,0.0056714443,0.0006045465,0.0062759909
1.5400000000,0.0056921997,0.0005863464,0.0062785461
1.5401666667,0.0057126854,0.0005684217,0.0062811071
1.5403333333,0.0057328990,0.0005507750,0.0062836739
1.5405000000,0.0057528383,0.0005334086,0.0062862468
1.5406666667,0.0057725010,0.0005163246,0.0062888257
1.5408333333,0.0057918851,0.0004995250,0.0062914101
1.5410000000,0.0058109882,0.0004830115,0.0062939997
1.5411666667,0.0058298082,0.0004667860,0.0062965942
1.5413333333,0.0058483429,0.0004508505,0.0062991934
1.5415000000,0.0058665904,0.0004352068,0.0063017972
1.5416666667,0.0058845485,0.0004198571,0.0063044056
1.5418333333,0.0059022152,0.0004048030,0.0063070182
1.5420000000,0.0059195885,0.0003900465,0.0063096350
1.5421666667,0.0059366663,0.0003755895,0.0063122559
1.5423333333,0.0059534469,0.0003614340,0.0063148810
1.5425000000,0.0059699283,0.0003475820,0.0063175103
1.5426666667,0.0059861086,0.0003340350,0.0063201436
1.5428333333,0.0060019860,0.0003207948,0.0063227808
1.5430000000,0.0060175587,0.0003078627,0.0063254213
1.5431666667,0.0060328248,0.0002952403,0.0063280652
1.5433333333,0.0060477827,0.0002829294,0.0063307121
1.5435000000,0.0060624307,0.0002709315,0.0063333622
1.5436666667,0.0060767670,0.0002592482,0.0063360152
1.5438333333,0.0060907900,0.0002478809,0.0063386709
1.5440000000,0.0061044982,0.0002368309,0.0063413290
1.5441666667,0.0061178899,0.0002260994,0.0063439893
1.5443333333,0.0061309636,0.0002156881,0.0063466516
1.5445000000,0.0061437178,0.0002055984,0.0063493162
1.5446666667,0.0061561510,0.0001958320,0.0063519829
1.5448333333,0.0061682618,0.0001863901,0.0063546519
1.5450000000,0.0061800488,0.0001772741,0.0063573229
1.5451666667,0.0061915106,0.0001684850,0.0063599957
1.5453333333,0.0062026459,0.0001600242,0.0063626701
1.5455000000,0.0062134534,0.0001518926,0.0063653460
1.5456666667,0.0062239318,0.0001440912,0.0063680230
1.5458333333,0.0062340799,0.0001366208,0.0063707007
1.5460000000,0.0062438966,0.0001294820,0.0063733786
1.5461666667,0.0062533806,0.0001226760,0.0063760566
1.5463333333,0.0062625308,0.0001162039,0.0063787348
1.5465000000,0.0062713462,0.0001100673,0.0063814135
1.5466666667,0.0062798258,0.0001042674,0.0063840931
1.5468333333,0.0062879684,0.0000988052,0.0063867736
1.5470000000,0.0062957731,0.0000936813,0.0063894544
1.5471666667,0.0063032391,0.0000888960,0.0063921351
1.5473333333,0.0063103653,0.0000844496,0.0063948150
1.5475000000,0.0063171510,0.0000803430,0.0063974941
1.5476666667,0.0063235953,0.0000765771,0.0064001724
1.5478333333,0.0063296975,0.0000731528,0.0064028502
1.5480000000,0.0063354567,0.0000700707,0.0064055274
1.5481666667,0.0063408723,0.0000673312,0.0064082035
1.5483333333,0.0063459436,0.0000649344,0.0064108779
1.5485000000,0.0063506699,0.0000628806,0.0064135505
1.5486666667,0.0063550507,0.0000611705,0.0064162212
1.5488333333,0.0063590853,0.0000598049,0.0064188902
1.5490000000,0.0063627734,0.0000587844,0.0064215578
1.5491666667,0.0063661143,0.0000581096,0.0064242238
1.5493333333,0.0063691076,0.0000577805,0.0064268881
1.5495000000,0.0063717529,0.0000577974,0.0064295503
1.5496666667,0.0063740499,0.0000581603,0.0064322102
1.5498333333,0.0063759983,0.0000588694,0.0064348677
1.5500000000,0.0063775976,0.0000599248,0.0064375224
1.5501666667,0.0063788477,0.0000613265,0.0064401742
1.5503333333,0.0063797484,0.0000630742,0.0064428225
1.5505000000,0.0063802994,0.0000651677,0.0064454671
1.5506666667,0.0063805006,0.0000676074,0.0064481080
1.5508333333,0.0063803519,0.0000703934,0.0064507453
1.5510000000,0.0063798533,0.0000735262,0.0064533794
1.5511666667,0.0063790046,0.0000770058,0.0064560104
1.5513333333,0.0063778060,0.0000808321,0.0064586381
1.5515000000,0.0063762575,0.0000850045,0.0064612620
1.5516666667,0.0063743592,0.0000895225,0.0064638817
1.5518333333,0.0063721111,0.0000943858,0.0064664970
1.5520000000,0.0063695136,0.0000995941,0.0064691077
1.5521666667,0.0063665667,0.0001051472,0.0064717138
1.5523333333,0.0063632707,0.0001110446,0.0064743153
1.5525000000,0.0063596258,0.0001172858,0.0064769117
1.5526666667,0.0063556325,0.0001238704,0.0064795029
1.5528333333,0.0063512910,0.0001307978,0.0064820888
1.5530000000,0.0063466018,0.0001380677,0.0064846695
1.5531666667,0.0063415653,0.0001456795,0.0064872448
1.5533333333,0.0063361819,0.0001536327,0.0064898146
1.5535000000,0.0063304522,0.0001619265,0.0064923787
1.5536666667,0.0063243767,0.0001705602,0.0064949370
1.5538333333,0.0063179561,0.0001795333,0.0064974894
1.5540000000,0.0063111909,0.0001888453,0.0065000363
1.5541666667,0.0063040818,0.0001984956,0.0065025774
1.5543333333,0.0062966295,0.0002084830,0.0065051125
1.5545000000,0.0062888348,0.0002188064,0.0065076411
1.5546666667,0.0062806983,0.0002294642,0.0065101626
1.5548333333,0.0062722210,0.0002404555,0.0065126765
1.5550000000,0.0062634037,0.0002517793,0.0065151830
1.5551666667,0.0062542473,0.0002634350,0.0065176823
1.5553333333,0.0062447527,0.0002754221,0.0065201748
1.5555000000,0.0062349209,0.0002877395,0.0065226604
1.5556666667,0.0062247529,0.0003003862,0.0065251391
1.5558333333,0.0062142497,0.0003133608,0.0065276105
1.5560000000,0.0062034124,0.0003266621,0.0065300745
1.5561666667,0.0061922421,0.0003402885,0.0065325307
1.5563333333,0.0061807401,0.0003542389,0.0065349790
1.5565000000,0.0061689073,0.0003685118,0.0065374192
1.5566666667,0.0061567452,0.0003831059,0.0065398511
1.5568333333,0.0061442549,0.0003980197,0.0065422746
1.5570000000,0.0061314378,0.0004132519,0.0065446897
1.5571666667,0.0061182952,0.0004288012,0.0065470964
1.5573333333,0.0061048285,0.0004446658,0.0065494943
1.5575000000,0.0060910391,0.0004608443,0.0065518834
1.5576666667,0.0060769284,0.0004773350,0.0065542633
1.5578333333,0.0060624979,0.0004941363,0.0065566342
1.5580000000,0.0060477491,0.0005112469,0.0065589960
1.5581666667,0.0060326836,0.0005286654,0.0065613491
1.5583333333,0.0060173030,0.0005463904,0.0065636934
1.5585000000,0.0060016089,0.0005644200,0.0065660288
1.5586666667,0.0059856029,0.0005827520,0.0065683549
1.5588333333,0.0059692868,0.0006013843,0.0065706711
1.5590000000,0.0059526623,0.0006203150,0.0065729772
1.5591666667,0.0059357311,0.0006395420,0.0065752731
1.5593333333,0.0059184951,0.0006590636,0.0065775586
1.5595000000,0.0059009560,0.0006788779,0.0065798339
1.5596666667,0.0058831158,0.0006989831,0.0065820989
1.5598333333,0.0058649764,0.0007193772,0.0065843535
1.5600000000,0.0058465396,0.0007400584,0.0065865980
1.5601666667,0.0058278074,0.0007610248,0.0065888323
1.5603333333,0.0058087819,0.0007822747,0.0065910566
1.5605000000,0.0057894651,0.0008038056,0.0065932708
1.5606666667,0.0057698591,0.0008256153,0.0065954744
1.5608333333,0.0057499659,0.0008477011,0.0065976670
1.5610000000,0.0057297877,0.0008700605,0.0065998483
1.5611666667,0.0057093267,0.0008926913,0.0066020180
1.5613333333,0.0056885850,0.0009155913,0.0066041763
1.5615000000,0.0056675649,0.0009387584,0.0066063233
1.5616666667,0.0056462686,0.0009621904,0.0066084591
1.5618333333,0.0056246985,0.0009858850,0.0066105835
1.5620000000,0.0056028568,0.0010098396,0.0066126965
1.5621666667,0.0055807459,0.0010340518,0.0066147977
1.5623333333,0.0055583683,0.0010585191,0.0066168873
1.5625000000,0.0055357262,0.0010832391,0.0066189653
1.5626666667,0.0055128222,0.0011082095,0.0066210318
1.5628333333,0.0054896588,0.0011334280,0.0066230868
1.5630000000,0.0054662383,0.0011588918,0.0066251302
1.5631666667,0.0054425635,0.0011845981,0.0066271616
1.5633333333,0.0054186367,0.0012105439,0.0066291806
1.5635000000,0.0053944607,0.0012367261,0.0066311868
1.5636666667,0.0053700381,0.0012631420,0.0066331800
1.5638333333,0.0053453714,0.0012897890,0.0066351604
1.5640000000,0.0053204634,0.0013166649,0.0066371283
1.5641666667,0.0052953168,0.0013437671,0.0066390839
1.5643333333,0.0052699343,0.0013710931,0.0066410274
1.5645000000,0.0052443187,0.0013986400,0.0066429587
1.5646666667,0.0052184727,0.0014264050,0.0066448776
1.5648333333,0.0051923992,0.0014543849,0.0066467840
1.5650000000,0.0051661010,0.0014825767,0.0066486777
1.5651666667,0.0051395809,0.0015109774,0.0066505583
1.5653333333,0.0051128419,0.0015395838,0.0066524258
1.5655000000,0.0050858869,0.0015683929,0.0066542798
1.5656666667,0.0050587189,0.0015974014,0.0066561203
1.5658333333,0.0050313407,0.0016266066,0.0066579473
1.5660000000,0.0050037554,0.0016560057,0.0066597610
1.5661666667,0.0049759659,0.0016855958,0.0066615617
1.5663333333,0.0049479754,0.0017153741,0.0066633495
1.5665000000,0.0049197868,0.0017453374,0.0066651242
1.5666666667,0.0048914033,0.0017754823,0.0066668856
1.5668333333,0.0048628281,0.0018058055,0.0066686336
1.5670000000,0.0048340641,0.0018363041,0.0066703682
1.5671666667,0.0048051146,0.0018669748,0.0066720893
1.5673333333,0.0047759827,0.0018978144,0.0066737971
1.5675000000,0.0047466716,0.0019288195,0.0066754911
1.5676666667,0.0047171846,0.0019599865,0.0066771711
1.5678333333,0.0046875248,0.0019913122,0.0066788370
1.5680000000,0.0046576956,0.0020227932,0.0066804887
1.5681666667,0.0046277001,0.0020544265,0.0066821267
1.5683333333,0.0045975418,0.0020862092,0.0066837510
1.5685000000,0.0045672239,0.0021181378,0.0066853617
1.5686666667,0.0045367498,0.0021502090,0.0066869588
1.5688333333,0.0045061228,0.0021824193,0.0066885421
1.5690000000,0.0044753463,0.0022147654,0.0066901117
1.5691666667,0.0044444236,0.0022472439,0.0066916675
1.5693333333,0.0044133583,0.0022798513,0.0066932096
1.5695000000,0.0043821536,0.0023125840,0.0066947376
1.5696666667,0.0043508131,0.0023454382,0.0066962512
1.5698333333,0.0043193401,0.0023784100,0.0066977502
1.5700000000,0.0042877383,0.0024114962,0.0066992345
1.5701666667,0.0042560110,0.0024446935,0.0067007045
1.5703333333,0.0042241618,0.0024779990,0.0067021608
1.5705000000,0.0041921942,0.0025114093,0.0067036036
1.5706666667,0.0041601118,0.0025449210,0.0067050327
1.5708333333,0.0041279179,0.0025785300,0.0067064479
1.5710000000,0.0040956164,0.0026122325,0.0067078489
1.5711666667,0.0040632106,0.0026460248,0.0067092354
1.5713333333,0.0040307042,0.0026799034,0.0067106076
1.5715000000,0.0039981009,0.0027138648,0.0067119657
1.5716666667,0.0039654041,0.0027479054,0.0067133095
1.5718333333,0.0039326177,0.0027820214,0.0067146391
1.5720000000,0.0038997450,0.0028162092,0.0067159543
1.5721666667,0.0038667899,0.0028504652,0.0067172552
1.5723333333,0.0038337560,0.0028847859,0.0067185419
1.5725000000,0.0038006469,0.0029191678,0.0067198147
1.5726666667,0.0037674664,0.0029536072,0.0067210736
1.5728333333,0.0037342181,0.0029881005,0.0067223185
1.5730000000,0.0037009057,0.0030226436,0.0067235493
1.5731666667,0.0036675329,0.0030572330,0.0067247659
1.5733333333,0.0036341034,0.0030918650,0.0067259684
1.5735000000,0.0036006211,0.0031265358,0.0067271568
1.5736666667,0.0035670895,0.0031612417,0.0067283312
1.5738333333,0.0035335124,0.0031959790,0.0067294914
1.5740000000,0.0034998935,0.0032307437,0.0067306372
1.5741666667,0.0034662367,0.0032655322,0.0067317689
1.5743333333,0.0034325457,0.0033003409,0.0067328866
1.5745000000,0.0033988241,0.0033351664,0.0067339905
1.5746666667,0.0033650759,0.0033700049,0.0067350809
1.5748333333,0.0033313048,0.0034048527,0.0067361575
1.5750000000,0.0032975144,0.0034397058,0.0067372203
1.5751666667,0.0032637087,0.0034745605,0.0067382692
1.5753333333,0.0032298914,0.0035094128,0.0067393043
1.5755000000,0.0031960663,0.0035442593,0.0067403256
1.5756666667,0.0031622371,0.0035790961,0.0067413332
1.5758333333,0.0031284077,0.0036139193,0.0067423270
1.5760000000,0.0030945818,0.0036487250,0.0067433069
1.5761666667,0.0030607633,0.0036835097,0.0067442730
1.5763333333,0.0030269559,0.0037182697,0.0067452256
1.5765000000,0.0029931634,0.0037530018,0.0067461652
1.5766666667,0.0029593896,0.0037877022,0.0067470919
1.5768333333,0.0029256384,0.0038223671,0.0067480055
1.5770000000,0.0028919134,0.0038569924,0.0067489058
1.5771666667,0.0028582186,0.0038915740,0.0067497926
1.5773333333,0.0028245576,0.0039261082,0.0067506658
1.5775000000,0.0027909342,0.0039605915,0.0067515257
1.5776666667,0.0027573524,0.0039950204,0.0067523728
1.5778333333,0.0027238158,0.0040293914,0.0067532071
1.5780000000,0.0026903282,0.0040637007,0.0067540288
1.5781666667,0.0026568934,0.0040979444,0.0067548378
1.5783333333,0.0026235151,0.0041321189,0.0067556340
1.5785000000,0.0025901972,0.0041662204,0.0067564176
1.5786666667,0.0025569434,0.0042002454,0.0067571888
1.5788333333,0.0025237574,0.0042341905,0.0067579479
1.5790000000,0.0024906430,0.0042680518,0.0067586948
1.5791666667,0.0024576040,0.0043018255,0.0067594295
1.5793333333,0.0024246441,0.0043355078,0.0067601520
1.5795000000,0.0023917670,0.0043690952,0.0067608622
1.5796666667,0.0023589765,0.0044025841,0.0067615606
1.5798333333,0.0023262762,0.0044359711,0.0067622473
1.5800000000,0.0022936700,0.0044692526,0.0067629226
1.5801666667,0.0022611614,0.0045024250,0.0067635863
1.5803333333,0.0022287541,0.0045354846,0.0067642387
1.5805000000,0.0021964520,0.0045684280,0.0067648799
1.5806666667,0.0021642585,0.0046012517,0.0067655102
1.5808333333,0.0021321775,0.0046339522,0.0067661297
1.5810000000,0.0021002126,0.0046665260,0.0067667386
1.5811666667,0.0020683674,0.0046989694,0.0067673368
1.5813333333,0.0020366455,0.0047312787,0.0067679242
1.5815000000,0.0020050506,0.0047634504,0.0067685010
1.5816666667,0.0019735862,0.0047954811,0.0067690673
1.5818333333,0.0019422560,0.0048273674,0.0067696234
1.5820000000,0.0019110636,0.0048591061,0.0067701697
1.5821666667,0.0018800125,0.0048906939,0.0067707065
1.5823333333,0.0018491064,0.0049221273,0.0067712337
1.5825000000,0.0018183487,0.0049534028,0.0067717515
1.5826666667,0.0017877430,0.0049845171,0.0067722601
1.5828333333,0.0017572928,0.0050154667,0.0067727595
1.5830000000,0.0017270015,0.0050462483,0.0067732498
1.5831666667,0.0016968728,0.0050768583,0.0067737312
1.5833333333,0.0016669101,0.0051072934,0.0067742035
1.5835000000,0.0016371168,0.0051375501,0.0067746669
1.5836666667,0.0016074964,0.0051676253,0.0067751217
1.5838333333,0.0015780523,0.0051975157,0.0067755680
1.5840000000,0.0015487879,0.0052272184,0.0067760063
1.5841666667,0.0015197066,0.0052567301,0.0067764368
1.5843333333,0.0014908118,0.0052860476,0.0067768594
1.5845000000,0.0014621068,0.0053151673,0.0067772741
1.5846666667,0.0014335950,0.0053440859,0.0067776809
1.5848333333,0.0014052797,0.0053728002,0.0067780799
1.5850000000,0.0013771642,0.0054013071,0.0067784712
1.5851666667,0.0013492517,0.0054296034,0.0067788551
1.5853333333,0.0013215456,0.0054576860,0.0067792316
1.5855000000,0.0012940490,0.0054855517,0.0067796007
1.5856666667,0.0012667652,0.0055131972,0.0067799624
1.5858333333,0.0012396974,0.0055406194,0.0067803168
1.5860000000,0.0012128487,0.0055678152,0.0067806639
1.5861666667,0.0011862223,0.0055947816,0.0067810039
1.5863333333,0.0011598213,0.0056215158,0.0067813371
1.5865000000,0.0011336488,0.0056480146,0.0067816634
1.5866666667,0.0011077080,0.0056742751,0.0067819831
1.5868333333,0.0010820018,0.0057002940,0.0067822958
1.5870000000,0.0010565333,0.0057260683,0.0067826016
1.5871666667,0.0010313055,0.0057515949,0.0067829003
1.5873333333,0.0010063213,0.0057768707,0.0067831920
1.5875000000,0.0009815838,0.0058018930,0.0067834768
1.5876666667,0.0009570958,0.0058266589,0.0067837548
1.5878333333,0.0009328603,0.0058511656,0.0067840259
1.5880000000,0.0009088801,0.0058754104,0.0067842905
1.5881666667,0.0008851580,0.0058993903,0.0067845483
1.5883333333,0.0008616970,0.0059231026,0.0067847996
1.5885000000,0.0008384996,0.0059465446,0.0067850443
1.5886666667,0.0008155689,0.0059697136,0.0067852824
1.5888333333,0.0007929073,0.0059926066,0.0067855140
1.5890000000,0.0007705178,0.0060152212,0.0067857389
1.5891666667,0.0007484028,0.0060375544,0.0067859572
1.5893333333,0.0007265651,0.0060596038,0.0067861689
1.5895000000,0.0007050073,0.0060813668,0.0067863741
1.5896666667,0.0006837319,0.0061028410,0.0067865728
1.5898333333,0.0006627415,0.0061240239,0.0067867653
1.5900000000,0.0006420385,0.0061449132,0.0067869517
1.5901666667,0.0006216255,0.0061655064,0.0067871319
1.5903333333,0.0006015050,0.0061858012,0.0067873061
1.5905000000,0.0005816793,0.0062057952,0.0067874744
1.5906666667,0.0005621507,0.0062254861,0.0067876368
1.5908333333,0.0005429218,0.0062448717,0.0067877934
1.5910000000,0.0005239947,0.0062639497,0.0067879444
1.5911666667,0.0005053717,0.0062827180,0.0067880897
1.5913333333,0.0004870551,0.0063011744,0.0067882295
1.5915000000,0.0004690470,0.0063193169,0.0067883640
1.5916666667,0.0004513498,0.0063371434,0.0067884931
1.5918333333,0.0004339654,0.0063546518,0.0067886172
1.5920000000,0.0004168960,0.0063718402,0.0067887362
1.5921666667,0.0004001436,0.0063887067,0.0067888503
1.5923333333,0.0003837103,0.0064052495,0.0067889598
1.5925000000,0.0003675981,0.0064214667,0.0067890648
1.5926666667,0.0003518088,0.0064373565,0.0067891653
1.5928333333,0.0003363446,0.0064529171,0.0067892616
1.5930000000,0.0003212071,0.0064681465,0.0067893536
1.5931666667,0.0003063983,0.0064830431,0.0067894414
1.5933333333,0.0002919200,0.0064976050,0.0067895250
1.5935000000,0.0002777739,0.0065118307,0.0067896045
1.5936666667,0.0002639617,0.0065257185,0.0067896802
1.5938333333,0.0002504853,0.0065392670,0.0067897523
1.5940000000,0.0002373461,0.0065524746,0.0067898207
1.5941666667,0.0002245460,0.0065653398,0.0067898857
1.5943333333,0.0002120863,0.0065778609,0.0067899473
1.5945000000,0.0001999688,0.0065900366,0.0067900055
1.5946666667,0.0001881950,0.0066018654,0.0067900603
1.5948333333,0.0001767662,0.0066133458,0.0067901120
1.5950000000,0.0001656840,0.0066244766,0.0067901605
1.5951666667,0.0001549497,0.0066352563,0.0067902061
1.5953333333,0.0001445648,0.0066456838,0.0067902486
1.5955000000,0.0001345306,0.0066557576,0.0067902882
1.5956666667,0.0001248483,0.0066654767,0.0067903250
1.5958333333,0.0001155193,0.0066748397,0.0067903590
1.5960000000,0.0001065448,0.0066838456,0.0067903904
1.5961666667,0.0000979259,0.0066924933,0.0067904192
1.5963333333,0.0000896639,0.0067007817,0.0067904456
1.5965000000,0.0000817598,0.0067087099,0.0067904697
1.5966666667,0.0000742147,0.0067162768,0.0067904915
1.5968333333,0.0000670296,0.0067234815,0.0067905111
1.5970000000,0.0000602056,0.0067303230,0.0067905287
1.5971666667,0.0000537436,0.0067368006,0.0067905442
1.5973333333,0.0000476446,0.0067429133,0.0067905579
1.5975000000,0.0000419093,0.0067486605,0.0067905698
1.5976666667,0.0000365387,0.0067540413,0.0067905800
1.5978333333,0.0000315335,0.0067590553,0.0067905887
1.5980000000,0.0000268944,0.0067637016,0.0067905960
1.5981666667,0.0000226223,0.0067679798,0.0067906021
1.5983333333,0.0000187177,0.0067718893,0.0067906069
1.5985000000,0.0000151812,0.0067754295,0.0067906108
1.5986666667,0.0000120136,0.0067786001,0.0067906137
1.5988333333,0.0000092153,0.0067814005,0.0067906158
1.5990000000,0.0000067868,0.0067838304,0.0067906172
1.5991666667,0.0000047287,0.0067858894,0.0067906181
1.5993333333,0.0000030412,0.0067875773,0.0067906185
1.5995000000,0.0000017249,0.0067888937,0.0067906186
1.5996666667,0.0000007801,0.0067898384,0.0067906185
1.5998333333,0.0000002071,0.0067904113,0.0067906184
1.6000000000,0.0000000061,0.0067906122,0.0067906183
1.6001666667,0.0000001775,0.0067904409,0.0067906184
1.6003333333,0.0000007215,0.0067898974,0.0067906189
1.6005000000,0.0000016382,0.0067889816,0.0067906198
1.6006666667,0.0000029277,0.0067876936,0.0067906213
1.6008333333,0.0000045902,0.0067860334,0.0067906236
1.6010000000,0.0000066257,0.0067840011,0.0067906268
1.6011666667,0.0000090343,0.0067815968,0.0067906311
1.6013333333,0.0000118159,0.0067788207,0.0067906366
1.6015000000,0.0000149705,0.0067756730,0.0067906435
1.6016666667,0.0000184981,0.0067721540,0.0067906520
1.6018333333,0.0000223984,0.0067682639,0.0067906623
1.6020000000,0.0000266713,0.0067640033,0.0067906746
1.6021666667,0.0000313166,0.0067593724,0.0067906890
1.6023333333,0.0000363341,0.0067543717,0.0067907058
1.6025000000,0.0000417234,0.0067490016,0.0067907250
1.6026666667,0.0000474843,0.0067432627,0.0067907470
1.6028333333,0.0000536164,0.0067371555,0.0067907720
1.6030000000,0.0000601193,0.0067306809,0.0067908002
1.6031666667,0.0000669926,0.0067238394,0.0067908320
1.6033333333,0.0000742357,0.0067166318,0.0067908675
1.6035000000,0.0000818481,0.0067090588,0.0067909069
1.6036666667,0.0000898293,0.0067011211,0.0067909504
1.6038333333,0.0000981787,0.0066928196,0.0067909983
1.6040000000,0.0001068957,0.0066841551,0.0067910508
1.6041666667,0.0001159795,0.0066751287,0.0067911082
1.6043333333,0.0001254295,0.0066657411,0.0067911706
1.6045000000,0.0001352449,0.0066559934,0.0067912383
1.6046666667,0.0001454249,0.0066458867,0.0067913116
1.6048333333,0.0001559686,0.0066354220,0.0067913906
1.6050000000,0.0001668752,0.0066246005,0.0067914757
1.6051666667,0.0001781436,0.0066134234,0.0067915670
1.6053333333,0.0001897730,0.0066018919,0.0067916649
1.6055000000,0.0002017623,0.0065900072,0.0067917695
1.6056666667,0.0002141104,0.0065777706,0.0067918810
1.6058333333,0.0002268162,0.0065651835,0.0067919997
1.6060000000,0.0002398784,0.0065522473,0.0067921257
1.6061666667,0.0002532960,0.0065389633,0.0067922593
1.6063333333,0.0002670676,0.0065253331,0.0067924007
1.6065000000,0.0002811920,0.0065113580,0.0067925500
1.6066666667,0.0002956678,0.0064970397,0.0067927075
1.6068333333,0.0003104936,0.0064823798,0.0067928735
1.6070000000,0.0003256681,0.0064673800,0.0067930481
1.6071666667,0.0003411897,0.0064520421,0.0067932318
1.6073333333,0.0003570570,0.0064363677,0.0067934246
1.6075000000,0.0003732684,0.0064203583,0.0067936267
1.6076666667,0.0003898224,0.0064040157,0.0067938382
1.6078333333,0.0004067175,0.0063873416,0.0067940590
1.6080000000,0.0004239519,0.0063703377,0.0067942896
1.6081666667,0.0004415241,0.0063530058,0.0067945299
1.6083333333,0.0004594324,0.0063353479,0.0067947803
1.6085000000,0.0004776749,0.0063173658,0.0067950407
1.6086666667,0.0004962501,0.0062990612,0.0067953113
1.6088333333,0.0005151560,0.0062804362,0.0067955922
1.6090000000,0.0005343909,0.0062614927,0.0067958836
1.6091666667,0.0005539528,0.0062422327,0.0067961855
1.6093333333,0.0005738399,0.0062226582,0.0067964982
1.6095000000,0.0005940503,0.0062027712,0.0067968215
1.6096666667,0.0006145819,0.0061825736,0.0067971555
1.6098333333,0.0006354327,0.0061620674,0.0067975001
1.6100000000,0.0006566007,0.0061412547,0.0067978554
1.6101666667,0.0006780837,0.0061201379,0.0067982216
1.6103333333,0.0006998797,0.0060987192,0.0067985989
1.6105000000,0.0007219865,0.0060770011,0.0067989876
1.6106666667,0.0007444018,0.0060549858,0.0067993876
1.6108333333,0.0007671234,0.0060326757,0.0067997991
1.6110000000,0.0007901490,0.0060100732,0.0068002222
1.6111666667,0.0008134762,0.0059871808,0.0068006570
1.6113333333,0.0008371028,0.0059640011,0.0068011039
1.6115000000,0.0008610262,0.0059405368,0.0068015631
1.6116666667,0.0008852441,0.0059167906,0.0068020347
1.6118333333,0.0009097540,0.0058927650,0.0068025191
1.6120000000,0.0009345534,0.0058684629,0.0068030162
1.6121666667,0.0009596396,0.0058438869,0.0068035265
1.6123333333,0.0009850102,0.0058190399,0.0068040501
1.6125000000,0.0010106625,0.0057939249,0.0068045874
1.6126666667,0.0010365939,0.0057685449,0.0068051387
1.6128333333,0.0010628016,0.0057429029,0.0068057045
1.6130000000,0.0010892830,0.0057170018,0.0068062849
1.6131666667,0.0011160354,0.0056908447,0.0068068801
1.6133333333,0.0011430559,0.0056644345,0.0068074904
1.6135000000,0.0011703417,0.0056377740,0.0068081157
1.6136666667,0.0011978900,0.0056108661,0.0068087561
1.6138333333,0.0012256979,0.0055837138,0.0068094117
1.6140000000,0.0012537625,0.0055563203,0.0068100828
1.6141666667,0.0012820808,0.0055286888,0.0068107697
1.6143333333,0.0013106500,0.0055008227,0.0068114727
1.6145000000,0.0013394669,0.0054727251,0.0068121920
1.6146666667,0.0013685285,0.0054443989,0.0068129274
1.6148333333,0.0013978317,0.0054158472,0.0068136789
1.6150000000,0.0014273735,0.0053870728,0.0068144463
1.6151666667,0.0014571508,0.0053580790,0.0068152298
1.6153333333,0.0014871603,0.0053288691,0.0068160294
1.6155000000,0.0015173991,0.0052994463,0.0068168453
1.6156666667,0.0015478638,0.0052698139,0.0068176776
1.6158333333,0.0015785513,0.0052399750,0.0068185263
1.6160000000,0.0016094583,0.0052099329,0.0068193912
1.6161666667,0.0016405818,0.0051796907,0.0068202725
1.6163333333,0.0016719183,0.0051492518,0.0068211701
1.6165000000,0.0017034647,0.0051186197,0.0068220843
1.6166666667,0.0017352175,0.0050877976,0.0068230152
1.6168333333,0.0017671736,0.0050567889,0.0068239626
1.6170000000,0.0017993296,0.0050255969,0.0068249265
1.6171666667,0.0018316820,0.0049942248,0.0068259068
1.6173333333,0.0018642275,0.0049626763,0.0068269038
1.6175000000,0.0018969626,0.0049309548,0.0068279174
1.6176666667,0.0019298839,0.0048990639,0.0068289477
1.6178333333,0.0019629879,0.0048670071,0.0068299950
1.6180000000,0.0019962710,0.0048347880,0.0068310590
1.6181666667,0.0020297298,0.0048024102,0.0068321400
1.6183333333,0.0020633608,0.0047698773,0.0068332380
1.6185000000,0.0020971602,0.0047371930,0.0068343533
1.6186666667,0.0021311246,0.0047043612,0.0068354858
1.6188333333,0.0021652504,0.0046713852,0.0068366356
1.6190000000,0.0021995339,0.0046382689,0.0068378028
1.6191666667,0.0022339715,0.0046050158,0.0068389873
1.6193333333,0.0022685595,0.0045716296,0.0068401891
1.6195000000,0.0023032943,0.0045381143,0.0068414086
1.6196666667,0.0023381722,0.0045044737,0.0068426459
1.6198333333,0.0023731894,0.0044707118,0.0068439012
1.6200000000,0.0024083423,0.0044368325,0.0068451748
1.6201666667,0.0024436271,0.0044028396,0.0068464668
1.6203333333,0.0024790401,0.0043687370,0.0068477771
1.6205000000,0.0025145774,0.0043345282,0.0068491056
1.6206666667,0.0025502353,0.0043002171,0.0068504524
1.6208333333,0.0025860099,0.0042658073,0.0068518172
1.6210000000,0.0026218975,0.0042313026,0.0068532001
1.6211666667,0.0026578942,0.0041967067,0.0068546009
1.6213333333,0.0026939963,0.0041620236,0.0068560199
1.6215000000,0.0027301997,0.0041272572,0.0068574570
1.6216666667,0.0027665008,0.0040924114,0.0068589121
1.6218333333,0.0028028955,0.0040574896,0.0068603852
1.6220000000,0.0028393801,0.0040224955,0.0068618756
1.6221666667,0.0028759507,0.0039874324,0.0068633830
1.6223333333,0.0029126032,0.0039523037,0.0068649069
1.6225000000,0.0029493339,0.0039171130,0.0068664470
1.6226666667,0.0029861388,0.0038818643,0.0068680032
1.6228333333,0.0030230140,0.0038465614,0.0068695754
1.6230000000,0.0030599556,0.0038112081,0.0068711637
1.6231666667,0.0030969595,0.0037758082,0.0068727677
1.6233333333,0.0031340218,0.0037403654,0.0068743872
1.6235000000,0.0031711386,0.0037048832,0.0068760218
1.6236666667,0.0032083059,0.0036693655,0.0068776714
1.6238333333,0.0032455197,0.0036338163,0.0068793360
1.6240000000,0.0032827760,0.0035982397,0.0068810157
1.6241666667,0.0033200708,0.0035626400,0.0068827109
1.6243333333,0.0033574002,0.0035270211,0.0068844213
1.6245000000,0.0033947601,0.0034913869,0.0068861470
1.6246666667,0.0034321465,0.0034557411,0.0068878877
1.6248333333,0.0034695555,0.0034200878,0.0068896433
1.6250000000,0.0035069830,0.0033844311,0.0068914141
1.6251666667,0.0035444250,0.0033487755,0.0068932006
1.6253333333,0.0035818776,0.0033131255,0.0068950031
1.6255000000,0.0036193366,0.0032774851,0.0068968217
1.6256666667,0.0036567981,0.0032418581,0.0068986563
1.6258333333,0.0036942581,0.0032062483,0.0069005064
1.6260000000,0.0037317124,0.0031706593,0.0069023718
1.6261666667,0.0037691571,0.0031350950,0.0069042522
1.6263333333,0.0038065882,0.0030995595,0.0069061477
1.6265000000,0.0038440015,0.0030640567,0.0069080582
1.6266666667,0.0038813930,0.0030285907,0.0069099837
1.6268333333,0.0039187587,0.0029931652,0.0069119239
1.6270000000,0.0039560945,0.0029577841,0.0069138787
1.6271666667,0.0039933965,0.0029224514,0.0069158479
1.6273333333,0.0040306606,0.0028871709,0.0069178315
1.6275000000,0.0040678828,0.0028519468,0.0069198296
1.6276666667,0.0041050590,0.0028167827,0.0069218417
1.6278333333,0.0041421854,0.0027816821,0.0069238675
1.6280000000,0.0041792578,0.0027466487,0.0069259066
1.6281666667,0.0042162724,0.0027116866,0.0069279589
1.6283333333,0.0042532250,0.0026768000,0.0069300250
1.6285000000,0.0042901117,0.0026419934,0.0069321051
1.6286666667,0.0043269285,0.0026072712,0.0069341996
1.6288333333,0.0043636714,0.0025726374,0.0069363088
1.6290000000,0.0044003364,0.0025380961,0.0069384324
1.6291666667,0.0044369195,0.0025036510,0.0069405705
1.6293333333,0.0044734168,0.0024693064,0.0069427232
1.6295000000,0.0045098242,0.0024350665,0.0069448907
1.6296666667,0.0045461378,0.0024009353,0.0069470731
1.6298333333,0.0045823537,0.0023669169,0.0069492707
1.6300000000,0.0046184680,0.0023330153,0.0069514833
1.6301666667,0.0046544767,0.0022992344,0.0069537111
1.6303333333,0.0046903759,0.0022655780,0.0069559539
1.6305000000,0.0047261616,0.0022320503,0.0069582120
1.6306666667,0.0047618301,0.0021986552,0.0069604854
1.6308333333,0.0047973774,0.0021653965,0.0069627739
1.6310000000,0.0048327997,0.0021322779,0.0069650775
1.6311666667,0.0048680930,0.0020993029,0.0069673959
1.6313333333,0.0049032535,0.0020664754,0.0069697289
1.6315000000,0.0049382774,0.0020337989,0.0069720763
1.6316666667,0.0049731608,0.0020012770,0.0069744378
1.6318333333,0.0050079000,0.0019689129,0.0069768130
1.6320000000,0.0050424912,0.0019367101,0.0069792013
1.6321666667,0.0050769305,0.0019046718,0.0069816024
1.6323333333,0.0051112143,0.0018728019,0.0069840162
1.6325000000,0.0051453388,0.0018411042,0.0069864430
1.6326666667,0.0051793002,0.0018095825,0.0069888827
1.6328333333,0.0052130949,0.0017782403,0.0069913352
1.6330000000,0.0052467191,0.0017470809,0.0069938000
1.6331666667,0.0052801692,0.0017161072,0.0069962764
1.6333333333,0.0053134415,0.0016853223,0.0069987638
1.6335000000,0.0053465323,0.0016547297,0.0070012620
1.6336666667,0.0053794381,0.0016243328,0.0070037710
1.6338333333,0.0054121553,0.0015941356,0.0070062909
1.6340000000,0.0054446802,0.0015641418,0.0070088219
1.6341666667,0.0054770092,0.0015343548,0.0070113641
1.6343333333,0.0055091390,0.0015047784,0.0070139174
1.6345000000,0.0055410659,0.0014754158,0.0070164817
1.6346666667,0.0055727864,0.0014462705,0.0070190570
1.6348333333,0.0056042971,0.0014173460,0.0070216431
1.6350000000,0.0056355945,0.0013886455,0.0070242400
1.6351666667,0.0056666752,0.0013601725,0.0070268477
1.6353333333,0.0056975357,0.0013319306,0.0070294663
1.6355000000,0.0057281726,0.0013039233,0.0070320959
1.6356666667,0.0057585825,0.0012761540,0.0070347365
1.6358333333,0.0057887621,0.0012486261,0.0070373882
1.6360000000,0.0058187082,0.0012213427,0.0070400508
1.6361666667,0.0058484172,0.0011943070,0.0070427242
1.6363333333,0.0058778861,0.0011675223,0.0070454084
1.6365000000,0.0059071116,0.0011409919,0.0070481034
1.6366666667,0.0059360903,0.0011147188,0.0070508091
1.6368333333,0.0059648192,0.0010887059,0.0070535252
1.6370000000,0.0059932951,0.0010629560,0.0070562511
1.6371666667,0.0060215148,0.0010374715,0.0070589863
1.6373333333,0.0060494752,0.0010122554,0.0070617306
1.6375000000,0.0060771732,0.0009873107,0.0070644839
1.6376666667,0.0061046058,0.0009626404,0.0070672462
1.6378333333,0.0061317698,0.0009382476,0.0070700174
1.6380000000,0.0061586623,0.0009141351,0.0070727974
1.6381666667,0.0061852804,0.0008903056,0.0070755860
1.6383333333,0.0062116209,0.0008667621,0.0070783831
1.6385000000,0.0062376812,0.0008435075,0.0070811887
1.6386666667,0.0062634581,0.0008205447,0.0070840028
1.6388333333,0.0062889490,0.0007978766,0.0070868255
1.6390000000,0.0063141508,0.0007755056,0.0070896564
1.6391666667,0.0063390610,0.0007534342,0.0070924952
1.6393333333,0.0063636767,0.0007316651,0.0070953418
1.6395000000,0.0063879951,0.0007102009,0.0070981961
1.6396666667,0.0064120136,0.0006890448,0.0071010584
1.6398333333,0.0064357295,0.0006681995,0.0071039290
1.6400000000,0.0064591401,0.0006476677,0.0071068078
1.6401666667,0.0064822428,0.0006274514,0.0071096942
1.6403333333,0.0065050350,0.0006075525,0.0071125876
1.6405000000,0.0065275142,0.0005879729,0.0071154871
1.6406666667,0.0065496779,0.0005687145,0.0071183925
1.6408333333,0.0065715236,0.0005497797,0.0071213033
1.6410000000,0.0065930488,0.0005311707,0.0071242195
1.6411666667,0.0066142512,0.0005128899,0.0071271411
1.6413333333,0.0066351284,0.0004949392,0.0071300676
1.6415000000,0.0066556780,0.0004773207,0.0071329988
1.6416666667,0.0066758978,0.0004600364,0.0071359342
1.6418333333,0.0066957855,0.0004430884,0.0071388739
1.6420000000,0.0067153389,0.0004264791,0.0071418180
1.6421666667,0.0067345557,0.0004102110,0.0071447667
1.6423333333,0.0067534338,0.0003942863,0.0071477200
1.6425000000,0.0067719710,0.0003787071,0.0071506781
1.6426666667,0.0067901654,0.0003634756,0.0071536409
1.6428333333,0.0068080147,0.0003485937,0.0071566084
1.6430000000,0.0068255170,0.0003340637,0.0071595807
1.6431666667,0.0068426703,0.0003198878,0.0071625581
1.6433333333,0.0068594728,0.0003060680,0.0071655407
1.6435000000,0.0068759224,0.0002926062,0.0071685286
1.6436666667,0.0068920173,0.0002795043,0.0071715216
1.6438333333,0.0069077558,0.0002667637,0.0071745195
1.6440000000,0.0069231360,0.0002543861,0.0071775221
1.6441666667,0.0069381561,0.0002423729,0.0071805290
1.6443333333,0.0069528145,0.0002307252,0.0071835397
1.6445000000,0.0069671095,0.0002194440,0.0071865535
1.6446666667,0.0069810394,0.0002085304,0.0071895698
1.6448333333,0.0069946026,0.0001979852,0.0071925878
1.6450000000,0.0070077977,0.0001878095,0.0071956072
1.6451666667,0.0070206230,0.0001780050,0.0071986280
1.6453333333,0.0070330772,0.0001685729,0.0072016501
1.6455000000,0.0070451587,0.0001595147,0.0072046734
1.6456666667,0.0070568663,0.0001508314,0.0072076977
1.6458333333,0.0070681985,0.0001425238,0.0072107224
1.6460000000,0.0070791541,0.0001345929,0.0072137470
1.6461666667,0.0070897317,0.0001270398,0.0072167715
1.6463333333,0.0070999302,0.0001198659,0.0072197961
1.6465000000,0.0071097484,0.0001130727,0.0072228211
1.6466666667,0.0071191850,0.0001066616,0.0072258467
1.6468333333,0.0071282391,0.0001006337,0.0072288728
1.6470000000,0.0071369095,0.0000949898,0.0072318993
1.6471666667,0.0071451953,0.0000897311,0.0072349264
1.6473333333,0.0071530954,0.0000848588,0.0072379541
1.6475000000,0.0071606089,0.0000803738,0.0072409827
1.6476666667,0.0071677349,0.0000762771,0.0072440121
1.6478333333,0.0071744726,0.0000725692,0.0072470418
1.6480000000,0.0071808212,0.0000692502,0.0072500714
1.6481666667,0.0071867798,0.0000663205,0.0072531003
1.6483333333,0.0071923478,0.0000637806,0.0072561284
1.6485000000,0.0071975244,0.0000616311,0.0072591555
1.6486666667,0.0072023091,0.0000598726,0.0072621817
1.6488333333,0.0072067013,0.0000585056,0.0072652069
1.6490000000,0.0072107003,0.0000575302,0.0072682304
1.6491666667,0.0072143057,0.0000569463,0.0072712520
1.6493333333,0.0072175170,0.0000567543,0.0072742713
1.6495000000,0.0072203339,0.0000569542,0.0072772881
1.6496666667,0.0072227558,0.0000575466,0.0072803024
1.6498333333,0.0072247824,0.0000585317,0.0072833141
1.6500000000,0.0072264136,0.0000599093,0.0072863229
1.6501666667,0.0072276489,0.0000616793,0.0072893282
1.6503333333,0.0072284883,0.0000638416,0.0072923299
1.6505000000,0.0072289315,0.0000663961,0.0072953276
1.6506666667,0.0072289784,0.0000693433,0.0072983217
1.6508333333,0.0072286290,0.0000726834,0.0073013124
1.6510000000,0.0072278832,0.0000764167,0.0073042999
1.6511666667,0.0072267410,0.0000805429,0.0073072840
1.6513333333,0.0072252026,0.0000850617,0.0073102643
1.6515000000,0.0072232678,0.0000899725,0.0073132403
1.6516666667,0.0072209370,0.0000952747,0.0073162117
1.6518333333,0.0072182103,0.0001009679,0.0073191782
1.6520000000,0.0072150879,0.0001070520,0.0073221399
1.6521666667,0.0072115701,0.0001135267,0.0073250968
1.6523333333,0.0072076571,0.0001203920,0.0073280491
1.6525000000,0.0072033495,0.0001276473,0.0073309968
1.6526666667,0.0071986475,0.0001352921,0.0073339396
1.6528333333,0.0071935516,0.0001433256,0.0073368772
1.6530000000,0.0071880624,0.0001517470,0.0073398093
1.6531666667,0.0071821803,0.0001605555,0.0073427357
1.6533333333,0.0071759059,0.0001697503,0.0073456562
1.6535000000,0.0071692398,0.0001793307,0.0073485705
1.6536666667,0.0071621827,0.0001892958,0.0073514784
1.6538333333,0.0071547352,0.0001996446,0.0073543798
1.6540000000,0.0071468982,0.0002103764,0.0073572746
1.6541666667,0.0071386725,0.0002214903,0.0073601627
1.6543333333,0.0071300588,0.0002329855,0.0073630443
1.6545000000,0.0071210580,0.0002448612,0.0073659192
1.6546666667,0.0071116711,0.0002571161,0.0073687873
1.6548333333,0.0071018991,0.0002697492,0.0073716483
1.6550000000,0.0070917429,0.0002827590,0.0073745019
1.6551666667,0.0070812036,0.0002961442,0.0073773478
1.6553333333,0.0070702822,0.0003099037,0.0073801860
1.6555000000,0.0070589800,0.0003240363,0.0073830163
1.6556666667,0.0070472980,0.0003385406,0.0073858386
1.6558333333,0.0070352375,0.0003534151,0.0073886527
1.6560000000,0.0070227998,0.0003686584,0.0073914582
1.6561666667,0.0070099861,0.0003842690,0.0073942552
1.6563333333,0.0069967979,0.0004002455,0.0073970434
1.6565000000,0.0069832364,0.0004165864,0.0073998228
1.6566666667,0.0069693032,0.0004332901,0.0074025933
1.6568333333,0.0069549996,0.0004503549,0.0074053545
1.6570000000,0.0069403272,0.0004677787,0.0074081059
1.6571666667,0.0069252876,0.0004855598,0.0074108474
1.6573333333,0.0069098824,0.0005036965,0.0074135789
1.6575000000,0.0068941130,0.0005221876,0.0074163006
1.6576666667,0.0068779813,0.0005410315,0.0074190128
1.6578333333,0.0068614890,0.0005602268,0.0074217157
1.6580000000,0.0068446377,0.0005797716,0.0074244093
1.6581666667,0.0068274294,0.0005996642,0.0074270936
1.6583333333,0.0068098658,0.0006199026,0.0074297684
1.6585000000,0.0067919488,0.0006404848,0.0074324336
1.6586666667,0.0067736803,0.0006614085,0.0074350888
1.6588333333,0.0067550624,0.0006826716,0.0074377340
1.6590000000,0.0067360969,0.0007042717,0.0074403686
1.6591666667,0.0067167859,0.0007262066,0.0074429925
1.6593333333,0.0066971314,0.0007484740,0.0074456054
1.6595000000,0.0066771357,0.0007710717,0.0074482073
1.6596666667,0.0066568007,0.0007939973,0.0074507981
1.6598333333,0.0066361288,0.0008172485,0.0074533772
1.6600000000,0.0066151221,0.0008408224,0.0074559444
1.6601666667,0.0065937829,0.0008647162,0.0074584991
1.6603333333,0.0065721135,0.0008889275,0.0074610409
1.6605000000,0.0065501162,0.0009134536,0.0074635698
1.6606666667,0.0065277934,0.0009382923,0.0074660857
1.6608333333,0.0065051475,0.0009634416,0.0074685891
1.6610000000,0.0064821810,0.0009888993,0.0074710802
1.6611666667,0.0064588962,0.0010146631,0.0074735594
1.6613333333,0.0064352958,0.0010407308,0.0074760266
1.6615000000,0.0064113823,0.0010670998,0.0074784820
1.6616666667,0.0063871582,0.0010937673,0.0074809256
1.6618333333,0.0063626263,0.0011207309,0.0074833572
1.6620000000,0.0063377891,0.0011479879,0.0074857770
1.6621666667,0.0063126494,0.0011755354,0.0074881848
1.6623333333,0.0062872099,0.0012033709,0.0074905807
1.6625000000,0.0062614733,0.0012314911,0.0074929644
1.6626666667,0.0062354425,0.0012598928,0.0074953353
1.6628333333,0.0062091202,0.0012885728,0.0074976930
1.6630000000,0.0061825094,0.0013175276,0.0075000369
1.6631666667,0.0061556129,0.0013467542,0.0075023671
1.6633333333,0.0061284336,0.0013762497,0.0075046833
1.6635000000,0.0061009745,0.0014060109,0.0075069855
1.6636666667,0.0060732387,0.0014360346,0.0075092733
1.6638333333,0.0060452291,0.0014663173,0.0075115464
1.6640000000,0.0060169488,0.0014968556,0.0075138044
1.6641666667,0.0059884008,0.0015276464,0.0075160472
1.6643333333,0.0059595882,0.0015586871,0.0075182753
1.6645000000,0.0059305143,0.0015899750,0.0075204893
1.6646666667,0.0059011821,0.0016215074,0.0075226896
1.6648333333,0.0058715950,0.0016532813,0.0075248763
1.6650000000,0.0058417560,0.0016852932,0.0075270492
1.6651666667,0.0058116686,0.0017175397,0.0075292083
1.6653333333,0.0057813359,0.0017500175,0.0075313534
1.6655000000,0.0057507613,0.0017827233,0.0075334846
1.6656666667,0.0057199482,0.0018156539,0.0075356021
1.6658333333,0.0056888999,0.0018488056,0.0075377055
1.6660000000,0.0056576198,0.0018821746,0.0075397944
1.6661666667,0.0056261114,0.0019157571,0.0075418685
1.6663333333,0.0055943781,0.0019495494,0.0075439275
1.6665000000,0.0055624234,0.0019835482,0.0075459716
1.6666666667,0.0055302508,0.0020177499,0.0075480007
