t,Ekin,Epot,Etot
0.0000000000,0.0000000000,0.0885734759,0.0885734759
0.0001666667,0.0001472270,0.0884261468,0.0885733739
0.0003333333,0.0005872781,0.0879857912,0.0885730692
0.0005000000,0.0013152882,0.0872572785,0.0885725667
0.0006666667,0.0023232329,0.0862486412,0.0885718741
0.0008333333,0.0036000517,0.0849709503,0.0885710020
0.0010000000,0.0051318176,0.0834381462,0.0885699638
0.0011666667,0.0069019500,0.0816668251,0.0885687750
0.0013333333,0.0088914651,0.0796759886,0.0885674537
0.0015000000,0.0110792607,0.0774867586,0.0885660193
0.0016666667,0.0134424290,0.0751220639,0.0885644929
0.0018333333,0.0159565912,0.0726063052,0.0885628964
0.0020000000,0.0185962489,0.0699650036,0.0885612525
0.0021666667,0.0213351440,0.0672244398,0.0885595838
0.0023333333,0.0241466223,0.0644112905,0.0885579129
0.0025000000,0.0270039936,0.0615522681,0.0885562617
0.0026666667,0.0298808814,0.0586737699,0.0885546513
0.0028333333,0.0327515581,0.0558015431,0.0885531012
0.0030000000,0.0355912589,0.0529603707,0.0885516296
0.0031666667,0.0383764701,0.0501737825,0.0885502526
0.0033333333,0.0410851882,0.0474637962,0.0885489844
0.0035000000,0.0436971452,0.0448506917,0.0885478368
0.0036666667,0.0461939992,0.0423528203,0.0885468195
0.0038333333,0.0485594870,0.0399864525,0.0885459395
0.0040000000,0.0507795385,0.0377656631,0.0885452016
0.0041666667,0.0528423524,0.0357022558,0.0885446082
0.0043333333,0.0547384343,0.0338057250,0.0885441593
0.0045000000,0.0564605973,0.0320832554,0.0885438528
0.0046666667,0.0580039288,0.0305397557,0.0885436845
0.0048333333,0.0593657238,0.0291779246,0.0885436484
0.0050000000,0.0605453897,0.0279983472,0.0885437369
0.0051666667,0.0615443252,0.0269996158,0.0885439411
0.0053333333,0.0623657758,0.0261784748,0.0885442506
0.0055000000,0.0630146721,0.0255299824,0.0885446545
0.0056666667,0.0634974528,0.0250476882,0.0885451410
0.0058333333,0.0638218776,0.0247238204,0.0885456980
0.0060000000,0.0639968334,0.0245494797,0.0885463131
0.0061666667,0.0640321380,0.0245148361,0.0885469741
0.0063333333,0.0639383439,0.0246093251,0.0885476691
0.0065000000,0.0637265468,0.0248218395,0.0885483863
0.0066666667,0.0634082008,0.0251409141,0.0885491149
0.0068333333,0.0629949432,0.0255549015,0.0885498447
0.0070000000,0.0624984311,0.0260521350,0.0885505662
0.0071666667,0.0619301916,0.0266210794,0.0885512710
0.0073333333,0.0613014864,0.0272504652,0.0885519516
0.0075000000,0.0606231935,0.0279294083,0.0885526017
0.0076666667,0.0599057038,0.0286475121,0.0885532159
0.0078333333,0.0591588359,0.0293949540,0.0885537899
0.0080000000,0.0583917663,0.0301625540,0.0885543203
0.0081666667,0.0576129767,0.0309418281,0.0885548048
0.0083333333,0.0568302158,0.0317250261,0.0885552419
0.0085000000,0.0560504770,0.0325051541,0.0885556311
0.0086666667,0.0552799881,0.0332759845,0.0885559726
0.0088333333,0.0545242142,0.0340320530,0.0885562672
0.0090000000,0.0537878712,0.0347686451,0.0885565163
0.0091666667,0.0530749492,0.0354817728,0.0885567219
0.0093333333,0.0523887428,0.0361681436,0.0885568864
0.0095000000,0.0517318898,0.0368251228,0.0885570125
0.0096666667,0.0511064134,0.0374506897,0.0885571031
0.0098333333,0.0505137699,0.0380433915,0.0885571614
0.0100000000,0.0499548979,0.0386022926,0.0885571905
0.0101666667,0.0494302696,0.0391269241,0.0885571937
0.0103333333,0.0489399426,0.0396172316,0.0885571742
0.0105000000,0.0484836112,0.0400735239,0.0885571352
0.0106666667,0.0480606566,0.0404964229,0.0885570796
0.0108333333,0.0476701949,0.0408868154,0.0885570103
0.0110000000,0.0473111230,0.0412458070,0.0885569300
0.0111666667,0.0469821614,0.0415746798,0.0885568412
0.0113333333,0.0466818942,0.0418748520,0.0885567462
0.0115000000,0.0464088048,0.0421478422,0.0885566469
0.0116666667,0.0461613092,0.0423952361,0.0885565453
0.0118333333,0.0459377847,0.0426186582,0.0885564429
0.0120000000,0.0457365957,0.0428197454,0.0885563411
0.0121666667,0.0455561154,0.0430001256,0.0885562411
0.0123333333,0.0453947450,0.0431613987,0.0885561437
0.0125000000,0.0452509288,0.0433051211,0.0885560499
0.0126666667,0.0451231671,0.0434327931,0.0885559602
0.0128333333,0.0450100260,0.0435458492,0.0885558752
0.0130000000,0.0449101446,0.0436456504,0.0885557950
0.0131666667,0.0448222409,0.0437334791,0.0885557200
0.0133333333,0.0447451143,0.0438105358,0.0885556501
0.0135000000,0.0446776478,0.0438779378,0.0885555855
0.0136666667,0.0446188078,0.0439367183,0.0885555261
0.0138333333,0.0445676433,0.0439878285,0.0885554717
0.0140000000,0.0445232836,0.0440321386,0.0885554222
0.0141666667,0.0444849357,0.0440704416,0.0885553773
0.0143333333,0.0444518806,0.0441034562,0.0885553368
0.0145000000,0.0444234695,0.0441318309,0.0885553004
0.0146666667,0.0443991194,0.0441561484,0.0885552678
0.0148333333,0.0443783090,0.0441769298,0.0885552388
0.0150000000,0.0443605736,0.0441946395,0.0885552131
0.0151666667,0.0443455011,0.0442096893,0.0885551904
0.0153333333,0.0443327272,0.0442224432,0.0885551704
0.0155000000,0.0443219313,0.0442332215,0.0885551528
0.0156666667,0.0443128321,0.0442423054,0.0885551375
0.0158333333,0.0443051840,0.0442499402,0.0885551241
0.0160000000,0.0442987730,0.0442563396,0.0885551126
0.0161666667,0.0442934135,0.0442616890,0.0885551026
0.0163333333,0.0442889453,0.0442661487,0.0885550939
0.0165000000,0.0442852300,0.0442698566,0.0885550865
0.0166666667,0.0442821490,0.0442729312,0.0885550802
0.0168333333,0.0442796009,0.0442754739,0.0885550748
0.0170000000,0.0442774991,0.0442775712,0.0885550702
0.0171666667,0.0442757699,0.0442792964,0.0885550664
0.0173333333,0.0442743512,0.0442807119,0.0885550631
0.0175000000,0.0442731901,0.0442818702,0.0885550603
0.0176666667,0.0442722424,0.0442828156,0.0885550580
0.0178333333,0.0442714709,0.0442835851,0.0885550561
0.0180000000,0.0442708445,0.0442842099,0.0885550544
0.0181666667,0.0442703372,0.0442847159,0.0885550531
0.0183333333,0.0442699274,0.0442851246,0.0885550520
0.0185000000,0.0442695973,0.0442854538,0.0885550511
0.0186666667,0.0442693320,0.0442857183,0.0885550503
0.0188333333,0.0442691193,0.0442859304,0.0885550497
0.0190000000,0.0442689493,0.0442860999,0.0885550492
0.0191666667,0.0442688137,0.0442862350,0.0885550488
0.0193333333,0.0442687059,0.0442863425,0.0885550484
0.0195000000,0.0442686203,0.0442864278,0.0885550481
0.0196666667,0.0442685526,0.0442864953,0.0885550479
0.0198333333,0.0442684992,0.0442865485,0.0885550477
0.0200000000,0.0442684571,0.0442865905,0.0885550476
0.0201666667,0.0442684241,0.0442866234,0.0885550475
0.0203333333,0.0442683982,0.0442866492,0.0885550474
0.0205000000,0.0442683780,0.0442866694,0.0885550473
0.0206666667,0.0442683622,0.0442866851,0.0885550473
0.0208333333,0.0442683499,0.0442866973,0.0885550472
0.0210000000,0.0442683404,0.0442867067,0.0885550472
0.0211666667,0.0442683331,0.0442867141,0.0885550471
0.0213333333,0.0442683274,0.0442867197,0.0885550471
0.0215000000,0.0442683230,0.0442867241,0.0885550471
0.0216666667,0.0442683197,0.0442867274,0.0885550471
0.0218333333,0.0442683171,0.0442867300,0.0885550471
0.0220000000,0.0442683152,0.0442867319,0.0885550471
0.0221666667,0.0442683137,0.0442867334,0.0885550471
0.0223333333,0.0442683125,0.0442867345,0.0885550471
0.0225000000,0.0442683117,0.0442867354,0.0885550470
0.0226666667,0.0442683110,0.0442867360,0.0885550470
0.0228333333,0.0442683105,0.0442867365,0.0885550470
0.0230000000,0.0442683101,0.0442867369,0.0885550470
0.0231666667,0.0442683099,0.0442867372,0.0885550470
0.0233333333,0.0442683097,0.0442867374,0.0885550470
0.0235000000,0.0442683095,0.0442867375,0.0885550470
0.0236666667,0.0442683094,0.0442867376,0.0885550470
0.0238333333,0.0442683093,0.0442867377,0.0885550470
0.0240000000,0.0442683092,0.0442867378,0.0885550470
0.0241666667,0.0442683092,0.0442867378,0.0885550470
0.0243333333,0.0442683092,0.0442867379,0.0885550470
0.0245000000,0.0442683092,0.0442867379,0.0885550470
0.0246666667,0.0442683091,0.0442867379,0.0885550470
0.0248333333,0.0442683091,0.0442867379,0.0885550470
0.0250000000,0.0442683091,0.0442867379,0.0885550470
0.0251666667,0.0442683091,0.0442867379,0.0885550470
0.0253333333,0.0442683092,0.0442867379,0.0885550470
0.0255000000,0.0442683092,0.0442867378,0.0885550470
0.0256666667,0.0442683092,0.0442867378,0.0885550470
0.0258333333,0.0442683093,0.0442867377,0.0885550470
0.0260000000,0.0442683094,0.0442867377,0.0885550470
0.0261666667,0.0442683095,0.0442867376,0.0885550470
0.0263333333,0.0442683096,0.0442867374,0.0885550470
0.0265000000,0.0442683098,0.0442867372,0.0885550470
0.0266666667,0.0442683101,0.0442867370,0.0885550470
0.0268333333,0.0442683104,0.0442867366,0.0885550470
0.0270000000,0.0442683109,0.0442867362,0.0885550470
0.0271666667,0.0442683114,0.0442867356,0.0885550470
0.0273333333,0.0442683122,0.0442867348,0.0885550471
0.0275000000,0.0442683133,0.0442867338,0.0885550471
0.0276666667,0.0442683146,0.0442867325,0.0885550471
0.0278333333,0.0442683164,0.0442867307,0.0885550471
0.0280000000,0.0442683187,0.0442867284,0.0885550471
0.0281666667,0.0442683217,0.0442867254,0.0885550471
0.0283333333,0.0442683256,0.0442867215,0.0885550471
0.0285000000,0.0442683306,0.0442867165,0.0885550471
0.0286666667,0.0442683372,0.0442867100,0.0885550472
0.0288333333,0.0442683456,0.0442867016,0.0885550472
0.0290000000,0.0442683565,0.0442866908,0.0885550472
0.0291666667,0.0442683704,0.0442866769,0.0885550473
0.0293333333,0.0442683883,0.0442866590,0.0885550473
0.0295000000,0.0442684111,0.0442866363,0.0885550474
0.0296666667,0.0442684402,0.0442866073,0.0885550475
0.0298333333,0.0442684772,0.0442865704,0.0885550477
0.0300000000,0.0442685242,0.0442865236,0.0885550478
0.0301666667,0.0442685836,0.0442864644,0.0885550480
0.0303333333,0.0442686586,0.0442863897,0.0885550482
0.0305000000,0.0442687530,0.0442862956,0.0885550485
0.0306666667,0.0442688715,0.0442861774,0.0885550489
0.0308333333,0.0442690201,0.0442860293,0.0885550493
0.0310000000,0.0442692057,0.0442858442,0.0885550499
0.0311666667,0.0442694372,0.0442856134,0.0885550505
0.0313333333,0.0442697250,0.0442853264,0.0885550513
0.0315000000,0.0442700820,0.0442849703,0.0885550523
0.0316666667,0.0442705237,0.0442845298,0.0885550535
0.0318333333,0.0442710689,0.0442839860,0.0885550549
0.0320000000,0.0442717400,0.0442833165,0.0885550566
0.0321666667,0.0442725642,0.0442824943,0.0885550586
0.0323333333,0.0442735737,0.0442814872,0.0885550610
0.0325000000,0.0442748071,0.0442802567,0.0885550638
0.0326666667,0.0442763102,0.0442787570,0.0885550672
0.0328333333,0.0442781371,0.0442769341,0.0885550712
0.0330000000,0.0442803521,0.0442747238,0.0885550759
0.0331666667,0.0442830305,0.0442720509,0.0885550814
0.0333333333,0.0442862611,0.0442688268,0.0885550879
0.0335000000,0.0442901474,0.0442649481,0.0885550954
0.0336666667,0.0442948103,0.0442602939,0.0885551042
0.0338333333,0.0443003904,0.0442547240,0.0885551143
0.0340000000,0.0443070504,0.0442480757,0.0885551261
0.0341666667,0.0443149783,0.0442401612,0.0885551396
0.0343333333,0.0443243905,0.0442307646,0.0885551550
0.0345000000,0.0443355347,0.0442196380,0.0885551727
0.0346666667,0.0443486944,0.0442064984,0.0885551928
0.0348333333,0.0443641920,0.0441910237,0.0885552156
0.0350000000,0.0443823931,0.0441728483,0.0885552414
0.0351666667,0.0444037109,0.0441515596,0.0885552704
0.0353333333,0.0444286102,0.0441266928,0.0885553030
0.0355000000,0.0444576122,0.0440977271,0.0885553393
0.0356666667,0.0444912984,0.0440640813,0.0885553797
0.0358333333,0.0445303153,0.0440251090,0.0885554243
0.0360000000,0.0445753784,0.0439800952,0.0885554736
0.0361666667,0.0446272756,0.0439282520,0.0885555276
0.0363333333,0.0446868710,0.0438687154,0.0885555865
0.0365000000,0.0447551075,0.0438005429,0.0885556504
0.0366666667,0.0448330083,0.0437227111,0.0885557195
0.0368333333,0.0449216783,0.0436341153,0.0885557936
0.0370000000,0.0450223034,0.0435335693,0.0885558727
0.0371666667,0.0451361491,0.0434198075,0.0885559566
0.0373333333,0.0452645569,0.0432914880,0.0885560450
0.0375000000,0.0454089394,0.0431471979,0.0885561373
0.0376666667,0.0455707723,0.0429854606,0.0885562330
0.0378333333,0.0457515853,0.0428047460,0.0885563312
0.0380000000,0.0459529490,0.0426034822,0.0885564312
0.0381666667,0.0461764599,0.0423800717,0.0885565316
0.0383333333,0.0464237223,0.0421329089,0.0885566312
0.0385000000,0.0466963261,0.0418604023,0.0885567283
0.0386666667,0.0469958220,0.0415609992,0.0885568213
0.0388333333,0.0473236935,0.0412332146,0.0885569080
0.0390000000,0.0476813239,0.0408756625,0.0885569864
0.0391666667,0.0480699618,0.0404870920,0.0885570539
0.0393333333,0.0484906820,0.0400664259,0.0885571079
0.0395000000,0.0489443433,0.0396128024,0.0885571457
0.0396666667,0.0494315441,0.0391256201,0.0885571642
0.0398333333,0.0499525754,0.0386045851,0.0885571605
0.0400000000,0.0505073715,0.0380497599,0.0885571314
0.0401666667,0.0510954599,0.0374616138,0.0885570737
0.0403333333,0.0517159110,0.0368410732,0.0885569842
0.0405000000,0.0523672875,0.0361895725,0.0885568600
0.0406666667,0.0530475961,0.0355091020,0.0885566981
0.0408333333,0.0537542411,0.0348022548,0.0885564959
0.0410000000,0.0544839820,0.0340722689,0.0885562510
0.0411666667,0.0552328966,0.0333230649,0.0885559614
0.0413333333,0.0559963494,0.0325592764,0.0885556259
0.0415000000,0.0567689693,0.0317862740,0.0885552433
0.0416666667,0.0575446352,0.0310101784,0.0885548136
0.0418333333,0.0583164726,0.0302378647,0.0885543372
0.0420000000,0.0590768623,0.0294769533,0.0885538156
0.0421666667,0.0598174620,0.0287357888,0.0885532508
0.0423333333,0.0605292420,0.0280234041,0.0885526461
0.0425000000,0.0612025362,0.0273494696,0.0885520057
0.0426666667,0.0618271085,0.0267242263,0.0885513348
0.0428333333,0.0623922362,0.0261584033,0.0885506395
0.0430000000,0.0628868088,0.0256631183,0.0885499271
0.0431666667,0.0632994440,0.0252497617,0.0885492057
0.0433333333,0.0636186188,0.0249298659,0.0885484846
0.0435000000,0.0638328155,0.0247149582,0.0885477738
0.0436666667,0.0639306817,0.0246164021,0.0885470838
0.0438333333,0.0639012014,0.0246452248,0.0885464262
0.0440000000,0.0637338762,0.0248119365,0.0885458127
0.0441666667,0.0634189140,0.0251263413,0.0885452554
0.0443333333,0.0629474220,0.0255973444,0.0885447664
0.0445000000,0.0623116001,0.0262327576,0.0885443578
0.0446666667,0.0615049341,0.0270391071,0.0885440412
0.0448333333,0.0605223805,0.0280214472,0.0885438277
0.0450000000,0.0593605436,0.0291831838,0.0885437275
0.0451666667,0.0580178383,0.0305259113,0.0885437496
0.0453333333,0.0564946347,0.0320492673,0.0885439019
0.0455000000,0.0547933819,0.0337508086,0.0885441906
0.0456666667,0.0529187073,0.0356259127,0.0885446199
0.0458333333,0.0508774856,0.0376677069,0.0885451925
0.0460000000,0.0486788784,0.0398670301,0.0885459085
0.0461666667,0.0463343382,0.0422124279,0.0885467661
0.0463333333,0.0438575770,0.0446901838,0.0885477608
0.0465000000,0.0412644974,0.0472843887,0.0885488861
0.0466666667,0.0385730853,0.0499770475,0.0885501327
0.0468333333,0.0358032647,0.0527482248,0.0885514894
0.0470000000,0.0329767149,0.0555762275,0.0885529424
0.0471666667,0.0301166525,0.0584378235,0.0885544760
0.0473333333,0.0272475791,0.0613084934,0.0885560725
0.0475000000,0.0243950001,0.0641627126,0.0885577126
0.0476666667,0.0215851163,0.0669742594,0.0885593757
0.0478333333,0.0188444944,0.0697165457,0.0885610402
0.0480000000,0.0161997208,0.0723629628,0.0885626836
0.0481666667,0.0136770445,0.0748872388,0.0885642833
0.0483333333,0.0113020158,0.0772638010,0.0885658168
0.0485000000,0.0090991261,0.0794681359,0.0885672620
0.0486666667,0.0070914561,0.0814771416,0.0885685977
0.0488333333,0.0053003389,0.0832694654,0.0885698043
0.0490000000,0.0037450431,0.0848258204,0.0885708635
0.0491666667,0.0024424835,0.0861292757,0.0885717592
0.0493333333,0.0014069647,0.0871655131,0.0885724778
0.0495000000,0.0006499608,0.0879230472,0.0885730080
0.0496666667,0.0001799383,0.0883934033,0.0885733415
0.0498333333,0.0000022235,0.0885712497,0.0885734732
0.0500000000,0.0001189185,0.0884544822,0.0885734007
0.0501666667,0.0005288663,0.0880442589,0.0885731252
0.0503333333,0.0012276666,0.0873449841,0.0885726507
0.0505000000,0.0022077421,0.0863642424,0.0885719845
0.0506666667,0.0034584529,0.0851126836,0.0885711366
0.0508333333,0.0049662586,0.0836038612,0.0885701199
0.0510000000,0.0067149230,0.0818540268,0.0885689497
0.0511666667,0.0086857584,0.0798818852,0.0885676436
0.0513333333,0.0108579058,0.0777083151,0.0885662209
0.0515000000,0.0132086427,0.0753560596,0.0885647023
0.0516666667,0.0157137161,0.0728493937,0.0885631098
0.0518333333,0.0183476919,0.0702137741,0.0885614661
0.0520000000,0.0210843153,0.0674754786,0.0885597938
0.0521666667,0.0238968755,0.0646612403,0.0885581158
0.0523333333,0.0267585689,0.0617978853,0.0885564542
0.0525000000,0.0296428522,0.0589119781,0.0885548303
0.0526666667,0.0325237830,0.0560294811,0.0885532641
0.0528333333,0.0353763392,0.0531754349,0.0885517741
0.0530000000,0.0381767138,0.0503736631,0.0885503769
0.0531666667,0.0409025812,0.0476465059,0.0885490871
0.0533333333,0.0435333301,0.0450145871,0.0885479172
0.0535000000,0.0460502612,0.0424966159,0.0885468771
0.0536666667,0.0484367476,0.0401092267,0.0885459744
0.0538333333,0.0506783570,0.0378668573,0.0885452143
0.0540000000,0.0527629337,0.0357816659,0.0885445996
0.0541666667,0.0546806435,0.0338634873,0.0885441307
0.0543333333,0.0564239803,0.0321198255,0.0885438058
0.0545000000,0.0579877375,0.0305558834,0.0885436210
0.0546666667,0.0593689464,0.0291746241,0.0885435704
0.0548333333,0.0605667834,0.0279768633,0.0885436468
0.0550000000,0.0615824519,0.0269613891,0.0885438410
0.0551666667,0.0624190392,0.0261251038,0.0885441430
0.0553333333,0.0630813556,0.0254631862,0.0885445417
0.0555000000,0.0635757570,0.0249692684,0.0885450254
0.0556666667,0.0639099571,0.0246356246,0.0885455817
0.0558333333,0.0640928314,0.0244533667,0.0885461981
0.0560000000,0.0641342191,0.0244126433,0.0885468624
0.0561666667,0.0640447236,0.0245028386,0.0885475622
0.0563333333,0.0638355181,0.0247127677,0.0885482857
0.0565000000,0.0635181570,0.0250308649,0.0885490219
0.0566666667,0.0631043970,0.0254453630,0.0885497600
0.0568333333,0.0626060299,0.0259444607,0.0885504907
0.0570000000,0.0620347287,0.0265164764,0.0885512051
0.0571666667,0.0614019088,0.0271499869,0.0885518956
0.0573333333,0.0607186055,0.0278339502,0.0885525557
0.0575000000,0.0599953679,0.0285578117,0.0885531796
0.0576666667,0.0592421703,0.0293115927,0.0885537630
0.0578333333,0.0584683396,0.0300859627,0.0885543023
0.0580000000,0.0576825004,0.0308722947,0.0885547952
0.0581666667,0.0568925350,0.0316627049,0.0885552400
0.0583333333,0.0561055590,0.0324500771,0.0885556361
0.0585000000,0.0553279102,0.0332280734,0.0885559836
0.0586666667,0.0545651510,0.0339911324,0.0885562834
0.0588333333,0.0538220808,0.0347344561,0.0885565369
0.0590000000,0.0531027596,0.0354539864,0.0885567461
0.0591666667,0.0524105389,0.0361463744,0.0885569133
0.0593333333,0.0517480999,0.0368089414,0.0885570413
0.0595000000,0.0511174976,0.0374396357,0.0885571332
0.0596666667,0.0505202080,0.0380369841,0.0885571921
0.0598333333,0.0499571793,0.0386000418,0.0885572212
0.0600000000,0.0494288841,0.0391283397,0.0885572239
0.0601666667,0.0489353721,0.0396218314,0.0885572034
0.0603333333,0.0484763224,0.0400808406,0.0885571631
0.0605000000,0.0480510955,0.0405060103,0.0885571059
0.0606666667,0.0476587820,0.0408982528,0.0885570347
0.0608333333,0.0472982495,0.0412587030,0.0885569525
0.0610000000,0.0469681869,0.0415886747,0.0885568616
0.0611666667,0.0466671449,0.0418896195,0.0885567644
0.0613333333,0.0463935728,0.0421630902,0.0885566631
0.0615000000,0.0461458523,0.0424107070,0.0885565593
0.0616666667,0.0459223271,0.0426341278,0.0885564549
0.0618333333,0.0457213290,0.0428350221,0.0885563511
0.0620000000,0.0455412005,0.0430150488,0.0885562493
0.0621666667,0.0453803136,0.0431758367,0.0885561503
0.0623333333,0.0452370858,0.0433189691,0.0885560549
0.0625000000,0.0451099930,0.0434459709,0.0885559639
0.0626666667,0.0449975790,0.0435582985,0.0885558776
0.0628333333,0.0448984637,0.0436573326,0.0885557963
0.0630000000,0.0448113476,0.0437443727,0.0885557204
0.0631666667,0.0447350156,0.0438206342,0.0885556498
0.0633333333,0.0446683379,0.0438872466,0.0885555845
0.0635000000,0.0446102708,0.0439452538,0.0885555246
0.0636666667,0.0445598548,0.0439956150,0.0885554698
0.0638333333,0.0445162125,0.0440392074,0.0885554199
0.0640000000,0.0444785461,0.0440768288,0.0885553748
0.0641666667,0.0444461328,0.0441092013,0.0885553341
0.0643333333,0.0444183218,0.0441369759,0.0885552977
0.0645000000,0.0443945287,0.0441607364,0.0885552651
0.0646666667,0.0443742320,0.0441810042,0.0885552361
0.0648333333,0.0443569673,0.0441982431,0.0885552105
0.0650000000,0.0443423238,0.0442128641,0.0885551878
0.0651666667,0.0443299386,0.0442252294,0.0885551680
0.0653333333,0.0443194930,0.0442356575,0.0885551505
0.0655000000,0.0443107081,0.0442444273,0.0885551354
0.0656666667,0.0443033404,0.0442517817,0.0885551222
0.0658333333,0.0442971786,0.0442579322,0.0885551108
0.0660000000,0.0442920394,0.0442630615,0.0885551009
0.0661666667,0.0442877651,0.0442673273,0.0885550925
0.0663333333,0.0442842199,0.0442708653,0.0885550852
0.0665000000,0.0442812874,0.0442737917,0.0885550790
0.0666666667,0.0442788683,0.0442762054,0.0885550737
0.0668333333,0.0442768783,0.0442781910,0.0885550693
0.0670000000,0.0442752456,0.0442798199,0.0885550655
0.0671666667,0.0442739097,0.0442811526,0.0885550623
0.0673333333,0.0442728196,0.0442822401,0.0885550597
0.0675000000,0.0442719325,0.0442831250,0.0885550574
0.0676666667,0.0442712124,0.0442838431,0.0885550556
0.0678333333,0.0442706296,0.0442844244,0.0885550540
0.0680000000,0.0442701591,0.0442848937,0.0885550527
0.0681666667,0.0442697802,0.0442852715,0.0885550517
0.0683333333,0.0442694760,0.0442855748,0.0885550508
0.0685000000,0.0442692324,0.0442858177,0.0885550501
0.0686666667,0.0442690377,0.0442860118,0.0885550495
0.0688333333,0.0442688827,0.0442861663,0.0885550490
0.0690000000,0.0442687595,0.0442862891,0.0885550486
0.0691666667,0.0442686619,0.0442863864,0.0885550483
0.0693333333,0.0442685847,0.0442864633,0.0885550481
0.0695000000,0.0442685239,0.0442865239,0.0885550478
0.0696666667,0.0442684761,0.0442865716,0.0885550477
0.0698333333,0.0442684386,0.0442866090,0.0885550475
0.0700000000,0.0442684092,0.0442866382,0.0885550474
0.0701666667,0.0442683863,0.0442866610,0.0885550474
0.0703333333,0.0442683685,0.0442866787,0.0885550473
0.0705000000,0.0442683547,0.0442866925,0.0885550472
0.0706666667,0.0442683440,0.0442867032,0.0885550472
0.0708333333,0.0442683358,0.0442867114,0.0885550472
0.0710000000,0.0442683294,0.0442867177,0.0885550471
0.0711666667,0.0442683245,0.0442867226,0.0885550471
0.0713333333,0.0442683208,0.0442867263,0.0885550471
0.0715000000,0.0442683179,0.0442867291,0.0885550471
0.0716666667,0.0442683158,0.0442867313,0.0885550471
0.0718333333,0.0442683141,0.0442867330,0.0885550471
0.0720000000,0.0442683128,0.0442867342,0.0885550471
0.0721666667,0.0442683119,0.0442867352,0.0885550471
0.0723333333,0.0442683112,0.0442867359,0.0885550470
0.0725000000,0.0442683106,0.0442867364,0.0885550470
0.0726666667,0.0442683102,0.0442867368,0.0885550470
0.0728333333,0.0442683099,0.0442867371,0.0885550470
0.0730000000,0.0442683097,0.0442867373,0.0885550470
0.0731666667,0.0442683095,0.0442867375,0.0885550470
0.0733333333,0.0442683094,0.0442867376,0.0885550470
0.0735000000,0.0442683093,0.0442867377,0.0885550470
0.0736666667,0.0442683093,0.0442867378,0.0885550470
0.0738333333,0.0442683092,0.0442867378,0.0885550470
0.0740000000,0.0442683092,0.0442867379,0.0885550470
0.0741666667,0.0442683092,0.0442867379,0.0885550470
0.0743333333,0.0442683091,0.0442867379,0.0885550470
0.0745000000,0.0442683091,0.0442867379,0.0885550470
0.0746666667,0.0442683091,0.0442867379,0.0885550470
0.0748333333,0.0442683091,0.0442867379,0.0885550470
0.0750000000,0.0442683092,0.0442867379,0.0885550470
0.0751666667,0.0442683092,0.0442867378,0.0885550470
0.0753333333,0.0442683092,0.0442867378,0.0885550470
0.0755000000,0.0442683093,0.0442867378,0.0885550470
0.0756666667,0.0442683094,0.0442867377,0.0885550470
0.0758333333,0.0442683095,0.0442867376,0.0885550470
0.0760000000,0.0442683096,0.0442867375,0.0885550470
0.0761666667,0.0442683098,0.0442867373,0.0885550470
0.0763333333,0.0442683100,0.0442867371,0.0885550470
0.0765000000,0.0442683103,0.0442867367,0.0885550470
0.0766666667,0.0442683107,0.0442867363,0.0885550470
0.0768333333,0.0442683112,0.0442867358,0.0885550470
0.0770000000,0.0442683119,0.0442867351,0.0885550470
0.0771666667,0.0442683129,0.0442867342,0.0885550471
0.0773333333,0.0442683141,0.0442867330,0.0885550471
0.0775000000,0.0442683157,0.0442867314,0.0885550471
0.0776666667,0.0442683177,0.0442867293,0.0885550471
0.0778333333,0.0442683204,0.0442867267,0.0885550471
0.0780000000,0.0442683239,0.0442867232,0.0885550471
0.0781666667,0.0442683284,0.0442867187,0.0885550471
0.0783333333,0.0442683342,0.0442867129,0.0885550471
0.0785000000,0.0442683417,0.0442867055,0.0885550472
0.0786666667,0.0442683513,0.0442866959,0.0885550472
0.0788333333,0.0442683637,0.0442866836,0.0885550472
0.0790000000,0.0442683794,0.0442866679,0.0885550473
0.0791666667,0.0442683996,0.0442866478,0.0885550474
0.0793333333,0.0442684252,0.0442866223,0.0885550475
0.0795000000,0.0442684578,0.0442865898,0.0885550476
0.0796666667,0.0442684990,0.0442865487,0.0885550477
0.0798333333,0.0442685511,0.0442864968,0.0885550479
0.0800000000,0.0442686168,0.0442864313,0.0885550481
0.0801666667,0.0442686995,0.0442863489,0.0885550483
0.0803333333,0.0442688032,0.0442862455,0.0885550487
0.0805000000,0.0442689330,0.0442861161,0.0885550490
0.0806666667,0.0442690951,0.0442859544,0.0885550495
0.0808333333,0.0442692970,0.0442857531,0.0885550501
0.0810000000,0.0442695480,0.0442855028,0.0885550508
0.0811666667,0.0442698591,0.0442851925,0.0885550516
0.0813333333,0.0442702438,0.0442848088,0.0885550526
0.0815000000,0.0442707185,0.0442843354,0.0885550538
0.0816666667,0.0442713026,0.0442837527,0.0885550553
0.0818333333,0.0442720197,0.0442830374,0.0885550571
0.0820000000,0.0442728977,0.0442821614,0.0885550591
0.0821666667,0.0442739704,0.0442810913,0.0885550616
0.0823333333,0.0442752774,0.0442797872,0.0885550646
0.0825000000,0.0442768660,0.0442782021,0.0885550681
0.0826666667,0.0442787921,0.0442762801,0.0885550722
0.0828333333,0.0442811214,0.0442739555,0.0885550770
0.0830000000,0.0442839314,0.0442711512,0.0885550826
0.0831666667,0.0442873126,0.0442677766,0.0885550892
0.0833333333,0.0442913707,0.0442637262,0.0885550969
0.0835000000,0.0442962289,0.0442588769,0.0885551058
0.0836666667,0.0443020298,0.0442530863,0.0885551161
0.0838333333,0.0443089387,0.0442461892,0.0885551280
0.0840000000,0.0443171458,0.0442379958,0.0885551416
0.0841666667,0.0443268695,0.0442282877,0.0885551572
0.0843333333,0.0443383601,0.0442168149,0.0885551750
0.0845000000,0.0443519026,0.0442032926,0.0885551952
0.0846666667,0.0443678213,0.0441873968,0.0885552181
0.0848333333,0.0443864831,0.0441687609,0.0885552440
0.0850000000,0.0444083020,0.0441469710,0.0885552730
0.0851666667,0.0444337431,0.0441215624,0.0885553055
0.0853333333,0.0444633269,0.0440920148,0.0885553417
0.0855000000,0.0444976337,0.0440577482,0.0885553819
0.0856666667,0.0445373076,0.0440181188,0.0885554264
0.0858333333,0.0445830603,0.0439724151,0.0885554753
0.0860000000,0.0446356748,0.0439198541,0.0885555289
0.0861666667,0.0446960089,0.0438595784,0.0885555873
0.0863333333,0.0447649970,0.0437906536,0.0885556506
0.0865000000,0.0448436524,0.0437120665,0.0885557189
0.0866666667,0.0449330679,0.0436227243,0.0885557922
0.0868333333,0.0450344152,0.0435214550,0.0885558703
0.0870000000,0.0451489435,0.0434070095,0.0885559530
0.0871666667,0.0452779756,0.0432780644,0.0885560400
0.0873333333,0.0454229029,0.0431332280,0.0885561309
0.0875000000,0.0455851782,0.0429710468,0.0885562250
0.0876666667,0.0457663054,0.0427900161,0.0885563215
0.0878333333,0.0459678279,0.0425885917,0.0885564196
0.0880000000,0.0461913130,0.0423652051,0.0885565182
0.0881666667,0.0464383341,0.0421182816,0.0885566157
0.0883333333,0.0467104494,0.0418462614,0.0885567109
0.0885000000,0.0470091774,0.0415476244,0.0885568018
0.0886666667,0.0473359690,0.0412209176,0.0885568865
0.0888333333,0.0476921761,0.0408647869,0.0885569630
0.0890000000,0.0480790172,0.0404780115,0.0885570288
0.0891666667,0.0484975393,0.0400595419,0.0885570813
0.0893333333,0.0489485769,0.0396085409,0.0885571178
0.0895000000,0.0494327083,0.0391244271,0.0885571354
0.0896666667,0.0499502099,0.0386069213,0.0885571312
0.0898333333,0.0505010078,0.0380560942,0.0885571020
0.0900000000,0.0510846291,0.0374724157,0.0885570448
0.0901666667,0.0517001524,0.0368568041,0.0885569565
0.0903333333,0.0523461584,0.0362106756,0.0885568340
0.0905000000,0.0530206824,0.0355359922,0.0885566746
0.0906666667,0.0537211689,0.0348353068,0.0885564757
0.0908333333,0.0544444298,0.0341118050,0.0885562348
0.0910000000,0.0551866079,0.0333693423,0.0885559502
0.0911666667,0.0559431458,0.0326124744,0.0885556203
0.0913333333,0.0567087632,0.0318464810,0.0885552442
0.0915000000,0.0574774424,0.0310773793,0.0885548217
0.0916666667,0.0582424242,0.0303119291,0.0885543532
0.0918333333,0.0589962156,0.0295576245,0.0885538400
0.0920000000,0.0597306100,0.0288226743,0.0885532843
0.0921666667,0.0604367210,0.0281159679,0.0885526890
0.0923333333,0.0611050315,0.0274470266,0.0885520581
0.0925000000,0.0617254576,0.0268259390,0.0885513967
0.0926666667,0.0622874288,0.0262632820,0.0885507107
0.0928333333,0.0627799841,0.0257700232,0.0885500073
0.0930000000,0.0631918844,0.0253574099,0.0885492943
0.0931666667,0.0635117402,0.0250368406,0.0885485807
0.0933333333,0.0637281535,0.0248197228,0.0885478763
0.0935000000,0.0638298746,0.0247173169,0.0885471915
0.0936666667,0.0638059692,0.0247405683,0.0885465375
0.0938333333,0.0636459961,0.0248999298,0.0885459259
0.0940000000,0.0633401927,0.0252051757,0.0885453685
0.0941666667,0.0628796651,0.0256652123,0.0885448774
0.0943333333,0.0622565792,0.0262878853,0.0885444644
0.0945000000,0.0614643512,0.0270797901,0.0885441413
0.0946666667,0.0604978325,0.0280460863,0.0885439189
0.0948333333,0.0593534854,0.0291903221,0.0885438075
0.0950000000,0.0580295458,0.0305142705,0.0885438163
0.0951666667,0.0565261700,0.0320177831,0.0885439531
0.0953333333,0.0548455602,0.0336986642,0.0885442244
0.0955000000,0.0529920657,0.0355525690,0.0885446347
0.0956666667,0.0509722573,0.0375729295,0.0885451868
0.0958333333,0.0487949702,0.0397509112,0.0885458814
0.0960000000,0.0464713140,0.0420754028,0.0885467168
0.0961666667,0.0440146473,0.0445330418,0.0885476891
0.0963333333,0.0414405152,0.0471082769,0.0885487922
0.0965000000,0.0387665494,0.0497834679,0.0885500173
0.0966666667,0.0360123299,0.0525390236,0.0885513535
0.0968333333,0.0331992102,0.0553535775,0.0885527877
0.0970000000,0.0303501060,0.0582041985,0.0885543044
0.0971666667,0.0274892507,0.0610666358,0.0885558865
0.0973333333,0.0246419206,0.0639155945,0.0885575151
0.0975000000,0.0218341325,0.0667250374,0.0885591699
0.0976666667,0.0190923195,0.0694685099,0.0885608294
0.0978333333,0.0164429891,0.0721194823,0.0885624715
0.0980000000,0.0139123697,0.0746517039,0.0885640736
0.0981666667,0.0115260508,0.0770395626,0.0885656133
0.0983333333,0.0093086237,0.0792584449,0.0885670686
0.0985000000,0.0072833295,0.0812850885,0.0885684180
0.0986666667,0.0054717195,0.0830979222,0.0885696417
0.0988333333,0.0038933357,0.0846773855,0.0885707212
0.0990000000,0.0025654168,0.0860062232,0.0885716400
0.0991666667,0.0015026355,0.0870697485,0.0885723840
0.0993333333,0.0007168721,0.0878560694,0.0885729415
0.0995000000,0.0002170294,0.0883562744,0.0885733037
0.0996666667,0.0000088913,0.0885645735,0.0885734648
0.0998333333,0.0000950303,0.0884783918,0.0885734221
0.1000000000,0.0004747627,0.0880984131,0.0885731758
0.1001666667,0.0011441558,0.0874285738,0.0885727296
0.1003333333,0.0020960839,0.0864760062,0.0885720902
0.1005000000,0.0033203348,0.0852509322,0.0885712670
0.1006666667,0.0048037626,0.0837665100,0.0885702725
0.1008333333,0.0065304854,0.0820386363,0.0885691216
0.1010000000,0.0084821231,0.0800857084,0.0885678315
0.1011666667,0.0106380715,0.0779283496,0.0885664211
0.1013333333,0.0129758065,0.0755891047,0.0885649113
0.1015000000,0.0154712135,0.0730921101,0.0885633236
0.1016666667,0.0180989355,0.0704627453,0.0885616808
0.1018333333,0.0208327334,0.0677272723,0.0885600057
0.1020000000,0.0236458517,0.0649124696,0.0885583213
0.1021666667,0.0265113835,0.0620452663,0.0885566498
0.1023333333,0.0294026286,0.0591523843,0.0885550129
0.1025000000,0.0322934374,0.0562599936,0.0885534310
0.1026666667,0.0351585366,0.0533933862,0.0885519228
0.1028333333,0.0379738306,0.0505766751,0.0885505056
0.1030000000,0.0407166742,0.0478325202,0.0885491944
0.1031666667,0.0433661136,0.0451818884,0.0885480020
0.1033333333,0.0459030913,0.0426438477,0.0885469389
0.1035000000,0.0483106144,0.0402353989,0.0885460133
0.1036666667,0.0505738839,0.0379713468,0.0885452307
0.1038333333,0.0526803846,0.0358642097,0.0885445943
0.1040000000,0.0546199359,0.0339241690,0.0885441050
0.1041666667,0.0563847052,0.0321590560,0.0885437611
0.1043333333,0.0579691839,0.0305743753,0.0885435592
0.1045000000,0.0593701306,0.0291733631,0.0885434937
0.1046666667,0.0605864825,0.0279570748,0.0885435573
0.1048333333,0.0616192388,0.0269245023,0.0885437411
0.1050000000,0.0624713204,0.0260727147,0.0885440351
0.1051666667,0.0631474095,0.0253970187,0.0885444282
0.1053333333,0.0636537720,0.0248911366,0.0885449086
0.1055000000,0.0639980688,0.0245473950,0.0885454638
0.1056666667,0.0641891589,0.0243569224,0.0885460814
0.1058333333,0.0642368981,0.0243098506,0.0885467486
0.1060000000,0.0641519372,0.0243955160,0.0885474531
0.1061666667,0.0639455244,0.0246026585,0.0885481829
0.1063333333,0.0636293131,0.0249196134,0.0885489265
0.1065000000,0.0632151787,0.0253344944,0.0885496731
0.1066666667,0.0627150482,0.0258353648,0.0885504130
0.1068333333,0.0621407416,0.0264103956,0.0885511372
0.1070000000,0.0615038298,0.0270480079,0.0885518377
0.1071666667,0.0608155083,0.0277369996,0.0885525079
0.1073333333,0.0600864873,0.0284666545,0.0885531418
0.1075000000,0.0593269000,0.0292268348,0.0885537348
0.1076666667,0.0585462276,0.0300080557,0.0885542833
0.1078333333,0.0577532413,0.0308015435,0.0885547847
0.1080000000,0.0569559605,0.0315992769,0.0885552374
0.1081666667,0.0561616269,0.0323940138,0.0885556406
0.1083333333,0.0553766920,0.0331793024,0.0885559944
0.1085000000,0.0546068185,0.0339494811,0.0885562997
0.1086666667,0.0538568926,0.0346996651,0.0885565577
0.1088333333,0.0531310467,0.0354257238,0.0885567705
0.1090000000,0.0524326914,0.0361242492,0.0885569406
0.1091666667,0.0517645535,0.0367925172,0.0885570707
0.1093333333,0.0511287209,0.0374284430,0.0885571639
0.1095000000,0.0505266909,0.0380305325,0.0885572234
0.1096666667,0.0499594220,0.0385978306,0.0885572525
0.1098333333,0.0494273874,0.0391298673,0.0885572547
0.1100000000,0.0489306290,0.0396266044,0.0885572333
0.1101666667,0.0484688109,0.0400883807,0.0885571916
0.1103333333,0.0480412723,0.0405158605,0.0885571328
0.1105000000,0.0476470775,0.0409099823,0.0885570598
0.1106666667,0.0472850646,0.0412719109,0.0885569755
0.1108333333,0.0469538897,0.0416029927,0.0885568825
0.1110000000,0.0466520692,0.0419047139,0.0885567831
0.1111666667,0.0463780173,0.0421786623,0.0885566795
0.1113333333,0.0461300803,0.0424264933,0.0885565736
0.1115000000,0.0459065676,0.0426498995,0.0885564671
0.1116666667,0.0457057774,0.0428505840,0.0885563614
0.1118333333,0.0455260203,0.0430302373,0.0885562576
0.1120000000,0.0453656386,0.0431905183,0.0885561569
0.1121666667,0.0452230222,0.0433330378,0.0885560600
0.1123333333,0.0450966218,0.0434593457,0.0885559675
0.1125000000,0.0449849586,0.0435709213,0.0885558799
0.1126666667,0.0448866323,0.0436691653,0.0885557976
0.1128333333,0.0448003261,0.0437553946,0.0885557207
0.1130000000,0.0447248095,0.0438308398,0.0885556493
0.1131666667,0.0446589403,0.0438966431,0.0885555834
0.1133333333,0.0446016640,0.0439538589,0.0885555229
0.1135000000,0.0445520126,0.0440034551,0.0885554677
0.1136666667,0.0445091023,0.0440463152,0.0885554176
0.1138333333,0.0444721300,0.0440832422,0.0885553722
0.1140000000,0.0444403697,0.0441149617,0.0885553314
0.1141666667,0.0444131681,0.0441421268,0.0885552949
0.1143333333,0.0443899399,0.0441653224,0.0885552623
0.1145000000,0.0443701631,0.0441850702,0.0885552334
0.1146666667,0.0443533744,0.0442018334,0.0885552078
0.1148333333,0.0443391637,0.0442160216,0.0885551853
0.1150000000,0.0443271701,0.0442279954,0.0885551655
0.1151666667,0.0443170769,0.0442380713,0.0885551482
0.1153333333,0.0443086074,0.0442465258,0.0885551332
0.1155000000,0.0443015207,0.0442535994,0.0885551202
0.1156666667,0.0442956080,0.0442595009,0.0885551089
0.1158333333,0.0442906888,0.0442644105,0.0885550992
0.1160000000,0.0442866076,0.0442684833,0.0885550909
0.1161666667,0.0442832314,0.0442718525,0.0885550838
0.1163333333,0.0442804461,0.0442746317,0.0885550778
0.1165000000,0.0442781548,0.0442769179,0.0885550727
0.1166666667,0.0442762751,0.0442787932,0.0885550683
0.1168333333,0.0442747374,0.0442803273,0.0885550647
0.1170000000,0.0442734829,0.0442815786,0.0885550616
0.1171666667,0.0442724624,0.0442825966,0.0885550590
0.1173333333,0.0442716344,0.0442834224,0.0885550569
0.1175000000,0.0442709646,0.0442840905,0.0885550551
0.1176666667,0.0442704241,0.0442846295,0.0885550536
0.1178333333,0.0442699893,0.0442850631,0.0885550524
0.1180000000,0.0442696403,0.0442854110,0.0885550514
0.1181666667,0.0442693611,0.0442856894,0.0885550505
0.1183333333,0.0442691383,0.0442859116,0.0885550499
0.1185000000,0.0442689610,0.0442860883,0.0885550493
0.1186666667,0.0442688202,0.0442862286,0.0885550489
0.1188333333,0.0442687088,0.0442863397,0.0885550485
0.1190000000,0.0442686209,0.0442864273,0.0885550482
0.1191666667,0.0442685517,0.0442864963,0.0885550480
0.1193333333,0.0442684973,0.0442865504,0.0885550478
0.1195000000,0.0442684548,0.0442865928,0.0885550476
0.1196666667,0.0442684215,0.0442866260,0.0885550475
0.1198333333,0.0442683957,0.0442866517,0.0885550474
0.1200000000,0.0442683756,0.0442866718,0.0885550473
0.1201666667,0.0442683600,0.0442866873,0.0885550473
0.1203333333,0.0442683480,0.0442866992,0.0885550472
0.1205000000,0.0442683387,0.0442867085,0.0885550472
0.1206666667,0.0442683316,0.0442867155,0.0885550471
0.1208333333,0.0442683261,0.0442867210,0.0885550471
0.1210000000,0.0442683220,0.0442867251,0.0885550471
0.1211666667,0.0442683188,0.0442867283,0.0885550471
0.1213333333,0.0442683164,0.0442867307,0.0885550471
0.1215000000,0.0442683146,0.0442867325,0.0885550471
0.1216666667,0.0442683132,0.0442867339,0.0885550471
0.1218333333,0.0442683121,0.0442867349,0.0885550471
0.1220000000,0.0442683113,0.0442867357,0.0885550470
0.1221666667,0.0442683108,0.0442867363,0.0885550470
0.1223333333,0.0442683103,0.0442867367,0.0885550470
0.1225000000,0.0442683100,0.0442867371,0.0885550470
0.1226666667,0.0442683097,0.0442867373,0.0885550470
0.1228333333,0.0442683096,0.0442867375,0.0885550470
0.1230000000,0.0442683094,0.0442867376,0.0885550470
0.1231666667,0.0442683093,0.0442867377,0.0885550470
0.1233333333,0.0442683093,0.0442867378,0.0885550470
0.1235000000,0.0442683092,0.0442867378,0.0885550470
0.1236666667,0.0442683092,0.0442867379,0.0885550470
0.1238333333,0.0442683092,0.0442867379,0.0885550470
0.1240000000,0.0442683091,0.0442867379,0.0885550470
0.1241666667,0.0442683091,0.0442867379,0.0885550470
0.1243333333,0.0442683091,0.0442867379,0.0885550470
0.1245000000,0.0442683091,0.0442867379,0.0885550470
0.1246666667,0.0442683092,0.0442867379,0.0885550470
0.1248333333,0.0442683092,0.0442867379,0.0885550470
0.1250000000,0.0442683092,0.0442867378,0.0885550470
0.1251666667,0.0442683093,0.0442867378,0.0885550470
0.1253333333,0.0442683093,0.0442867377,0.0885550470
0.1255000000,0.0442683094,0.0442867376,0.0885550470
0.1256666667,0.0442683095,0.0442867375,0.0885550470
0.1258333333,0.0442683097,0.0442867373,0.0885550470
0.1260000000,0.0442683099,0.0442867371,0.0885550470
0.1261666667,0.0442683102,0.0442867368,0.0885550470
0.1263333333,0.0442683106,0.0442867365,0.0885550470
0.1265000000,0.0442683110,0.0442867360,0.0885550470
0.1266666667,0.0442683117,0.0442867354,0.0885550470
0.1268333333,0.0442683125,0.0442867345,0.0885550471
0.1270000000,0.0442683136,0.0442867335,0.0885550471
0.1271666667,0.0442683150,0.0442867320,0.0885550471
0.1273333333,0.0442683169,0.0442867302,0.0885550471
0.1275000000,0.0442683193,0.0442867278,0.0885550471
0.1276666667,0.0442683224,0.0442867247,0.0885550471
0.1278333333,0.0442683264,0.0442867207,0.0885550471
0.1280000000,0.0442683315,0.0442867156,0.0885550471
0.1281666667,0.0442683382,0.0442867090,0.0885550472
0.1283333333,0.0442683467,0.0442867005,0.0885550472
0.1285000000,0.0442683576,0.0442866896,0.0885550472
0.1286666667,0.0442683715,0.0442866757,0.0885550473
0.1288333333,0.0442683893,0.0442866580,0.0885550473
0.1290000000,0.0442684119,0.0442866356,0.0885550474
0.1291666667,0.0442684405,0.0442866070,0.0885550475
0.1293333333,0.0442684767,0.0442865709,0.0885550476
0.1295000000,0.0442685224,0.0442865254,0.0885550478
0.1296666667,0.0442685800,0.0442864680,0.0885550480
0.1298333333,0.0442686524,0.0442863958,0.0885550482
0.1300000000,0.0442687431,0.0442863054,0.0885550485
0.1301666667,0.0442688565,0.0442861923,0.0885550488
0.1303333333,0.0442689981,0.0442860511,0.0885550492
0.1305000000,0.0442691744,0.0442858753,0.0885550497
0.1306666667,0.0442693932,0.0442856570,0.0885550503
0.1308333333,0.0442696644,0.0442853866,0.0885550510
0.1310000000,0.0442699997,0.0442850522,0.0885550519
0.1311666667,0.0442704130,0.0442846399,0.0885550530
0.1313333333,0.0442709216,0.0442841327,0.0885550542
0.1315000000,0.0442715456,0.0442835101,0.0885550557
0.1316666667,0.0442723097,0.0442827479,0.0885550576
0.1318333333,0.0442732428,0.0442818169,0.0885550597
0.1320000000,0.0442743798,0.0442806825,0.0885550623
0.1321666667,0.0442757617,0.0442793036,0.0885550653
0.1323333333,0.0442774371,0.0442776318,0.0885550689
0.1325000000,0.0442794636,0.0442756095,0.0885550731
0.1326666667,0.0442819086,0.0442731695,0.0885550780
0.1328333333,0.0442848512,0.0442702326,0.0885550838
0.1330000000,0.0442883839,0.0442667066,0.0885550905
0.1331666667,0.0442926146,0.0442624837,0.0885550983
0.1333333333,0.0442976685,0.0442574388,0.0885551074
0.1335000000,0.0443036905,0.0442514273,0.0885551178
0.1336666667,0.0443108480,0.0442442818,0.0885551298
0.1338333333,0.0443193334,0.0442358102,0.0885551436
0.1340000000,0.0443293674,0.0442257919,0.0885551593
0.1341666667,0.0443412021,0.0442139751,0.0885551772
0.1343333333,0.0443551245,0.0442000730,0.0885551975
0.1345000000,0.0443714604,0.0441837601,0.0885552205
0.1346666667,0.0443905780,0.0441646684,0.0885552464
0.1348333333,0.0444128918,0.0441423837,0.0885552755
0.1350000000,0.0444388672,0.0441164407,0.0885553079
0.1351666667,0.0444690241,0.0440863200,0.0885553441
0.1353333333,0.0445039412,0.0440514429,0.0885553841
0.1355000000,0.0445442602,0.0440111682,0.0885554284
0.1356666667,0.0445906892,0.0439647878,0.0885554770
0.1358333333,0.0446440063,0.0439115239,0.0885555301
0.1360000000,0.0447050626,0.0438505255,0.0885555880
0.1361666667,0.0447747845,0.0437808662,0.0885556507
0.1363333333,0.0448541755,0.0437015428,0.0885557183
0.1365000000,0.0449443164,0.0436114743,0.0885557907
0.1366666667,0.0450463652,0.0435095026,0.0885558678
0.1368333333,0.0451615548,0.0433943946,0.0885559494
0.1370000000,0.0452911899,0.0432648452,0.0885560351
0.1371666667,0.0454366415,0.0431194830,0.0885561246
0.1373333333,0.0455993396,0.0429568775,0.0885562171
0.1375000000,0.0457807634,0.0427755486,0.0885563120
0.1376666667,0.0459824295,0.0425739789,0.0885564083
0.1378333333,0.0462058768,0.0423506282,0.0885565050
0.1380000000,0.0464526488,0.0421039518,0.0885566006
0.1381666667,0.0467242728,0.0418324210,0.0885566938
0.1383333333,0.0470222358,0.0415345469,0.0885567827
0.1385000000,0.0473479574,0.0412089081,0.0885568655
0.1386666667,0.0477027587,0.0408541815,0.0885569402
0.1388333333,0.0480878289,0.0404691753,0.0885570042
0.1390000000,0.0485041878,0.0400528674,0.0885570552
0.1391666667,0.0489526463,0.0396044442,0.0885570905
0.1393333333,0.0494337629,0.0391233443,0.0885571072
0.1395000000,0.0499477997,0.0386093028,0.0885571025
0.1396666667,0.0504946745,0.0380623988,0.0885570733
0.1398333333,0.0510739137,0.0374831028,0.0885570165
0.1400000000,0.0516846035,0.0368723257,0.0885569292
0.1401666667,0.0523253417,0.0362314669,0.0885568085
0.1403333333,0.0529941908,0.0355624607,0.0885566515
0.1405000000,0.0536886340,0.0348678217,0.0885564557
0.1406666667,0.0544055338,0.0341506850,0.0885562188
0.1408333333,0.0551410955,0.0334148434,0.0885559388
0.1410000000,0.0558908371,0.0326647773,0.0885556144
0.1411666667,0.0566495664,0.0319056783,0.0885552446
0.1413333333,0.0574113657,0.0311434634,0.0885548291
0.1415000000,0.0581695879,0.0303847804,0.0885543683
0.1416666667,0.0589168628,0.0296370007,0.0885538634
0.1418333333,0.0596451158,0.0289082006,0.0885533164
0.1420000000,0.0603456006,0.0282071296,0.0885527302
0.1421666667,0.0610089458,0.0275431629,0.0885521087
0.1423333333,0.0616252164,0.0269262402,0.0885514567
0.1425000000,0.0621839918,0.0263667881,0.0885507800
0.1426666667,0.0626744583,0.0258756271,0.0885500854
0.1428333333,0.0630855186,0.0254638622,0.0885493808
0.1430000000,0.0634059154,0.0251427593,0.0885486747
0.1431666667,0.0636243710,0.0249236058,0.0885479768
0.1433333333,0.0637297388,0.0248175584,0.0885472972
0.1435000000,0.0637111680,0.0248354790,0.0885466470
0.1436666667,0.0635582775,0.0249877599,0.0885460374
0.1438333333,0.0632613380,0.0252841423,0.0885454803
0.1440000000,0.0628114588,0.0257335286,0.0885449874
0.1441666667,0.0622007773,0.0263437932,0.0885445705
0.1443333333,0.0614226470,0.0271215942,0.0885442412
0.1445000000,0.0604718209,0.0280721895,0.0885440104
0.1446666667,0.0593446266,0.0291992618,0.0885438884
0.1448333333,0.0580391296,0.0305047546,0.0885438843
0.1450000000,0.0565552807,0.0319887255,0.0885440062
0.1451666667,0.0548950427,0.0336492178,0.0885442605
0.1453333333,0.0530624958,0.0354821565,0.0885446523
0.1455000000,0.0510639138,0.0374812706,0.0885451844
0.1456666667,0.0489078127,0.0396380451,0.0885458579
0.1458333333,0.0466049652,0.0419417062,0.0885466714
0.1460000000,0.0441683812,0.0443792404,0.0885476216
0.1461666667,0.0416132520,0.0469354506,0.0885487026
0.1463333333,0.0389568569,0.0495930493,0.0885499062
0.1465000000,0.0362184327,0.0523327892,0.0885512219
0.1466666667,0.0334190055,0.0551336316,0.0885526370
0.1468333333,0.0305811873,0.0579729494,0.0885541367
0.1470000000,0.0277289386,0.0608267654,0.0885557040
0.1471666667,0.0248873000,0.0636700205,0.0885573206
0.1473333333,0.0220820964,0.0664768699,0.0885589663
0.1475000000,0.0193396179,0.0692210024,0.0885606202
0.1476666667,0.0166862826,0.0718759777,0.0885622603
0.1478333333,0.0141482864,0.0744155777,0.0885638641
0.1480000000,0.0117512459,0.0768141634,0.0885654093
0.1481666667,0.0095198399,0.0790470339,0.0885668737
0.1483333333,0.0074774568,0.0810907793,0.0885682361
0.1485000000,0.0056458540,0.0829236222,0.0885694762
0.1486666667,0.0040448351,0.0845257402,0.0885705752
0.1488333333,0.0026919518,0.0858795648,0.0885715165
0.1490000000,0.0016022355,0.0869700499,0.0885722855
0.1491666667,0.0007879648,0.0877849051,0.0885728699
0.1493333333,0.0002584722,0.0883147884,0.0885732606
0.1495000000,0.0000199952,0.0885534558,0.0885734510
0.1496666667,0.0000755743,0.0884978636,0.0885734379
0.1498333333,0.0004249993,0.0881482218,0.0885732210
0.1500000000,0.0010648068,0.0875079967,0.0885728034
0.1501666667,0.0019883271,0.0865838640,0.0885721911
0.1503333333,0.0031857817,0.0853856115,0.0885713932
0.1505000000,0.0046444271,0.0839259944,0.0885704215
0.1506666667,0.0063487455,0.0822205451,0.0885692906
0.1508333333,0.0082806751,0.0802873421,0.0885680171
0.1510000000,0.0104198783,0.0781467417,0.0885666200
0.1511666667,0.0127440420,0.0758210776,0.0885651196
0.1513333333,0.0152292029,0.0733343347,0.0885635376
0.1515000000,0.0178500942,0.0707118023,0.0885618965
0.1516666667,0.0205805049,0.0679797145,0.0885602194
0.1518333333,0.0233936466,0.0651648825,0.0885585291
0.1520000000,0.0262625206,0.0622943277,0.0885568484
0.1521666667,0.0291602791,0.0593949199,0.0885551990
0.1523333333,0.0320605738,0.0564930280,0.0885536018
0.1525000000,0.0349378869,0.0536141890,0.0885520759
0.1526666667,0.0377678390,0.0507827998,0.0885506388
0.1528333333,0.0405274689,0.0480218374,0.0885493062
0.1530000000,0.0431954811,0.0453526102,0.0885480913
0.1531666667,0.0457524598,0.0427945454,0.0885470052
0.1533333333,0.0481810438,0.0403650126,0.0885460564
0.1535000000,0.0504660638,0.0380791871,0.0885452509
0.1536666667,0.0525946398,0.0359499526,0.0885445924
0.1538333333,0.0545562387,0.0339878434,0.0885440822
0.1540000000,0.0563426937,0.0322010252,0.0885437189
0.1541666667,0.0579481864,0.0305953131,0.0885434994
0.1543333333,0.0593691943,0.0291742241,0.0885434184
0.1545000000,0.0606044061,0.0279390625,0.0885434686
0.1546666667,0.0616546085,0.0268890330,0.0885436415
0.1548333333,0.0625225473,0.0260213796,0.0885439270
0.1550000000,0.0632127684,0.0253315456,0.0885443140
0.1551666667,0.0637314400,0.0248133506,0.0885447907
0.1553333333,0.0640861640,0.0244591805,0.0885453445
0.1555000000,0.0642857766,0.0242601862,0.0885459628
0.1556666667,0.0643401454,0.0242064874,0.0885466328
0.1558333333,0.0642599650,0.0242873769,0.0885473419
0.1560000000,0.0640565557,0.0244915220,0.0885480777
0.1561666667,0.0637416680,0.0248071607,0.0885488287
0.1563333333,0.0633272956,0.0252222883,0.0885495839
0.1565000000,0.0628255004,0.0257248326,0.0885503330
0.1566666667,0.0622482511,0.0263028160,0.0885510671
0.1568333333,0.0616072758,0.0269445021,0.0885517778
0.1570000000,0.0609139323,0.0276385259,0.0885524582
0.1571666667,0.0601790953,0.0283740070,0.0885531023
0.1573333333,0.0594130603,0.0291406449,0.0885537052
0.1575000000,0.0586254663,0.0299287969,0.0885542632
0.1576666667,0.0578252349,0.0307295385,0.0885547734
0.1578333333,0.0570205268,0.0315347074,0.0885552342
0.1580000000,0.0562187135,0.0323369313,0.0885556448
0.1581666667,0.0554263638,0.0331296414,0.0885560051
0.1583333333,0.0546492441,0.0339070718,0.0885563159
0.1585000000,0.0538923304,0.0346642483,0.0885565787
0.1586666667,0.0531598307,0.0353969647,0.0885567954
0.1588333333,0.0524552168,0.0361017516,0.0885569684
0.1590000000,0.0517812634,0.0367758373,0.0885571007
0.1591666667,0.0511400927,0.0374171025,0.0885571952
0.1593333333,0.0505332245,0.0380240309,0.0885572554
0.1595000000,0.0499616287,0.0385956560,0.0885572846
0.1596666667,0.0494257794,0.0391315070,0.0885572863
0.1598333333,0.0489257109,0.0396315531,0.0885572640
0.1600000000,0.0484610721,0.0400961488,0.0885572209
0.1601666667,0.0480311806,0.0405259798,0.0885571604
0.1603333333,0.0476350740,0.0409220115,0.0885570855
0.1605000000,0.0472715598,0.0412854393,0.0885569991
0.1606666667,0.0469392606,0.0416176432,0.0885569038
0.1608333333,0.0466366575,0.0419201447,0.0885568022
0.1610000000,0.0463621286,0.0421945677,0.0885566963
0.1611666667,0.0461139841,0.0424426042,0.0885565882
0.1613333333,0.0458904974,0.0426659822,0.0885564795
0.1615000000,0.0456899325,0.0428664392,0.0885563717
0.1616666667,0.0455105673,0.0430456988,0.0885562661
0.1618333333,0.0453507133,0.0432054503,0.0885561636
0.1620000000,0.0452087321,0.0433473330,0.0885560651
0.1621666667,0.0450830484,0.0434729227,0.0885559711
0.1623333333,0.0449721604,0.0435837219,0.0885558823
0.1625000000,0.0448746471,0.0436811517,0.0885557988
0.1626666667,0.0447891737,0.0437665473,0.0885557210
0.1628333333,0.0447144943,0.0438411545,0.0885556488
0.1630000000,0.0446494537,0.0439061285,0.0885555822
0.1631666667,0.0445929867,0.0439625345,0.0885555212
0.1633333333,0.0445441167,0.0440113488,0.0885554655
0.1635000000,0.0445019532,0.0440534618,0.0885554151
0.1636666667,0.0444656882,0.0440896814,0.0885553695
0.1638333333,0.0444345920,0.0441207365,0.0885553286
0.1640000000,0.0444080094,0.0441472826,0.0885552920
0.1641666667,0.0443853540,0.0441699054,0.0885552594
0.1643333333,0.0443661038,0.0441891267,0.0885552305
0.1645000000,0.0443497961,0.0442054090,0.0885552050
0.1646666667,0.0443360222,0.0442191604,0.0885551826
0.1648333333,0.0443244230,0.0442307400,0.0885551630
0.1650000000,0.0443146841,0.0442404618,0.0885551459
0.1651666667,0.0443065312,0.0442485998,0.0885551310
0.1653333333,0.0442997260,0.0442553922,0.0885551182
0.1655000000,0.0442940623,0.0442610448,0.0885551071
0.1656666667,0.0442893624,0.0442657352,0.0885550976
0.1658333333,0.0442854735,0.0442696159,0.0885550894
0.1660000000,0.0442822652,0.0442728173,0.0885550825
0.1661666667,0.0442796258,0.0442754508,0.0885550766
0.1663333333,0.0442774608,0.0442776108,0.0885550716
0.1665000000,0.0442756900,0.0442793774,0.0885550674
0.1666666667,0.0442742457,0.0442808181,0.0885550638
0.1668333333,0.0442730712,0.0442819897,0.0885550609
0.1670000000,0.0442721187,0.0442829397,0.0885550584
0.1671666667,0.0442713485,0.0442837078,0.0885550563
0.1673333333,0.0442707275,0.0442843271,0.0885550546
0.1675000000,0.0442702282,0.0442848250,0.0885550532
0.1676666667,0.0442698279,0.0442852242,0.0885550520
0.1678333333,0.0442695078,0.0442855433,0.0885550511
0.1680000000,0.0442692526,0.0442857977,0.0885550503
0.1681666667,0.0442690498,0.0442859999,0.0885550496
0.1683333333,0.0442688890,0.0442861602,0.0885550491
0.1685000000,0.0442687618,0.0442862869,0.0885550487
0.1686666667,0.0442686616,0.0442863867,0.0885550484
0.1688333333,0.0442685829,0.0442864652,0.0885550481
0.1690000000,0.0442685211,0.0442865268,0.0885550479
0.1691666667,0.0442684729,0.0442865748,0.0885550477
0.1693333333,0.0442684352,0.0442866123,0.0885550476
0.1695000000,0.0442684060,0.0442866415,0.0885550474
0.1696666667,0.0442683833,0.0442866640,0.0885550474
0.1698333333,0.0442683658,0.0442866815,0.0885550473
0.1700000000,0.0442683523,0.0442866949,0.0885550472
0.1701666667,0.0442683419,0.0442867053,0.0885550472
0.1703333333,0.0442683340,0.0442867132,0.0885550472
0.1705000000,0.0442683279,0.0442867192,0.0885550471
0.1706666667,0.0442683233,0.0442867239,0.0885550471
0.1708333333,0.0442683197,0.0442867274,0.0885550471
0.1710000000,0.0442683171,0.0442867300,0.0885550471
0.1711666667,0.0442683150,0.0442867320,0.0885550471
0.1713333333,0.0442683135,0.0442867335,0.0885550471
0.1715000000,0.0442683124,0.0442867347,0.0885550471
0.1716666667,0.0442683115,0.0442867355,0.0885550470
0.1718333333,0.0442683109,0.0442867362,0.0885550470
0.1720000000,0.0442683104,0.0442867366,0.0885550470
0.1721666667,0.0442683101,0.0442867370,0.0885550470
0.1723333333,0.0442683098,0.0442867373,0.0885550470
0.1725000000,0.0442683096,0.0442867374,0.0885550470
0.1726666667,0.0442683095,0.0442867376,0.0885550470
0.1728333333,0.0442683093,0.0442867377,0.0885550470
0.1730000000,0.0442683093,0.0442867378,0.0885550470
0.1731666667,0.0442683092,0.0442867378,0.0885550470
0.1733333333,0.0442683092,0.0442867379,0.0885550470
0.1735000000,0.0442683092,0.0442867379,0.0885550470
0.1736666667,0.0442683091,0.0442867379,0.0885550470
0.1738333333,0.0442683091,0.0442867379,0.0885550470
0.1740000000,0.0442683091,0.0442867379,0.0885550470
0.1741666667,0.0442683091,0.0442867379,0.0885550470
0.1743333333,0.0442683092,0.0442867379,0.0885550470
0.1745000000,0.0442683092,0.0442867379,0.0885550470
0.1746666667,0.0442683092,0.0442867378,0.0885550470
0.1748333333,0.0442683093,0.0442867378,0.0885550470
0.1750000000,0.0442683093,0.0442867377,0.0885550470
0.1751666667,0.0442683094,0.0442867376,0.0885550470
0.1753333333,0.0442683095,0.0442867375,0.0885550470
0.1755000000,0.0442683096,0.0442867374,0.0885550470
0.1756666667,0.0442683098,0.0442867372,0.0885550470
0.1758333333,0.0442683101,0.0442867369,0.0885550470
0.1760000000,0.0442683104,0.0442867366,0.0885550470
0.1761666667,0.0442683109,0.0442867362,0.0885550470
0.1763333333,0.0442683114,0.0442867356,0.0885550470
0.1765000000,0.0442683122,0.0442867349,0.0885550471
0.1766666667,0.0442683132,0.0442867339,0.0885550471
0.1768333333,0.0442683144,0.0442867326,0.0885550471
0.1770000000,0.0442683161,0.0442867310,0.0885550471
0.1771666667,0.0442683182,0.0442867288,0.0885550471
0.1773333333,0.0442683210,0.0442867261,0.0885550471
0.1775000000,0.0442683246,0.0442867225,0.0885550471
0.1776666667,0.0442683291,0.0442867180,0.0885550471
0.1778333333,0.0442683350,0.0442867121,0.0885550471
0.1780000000,0.0442683426,0.0442867046,0.0885550472
0.1781666667,0.0442683522,0.0442866950,0.0885550472
0.1783333333,0.0442683645,0.0442866827,0.0885550472
0.1785000000,0.0442683801,0.0442866672,0.0885550473
0.1786666667,0.0442684000,0.0442866474,0.0885550474
0.1788333333,0.0442684252,0.0442866223,0.0885550474
0.1790000000,0.0442684570,0.0442865906,0.0885550476
0.1791666667,0.0442684971,0.0442865506,0.0885550477
0.1793333333,0.0442685475,0.0442865003,0.0885550478
0.1795000000,0.0442686109,0.0442864371,0.0885550480
0.1796666667,0.0442686903,0.0442863580,0.0885550483
0.1798333333,0.0442687894,0.0442862591,0.0885550486
0.1800000000,0.0442689131,0.0442861358,0.0885550489
0.1801666667,0.0442690670,0.0442859824,0.0885550493
0.1803333333,0.0442692579,0.0442857919,0.0885550499
0.1805000000,0.0442694944,0.0442855561,0.0885550505
0.1806666667,0.0442697866,0.0442852647,0.0885550513
0.1808333333,0.0442701467,0.0442849055,0.0885550522
0.1810000000,0.0442705895,0.0442844637,0.0885550533
0.1811666667,0.0442711329,0.0442839217,0.0885550546
0.1813333333,0.0442717979,0.0442832583,0.0885550562
0.1815000000,0.0442726100,0.0442824480,0.0885550581
0.1816666667,0.0442735994,0.0442814609,0.0885550603
0.1818333333,0.0442748018,0.0442802611,0.0885550629
0.1820000000,0.0442762598,0.0442788063,0.0885550661
0.1821666667,0.0442780233,0.0442770464,0.0885550697
0.1823333333,0.0442801513,0.0442749227,0.0885550740
0.1825000000,0.0442827130,0.0442723661,0.0885550791
0.1826666667,0.0442857893,0.0442692957,0.0885550850
0.1828333333,0.0442894745,0.0442656173,0.0885550918
0.1830000000,0.0442938785,0.0442612212,0.0885550998
0.1831666667,0.0442991285,0.0442559804,0.0885551089
0.1833333333,0.0443053717,0.0442497478,0.0885551195
0.1835000000,0.0443127774,0.0442423542,0.0885551316
0.1836666667,0.0443215403,0.0442336052,0.0885551455
0.1838333333,0.0443318831,0.0442232783,0.0885551614
0.1840000000,0.0443440597,0.0442111197,0.0885551794
0.1841666667,0.0443583591,0.0441968407,0.0885551998
0.1843333333,0.0443751083,0.0441801145,0.0885552229
0.1845000000,0.0443946767,0.0441605721,0.0885552488
0.1846666667,0.0444174794,0.0441377985,0.0885552778
0.1848333333,0.0444439817,0.0441113285,0.0885553103
0.1850000000,0.0444747030,0.0440806433,0.0885553463
0.1851666667,0.0445102204,0.0440451658,0.0885553862
0.1853333333,0.0445511731,0.0440042572,0.0885554302
0.1855000000,0.0445982653,0.0439572132,0.0885554785
0.1856666667,0.0446522705,0.0439032609,0.0885555313
0.1858333333,0.0447140331,0.0438415556,0.0885555887
0.1860000000,0.0447844717,0.0437711791,0.0885556508
0.1861666667,0.0448645798,0.0436911378,0.0885557176
0.1863333333,0.0449554268,0.0436003624,0.0885557892
0.1865000000,0.0450581568,0.0434977085,0.0885558653
0.1866666667,0.0451739873,0.0433819585,0.0885559457
0.1868333333,0.0453042050,0.0432518253,0.0885560302
0.1870000000,0.0454501609,0.0431059574,0.0885561183
0.1871666667,0.0456132629,0.0429429465,0.0885562093
0.1873333333,0.0457949661,0.0427613365,0.0885563026
0.1875000000,0.0459967611,0.0425596361,0.0885563972
0.1876666667,0.0462201590,0.0423363330,0.0885564920
0.1878333333,0.0464666743,0.0420899115,0.0885565858
0.1880000000,0.0467378043,0.0418188727,0.0885566770
0.1881666667,0.0470350053,0.0415217587,0.0885567640
0.1883333333,0.0473596663,0.0411971787,0.0885568450
0.1885000000,0.0477130785,0.0408438393,0.0885569178
0.1886666667,0.0480964026,0.0404605776,0.0885569802
0.1888333333,0.0485106321,0.0400463977,0.0885570298
0.1890000000,0.0489565543,0.0396005095,0.0885570638
0.1891666667,0.0494347089,0.0391223707,0.0885570797
0.1893333333,0.0499453434,0.0386117310,0.0885570744
0.1895000000,0.0504883677,0.0380686775,0.0885570451
0.1896666667,0.0510633069,0.0374936819,0.0885569888
0.1898333333,0.0516692545,0.0368876481,0.0885569025
0.1900000000,0.0523048242,0.0362519592,0.0885567834
0.1901666667,0.0529681050,0.0355885237,0.0885566288
0.1903333333,0.0536566171,0.0348998189,0.0885564360
0.1905000000,0.0543672714,0.0341889315,0.0885562028
0.1906666667,0.0550963338,0.0334595936,0.0885559274
0.1908333333,0.0558393953,0.0327162130,0.0885556084
0.1910000000,0.0565913487,0.0319638960,0.0885552446
0.1911666667,0.0573463735,0.0312084624,0.0885548359
0.1913333333,0.0580979314,0.0304564512,0.0885543826
0.1915000000,0.0588387715,0.0297151142,0.0885538858
0.1916666667,0.0595609481,0.0289923992,0.0885533473
0.1918333333,0.0602558514,0.0282969187,0.0885527700
0.1920000000,0.0609142523,0.0276379053,0.0885521577
0.1921666667,0.0615263623,0.0270251525,0.0885515148
0.1923333333,0.0620819076,0.0264689396,0.0885508472
0.1925000000,0.0625702198,0.0259799417,0.0885501615
0.1926666667,0.0629803414,0.0255691236,0.0885494651
0.1928333333,0.0633011472,0.0252476193,0.0885487665
0.1930000000,0.0635214788,0.0250265963,0.0885480751
0.1931666667,0.0636302939,0.0249171070,0.0885474009
0.1933333333,0.0636168266,0.0249299280,0.0885467546
0.1935000000,0.0634707582,0.0250753891,0.0885461474
0.1936666667,0.0631823961,0.0253631946,0.0885455907
0.1938333333,0.0627428575,0.0258022388,0.0885450964
0.1940000000,0.0621442565,0.0264004195,0.0885446760
0.1941666667,0.0613798896,0.0271644514,0.0885443410
0.1943333333,0.0604444183,0.0280996839,0.0885441022
0.1945000000,0.0593340432,0.0292099268,0.0885439700
0.1946666667,0.0580466672,0.0304972864,0.0885439535
0.1948333333,0.0565820431,0.0319620179,0.0885440610
0.1950000000,0.0549419034,0.0336023956,0.0885442990
0.1951666667,0.0531300663,0.0354146064,0.0885446726
0.1953333333,0.0511525167,0.0373926685,0.0885451852
0.1955000000,0.0490174583,0.0395283796,0.0885458379
0.1956666667,0.0467353328,0.0418112971,0.0885466300
0.1958333333,0.0443188068,0.0442287514,0.0885475582
0.1960000000,0.0417827215,0.0467658958,0.0885486173
0.1961666667,0.0391440062,0.0494057932,0.0885497994
0.1963333333,0.0364215553,0.0521295393,0.0885510946
0.1965000000,0.0336360666,0.0549164239,0.0885524905
0.1966666667,0.0308098462,0.0577441266,0.0885539727
0.1968333333,0.0279665771,0.0605889478,0.0885555250
0.1970000000,0.0251310584,0.0634260705,0.0885571290
0.1971666667,0.0223289155,0.0662298497,0.0885587652
0.1973333333,0.0195862865,0.0689741263,0.0885604129
0.1975000000,0.0169294899,0.0716325602,0.0885620501
0.1976666667,0.0143846780,0.0741789769,0.0885636549
0.1978333333,0.0119774823,0.0765877225,0.0885652048
0.1980000000,0.0097326563,0.0788340214,0.0885666777
0.1981666667,0.0076737236,0.0808943286,0.0885680522
0.1983333333,0.0058226350,0.0827466728,0.0885693079
0.1985000000,0.0041994440,0.0843709819,0.0885704258
0.1986666667,0.0028220040,0.0857493850,0.0885713890
0.1988333333,0.0017056955,0.0868664869,0.0885721823
0.1990000000,0.0008631866,0.0877096067,0.0885727933
0.1991666667,0.0003042333,0.0882689788,0.0885732120
0.1993333333,0.0000355215,0.0885379101,0.0885734316
0.1995000000,0.0000605571,0.0885128910,0.0885734482
0.1996666667,0.0003796027,0.0881936582,0.0885732608
0.1998333333,0.0009896656,0.0875832065,0.0885728720
0.2000000000,0.0018845358,0.0866877514,0.0885722872
0.2001666667,0.0030548740,0.0855166410,0.0885715150
0.2003333333,0.0044883468,0.0840822198,0.0885705667
0.2005000000,0.0061698094,0.0823996469,0.0885694563
0.2006666667,0.0080815289,0.0804866714,0.0885682003
0.2008333333,0.0102034462,0.0783633710,0.0885668171
0.2010000000,0.0125134712,0.0760518558,0.0885653270
0.2011666667,0.0149878053,0.0735759462,0.0885637515
0.2013333333,0.0176012846,0.0709608284,0.0885621130
0.2015000000,0.0203277392,0.0682326954,0.0885604345
0.2016666667,0.0231403599,0.0654183793,0.0885587392
0.2018333333,0.0260120675,0.0625449824,0.0885570499
0.2020000000,0.0289158767,0.0596395119,0.0885553886
0.2021666667,0.0318252494,0.0567285271,0.0885537765
0.2023333333,0.0347144306,0.0538378026,0.0885522331
0.2025000000,0.0375587625,0.0509920140,0.0885507765
0.2026666667,0.0403349713,0.0482144513,0.0885494226
0.2028333333,0.0430214222,0.0455267631,0.0885481852
0.2030000000,0.0455983406,0.0429487354,0.0885470759
0.2031666667,0.0480479953,0.0404981084,0.0885461037
0.2033333333,0.0503548436,0.0381904315,0.0885452751
0.2035000000,0.0525056356,0.0360389585,0.0885445941
0.2036666667,0.0544894795,0.0340545829,0.0885440625
0.2038333333,0.0562978674,0.0322458119,0.0885436793
0.2040000000,0.0579246628,0.0306187789,0.0885434417
0.2041666667,0.0593660537,0.0291772908,0.0885433445
0.2043333333,0.0606204715,0.0279229094,0.0885433809
0.2045000000,0.0616884812,0.0268550610,0.0885435423
0.2046666667,0.0625726450,0.0259711737,0.0885438187
0.2048333333,0.0632773637,0.0252668355,0.0885441992
0.2050000000,0.0638087006,0.0247359711,0.0885446717
0.2051666667,0.0641741910,0.0243710328,0.0885452238
0.2053333333,0.0643826423,0.0241632002,0.0885458425
0.2055000000,0.0644439288,0.0241025862,0.0885465150
0.2056666667,0.0643687848,0.0241784436,0.0885472284
0.2058333333,0.0641685996,0.0243793707,0.0885479702
0.2060000000,0.0638552187,0.0246935099,0.0885487286
0.2061666667,0.0634407531,0.0251087391,0.0885494922
0.2063333333,0.0629374002,0.0256128506,0.0885502507
0.2065000000,0.0623572776,0.0261937172,0.0885509948
0.2066666667,0.0617122726,0.0268394432,0.0885517158
0.2068333333,0.0610139081,0.0275384986,0.0885524067
0.2070000000,0.0602732258,0.0282798354,0.0885530612
0.2071666667,0.0595006871,0.0290529871,0.0885536742
0.2073333333,0.0587060925,0.0298481493,0.0885542418
0.2075000000,0.0578985183,0.0306562429,0.0885547612
0.2076666667,0.0570862699,0.0314689604,0.0885552304
0.2078333333,0.0562768528,0.0322787957,0.0885556485
0.2080000000,0.0554769570,0.0330790585,0.0885560155
0.2081666667,0.0546924562,0.0338638760,0.0885563322
0.2083333333,0.0539284194,0.0346281805,0.0885565998
0.2085000000,0.0531891330,0.0353676875,0.0885568205
0.2086666667,0.0524781329,0.0360788638,0.0885569967
0.2088333333,0.0517982433,0.0367588878,0.0885571312
0.2090000000,0.0511516230,0.0374056042,0.0885572272
0.2091666667,0.0505398154,0.0380174727,0.0885572882
0.2093333333,0.0499638025,0.0385935150,0.0885573175
0.2095000000,0.0494240602,0.0391332585,0.0885573187
0.2096666667,0.0489206153,0.0396366801,0.0885572954
0.2098333333,0.0484531013,0.0401041496,0.0885572509
0.2100000000,0.0480208140,0.0405363747,0.0885571887
0.2101666667,0.0476227636,0.0409343482,0.0885571118
0.2103333333,0.0472577261,0.0412992971,0.0885570232
0.2105000000,0.0469242900,0.0416326357,0.0885569257
0.2106666667,0.0466209000,0.0419359217,0.0885568217
0.2108333333,0.0463458970,0.0422108166,0.0885567136
0.2110000000,0.0460975538,0.0424590494,0.0885566031
0.2111666667,0.0458741072,0.0426823850,0.0885564922
0.2113333333,0.0456737858,0.0428825965,0.0885563823
0.2115000000,0.0454948336,0.0430614411,0.0885562747
0.2116666667,0.0453355306,0.0432206397,0.0885561704
0.2118333333,0.0451942093,0.0433618609,0.0885560702
0.2120000000,0.0450692677,0.0434867071,0.0885559748
0.2121666667,0.0449591801,0.0435967045,0.0885558846
0.2123333333,0.0448625045,0.0436932955,0.0885558000
0.2125000000,0.0447778876,0.0437778335,0.0885557211
0.2126666667,0.0447040678,0.0438515803,0.0885556481
0.2128333333,0.0446398767,0.0439157041,0.0885555809
0.2130000000,0.0445842382,0.0439712811,0.0885555193
0.2131666667,0.0445361669,0.0440192964,0.0885554632
0.2133333333,0.0444947655,0.0440606470,0.0885554125
0.2135000000,0.0444592211,0.0440961456,0.0885553667
0.2136666667,0.0444288007,0.0441265249,0.0885553256
0.2138333333,0.0444028469,0.0441524421,0.0885552890
0.2140000000,0.0443807724,0.0441744840,0.0885552564
0.2141666667,0.0443620553,0.0441931723,0.0885552276
0.2143333333,0.0443462337,0.0442089685,0.0885552022
0.2145000000,0.0443329006,0.0442222793,0.0885551799
0.2146666667,0.0443216987,0.0442334617,0.0885551604
0.2148333333,0.0443123159,0.0442428276,0.0885551435
0.2150000000,0.0443044806,0.0442506482,0.0885551288
0.2151666667,0.0442979572,0.0442571589,0.0885551161
0.2153333333,0.0442925423,0.0442625629,0.0885551052
0.2155000000,0.0442880611,0.0442670347,0.0885550958
0.2156666667,0.0442843636,0.0442707243,0.0885550879
0.2158333333,0.0442813219,0.0442737592,0.0885550811
0.2160000000,0.0442788270,0.0442762484,0.0885550753
0.2161666667,0.0442767867,0.0442782838,0.0885550705
0.2163333333,0.0442751232,0.0442799432,0.0885550664
0.2165000000,0.0442737708,0.0442812922,0.0885550630
0.2166666667,0.0442726746,0.0442823855,0.0885550601
0.2168333333,0.0442717887,0.0442832691,0.0885550577
0.2170000000,0.0442710748,0.0442839810,0.0885550558
0.2171666667,0.0442705012,0.0442845529,0.0885550541
0.2173333333,0.0442700418,0.0442850110,0.0885550528
0.2175000000,0.0442696748,0.0442853769,0.0885550517
0.2176666667,0.0442693825,0.0442856682,0.0885550508
0.2178333333,0.0442691505,0.0442858996,0.0885550500
0.2180000000,0.0442689667,0.0442860827,0.0885550494
0.2181666667,0.0442688216,0.0442862273,0.0885550490
0.2183333333,0.0442687075,0.0442863411,0.0885550486
0.2185000000,0.0442686179,0.0442864304,0.0885550482
0.2186666667,0.0442685477,0.0442865003,0.0885550480
0.2188333333,0.0442684930,0.0442865548,0.0885550478
0.2190000000,0.0442684504,0.0442865972,0.0885550476
0.2191666667,0.0442684174,0.0442866301,0.0885550475
0.2193333333,0.0442683919,0.0442866555,0.0885550474
0.2195000000,0.0442683722,0.0442866752,0.0885550473
0.2196666667,0.0442683570,0.0442866902,0.0885550473
0.2198333333,0.0442683454,0.0442867018,0.0885550472
0.2200000000,0.0442683365,0.0442867106,0.0885550472
0.2201666667,0.0442683298,0.0442867174,0.0885550471
0.2203333333,0.0442683246,0.0442867225,0.0885550471
0.2205000000,0.0442683207,0.0442867264,0.0885550471
0.2206666667,0.0442683178,0.0442867293,0.0885550471
0.2208333333,0.0442683155,0.0442867315,0.0885550471
0.2210000000,0.0442683139,0.0442867332,0.0885550471
0.2211666667,0.0442683126,0.0442867344,0.0885550471
0.2213333333,0.0442683117,0.0442867354,0.0885550471
0.2215000000,0.0442683110,0.0442867360,0.0885550470
0.2216666667,0.0442683105,0.0442867366,0.0885550470
0.2218333333,0.0442683101,0.0442867369,0.0885550470
0.2220000000,0.0442683098,0.0442867372,0.0885550470
0.2221666667,0.0442683096,0.0442867374,0.0885550470
0.2223333333,0.0442683095,0.0442867376,0.0885550470
0.2225000000,0.0442683094,0.0442867377,0.0885550470
0.2226666667,0.0442683093,0.0442867378,0.0885550470
0.2228333333,0.0442683092,0.0442867378,0.0885550470
0.2230000000,0.0442683092,0.0442867379,0.0885550470
0.2231666667,0.0442683092,0.0442867379,0.0885550470
0.2233333333,0.0442683091,0.0442867379,0.0885550470
0.2235000000,0.0442683091,0.0442867379,0.0885550470
0.2236666667,0.0442683091,0.0442867379,0.0885550470
0.2238333333,0.0442683091,0.0442867379,0.0885550470
0.2240000000,0.0442683091,0.0442867379,0.0885550470
0.2241666667,0.0442683092,0.0442867379,0.0885550470
0.2243333333,0.0442683092,0.0442867378,0.0885550470
0.2245000000,0.0442683092,0.0442867378,0.0885550470
0.2246666667,0.0442683093,0.0442867377,0.0885550470
0.2248333333,0.0442683094,0.0442867377,0.0885550470
0.2250000000,0.0442683095,0.0442867376,0.0885550470
0.2251666667,0.0442683096,0.0442867374,0.0885550470
0.2253333333,0.0442683098,0.0442867373,0.0885550470
0.2255000000,0.0442683100,0.0442867370,0.0885550470
0.2256666667,0.0442683103,0.0442867367,0.0885550470
0.2258333333,0.0442683107,0.0442867363,0.0885550470
0.2260000000,0.0442683112,0.0442867358,0.0885550470
0.2261666667,0.0442683119,0.0442867352,0.0885550470
0.2263333333,0.0442683128,0.0442867343,0.0885550471
0.2265000000,0.0442683139,0.0442867332,0.0885550471
0.2266666667,0.0442683154,0.0442867317,0.0885550471
0.2268333333,0.0442683173,0.0442867298,0.0885550471
0.2270000000,0.0442683197,0.0442867273,0.0885550471
0.2271666667,0.0442683229,0.0442867242,0.0885550471
0.2273333333,0.0442683270,0.0442867201,0.0885550471
0.2275000000,0.0442683322,0.0442867149,0.0885550471
0.2276666667,0.0442683389,0.0442867083,0.0885550472
0.2278333333,0.0442683474,0.0442866998,0.0885550472
0.2280000000,0.0442683582,0.0442866890,0.0885550472
0.2281666667,0.0442683720,0.0442866753,0.0885550473
0.2283333333,0.0442683895,0.0442866578,0.0885550473
0.2285000000,0.0442684116,0.0442866358,0.0885550474
0.2286666667,0.0442684395,0.0442866080,0.0885550475
0.2288333333,0.0442684747,0.0442865729,0.0885550476
0.2290000000,0.0442685189,0.0442865288,0.0885550477
0.2291666667,0.0442685744,0.0442864735,0.0885550479
0.2293333333,0.0442686439,0.0442864043,0.0885550481
0.2295000000,0.0442687306,0.0442863178,0.0885550484
0.2296666667,0.0442688386,0.0442862101,0.0885550487
0.2298333333,0.0442689730,0.0442860761,0.0885550490
0.2300000000,0.0442691396,0.0442859099,0.0885550495
0.2301666667,0.0442693458,0.0442857042,0.0885550501
0.2303333333,0.0442696005,0.0442854502,0.0885550507
0.2305000000,0.0442699144,0.0442851372,0.0885550515
0.2306666667,0.0442703002,0.0442847523,0.0885550525
0.2308333333,0.0442707733,0.0442842803,0.0885550536
0.2310000000,0.0442713524,0.0442837026,0.0885550550
0.2311666667,0.0442720594,0.0442829972,0.0885550566
0.2313333333,0.0442729206,0.0442821380,0.0885550586
0.2315000000,0.0442739673,0.0442810936,0.0885550609
0.2316666667,0.0442752363,0.0442798273,0.0885550636
0.2318333333,0.0442767715,0.0442782953,0.0885550668
0.2320000000,0.0442786242,0.0442764464,0.0885550706
0.2321666667,0.0442808549,0.0442742201,0.0885550750
0.2323333333,0.0442835344,0.0442715458,0.0885550801
0.2325000000,0.0442867453,0.0442683409,0.0885550861
0.2326666667,0.0442905838,0.0442645093,0.0885550931
0.2328333333,0.0442951617,0.0442599395,0.0885551012
0.2330000000,0.0443006082,0.0442545023,0.0885551105
0.2331666667,0.0443070725,0.0442480487,0.0885551212
0.2333333333,0.0443147260,0.0442404074,0.0885551334
0.2335000000,0.0443237655,0.0442313819,0.0885551475
0.2336666667,0.0443344155,0.0442207479,0.0885551634
0.2338333333,0.0443469320,0.0442082495,0.0885551815
0.2340000000,0.0443616054,0.0441935967,0.0885552020
0.2341666667,0.0443787640,0.0441764611,0.0885552252
0.2343333333,0.0443987783,0.0441564728,0.0885552511
0.2345000000,0.0444220639,0.0441332163,0.0885552802
0.2346666667,0.0444490860,0.0441062265,0.0885553125
0.2348333333,0.0444803632,0.0440749853,0.0885553485
0.2350000000,0.0445164711,0.0440389172,0.0885553882
0.2351666667,0.0445580461,0.0439973859,0.0885554320
0.2353333333,0.0446057890,0.0439496910,0.0885554800
0.2355000000,0.0446604681,0.0438950643,0.0885555324
0.2356666667,0.0447229216,0.0438326677,0.0885555893
0.2358333333,0.0447940600,0.0437615907,0.0885556508
0.2360000000,0.0448748675,0.0436808494,0.0885557169
0.2361666667,0.0449664017,0.0435893859,0.0885557876
0.2363333333,0.0450697935,0.0434860692,0.0885558627
0.2365000000,0.0451862450,0.0433696971,0.0885559421
0.2366666667,0.0453170255,0.0432389998,0.0885560254
0.2368333333,0.0454634665,0.0430926456,0.0885561121
0.2370000000,0.0456269542,0.0429292475,0.0885562017
0.2371666667,0.0458089203,0.0427473731,0.0885562934
0.2373333333,0.0460108299,0.0425455564,0.0885563863
0.2375000000,0.0462341673,0.0423223120,0.0885564793
0.2376666667,0.0464804186,0.0420761526,0.0885565712
0.2378333333,0.0467510518,0.0418056088,0.0885566606
0.2380000000,0.0470474936,0.0415092522,0.0885567458
0.2381666667,0.0473711031,0.0411857219,0.0885568249
0.2383333333,0.0477231423,0.0408337536,0.0885568960
0.2385000000,0.0481047442,0.0404522125,0.0885569568
0.2386666667,0.0485168766,0.0400401283,0.0885570049
0.2388333333,0.0489603041,0.0395967337,0.0885570378
0.2390000000,0.0494355474,0.0391215054,0.0885570527
0.2391666667,0.0499428400,0.0386142069,0.0885570469
0.2393333333,0.0504820837,0.0380749338,0.0885570175
0.2395000000,0.0510528025,0.0375041591,0.0885569616
0.2396666667,0.0516540961,0.0369027803,0.0885568763
0.2398333333,0.0522845938,0.0362721650,0.0885567588
0.2400000000,0.0529424097,0.0356141966,0.0885566063
0.2401666667,0.0536250995,0.0349313170,0.0885564165
0.2403333333,0.0543296209,0.0342265660,0.0885561870
0.2405000000,0.0550522985,0.0335036175,0.0885559160
0.2406666667,0.0557887935,0.0327668086,0.0885556021
0.2408333333,0.0565340811,0.0320211631,0.0885552442
0.2410000000,0.0572824353,0.0312724068,0.0885548421
0.2411666667,0.0580274234,0.0305269727,0.0885543961
0.2413333333,0.0587619104,0.0297919967,0.0885539071
0.2415000000,0.0594780761,0.0290753009,0.0885533770
0.2416666667,0.0601674441,0.0283853643,0.0885528084
0.2418333333,0.0608209247,0.0277312803,0.0885522050
0.2420000000,0.0614288724,0.0271226988,0.0885515713
0.2421666667,0.0619811579,0.0265697547,0.0885509126
0.2423333333,0.0624672558,0.0260829798,0.0885502355
0.2425000000,0.0628763470,0.0256732003,0.0885495473
0.2426666667,0.0631974369,0.0253514194,0.0885488562
0.2428333333,0.0634194863,0.0251286851,0.0885481714
0.2430000000,0.0635315577,0.0250159449,0.0885475026
0.2431666667,0.0635229714,0.0250238890,0.0885468604
0.2433333333,0.0633834735,0.0251627822,0.0885462556
0.2435000000,0.0631034110,0.0254422888,0.0885456998
0.2436666667,0.0626739133,0.0258712910,0.0885452043
0.2438333333,0.0620870758,0.0264577049,0.0885447808
0.2440000000,0.0613361444,0.0272082960,0.0885444404
0.2441666667,0.0604156954,0.0281284988,0.0885441942
0.2443333333,0.0593218094,0.0292222428,0.0885440523
0.2445000000,0.0580522342,0.0304917898,0.0885440239
0.2446666667,0.0566065330,0.0319375844,0.0885441174
0.2448333333,0.0549862155,0.0335581241,0.0885443396
0.2450000000,0.0531948461,0.0353498495,0.0885446956
0.2451666667,0.0512381285,0.0373070605,0.0885451890
0.2453333333,0.0491239607,0.0394218607,0.0885458214
0.2455000000,0.0468624602,0.0416841320,0.0885465923
0.2456666667,0.0444659552,0.0440815436,0.0885474989
0.2458333333,0.0419489409,0.0465995953,0.0885485362
0.2460000000,0.0393279996,0.0492216973,0.0885496969
0.2461666667,0.0366216841,0.0519292874,0.0885509715
0.2463333333,0.0338503641,0.0547019840,0.0885523481
0.2465000000,0.0310360370,0.0575177757,0.0885538127
0.2466666667,0.0282021051,0.0603532444,0.0885553494
0.2468333333,0.0253731202,0.0631838203,0.0885569405
0.2470000000,0.0225745012,0.0659840654,0.0885585667
0.2471666667,0.0198322257,0.0687279817,0.0885602074
0.2473333333,0.0171725028,0.0713893385,0.0885618413
0.2475000000,0.0146214300,0.0739420163,0.0885634462
0.2476666667,0.0122046420,0.0763603580,0.0885650000
0.2478333333,0.0099469550,0.0786195255,0.0885664806
0.2480000000,0.0078720149,0.0806958514,0.0885678664
0.2481666667,0.0060019538,0.0825671832,0.0885691370
0.2483333333,0.0043570626,0.0842132106,0.0885702732
0.2485000000,0.0029554856,0.0856157720,0.0885712575
0.2486666667,0.0018129420,0.0867591328,0.0885720747
0.2488333333,0.0009424809,0.0876302308,0.0885727118
0.2490000000,0.0003542742,0.0882188841,0.0885731583
0.2491666667,0.0000554514,0.0885179555,0.0885734068
0.2493333333,0.0000499799,0.0885234730,0.0885734529
0.2495000000,0.0003385941,0.0882347010,0.0885732951
0.2496666667,0.0009187731,0.0876541622,0.0885729353
0.2498333333,0.0017847695,0.0867876088,0.0885723783
0.2500000000,0.0029276881,0.0856439441,0.0885716322
0.2501666667,0.0043356129,0.0842350949,0.0885707078
0.2503333333,0.0059937806,0.0825758381,0.0885696187
0.2505000000,0.0078847975,0.0806835834,0.0885683809
0.2506666667,0.0099888943,0.0785781181,0.0885670125
0.2508333333,0.0122842167,0.0762813168,0.0885655334
0.2510000000,0.0147471430,0.0738168222,0.0885639652
0.2511666667,0.0173526257,0.0712097044,0.0885623300
0.2513333333,0.0200745487,0.0684861024,0.0885606511
0.2515000000,0.0228860946,0.0656728568,0.0885589514
0.2516666667,0.0257601154,0.0627971387,0.0885572541
0.2518333333,0.0286694989,0.0598860826,0.0885555815
0.2520000000,0.0315875262,0.0569664287,0.0885539550
0.2521666667,0.0344882130,0.0540641816,0.0885523946
0.2523333333,0.0373466291,0.0512042895,0.0885509186
0.2525000000,0.0401391921,0.0484103514,0.0885495436
0.2526666667,0.0428439303,0.0457043534,0.0885482838
0.2528333333,0.0454407109,0.0431064403,0.0885471512
0.2530000000,0.0479114314,0.0406347240,0.0885461553
0.2531666667,0.0502401723,0.0383051310,0.0885453033
0.2533333333,0.0524133096,0.0361312899,0.0885445995
0.2535000000,0.0544195870,0.0341244590,0.0885440460
0.2536666667,0.0562501480,0.0322934944,0.0885436425
0.2538333333,0.0578985306,0.0306448556,0.0885433862
0.2540000000,0.0593606243,0.0291826480,0.0885432723
0.2541666667,0.0606345944,0.0279086999,0.0885432943
0.2543333333,0.0617207751,0.0268226685,0.0885434436
0.2545000000,0.0626215359,0.0259221746,0.0885437104
0.2546666667,0.0633411242,0.0252029596,0.0885440838
0.2548333333,0.0638854899,0.0246590618,0.0885445517
0.2550000000,0.0642620947,0.0242830069,0.0885451016
0.2551666667,0.0644797107,0.0240660098,0.0885457205
0.2553333333,0.0645482133,0.0239981819,0.0885463952
0.2555000000,0.0644783717,0.0240687410,0.0885471127
0.2556666667,0.0642816412,0.0242662192,0.0885478604
0.2558333333,0.0639699601,0.0245786659,0.0885486260
0.2560000000,0.0635555555,0.0249938427,0.0885493981
0.2561666667,0.0630507597,0.0254994063,0.0885501661
0.2563333333,0.0624678405,0.0260830796,0.0885509201
0.2565000000,0.0618188459,0.0267328058,0.0885516517
0.2566666667,0.0611154661,0.0274368872,0.0885523533
0.2568333333,0.0603689128,0.0281841055,0.0885530183
0.2570000000,0.0595898169,0.0289638248,0.0885536417
0.2571666667,0.0587881442,0.0297660751,0.0885542193
0.2573333333,0.0579731293,0.0305816187,0.0885547479
0.2575000000,0.0571532269,0.0314019988,0.0885552258
0.2576666667,0.0563360804,0.0322195713,0.0885556517
0.2578333333,0.0555285047,0.0330275210,0.0885560257
0.2580000000,0.0547364847,0.0338198636,0.0885563484
0.2581666667,0.0539651860,0.0345914351,0.0885566211
0.2583333333,0.0532189764,0.0353378696,0.0885568459
0.2585000000,0.0525014582,0.0360555671,0.0885570253
0.2586666667,0.0518155081,0.0367416542,0.0885571622
0.2588333333,0.0511633227,0.0373939372,0.0885572599
0.2590000000,0.0505464707,0.0380108509,0.0885573216
0.2591666667,0.0499659471,0.0385914039,0.0885573510
0.2593333333,0.0494222304,0.0391351214,0.0885573518
0.2595000000,0.0489153400,0.0396419875,0.0885573275
0.2596666667,0.0484448941,0.0401123876,0.0885572817
0.2598333333,0.0480101660,0.0405470517,0.0885572177
0.2600000000,0.0476101382,0.0409470005,0.0885571388
0.2601666667,0.0472435546,0.0413134934,0.0885570480
0.2603333333,0.0469089682,0.0416479799,0.0885569481
0.2605000000,0.0466047865,0.0419520553,0.0885568418
0.2606666667,0.0463293121,0.0422274191,0.0885567312
0.2608333333,0.0460807794,0.0424758389,0.0885566184
0.2610000000,0.0458573875,0.0426991177,0.0885565052
0.2611666667,0.0456573282,0.0428990649,0.0885563931
0.2613333333,0.0454788110,0.0430774725,0.0885562834
0.2615000000,0.0453200832,0.0432360940,0.0885561772
0.2616666667,0.0451794473,0.0433766281,0.0885560753
0.2618333333,0.0450552740,0.0435007044,0.0885559784
0.2620000000,0.0449460131,0.0436098738,0.0885558869
0.2621666667,0.0448502008,0.0437056003,0.0885558011
0.2623333333,0.0447664650,0.0437892562,0.0885557212
0.2625000000,0.0446935282,0.0438621192,0.0885556473
0.2626666667,0.0446302081,0.0439253713,0.0885555794
0.2628333333,0.0445754177,0.0439800996,0.0885555173
0.2630000000,0.0445281628,0.0440272980,0.0885554608
0.2631666667,0.0444875394,0.0440678703,0.0885554097
0.2633333333,0.0444527294,0.0441026343,0.0885553638
0.2635000000,0.0444229967,0.0441323259,0.0885553226
0.2636666667,0.0443976816,0.0441576043,0.0885552859
0.2638333333,0.0443761963,0.0441790570,0.0885552533
0.2640000000,0.0443580190,0.0441972055,0.0885552245
0.2641666667,0.0443426888,0.0442125104,0.0885551992
0.2643333333,0.0443298003,0.0442253768,0.0885551771
0.2645000000,0.0443189984,0.0442361593,0.0885551578
0.2646666667,0.0443099736,0.0442451674,0.0885551410
0.2648333333,0.0443024568,0.0442526697,0.0885551265
0.2650000000,0.0442962155,0.0442588985,0.0885551140
0.2651666667,0.0442910492,0.0442640541,0.0885551033
0.2653333333,0.0442867859,0.0442683082,0.0885550941
0.2655000000,0.0442832786,0.0442718077,0.0885550863
0.2656666667,0.0442804022,0.0442746775,0.0885550797
0.2658333333,0.0442780502,0.0442770239,0.0885550741
0.2660000000,0.0442761331,0.0442789363,0.0885550694
0.2661666667,0.0442745751,0.0442804903,0.0885550654
0.2663333333,0.0442733129,0.0442817492,0.0885550621
0.2665000000,0.0442722934,0.0442827660,0.0885550594
0.2666666667,0.0442714724,0.0442835847,0.0885550571
0.2668333333,0.0442708134,0.0442842418,0.0885550552
0.2670000000,0.0442702859,0.0442847678,0.0885550537
0.2671666667,0.0442698650,0.0442851874,0.0885550524
0.2673333333,0.0442695301,0.0442855212,0.0885550513
0.2675000000,0.0442692646,0.0442857859,0.0885550505
0.2676666667,0.0442690546,0.0442859952,0.0885550498
0.2678333333,0.0442688891,0.0442861602,0.0885550492
0.2680000000,0.0442687590,0.0442862898,0.0885550488
0.2681666667,0.0442686570,0.0442863914,0.0885550484
0.2683333333,0.0442685774,0.0442864707,0.0885550481
0.2685000000,0.0442685154,0.0442865325,0.0885550479
0.2686666667,0.0442684673,0.0442865804,0.0885550477
0.2688333333,0.0442684300,0.0442866176,0.0885550476
0.2690000000,0.0442684012,0.0442866462,0.0885550474
0.2691666667,0.0442683791,0.0442866682,0.0885550474
0.2693333333,0.0442683621,0.0442866851,0.0885550473
0.2695000000,0.0442683492,0.0442866981,0.0885550472
0.2696666667,0.0442683393,0.0442867079,0.0885550472
0.2698333333,0.0442683317,0.0442867154,0.0885550471
0.2700000000,0.0442683260,0.0442867211,0.0885550471
0.2701666667,0.0442683217,0.0442867254,0.0885550471
0.2703333333,0.0442683185,0.0442867286,0.0885550471
0.2705000000,0.0442683161,0.0442867310,0.0885550471
0.2706666667,0.0442683142,0.0442867328,0.0885550471
0.2708333333,0.0442683129,0.0442867342,0.0885550471
0.2710000000,0.0442683119,0.0442867352,0.0885550471
0.2711666667,0.0442683111,0.0442867359,0.0885550470
0.2713333333,0.0442683106,0.0442867365,0.0885550470
0.2715000000,0.0442683102,0.0442867369,0.0885550470
0.2716666667,0.0442683099,0.0442867372,0.0885550470
0.2718333333,0.0442683096,0.0442867374,0.0885550470
0.2720000000,0.0442683095,0.0442867376,0.0885550470
0.2721666667,0.0442683094,0.0442867377,0.0885550470
0.2723333333,0.0442683093,0.0442867378,0.0885550470
0.2725000000,0.0442683092,0.0442867378,0.0885550470
0.2726666667,0.0442683092,0.0442867379,0.0885550470
0.2728333333,0.0442683092,0.0442867379,0.0885550470
0.2730000000,0.0442683091,0.0442867379,0.0885550470
0.2731666667,0.0442683091,0.0442867379,0.0885550470
0.2733333333,0.0442683091,0.0442867379,0.0885550470
0.2735000000,0.0442683091,0.0442867379,0.0885550470
0.2736666667,0.0442683091,0.0442867379,0.0885550470
0.2738333333,0.0442683092,0.0442867379,0.0885550470
0.2740000000,0.0442683092,0.0442867378,0.0885550470
0.2741666667,0.0442683092,0.0442867378,0.0885550470
0.2743333333,0.0442683093,0.0442867378,0.0885550470
0.2745000000,0.0442683093,0.0442867377,0.0885550470
0.2746666667,0.0442683094,0.0442867376,0.0885550470
0.2748333333,0.0442683096,0.0442867375,0.0885550470
0.2750000000,0.0442683097,0.0442867373,0.0885550470
0.2751666667,0.0442683099,0.0442867371,0.0885550470
0.2753333333,0.0442683102,0.0442867368,0.0885550470
0.2755000000,0.0442683105,0.0442867365,0.0885550470
0.2756666667,0.0442683110,0.0442867360,0.0885550470
0.2758333333,0.0442683116,0.0442867354,0.0885550470
0.2760000000,0.0442683124,0.0442867347,0.0885550471
0.2761666667,0.0442683134,0.0442867336,0.0885550471
0.2763333333,0.0442683147,0.0442867323,0.0885550471
0.2765000000,0.0442683164,0.0442867306,0.0885550471
0.2766666667,0.0442683186,0.0442867285,0.0885550471
0.2768333333,0.0442683214,0.0442867257,0.0885550471
0.2770000000,0.0442683250,0.0442867221,0.0885550471
0.2771666667,0.0442683296,0.0442867175,0.0885550471
0.2773333333,0.0442683355,0.0442867116,0.0885550471
0.2775000000,0.0442683431,0.0442867041,0.0885550472
0.2776666667,0.0442683526,0.0442866946,0.0885550472
0.2778333333,0.0442683648,0.0442866825,0.0885550472
0.2780000000,0.0442683801,0.0442866671,0.0885550473
0.2781666667,0.0442683996,0.0442866478,0.0885550474
0.2783333333,0.0442684241,0.0442866233,0.0885550474
0.2785000000,0.0442684550,0.0442865926,0.0885550475
0.2786666667,0.0442684937,0.0442865539,0.0885550476
0.2788333333,0.0442685423,0.0442865055,0.0885550478
0.2790000000,0.0442686031,0.0442864449,0.0885550480
0.2791666667,0.0442686789,0.0442863693,0.0885550482
0.2793333333,0.0442687733,0.0442862751,0.0885550485
0.2795000000,0.0442688906,0.0442861581,0.0885550488
0.2796666667,0.0442690361,0.0442860131,0.0885550492
0.2798333333,0.0442692160,0.0442858336,0.0885550497
0.2800000000,0.0442694381,0.0442856121,0.0885550502
0.2801666667,0.0442697117,0.0442853393,0.0885550509
0.2803333333,0.0442700479,0.0442850039,0.0885550518
0.2805000000,0.0442704601,0.0442845927,0.0885550528
0.2806666667,0.0442709644,0.0442840895,0.0885550540
0.2808333333,0.0442715801,0.0442834753,0.0885550554
0.2810000000,0.0442723300,0.0442827271,0.0885550571
0.2811666667,0.0442732413,0.0442818178,0.0885550591
0.2813333333,0.0442743463,0.0442807152,0.0885550615
0.2815000000,0.0442756831,0.0442793812,0.0885550643
0.2816666667,0.0442772966,0.0442777710,0.0885550676
0.2818333333,0.0442792396,0.0442758319,0.0885550714
0.2820000000,0.0442815740,0.0442735019,0.0885550759
0.2821666667,0.0442843723,0.0442707089,0.0885550812
0.2823333333,0.0442877186,0.0442673687,0.0885550873
0.2825000000,0.0442917112,0.0442633832,0.0885550944
0.2826666667,0.0442964635,0.0442586390,0.0885551026
0.2828333333,0.0443021068,0.0442530052,0.0885551120
0.2830000000,0.0443087922,0.0442463306,0.0885551228
0.2831666667,0.0443166931,0.0442384421,0.0885551352
0.2833333333,0.0443260082,0.0442291411,0.0885551493
0.2835000000,0.0443369640,0.0442182015,0.0885551654
0.2836666667,0.0443498180,0.0442053656,0.0885551836
0.2838333333,0.0443648623,0.0441903419,0.0885552042
0.2840000000,0.0443824265,0.0441728009,0.0885552274
0.2841666667,0.0444028818,0.0441523715,0.0885552534
0.2843333333,0.0444266444,0.0441286380,0.0885552824
0.2845000000,0.0444541793,0.0441011355,0.0885553147
0.2846666667,0.0444860041,0.0440693465,0.0885553506
0.2848333333,0.0445226927,0.0440326974,0.0885553902
0.2850000000,0.0445648792,0.0439905545,0.0885554337
0.2851666667,0.0446132604,0.0439422210,0.0885554814
0.2853333333,0.0446685997,0.0438869337,0.0885555334
0.2855000000,0.0447317291,0.0438238607,0.0885555898
0.2856666667,0.0448035512,0.0437520995,0.0885556507
0.2858333333,0.0448850406,0.0436706755,0.0885557161
0.2860000000,0.0449772438,0.0435785422,0.0885557860
0.2861666667,0.0450812787,0.0434745815,0.0885558602
0.2863333333,0.0451983320,0.0433576064,0.0885559385
0.2865000000,0.0453296562,0.0432263643,0.0885560206
0.2866666667,0.0454765636,0.0430795424,0.0885561060
0.2868333333,0.0456404194,0.0429157747,0.0885561941
0.2870000000,0.0458226324,0.0427336519,0.0885562842
0.2871666667,0.0460246429,0.0425317326,0.0885563755
0.2873333333,0.0462479090,0.0423085579,0.0885564668
0.2875000000,0.0464938892,0.0420626678,0.0885565570
0.2876666667,0.0467640230,0.0417926215,0.0885566445
0.2878333333,0.0470597082,0.0414970197,0.0885567279
0.2880000000,0.0473822748,0.0411745305,0.0885568052
0.2881666667,0.0477329566,0.0408239180,0.0885568746
0.2883333333,0.0481128593,0.0404440745,0.0885569338
0.2885000000,0.0485229258,0.0400340547,0.0885569805
0.2886666667,0.0489638984,0.0395931138,0.0885570123
0.2888333333,0.0494362794,0.0391207469,0.0885570263
0.2890000000,0.0499402886,0.0386167315,0.0885570200
0.2891666667,0.0504758195,0.0380811711,0.0885569906
0.2893333333,0.0510423946,0.0375145404,0.0885569350
0.2895000000,0.0516391197,0.0369177309,0.0885568506
0.2896666667,0.0522646389,0.0362920956,0.0885567346
0.2898333333,0.0529170902,0.0356394940,0.0885565843
0.2900000000,0.0535940636,0.0349623336,0.0885563972
0.2901666667,0.0542925619,0.0342636093,0.0885561713
0.2903333333,0.0550089662,0.0335469383,0.0885559045
0.2905000000,0.0557390058,0.0328165898,0.0885555956
0.2906666667,0.0564777358,0.0320775077,0.0885552435
0.2908333333,0.0572195217,0.0313353261,0.0885548478
0.2910000000,0.0579580332,0.0305963756,0.0885544088
0.2911666667,0.0586862485,0.0298676789,0.0885539275
0.2913333333,0.0593964696,0.0291569359,0.0885534055
0.2915000000,0.0600803501,0.0284724954,0.0885528455
0.2916666667,0.0607289366,0.0278233142,0.0885522509
0.2918333333,0.0613327238,0.0272189022,0.0885516260
0.2920000000,0.0618817241,0.0266692521,0.0885509762
0.2921666667,0.0623655530,0.0261847546,0.0885503076
0.2923333333,0.0627735281,0.0257760994,0.0885496275
0.2925000000,0.0630947842,0.0254541598,0.0885489439
0.2926666667,0.0633184010,0.0252298647,0.0885482657
0.2928333333,0.0634335458,0.0251140566,0.0885476024
0.2930000000,0.0634296265,0.0251173378,0.0885469643
0.2931666667,0.0632964560,0.0252499063,0.0885463623
0.2933333333,0.0630244239,0.0255213836,0.0885458074
0.2935000000,0.0626046753,0.0259406358,0.0885453111
0.2936666667,0.0620292922,0.0265155926,0.0885448847
0.2938333333,0.0612914747,0.0272530648,0.0885445395
0.2940000000,0.0603857206,0.0281585656,0.0885442862
0.2941666667,0.0593079973,0.0292361377,0.0885441350
0.2943333333,0.0580559050,0.0304881903,0.0885440953
0.2945000000,0.0566288250,0.0319153503,0.0885441754
0.2946666667,0.0550280520,0.0335163302,0.0885443821
0.2948333333,0.0532569045,0.0352878165,0.0885447210
0.2950000000,0.0513208124,0.0372243834,0.0885451958
0.2951666667,0.0492273754,0.0393184329,0.0885458082
0.2953333333,0.0469863928,0.0415601655,0.0885465582
0.2955000000,0.0446098600,0.0439375834,0.0885474434
0.2956666667,0.0421119306,0.0464365285,0.0885484592
0.2958333333,0.0395088429,0.0490407557,0.0885495986
0.2960000000,0.0368188098,0.0517320428,0.0885508526
0.2961666667,0.0340618725,0.0544903373,0.0885522098
0.2963333333,0.0312597185,0.0572939380,0.0885536566
0.2965000000,0.0284354657,0.0601197118,0.0885551775
0.2966666667,0.0256134140,0.0629433412,0.0885567552
0.2968333333,0.0228187688,0.0657396020,0.0885583708
0.2970000000,0.0200773393,0.0684826648,0.0885600041
0.2971666667,0.0174152155,0.0711464184,0.0885616338
0.2973333333,0.0148584298,0.0737048084,0.0885632382
0.2975000000,0.0124326086,0.0761321866,0.0885647952
0.2976666667,0.0101626185,0.0784036641,0.0885662826
0.2978333333,0.0080722153,0.0804954636,0.0885676790
0.2980000000,0.0061836999,0.0823852638,0.0885689637
0.2981666667,0.0045175888,0.0840525286,0.0885701174
0.2983333333,0.0030923056,0.0854788167,0.0885711223
0.2985000000,0.0019238978,0.0866480650,0.0885719628
0.2986666667,0.0010257864,0.0875468390,0.0885726254
0.2988333333,0.0004085516,0.0881645478,0.0885730994
0.2990000000,0.0000797604,0.0884936162,0.0885733766
0.2991666667,0.0000438383,0.0885296138,0.0885734521
0.2993333333,0.0003019894,0.0882713344,0.0885733239
0.2995000000,0.0008521650,0.0877208282,0.0885729932
0.2996666667,0.0016890827,0.0868833817,0.0885724644
0.2998333333,0.0028042960,0.0857674488,0.0885717448
0.3000000000,0.0041863128,0.0843845321,0.0885708448
0.3001666667,0.0058207597,0.0827490179,0.0885697776
0.3003333333,0.0076905918,0.0808779668,0.0885685586
0.3005000000,0.0097763410,0.0787908647,0.0885672057
0.3006666667,0.0120564006,0.0765093380,0.0885657386
0.3008333333,0.0145073390,0.0740568394,0.0885641784
0.3010000000,0.0171042380,0.0714583095,0.0885625475
0.3011666667,0.0198210484,0.0687398204,0.0885608688
0.3013333333,0.0226309573,0.0659282082,0.0885591655
0.3015000000,0.0255067597,0.0630507013,0.0885574610
0.3016666667,0.0284212276,0.0601345501,0.0885557776
0.3018333333,0.0313474710,0.0572066662,0.0885541372
0.3020000000,0.0342592844,0.0542932758,0.0885525601
0.3021666667,0.0371314716,0.0514195936,0.0885510651
0.3023333333,0.0399401467,0.0486095225,0.0885496692
0.3025000000,0.0426630035,0.0458853834,0.0885483870
0.3026666667,0.0452795521,0.0432676790,0.0885472311
0.3028333333,0.0477713177,0.0407748937,0.0885462114
0.3030000000,0.0501220018,0.0384233339,0.0885453357
0.3031666667,0.0523176018,0.0362270069,0.0885446087
0.3033333333,0.0543464910,0.0341975420,0.0885440330
0.3035000000,0.0561994580,0.0323441506,0.0885436085
0.3036666667,0.0578697068,0.0306736262,0.0885433330
0.3038333333,0.0593528204,0.0291903816,0.0885432020
0.3040000000,0.0606466887,0.0278965202,0.0885432089
0.3041666667,0.0617514062,0.0267919394,0.0885433456
0.3043333333,0.0626691401,0.0258744622,0.0885436023
0.3045000000,0.0634039758,0.0251399922,0.0885439680
0.3046666667,0.0639617415,0.0245826893,0.0885444309
0.3048333333,0.0643498174,0.0241951607,0.0885449781
0.3050000000,0.0645769335,0.0239686632,0.0885455967
0.3051666667,0.0646529606,0.0238933128,0.0885462733
0.3053333333,0.0645886981,0.0239582967,0.0885469948
0.3055000000,0.0643956634,0.0241520847,0.0885477481
0.3056666667,0.0640858851,0.0244626359,0.0885485210
0.3058333333,0.0636717049,0.0248775966,0.0885493015
0.3060000000,0.0631655899,0.0253844890,0.0885500789
0.3061666667,0.0625799584,0.0259708847,0.0885508432
0.3063333333,0.0619270207,0.0266245646,0.0885515854
0.3065000000,0.0612186365,0.0273336612,0.0885522977
0.3066666667,0.0604661907,0.0280867829,0.0885529737
0.3068333333,0.0596804868,0.0288731208,0.0885536076
0.3070000000,0.0588716599,0.0296825355,0.0885541953
0.3071666667,0.0580491069,0.0305056267,0.0885547336
0.3073333333,0.0572214362,0.0313337842,0.0885552203
0.3075000000,0.0563964329,0.0321592215,0.0885556544
0.3076666667,0.0555810412,0.0329749943,0.0885560355
0.3078333333,0.0547813611,0.0337750033,0.0885563645
0.3080000000,0.0540026580,0.0345539845,0.0885566425
0.3081666667,0.0532493846,0.0353074871,0.0885568717
0.3083333333,0.0525252128,0.0360318417,0.0885570545
0.3085000000,0.0518330733,0.0367241206,0.0885571939
0.3086666667,0.0511752034,0.0373820898,0.0885572932
0.3088333333,0.0505531981,0.0380041577,0.0885573558
0.3090000000,0.0499680668,0.0385893186,0.0885573854
0.3091666667,0.0494202909,0.0391370948,0.0885573857
0.3093333333,0.0489098831,0.0396474774,0.0885573605
0.3095000000,0.0484364459,0.0401208673,0.0885573132
0.3096666667,0.0479992301,0.0405580173,0.0885572474
0.3098333333,0.0475971898,0.0409599767,0.0885571664
0.3100000000,0.0472290357,0.0413280376,0.0885570734
0.3101666667,0.0468932849,0.0416636862,0.0885569711
0.3103333333,0.0465883064,0.0419685559,0.0885568623
0.3105000000,0.0463123633,0.0422443859,0.0885567492
0.3106666667,0.0460636505,0.0424929835,0.0885566340
0.3108333333,0.0458403281,0.0427161903,0.0885565184
0.3110000000,0.0456405503,0.0429158538,0.0885564041
0.3111666667,0.0454624907,0.0430938016,0.0885562923
0.3113333333,0.0453043632,0.0432518210,0.0885561842
0.3115000000,0.0451644392,0.0433916413,0.0885560805
0.3116666667,0.0450410615,0.0435149205,0.0885559820
0.3118333333,0.0449326544,0.0436232347,0.0885558891
0.3120000000,0.0448377321,0.0437180700,0.0885558021
0.3121666667,0.0447549030,0.0438008182,0.0885557212
0.3123333333,0.0446828731,0.0438727734,0.0885556465
0.3125000000,0.0446204464,0.0439351314,0.0885555778
0.3126666667,0.0445665246,0.0439889906,0.0885555152
0.3128333333,0.0445201045,0.0440353537,0.0885554583
0.3130000000,0.0444802753,0.0440751316,0.0885554069
0.3131666667,0.0444462140,0.0441091467,0.0885553607
0.3133333333,0.0444171810,0.0441381384,0.0885553194
0.3135000000,0.0443925149,0.0441627677,0.0885552827
0.3136666667,0.0443716272,0.0441836229,0.0885552501
0.3138333333,0.0443539964,0.0442012250,0.0885552214
0.3140000000,0.0443391629,0.0442160334,0.0885551962
0.3141666667,0.0443267229,0.0442284514,0.0885551742
0.3143333333,0.0443163238,0.0442388313,0.0885551551
0.3145000000,0.0443076586,0.0442474799,0.0885551385
0.3146666667,0.0443004612,0.0442546630,0.0885551242
0.3148333333,0.0442945021,0.0442606098,0.0885551119
0.3150000000,0.0442895839,0.0442655174,0.0885551013
0.3151666667,0.0442855377,0.0442695547,0.0885550924
0.3153333333,0.0442822194,0.0442728653,0.0885550847
0.3155000000,0.0442795067,0.0442755715,0.0885550783
0.3156666667,0.0442772961,0.0442777767,0.0885550729
0.3158333333,0.0442755004,0.0442795679,0.0885550683
0.3160000000,0.0442740462,0.0442810183,0.0885550645
0.3161666667,0.0442728724,0.0442821889,0.0885550613
0.3163333333,0.0442719278,0.0442831308,0.0885550587
0.3165000000,0.0442711702,0.0442838863,0.0885550565
0.3166666667,0.0442705644,0.0442844903,0.0885550547
0.3168333333,0.0442700814,0.0442849718,0.0885550532
0.3170000000,0.0442696977,0.0442853543,0.0885550520
0.3171666667,0.0442693938,0.0442856572,0.0885550510
0.3173333333,0.0442691538,0.0442858964,0.0885550502
0.3175000000,0.0442689650,0.0442860846,0.0885550496
0.3176666667,0.0442688168,0.0442862323,0.0885550490
0.3178333333,0.0442687009,0.0442863478,0.0885550486
0.3180000000,0.0442686105,0.0442864378,0.0885550483
0.3181666667,0.0442685403,0.0442865078,0.0885550480
0.3183333333,0.0442684858,0.0442865620,0.0885550478
0.3185000000,0.0442684438,0.0442866038,0.0885550476
0.3186666667,0.0442684115,0.0442866360,0.0885550475
0.3188333333,0.0442683867,0.0442866607,0.0885550474
0.3190000000,0.0442683677,0.0442866797,0.0885550473
0.3191666667,0.0442683532,0.0442866941,0.0885550473
0.3193333333,0.0442683422,0.0442867050,0.0885550472
0.3195000000,0.0442683338,0.0442867133,0.0885550472
0.3196666667,0.0442683275,0.0442867196,0.0885550471
0.3198333333,0.0442683228,0.0442867243,0.0885550471
0.3200000000,0.0442683193,0.0442867278,0.0885550471
0.3201666667,0.0442683166,0.0442867305,0.0885550471
0.3203333333,0.0442683146,0.0442867325,0.0885550471
0.3205000000,0.0442683131,0.0442867339,0.0885550471
0.3206666667,0.0442683120,0.0442867350,0.0885550471
0.3208333333,0.0442683112,0.0442867358,0.0885550470
0.3210000000,0.0442683106,0.0442867364,0.0885550470
0.3211666667,0.0442683102,0.0442867368,0.0885550470
0.3213333333,0.0442683099,0.0442867371,0.0885550470
0.3215000000,0.0442683097,0.0442867374,0.0885550470
0.3216666667,0.0442683095,0.0442867375,0.0885550470
0.3218333333,0.0442683094,0.0442867377,0.0885550470
0.3220000000,0.0442683093,0.0442867378,0.0885550470
0.3221666667,0.0442683092,0.0442867378,0.0885550470
0.3223333333,0.0442683092,0.0442867379,0.0885550470
0.3225000000,0.0442683092,0.0442867379,0.0885550470
0.3226666667,0.0442683091,0.0442867379,0.0885550470
0.3228333333,0.0442683091,0.0442867379,0.0885550470
0.3230000000,0.0442683091,0.0442867379,0.0885550470
0.3231666667,0.0442683091,0.0442867379,0.0885550470
0.3233333333,0.0442683091,0.0442867379,0.0885550470
0.3235000000,0.0442683092,0.0442867379,0.0885550470
0.3236666667,0.0442683092,0.0442867379,0.0885550470
0.3238333333,0.0442683092,0.0442867378,0.0885550470
0.3240000000,0.0442683093,0.0442867378,0.0885550470
0.3241666667,0.0442683093,0.0442867377,0.0885550470
0.3243333333,0.0442683094,0.0442867376,0.0885550470
0.3245000000,0.0442683095,0.0442867375,0.0885550470
0.3246666667,0.0442683097,0.0442867374,0.0885550470
0.3248333333,0.0442683098,0.0442867372,0.0885550470
0.3250000000,0.0442683101,0.0442867370,0.0885550470
0.3251666667,0.0442683104,0.0442867366,0.0885550470
0.3253333333,0.0442683108,0.0442867362,0.0885550470
0.3255000000,0.0442683114,0.0442867357,0.0885550470
0.3256666667,0.0442683121,0.0442867350,0.0885550470
0.3258333333,0.0442683130,0.0442867341,0.0885550471
0.3260000000,0.0442683141,0.0442867329,0.0885550471
0.3261666667,0.0442683157,0.0442867314,0.0885550471
0.3263333333,0.0442683176,0.0442867295,0.0885550471
0.3265000000,0.0442683201,0.0442867270,0.0885550471
0.3266666667,0.0442683233,0.0442867238,0.0885550471
0.3268333333,0.0442683274,0.0442867197,0.0885550471
0.3270000000,0.0442683326,0.0442867145,0.0885550471
0.3271666667,0.0442683392,0.0442867079,0.0885550471
0.3273333333,0.0442683476,0.0442866995,0.0885550472
0.3275000000,0.0442683583,0.0442866889,0.0885550472
0.3276666667,0.0442683719,0.0442866754,0.0885550473
0.3278333333,0.0442683890,0.0442866584,0.0885550473
0.3280000000,0.0442684105,0.0442866369,0.0885550474
0.3281666667,0.0442684376,0.0442866099,0.0885550475
0.3283333333,0.0442684715,0.0442865760,0.0885550476
0.3285000000,0.0442685141,0.0442865336,0.0885550477
0.3286666667,0.0442685673,0.0442864806,0.0885550479
0.3288333333,0.0442686336,0.0442864145,0.0885550480
0.3290000000,0.0442687161,0.0442863322,0.0885550483
0.3291666667,0.0442688186,0.0442862300,0.0885550486
0.3293333333,0.0442689455,0.0442861034,0.0885550489
0.3295000000,0.0442691026,0.0442859468,0.0885550493
0.3296666667,0.0442692963,0.0442857535,0.0885550498
0.3298333333,0.0442695348,0.0442855156,0.0885550504
0.3300000000,0.0442698278,0.0442852233,0.0885550512
0.3301666667,0.0442701870,0.0442848650,0.0885550520
0.3303333333,0.0442706264,0.0442844266,0.0885550531
0.3305000000,0.0442711627,0.0442838916,0.0885550543
0.3306666667,0.0442718159,0.0442832399,0.0885550558
0.3308333333,0.0442726096,0.0442824479,0.0885550575
0.3310000000,0.0442735720,0.0442814876,0.0885550596
0.3311666667,0.0442747364,0.0442803257,0.0885550621
0.3313333333,0.0442761419,0.0442789230,0.0885550649
0.3315000000,0.0442778348,0.0442772335,0.0885550683
0.3316666667,0.0442798691,0.0442752031,0.0885550723
0.3318333333,0.0442823083,0.0442727686,0.0885550769
0.3320000000,0.0442852263,0.0442698560,0.0885550822
0.3321666667,0.0442887090,0.0442663794,0.0885550884
0.3323333333,0.0442928563,0.0442622394,0.0885550956
0.3325000000,0.0442977835,0.0442573205,0.0885551039
0.3326666667,0.0443036237,0.0442514898,0.0885551135
0.3328333333,0.0443105300,0.0442445944,0.0885551244
0.3330000000,0.0443186778,0.0442364591,0.0885551369
0.3331666667,0.0443282675,0.0442268837,0.0885551512
0.3333333333,0.0443395274,0.0442156400,0.0885551674
