t,Ekin,Epot,Etot
0.0000000000,0.0221556731,0.0885734759,0.1107291491
0.0001666667,0.0222660338,0.0884630388,0.1107290726
0.0003333333,0.0225958942,0.0881329501,0.1107288443
0.0005000000,0.0231416083,0.0875868594,0.1107284677
0.0006666667,0.0238971623,0.0868307863,0.1107279486
0.0008333333,0.0248542671,0.0858730279,0.1107272950
0.0010000000,0.0260024852,0.0847240317,0.1107265169
0.0011666667,0.0273293902,0.0833962358,0.1107256260
0.0013333333,0.0288207549,0.0819038808,0.1107246357
0.0015000000,0.0304607640,0.0802627967,0.1107235607
0.0016666667,0.0322322488,0.0784901679,0.1107224167
0.0018333333,0.0341169382,0.0766042820,0.1107212202
0.0020000000,0.0360957214,0.0746242666,0.1107199880
0.0021666667,0.0381489183,0.0725698190,0.1107187373
0.0023333333,0.0402565514,0.0704609335,0.1107174850
0.0025000000,0.0423986158,0.0683176316,0.1107162474
0.0026666667,0.0445553414,0.0661596989,0.1107150403
0.0028333333,0.0467074439,0.0640064345,0.1107138784
0.0030000000,0.0488363603,0.0618764150,0.1107127753
0.0031666667,0.0509244648,0.0597872782,0.1107117430
0.0033333333,0.0529552630,0.0577555293,0.1107107923
0.0035000000,0.0549135609,0.0557963710,0.1107099320
0.0036666667,0.0567856077,0.0539235616,0.1107091692
0.0038333333,0.0585592100,0.0521492994,0.1107085094
0.0040000000,0.0602238181,0.0504841380,0.1107079561
0.0041666667,0.0617705824,0.0489369286,0.1107075110
0.0043333333,0.0631923820,0.0475147922,0.1107071743
0.0045000000,0.0644838257,0.0462231185,0.1107069442
0.0046666667,0.0656412264,0.0450655914,0.1107068178
0.0048333333,0.0666625519,0.0440442385,0.1107067904
0.0050000000,0.0675473534,0.0431595031,0.1107068565
0.0051666667,0.0682966746,0.0424103347,0.1107070092
0.0053333333,0.0689129436,0.0417942974,0.1107072410
0.0055000000,0.0693998519,0.0413076916,0.1107075435
0.0056666667,0.0697622217,0.0409456862,0.1107079079
0.0058333333,0.0700058658,0.0407024594,0.1107083252
0.0060000000,0.0701374421,0.0405713440,0.1107087861
0.0061666667,0.0701643067,0.0405449748,0.1107092814
0.0063333333,0.0700943670,0.0406154352,0.1107098022
0.0065000000,0.0699359380,0.0407744017,0.1107103397
0.0066666667,0.0696976040,0.0410132818,0.1107108858
0.0068333333,0.0693880869,0.0413233459,0.1107114328
0.0070000000,0.0690161241,0.0416958495,0.1107119736
0.0071666667,0.0685903559,0.0421221460,0.1107125019
0.0073333333,0.0681192244,0.0425937878,0.1107130122
0.0075000000,0.0676108841,0.0431026155,0.1107134996
0.0076666667,0.0670731253,0.0436408347,0.1107139601
0.0078333333,0.0665133094,0.0442010810,0.1107143904
0.0080000000,0.0659383167,0.0447764714,0.1107147881
0.0081666667,0.0653545071,0.0453606443,0.1107151514
0.0083333333,0.0647676915,0.0459477877,0.1107154793
0.0085000000,0.0641831144,0.0465326567,0.1107157712
0.0086666667,0.0636054469,0.0471105804,0.1107160273
0.0088333333,0.0630387882,0.0476774601,0.1107162483
0.0090000000,0.0624866762,0.0482297590,0.1107164352
0.0091666667,0.0619521045,0.0487644850,0.1107165895
0.0093333333,0.0614375456,0.0492791674,0.1107167130
0.0095000000,0.0609449793,0.0497718284,0.1107168077
0.0096666667,0.0604759247,0.0502409510,0.1107168758
0.0098333333,0.0600314760,0.0506854436,0.1107169196
0.0100000000,0.0596123388,0.0511046027,0.1107169415
0.0101666667,0.0592188693,0.0514980748,0.1107169440
0.0103333333,0.0588511125,0.0518658170,0.1107169295
0.0105000000,0.0585088411,0.0522080593,0.1107169004
0.0106666667,0.0581915925,0.0525252662,0.1107168588
0.0108333333,0.0578987057,0.0528181012,0.1107168069
0.0110000000,0.0576293548,0.0530873919,0.1107167468
0.0111666667,0.0573825818,0.0533340985,0.1107166803
0.0113333333,0.0571573258,0.0535592833,0.1107166091
0.0115000000,0.0569524508,0.0537640839,0.1107165347
0.0116666667,0.0567667698,0.0539496888,0.1107164586
0.0118333333,0.0565990666,0.0541173152,0.1107163818
0.0120000000,0.0564481154,0.0542681901,0.1107163055
0.0121666667,0.0563126968,0.0544035337,0.1107162305
0.0123333333,0.0561916122,0.0545245453,0.1107161575
0.0125000000,0.0560836953,0.0546323919,0.1107160872
0.0126666667,0.0559878217,0.0547281983,0.1107160199
0.0128333333,0.0559029162,0.0548130400,0.1107159561
0.0130000000,0.0558279584,0.0548879376,0.1107158960
0.0131666667,0.0557619868,0.0549538530,0.1107158397
0.0133333333,0.0557041011,0.0550116863,0.1107157874
0.0135000000,0.0556534636,0.0550622754,0.1107157389
0.0136666667,0.0556092989,0.0551063955,0.1107156944
0.0138333333,0.0555708938,0.0551447598,0.1107156536
0.0140000000,0.0555375952,0.0551780212,0.1107156164
0.0141666667,0.0555088081,0.0552067747,0.1107155827
0.0143333333,0.0554839931,0.0552315592,0.1107155523
0.0145000000,0.0554626636,0.0552528615,0.1107155250
0.0146666667,0.0554443820,0.0552711185,0.1107155006
0.0148333333,0.0554287573,0.0552867215,0.1107154788
0.0150000000,0.0554154408,0.0553000187,0.1107154595
0.0151666667,0.0554041231,0.0553113193,0.1107154425
0.0153333333,0.0553945311,0.0553208964,0.1107154274
0.0155000000,0.0553864239,0.0553289904,0.1107154143
0.0156666667,0.0553795906,0.0553358122,0.1107154028
0.0158333333,0.0553738467,0.0553415460,0.1107153928
0.0160000000,0.0553690317,0.0553463523,0.1107153841
0.0161666667,0.0553650063,0.0553503702,0.1107153766
0.0163333333,0.0553616501,0.0553537200,0.1107153701
0.0165000000,0.0553588593,0.0553565052,0.1107153645
0.0166666667,0.0553565449,0.0553588149,0.1107153598
0.0168333333,0.0553546307,0.0553607251,0.1107153557
0.0170000000,0.0553530516,0.0553623007,0.1107153523
0.0171666667,0.0553517525,0.0553635969,0.1107153494
0.0173333333,0.0553506865,0.0553646604,0.1107153469
0.0175000000,0.0553498141,0.0553655307,0.1107153448
0.0176666667,0.0553491020,0.0553662411,0.1107153431
0.0178333333,0.0553485223,0.0553668194,0.1107153416
0.0180000000,0.0553480515,0.0553672889,0.1107153404
0.0181666667,0.0553476703,0.0553676692,0.1107153394
0.0183333333,0.0553473623,0.0553679763,0.1107153386
0.0185000000,0.0553471141,0.0553682238,0.1107153379
0.0186666667,0.0553469147,0.0553684226,0.1107153373
0.0188333333,0.0553467549,0.0553685820,0.1107153369
0.0190000000,0.0553466271,0.0553687094,0.1107153365
0.0191666667,0.0553465251,0.0553688110,0.1107153362
0.0193333333,0.0553464441,0.0553688919,0.1107153359
0.0195000000,0.0553463797,0.0553689560,0.1107153357
0.0196666667,0.0553463288,0.0553690067,0.1107153355
0.0198333333,0.0553462886,0.0553690468,0.1107153354
0.0200000000,0.0553462570,0.0553690783,0.1107153353
0.0201666667,0.0553462321,0.0553691031,0.1107153352
0.0203333333,0.0553462127,0.0553691225,0.1107153351
0.0205000000,0.0553461975,0.0553691376,0.1107153351
0.0206666667,0.0553461856,0.0553691494,0.1107153350
0.0208333333,0.0553461764,0.0553691586,0.1107153350
0.0210000000,0.0553461692,0.0553691657,0.1107153350
0.0211666667,0.0553461637,0.0553691712,0.1107153349
0.0213333333,0.0553461594,0.0553691755,0.1107153349
0.0215000000,0.0553461561,0.0553691788,0.1107153349
0.0216666667,0.0553461536,0.0553691813,0.1107153349
0.0218333333,0.0553461517,0.0553691832,0.1107153349
0.0220000000,0.0553461502,0.0553691847,0.1107153349
0.0221666667,0.0553461491,0.0553691858,0.1107153349
0.0223333333,0.0553461482,0.0553691866,0.1107153349
0.0225000000,0.0553461476,0.0553691873,0.1107153349
0.0226666667,0.0553461471,0.0553691878,0.1107153349
0.0228333333,0.0553461467,0.0553691881,0.1107153349
0.0230000000,0.0553461464,0.0553691884,0.1107153349
0.0231666667,0.0553461462,0.0553691886,0.1107153349
0.0233333333,0.0553461461,0.0553691888,0.1107153349
0.0235000000,0.0553461460,0.0553691889,0.1107153349
0.0236666667,0.0553461459,0.0553691890,0.1107153349
0.0238333333,0.0553461458,0.0553691890,0.1107153349
0.0240000000,0.0553461458,0.0553691891,0.1107153349
0.0241666667,0.0553461457,0.0553691891,0.1107153349
0.0243333333,0.0553461457,0.0553691891,0.1107153349
0.0245000000,0.0553461457,0.0553691892,0.1107153349
0.0246666667,0.0553461457,0.0553691892,0.1107153349
0.0248333333,0.0553461457,0.0553691892,0.1107153349
0.0250000000,0.0553461457,0.0553691892,0.1107153349
0.0251666667,0.0553461457,0.0553691891,0.1107153349
0.0253333333,0.0553461458,0.0553691891,0.1107153349
0.0255000000,0.0553461458,0.0553691891,0.1107153349
0.0256666667,0.0553461458,0.0553691890,0.1107153349
0.0258333333,0.0553461459,0.0553691890,0.1107153349
0.0260000000,0.0553461460,0.0553691889,0.1107153349
0.0261666667,0.0553461461,0.0553691887,0.1107153349
0.0263333333,0.0553461463,0.0553691885,0.1107153349
0.0265000000,0.0553461466,0.0553691883,0.1107153349
0.0266666667,0.0553461469,0.0553691880,0.1107153349
0.0268333333,0.0553461473,0.0553691876,0.1107153349
0.0270000000,0.0553461479,0.0553691870,0.1107153349
0.0271666667,0.0553461486,0.0553691863,0.1107153349
0.0273333333,0.0553461496,0.0553691853,0.1107153349
0.0275000000,0.0553461509,0.0553691840,0.1107153349
0.0276666667,0.0553461525,0.0553691824,0.1107153349
0.0278333333,0.0553461547,0.0553691802,0.1107153349
0.0280000000,0.0553461576,0.0553691773,0.1107153349
0.0281666667,0.0553461614,0.0553691736,0.1107153349
0.0283333333,0.0553461662,0.0553691687,0.1107153350
0.0285000000,0.0553461725,0.0553691625,0.1107153350
0.0286666667,0.0553461807,0.0553691543,0.1107153350
0.0288333333,0.0553461912,0.0553691438,0.1107153351
0.0290000000,0.0553462048,0.0553691303,0.1107153351
0.0291666667,0.0553462222,0.0553691130,0.1107153352
0.0293333333,0.0553462445,0.0553690908,0.1107153353
0.0295000000,0.0553462730,0.0553690624,0.1107153354
0.0296666667,0.0553463093,0.0553690262,0.1107153355
0.0298333333,0.0553463555,0.0553689801,0.1107153356
0.0300000000,0.0553464141,0.0553689217,0.1107153358
0.0301666667,0.0553464882,0.0553688478,0.1107153361
0.0303333333,0.0553465818,0.0553687546,0.1107153364
0.0305000000,0.0553466996,0.0553686371,0.1107153367
0.0306666667,0.0553468476,0.0553684896,0.1107153372
0.0308333333,0.0553470331,0.0553683047,0.1107153377
0.0310000000,0.0553472648,0.0553680736,0.1107153384
0.0311666667,0.0553475537,0.0553677855,0.1107153392
0.0313333333,0.0553479130,0.0553674272,0.1107153402
0.0315000000,0.0553483587,0.0553669828,0.1107153414
0.0316666667,0.0553489102,0.0553664327,0.1107153429
0.0318333333,0.0553495908,0.0553657538,0.1107153447
0.0320000000,0.0553504288,0.0553649179,0.1107153468
0.0321666667,0.0553514579,0.0553638914,0.1107153493
0.0323333333,0.0553527184,0.0553626339,0.1107153523
0.0325000000,0.0553542584,0.0553610974,0.1107153558
0.0326666667,0.0553561353,0.0553592248,0.1107153601
0.0328333333,0.0553584166,0.0553569484,0.1107153650
0.0330000000,0.0553611826,0.0553541883,0.1107153709
0.0331666667,0.0553645275,0.0553508504,0.1107153778
0.0333333333,0.0553685619,0.0553468240,0.1107153859
0.0335000000,0.0553734153,0.0553419800,0.1107153953
0.0336666667,0.0553792389,0.0553361674,0.1107154063
0.0338333333,0.0553862081,0.0553292109,0.1107154189
0.0340000000,0.0553945263,0.0553209073,0.1107154336
0.0341666667,0.0554044283,0.0553110221,0.1107154504
0.0343333333,0.0554161845,0.0552992853,0.1107154698
0.0345000000,0.0554301045,0.0552853873,0.1107154918
0.0346666667,0.0554465424,0.0552689746,0.1107155170
0.0348333333,0.0554659011,0.0552496445,0.1107155455
0.0350000000,0.0554886374,0.0552269403,0.1107155777
0.0351666667,0.0555152677,0.0552003463,0.1107156140
0.0353333333,0.0555463729,0.0551692817,0.1107156547
0.0355000000,0.0555826042,0.0551330958,0.1107157000
0.0356666667,0.0556246885,0.0550910620,0.1107157505
0.0358333333,0.0556734336,0.0550423728,0.1107158063
0.0360000000,0.0557297336,0.0549861342,0.1107158679
0.0361666667,0.0557945737,0.0549213617,0.1107159353
0.0363333333,0.0558690337,0.0548469753,0.1107160090
0.0365000000,0.0559542920,0.0547617970,0.1107160889
0.0366666667,0.0560516277,0.0546645475,0.1107161752
0.0368333333,0.0561624219,0.0545538460,0.1107162679
0.0370000000,0.0562881571,0.0544282097,0.1107163668
0.0371666667,0.0564304153,0.0542860564,0.1107164717
0.0373333333,0.0565908735,0.0541257086,0.1107165821
0.0375000000,0.0567712977,0.0539453998,0.1107166975
0.0376666667,0.0569735331,0.0537432841,0.1107168172
0.0378333333,0.0571994919,0.0535174482,0.1107169401
0.0380000000,0.0574511381,0.0532659269,0.1107170650
0.0381666667,0.0577304682,0.0529867224,0.1107171906
0.0383333333,0.0580394880,0.0526778271,0.1107173151
0.0385000000,0.0583801859,0.0523372507,0.1107174366
0.0386666667,0.0587545016,0.0519630513,0.1107175529
0.0388333333,0.0591642902,0.0515533712,0.1107176614
0.0390000000,0.0596112824,0.0511064770,0.1107177594
0.0391666667,0.0600970404,0.0506208035,0.1107178439
0.0393333333,0.0606229089,0.0500950026,0.1107179115
0.0395000000,0.0611899634,0.0495279955,0.1107179588
0.0396666667,0.0617989535,0.0489190287,0.1107179822
0.0398333333,0.0624502446,0.0482677330,0.1107179776
0.0400000000,0.0631437565,0.0475741848,0.1107179413
0.0401666667,0.0638789006,0.0468389687,0.1107178693
0.0403333333,0.0646545165,0.0460632411,0.1107177576
0.0405000000,0.0654688095,0.0452487930,0.1107176024
0.0406666667,0.0663192896,0.0443981106,0.1107174002
0.0408333333,0.0672027136,0.0435144338,0.1107171475
0.0410000000,0.0681150326,0.0426018088,0.1107168414
0.0411666667,0.0690513445,0.0416651350,0.1107164796
0.0413333333,0.0700058563,0.0407102038,0.1107160601
0.0415000000,0.0709718544,0.0397437276,0.1107155819
0.0416666667,0.0719416874,0.0387733574,0.1107150448
0.0418333333,0.0729067620,0.0378076872,0.1107144493
0.0420000000,0.0738575536,0.0368562435,0.1107137971
0.0421666667,0.0747836328,0.0359294582,0.1107130910
0.0423333333,0.0756737107,0.0350386243,0.1107123351
0.0425000000,0.0765157023,0.0341958321,0.1107115344
0.0426666667,0.0772968094,0.0334138861,0.1107106955
0.0428333333,0.0780036248,0.0327062012,0.1107098261
0.0430000000,0.0786222565,0.0320866787,0.1107089352
0.0431666667,0.0791384717,0.0315695615,0.1107080332
0.0433333333,0.0795378613,0.0311692702,0.1107071315
0.0435000000,0.0798060224,0.0309002201,0.1107062425
0.0436666667,0.0799287581,0.0307766216,0.1107053797
0.0438333333,0.0798922918,0.0308122654,0.1107045572
0.0440000000,0.0796834937,0.0310202962,0.1107037899
0.0441666667,0.0792901167,0.0314129761,0.1107030928
0.0443333333,0.0787010374,0.0320014437,0.1107024811
0.0445000000,0.0779064990,0.0327954709,0.1107019699
0.0446666667,0.0768983516,0.0338032222,0.1107015738
0.0448333333,0.0756702845,0.0350310220,0.1107013065
0.0450000000,0.0742180474,0.0364831335,0.1107011809
0.0451666667,0.0725396532,0.0381615552,0.1107012083
0.0453333333,0.0706355600,0.0400658385,0.1107013985
0.0455000000,0.0685088260,0.0421929332,0.1107017591
0.0456666667,0.0661652323,0.0445370635,0.1107022958
0.0458333333,0.0636133712,0.0470896402,0.1107030114
0.0460000000,0.0608646944,0.0498392121,0.1107039065
0.0461666667,0.0579335187,0.0527714599,0.1107049786
0.0463333333,0.0548369866,0.0558692357,0.1107062223
0.0465000000,0.0515949803,0.0591126489,0.1107076292
0.0466666667,0.0482299875,0.0624792005,0.1107091880
0.0468333333,0.0447669197,0.0659439646,0.1107108843
0.0470000000,0.0412328842,0.0694798169,0.1107127011
0.0471666667,0.0376569108,0.0730577079,0.1107146187
0.0473333333,0.0340696369,0.0766469782,0.1107166151
0.0475000000,0.0305029555,0.0802157105,0.1107186660
0.0476666667,0.0269896297,0.0837311160,0.1107207457
0.0478333333,0.0235628804,0.0871599466,0.1107228271
0.0480000000,0.0202559537,0.0904689284,0.1107248821
0.0481666667,0.0171016742,0.0936252084,0.1107268826
0.0483333333,0.0141319928,0.0965968075,0.1107288002
0.0485000000,0.0113775367,0.0993530709,0.1107306075
0.0486666667,0.0088671691,0.1018651088,0.1107322780
0.0488333333,0.0066275680,0.1041062189,0.1107337868
0.0490000000,0.0046828296,0.1060522819,0.1107351114
0.0491666667,0.0030541070,0.1076821246,0.1107362316
0.0493333333,0.0017592888,0.1089778413,0.1107371302
0.0495000000,0.0008127243,0.1099250689,0.1107377932
0.0496666667,0.0002250013,0.1105132090,0.1107382104
0.0498333333,0.0000027810,0.1107355940,0.1107383750
0.0500000000,0.0001486921,0.1105895923,0.1107382844
0.0501666667,0.0006612877,0.1100766521,0.1107379398
0.0503333333,0.0015350652,0.1092022812,0.1107373465
0.0505000000,0.0027605487,0.1079759646,0.1107365133
0.0506666667,0.0043244324,0.1064110206,0.1107354530
0.0508333333,0.0062097833,0.1045243983,0.1107341815
0.0510000000,0.0083962970,0.1023364212,0.1107327182
0.0511666667,0.0108606041,0.0998704807,0.1107310849
0.0513333333,0.0135766192,0.0971526864,0.1107293057
0.0515000000,0.0165159272,0.0942114795,0.1107274067
0.0516666667,0.0196481989,0.0910772164,0.1107254153
0.0518333333,0.0229416285,0.0877817312,0.1107233597
0.0520000000,0.0263633842,0.0843578844,0.1107212685
0.0521666667,0.0298800644,0.0808391059,0.1107191702
0.0523333333,0.0334581512,0.0772589412,0.1107170924
0.0525000000,0.0370644536,0.0736506082,0.1107150618
0.0526666667,0.0406665315,0.0700465719,0.1107131034
0.0528333333,0.0442330967,0.0664781436,0.1107112403
0.0530000000,0.0477343806,0.0629751126,0.1107094933
0.0531666667,0.0511424678,0.0595654128,0.1107078806
0.0533333333,0.0544315868,0.0562748310,0.1107064178
0.0535000000,0.0575783577,0.0531267597,0.1107051174
0.0536666667,0.0605619926,0.0501419962,0.1107039888
0.0538333333,0.0633644478,0.0473385909,0.1107030386
0.0540000000,0.0659705272,0.0447317430,0.1107022703
0.0541666667,0.0683679379,0.0423337463,0.1107016842
0.0543333333,0.0705472983,0.0401539799,0.1107012782
0.0545000000,0.0725021024,0.0381989450,0.1107010474
0.0546666667,0.0742286426,0.0364723419,0.1107009845
0.0548333333,0.0757258940,0.0349751862,0.1107010802
0.0550000000,0.0769953658,0.0337059576,0.1107013234
0.0551666667,0.0780409232,0.0326607781,0.1107017013
0.0553333333,0.0788685856,0.0318336145,0.1107022001
0.0555000000,0.0794863047,0.0312165004,0.1107028051
0.0556666667,0.0799037298,0.0307997712,0.1107035009
0.0558333333,0.0801319626,0.0305723094,0.1107042720
0.0560000000,0.0801833091,0.0305217937,0.1107051028
0.0561666667,0.0800710310,0.0306349470,0.1107059780
0.0563333333,0.0798091015,0.0308977813,0.1107068828
0.0565000000,0.0794119703,0.0312958330,0.1107078033
0.0566666667,0.0788943393,0.0318143871,0.1107087264
0.0568333333,0.0782709539,0.0324386861,0.1107096400
0.0570000000,0.0775564102,0.0331541231,0.1107105333
0.0571666667,0.0767649822,0.0339464145,0.1107113967
0.0573333333,0.0759104678,0.0348017542,0.1107122220
0.0575000000,0.0750060567,0.0357069453,0.1107130021
0.0576666667,0.0740642192,0.0366495122,0.1107137314
0.0578333333,0.0730966162,0.0376177895,0.1107144057
0.0580000000,0.0721140296,0.0386009921,0.1107150218
0.0581666667,0.0711263134,0.0395892644,0.1107155778
0.0583333333,0.0701423623,0.0405737106,0.1107160729
0.0585000000,0.0691700986,0.0415464087,0.1107165073
0.0586666667,0.0682164747,0.0425004073,0.1107168820
0.0588333333,0.0672874893,0.0434297095,0.1107171988
0.0590000000,0.0663882159,0.0443292443,0.1107174602
0.0591666667,0.0655228425,0.0451948266,0.1107176691
0.0593333333,0.0646947192,0.0460231098,0.1107178291
0.0595000000,0.0639064128,0.0468115310,0.1107179438
0.0596666667,0.0631597667,0.0475582506,0.1107180172
0.0598333333,0.0624559640,0.0482620895,0.1107180535
0.0600000000,0.0617955936,0.0489224631,0.1107180568
0.0601666667,0.0611787156,0.0495393155,0.1107180311
0.0603333333,0.0606049272,0.0501130533,0.1107179805
0.0605000000,0.0600734271,0.0506444818,0.1107179089
0.0606666667,0.0595830768,0.0511347432,0.1107178199
0.0608333333,0.0591324593,0.0515852577,0.1107177170
0.0610000000,0.0587199342,0.0519976691,0.1107176033
0.0611666667,0.0583436885,0.0523737933,0.1107174818
0.0613333333,0.0580017825,0.0527155724,0.1107173550
0.0615000000,0.0576921925,0.0530250328,0.1107172253
0.0616666667,0.0574128470,0.0533042477,0.1107170947
0.0618333333,0.0571616599,0.0535553050,0.1107169649
0.0620000000,0.0569365587,0.0537802788,0.1107168376
0.0621666667,0.0567355079,0.0539812059,0.1107167138
0.0623333333,0.0565565288,0.0541600658,0.1107165946
0.0625000000,0.0563977159,0.0543187648,0.1107164807
0.0626666667,0.0562572488,0.0544591240,0.1107163728
0.0628333333,0.0561334021,0.0545828692,0.1107162713
0.0630000000,0.0560245513,0.0546916250,0.1107161763
0.0631666667,0.0559291774,0.0547869107,0.1107160881
0.0633333333,0.0558458684,0.0548701381,0.1107160065
0.0635000000,0.0557733195,0.0549426121,0.1107159316
0.0636666667,0.0557103314,0.0550055317,0.1107158631
0.0638333333,0.0556558076,0.0550599932,0.1107158008
0.0640000000,0.0556087509,0.0551069935,0.1107157444
0.0641666667,0.0555682581,0.0551474355,0.1107156936
0.0643333333,0.0555335155,0.0551821325,0.1107156480
0.0645000000,0.0555037932,0.0552118141,0.1107156073
0.0646666667,0.0554784391,0.0552371320,0.1107155711
0.0648333333,0.0554568733,0.0552586658,0.1107155391
0.0650000000,0.0554385820,0.0552769288,0.1107155108
0.0651666667,0.0554231121,0.0552923738,0.1107154859
0.0653333333,0.0554100653,0.0553053989,0.1107154642
0.0655000000,0.0553990930,0.0553163522,0.1107154452
0.0656666667,0.0553898911,0.0553255376,0.1107154287
0.0658333333,0.0553821954,0.0553332191,0.1107154145
0.0660000000,0.0553757772,0.0553396249,0.1107154022
0.0661666667,0.0553704393,0.0553449523,0.1107153916
0.0663333333,0.0553660119,0.0553493706,0.1107153825
0.0665000000,0.0553623499,0.0553530249,0.1107153748
0.0666666667,0.0553593292,0.0553560391,0.1107153682
0.0668333333,0.0553568442,0.0553585185,0.1107153627
0.0670000000,0.0553548055,0.0553605524,0.1107153579
0.0671666667,0.0553531375,0.0553622165,0.1107153540
0.0673333333,0.0553517764,0.0553635742,0.1107153506
0.0675000000,0.0553506688,0.0553646790,0.1107153479
0.0676666667,0.0553497699,0.0553655757,0.1107153455
0.0678333333,0.0553490422,0.0553663014,0.1107153436
0.0680000000,0.0553484548,0.0553668872,0.1107153420
0.0681666667,0.0553479819,0.0553673588,0.1107153407
0.0683333333,0.0553476021,0.0553677375,0.1107153396
0.0685000000,0.0553472980,0.0553680407,0.1107153387
0.0686666667,0.0553470550,0.0553682829,0.1107153379
0.0688333333,0.0553468615,0.0553684758,0.1107153373
0.0690000000,0.0553467078,0.0553686291,0.1107153368
0.0691666667,0.0553465859,0.0553687505,0.1107153365
0.0693333333,0.0553464896,0.0553688465,0.1107153361
0.0695000000,0.0553464137,0.0553689222,0.1107153359
0.0696666667,0.0553463540,0.0553689817,0.1107153357
0.0698333333,0.0553463072,0.0553690283,0.1107153355
0.0700000000,0.0553462706,0.0553690648,0.1107153354
0.0701666667,0.0553462421,0.0553690932,0.1107153353
0.0703333333,0.0553462198,0.0553691153,0.1107153352
0.0705000000,0.0553462026,0.0553691325,0.1107153351
0.0706666667,0.0553461892,0.0553691458,0.1107153351
0.0708333333,0.0553461789,0.0553691561,0.1107153350
0.0710000000,0.0553461710,0.0553691640,0.1107153350
0.0711666667,0.0553461649,0.0553691700,0.1107153350
0.0713333333,0.0553461603,0.0553691747,0.1107153349
0.0715000000,0.0553461567,0.0553691782,0.1107153349
0.0716666667,0.0553461540,0.0553691809,0.1107153349
0.0718333333,0.0553461519,0.0553691830,0.1107153349
0.0720000000,0.0553461503,0.0553691845,0.1107153349
0.0721666667,0.0553461492,0.0553691857,0.1107153349
0.0723333333,0.0553461483,0.0553691866,0.1107153349
0.0725000000,0.0553461476,0.0553691873,0.1107153349
0.0726666667,0.0553461471,0.0553691878,0.1107153349
0.0728333333,0.0553461467,0.0553691882,0.1107153349
0.0730000000,0.0553461464,0.0553691884,0.1107153349
0.0731666667,0.0553461462,0.0553691886,0.1107153349
0.0733333333,0.0553461461,0.0553691888,0.1107153349
0.0735000000,0.0553461460,0.0553691889,0.1107153349
0.0736666667,0.0553461459,0.0553691890,0.1107153349
0.0738333333,0.0553461458,0.0553691891,0.1107153349
0.0740000000,0.0553461458,0.0553691891,0.1107153349
0.0741666667,0.0553461457,0.0553691891,0.1107153349
0.0743333333,0.0553461457,0.0553691892,0.1107153349
0.0745000000,0.0553461457,0.0553691892,0.1107153349
0.0746666667,0.0553461457,0.0553691892,0.1107153349
0.0748333333,0.0553461457,0.0553691892,0.1107153349
0.0750000000,0.0553461457,0.0553691892,0.1107153349
0.0751666667,0.0553461457,0.0553691891,0.1107153349
0.0753333333,0.0553461458,0.0553691891,0.1107153349
0.0755000000,0.0553461458,0.0553691891,0.1107153349
0.0756666667,0.0553461459,0.0553691890,0.1107153349
0.0758333333,0.0553461459,0.0553691889,0.1107153349
0.0760000000,0.0553461460,0.0553691888,0.1107153349
0.0761666667,0.0553461462,0.0553691887,0.1107153349
0.0763333333,0.0553461463,0.0553691885,0.1107153349
0.0765000000,0.0553461466,0.0553691883,0.1107153349
0.0766666667,0.0553461469,0.0553691880,0.1107153349
0.0768333333,0.0553461473,0.0553691876,0.1107153349
0.0770000000,0.0553461478,0.0553691871,0.1107153349
0.0771666667,0.0553461485,0.0553691864,0.1107153349
0.0773333333,0.0553461494,0.0553691855,0.1107153349
0.0775000000,0.0553461506,0.0553691843,0.1107153349
0.0776666667,0.0553461522,0.0553691827,0.1107153349
0.0778333333,0.0553461542,0.0553691807,0.1107153349
0.0780000000,0.0553461568,0.0553691781,0.1107153349
0.0781666667,0.0553461602,0.0553691747,0.1107153349
0.0783333333,0.0553461646,0.0553691704,0.1107153349
0.0785000000,0.0553461702,0.0553691648,0.1107153350
0.0786666667,0.0553461774,0.0553691576,0.1107153350
0.0788333333,0.0553461867,0.0553691483,0.1107153350
0.0790000000,0.0553461986,0.0553691365,0.1107153351
0.0791666667,0.0553462137,0.0553691214,0.1107153351
0.0793333333,0.0553462330,0.0553691022,0.1107153352
0.0795000000,0.0553462575,0.0553690778,0.1107153353
0.0796666667,0.0553462885,0.0553690469,0.1107153354
0.0798333333,0.0553463277,0.0553690078,0.1107153355
0.0800000000,0.0553463771,0.0553689586,0.1107153357
0.0801666667,0.0553464392,0.0553688967,0.1107153359
0.0803333333,0.0553465171,0.0553688189,0.1107153361
0.0805000000,0.0553466147,0.0553687216,0.1107153364
0.0806666667,0.0553467366,0.0553686001,0.1107153367
0.0808333333,0.0553468884,0.0553684488,0.1107153372
0.0810000000,0.0553470770,0.0553682607,0.1107153377
0.0811666667,0.0553473108,0.0553680275,0.1107153383
0.0813333333,0.0553476000,0.0553677391,0.1107153391
0.0815000000,0.0553479567,0.0553673833,0.1107153400
0.0816666667,0.0553483956,0.0553669455,0.1107153411
0.0818333333,0.0553489344,0.0553664080,0.1107153424
0.0820000000,0.0553495942,0.0553657498,0.1107153440
0.0821666667,0.0553504001,0.0553649457,0.1107153458
0.0823333333,0.0553513821,0.0553639660,0.1107153480
0.0825000000,0.0553525756,0.0553627751,0.1107153506
0.0826666667,0.0553540225,0.0553613312,0.1107153537
0.0828333333,0.0553557723,0.0553595850,0.1107153573
0.0830000000,0.0553578831,0.0553574785,0.1107153616
0.0831666667,0.0553604228,0.0553549437,0.1107153665
0.0833333333,0.0553634709,0.0553519014,0.1107153723
0.0835000000,0.0553671197,0.0553482593,0.1107153790
0.0836666667,0.0553714764,0.0553439103,0.1107153867
0.0838333333,0.0553766650,0.0553387306,0.1107153956
0.0840000000,0.0553828282,0.0553325776,0.1107154058
0.0841666667,0.0553901301,0.0553252874,0.1107154176
0.0843333333,0.0553987584,0.0553166725,0.1107154309
0.0845000000,0.0554089271,0.0553065190,0.1107154461
0.0846666667,0.0554208795,0.0552945838,0.1107154633
0.0848333333,0.0554348909,0.0552805918,0.1107154827
0.0850000000,0.0554512720,0.0552642325,0.1107155045
0.0851666667,0.0554703717,0.0552451571,0.1107155288
0.0853333333,0.0554925807,0.0552229753,0.1107155560
0.0855000000,0.0555183343,0.0551972519,0.1107155862
0.0856666667,0.0555481156,0.0551675039,0.1107156196
0.0858333333,0.0555824587,0.0551331976,0.1107156563
0.0860000000,0.0556219508,0.0550937456,0.1107156964
0.0861666667,0.0556672355,0.0550485048,0.1107157402
0.0863333333,0.0557190135,0.0549967743,0.1107157877
0.0865000000,0.0557780449,0.0549377941,0.1107158390
0.0866666667,0.0558451492,0.0548707447,0.1107158939
0.0868333333,0.0559212053,0.0547947472,0.1107159525
0.0870000000,0.0560071497,0.0547088648,0.1107160145
0.0871666667,0.0561039746,0.0546121052,0.1107160797
0.0873333333,0.0562127231,0.0545034247,0.1107161479
0.0875000000,0.0563344845,0.0543817339,0.1107162184
0.0876666667,0.0564703863,0.0542459045,0.1107162908
0.0878333333,0.0566215855,0.0540947789,0.1107163643
0.0880000000,0.0567892568,0.0539271814,0.1107164382
0.0881666667,0.0569745796,0.0537419317,0.1107165113
0.0883333333,0.0571787217,0.0535378609,0.1107165826
0.0885000000,0.0574028208,0.0533138299,0.1107166507
0.0886666667,0.0576479640,0.0530687502,0.1107167142
0.0888333333,0.0579151640,0.0528016074,0.1107167714
0.0890000000,0.0582053334,0.0525114873,0.1107168207
0.0891666667,0.0585192557,0.0521976043,0.1107168599
0.0893333333,0.0588575553,0.0518593320,0.1107168872
0.0895000000,0.0592206643,0.0514962361,0.1107169003
0.0896666667,0.0596087881,0.0511081090,0.1107168971
0.0898333333,0.0600218697,0.0506950054,0.1107168751
0.0900000000,0.0604595524,0.0502572796,0.1107168321
0.0901666667,0.0609211435,0.0497956222,0.1107167657
0.0903333333,0.0614055767,0.0493110971,0.1107166738
0.0905000000,0.0619113768,0.0488051773,0.1107165541
0.0906666667,0.0624366257,0.0482797791,0.1107164048
0.0908333333,0.0629789310,0.0477372931,0.1107162241
0.0910000000,0.0635353986,0.0471806120,0.1107160106
0.0911666667,0.0641026097,0.0466131535,0.1107157631
0.0913333333,0.0646766034,0.0460388777,0.1107154810
0.0915000000,0.0652528662,0.0454622979,0.1107151642
0.0916666667,0.0658263292,0.0448884836,0.1107148129
0.0918333333,0.0663913733,0.0443230547,0.1107144281
0.0920000000,0.0669418448,0.0437721666,0.1107140113
0.0921666667,0.0674710806,0.0432424844,0.1107135650
0.0923333333,0.0679719453,0.0427411467,0.1107130920
0.0925000000,0.0684368788,0.0422757174,0.1107125962
0.0926666667,0.0688579567,0.0418541253,0.1107120820
0.0928333333,0.0692269625,0.0414845922,0.1107115547
0.0930000000,0.0695354715,0.0411755489,0.1107110203
0.0931666667,0.0697749466,0.0409355389,0.1107104855
0.0933333333,0.0699368452,0.0407731123,0.1107099575
0.0935000000,0.0700127361,0.0406967083,0.1107094444
0.0936666667,0.0699944249,0.0407145293,0.1107089543
0.0938333333,0.0698740878,0.0408344082,0.1107084960
0.0940000000,0.0696444096,0.0410636687,0.1107080784
0.0941666667,0.0692987269,0.0414089836,0.1107077105
0.0943333333,0.0688311710,0.0418762302,0.1107074012
0.0945000000,0.0682368111,0.0424703482,0.1107071592
0.0946666667,0.0675117919,0.0431952009,0.1107069928
0.0948333333,0.0666534661,0.0440534435,0.1107069096
0.0950000000,0.0656605162,0.0450464003,0.1107069165
0.0951666667,0.0645330639,0.0461739554,0.1107070193
0.0953333333,0.0632727645,0.0474344584,0.1107072229
0.0955000000,0.0618828829,0.0488246479,0.1107075308
0.0956666667,0.0603683486,0.0503395963,0.1107079449
0.0958333333,0.0587357885,0.0519726772,0.1107084658
0.0960000000,0.0569935339,0.0537155583,0.1107090922
0.0961666667,0.0551516013,0.0555582199,0.1107098212
0.0963333333,0.0532216461,0.0574890020,0.1107106482
0.0965000000,0.0512168869,0.0594946797,0.1107115666
0.0966666667,0.0491520024,0.0615605660,0.1107125683
0.0968333333,0.0470429998,0.0636706435,0.1107136434
0.0970000000,0.0449070572,0.0658077231,0.1107147803
0.0971666667,0.0427623395,0.0679536267,0.1107159662
0.0973333333,0.0406277928,0.0700893941,0.1107171869
0.0975000000,0.0385229180,0.0721955092,0.1107184272
0.0976666667,0.0364675273,0.0742521437,0.1107196710
0.0978333333,0.0344814884,0.0762394133,0.1107209017
0.0980000000,0.0325844594,0.0781376431,0.1107221025
0.0981666667,0.0307956194,0.0799276371,0.1107232565
0.0983333333,0.0291333989,0.0815909483,0.1107243471
0.0985000000,0.0276152163,0.0831101422,0.1107253585
0.0986666667,0.0262572234,0.0844690522,0.1107262756
0.0988333333,0.0250740660,0.0856530186,0.1107270846
0.0990000000,0.0240786634,0.0866491098,0.1107277732
0.0991666667,0.0232820120,0.0874463188,0.1107283308
0.0993333333,0.0226930151,0.0880357335,0.1107287486
0.0995000000,0.0223183446,0.0884106755,0.1107290200
0.0996666667,0.0221623351,0.0885668056,0.1107291408
0.0998333333,0.0222269144,0.0885021943,0.1107291087
0.1000000000,0.0225115699,0.0882173542,0.1107289241
0.1001666667,0.0230133542,0.0877152356,0.1107285898
0.1003333333,0.0237269268,0.0870011837,0.1107281105
0.1005000000,0.0246446342,0.0860828594,0.1107274936
0.1006666667,0.0257566243,0.0849701240,0.1107267483
0.1008333333,0.0270509942,0.0836748915,0.1107258857
0.1010000000,0.0285139691,0.0822109497,0.1107249188
0.1011666667,0.0301301068,0.0805937550,0.1107238618
0.1013333333,0.0318825263,0.0788402039,0.1107227302
0.1015000000,0.0337531544,0.0769683859,0.1107215403
0.1016666667,0.0357229866,0.0749973224,0.1107203090
0.1018333333,0.0377723569,0.0729466967,0.1107190535
0.1020000000,0.0398812120,0.0708365791,0.1107177910
0.1021666667,0.0420293849,0.0686871533,0.1107165382
0.1023333333,0.0441968629,0.0665184484,0.1107153113
0.1025000000,0.0463640459,0.0643500796,0.1107141255
0.1026666667,0.0485119898,0.0622010053,0.1107129950
0.1028333333,0.0506226329,0.0600892998,0.1107119327
0.1030000000,0.0526790002,0.0580319496,0.1107109497
0.1031666667,0.0546653836,0.0560446722,0.1107100558
0.1033333333,0.0565674964,0.0541417624,0.1107092588
0.1035000000,0.0583725986,0.0523359662,0.1107085648
0.1036666667,0.0600695940,0.0506383839,0.1107079780
0.1038333333,0.0616490983,0.0490584024,0.1107075007
0.1040000000,0.0631034764,0.0476036572,0.1107071336
0.1041666667,0.0644268529,0.0462800227,0.1107068756
0.1043333333,0.0656150945,0.0450916295,0.1107067240
0.1045000000,0.0666657666,0.0440409080,0.1107066746
0.1046666667,0.0675780680,0.0431286539,0.1107067219
0.1048333333,0.0683527429,0.0423541166,0.1107068594
0.1050000000,0.0689919761,0.0417151034,0.1107070795
0.1051666667,0.0694992728,0.0412081012,0.1107073739
0.1053333333,0.0698793254,0.0408284084,0.1107077338
0.1055000000,0.0701378725,0.0405702773,0.1107081497
0.1056666667,0.0702815509,0.0404270616,0.1107086124
0.1058333333,0.0703177450,0.0403913674,0.1107091124
0.1060000000,0.0702544358,0.0404552045,0.1107096404
0.1061666667,0.0701000525,0.0406101348,0.1107101873
0.1063333333,0.0698633282,0.0408474164,0.1107107445
0.1065000000,0.0695531634,0.0411581408,0.1107113042
0.1066666667,0.0691784975,0.0415333613,0.1107118588
0.1068333333,0.0687481903,0.0419642113,0.1107124016
0.1070000000,0.0682709155,0.0424420113,0.1107129268
0.1071666667,0.0677550655,0.0429583637,0.1107134291
0.1073333333,0.0672086697,0.0435052347,0.1107139044
0.1075000000,0.0666393254,0.0440750237,0.1107143490
0.1076666667,0.0660541411,0.0446606192,0.1107147603
0.1078333333,0.0654596939,0.0452554424,0.1107151364
0.1080000000,0.0648619975,0.0458534784,0.1107154758
0.1081666667,0.0642664825,0.0464492958,0.1107157783
0.1083333333,0.0636779877,0.0470380560,0.1107160436
0.1085000000,0.0631007605,0.0476155121,0.1107162726
0.1086666667,0.0625384665,0.0481779997,0.1107164662
0.1088333333,0.0619942061,0.0487224198,0.1107166259
0.1090000000,0.0614705387,0.0492462149,0.1107167536
0.1091666667,0.0609695111,0.0497473402,0.1107168513
0.1093333333,0.0604926908,0.0502242304,0.1107169213
0.1095000000,0.0600412029,0.0506757631,0.1107169660
0.1096666667,0.0596157681,0.0511012199,0.1107169880
0.1098333333,0.0592167433,0.0515002465,0.1107169898
0.1100000000,0.0588441618,0.0518728120,0.1107169739
0.1101666667,0.0584977738,0.0522191689,0.1107169427
0.1103333333,0.0581770854,0.0525398133,0.1107168987
0.1105000000,0.0578813966,0.0528354474,0.1107168440
0.1106666667,0.0576098376,0.0531069433,0.1107167809
0.1108333333,0.0573614021,0.0533553091,0.1107167112
0.1110000000,0.0571349786,0.0535816581,0.1107166368
0.1111666667,0.0569293792,0.0537871800,0.1107165591
0.1113333333,0.0567433646,0.0539731152,0.1107164798
0.1115000000,0.0565756679,0.0541407321,0.1107163999
0.1116666667,0.0564250135,0.0542913072,0.1107163207
0.1118333333,0.0562901351,0.0544261078,0.1107162429
0.1120000000,0.0561697900,0.0545463774,0.1107161674
0.1121666667,0.0560627712,0.0546533236,0.1107160947
0.1123333333,0.0559679169,0.0547481085,0.1107160254
0.1125000000,0.0558841184,0.0548318413,0.1107159597
0.1126666667,0.0558103257,0.0549055723,0.1107158980
0.1128333333,0.0557455511,0.0549702892,0.1107158403
0.1130000000,0.0556888721,0.0550269147,0.1107157868
0.1131666667,0.0556394317,0.0550763056,0.1107157373
0.1133333333,0.0555964392,0.0551192528,0.1107156920
0.1135000000,0.0555591685,0.0551564821,0.1107156506
0.1136666667,0.0555269565,0.0551886564,0.1107156129
0.1138333333,0.0554992008,0.0552163781,0.1107155789
0.1140000000,0.0554753568,0.0552401915,0.1107155483
0.1141666667,0.0554549343,0.0552605866,0.1107155209
0.1143333333,0.0554374941,0.0552780023,0.1107154964
0.1145000000,0.0554226447,0.0552928300,0.1107154747
0.1146666667,0.0554100383,0.0553054173,0.1107154555
0.1148333333,0.0553993671,0.0553160715,0.1107154386
0.1150000000,0.0553903604,0.0553250634,0.1107154238
0.1151666667,0.0553827805,0.0553326304,0.1107154108
0.1153333333,0.0553764196,0.0553389800,0.1107153996
0.1155000000,0.0553710970,0.0553442928,0.1107153898
0.1156666667,0.0553666559,0.0553487255,0.1107153813
0.1158333333,0.0553629608,0.0553524133,0.1107153741
0.1160000000,0.0553598951,0.0553554727,0.1107153678
0.1161666667,0.0553573588,0.0553580037,0.1107153625
0.1163333333,0.0553552663,0.0553600917,0.1107153580
0.1165000000,0.0553535448,0.0553618093,0.1107153541
0.1166666667,0.0553521326,0.0553632183,0.1107153509
0.1168333333,0.0553509771,0.0553643710,0.1107153481
0.1170000000,0.0553500345,0.0553653113,0.1107153458
0.1171666667,0.0553492676,0.0553660763,0.1107153439
0.1173333333,0.0553486454,0.0553666969,0.1107153423
0.1175000000,0.0553481420,0.0553671990,0.1107153409
0.1176666667,0.0553477358,0.0553676040,0.1107153398
0.1178333333,0.0553474089,0.0553679300,0.1107153389
0.1180000000,0.0553471466,0.0553681915,0.1107153381
0.1181666667,0.0553469367,0.0553684008,0.1107153375
0.1183333333,0.0553467692,0.0553685678,0.1107153370
0.1185000000,0.0553466359,0.0553687007,0.1107153366
0.1186666667,0.0553465301,0.0553688062,0.1107153362
0.1188333333,0.0553464463,0.0553688897,0.1107153360
0.1190000000,0.0553463802,0.0553689556,0.1107153357
0.1191666667,0.0553463281,0.0553690074,0.1107153356
0.1193333333,0.0553462872,0.0553690482,0.1107153354
0.1195000000,0.0553462552,0.0553690801,0.1107153353
0.1196666667,0.0553462303,0.0553691050,0.1107153352
0.1198333333,0.0553462108,0.0553691243,0.1107153351
0.1200000000,0.0553461957,0.0553691394,0.1107153351
0.1201666667,0.0553461840,0.0553691511,0.1107153350
0.1203333333,0.0553461749,0.0553691601,0.1107153350
0.1205000000,0.0553461679,0.0553691670,0.1107153350
0.1206666667,0.0553461626,0.0553691724,0.1107153349
0.1208333333,0.0553461585,0.0553691764,0.1107153349
0.1210000000,0.0553461554,0.0553691796,0.1107153349
0.1211666667,0.0553461530,0.0553691819,0.1107153349
0.1213333333,0.0553461511,0.0553691837,0.1107153349
0.1215000000,0.0553461498,0.0553691851,0.1107153349
0.1216666667,0.0553461487,0.0553691862,0.1107153349
0.1218333333,0.0553461479,0.0553691869,0.1107153349
0.1220000000,0.0553461474,0.0553691875,0.1107153349
0.1221666667,0.0553461469,0.0553691880,0.1107153349
0.1223333333,0.0553461466,0.0553691883,0.1107153349
0.1225000000,0.0553461463,0.0553691885,0.1107153349
0.1226666667,0.0553461461,0.0553691887,0.1107153349
0.1228333333,0.0553461460,0.0553691889,0.1107153349
0.1230000000,0.0553461459,0.0553691890,0.1107153349
0.1231666667,0.0553461458,0.0553691890,0.1107153349
0.1233333333,0.0553461458,0.0553691891,0.1107153349
0.1235000000,0.0553461457,0.0553691891,0.1107153349
0.1236666667,0.0553461457,0.0553691891,0.1107153349
0.1238333333,0.0553461457,0.0553691892,0.1107153349
0.1240000000,0.0553461457,0.0553691892,0.1107153349
0.1241666667,0.0553461457,0.0553691892,0.1107153349
0.1243333333,0.0553461457,0.0553691892,0.1107153349
0.1245000000,0.0553461457,0.0553691891,0.1107153349
0.1246666667,0.0553461457,0.0553691891,0.1107153349
0.1248333333,0.0553461458,0.0553691891,0.1107153349
0.1250000000,0.0553461458,0.0553691890,0.1107153349
0.1251666667,0.0553461459,0.0553691890,0.1107153349
0.1253333333,0.0553461460,0.0553691889,0.1107153349
0.1255000000,0.0553461461,0.0553691888,0.1107153349
0.1256666667,0.0553461462,0.0553691886,0.1107153349
0.1258333333,0.0553461464,0.0553691884,0.1107153349
0.1260000000,0.0553461467,0.0553691882,0.1107153349
0.1261666667,0.0553461470,0.0553691878,0.1107153349
0.1263333333,0.0553461475,0.0553691874,0.1107153349
0.1265000000,0.0553461481,0.0553691868,0.1107153349
0.1266666667,0.0553461489,0.0553691860,0.1107153349
0.1268333333,0.0553461499,0.0553691849,0.1107153349
0.1270000000,0.0553461513,0.0553691836,0.1107153349
0.1271666667,0.0553461531,0.0553691818,0.1107153349
0.1273333333,0.0553461554,0.0553691795,0.1107153349
0.1275000000,0.0553461584,0.0553691766,0.1107153349
0.1276666667,0.0553461622,0.0553691727,0.1107153349
0.1278333333,0.0553461672,0.0553691677,0.1107153350
0.1280000000,0.0553461737,0.0553691613,0.1107153350
0.1281666667,0.0553461820,0.0553691530,0.1107153350
0.1283333333,0.0553461926,0.0553691424,0.1107153351
0.1285000000,0.0553462062,0.0553691289,0.1107153351
0.1286666667,0.0553462236,0.0553691116,0.1107153352
0.1288333333,0.0553462457,0.0553690895,0.1107153352
0.1290000000,0.0553462739,0.0553690614,0.1107153353
0.1291666667,0.0553463096,0.0553690258,0.1107153355
0.1293333333,0.0553463548,0.0553689808,0.1107153356
0.1295000000,0.0553464119,0.0553689239,0.1107153358
0.1296666667,0.0553464838,0.0553688522,0.1107153360
0.1298333333,0.0553465741,0.0553687622,0.1107153363
0.1300000000,0.0553466873,0.0553686493,0.1107153366
0.1301666667,0.0553468289,0.0553685081,0.1107153370
0.1303333333,0.0553470057,0.0553683319,0.1107153376
0.1305000000,0.0553472257,0.0553681125,0.1107153382
0.1306666667,0.0553474990,0.0553678400,0.1107153389
0.1308333333,0.0553478375,0.0553675023,0.1107153398
0.1310000000,0.0553482561,0.0553670849,0.1107153409
0.1311666667,0.0553487722,0.0553665701,0.1107153423
0.1313333333,0.0553494071,0.0553659368,0.1107153438
0.1315000000,0.0553501863,0.0553651595,0.1107153457
0.1316666667,0.0553511403,0.0553642077,0.1107153480
0.1318333333,0.0553523055,0.0553630452,0.1107153507
0.1320000000,0.0553537252,0.0553616287,0.1107153539
0.1321666667,0.0553554507,0.0553599070,0.1107153577
0.1323333333,0.0553575430,0.0553578192,0.1107153622
0.1325000000,0.0553600736,0.0553552938,0.1107153674
0.1326666667,0.0553631270,0.0553522466,0.1107153736
0.1328333333,0.0553668019,0.0553485789,0.1107153808
0.1330000000,0.0553712139,0.0553441753,0.1107153892
0.1331666667,0.0553764977,0.0553389012,0.1107153989
0.1333333333,0.0553828098,0.0553326004,0.1107154102
0.1335000000,0.0553903313,0.0553250920,0.1107154233
0.1336666667,0.0553992711,0.0553161672,0.1107154383
0.1338333333,0.0554098698,0.0553055856,0.1107154555
0.1340000000,0.0554224031,0.0552930720,0.1107154751
0.1341666667,0.0554371861,0.0552783114,0.1107154975
0.1343333333,0.0554545773,0.0552609456,0.1107155229
0.1345000000,0.0554749838,0.0552405679,0.1107155516
0.1346666667,0.0554988656,0.0552167184,0.1107155840
0.1348333333,0.0555267410,0.0551888793,0.1107156203
0.1350000000,0.0555591913,0.0551564696,0.1107156608
0.1351666667,0.0555968663,0.0551188397,0.1107157060
0.1353333333,0.0556404894,0.0550752667,0.1107157561
0.1355000000,0.0556908623,0.0550249490,0.1107158114
0.1356666667,0.0557488702,0.0549670019,0.1107158721
0.1358333333,0.0558154855,0.0549004531,0.1107159386
0.1360000000,0.0558917721,0.0548242388,0.1107160109
0.1361666667,0.0559788880,0.0547372013,0.1107160893
0.1363333333,0.0560780873,0.0546380864,0.1107161738
0.1365000000,0.0561907213,0.0545255430,0.1107162643
0.1366666667,0.0563182372,0.0543981234,0.1107163606
0.1368333333,0.0564621766,0.0542542860,0.1107164626
0.1370000000,0.0566241705,0.0540923993,0.1107165698
0.1371666667,0.0568059328,0.0539107489,0.1107166816
0.1373333333,0.0570092513,0.0537075460,0.1107167974
0.1375000000,0.0572359757,0.0534809403,0.1107169160
0.1376666667,0.0574880021,0.0532290344,0.1107170365
0.1378333333,0.0577672548,0.0529499025,0.1107171573
0.1380000000,0.0580756639,0.0526416130,0.1107172769
0.1381666667,0.0584151395,0.0523022539,0.1107173934
0.1383333333,0.0587875414,0.0519299633,0.1107175047
0.1385000000,0.0591946449,0.0515229634,0.1107176083
0.1386666667,0.0596381029,0.0510795988,0.1107177017
0.1388333333,0.0601194031,0.0505983787,0.1107177818
0.1390000000,0.0606398220,0.0500780237,0.1107178457
0.1391666667,0.0612003743,0.0495175156,0.1107178899
0.1393333333,0.0618017603,0.0489161506,0.1107179109
0.1395000000,0.0624443088,0.0482735963,0.1107179051
0.1396666667,0.0631279192,0.0475899494,0.1107178686
0.1398333333,0.0638520012,0.0468657966,0.1107177978
0.1400000000,0.0646154143,0.0461022746,0.1107176888
0.1401666667,0.0654164072,0.0453011308,0.1107175380
0.1403333333,0.0662525601,0.0444647818,0.1107173419
0.1405000000,0.0671207283,0.0435963689,0.1107170972
0.1406666667,0.0680169911,0.0426998100,0.1107168011
0.1408333333,0.0689366064,0.0417798448,0.1107164513
0.1410000000,0.0698739727,0.0408420730,0.1107160458
0.1411666667,0.0708226000,0.0398929836,0.1107155835
0.1413333333,0.0717750915,0.0389399726,0.1107150641
0.1415000000,0.0727231381,0.0379913500,0.1107144881
0.1416666667,0.0736575263,0.0370563306,0.1107138569
0.1418333333,0.0745681618,0.0361450112,0.1107131730
0.1420000000,0.0754441100,0.0352683302,0.1107124402
0.1421666667,0.0762736542,0.0344380089,0.1107116631
0.1423333333,0.0770443731,0.0336664747,0.1107108478
0.1425000000,0.0777432374,0.0329667643,0.1107100017
0.1426666667,0.0783567261,0.0323524071,0.1107091332
0.1428333333,0.0788709628,0.0318372893,0.1107082521
0.1430000000,0.0792718711,0.0314354981,0.1107073691
0.1431666667,0.0795453481,0.0311611482,0.1107064963
0.1433333333,0.0796774548,0.0310281917,0.1107056465
0.1435000000,0.0796546211,0.0310502122,0.1107048333
0.1436666667,0.0794638641,0.0312402068,0.1107040709
0.1438333333,0.0790930152,0.0316103589,0.1107033741
0.1440000000,0.0785309543,0.0321718033,0.1107027575
0.1441666667,0.0777678461,0.0329343899,0.1107022361
0.1443333333,0.0767953759,0.0339064481,0.1107018240
0.1445000000,0.0756069783,0.0350945569,0.1107015351
0.1446666667,0.0741980570,0.0365033252,0.1107013822
0.1448333333,0.0725661886,0.0381351882,0.1107013768
0.1450000000,0.0707113065,0.0399902224,0.1107015289
0.1451666667,0.0686358610,0.0420659858,0.1107018467
0.1453333333,0.0663449489,0.0443573874,0.1107023363
0.1455000000,0.0638464111,0.0468565903,0.1107030014
0.1456666667,0.0611508918,0.0495529515,0.1107038433
0.1458333333,0.0582718577,0.0524330027,0.1107048603
0.1460000000,0.0552255731,0.0554804751,0.1107060483
0.1461666667,0.0520310307,0.0586763691,0.1107073998
0.1463333333,0.0487098343,0.0619990704,0.1107089047
0.1465000000,0.0452860359,0.0654245139,0.1107105498
0.1466666667,0.0417859257,0.0689263935,0.1107123193
0.1468333333,0.0382377775,0.0724764170,0.1107141944
0.1470000000,0.0346715515,0.0760446028,0.1107161543
0.1471666667,0.0311185594,0.0795996163,0.1107181757
0.1473333333,0.0276110939,0.0831091398,0.1107202337
0.1475000000,0.0241820300,0.0865402718,0.1107223018
0.1476666667,0.0208644032,0.0898599495,0.1107243527
0.1478333333,0.0176909714,0.0930353869,0.1107263583
0.1480000000,0.0146937685,0.0960345222,0.1107282906
0.1481666667,0.0119036557,0.0988264663,0.1107301220
0.1483333333,0.0093498812,0.1013819445,0.1107318257
0.1485000000,0.0070596535,0.1036737230,0.1107333764
0.1486666667,0.0050577380,0.1056770129,0.1107347509
0.1488333333,0.0033660841,0.1073698439,0.1107359280
0.1490000000,0.0020034897,0.1087333999,0.1107368896
0.1491666667,0.0009853100,0.1097523106,0.1107376205
0.1493333333,0.0003232160,0.1104148931,0.1107381091
0.1495000000,0.0000250086,0.1107133387,0.1107383473
0.1496666667,0.0000944901,0.1106438408,0.1107383309
0.1498333333,0.0005313980,0.1102066618,0.1107380597
0.1500000000,0.0013314012,0.1094061363,0.1107375375
0.1501666667,0.0024861592,0.1082506126,0.1107367718
0.1503333333,0.0039834434,0.1067523306,0.1107357739
0.1505000000,0.0058073177,0.1049272411,0.1107345588
0.1506666667,0.0079383761,0.1027947684,0.1107331445
0.1508333333,0.0103540317,0.1003775202,0.1107315520
0.1510000000,0.0130288517,0.0977009531,0.1107298048
0.1511666667,0.0159349325,0.0947929960,0.1107279285
0.1513333333,0.0190423074,0.0916836427,0.1107259502
0.1515000000,0.0223193799,0.0884045182,0.1107238980
0.1516666667,0.0257333726,0.0849884281,0.1107218007
0.1518333333,0.0292507868,0.0814689004,0.1107196871
0.1520000000,0.0328378607,0.0778797247,0.1107175854
0.1521666667,0.0364610219,0.0742545011,0.1107155229
0.1523333333,0.0400873228,0.0706262029,0.1107135257
0.1525000000,0.0436848550,0.0670267626,0.1107116176
0.1526666667,0.0472231342,0.0634866866,0.1107098208
0.1528333333,0.0506734494,0.0600347051,0.1107081545
0.1530000000,0.0540091740,0.0566974616,0.1107066355
0.1531666667,0.0572060313,0.0534992463,0.1107052775
0.1533333333,0.0602423150,0.0504617763,0.1107040913
0.1535000000,0.0630990601,0.0476040243,0.1107030843
0.1536666667,0.0657601642,0.0449420970,0.1107022612
0.1538333333,0.0682124604,0.0424891629,0.1107016234
0.1540000000,0.0704457409,0.0402554286,0.1107011695
0.1541666667,0.0724527345,0.0382481607,0.1107008953
0.1543333333,0.0742290414,0.0364717528,0.1107007942
0.1545000000,0.0757730265,0.0349278309,0.1107008574
0.1546666667,0.0770856781,0.0336153957,0.1107010738
0.1548333333,0.0781704347,0.0325309964,0.1107014311
0.1550000000,0.0790329847,0.0316689306,0.1107019153
0.1551666667,0.0796810457,0.0310214659,0.1107025116
0.1553333333,0.0801241270,0.0305790773,0.1107032044
0.1555000000,0.0803732815,0.0303306962,0.1107039777
0.1556666667,0.0804408511,0.0302639646,0.1107048157
0.1558333333,0.0803402114,0.0303654910,0.1107057025
0.1560000000,0.0800855201,0.0306211026,0.1107066227
0.1561666667,0.0796914718,0.0310160900,0.1107075618
0.1563333333,0.0791730653,0.0315354408,0.1107085061
0.1565000000,0.0785453840,0.0321640589,0.1107094429
0.1566666667,0.0778233938,0.0328869670,0.1107103608
0.1568333333,0.0770217597,0.0336894898,0.1107112495
0.1570000000,0.0761546832,0.0345574170,0.1107121002
0.1571666667,0.0752357610,0.0354771444,0.1107129055
0.1573333333,0.0742778654,0.0364357938,0.1107136592
0.1575000000,0.0732930473,0.0374213095,0.1107143568
0.1576666667,0.0722924603,0.0384225343,0.1107149947
0.1578333333,0.0712863064,0.0394292643,0.1107155707
0.1580000000,0.0702838002,0.0404322837,0.1107160839
0.1581666667,0.0692931529,0.0414233813,0.1107165343
0.1583333333,0.0683215721,0.0423953507,0.1107169227
0.1585000000,0.0673752768,0.0433419743,0.1107172511
0.1586666667,0.0664595259,0.0442579960,0.1107175219
0.1588333333,0.0655786577,0.0451390803,0.1107177381
0.1590000000,0.0647361389,0.0459817644,0.1107179033
0.1591666667,0.0639346205,0.0467834008,0.1107180214
0.1593333333,0.0631760004,0.0475420961,0.1107180965
0.1595000000,0.0624614886,0.0482566442,0.1107181329
0.1596666667,0.0617916762,0.0489264587,0.1107181349
0.1598333333,0.0611666037,0.0495515031,0.1107181068
0.1600000000,0.0605858305,0.0501322223,0.1107180529
0.1601666667,0.0600485016,0.0506694755,0.1107179771
0.1603333333,0.0595534122,0.0511644711,0.1107178834
0.1605000000,0.0590990699,0.0516187053,0.1107177752
0.1606666667,0.0586837517,0.0520339045,0.1107176561
0.1608333333,0.0583055572,0.0524119718,0.1107175290
0.1610000000,0.0579624579,0.0527549387,0.1107173966
0.1611666667,0.0576523403,0.0530649210,0.1107172614
0.1613333333,0.0573730455,0.0533440800,0.1107171255
0.1615000000,0.0571224023,0.0535945884,0.1107169907
0.1616666667,0.0568982575,0.0538186011,0.1107168586
0.1618333333,0.0566984998,0.0540182306,0.1107167304
0.1620000000,0.0565210808,0.0541955264,0.1107166072
0.1621666667,0.0563640310,0.0543524588,0.1107164898
0.1623333333,0.0562254729,0.0544909059,0.1107163787
0.1625000000,0.0561036299,0.0546126445,0.1107162744
0.1626666667,0.0559968335,0.0547193436,0.1107161771
0.1628333333,0.0559035264,0.0548125604,0.1107160868
0.1630000000,0.0558222645,0.0548937391,0.1107160036
0.1631666667,0.0557517163,0.0549642110,0.1107159273
0.1633333333,0.0556906613,0.0550251965,0.1107158578
0.1635000000,0.0556379864,0.0550778084,0.1107157947
0.1636666667,0.0555926816,0.0551230562,0.1107157378
0.1638333333,0.0555538353,0.0551618513,0.1107156866
0.1640000000,0.0555206284,0.0551950126,0.1107156409
0.1641666667,0.0554923281,0.0552232721,0.1107156002
0.1643333333,0.0554682822,0.0552472819,0.1107155641
0.1645000000,0.0554479124,0.0552676199,0.1107155322
0.1646666667,0.0554307081,0.0552847962,0.1107155042
0.1648333333,0.0554162206,0.0552992591,0.1107154797
0.1650000000,0.0554040569,0.0553114014,0.1107154583
0.1651666667,0.0553938744,0.0553215654,0.1107154398
0.1653333333,0.0553853753,0.0553300484,0.1107154237
0.1655000000,0.0553783022,0.0553371077,0.1107154099
0.1656666667,0.0553724328,0.0553429651,0.1107153980
0.1658333333,0.0553675766,0.0553478112,0.1107153878
0.1660000000,0.0553635701,0.0553518090,0.1107153791
0.1661666667,0.0553602744,0.0553550974,0.1107153718
0.1663333333,0.0553575710,0.0553577945,0.1107153655
0.1665000000,0.0553553599,0.0553600003,0.1107153603
0.1666666667,0.0553535567,0.0553617992,0.1107153558
0.1668333333,0.0553520902,0.0553632619,0.1107153521
0.1670000000,0.0553509011,0.0553644479,0.1107153490
0.1671666667,0.0553499396,0.0553654069,0.1107153465
0.1673333333,0.0553491643,0.0553661800,0.1107153443
0.1675000000,0.0553485410,0.0553668016,0.1107153426
0.1676666667,0.0553480412,0.0553672999,0.1107153411
0.1678333333,0.0553476417,0.0553676982,0.1107153399
0.1680000000,0.0553473232,0.0553680157,0.1107153389
0.1681666667,0.0553470700,0.0553682681,0.1107153381
0.1683333333,0.0553468693,0.0553684682,0.1107153375
0.1685000000,0.0553467106,0.0553686263,0.1107153370
0.1686666667,0.0553465856,0.0553687510,0.1107153365
0.1688333333,0.0553464873,0.0553688489,0.1107153362
0.1690000000,0.0553464102,0.0553689257,0.1107153359
0.1691666667,0.0553463500,0.0553689857,0.1107153357
0.1693333333,0.0553463030,0.0553690325,0.1107153355
0.1695000000,0.0553462666,0.0553690688,0.1107153354
0.1696666667,0.0553462383,0.0553690970,0.1107153353
0.1698333333,0.0553462164,0.0553691188,0.1107153352
0.1700000000,0.0553461996,0.0553691355,0.1107153351
0.1701666667,0.0553461866,0.0553691484,0.1107153351
0.1703333333,0.0553461767,0.0553691583,0.1107153350
0.1705000000,0.0553461691,0.0553691659,0.1107153350
0.1706666667,0.0553461633,0.0553691716,0.1107153350
0.1708333333,0.0553461589,0.0553691760,0.1107153349
0.1710000000,0.0553461556,0.0553691793,0.1107153349
0.1711666667,0.0553461531,0.0553691818,0.1107153349
0.1713333333,0.0553461512,0.0553691837,0.1107153349
0.1715000000,0.0553461498,0.0553691851,0.1107153349
0.1716666667,0.0553461487,0.0553691862,0.1107153349
0.1718333333,0.0553461479,0.0553691870,0.1107153349
0.1720000000,0.0553461473,0.0553691876,0.1107153349
0.1721666667,0.0553461469,0.0553691880,0.1107153349
0.1723333333,0.0553461465,0.0553691883,0.1107153349
0.1725000000,0.0553461463,0.0553691886,0.1107153349
0.1726666667,0.0553461461,0.0553691888,0.1107153349
0.1728333333,0.0553461460,0.0553691889,0.1107153349
0.1730000000,0.0553461459,0.0553691890,0.1107153349
0.1731666667,0.0553461458,0.0553691890,0.1107153349
0.1733333333,0.0553461458,0.0553691891,0.1107153349
0.1735000000,0.0553461457,0.0553691891,0.1107153349
0.1736666667,0.0553461457,0.0553691892,0.1107153349
0.1738333333,0.0553461457,0.0553691892,0.1107153349
0.1740000000,0.0553461457,0.0553691892,0.1107153349
0.1741666667,0.0553461457,0.0553691892,0.1107153349
0.1743333333,0.0553461457,0.0553691892,0.1107153349
0.1745000000,0.0553461457,0.0553691891,0.1107153349
0.1746666667,0.0553461457,0.0553691891,0.1107153349
0.1748333333,0.0553461458,0.0553691891,0.1107153349
0.1750000000,0.0553461458,0.0553691890,0.1107153349
0.1751666667,0.0553461459,0.0553691890,0.1107153349
0.1753333333,0.0553461460,0.0553691889,0.1107153349
0.1755000000,0.0553461461,0.0553691888,0.1107153349
0.1756666667,0.0553461462,0.0553691887,0.1107153349
0.1758333333,0.0553461464,0.0553691885,0.1107153349
0.1760000000,0.0553461467,0.0553691882,0.1107153349
0.1761666667,0.0553461470,0.0553691879,0.1107153349
0.1763333333,0.0553461474,0.0553691875,0.1107153349
0.1765000000,0.0553461480,0.0553691869,0.1107153349
0.1766666667,0.0553461487,0.0553691862,0.1107153349
0.1768333333,0.0553461497,0.0553691852,0.1107153349
0.1770000000,0.0553461509,0.0553691840,0.1107153349
0.1771666667,0.0553461525,0.0553691824,0.1107153349
0.1773333333,0.0553461546,0.0553691803,0.1107153349
0.1775000000,0.0553461573,0.0553691776,0.1107153349
0.1776666667,0.0553461607,0.0553691742,0.1107153349
0.1778333333,0.0553461652,0.0553691698,0.1107153349
0.1780000000,0.0553461708,0.0553691641,0.1107153350
0.1781666667,0.0553461781,0.0553691569,0.1107153350
0.1783333333,0.0553461873,0.0553691477,0.1107153350
0.1785000000,0.0553461991,0.0553691360,0.1107153351
0.1786666667,0.0553462140,0.0553691211,0.1107153351
0.1788333333,0.0553462329,0.0553691022,0.1107153352
0.1790000000,0.0553462569,0.0553690784,0.1107153353
0.1791666667,0.0553462870,0.0553690483,0.1107153354
0.1793333333,0.0553463250,0.0553690105,0.1107153355
0.1795000000,0.0553463726,0.0553689630,0.1107153356
0.1796666667,0.0553464322,0.0553689035,0.1107153358
0.1798333333,0.0553465068,0.0553688292,0.1107153360
0.1800000000,0.0553465998,0.0553687365,0.1107153363
0.1801666667,0.0553467154,0.0553686212,0.1107153366
0.1803333333,0.0553468589,0.0553684781,0.1107153370
0.1805000000,0.0553470367,0.0553683008,0.1107153375
0.1806666667,0.0553472562,0.0553680818,0.1107153380
0.1808333333,0.0553475268,0.0553678119,0.1107153387
0.1810000000,0.0553478596,0.0553674799,0.1107153396
0.1811666667,0.0553482679,0.0553670727,0.1107153406
0.1813333333,0.0553487676,0.0553665741,0.1107153417
0.1815000000,0.0553493778,0.0553659654,0.1107153432
0.1816666667,0.0553501211,0.0553652237,0.1107153448
0.1818333333,0.0553510245,0.0553643223,0.1107153468
0.1820000000,0.0553521197,0.0553632294,0.1107153492
0.1821666667,0.0553534445,0.0553619074,0.1107153519
0.1823333333,0.0553550430,0.0553603121,0.1107153552
0.1825000000,0.0553569672,0.0553583917,0.1107153589
0.1826666667,0.0553592779,0.0553560855,0.1107153634
0.1828333333,0.0553620458,0.0553533227,0.1107153685
0.1830000000,0.0553653534,0.0553500210,0.1107153745
0.1831666667,0.0553692963,0.0553460851,0.1107153813
0.1833333333,0.0553739848,0.0553414045,0.1107153893
0.1835000000,0.0553795462,0.0553358522,0.1107153984
0.1836666667,0.0553861264,0.0553292824,0.1107154088
0.1838333333,0.0553938927,0.0553215280,0.1107154207
0.1840000000,0.0554030357,0.0553123985,0.1107154342
0.1841666667,0.0554137722,0.0553016774,0.1107154496
0.1843333333,0.0554263475,0.0552891193,0.1107154668
0.1845000000,0.0554410389,0.0552744474,0.1107154863
0.1846666667,0.0554581579,0.0552573502,0.1107155081
0.1848333333,0.0554780535,0.0552374789,0.1107155324
0.1850000000,0.0555011155,0.0552144440,0.1107155595
0.1851666667,0.0555277768,0.0551878126,0.1107155894
0.1853333333,0.0555585170,0.0551571054,0.1107156224
0.1855000000,0.0555938643,0.0551217943,0.1107156586
0.1856666667,0.0556343990,0.0550812993,0.1107156982
0.1858333333,0.0556807544,0.0550349869,0.1107157413
0.1860000000,0.0557336196,0.0549821683,0.1107157879
0.1861666667,0.0557937397,0.0549220983,0.1107158380
0.1863333333,0.0558619166,0.0548539750,0.1107158916
0.1865000000,0.0559390085,0.0547769402,0.1107159487
0.1866666667,0.0560259284,0.0546900807,0.1107160090
0.1868333333,0.0561236409,0.0545924315,0.1107160724
0.1870000000,0.0562331593,0.0544829792,0.1107161384
0.1871666667,0.0563555389,0.0543606678,0.1107162067
0.1873333333,0.0564918708,0.0542244058,0.1107162766
0.1875000000,0.0566432722,0.0540730753,0.1107163475
0.1876666667,0.0568108760,0.0539055425,0.1107164186
0.1878333333,0.0569958173,0.0537206716,0.1107164888
0.1880000000,0.0571992180,0.0535173391,0.1107165572
0.1881666667,0.0574221697,0.0532944527,0.1107166224
0.1883333333,0.0576657127,0.0530509703,0.1107166830
0.1885000000,0.0579308145,0.0527859231,0.1107167376
0.1886666667,0.0582183441,0.0524984402,0.1107167843
0.1888333333,0.0585290452,0.0521877762,0.1107168214
0.1890000000,0.0588635069,0.0518533399,0.1107168468
0.1891666667,0.0592221322,0.0514947264,0.1107168586
0.1893333333,0.0596051051,0.0511117494,0.1107168545
0.1895000000,0.0600123563,0.0507044761,0.1107168324
0.1896666667,0.0604435281,0.0502732620,0.1107167901
0.1898333333,0.0608979385,0.0498187868,0.1107167253
0.1900000000,0.0613745465,0.0493420894,0.1107166359
0.1901666667,0.0618719170,0.0488446028,0.1107165198
0.1903333333,0.0623881887,0.0483281864,0.1107163751
0.1905000000,0.0629210434,0.0477951567,0.1107162002
0.1906666667,0.0634676797,0.0472483139,0.1107159936
0.1908333333,0.0640247898,0.0466909645,0.1107157542
0.1910000000,0.0645885426,0.0461269388,0.1107154814
0.1911666667,0.0651545728,0.0455606021,0.1107151749
0.1913333333,0.0657179768,0.0449968582,0.1107148350
0.1915000000,0.0662733169,0.0444411454,0.1107144624
0.1916666667,0.0668146351,0.0438994235,0.1107140587
0.1918333333,0.0673354757,0.0433781502,0.1107136258
0.1920000000,0.0678289190,0.0428842477,0.1107131667
0.1921666667,0.0682876262,0.0424250586,0.1107126848
0.1923333333,0.0687038955,0.0420082889,0.1107121844
0.1925000000,0.0690697292,0.0416419411,0.1107116703
0.1926666667,0.0693769139,0.0413342344,0.1107111483
0.1928333333,0.0696171103,0.0410935144,0.1107106247
0.1930000000,0.0697819552,0.0409281513,0.1107101065
0.1931666667,0.0698631728,0.0408464285,0.1107096013
0.1933333333,0.0698526948,0.0408564222,0.1107091170
0.1935000000,0.0697427888,0.0409658732,0.1107086619
0.1936666667,0.0695261920,0.0411820529,0.1107082449
0.1938333333,0.0691962492,0.0415116254,0.1107078746
0.1940000000,0.0687470526,0.0419605071,0.1107075597
0.1941666667,0.0681735815,0.0425337273,0.1107073088
0.1943333333,0.0674718384,0.0432352918,0.1107071302
0.1945000000,0.0666389795,0.0440680518,0.1107070313
0.1946666667,0.0656734375,0.0450335818,0.1107070193
0.1948333333,0.0645750318,0.0461320683,0.1107071001
0.1950000000,0.0633450656,0.0473622132,0.1107072788
0.1951666667,0.0619864056,0.0487211535,0.1107075591
0.1953333333,0.0605035424,0.0502044012,0.1107079436
0.1955000000,0.0589026294,0.0518058038,0.1107084331
0.1956666667,0.0571914974,0.0535175296,0.1107090270
0.1958333333,0.0553796446,0.0553300784,0.1107097230
0.1960000000,0.0534781987,0.0572323183,0.1107105171
0.1961666667,0.0514998524,0.0592115509,0.1107114033
0.1963333333,0.0494587702,0.0612536040,0.1107123742
0.1965000000,0.0473704686,0.0633429520,0.1107134206
0.1966666667,0.0452516687,0.0654628630,0.1107145317
0.1968333333,0.0431201231,0.0675955721,0.1107156952
0.1970000000,0.0409944207,0.0697224768,0.1107168975
0.1971666667,0.0388937689,0.0718243550,0.1107181239
0.1973333333,0.0368377592,0.0738815996,0.1107193589
0.1975000000,0.0348461179,0.0758744681,0.1107205860
0.1976666667,0.0329384461,0.0777833427,0.1107217888
0.1978333333,0.0311339543,0.0795889961,0.1107229504
0.1980000000,0.0294511950,0.0812728593,0.1107240542
0.1981666667,0.0279077981,0.0828172862,0.1107250844
0.1983333333,0.0265202151,0.0842058104,0.1107260254
0.1985000000,0.0253034747,0.0854233886,0.1107268633
0.1986666667,0.0242709572,0.0864566279,0.1107275851
0.1988333333,0.0234341892,0.0872939905,0.1107281797
0.1990000000,0.0228026644,0.0879259732,0.1107286375
0.1991666667,0.0223836939,0.0883452574,0.1107289513
0.1993333333,0.0221822884,0.0885468275,0.1107291159
0.1995000000,0.0222010747,0.0885280535,0.1107291282
0.1996666667,0.0224402495,0.0882887383,0.1107289878
0.1998333333,0.0228975696,0.0878311268,0.1107286964
0.2000000000,0.0235683808,0.0871598773,0.1107282581
0.2001666667,0.0244456835,0.0862819959,0.1107276794
0.2003333333,0.0255202343,0.0852067344,0.1107269687
0.2005000000,0.0267806828,0.0839454537,0.1107261365
0.2006666667,0.0282137389,0.0825114563,0.1107251952
0.2008333333,0.0298043691,0.0809197894,0.1107241585
0.2010000000,0.0315360177,0.0791870240,0.1107230417
0.2011666667,0.0333908482,0.0773310127,0.1107218609
0.2013333333,0.0353500009,0.0753706320,0.1107206329
0.2015000000,0.0373938617,0.0733255132,0.1107193749
0.2016666667,0.0395023372,0.0712157670,0.1107181042
0.2018333333,0.0416551315,0.0690617065,0.1107168380
0.2020000000,0.0438320184,0.0668835744,0.1107155928
0.2021666667,0.0460131066,0.0647012778,0.1107143845
0.2023333333,0.0481790914,0.0625341362,0.1107132276
0.2025000000,0.0503114900,0.0604006457,0.1107121357
0.2026666667,0.0523928562,0.0583182646,0.1107111208
0.2028333333,0.0544069720,0.0563032212,0.1107101932
0.2030000000,0.0563390133,0.0543703482,0.1107093615
0.2031666667,0.0581756869,0.0525329457,0.1107086326
0.2033333333,0.0599053396,0.0508026717,0.1107080113
0.2035000000,0.0615180363,0.0491894643,0.1107075006
0.2036666667,0.0630056092,0.0477014927,0.1107071019
0.2038333333,0.0643616767,0.0463451377,0.1107068144
0.2040000000,0.0655816349,0.0451250011,0.1107066360
0.2041666667,0.0666626217,0.0440439412,0.1107065629
0.2043333333,0.0676034567,0.0431031332,0.1107065898
0.2045000000,0.0684045585,0.0423021520,0.1107067105
0.2046666667,0.0690678431,0.0416390743,0.1107069174
0.2048333333,0.0695966046,0.0411105978,0.1107072023
0.2050000000,0.0699953834,0.0407121728,0.1107075563
0.2051666667,0.0702698238,0.0404381460,0.1107079698
0.2053333333,0.0704265239,0.0402819096,0.1107084334
0.2055000000,0.0704728816,0.0402360557,0.1107089373
0.2056666667,0.0704169403,0.0402925316,0.1107094719
0.2058333333,0.0702672347,0.0404427932,0.1107100279
0.2060000000,0.0700326418,0.0406779544,0.1107105962
0.2061666667,0.0697222386,0.0409889300,0.1107111686
0.2063333333,0.0693451668,0.0413665703,0.1107117371
0.2065000000,0.0689105092,0.0418017856,0.1107122948
0.2066666667,0.0684271764,0.0422856589,0.1107128354
0.2068333333,0.0679038064,0.0428095469,0.1107133533
0.2070000000,0.0673486766,0.0433651673,0.1107138440
0.2071666667,0.0667696304,0.0439446732,0.1107143036
0.2073333333,0.0661740157,0.0445407135,0.1107147292
0.2075000000,0.0655686380,0.0451464806,0.1107151186
0.2076666667,0.0649597255,0.0457557450,0.1107154705
0.2078333333,0.0643529066,0.0463628775,0.1107157841
0.2080000000,0.0637531988,0.0469628606,0.1107160594
0.2081666667,0.0631650078,0.0475512891,0.1107162969
0.2083333333,0.0625921362,0.0481243615,0.1107164977
0.2085000000,0.0620378001,0.0486788632,0.1107166633
0.2086666667,0.0615046526,0.0492121429,0.1107167956
0.2088333333,0.0609948138,0.0497220828,0.1107168966
0.2090000000,0.0605099044,0.0502070643,0.1107169687
0.2091666667,0.0600510841,0.0506659304,0.1107170146
0.2093333333,0.0596190914,0.0510979453,0.1107170367
0.2095000000,0.0592142852,0.0515027525,0.1107170377
0.2096666667,0.0588366877,0.0518803326,0.1107170203
0.2098333333,0.0584860262,0.0522309609,0.1107169871
0.2100000000,0.0581617742,0.0525551663,0.1107169406
0.2101666667,0.0578631915,0.0528536915,0.1107168830
0.2103333333,0.0575893616,0.0531274551,0.1107168167
0.2105000000,0.0573392276,0.0533775161,0.1107167436
0.2106666667,0.0571116243,0.0536050415,0.1107166657
0.2108333333,0.0569053088,0.0538112759,0.1107165847
0.2110000000,0.0567189869,0.0539975150,0.1107165019
0.2111666667,0.0565513372,0.0541650816,0.1107164188
0.2113333333,0.0564010320,0.0543153044,0.1107163364
0.2115000000,0.0562667550,0.0544495007,0.1107162557
0.2116666667,0.0561472169,0.0545689606,0.1107161775
0.2118333333,0.0560411674,0.0546749350,0.1107161024
0.2120000000,0.0559474055,0.0547686253,0.1107160308
0.2121666667,0.0558647872,0.0548511760,0.1107159632
0.2123333333,0.0557922312,0.0549236686,0.1107158998
0.2125000000,0.0557287225,0.0549871182,0.1107158407
0.2126666667,0.0556733151,0.0550424708,0.1107157859
0.2128333333,0.0556251325,0.0550906029,0.1107157354
0.2130000000,0.0555833677,0.0551323216,0.1107156893
0.2131666667,0.0555472815,0.0551683657,0.1107156472
0.2133333333,0.0555162009,0.0551994082,0.1107156091
0.2135000000,0.0554895159,0.0552260589,0.1107155748
0.2136666667,0.0554666767,0.0552488673,0.1107155440
0.2138333333,0.0554471899,0.0552683265,0.1107155165
0.2140000000,0.0554306151,0.0552848769,0.1107154920
0.2141666667,0.0554165605,0.0552989099,0.1107154704
0.2143333333,0.0554046795,0.0553107718,0.1107154513
0.2145000000,0.0553946666,0.0553207680,0.1107154346
0.2146666667,0.0553862539,0.0553291661,0.1107154200
0.2148333333,0.0553792069,0.0553362004,0.1107154073
0.2150000000,0.0553733219,0.0553420744,0.1107153962
0.2151666667,0.0553684219,0.0553469648,0.1107153867
0.2153333333,0.0553643544,0.0553510241,0.1107153785
0.2155000000,0.0553609881,0.0553543834,0.1107153715
0.2156666667,0.0553582103,0.0553571552,0.1107153655
0.2158333333,0.0553559250,0.0553594354,0.1107153604
0.2160000000,0.0553540505,0.0553613056,0.1107153561
0.2161666667,0.0553525175,0.0553628350,0.1107153525
0.2163333333,0.0553512675,0.0553640819,0.1107153494
0.2165000000,0.0553502512,0.0553650957,0.1107153468
0.2166666667,0.0553494274,0.0553659173,0.1107153447
0.2168333333,0.0553487616,0.0553665813,0.1107153429
0.2170000000,0.0553482250,0.0553671164,0.1107153414
0.2171666667,0.0553477939,0.0553675463,0.1107153402
0.2173333333,0.0553474485,0.0553678907,0.1107153392
0.2175000000,0.0553471726,0.0553681657,0.1107153384
0.2176666667,0.0553469529,0.0553683848,0.1107153377
0.2178333333,0.0553467784,0.0553685587,0.1107153371
0.2180000000,0.0553466403,0.0553686964,0.1107153367
0.2181666667,0.0553465312,0.0553688051,0.1107153363
0.2183333333,0.0553464453,0.0553688907,0.1107153360
0.2185000000,0.0553463779,0.0553689579,0.1107153358
0.2186666667,0.0553463252,0.0553690104,0.1107153356
0.2188333333,0.0553462840,0.0553690514,0.1107153354
0.2190000000,0.0553462520,0.0553690833,0.1107153353
0.2191666667,0.0553462272,0.0553691081,0.1107153352
0.2193333333,0.0553462079,0.0553691272,0.1107153351
0.2195000000,0.0553461931,0.0553691420,0.1107153351
0.2196666667,0.0553461817,0.0553691533,0.1107153350
0.2198333333,0.0553461730,0.0553691620,0.1107153350
0.2200000000,0.0553461663,0.0553691687,0.1107153350
0.2201666667,0.0553461612,0.0553691737,0.1107153349
0.2203333333,0.0553461573,0.0553691776,0.1107153349
0.2205000000,0.0553461544,0.0553691805,0.1107153349
0.2206666667,0.0553461522,0.0553691827,0.1107153349
0.2208333333,0.0553461505,0.0553691844,0.1107153349
0.2210000000,0.0553461493,0.0553691856,0.1107153349
0.2211666667,0.0553461483,0.0553691866,0.1107153349
0.2213333333,0.0553461476,0.0553691873,0.1107153349
0.2215000000,0.0553461471,0.0553691878,0.1107153349
0.2216666667,0.0553461467,0.0553691882,0.1107153349
0.2218333333,0.0553461464,0.0553691885,0.1107153349
0.2220000000,0.0553461462,0.0553691887,0.1107153349
0.2221666667,0.0553461461,0.0553691888,0.1107153349
0.2223333333,0.0553461459,0.0553691889,0.1107153349
0.2225000000,0.0553461459,0.0553691890,0.1107153349
0.2226666667,0.0553461458,0.0553691891,0.1107153349
0.2228333333,0.0553461458,0.0553691891,0.1107153349
0.2230000000,0.0553461457,0.0553691891,0.1107153349
0.2231666667,0.0553461457,0.0553691892,0.1107153349
0.2233333333,0.0553461457,0.0553691892,0.1107153349
0.2235000000,0.0553461457,0.0553691892,0.1107153349
0.2236666667,0.0553461457,0.0553691892,0.1107153349
0.2238333333,0.0553461457,0.0553691892,0.1107153349
0.2240000000,0.0553461457,0.0553691891,0.1107153349
0.2241666667,0.0553461458,0.0553691891,0.1107153349
0.2243333333,0.0553461458,0.0553691891,0.1107153349
0.2245000000,0.0553461458,0.0553691890,0.1107153349
0.2246666667,0.0553461459,0.0553691890,0.1107153349
0.2248333333,0.0553461460,0.0553691889,0.1107153349
0.2250000000,0.0553461461,0.0553691887,0.1107153349
0.2251666667,0.0553461463,0.0553691886,0.1107153349
0.2253333333,0.0553461465,0.0553691884,0.1107153349
0.2255000000,0.0553461468,0.0553691881,0.1107153349
0.2256666667,0.0553461472,0.0553691877,0.1107153349
0.2258333333,0.0553461477,0.0553691872,0.1107153349
0.2260000000,0.0553461483,0.0553691866,0.1107153349
0.2261666667,0.0553461492,0.0553691857,0.1107153349
0.2263333333,0.0553461503,0.0553691846,0.1107153349
0.2265000000,0.0553461517,0.0553691832,0.1107153349
0.2266666667,0.0553461535,0.0553691814,0.1107153349
0.2268333333,0.0553461559,0.0553691790,0.1107153349
0.2270000000,0.0553461590,0.0553691760,0.1107153349
0.2271666667,0.0553461629,0.0553691720,0.1107153349
0.2273333333,0.0553461680,0.0553691670,0.1107153350
0.2275000000,0.0553461745,0.0553691605,0.1107153350
0.2276666667,0.0553461828,0.0553691522,0.1107153350
0.2278333333,0.0553461934,0.0553691416,0.1107153350
0.2280000000,0.0553462070,0.0553691281,0.1107153351
0.2281666667,0.0553462242,0.0553691110,0.1107153352
0.2283333333,0.0553462460,0.0553690892,0.1107153352
0.2285000000,0.0553462736,0.0553690617,0.1107153353
0.2286666667,0.0553463084,0.0553690270,0.1107153354
0.2288333333,0.0553463524,0.0553689832,0.1107153356
0.2290000000,0.0553464076,0.0553689282,0.1107153357
0.2291666667,0.0553464768,0.0553688591,0.1107153359
0.2293333333,0.0553465635,0.0553687727,0.1107153362
0.2295000000,0.0553466717,0.0553686648,0.1107153365
0.2296666667,0.0553468066,0.0553685303,0.1107153369
0.2298333333,0.0553469743,0.0553683630,0.1107153374
0.2300000000,0.0553471824,0.0553681556,0.1107153379
0.2301666667,0.0553474399,0.0553678988,0.1107153386
0.2303333333,0.0553477578,0.0553675816,0.1107153395
0.2305000000,0.0553481497,0.0553671908,0.1107153405
0.2306666667,0.0553486313,0.0553667103,0.1107153417
0.2308333333,0.0553492221,0.0553661209,0.1107153431
0.2310000000,0.0553499452,0.0553653996,0.1107153448
0.2311666667,0.0553508280,0.0553645189,0.1107153469
0.2313333333,0.0553519034,0.0553634459,0.1107153493
0.2315000000,0.0553532103,0.0553621418,0.1107153522
0.2316666667,0.0553547951,0.0553605605,0.1107153556
0.2318333333,0.0553567122,0.0553586474,0.1107153596
0.2320000000,0.0553590258,0.0553563384,0.1107153643
0.2321666667,0.0553618117,0.0553535581,0.1107153698
0.2323333333,0.0553651580,0.0553502182,0.1107153762
0.2325000000,0.0553691681,0.0553462156,0.1107153837
0.2326666667,0.0553739622,0.0553414302,0.1107153924
0.2328333333,0.0553796799,0.0553357226,0.1107154025
0.2330000000,0.0553864826,0.0553289315,0.1107154141
0.2331666667,0.0553945567,0.0553208707,0.1107154275
0.2333333333,0.0554041165,0.0553113263,0.1107154428
0.2335000000,0.0554154077,0.0553000526,0.1107154603
0.2336666667,0.0554287109,0.0552867693,0.1107154803
0.2338333333,0.0554443460,0.0552711569,0.1107155029
0.2340000000,0.0554626757,0.0552528528,0.1107155285
0.2341666667,0.0554841106,0.0552314469,0.1107155574
0.2343333333,0.0555091132,0.0552064766,0.1107155898
0.2345000000,0.0555382033,0.0551774229,0.1107156261
0.2346666667,0.0555719621,0.0551437045,0.1107156666
0.2348333333,0.0556110376,0.0551046739,0.1107157115
0.2350000000,0.0556561493,0.0550596119,0.1107157612
0.2351666667,0.0557080925,0.0550077234,0.1107158159
0.2353333333,0.0557677432,0.0549481327,0.1107158759
0.2355000000,0.0558360615,0.0548798799,0.1107159414
0.2356666667,0.0559140952,0.0548019173,0.1107160125
0.2358333333,0.0560029824,0.0547131070,0.1107160894
0.2360000000,0.0561039531,0.0546122189,0.1107161720
0.2361666667,0.0562183296,0.0544979308,0.1107162604
0.2363333333,0.0563475256,0.0543688287,0.1107163543
0.2365000000,0.0564930437,0.0542234099,0.1107164536
0.2366666667,0.0566564707,0.0540600870,0.1107165577
0.2368333333,0.0568394713,0.0538771948,0.1107166661
0.2370000000,0.0570437786,0.0536729995,0.1107167781
0.2371666667,0.0572711827,0.0534457100,0.1107168927
0.2373333333,0.0575235155,0.0531934934,0.1107170089
0.2375000000,0.0578026329,0.0529144924,0.1107171252
0.2376666667,0.0581103933,0.0526068469,0.1107172402
0.2378333333,0.0584486326,0.0522687193,0.1107173520
0.2380000000,0.0588191351,0.0518983234,0.1107174585
0.2381666667,0.0592236007,0.0514939568,0.1107175575
0.2383333333,0.0596636082,0.0510540382,0.1107176464
0.2385000000,0.0601405750,0.0505771475,0.1107177225
0.2386666667,0.0606557123,0.0500620705,0.1107177827
0.2388333333,0.0612099773,0.0495078466,0.1107178239
0.2390000000,0.0618040226,0.0489138201,0.1107178427
0.2391666667,0.0624381416,0.0482796940,0.1107178356
0.2393333333,0.0631122133,0.0476055857,0.1107177990
0.2395000000,0.0638256443,0.0468920849,0.1107177292
0.2396666667,0.0645773109,0.0461403118,0.1107176227
0.2398333333,0.0653655015,0.0453519743,0.1107174758
0.2400000000,0.0661878602,0.0445294252,0.1107172854
0.2401666667,0.0670413331,0.0436757150,0.1107170481
0.2403333333,0.0679221187,0.0427946427,0.1107167613
0.2405000000,0.0688256236,0.0418907990,0.1107164226
0.2406666667,0.0697464255,0.0409696048,0.1107160303
0.2408333333,0.0706782437,0.0400373393,0.1107155830
0.2410000000,0.0716139210,0.0391011593,0.1107150804
0.2411666667,0.0725454163,0.0381691064,0.1107145228
0.2413333333,0.0734638104,0.0372501011,0.1107139115
0.2415000000,0.0743593269,0.0363539218,0.1107132487
0.2416666667,0.0752213687,0.0354911692,0.1107125379
0.2418333333,0.0760385717,0.0346732118,0.1107117835
0.2420000000,0.0767988762,0.0339121148,0.1107109911
0.2421666667,0.0774896176,0.0332205499,0.1107101675
0.2423333333,0.0780976352,0.0326116857,0.1107093209
0.2425000000,0.0786094011,0.0320990592,0.1107084603
0.2426666667,0.0790111669,0.0316964292,0.1107075961
0.2428333333,0.0792891287,0.0314176110,0.1107067397
0.2430000000,0.0794296085,0.0312762949,0.1107059034
0.2431666667,0.0794192507,0.0312858494,0.1107051002
0.2433333333,0.0792452316,0.0314591122,0.1107043438
0.2435000000,0.0788954783,0.0318081703,0.1107036486
0.2436666667,0.0783588957,0.0323441331,0.1107030288
0.2438333333,0.0776255965,0.0330769025,0.1107024990
0.2440000000,0.0766871312,0.0340149420,0.1107020732
0.2441666667,0.0755367140,0.0351650510,0.1107017650
0.2443333333,0.0741694398,0.0365321475,0.1107015872
0.2445000000,0.0725824876,0.0381190639,0.1107015515
0.2446666667,0.0707753069,0.0399263612,0.1107016682
0.2448333333,0.0687497807,0.0419521650,0.1107019456
0.2450000000,0.0665103614,0.0441920291,0.1107023905
0.2451666667,0.0640641766,0.0466388306,0.1107030073
0.2453333333,0.0614210980,0.0492826998,0.1107037978
0.2455000000,0.0585937726,0.0521109889,0.1107047615
0.2456666667,0.0555976122,0.0551082826,0.1107058949
0.2458333333,0.0524507389,0.0582564529,0.1107071918
0.2460000000,0.0491738848,0.0615347583,0.1107086430
0.2461666667,0.0457902464,0.0649199903,0.1107102367
0.2463333333,0.0423252927,0.0683866652,0.1107119580
0.2465000000,0.0388065288,0.0719072605,0.1107137893
0.2466666667,0.0352632167,0.0754524942,0.1107157109
0.2468333333,0.0317260566,0.0789916438,0.1107177004
0.2470000000,0.0282268334,0.0824929005,0.1107197339
0.2471666667,0.0247980310,0.0859237546,0.1107217856
0.2473333333,0.0214724232,0.0892514056,0.1107238287
0.2475000000,0.0182826450,0.0924431908,0.1107258357
0.2476666667,0.0152607526,0.0954670262,0.1107277788
0.2478333333,0.0124377793,0.0982918509,0.1107296302
0.2480000000,0.0098432949,0.1008880684,0.1107313633
0.2481666667,0.0075049764,0.1032279758,0.1107329522
0.2483333333,0.0054481988,0.1052861742,0.1107343731
0.2485000000,0.0036956527,0.1070399514,0.1107356041
0.2486666667,0.0022669959,0.1084696302,0.1107366261
0.2488333333,0.0011785475,0.1095588752,0.1107374227
0.2490000000,0.0004430283,0.1102949528,0.1107379812
0.2491666667,0.0000693546,0.1106689374,0.1107382920
0.2493333333,0.0000624883,0.1106758613,0.1107383496
0.2495000000,0.0004233482,0.1103148041,0.1107381523
0.2496666667,0.0011487820,0.1095889203,0.1107377024
0.2498333333,0.0022316028,0.1085054031,0.1107370059
0.2500000000,0.0036606868,0.1070753861,0.1107360729
0.2501666667,0.0054211326,0.1053137843,0.1107349169
0.2503333333,0.0074944783,0.1032390766,0.1107335549
0.2505000000,0.0098589722,0.1008730347,0.1107320069
0.2506666667,0.0124898924,0.0982404033,0.1107302957
0.2508333333,0.0153599091,0.0953685370,0.1107284461
0.2510000000,0.0184394828,0.0922870022,0.1107264850
0.2511666667,0.0216972910,0.0890271492,0.1107244402
0.2513333333,0.0251006752,0.0856216654,0.1107223406
0.2515000000,0.0286161002,0.0821041151,0.1107202153
0.2516666667,0.0322096172,0.0785084756,0.1107180928
0.2518333333,0.0358473232,0.0748686780,0.1107160013
0.2520000000,0.0394958071,0.0712181603,0.1107139674
0.2521666667,0.0431225766,0.0675894396,0.1107120162
0.2523333333,0.0466964584,0.0640137122,0.1107101706
0.2525000000,0.0501879650,0.0605204864,0.1107084513
0.2526666667,0.0535696232,0.0571372530,0.1107068761
0.2528333333,0.0568162599,0.0538892001,0.1107054600
0.2530000000,0.0599052417,0.0507989732,0.1107042150
0.2531666667,0.0628166651,0.0478864846,0.1107031497
0.2533333333,0.0655334974,0.0451687725,0.1107022699
0.2535000000,0.0680416670,0.0426599111,0.1107015781
0.2536666667,0.0703301036,0.0403709702,0.1107010738
0.2538333333,0.0723907311,0.0383100225,0.1107007536
0.2540000000,0.0742184143,0.0364821972,0.1107006115
0.2541666667,0.0758108637,0.0348897755,0.1107006393
0.2543333333,0.0771685021,0.0335323241,0.1107008263
0.2545000000,0.0782942969,0.0324068633,0.1107011602
0.2546666667,0.0791935639,0.0315080634,0.1107016274
0.2548333333,0.0798737476,0.0308284651,0.1107022127
0.2550000000,0.0803441823,0.0303587183,0.1107029006
0.2551666667,0.0806158406,0.0300878340,0.1107036746
0.2553333333,0.0807010747,0.0300034438,0.1107045185
0.2555000000,0.0806133537,0.0300920622,0.1107054159
0.2556666667,0.0803670038,0.0303393471,0.1107063509
0.2558333333,0.0799769553,0.0307303530,0.1107073084
0.2560000000,0.0794584986,0.0312497752,0.1107082739
0.2561666667,0.0788270556,0.0318821786,0.1107092342
0.2563333333,0.0780979663,0.0326122108,0.1107101771
0.2565000000,0.0772862959,0.0334247959,0.1107110918
0.2566666667,0.0764066617,0.0343053073,0.1107119690
0.2568333333,0.0754730819,0.0352397187,0.1107128005
0.2570000000,0.0744988482,0.0362147317,0.1107135799
0.2571666667,0.0734964202,0.0372178817,0.1107143019
0.2573333333,0.0724773431,0.0382376198,0.1107149629
0.2575000000,0.0714521864,0.0392633738,0.1107155602
0.2576666667,0.0704305047,0.0402855879,0.1107160926
0.2578333333,0.0694208170,0.0412957430,0.1107165601
0.2580000000,0.0684306039,0.0422863594,0.1107169633
0.2581666667,0.0674663214,0.0432509828,0.1107173042
0.2583333333,0.0665334284,0.0441841568,0.1107175851
0.2585000000,0.0656364262,0.0450813831,0.1107178093
0.2586666667,0.0647789087,0.0459390716,0.1107179803
0.2588333333,0.0639636202,0.0467544820,0.1107181022
0.2590000000,0.0631925194,0.0475256599,0.1107181792
0.2591666667,0.0624668479,0.0482513680,0.1107182159
0.2593333333,0.0617872017,0.0489310150,0.1107182168
0.2595000000,0.0611536031,0.0495645832,0.1107181862
0.2596666667,0.0605655726,0.0501525562,0.1107181288
0.2598333333,0.0600221999,0.0506958488,0.1107180487
0.2600000000,0.0595222114,0.0511957386,0.1107179500
0.2601666667,0.0590640349,0.0516538015,0.1107178364
0.2603333333,0.0586458603,0.0520718512,0.1107177115
0.2605000000,0.0582656953,0.0524518831,0.1107175784
0.2606666667,0.0579214169,0.0527960232,0.1107174401
0.2608333333,0.0576108170,0.0531064821,0.1107172991
0.2610000000,0.0573316431,0.0533855144,0.1107171575
0.2611666667,0.0570816344,0.0536353829,0.1107170174
0.2613333333,0.0568585519,0.0538583283,0.1107168802
0.2615000000,0.0566602042,0.0540565432,0.1107167475
0.2616666667,0.0564844688,0.0542321513,0.1107166201
0.2618333333,0.0563293087,0.0543871901,0.1107164988
0.2620000000,0.0561927860,0.0545235984,0.1107163844
0.2621666667,0.0560730707,0.0546432065,0.1107162772
0.2623333333,0.0559684476,0.0547477298,0.1107161774
0.2625000000,0.0558773196,0.0548387655,0.1107160850
0.2626666667,0.0557982091,0.0549177910,0.1107160001
0.2628333333,0.0557297574,0.0549861651,0.1107159225
0.2630000000,0.0556707217,0.0550451302,0.1107158519
0.2631666667,0.0556199722,0.0550958158,0.1107157881
0.2633333333,0.0555764866,0.0551392440,0.1107157306
0.2635000000,0.0555393446,0.0551763345,0.1107156791
0.2636666667,0.0555077222,0.0552079111,0.1107156333
0.2638333333,0.0554808845,0.0552347080,0.1107155926
0.2640000000,0.0554581797,0.0552573770,0.1107155566
0.2641666667,0.0554390317,0.0552764934,0.1107155250
0.2643333333,0.0554229339,0.0552925634,0.1107154973
0.2645000000,0.0554094429,0.0553060303,0.1107154732
0.2646666667,0.0553981716,0.0553172807,0.1107154522
0.2648333333,0.0553887840,0.0553266501,0.1107154341
0.2650000000,0.0553809897,0.0553344288,0.1107154185
0.2651666667,0.0553745380,0.0553408671,0.1107154051
0.2653333333,0.0553692143,0.0553461794,0.1107153937
0.2655000000,0.0553648347,0.0553505492,0.1107153839
0.2656666667,0.0553612430,0.0553541327,0.1107153757
0.2658333333,0.0553583063,0.0553570623,0.1107153687
0.2660000000,0.0553559127,0.0553594501,0.1107153628
0.2661666667,0.0553539675,0.0553613903,0.1107153578
0.2663333333,0.0553523917,0.0553629621,0.1107153537
0.2665000000,0.0553511189,0.0553642314,0.1107153503
0.2666666667,0.0553500940,0.0553652534,0.1107153474
0.2668333333,0.0553492713,0.0553660738,0.1107153451
0.2670000000,0.0553486128,0.0553667303,0.1107153431
0.2671666667,0.0553480874,0.0553672541,0.1107153415
0.2673333333,0.0553476695,0.0553676708,0.1107153402
0.2675000000,0.0553473380,0.0553680012,0.1107153392
0.2676666667,0.0553470759,0.0553682624,0.1107153383
0.2678333333,0.0553468693,0.0553684683,0.1107153376
0.2680000000,0.0553467070,0.0553686301,0.1107153370
0.2681666667,0.0553465798,0.0553687568,0.1107153366
0.2683333333,0.0553464804,0.0553688558,0.1107153362
0.2685000000,0.0553464031,0.0553689329,0.1107153359
0.2686666667,0.0553463430,0.0553689927,0.1107153357
0.2688333333,0.0553462965,0.0553690390,0.1107153355
0.2690000000,0.0553462606,0.0553690748,0.1107153354
0.2691666667,0.0553462330,0.0553691023,0.1107153353
0.2693333333,0.0553462118,0.0553691233,0.1107153352
0.2695000000,0.0553461956,0.0553691395,0.1107153351
0.2696666667,0.0553461833,0.0553691518,0.1107153350
0.2698333333,0.0553461739,0.0553691611,0.1107153350
0.2700000000,0.0553461668,0.0553691682,0.1107153350
0.2701666667,0.0553461614,0.0553691735,0.1107153349
0.2703333333,0.0553461574,0.0553691775,0.1107153349
0.2705000000,0.0553461544,0.0553691806,0.1107153349
0.2706666667,0.0553461521,0.0553691828,0.1107153349
0.2708333333,0.0553461504,0.0553691845,0.1107153349
0.2710000000,0.0553461491,0.0553691858,0.1107153349
0.2711666667,0.0553461482,0.0553691867,0.1107153349
0.2713333333,0.0553461475,0.0553691874,0.1107153349
0.2715000000,0.0553461470,0.0553691879,0.1107153349
0.2716666667,0.0553461466,0.0553691882,0.1107153349
0.2718333333,0.0553461464,0.0553691885,0.1107153349
0.2720000000,0.0553461462,0.0553691887,0.1107153349
0.2721666667,0.0553461460,0.0553691889,0.1107153349
0.2723333333,0.0553461459,0.0553691890,0.1107153349
0.2725000000,0.0553461458,0.0553691890,0.1107153349
0.2726666667,0.0553461458,0.0553691891,0.1107153349
0.2728333333,0.0553461457,0.0553691891,0.1107153349
0.2730000000,0.0553461457,0.0553691892,0.1107153349
0.2731666667,0.0553461457,0.0553691892,0.1107153349
0.2733333333,0.0553461457,0.0553691892,0.1107153349
0.2735000000,0.0553461457,0.0553691892,0.1107153349
0.2736666667,0.0553461457,0.0553691892,0.1107153349
0.2738333333,0.0553461457,0.0553691892,0.1107153349
0.2740000000,0.0553461457,0.0553691891,0.1107153349
0.2741666667,0.0553461458,0.0553691891,0.1107153349
0.2743333333,0.0553461458,0.0553691891,0.1107153349
0.2745000000,0.0553461458,0.0553691890,0.1107153349
0.2746666667,0.0553461459,0.0553691890,0.1107153349
0.2748333333,0.0553461460,0.0553691889,0.1107153349
0.2750000000,0.0553461461,0.0553691887,0.1107153349
0.2751666667,0.0553461463,0.0553691886,0.1107153349
0.2753333333,0.0553461465,0.0553691884,0.1107153349
0.2755000000,0.0553461467,0.0553691881,0.1107153349
0.2756666667,0.0553461471,0.0553691878,0.1107153349
0.2758333333,0.0553461476,0.0553691873,0.1107153349
0.2760000000,0.0553461481,0.0553691867,0.1107153349
0.2761666667,0.0553461489,0.0553691860,0.1107153349
0.2763333333,0.0553461499,0.0553691850,0.1107153349
0.2765000000,0.0553461512,0.0553691837,0.1107153349
0.2766666667,0.0553461528,0.0553691821,0.1107153349
0.2768333333,0.0553461549,0.0553691800,0.1107153349
0.2770000000,0.0553461576,0.0553691773,0.1107153349
0.2771666667,0.0553461611,0.0553691738,0.1107153349
0.2773333333,0.0553461655,0.0553691694,0.1107153349
0.2775000000,0.0553461712,0.0553691638,0.1107153350
0.2776666667,0.0553461784,0.0553691566,0.1107153350
0.2778333333,0.0553461875,0.0553691475,0.1107153350
0.2780000000,0.0553461991,0.0553691360,0.1107153351
0.2781666667,0.0553462137,0.0553691214,0.1107153351
0.2783333333,0.0553462321,0.0553691030,0.1107153352
0.2785000000,0.0553462553,0.0553690799,0.1107153352
0.2786666667,0.0553462845,0.0553690508,0.1107153353
0.2788333333,0.0553463210,0.0553690144,0.1107153354
0.2790000000,0.0553463667,0.0553689689,0.1107153356
0.2791666667,0.0553464237,0.0553689120,0.1107153357
0.2793333333,0.0553464947,0.0553688413,0.1107153359
0.2795000000,0.0553465828,0.0553687533,0.1107153362
0.2796666667,0.0553466921,0.0553686443,0.1107153365
0.2798333333,0.0553468274,0.0553685095,0.1107153368
0.2800000000,0.0553469943,0.0553683430,0.1107153373
0.2801666667,0.0553471999,0.0553681379,0.1107153378
0.2803333333,0.0553474525,0.0553678859,0.1107153384
0.2805000000,0.0553477622,0.0553675769,0.1107153392
0.2806666667,0.0553481412,0.0553671989,0.1107153401
0.2808333333,0.0553486038,0.0553667374,0.1107153411
0.2810000000,0.0553491672,0.0553661752,0.1107153424
0.2811666667,0.0553498518,0.0553654921,0.1107153439
0.2813333333,0.0553506820,0.0553646637,0.1107153457
0.2815000000,0.0553516862,0.0553636616,0.1107153478
0.2816666667,0.0553528982,0.0553624521,0.1107153503
0.2818333333,0.0553543577,0.0553609955,0.1107153532
0.2820000000,0.0553561112,0.0553592454,0.1107153566
0.2821666667,0.0553582129,0.0553571476,0.1107153605
0.2823333333,0.0553607263,0.0553546388,0.1107153651
0.2825000000,0.0553637248,0.0553516456,0.1107153704
0.2826666667,0.0553672938,0.0553480827,0.1107153766
0.2828333333,0.0553715318,0.0553438519,0.1107153836
0.2830000000,0.0553765521,0.0553388397,0.1107153918
0.2831666667,0.0553824850,0.0553329160,0.1107154011
0.2833333333,0.0553894796,0.0553259321,0.1107154117
0.2835000000,0.0553977058,0.0553177180,0.1107154237
0.2836666667,0.0554073569,0.0553080805,0.1107154374
0.2838333333,0.0554186521,0.0552968007,0.1107154528
0.2840000000,0.0554318388,0.0552836314,0.1107154702
0.2841666667,0.0554471954,0.0552682943,0.1107154897
0.2843333333,0.0554650343,0.0552504772,0.1107155115
0.2845000000,0.0554857043,0.0552298315,0.1107155358
0.2846666667,0.0555095938,0.0552059689,0.1107155626
0.2848333333,0.0555371334,0.0551784590,0.1107155923
0.2850000000,0.0555687986,0.0551468264,0.1107156250
0.2851666667,0.0556051123,0.0551105485,0.1107156608
0.2853333333,0.0556466471,0.0550690527,0.1107156998
0.2855000000,0.0556940270,0.0550217151,0.1107157421
0.2856666667,0.0557479292,0.0549678586,0.1107157878
0.2858333333,0.0558090844,0.0549067525,0.1107158368
0.2860000000,0.0558782776,0.0548376117,0.1107158892
0.2861666667,0.0559563470,0.0547595979,0.1107159449
0.2863333333,0.0560441827,0.0546718209,0.1107160036
0.2865000000,0.0561427237,0.0545733414,0.1107160651
0.2866666667,0.0562529541,0.0544631750,0.1107161292
0.2868333333,0.0563758974,0.0543402978,0.1107161952
0.2870000000,0.0565126098,0.0542036530,0.1107162628
0.2871666667,0.0566641709,0.0540521603,0.1107163312
0.2873333333,0.0568316738,0.0538847259,0.1107163997
0.2875000000,0.0570162116,0.0537002556,0.1107164672
0.2876666667,0.0572188631,0.0534976697,0.1107165328
0.2878333333,0.0574406757,0.0532759196,0.1107165953
0.2880000000,0.0576826459,0.0530340074,0.1107166532
0.2881666667,0.0579456978,0.0527710074,0.1107167052
0.2883333333,0.0582306595,0.0524860900,0.1107167495
0.2885000000,0.0585382367,0.0521785477,0.1107167845
0.2886666667,0.0588689848,0.0518478233,0.1107168081
0.2888333333,0.0592232789,0.0514935397,0.1107168186
0.2890000000,0.0596012822,0.0511155316,0.1107168138
0.2891666667,0.0600029133,0.0507138782,0.1107167916
0.2893333333,0.0604278124,0.0502889374,0.1107167498
0.2895000000,0.0608753071,0.0498413793,0.1107166864
0.2896666667,0.0613443790,0.0493722203,0.1107165993
0.2898333333,0.0618336299,0.0488828566,0.1107164864
0.2900000000,0.0623412509,0.0483750952,0.1107163461
0.2901666667,0.0628649929,0.0478511836,0.1107161765
0.2903333333,0.0634021406,0.0473138359,0.1107159764
0.2905000000,0.0639494901,0.0467662546,0.1107157447
0.2906666667,0.0645033322,0.0462121484,0.1107154806
0.2908333333,0.0650594408,0.0456557430,0.1107151839
0.2910000000,0.0656130683,0.0451017863,0.1107148547
0.2911666667,0.0661589490,0.0445555447,0.1107144937
0.2913333333,0.0666913102,0.0440227921,0.1107141023
0.2915000000,0.0672038937,0.0435097887,0.1107136824
0.2916666667,0.0676899866,0.0430232501,0.1107132366
0.2918333333,0.0681424622,0.0425703060,0.1107127682
0.2920000000,0.0685538331,0.0421584479,0.1107122810
0.2921666667,0.0689163144,0.0417954654,0.1107117799
0.2923333333,0.0692218987,0.0414893714,0.1107112701
0.2925000000,0.0694624416,0.0412483162,0.1107107577
0.2926666667,0.0696297581,0.0410804913,0.1107102494
0.2928333333,0.0697157294,0.0409940229,0.1107097523
0.2930000000,0.0697124172,0.0409968569,0.1107092741
0.2931666667,0.0696121876,0.0410966354,0.1107088230
0.2933333333,0.0694078394,0.0413005679,0.1107084073
0.2935000000,0.0690927379,0.0416152975,0.1107080355
0.2936666667,0.0686609513,0.0420467648,0.1107077161
0.2938333333,0.0681073864,0.0426000712,0.1107074576
0.2940000000,0.0674279225,0.0432793454,0.1107072680
0.2941666667,0.0666195415,0.0440876134,0.1107071549
0.2943333333,0.0656804488,0.0450266767,0.1107071255
0.2945000000,0.0646101852,0.0460970006,0.1107071858
0.2946666667,0.0634097257,0.0472976153,0.1107073410
0.2948333333,0.0620815627,0.0486260327,0.1107075953
0.2950000000,0.0606297704,0.0500781810,0.1107079514
0.2951666667,0.0590600499,0.0516483609,0.1107084108
0.2953333333,0.0573797506,0.0533292226,0.1107089732
0.2955000000,0.0555978676,0.0551117694,0.1107096369
0.2956666667,0.0537250134,0.0569853851,0.1107103985
0.2958333333,0.0517733627,0.0589378901,0.1107112527
0.2960000000,0.0497565698,0.0609556230,0.1107121928
0.2961666667,0.0476896591,0.0630235511,0.1107132102
0.2963333333,0.0455888883,0.0651254064,0.1107142947
0.2965000000,0.0434715867,0.0672438481,0.1107154348
0.2966666667,0.0413559691,0.0693606483,0.1107166174
0.2968333333,0.0392609285,0.0714568998,0.1107178283
0.2970000000,0.0372058101,0.0735132424,0.1107190525
0.2971666667,0.0352101689,0.0755101052,0.1107202740
0.2973333333,0.0332935165,0.0774279600,0.1107214765
0.2975000000,0.0314750598,0.0792475837,0.1107226434
0.2976666667,0.0297734359,0.0809503223,0.1107237582
0.2978333333,0.0282064490,0.0825183558,0.1107248047
0.2980000000,0.0267908126,0.0839349549,0.1107257676
0.2981666667,0.0255419031,0.0851847291,0.1107266322
0.2983333333,0.0244735276,0.0862538577,0.1107273853
0.2985000000,0.0235977126,0.0871303025,0.1107280152
0.2986666667,0.0229245161,0.0878039957,0.1107285118
0.2988333333,0.0224618668,0.0882670001,0.1107288669
0.2990000000,0.0222154353,0.0885136393,0.1107290747
0.2991666667,0.0221885379,0.0885405933,0.1107291312
0.2993333333,0.0223820764,0.0883469587,0.1107290351
0.2995000000,0.0227945150,0.0879342722,0.1107287872
0.2996666667,0.0234218944,0.0873064964,0.1107283909
0.2998333333,0.0242578843,0.0864699673,0.1107278516
0.3000000000,0.0252938713,0.0854333058,0.1107271771
0.3001666667,0.0265190832,0.0842072940,0.1107263772
0.3003333333,0.0279207454,0.0828047183,0.1107254636
0.3005000000,0.0294842673,0.0812401824,0.1107244497
0.3006666667,0.0311934552,0.0795298949,0.1107233501
0.3008333333,0.0330307479,0.0776914329,0.1107221808
0.3010000000,0.0349774697,0.0757434887,0.1107209585
0.3011666667,0.0370140972,0.0737056031,0.1107197003
0.3013333333,0.0391205343,0.0715978894,0.1107184237
0.3015000000,0.0412763908,0.0694407553,0.1107171461
0.3016666667,0.0434612588,0.0672546256,0.1107158844
0.3018333333,0.0456549836,0.0650596713,0.1107146548
0.3020000000,0.0478379227,0.0628755500,0.1107134727
0.3021666667,0.0499911903,0.0607211617,0.1107123521
0.3023333333,0.0520968817,0.0586144240,0.1107113056
0.3025000000,0.0541382758,0.0565720686,0.1107103444
0.3026666667,0.0561000125,0.0546094654,0.1107094779
0.3028333333,0.0579682416,0.0527404718,0.1107087134
0.3030000000,0.0597307436,0.0509773132,0.1107080568
0.3031666667,0.0613770194,0.0493304923,0.1107075116
0.3033333333,0.0628983505,0.0478087294,0.1107070799
0.3035000000,0.0642878282,0.0464189332,0.1107067614
0.3036666667,0.0655403543,0.0451662003,0.1107065546
0.3038333333,0.0666526133,0.0440538428,0.1107064561
0.3040000000,0.0676230190,0.0430834420,0.1107064610
0.3041666667,0.0684516372,0.0422549259,0.1107065631
0.3043333333,0.0691400879,0.0415666674,0.1107067553
0.3045000000,0.0696914286,0.0410156006,0.1107070292
0.3046666667,0.0701100235,0.0405973524,0.1107073758
0.3048333333,0.0704014002,0.0403063856,0.1107077858
0.3050000000,0.0705720987,0.0401361506,0.1107082492
0.3051666667,0.0706295143,0.0400792419,0.1107087562
0.3053333333,0.0705817389,0.0401275580,0.1107092968
0.3055000000,0.0704374028,0.0402724586,0.1107098614
0.3056666667,0.0702055204,0.0405049201,0.1107104406
0.3058333333,0.0698953411,0.0408156845,0.1107110256
0.3060000000,0.0695162088,0.0411953995,0.1107116083
0.3061666667,0.0690774314,0.0416347497,0.1107121811
0.3063333333,0.0685881614,0.0421245761,0.1107127375
0.3065000000,0.0680572891,0.0426559824,0.1107132716
0.3066666667,0.0674933493,0.0432204290,0.1107137783
0.3068333333,0.0669044414,0.0438098122,0.1107142536
0.3070000000,0.0662981641,0.0444165302,0.1107146943
0.3071666667,0.0656815635,0.0450335344,0.1107150979
0.3073333333,0.0650610944,0.0456543685,0.1107154629
0.3075000000,0.0644425951,0.0462731933,0.1107157884
0.3076666667,0.0638312737,0.0468848006,0.1107160743
0.3078333333,0.0632317054,0.0474846156,0.1107163211
0.3080000000,0.0626478402,0.0480686895,0.1107165297
0.3081666667,0.0620830187,0.0486336829,0.1107167017
0.3083333333,0.0615399963,0.0491768425,0.1107168389
0.3085000000,0.0610209730,0.0496959706,0.1107169435
0.3086666667,0.0605276282,0.0501893899,0.1107170181
0.3088333333,0.0600611607,0.0506559046,0.1107170652
0.3090000000,0.0596223293,0.0510947583,0.1107170876
0.3091666667,0.0592114974,0.0515055905,0.1107170880
0.3093333333,0.0588286766,0.0518883925,0.1107170691
0.3095000000,0.0584735710,0.0522434628,0.1107170338
0.3096666667,0.0581456206,0.0525713640,0.1107169846
0.3098333333,0.0578440430,0.0528728810,0.1107169240
0.3100000000,0.0575678731,0.0531489812,0.1107168543
0.3101666667,0.0573160002,0.0534007775,0.1107167777
0.3103333333,0.0570872027,0.0536294935,0.1107166961
0.3105000000,0.0568801793,0.0538364321,0.1107166114
0.3106666667,0.0566935774,0.0540229476,0.1107165251
0.3108333333,0.0565260181,0.0541904203,0.1107164385
0.3110000000,0.0563761181,0.0543402347,0.1107163528
0.3111666667,0.0562425081,0.0544737609,0.1107162690
0.3113333333,0.0561238494,0.0545923385,0.1107161879
0.3115000000,0.0560188459,0.0546972643,0.1107161102
0.3116666667,0.0559262551,0.0547897812,0.1107160363
0.3118333333,0.0558448956,0.0548710710,0.1107159666
0.3120000000,0.0557736531,0.0549422483,0.1107159014
0.3121666667,0.0557114841,0.0550043566,0.1107158407
0.3123333333,0.0556574180,0.0550583666,0.1107157847
0.3125000000,0.0556105580,0.0551051752,0.1107157332
0.3126666667,0.0555700801,0.0551456061,0.1107156862
0.3128333333,0.0555352319,0.0551804116,0.1107156435
0.3130000000,0.0555053300,0.0552102749,0.1107156049
0.3131666667,0.0554797571,0.0552358132,0.1107155703
0.3133333333,0.0554579582,0.0552575811,0.1107155393
0.3135000000,0.0554394373,0.0552760745,0.1107155117
0.3136666667,0.0554237525,0.0552917348,0.1107154873
0.3138333333,0.0554105127,0.0553049531,0.1107154658
0.3140000000,0.0553993729,0.0553160740,0.1107154469
0.3141666667,0.0553900301,0.0553254003,0.1107154304
0.3143333333,0.0553822196,0.0553331964,0.1107154160
0.3145000000,0.0553757110,0.0553396925,0.1107154035
0.3146666667,0.0553703046,0.0553450882,0.1107153928
0.3148333333,0.0553658281,0.0553495554,0.1107153836
0.3150000000,0.0553621334,0.0553532423,0.1107153757
0.3151666667,0.0553590935,0.0553562754,0.1107153689
0.3153333333,0.0553566003,0.0553587628,0.1107153632
0.3155000000,0.0553545621,0.0553607963,0.1107153583
0.3156666667,0.0553529010,0.0553624533,0.1107153543
0.3158333333,0.0553515515,0.0553637993,0.1107153508
0.3160000000,0.0553504586,0.0553648893,0.1107153480
0.3161666667,0.0553495764,0.0553657692,0.1107153456
0.3163333333,0.0553488665,0.0553664771,0.1107153436
0.3165000000,0.0553482970,0.0553670450,0.1107153420
0.3166666667,0.0553478415,0.0553674991,0.1107153406
0.3168333333,0.0553474785,0.0553678610,0.1107153395
0.3170000000,0.0553471900,0.0553681486,0.1107153386
0.3171666667,0.0553469615,0.0553683763,0.1107153379
0.3173333333,0.0553467811,0.0553685562,0.1107153373
0.3175000000,0.0553466390,0.0553686977,0.1107153368
0.3176666667,0.0553465276,0.0553688088,0.1107153364
0.3178333333,0.0553464404,0.0553688957,0.1107153361
0.3180000000,0.0553463724,0.0553689634,0.1107153358
0.3181666667,0.0553463196,0.0553690160,0.1107153356
0.3183333333,0.0553462787,0.0553690568,0.1107153354
0.3185000000,0.0553462471,0.0553690883,0.1107153353
0.3186666667,0.0553462227,0.0553691125,0.1107153352
0.3188333333,0.0553462040,0.0553691311,0.1107153351
0.3190000000,0.0553461897,0.0553691453,0.1107153351
0.3191666667,0.0553461788,0.0553691562,0.1107153350
0.3193333333,0.0553461706,0.0553691644,0.1107153350
0.3195000000,0.0553461643,0.0553691707,0.1107153350
0.3196666667,0.0553461596,0.0553691754,0.1107153349
0.3198333333,0.0553461560,0.0553691789,0.1107153349
0.3200000000,0.0553461533,0.0553691816,0.1107153349
0.3201666667,0.0553461513,0.0553691836,0.1107153349
0.3203333333,0.0553461498,0.0553691851,0.1107153349
0.3205000000,0.0553461487,0.0553691862,0.1107153349
0.3206666667,0.0553461479,0.0553691870,0.1107153349
0.3208333333,0.0553461473,0.0553691876,0.1107153349
0.3210000000,0.0553461468,0.0553691880,0.1107153349
0.3211666667,0.0553461465,0.0553691884,0.1107153349
0.3213333333,0.0553461463,0.0553691886,0.1107153349
0.3215000000,0.0553461461,0.0553691888,0.1107153349
0.3216666667,0.0553461460,0.0553691889,0.1107153349
0.3218333333,0.0553461459,0.0553691890,0.1107153349
0.3220000000,0.0553461458,0.0553691891,0.1107153349
0.3221666667,0.0553461458,0.0553691891,0.1107153349
0.3223333333,0.0553461457,0.0553691891,0.1107153349
0.3225000000,0.0553461457,0.0553691892,0.1107153349
0.3226666667,0.0553461457,0.0553691892,0.1107153349
0.3228333333,0.0553461457,0.0553691892,0.1107153349
0.3230000000,0.0553461457,0.0553691892,0.1107153349
0.3231666667,0.0553461457,0.0553691892,0.1107153349
0.3233333333,0.0553461457,0.0553691892,0.1107153349
0.3235000000,0.0553461457,0.0553691891,0.1107153349
0.3236666667,0.0553461458,0.0553691891,0.1107153349
0.3238333333,0.0553461458,0.0553691891,0.1107153349
0.3240000000,0.0553461459,0.0553691890,0.1107153349
0.3241666667,0.0553461460,0.0553691889,0.1107153349
0.3243333333,0.0553461461,0.0553691888,0.1107153349
0.3245000000,0.0553461462,0.0553691887,0.1107153349
0.3246666667,0.0553461464,0.0553691885,0.1107153349
0.3248333333,0.0553461466,0.0553691883,0.1107153349
0.3250000000,0.0553461469,0.0553691880,0.1107153349
0.3251666667,0.0553461473,0.0553691876,0.1107153349
0.3253333333,0.0553461478,0.0553691871,0.1107153349
0.3255000000,0.0553461485,0.0553691864,0.1107153349
0.3256666667,0.0553461494,0.0553691855,0.1107153349
0.3258333333,0.0553461505,0.0553691844,0.1107153349
0.3260000000,0.0553461520,0.0553691829,0.1107153349
0.3261666667,0.0553461539,0.0553691810,0.1107153349
0.3263333333,0.0553461563,0.0553691786,0.1107153349
0.3265000000,0.0553461594,0.0553691755,0.1107153349
0.3266666667,0.0553461634,0.0553691716,0.1107153349
0.3268333333,0.0553461685,0.0553691665,0.1107153350
0.3270000000,0.0553461750,0.0553691600,0.1107153350
0.3271666667,0.0553461833,0.0553691517,0.1107153350
0.3273333333,0.0553461938,0.0553691413,0.1107153350
0.3275000000,0.0553462071,0.0553691280,0.1107153351
0.3276666667,0.0553462240,0.0553691111,0.1107153351
0.3278333333,0.0553462453,0.0553690899,0.1107153352
0.3280000000,0.0553462722,0.0553690631,0.1107153353
0.3281666667,0.0553463060,0.0553690294,0.1107153354
0.3283333333,0.0553463484,0.0553689871,0.1107153355
0.3285000000,0.0553464015,0.0553689342,0.1107153357
0.3286666667,0.0553464679,0.0553688680,0.1107153359
0.3288333333,0.0553465507,0.0553687854,0.1107153361
0.3290000000,0.0553466537,0.0553686827,0.1107153364
0.3291666667,0.0553467816,0.0553685551,0.1107153368
0.3293333333,0.0553469401,0.0553683970,0.1107153372
0.3295000000,0.0553471362,0.0553682016,0.1107153377
0.3296666667,0.0553473780,0.0553679603,0.1107153383
0.3298333333,0.0553476758,0.0553676633,0.1107153391
0.3300000000,0.0553480417,0.0553672983,0.1107153400
0.3301666667,0.0553484902,0.0553668509,0.1107153411
0.3303333333,0.0553490388,0.0553663036,0.1107153424
0.3305000000,0.0553497085,0.0553656355,0.1107153440
0.3306666667,0.0553505241,0.0553648217,0.1107153458
0.3308333333,0.0553515152,0.0553638328,0.1107153480
0.3310000000,0.0553527170,0.0553626335,0.1107153506
0.3311666667,0.0553541710,0.0553611826,0.1107153536
0.3313333333,0.0553559263,0.0553594309,0.1107153572
0.3315000000,0.0553580404,0.0553573210,0.1107153614
0.3316666667,0.0553605810,0.0553547854,0.1107153664
0.3318333333,0.0553636273,0.0553517448,0.1107153721
0.3320000000,0.0553672716,0.0553481072,0.1107153788
0.3321666667,0.0553716214,0.0553437652,0.1107153866
0.3323333333,0.0553768013,0.0553385943,0.1107153956
0.3325000000,0.0553829555,0.0553324504,0.1107154060
0.3326666667,0.0553902503,0.0553251676,0.1107154179
0.3328333333,0.0553988768,0.0553165548,0.1107154316
0.3330000000,0.0554090542,0.0553063930,0.1107154472
0.3331666667,0.0554210330,0.0552944320,0.1107154650
0.3333333333,0.0554350984,0.0552803868,0.1107154852
0.3335000000,0.0554515745,0.0552639336,0.1107155081
0.3336666667,0.0554708277,0.0552447061,0.1107155339
0.3338333333,0.0554932716,0.0552222912,0.1107155629
0.3340000000,0.0555193709,0.0551962244,0.1107155954
0.3341666667,0.0555496462,0.0551659855,0.1107156317
0.3343333333,0.0555846781,0.0551309939,0.1107156720
0.3345000000,0.0556251126,0.0550906041,0.1107157166
0.3346666667,0.0556716647,0.0550441012,0.1107157659
0.3348333333,0.0557251233,0.0549906967,0.1107158200
0.3350000000,0.0557863551,0.0549295242,0.1107158793
0.3351666667,0.0558563077,0.0548596360,0.1107159438
0.3353333333,0.0559360134,0.0547800002,0.1107160137
0.3355000000,0.0560265908,0.0546894983,0.1107160891
0.3356666667,0.0561292462,0.0545869237,0.1107161700
0.3358333333,0.0562452742,0.0544709821,0.1107162563
0.3360000000,0.0563760559,0.0543402920,0.1107163479
0.3361666667,0.0565230567,0.0541933879,0.1107164445
0.3363333333,0.0566878212,0.0540287245,0.1107165457
0.3365000000,0.0568719668,0.0538446840,0.1107166509
0.3366666667,0.0570771749,0.0536395844,0.1107167593
0.3368333333,0.0573051786,0.0534116915,0.1107168701
0.3370000000,0.0575577489,0.0531592333,0.1107169822
0.3371666667,0.0578366770,0.0528804173,0.1107170943
0.3373333333,0.0581437531,0.0525734518,0.1107172049
0.3375000000,0.0584807429,0.0522365693,0.1107173122
0.3376666667,0.0588493590,0.0518680552,0.1107174142
0.3378333333,0.0592512300,0.0514662788,0.1107175088
0.3380000000,0.0596878646,0.0510297290,0.1107175936
0.3381666667,0.0601606131,0.0505570527,0.1107176657
0.3383333333,0.0606706248,0.0500470977,0.1107177225
0.3385000000,0.0612188023,0.0494989586,0.1107177608
0.3386666667,0.0618057520,0.0489120255,0.1107177775
0.3388333333,0.0624317334,0.0482860357,0.1107177691
0.3390000000,0.0630966050,0.0476211272,0.1107177322
0.3391666667,0.0637997693,0.0469178940,0.1107176633
0.3393333333,0.0645401173,0.0461774417,0.1107175590
0.3395000000,0.0653159731,0.0454014427,0.1107174158
0.3396666667,0.0661250396,0.0445921909,0.1107172306
0.3398333333,0.0669643469,0.0437526533,0.1107170002
0.3400000000,0.0678302043,0.0428865178,0.1107167221
0.3401666667,0.0687181571,0.0419982368,0.1107163939
0.3403333333,0.0696229505,0.0410930633,0.1107160138
0.3405000000,0.0705385007,0.0401770800,0.1107155806
0.3406666667,0.0714578756,0.0392572182,0.1107150938
0.3408333333,0.0723732870,0.0383412667,0.1107145537
0.3410000000,0.0732760943,0.0374378669,0.1107139612
0.3411666667,0.0741568231,0.0365564955,0.1107133186
0.3413333333,0.0750051976,0.0357074313,0.1107126289
0.3415000000,0.0758101905,0.0349017057,0.1107118962
0.3416666667,0.0765600894,0.0341510364,0.1107111258
0.3418333333,0.0772425811,0.0334677431,0.1107103242
0.3420000000,0.0778448543,0.0328646445,0.1107094988
0.3421666667,0.0783537207,0.0323549378,0.1107086585
0.3423333333,0.0787557542,0.0319520587,0.1107078129
0.3425000000,0.0790374477,0.0316695252,0.1107069730
0.3426666667,0.0791853861,0.0315207644,0.1107061505
0.3428333333,0.0791864338,0.0315189241,0.1107053579
0.3430000000,0.0790279364,0.0316766721,0.1107046085
0.3431666667,0.0786979315,0.0320059846,0.1107039161
0.3433333333,0.0781853680,0.0325179266,0.1107032946
0.3435000000,0.0774803302,0.0332224279,0.1107027581
0.3436666667,0.0765742616,0.0341280589,0.1107023205
0.3438333333,0.0754601873,0.0352418079,0.1107019952
0.3440000000,0.0741329276,0.0365688673,0.1107017949
0.3441666667,0.0725893015,0.0381124298,0.1107017313
0.3443333333,0.0708283129,0.0398735020,0.1107018149
0.3445000000,0.0688513168,0.0418507377,0.1107020545
0.3446666667,0.0666621608,0.0440402963,0.1107024571
0.3448333333,0.0642672966,0.0464357311,0.1107030277
0.3450000000,0.0616758589,0.0490279100,0.1107037689
0.3451666667,0.0588997070,0.0518049739,0.1107046808
0.3453333333,0.0559534273,0.0547523337,0.1107057611
0.3455000000,0.0528542930,0.0578527113,0.1107070043
0.3456666667,0.0496221796,0.0610862229,0.1107084025
0.3458333333,0.0462794360,0.0644305087,0.1107099447
0.3460000000,0.0428507100,0.0678609072,0.1107116172
0.3461666667,0.0393627299,0.0713506739,0.1107134038
0.3463333333,0.0358440423,0.0748712431,0.1107152854
0.3465000000,0.0323247115,0.0783925295,0.1107172410
0.3466666667,0.0288359810,0.0818832665,0.1107192474
0.3468333333,0.0254099032,0.0853113765,0.1107212797
0.3470000000,0.0220789430,0.0886443688,0.1107233118
0.3471666667,0.0188755593,0.0918497573,0.1107253166
0.3473333333,0.0158317734,0.0948954932,0.1107272665
0.3475000000,0.0129787297,0.0977504045,0.1107291342
0.3476666667,0.0103462575,0.1003846352,0.1107308927
0.3478333333,0.0079624405,0.1027700755,0.1107325160
0.3480000000,0.0058532027,0.1048807770,0.1107339797
0.3481666667,0.0040419187,0.1066933427,0.1107352614
0.3483333333,0.0025490544,0.1081872864,0.1107363409
0.3485000000,0.0013918470,0.1093453539,0.1107372009
0.3486666667,0.0005840289,0.1101537985,0.1107378274
0.3488333333,0.0001356027,0.1106026069,0.1107382097
0.3490000000,0.0000526709,0.1106856698,0.1107383407
0.3491666667,0.0003373241,0.1104008933,0.1107382174
0.3493333333,0.0009875907,0.1097502498,0.1107378405
0.3495000000,0.0019974496,0.1087397651,0.1107372147
0.3496666667,0.0033569046,0.1073794439,0.1107363485
0.3498333333,0.0050521216,0.1056831326,0.1107352543
0.3500000000,0.0070656242,0.1036683235,0.1107339477
0.3501666667,0.0093765451,0.1013559027,0.1107324478
0.3503333333,0.0119609290,0.0987698473,0.1107307763
0.3505000000,0.0147920807,0.0959368768,0.1107289575
0.3506666667,0.0178409517,0.0928860659,0.1107270176
0.3508333333,0.0210765593,0.0896484250,0.1107249843
0.3510000000,0.0244664290,0.0862564574,0.1107228864
0.3511666667,0.0279770525,0.0827437005,0.1107207530
0.3513333333,0.0315743541,0.0791442592,0.1107186133
0.3515000000,0.0352241548,0.0754923409,0.1107164957
0.3516666667,0.0388926282,0.0718217995,0.1107144278
0.3518333333,0.0425467392,0.0681656962,0.1107124354
0.3520000000,0.0461546582,0.0645558845,0.1107105426
0.3521666667,0.0496861442,0.0610226269,0.1107087712
0.3523333333,0.0531128922,0.0575942479,0.1107071401
0.3525000000,0.0564088372,0.0542968284,0.1107056656
0.3526666667,0.0595504141,0.0511539468,0.1107043609
0.3528333333,0.0625167681,0.0481864680,0.1107032361
0.3530000000,0.0652899149,0.0454123829,0.1107022978
0.3531666667,0.0678548500,0.0428466998,0.1107015499
0.3533333333,0.0701996066,0.0405013861,0.1107009926
0.3535000000,0.0723152641,0.0383853596,0.1107006237
0.3536666667,0.0741959096,0.0365045283,0.1107004379
0.3538333333,0.0758385538,0.0348618735,0.1107004273
0.3540000000,0.0772430078,0.0334575742,0.1107005820
0.3541666667,0.0784117223,0.0322891676,0.1107008899
0.3543333333,0.0793495963,0.0313517410,0.1107013373
0.3545000000,0.0800637590,0.0306381504,0.1107019094
0.3546666667,0.0805633312,0.0301392589,0.1107025901
0.3548333333,0.0808591718,0.0298441912,0.1107033630
0.3550000000,0.0809636134,0.0297405978,0.1107042113
0.3551666667,0.0808901948,0.0298149234,0.1107051181
0.3553333333,0.0806533926,0.0300526745,0.1107060671
0.3555000000,0.0802683595,0.0304386830,0.1107070425
0.3556666667,0.0797506707,0.0309573584,0.1107080291
0.3558333333,0.0791160843,0.0315929287,0.1107090131
0.3560000000,0.0783803179,0.0323296636,0.1107099815
0.3561666667,0.0775588441,0.0331520790,0.1107109230
0.3563333333,0.0766667070,0.0340451206,0.1107118276
0.3565000000,0.0757183615,0.0349943249,0.1107126864
0.3566666667,0.0747275358,0.0359859568,0.1107134926
0.3568333333,0.0737071174,0.0370071231,0.1107142404
0.3570000000,0.0726690629,0.0380458628,0.1107149257
0.3571666667,0.0716243310,0.0390912146,0.1107155456
0.3573333333,0.0705828369,0.0401332616,0.1107160986
0.3575000000,0.0695534278,0.0411631565,0.1107165843
0.3576666667,0.0685438768,0.0421731268,0.1107170035
0.3578333333,0.0675608947,0.0431564632,0.1107173579
0.3580000000,0.0666101565,0.0441074934,0.1107176499
0.3581666667,0.0656963410,0.0450215418,0.1107178828
0.3583333333,0.0648231814,0.0458948788,0.1107180602
0.3585000000,0.0639935248,0.0467246615,0.1107181864
0.3586666667,0.0632093986,0.0475088671,0.1107182657
0.3588333333,0.0624720814,0.0482462214,0.1107183029
0.3590000000,0.0617821776,0.0489361250,0.1107183026
0.3591666667,0.0611396925,0.0495785771,0.1107182697
0.3593333333,0.0605441081,0.0501741005,0.1107182086
0.3595000000,0.0599944569,0.0507236671,0.1107181240
0.3596666667,0.0594893933,0.0512286268,0.1107180200
0.3598333333,0.0590272616,0.0516906391,0.1107179007
0.3600000000,0.0586061599,0.0521116098,0.1107177697
0.3601666667,0.0582239987,0.0524936316,0.1107176304
0.3603333333,0.0578785547,0.0528389310,0.1107174857
0.3605000000,0.0575675194,0.0531498191,0.1107173385
0.3606666667,0.0572885413,0.0534286496,0.1107171909
0.3608333333,0.0570392640,0.0536777811,0.1107170451
0.3610000000,0.0568173575,0.0538995452,0.1107169027
0.3611666667,0.0566205453,0.0540962197,0.1107167650
0.3613333333,0.0564466262,0.0542700069,0.1107166331
0.3615000000,0.0562934922,0.0544230157,0.1107165079
0.3616666667,0.0561591410,0.0545572489,0.1107163899
0.3618333333,0.0560416865,0.0546745932,0.1107162797
0.3620000000,0.0559393644,0.0547768128,0.1107161772
0.3621666667,0.0558505359,0.0548655468,0.1107160827
0.3623333333,0.0557736887,0.0549423073,0.1107159960
0.3625000000,0.0557074354,0.0550084816,0.1107159170
0.3626666667,0.0556505110,0.0550653344,0.1107158453
0.3628333333,0.0556017683,0.0551140124,0.1107157807
0.3630000000,0.0555601727,0.0551555500,0.1107157228
0.3631666667,0.0555247959,0.0551908751,0.1107156710
0.3633333333,0.0554948091,0.0552208160,0.1107156251
0.3635000000,0.0554694761,0.0552461084,0.1107155844
0.3636666667,0.0554481460,0.0552674027,0.1107155487
0.3638333333,0.0554302460,0.0552852714,0.1107155174
0.3640000000,0.0554152743,0.0553002158,0.1107154901
0.3641666667,0.0554027933,0.0553126731,0.1107154664
0.3643333333,0.0553924229,0.0553230230,0.1107154459
0.3645000000,0.0553838346,0.0553315936,0.1107154283
0.3646666667,0.0553767456,0.0553386675,0.1107154131
0.3648333333,0.0553709133,0.0553444869,0.1107154002
0.3650000000,0.0553661308,0.0553492585,0.1107153893
0.3651666667,0.0553622218,0.0553531582,0.1107153800
0.3653333333,0.0553590374,0.0553563348,0.1107153721
0.3655000000,0.0553564516,0.0553589139,0.1107153655
0.3656666667,0.0553543589,0.0553610011,0.1107153600
0.3658333333,0.0553526708,0.0553626847,0.1107153554
0.3660000000,0.0553513134,0.0553640382,0.1107153516
0.3661666667,0.0553502256,0.0553651228,0.1107153485
0.3663333333,0.0553493568,0.0553659891,0.1107153459
0.3665000000,0.0553486650,0.0553666788,0.1107153437
0.3666666667,0.0553481160,0.0553672260,0.1107153420
0.3668333333,0.0553476818,0.0553676588,0.1107153406
0.3670000000,0.0553473395,0.0553679999,0.1107153394
0.3671666667,0.0553470705,0.0553682680,0.1107153385
0.3673333333,0.0553468599,0.0553684779,0.1107153377
0.3675000000,0.0553466954,0.0553686417,0.1107153371
0.3676666667,0.0553465675,0.0553687691,0.1107153366
0.3678333333,0.0553464683,0.0553688679,0.1107153363
0.3680000000,0.0553463917,0.0553689443,0.1107153360
0.3681666667,0.0553463326,0.0553690031,0.1107153357
0.3683333333,0.0553462873,0.0553690483,0.1107153355
0.3685000000,0.0553462526,0.0553690828,0.1107153354
0.3686666667,0.0553462261,0.0553691091,0.1107153353
0.3688333333,0.0553462060,0.0553691292,0.1107153352
0.3690000000,0.0553461908,0.0553691443,0.1107153351
0.3691666667,0.0553461793,0.0553691558,0.1107153350
0.3693333333,0.0553461706,0.0553691644,0.1107153350
0.3695000000,0.0553461641,0.0553691708,0.1107153350
0.3696666667,0.0553461593,0.0553691757,0.1107153349
0.3698333333,0.0553461557,0.0553691793,0.1107153349
0.3700000000,0.0553461530,0.0553691819,0.1107153349
0.3701666667,0.0553461510,0.0553691839,0.1107153349
0.3703333333,0.0553461495,0.0553691853,0.1107153349
0.3705000000,0.0553461485,0.0553691864,0.1107153349
0.3706666667,0.0553461477,0.0553691872,0.1107153349
0.3708333333,0.0553461471,0.0553691878,0.1107153349
0.3710000000,0.0553461467,0.0553691882,0.1107153349
0.3711666667,0.0553461464,0.0553691885,0.1107153349
0.3713333333,0.0553461462,0.0553691887,0.1107153349
0.3715000000,0.0553461460,0.0553691888,0.1107153349
0.3716666667,0.0553461459,0.0553691890,0.1107153349
0.3718333333,0.0553461458,0.0553691890,0.1107153349
0.3720000000,0.0553461458,0.0553691891,0.1107153349
0.3721666667,0.0553461457,0.0553691891,0.1107153349
0.3723333333,0.0553461457,0.0553691892,0.1107153349
0.3725000000,0.0553461457,0.0553691892,0.1107153349
0.3726666667,0.0553461457,0.0553691892,0.1107153349
0.3728333333,0.0553461457,0.0553691892,0.1107153349
0.3730000000,0.0553461457,0.0553691892,0.1107153349
0.3731666667,0.0553461457,0.0553691892,0.1107153349
0.3733333333,0.0553461457,0.0553691892,0.1107153349
0.3735000000,0.0553461457,0.0553691891,0.1107153349
0.3736666667,0.0553461458,0.0553691891,0.1107153349
0.3738333333,0.0553461458,0.0553691891,0.1107153349
0.3740000000,0.0553461459,0.0553691890,0.1107153349
0.3741666667,0.0553461459,0.0553691889,0.1107153349
0.3743333333,0.0553461460,0.0553691888,0.1107153349
0.3745000000,0.0553461462,0.0553691887,0.1107153349
0.3746666667,0.0553461463,0.0553691885,0.1107153349
0.3748333333,0.0553461465,0.0553691883,0.1107153349
0.3750000000,0.0553461468,0.0553691880,0.1107153349
0.3751666667,0.0553461472,0.0553691877,0.1107153349
0.3753333333,0.0553461477,0.0553691872,0.1107153349
0.3755000000,0.0553461483,0.0553691866,0.1107153349
0.3756666667,0.0553461491,0.0553691858,0.1107153349
0.3758333333,0.0553461501,0.0553691848,0.1107153349
0.3760000000,0.0553461514,0.0553691835,0.1107153349
0.3761666667,0.0553461530,0.0553691819,0.1107153349
0.3763333333,0.0553461552,0.0553691797,0.1107153349
0.3765000000,0.0553461579,0.0553691770,0.1107153349
0.3766666667,0.0553461613,0.0553691736,0.1107153349
0.3768333333,0.0553461657,0.0553691692,0.1107153349
0.3770000000,0.0553461713,0.0553691636,0.1107153350
0.3771666667,0.0553461784,0.0553691566,0.1107153350
0.3773333333,0.0553461874,0.0553691477,0.1107153350
0.3775000000,0.0553461986,0.0553691364,0.1107153350
0.3776666667,0.0553462129,0.0553691222,0.1107153351
0.3778333333,0.0553462307,0.0553691044,0.1107153351
0.3780000000,0.0553462531,0.0553690821,0.1107153352
0.3781666667,0.0553462811,0.0553690542,0.1107153353
0.3783333333,0.0553463161,0.0553690193,0.1107153354
0.3785000000,0.0553463597,0.0553689758,0.1107153355
0.3786666667,0.0553464139,0.0553689218,0.1107153357
0.3788333333,0.0553464812,0.0553688547,0.1107153359
0.3790000000,0.0553465645,0.0553687716,0.1107153361
0.3791666667,0.0553466675,0.0553686688,0.1107153364
0.3793333333,0.0553467945,0.0553685422,0.1107153367
0.3795000000,0.0553469508,0.0553683862,0.1107153371
0.3796666667,0.0553471428,0.0553681947,0.1107153376
0.3798333333,0.0553473781,0.0553679600,0.1107153381
0.3800000000,0.0553476658,0.0553676730,0.1107153388
0.3801666667,0.0553480169,0.0553673227,0.1107153396
0.3803333333,0.0553484445,0.0553668961,0.1107153406
0.3805000000,0.0553489640,0.0553663777,0.1107153417
0.3806666667,0.0553495939,0.0553657492,0.1107153431
0.3808333333,0.0553503560,0.0553649887,0.1107153447
0.3810000000,0.0553512759,0.0553640706,0.1107153466
0.3811666667,0.0553523841,0.0553629647,0.1107153488
0.3813333333,0.0553537161,0.0553616353,0.1107153514
0.3815000000,0.0553553134,0.0553600410,0.1107153544
0.3816666667,0.0553572248,0.0553581331,0.1107153580
0.3818333333,0.0553595069,0.0553558551,0.1107153621
0.3820000000,0.0553622255,0.0553531413,0.1107153668
0.3821666667,0.0553654567,0.0553499156,0.1107153723
0.3823333333,0.0553692885,0.0553460901,0.1107153786
0.3825000000,0.0553738221,0.0553415637,0.1107153859
0.3826666667,0.0553791739,0.0553362203,0.1107153942
0.3828333333,0.0553854767,0.0553299269,0.1107154036
0.3830000000,0.0553928825,0.0553225319,0.1107154144
0.3831666667,0.0554015638,0.0553138628,0.1107154266
0.3833333333,0.0554117163,0.0553037241,0.1107154404
0.3835000000,0.0554235613,0.0552918947,0.1107154560
0.3836666667,0.0554373477,0.0552781257,0.1107154734
0.3838333333,0.0554533552,0.0552621378,0.1107154929
0.3840000000,0.0554718964,0.0552436183,0.1107155147
0.3841666667,0.0554933198,0.0552222191,0.1107155389
0.3843333333,0.0555180123,0.0551975533,0.1107155656
0.3845000000,0.0555464019,0.0551691931,0.1107155950
0.3846666667,0.0555789601,0.0551366673,0.1107156274
0.3848333333,0.0556162040,0.0550994586,0.1107156627
0.3850000000,0.0556586990,0.0550570021,0.1107157011
0.3851666667,0.0557070596,0.0550086830,0.1107157427
0.3853333333,0.0557619514,0.0549538360,0.1107157875
0.3855000000,0.0558240914,0.0548917441,0.1107158355
0.3856666667,0.0558942479,0.0548216388,0.1107158867
0.3858333333,0.0559732401,0.0547427009,0.1107159410
0.3860000000,0.0560619361,0.0546540621,0.1107159982
0.3861666667,0.0561612501,0.0545548078,0.1107160580
0.3863333333,0.0562721386,0.0544439815,0.1107161201
0.3865000000,0.0563955947,0.0543205894,0.1107161841
0.3866666667,0.0565326412,0.0541836082,0.1107162494
0.3868333333,0.0566843224,0.0540319931,0.1107163155
0.3870000000,0.0568516931,0.0538646883,0.1107163814
0.3871666667,0.0570358070,0.0536806395,0.1107164464
0.3873333333,0.0572377017,0.0534788077,0.1107165094
0.3875000000,0.0574583829,0.0532581863,0.1107165693
0.3876666667,0.0576988054,0.0530178192,0.1107166246
0.3878333333,0.0579598525,0.0527568217,0.1107166741
0.3880000000,0.0582423131,0.0524744031,0.1107167162
0.3881666667,0.0585468568,0.0521698923,0.1107167491
0.3883333333,0.0588740070,0.0518427641,0.1107167711
0.3885000000,0.0592241120,0.0514926683,0.1107167803
0.3886666667,0.0595973149,0.0511194598,0.1107167747
0.3888333333,0.0599935223,0.0507232300,0.1107167524
0.3890000000,0.0604123718,0.0503043393,0.1107167111
0.3891666667,0.0608531993,0.0498634497,0.1107166490
0.3893333333,0.0613150068,0.0494015572,0.1107165640
0.3895000000,0.0617964302,0.0489200240,0.1107164542
0.3896666667,0.0622957091,0.0484206087,0.1107163178
0.3898333333,0.0628106587,0.0479054946,0.1107161533
0.3900000000,0.0633386440,0.0473773153,0.1107159593
0.3901666667,0.0638765587,0.0468391760,0.1107157347
0.3903333333,0.0644208077,0.0462946711,0.1107154788
0.3905000000,0.0649672962,0.0457478951,0.1107151913
0.3906666667,0.0655114239,0.0452034483,0.1107148722
0.3908333333,0.0660480877,0.0446664347,0.1107145223
0.3910000000,0.0665716911,0.0441424516,0.1107141427
0.3911666667,0.0670761641,0.0436375710,0.1107137352
0.3913333333,0.0675549910,0.0431583111,0.1107133021
0.3915000000,0.0680012489,0.0427115977,0.1107128466
0.3916666667,0.0684076571,0.0423047153,0.1107123724
0.3918333333,0.0687666365,0.0419452473,0.1107118838
0.3920000000,0.0690703805,0.0416410055,0.1107113860
0.3921666667,0.0693109358,0.0413999489,0.1107108847
0.3923333333,0.0694802943,0.0412300919,0.1107103863
0.3925000000,0.0695704944,0.0411394031,0.1107098975
0.3926666667,0.0695737311,0.0411356948,0.1107094259
0.3928333333,0.0694824741,0.0412265051,0.1107089792
0.3930000000,0.0692895919,0.0414189735,0.1107085654
0.3931666667,0.0689884814,0.0417197115,0.1107081930
0.3933333333,0.0685731997,0.0421346703,0.1107078701
0.3935000000,0.0680385970,0.0426690080,0.1107076050
0.3936666667,0.0673804479,0.0433269579,0.1107074057
0.3938333333,0.0665955792,0.0441117006,0.1107072798
0.3940000000,0.0656819908,0.0450252436,0.1107072344
0.3941666667,0.0646389676,0.0460683080,0.1107072756
0.3943333333,0.0634671796,0.0472402292,0.1107074088
0.3945000000,0.0621687679,0.0485388706,0.1107076385
0.3946666667,0.0607474129,0.0499605547,0.1107079676
0.3948333333,0.0592083847,0.0515000133,0.1107083980
0.3950000000,0.0575585703,0.0531503597,0.1107089300
0.3951666667,0.0558064787,0.0549030836,0.1107095623
0.3953333333,0.0539622208,0.0567480712,0.1107102920
0.3955000000,0.0520374632,0.0586736514,0.1107111147
0.3956666667,0.0500453558,0.0606666682,0.1107120240
0.3958333333,0.0480004316,0.0627125805,0.1107130121
0.3960000000,0.0459184816,0.0647955879,0.1107140695
0.3961666667,0.0438164028,0.0668987825,0.1107151853
0.3963333333,0.0417120225,0.0690043244,0.1107163470
0.3965000000,0.0396239011,0.0710936400,0.1107175410
0.3966666667,0.0375711139,0.0731476389,0.1107187528
0.3968333333,0.0355730179,0.0751469489,0.1107199668
0.3970000000,0.0336490044,0.0770721625,0.1107211669
0.3971666667,0.0318182430,0.0789040939,0.1107223368
0.3973333333,0.0300994200,0.0806240402,0.1107234602
0.3975000000,0.0285104770,0.0822140439,0.1107245208
0.3976666667,0.0270683528,0.0836571504,0.1107255031
0.3978333333,0.0257887345,0.0849376578,0.1107263923
0.3980000000,0.0246858219,0.0860413528,0.1107271748
0.3981666667,0.0237721096,0.0869557286,0.1107278382
0.3983333333,0.0230581911,0.0876701809,0.1107283720
0.3985000000,0.0225525891,0.0881761782,0.1107287673
0.3986666667,0.0222616153,0.0884674021,0.1107290174
0.3988333333,0.0221892620,0.0885398557,0.1107291177
0.3990000000,0.0223371294,0.0883919364,0.1107290658
0.3991666667,0.0227043880,0.0880244739,0.1107288619
0.3993333333,0.0232877795,0.0874407287,0.1107285082
0.3995000000,0.0240816545,0.0866463550,0.1107280095
0.3996666667,0.0250780476,0.0856493251,0.1107273727
0.3998333333,0.0262667884,0.0844598185,0.1107266069
0.4000000000,0.0276356460,0.0830900772,0.1107257231
0.4001666667,0.0291705051,0.0815542290,0.1107247341
0.4003333333,0.0308555699,0.0798680842,0.1107236541
0.4005000000,0.0326735923,0.0780489065,0.1107224988
0.4006666667,0.0346061199,0.0761151647,0.1107212846
0.4008333333,0.0366337593,0.0740862693,0.1107200286
0.4010000000,0.0387364502,0.0719822982,0.1107187484
0.4011666667,0.0408937448,0.0698237168,0.1107174616
0.4013333333,0.0430850875,0.0676310977,0.1107161852
0.4015000000,0.0452900904,0.0654248457,0.1107149361
0.4016666667,0.0474887993,0.0632249308,0.1107137300
0.4018333333,0.0496619460,0.0610506357,0.1107125816
0.4020000000,0.0517911830,0.0589203213,0.1107115043
0.4021666667,0.0538592964,0.0568512134,0.1107105098
0.4023333333,0.0558503944,0.0548592138,0.1107096082
0.4025000000,0.0577500686,0.0529587393,0.1107088079
0.4026666667,0.0595455266,0.0511625886,0.1107081152
0.4028333333,0.0612256937,0.0494818408,0.1107075345
0.4030000000,0.0627812848,0.0479257837,0.1107070685
0.4031666667,0.0642048441,0.0465018735,0.1107067176
0.4033333333,0.0654907562,0.0452157247,0.1107064809
0.4035000000,0.0666352265,0.0440711287,0.1107063552
0.4036666667,0.0676362361,0.0430701002,0.1107063363
0.4038333333,0.0684934700,0.0422129482,0.1107064182
0.4040000000,0.0692082242,0.0414983696,0.1107065938
0.4041666667,0.0697832925,0.0409235625,0.1107068550
0.4043333333,0.0702228369,0.0404843561,0.1107071929
0.4045000000,0.0705322446,0.0401753534,0.1107075979
0.4046666667,0.0707179759,0.0399900842,0.1107080601
0.4048333333,0.0707874048,0.0399211644,0.1107085692
0.4050000000,0.0707486566,0.0399604585,0.1107091151
0.4051666667,0.0706104452,0.0400992425,0.1107096877
0.4053333333,0.0703819134,0.0403283640,0.1107102774
0.4055000000,0.0700724782,0.0406383968,0.1107108750
0.4056666667,0.0696916837,0.0410197882,0.1107114719
0.4058333333,0.0692490642,0.0414629960,0.1107120602
0.4060000000,0.0687540180,0.0419586148,0.1107126328
0.4061666667,0.0682156943,0.0424974892,0.1107131835
0.4063333333,0.0676428936,0.0430708133,0.1107137069
0.4065000000,0.0670439819,0.0436702168,0.1107141986
0.4066666667,0.0664268201,0.0442878350,0.1107146552
0.4068333333,0.0657987072,0.0449163666,0.1107150738
0.4070000000,0.0651663376,0.0455491151,0.1107154527
0.4071666667,0.0645357725,0.0461800185,0.1107157910
0.4073333333,0.0639124229,0.0468036654,0.1107160882
0.4075000000,0.0633010457,0.0474152992,0.1107163449
0.4076666667,0.0627057495,0.0480108124,0.1107165619
0.4078333333,0.0621300098,0.0485867310,0.1107167408
0.4080000000,0.0615766930,0.0491401905,0.1107168835
0.4081666667,0.0610480867,0.0496689056,0.1107169922
0.4083333333,0.0605459356,0.0501711340,0.1107170696
0.4085000000,0.0600714820,0.0506456361,0.1107171182
0.4086666667,0.0596255093,0.0510916316,0.1107171409
0.4088333333,0.0592083870,0.0515087537,0.1107171407
0.4090000000,0.0588201174,0.0518970029,0.1107171204
0.4091666667,0.0584603817,0.0522567012,0.1107170829
0.4093333333,0.0581285853,0.0525884456,0.1107170309
0.4095000000,0.0578239018,0.0528930653,0.1107169671
0.4096666667,0.0575453151,0.0531715788,0.1107168939
0.4098333333,0.0572916581,0.0534251555,0.1107168135
0.4100000000,0.0570616491,0.0536550790,0.1107167281
0.4101666667,0.0568539253,0.0538627142,0.1107166395
0.4103333333,0.0566670719,0.0540494774,0.1107165493
0.4105000000,0.0564996489,0.0542168101,0.1107164590
0.4106666667,0.0563502138,0.0543661560,0.1107163698
0.4108333333,0.0562173413,0.0544989414,0.1107162827
0.4110000000,0.0560996398,0.0546165588,0.1107161986
0.4111666667,0.0559957648,0.0547203532,0.1107161181
0.4113333333,0.0559044298,0.0548116120,0.1107160417
0.4115000000,0.0558244137,0.0548915562,0.1107159699
0.4116666667,0.0557545675,0.0549613353,0.1107159028
0.4118333333,0.0556938176,0.0550220229,0.1107158405
0.4120000000,0.0556411678,0.0550746154,0.1107157831
0.4121666667,0.0555956996,0.0551200309,0.1107157306
0.4123333333,0.0555565720,0.0551591107,0.1107156827
0.4125000000,0.0555230186,0.0551926207,0.1107156394
0.4126666667,0.0554943458,0.0552212545,0.1107156003
0.4128333333,0.0554699287,0.0552456366,0.1107155654
0.4130000000,0.0554492077,0.0552663265,0.1107155343
0.4131666667,0.0554316840,0.0552838227,0.1107155066
0.4133333333,0.0554169151,0.0552985672,0.1107154823
0.4135000000,0.0554045106,0.0553109502,0.1107154609
0.4136666667,0.0553941278,0.0553213144,0.1107154422
0.4138333333,0.0553854667,0.0553299592,0.1107154259
0.4140000000,0.0553782666,0.0553371453,0.1107154118
0.4141666667,0.0553723013,0.0553430984,0.1107153996
0.4143333333,0.0553673759,0.0553480133,0.1107153892
0.4145000000,0.0553633229,0.0553520574,0.1107153803
0.4146666667,0.0553599992,0.0553553735,0.1107153727
0.4148333333,0.0553572828,0.0553580835,0.1107153662
0.4150000000,0.0553550702,0.0553602906,0.1107153608
0.4151666667,0.0553532741,0.0553620821,0.1107153562
0.4153333333,0.0553518211,0.0553635313,0.1107153524
0.4155000000,0.0553506497,0.0553646995,0.1107153492
0.4156666667,0.0553497084,0.0553656381,0.1107153465
0.4158333333,0.0553489546,0.0553663897,0.1107153443
0.4160000000,0.0553483531,0.0553669894,0.1107153425
0.4161666667,0.0553478748,0.0553674663,0.1107153410
0.4163333333,0.0553474956,0.0553678442,0.1107153398
0.4165000000,0.0553471961,0.0553681427,0.1107153388
0.4166666667,0.0553469604,0.0553683777,0.1107153380
0.4168333333,0.0553467754,0.0553685620,0.1107153374
0.4170000000,0.0553466308,0.0553687060,0.1107153368
0.4171666667,0.0553465182,0.0553688182,0.1107153364
0.4173333333,0.0553464308,0.0553689053,0.1107153361
0.4175000000,0.0553463631,0.0553689727,0.1107153358
0.4176666667,0.0553463109,0.0553690247,0.1107153356
0.4178333333,0.0553462709,0.0553690646,0.1107153354
0.4180000000,0.0553462402,0.0553690951,0.1107153353
0.4181666667,0.0553462168,0.0553691184,0.1107153352
0.4183333333,0.0553461990,0.0553691362,0.1107153351
0.4185000000,0.0553461855,0.0553691496,0.1107153351
0.4186666667,0.0553461753,0.0553691597,0.1107153350
0.4188333333,0.0553461677,0.0553691673,0.1107153350
0.4190000000,0.0553461619,0.0553691730,0.1107153350
0.4191666667,0.0553461576,0.0553691773,0.1107153349
0.4193333333,0.0553461544,0.0553691805,0.1107153349
0.4195000000,0.0553461521,0.0553691828,0.1107153349
0.4196666667,0.0553461503,0.0553691846,0.1107153349
0.4198333333,0.0553461490,0.0553691858,0.1107153349
0.4200000000,0.0553461481,0.0553691868,0.1107153349
0.4201666667,0.0553461474,0.0553691875,0.1107153349
0.4203333333,0.0553461469,0.0553691880,0.1107153349
0.4205000000,0.0553461466,0.0553691883,0.1107153349
0.4206666667,0.0553461463,0.0553691886,0.1107153349
0.4208333333,0.0553461461,0.0553691888,0.1107153349
0.4210000000,0.0553461460,0.0553691889,0.1107153349
0.4211666667,0.0553461459,0.0553691890,0.1107153349
0.4213333333,0.0553461458,0.0553691891,0.1107153349
0.4215000000,0.0553461458,0.0553691891,0.1107153349
0.4216666667,0.0553461457,0.0553691891,0.1107153349
0.4218333333,0.0553461457,0.0553691892,0.1107153349
0.4220000000,0.0553461457,0.0553691892,0.1107153349
0.4221666667,0.0553461457,0.0553691892,0.1107153349
0.4223333333,0.0553461457,0.0553691892,0.1107153349
0.4225000000,0.0553461457,0.0553691892,0.1107153349
0.4226666667,0.0553461457,0.0553691892,0.1107153349
0.4228333333,0.0553461457,0.0553691891,0.1107153349
0.4230000000,0.0553461457,0.0553691891,0.1107153349
0.4231666667,0.0553461458,0.0553691891,0.1107153349
0.4233333333,0.0553461458,0.0553691890,0.1107153349
0.4235000000,0.0553461459,0.0553691890,0.1107153349
0.4236666667,0.0553461460,0.0553691889,0.1107153349
0.4238333333,0.0553461461,0.0553691888,0.1107153349
0.4240000000,0.0553461462,0.0553691886,0.1107153349
0.4241666667,0.0553461464,0.0553691884,0.1107153349
0.4243333333,0.0553461467,0.0553691882,0.1107153349
0.4245000000,0.0553461470,0.0553691879,0.1107153349
0.4246666667,0.0553461474,0.0553691875,0.1107153349
0.4248333333,0.0553461480,0.0553691869,0.1107153349
0.4250000000,0.0553461487,0.0553691862,0.1107153349
0.4251666667,0.0553461496,0.0553691853,0.1107153349
0.4253333333,0.0553461507,0.0553691842,0.1107153349
0.4255000000,0.0553461522,0.0553691827,0.1107153349
0.4256666667,0.0553461541,0.0553691808,0.1107153349
0.4258333333,0.0553461566,0.0553691784,0.1107153349
0.4260000000,0.0553461597,0.0553691752,0.1107153349
0.4261666667,0.0553461637,0.0553691713,0.1107153349
0.4263333333,0.0553461687,0.0553691662,0.1107153350
0.4265000000,0.0553461752,0.0553691598,0.1107153350
0.4266666667,0.0553461834,0.0553691516,0.1107153350
0.4268333333,0.0553461937,0.0553691413,0.1107153350
0.4270000000,0.0553462068,0.0553691283,0.1107153351
0.4271666667,0.0553462232,0.0553691119,0.1107153351
0.4273333333,0.0553462440,0.0553690912,0.1107153352
0.4275000000,0.0553462700,0.0553690653,0.1107153353
0.4276666667,0.0553463025,0.0553690328,0.1107153354
0.4278333333,0.0553463433,0.0553689922,0.1107153355
0.4280000000,0.0553463941,0.0553689415,0.1107153356
0.4281666667,0.0553464575,0.0553688783,0.1107153358
0.4283333333,0.0553465362,0.0553687998,0.1107153360
0.4285000000,0.0553466339,0.0553687024,0.1107153363
0.4286666667,0.0553467548,0.0553685819,0.1107153366
0.4288333333,0.0553469041,0.0553684329,0.1107153370
0.4290000000,0.0553470882,0.0553682493,0.1107153375
0.4291666667,0.0553473148,0.0553680233,0.1107153381
0.4293333333,0.0553475930,0.0553677458,0.1107153388
0.4295000000,0.0553479338,0.0553674058,0.1107153396
0.4296666667,0.0553483506,0.0553669900,0.1107153406
0.4298333333,0.0553488592,0.0553664826,0.1107153418
0.4300000000,0.0553494784,0.0553658647,0.1107153432
0.4301666667,0.0553502309,0.0553651139,0.1107153448
0.4303333333,0.0553511433,0.0553642035,0.1107153468
0.4305000000,0.0553522473,0.0553631018,0.1107153491
0.4306666667,0.0553535803,0.0553617716,0.1107153519
0.4308333333,0.0553551863,0.0553601688,0.1107153551
0.4310000000,0.0553571170,0.0553582419,0.1107153589
0.4311666667,0.0553594332,0.0553559301,0.1107153633
0.4313333333,0.0553622058,0.0553531627,0.1107153685
0.4315000000,0.0553655173,0.0553498571,0.1107153744
0.4316666667,0.0553694640,0.0553459173,0.1107153814
0.4318333333,0.0553741574,0.0553412321,0.1107153894
0.4320000000,0.0553797261,0.0553356726,0.1107153987
0.4321666667,0.0553863188,0.0553290905,0.1107154093
0.4323333333,0.0553941063,0.0553213153,0.1107154216
0.4325000000,0.0554032842,0.0553121513,0.1107154355
0.4326666667,0.0554140763,0.0553013751,0.1107154514
0.4328333333,0.0554267374,0.0552887321,0.1107154695
0.4330000000,0.0554415569,0.0552739330,0.1107154899
0.4331666667,0.0554588627,0.0552566503,0.1107155130
0.4333333333,0.0554790244,0.0552365146,0.1107155390
0.4335000000,0.0555024582,0.0552131099,0.1107155681
0.4336666667,0.0555296303,0.0551859703,0.1107156006
0.4338333333,0.0555610619,0.0551545749,0.1107156368
0.4340000000,0.0555973328,0.0551183442,0.1107156770
0.4341666667,0.0556390861,0.0550766353,0.1107157214
0.4343333333,0.0556870326,0.0550287376,0.1107157702
0.4345000000,0.0557419543,0.0549738694,0.1107158238
0.4346666667,0.0558047084,0.0549111738,0.1107158822
0.4348333333,0.0558762305,0.0548397152,0.1107159458
0.4350000000,0.0559575372,0.0547584773,0.1107160145
0.4351666667,0.0560497280,0.0546663604,0.1107160884
0.4353333333,0.0561539867,0.0545621810,0.1107161677
0.4355000000,0.0562715805,0.0544446716,0.1107162521
0.4356666667,0.0564038594,0.0543124820,0.1107163414
0.4358333333,0.0565522530,0.0541641826,0.1107164355
0.4360000000,0.0567182654,0.0539982685,0.1107165339
0.4361666667,0.0569034691,0.0538131669,0.1107166359
0.4363333333,0.0571094956,0.0536072454,0.1107167410
0.4365000000,0.0573380242,0.0533788240,0.1107168482
0.4366666667,0.0575907679,0.0531261886,0.1107169564
0.4368333333,0.0578694560,0.0528476084,0.1107170645
0.4370000000,0.0581758146,0.0525413562,0.1107171709
0.4371666667,0.0585115424,0.0522057315,0.1107172739
0.4373333333,0.0588782843,0.0518390874,0.1107173717
0.4375000000,0.0592776008,0.0514398613,0.1107174621
0.4376666667,0.0597109344,0.0510066085,0.1107175429
0.4378333333,0.0601795718,0.0505380396,0.1107176114
0.4380000000,0.0606846034,0.0500330615,0.1107176649
0.4381666667,0.0612268793,0.0494908212,0.1107177004
0.4383333333,0.0618069622,0.0489107528,0.1107177150
0.4385000000,0.0624250786,0.0482926267,0.1107177053
0.4386666667,0.0630810667,0.0476366013,0.1107176681
0.4388333333,0.0637743245,0.0469432755,0.1107176000
0.4390000000,0.0645037555,0.0462137422,0.1107174977
0.4391666667,0.0652677162,0.0454496417,0.1107173579
0.4393333333,0.0660639638,0.0446532137,0.1107171775
0.4395000000,0.0668896061,0.0438273475,0.1107169536
0.4396666667,0.0677410557,0.0429756278,0.1107166836
0.4398333333,0.0686139878,0.0421023774,0.1107163652
0.4400000000,0.0695033044,0.0412126923,0.1107159966
0.4401666667,0.0704031065,0.0403124703,0.1107155767
0.4403333333,0.0713066744,0.0394084305,0.1107151049
0.4405000000,0.0722064586,0.0385081226,0.1107145812
0.4406666667,0.0730940825,0.0376199242,0.1107140067
0.4408333333,0.0739603581,0.0367530252,0.1107133833
0.4410000000,0.0747953159,0.0359173978,0.1107127137
0.4411666667,0.0755882505,0.0351237513,0.1107120019
0.4413333333,0.0763277824,0.0343834703,0.1107112527
0.4415000000,0.0770019368,0.0337085355,0.1107104722
0.4416666667,0.0775982404,0.0331114272,0.1107096676
0.4418333333,0.0781038356,0.0326050114,0.1107088470
0.4420000000,0.0785056124,0.0322024075,0.1107080199
0.4421666667,0.0787903569,0.0319168396,0.1107071965
0.4423333333,0.0789449167,0.0317614713,0.1107063880
0.4425000000,0.0789563809,0.0317492257,0.1107056066
0.4426666667,0.0788122722,0.0318925928,0.1107048650
0.4428333333,0.0785007510,0.0322034254,0.1107041764
0.4430000000,0.0780108272,0.0326927273,0.1107035544
0.4431666667,0.0773325773,0.0333704356,0.1107030129
0.4433333333,0.0764573632,0.0342452021,0.1107025652
0.4435000000,0.0753780493,0.0353241755,0.1107022248
0.4436666667,0.0740892139,0.0366127903,0.1107020042
0.4438333333,0.0725873502,0.0381145648,0.1107019150
0.4440000000,0.0708710535,0.0398309145,0.1107019680
0.4441666667,0.0689411890,0.0417609831,0.1107021721
0.4443333333,0.0668010371,0.0439014976,0.1107025347
0.4445000000,0.0644564112,0.0462466502,0.1107030614
0.4446666667,0.0619157443,0.0487880110,0.1107037553
0.4448333333,0.0591901409,0.0515144765,0.1107046174
0.4450000000,0.0562933905,0.0544122554,0.1107056459
0.4451666667,0.0532419409,0.0574648957,0.1107068366
0.4453333333,0.0500548291,0.0606533533,0.1107081823
0.4455000000,0.0467535673,0.0639561060,0.1107096733
0.4456666667,0.0433619860,0.0673493109,0.1107112969
0.4458333333,0.0399060322,0.0708070056,0.1107130379
0.4460000000,0.0364135255,0.0743013529,0.1107148783
0.4461666667,0.0329138732,0.0778029250,0.1107167982
0.4463333333,0.0294377492,0.0812810261,0.1107187753
0.4465000000,0.0260167382,0.0847040473,0.1107207855
0.4466666667,0.0226829527,0.0880398507,0.1107228034
0.4468333333,0.0194686264,0.0912561762,0.1107248025
0.4470000000,0.0164056910,0.0943210647,0.1107267558
0.4471666667,0.0135253442,0.0972032917,0.1107286359
0.4473333333,0.0108576139,0.0998728021,0.1107304160
0.4475000000,0.0084309289,0.1023011410,0.1107320699
0.4476666667,0.0062717018,0.1044618710,0.1107335728
0.4478333333,0.0044039327,0.1063309689,0.1107349016
0.4480000000,0.0028488412,0.1078871943,0.1107360355
0.4481666667,0.0016245338,0.1091124225,0.1107369563
0.4483333333,0.0007457128,0.1099919359,0.1107376488
0.4485000000,0.0002234335,0.1105146674,0.1107381009
0.4486666667,0.0000649141,0.1106733904,0.1107383045
0.4488333333,0.0002734027,0.1104648522,0.1107382549
0.4490000000,0.0008481043,0.1098898471,0.1107379515
0.4491666667,0.0017841701,0.1089532273,0.1107373974
0.4493333333,0.0030727487,0.1076638511,0.1107365998
0.4495000000,0.0047011006,0.1060344690,0.1107355696
0.4496666667,0.0066527714,0.1040815499,0.1107343213
0.4498333333,0.0089078238,0.1018250489,0.1107328727
0.4500000000,0.0114431216,0.0992881229,0.1107312446
0.4501666667,0.0142326626,0.0964967979,0.1107294605
0.4503333333,0.0172479520,0.0934795940,0.1107275459
0.4505000000,0.0204584120,0.0902671163,0.1107255283
0.4506666667,0.0238318181,0.0868916181,0.1107234362
0.4508333333,0.0273347545,0.0833865443,0.1107212987
0.4510000000,0.0309330805,0.0797860648,0.1107191453
0.4511666667,0.0345923997,0.0761246052,0.1107170050
0.4513333333,0.0382785232,0.0724363827,0.1107149058
0.4515000000,0.0419579182,0.0687549564,0.1107128747
0.4516666667,0.0455981365,0.0651128000,0.1107109365
0.4518333333,0.0491682126,0.0615409015,0.1107091141
0.4520000000,0.0526390286,0.0580683991,0.1107074277
0.4521666667,0.0559836379,0.0547222570,0.1107058949
0.4523333333,0.0591775440,0.0515269860,0.1107045301
0.4525000000,0.0621989320,0.0485044125,0.1107033445
0.4526666667,0.0650288486,0.0456734976,0.1107023462
0.4528333333,0.0676513311,0.0430502090,0.1107015400
0.4530000000,0.0700534841,0.0406474435,0.1107009276
0.4531666667,0.0722255049,0.0384750024,0.1107005073
0.4533333333,0.0741606605,0.0365396143,0.1107002748
0.4535000000,0.0758552168,0.0348450062,0.1107002230
0.4536666667,0.0773083261,0.0333920163,0.1107003424
0.4538333333,0.0785218750,0.0321787463,0.1107006213
0.4540000000,0.0795002988,0.0312007474,0.1107010463
0.4541666667,0.0802503673,0.0304512351,0.1107016024
0.4543333333,0.0807809463,0.0299213274,0.1107022737
0.4545000000,0.0811027431,0.0296003003,0.1107030434
0.4546666667,0.0812280385,0.0294758558,0.1107038943
0.4548333333,0.0811704133,0.0295343960,0.1107048093
0.4550000000,0.0809444729,0.0297612984,0.1107057713
0.4551666667,0.0805655765,0.0301411873,0.1107067639
0.4553333333,0.0800495740,0.0306581974,0.1107077713
0.4555000000,0.0794125554,0.0312962236,0.1107087790
0.4556666667,0.0786706167,0.0320391567,0.1107097734
0.4558333333,0.0778396438,0.0328710986,0.1107107424
0.4560000000,0.0769351181,0.0337765570,0.1107116751
0.4561666667,0.0759719451,0.0347406173,0.1107125624
0.4563333333,0.0749643064,0.0357490902,0.1107133966
0.4565000000,0.0739255368,0.0367886347,0.1107141715
0.4566666667,0.0728680257,0.0378468568,0.1107148825
0.4568333333,0.0718031425,0.0389123839,0.1107155264
0.4570000000,0.0707411852,0.0399749161,0.1107161013
0.4571666667,0.0696913509,0.0410252557,0.1107166066
0.4573333333,0.0686617264,0.0420553166,0.1107170430
0.4575000000,0.0676592967,0.0430581153,0.1107174120
0.4576666667,0.0666899708,0.0440277453,0.1107177161
0.4578333333,0.0657586205,0.0449593380,0.1107179585
0.4580000000,0.0648691319,0.0458490111,0.1107181430
0.4581666667,0.0640244663,0.0466938076,0.1107182740
0.4583333333,0.0632267286,0.0474916274,0.1107183560
0.4585000000,0.0624772407,0.0482411532,0.1107183939
0.4586666667,0.0617766198,0.0489417729,0.1107183927
0.4588333333,0.0611248564,0.0495935010,0.1107183573
0.4590000000,0.0605213940,0.0501968987,0.1107182926
0.4591666667,0.0599652065,0.0507529968,0.1107182033
0.4593333333,0.0594548737,0.0512632201,0.1107180938
0.4595000000,0.0589886523,0.0517293161,0.1107179684
0.4596666667,0.0585645436,0.0521532873,0.1107178309
0.4598333333,0.0581803552,0.0525373298,0.1107176850
0.4600000000,0.0578337577,0.0528837760,0.1107175336
0.4601666667,0.0575223356,0.0531950442,0.1107173798
0.4603333333,0.0572436324,0.0534735935,0.1107172259
0.4605000000,0.0569951899,0.0537218841,0.1107170740
0.4606666667,0.0567745813,0.0539423446,0.1107169259
0.4608333333,0.0565794395,0.0541373434,0.1107167830
0.4610000000,0.0564074800,0.0543091663,0.1107166464
0.4611666667,0.0562565187,0.0544599982,0.1107165169
0.4613333333,0.0561244859,0.0545919094,0.1107163953
0.4615000000,0.0560094356,0.0547068462,0.1107162817
0.4616666667,0.0559095520,0.0548066246,0.1107161766
0.4618333333,0.0558231525,0.0548929272,0.1107160798
0.4620000000,0.0557486884,0.0549673028,0.1107159913
0.4621666667,0.0556847429,0.0550311679,0.1107159108
0.4623333333,0.0556300278,0.0550858103,0.1107158381
0.4625000000,0.0555833785,0.0551323942,0.1107157727
0.4626666667,0.0555437480,0.0551719662,0.1107157142
0.4628333333,0.0555102004,0.0552054619,0.1107156622
0.4630000000,0.0554819027,0.0552337136,0.1107156162
0.4631666667,0.0554581180,0.0552574577,0.1107155757
0.4633333333,0.0554381974,0.0552773429,0.1107155402
0.4635000000,0.0554215719,0.0552939374,0.1107155093
0.4636666667,0.0554077456,0.0553077368,0.1107154824
0.4638333333,0.0553962877,0.0553191716,0.1107154592
0.4640000000,0.0553868259,0.0553286134,0.1107154393
0.4641666667,0.0553790400,0.0553363821,0.1107154222
0.4643333333,0.0553726558,0.0553427518,0.1107154076
0.4645000000,0.0553674394,0.0553479558,0.1107153952
0.4646666667,0.0553631922,0.0553521926,0.1107153847
0.4648333333,0.0553597463,0.0553556296,0.1107153759
0.4650000000,0.0553569605,0.0553584081,0.1107153686
0.4651666667,0.0553547162,0.0553606462,0.1107153624
0.4653333333,0.0553529146,0.0553624427,0.1107153573
0.4655000000,0.0553514736,0.0553638795,0.1107153531
0.4656666667,0.0553503250,0.0553650246,0.1107153496
0.4658333333,0.0553494127,0.0553659340,0.1107153467
0.4660000000,0.0553486908,0.0553666535,0.1107153444
0.4661666667,0.0553481216,0.0553672208,0.1107153424
0.4663333333,0.0553476743,0.0553676666,0.1107153409
0.4665000000,0.0553473242,0.0553680154,0.1107153396
0.4666666667,0.0553470511,0.0553682876,0.1107153386
0.4668333333,0.0553468388,0.0553684990,0.1107153378
0.4670000000,0.0553466744,0.0553686628,0.1107153372
0.4671666667,0.0553465476,0.0553687891,0.1107153367
0.4673333333,0.0553464501,0.0553688862,0.1107153363
0.4675000000,0.0553463754,0.0553689606,0.1107153360
0.4676666667,0.0553463184,0.0553690173,0.1107153357
0.4678333333,0.0553462751,0.0553690604,0.1107153355
0.4680000000,0.0553462423,0.0553690931,0.1107153354
0.4681666667,0.0553462175,0.0553691177,0.1107153352
0.4683333333,0.0553461989,0.0553691363,0.1107153352
0.4685000000,0.0553461850,0.0553691501,0.1107153351
0.4686666667,0.0553461746,0.0553691605,0.1107153350
0.4688333333,0.0553461668,0.0553691682,0.1107153350
0.4690000000,0.0553461611,0.0553691739,0.1107153350
0.4691666667,0.0553461569,0.0553691780,0.1107153349
0.4693333333,0.0553461538,0.0553691811,0.1107153349
0.4695000000,0.0553461515,0.0553691834,0.1107153349
0.4696666667,0.0553461499,0.0553691850,0.1107153349
0.4698333333,0.0553461487,0.0553691862,0.1107153349
0.4700000000,0.0553461478,0.0553691871,0.1107153349
0.4701666667,0.0553461472,0.0553691877,0.1107153349
0.4703333333,0.0553461467,0.0553691882,0.1107153349
0.4705000000,0.0553461464,0.0553691885,0.1107153349
0.4706666667,0.0553461462,0.0553691887,0.1107153349
0.4708333333,0.0553461460,0.0553691889,0.1107153349
0.4710000000,0.0553461459,0.0553691890,0.1107153349
0.4711666667,0.0553461458,0.0553691891,0.1107153349
0.4713333333,0.0553461458,0.0553691891,0.1107153349
0.4715000000,0.0553461457,0.0553691891,0.1107153349
0.4716666667,0.0553461457,0.0553691892,0.1107153349
0.4718333333,0.0553461457,0.0553691892,0.1107153349
0.4720000000,0.0553461457,0.0553691892,0.1107153349
0.4721666667,0.0553461457,0.0553691892,0.1107153349
0.4723333333,0.0553461457,0.0553691892,0.1107153349
0.4725000000,0.0553461457,0.0553691892,0.1107153349
0.4726666667,0.0553461457,0.0553691892,0.1107153349
0.4728333333,0.0553461457,0.0553691891,0.1107153349
0.4730000000,0.0553461457,0.0553691891,0.1107153349
0.4731666667,0.0553461458,0.0553691891,0.1107153349
0.4733333333,0.0553461458,0.0553691890,0.1107153349
0.4735000000,0.0553461459,0.0553691890,0.1107153349
0.4736666667,0.0553461460,0.0553691889,0.1107153349
0.4738333333,0.0553461461,0.0553691888,0.1107153349
0.4740000000,0.0553461462,0.0553691887,0.1107153349
0.4741666667,0.0553461464,0.0553691885,0.1107153349
0.4743333333,0.0553461466,0.0553691883,0.1107153349
0.4745000000,0.0553461469,0.0553691880,0.1107153349
0.4746666667,0.0553461473,0.0553691876,0.1107153349
0.4748333333,0.0553461477,0.0553691871,0.1107153349
0.4750000000,0.0553461484,0.0553691865,0.1107153349
0.4751666667,0.0553461492,0.0553691857,0.1107153349
0.4753333333,0.0553461502,0.0553691847,0.1107153349
0.4755000000,0.0553461515,0.0553691834,0.1107153349
0.4756666667,0.0553461532,0.0553691817,0.1107153349
0.4758333333,0.0553461553,0.0553691796,0.1107153349
0.4760000000,0.0553461580,0.0553691769,0.1107153349
0.4761666667,0.0553461614,0.0553691735,0.1107153349
0.4763333333,0.0553461658,0.0553691692,0.1107153349
0.4765000000,0.0553461712,0.0553691637,0.1107153350
0.4766666667,0.0553461782,0.0553691568,0.1107153350
0.4768333333,0.0553461869,0.0553691481,0.1107153350
0.4770000000,0.0553461978,0.0553691372,0.1107153350
0.4771666667,0.0553462116,0.0553691235,0.1107153351
0.4773333333,0.0553462288,0.0553691064,0.1107153351
0.4775000000,0.0553462503,0.0553690849,0.1107153352
0.4776666667,0.0553462771,0.0553690582,0.1107153353
0.4778333333,0.0553463104,0.0553690249,0.1107153354
0.4780000000,0.0553463519,0.0553689836,0.1107153355
0.4781666667,0.0553464033,0.0553689324,0.1107153356
0.4783333333,0.0553464668,0.0553688690,0.1107153358
0.4785000000,0.0553465453,0.0553687907,0.1107153360
0.4786666667,0.0553466421,0.0553686942,0.1107153362
0.4788333333,0.0553467611,0.0553685755,0.1107153365
0.4790000000,0.0553469071,0.0553684298,0.1107153369
0.4791666667,0.0553470860,0.0553682514,0.1107153373
0.4793333333,0.0553473047,0.0553680332,0.1107153379
0.4795000000,0.0553475714,0.0553677670,0.1107153385
0.4796666667,0.0553478962,0.0553674430,0.1107153392
0.4798333333,0.0553482909,0.0553670492,0.1107153401
0.4800000000,0.0553487693,0.0553665718,0.1107153411
0.4801666667,0.0553493483,0.0553659941,0.1107153423
0.4803333333,0.0553500473,0.0553652965,0.1107153438
0.4805000000,0.0553508895,0.0553644560,0.1107153455
0.4806666667,0.0553519022,0.0553634453,0.1107153475
0.4808333333,0.0553531173,0.0553622325,0.1107153498
0.4810000000,0.0553545720,0.0553607805,0.1107153525
0.4811666667,0.0553563101,0.0553590456,0.1107153557
0.4813333333,0.0553583822,0.0553569772,0.1107153593
0.4815000000,0.0553608471,0.0553545165,0.1107153636
0.4816666667,0.0553637729,0.0553515956,0.1107153685
0.4818333333,0.0553672384,0.0553481357,0.1107153741
0.4820000000,0.0553713340,0.0553440466,0.1107153806
0.4821666667,0.0553761635,0.0553392245,0.1107153880
0.4823333333,0.0553818459,0.0553335506,0.1107153965
0.4825000000,0.0553885168,0.0553268894,0.1107154061
0.4826666667,0.0553963304,0.0553190866,0.1107154170
0.4828333333,0.0554054618,0.0553099676,0.1107154294
0.4830000000,0.0554161089,0.0552993345,0.1107154433
0.4831666667,0.0554284945,0.0552869644,0.1107154589
0.4833333333,0.0554428692,0.0552726072,0.1107154765
0.4835000000,0.0554595134,0.0552559826,0.1107154960
0.4836666667,0.0554787399,0.0552367778,0.1107155177
0.4838333333,0.0555008965,0.0552146453,0.1107155418
0.4840000000,0.0555263685,0.0551891998,0.1107155683
0.4841666667,0.0555555810,0.0551600165,0.1107155975
0.4843333333,0.0555890013,0.0551266281,0.1107156295
0.4845000000,0.0556271412,0.0550885231,0.1107156643
0.4846666667,0.0556705583,0.0550451438,0.1107157022
0.4848333333,0.0557198582,0.0549958848,0.1107157430
0.4850000000,0.0557756951,0.0549400919,0.1107157870
0.4851666667,0.0558387723,0.0548770618,0.1107158340
0.4853333333,0.0559098423,0.0548060418,0.1107158841
0.4855000000,0.0559897059,0.0547262312,0.1107159371
0.4856666667,0.0560792100,0.0546367827,0.1107159927
0.4858333333,0.0561792452,0.0545368057,0.1107160509
0.4860000000,0.0562907414,0.0544253698,0.1107161112
0.4861666667,0.0564146626,0.0543015106,0.1107161732
0.4863333333,0.0565520001,0.0541642363,0.1107162365
0.4865000000,0.0567037642,0.0540125361,0.1107163002
0.4866666667,0.0568709737,0.0538453901,0.1107163638
0.4868333333,0.0570546445,0.0536617819,0.1107164264
0.4870000000,0.0572557754,0.0534607115,0.1107164869
0.4871666667,0.0574753324,0.0532412118,0.1107165442
0.4873333333,0.0577142307,0.0530023665,0.1107165972
0.4875000000,0.0579733148,0.0527433296,0.1107166444
0.4876666667,0.0582533365,0.0524633477,0.1107166843
0.4878333333,0.0585549312,0.0521617841,0.1107167153
0.4880000000,0.0588785914,0.0518381442,0.1107167357
0.4881666667,0.0592246400,0.0514921036,0.1107167437
0.4883333333,0.0595932008,0.0511235365,0.1107167373
0.4885000000,0.0599841684,0.0507325464,0.1107167147
0.4886666667,0.0603971774,0.0503194966,0.1107166739
0.4888333333,0.0608315710,0.0498850419,0.1107166130
0.4890000000,0.0612863699,0.0494301600,0.1107165299
0.4891666667,0.0617602413,0.0489561816,0.1107164229
0.4893333333,0.0622514699,0.0484648203,0.1107162903
0.4895000000,0.0627579308,0.0479581997,0.1107161305
0.4896666667,0.0632770642,0.0474388779,0.1107159422
0.4898333333,0.0638058553,0.0469098690,0.1107157243
0.4900000000,0.0643408165,0.0463746596,0.1107154761
0.4901666667,0.0648779765,0.0458372208,0.1107151973
0.4903333333,0.0654128743,0.0453020136,0.1107148879
0.4905000000,0.0659405607,0.0447739878,0.1107145485
0.4906666667,0.0664556069,0.0442585731,0.1107141801
0.4908333333,0.0669521218,0.0437616625,0.1107137844
0.4910000000,0.0674237783,0.0432895853,0.1107133635
0.4911666667,0.0678638488,0.0428490717,0.1107129205
0.4913333333,0.0682652517,0.0424472070,0.1107124587
0.4915000000,0.0686206071,0.0420913753,0.1107119824
0.4916666667,0.0689223033,0.0417891930,0.1107114963
0.4918333333,0.0691625743,0.0415484317,0.1107110060
0.4920000000,0.0693335866,0.0413769308,0.1107105174
0.4921666667,0.0694275355,0.0412825016,0.1107100371
0.4923333333,0.0694367512,0.0412728210,0.1107095723
0.4925000000,0.0693538114,0.0413553190,0.1107091304
0.4926666667,0.0691716613,0.0415370579,0.1107087192
0.4928333333,0.0688837385,0.0418246083,0.1107083468
0.4930000000,0.0684841009,0.0422239204,0.1107080213
0.4931666667,0.0679675563,0.0427401944,0.1107077507
0.4933333333,0.0673297911,0.0433777518,0.1107075429
0.4935000000,0.0665674958,0.0441399097,0.1107074055
0.4936666667,0.0656784847,0.0450288606,0.1107073453
0.4938333333,0.0646618081,0.0460455607,0.1107073688
0.4940000000,0.0635178534,0.0471896281,0.1107074815
0.4941666667,0.0622484327,0.0484592552,0.1107076879
0.4943333333,0.0608568550,0.0498511364,0.1107079914
0.4945000000,0.0593479802,0.0513604139,0.1107083941
0.4946666667,0.0577282527,0.0529806440,0.1107088967
0.4948333333,0.0560057131,0.0547037854,0.1107094985
0.4950000000,0.0541899852,0.0565202119,0.1107101971
0.4951666667,0.0522922390,0.0584187496,0.1107109886
0.4953333333,0.0503251269,0.0603867404,0.1107118673
0.4955000000,0.0483026946,0.0624101315,0.1107128261
0.4956666667,0.0462402646,0.0644735915,0.1107138561
0.4958333333,0.0441542956,0.0665606513,0.1107149469
0.4960000000,0.0420622165,0.0686538702,0.1107160867
0.4961666667,0.0399822390,0.0707350236,0.1107172626
0.4963333333,0.0379331485,0.0727853118,0.1107184603
0.4965000000,0.0359340793,0.0747855856,0.1107196650
0.4966666667,0.0340042739,0.0767165868,0.1107208608
0.4968333333,0.0321628330,0.0785591986,0.1107220316
0.4970000000,0.0304284581,0.0802947032,0.1107231613
0.4971666667,0.0288191923,0.0819050415,0.1107242338
0.4973333333,0.0273521632,0.0833730700,0.1107252333
0.4975000000,0.0260433327,0.0846828122,0.1107261448
0.4976666667,0.0249072577,0.0858196968,0.1107269545
0.4978333333,0.0239568678,0.0867707818,0.1107276496
0.4980000000,0.0232032624,0.0875249566,0.1107282190
0.4981666667,0.0226555318,0.0880731213,0.1107286531
0.4983333333,0.0223206073,0.0884083373,0.1107289445
0.4985000000,0.0222031415,0.0885259465,0.1107290879
0.4986666667,0.0223054222,0.0884236579,0.1107290801
0.4988333333,0.0226273225,0.0881015977,0.1107289202
0.4990000000,0.0231662869,0.0875623228,0.1107286097
0.4991666667,0.0239173559,0.0868107967,0.1107281526
0.4993333333,0.0248732265,0.0858543283,0.1107275548
0.4995000000,0.0260243507,0.0847024740,0.1107268246
0.4996666667,0.0273590671,0.0833669054,0.1107259725
0.4998333333,0.0288637662,0.0818612443,0.1107250106
0.5000000000,0.0305230842,0.0802008683,0.1107239525
0.5001666667,0.0323201230,0.0784026906,0.1107228136
0.5003333333,0.0342366924,0.0764849176,0.1107216100
0.5005000000,0.0362535685,0.0744667902,0.1107203587
0.5006666667,0.0383507665,0.0723683109,0.1107190773
0.5008333333,0.0405078189,0.0702099645,0.1107177834
0.5010000000,0.0427040582,0.0680124363,0.1107164945
0.5011666667,0.0449188959,0.0657963318,0.1107152276
0.5013333333,0.0471320946,0.0635819044,0.1107139991
0.5015000000,0.0493240281,0.0613887960,0.1107128241
0.5016666667,0.0514759247,0.0592357920,0.1107117167
0.5018333333,0.0535700908,0.0571405985,0.1107106893
0.5020000000,0.0555901105,0.0551196424,0.1107097529
0.5021666667,0.0575210190,0.0531878975,0.1107089164
0.5023333333,0.0593494469,0.0513587402,0.1107081871
0.5025000000,0.0610637350,0.0496438350,0.1107075700
0.5026666667,0.0626540173,0.0480530513,0.1107070686
0.5028333333,0.0641122727,0.0465944112,0.1107066840
0.5030000000,0.0654323463,0.0452740693,0.1107064156
0.5031666667,0.0666099398,0.0440963213,0.1107062612
0.5033333333,0.0676425743,0.0430636423,0.1107062166
0.5035000000,0.0685295258,0.0421767506,0.1107062764
0.5036666667,0.0692717377,0.0414346961,0.1107064338
0.5038333333,0.0698717113,0.0408349694,0.1107066807
0.5040000000,0.0703333788,0.0403736294,0.1107070082
0.5041666667,0.0706619616,0.0400454452,0.1107074068
0.5043333333,0.0708638169,0.0398440494,0.1107078663
0.5045000000,0.0709462766,0.0397620999,0.1107083765
0.5046666667,0.0709174819,0.0397914448,0.1107089267
0.5048333333,0.0707862163,0.0399232905,0.1107095068
0.5050000000,0.0705617405,0.0401483661,0.1107101066
0.5051666667,0.0702536319,0.0404570846,0.1107107165
0.5053333333,0.0698716316,0.0408396960,0.1107113276
0.5055000000,0.0694254999,0.0412864315,0.1107119314
0.5056666667,0.0689248841,0.0417876365,0.1107125206
0.5058333333,0.0683791981,0.0423338904,0.1107130885
0.5060000000,0.0677975159,0.0429161134,0.1107136293
0.5061666667,0.0671884804,0.0435256578,0.1107141382
0.5063333333,0.0665602263,0.0441543850,0.1107146113
0.5065000000,0.0659203182,0.0447947276,0.1107150458
0.5066666667,0.0652757035,0.0454397361,0.1107154395
0.5068333333,0.0646326795,0.0460831118,0.1107157913
0.5070000000,0.0639968742,0.0467192265,0.1107161008
0.5071666667,0.0633732390,0.0473431291,0.1107163681
0.5073333333,0.0627660531,0.0479505411,0.1107165943
0.5075000000,0.0621789383,0.0485378425,0.1107167807
0.5076666667,0.0616148817,0.0491020477,0.1107169294
0.5078333333,0.0610762673,0.0496407753,0.1107170427
0.5080000000,0.0605649121,0.0501522109,0.1107171231
0.5081666667,0.0600821080,0.0506350655,0.1107171734
0.5083333333,0.0596286665,0.0510885302,0.1107171967
0.5085000000,0.0592049668,0.0515122292,0.1107171960
0.5086666667,0.0588110030,0.0519061713,0.1107171743
0.5088333333,0.0584464336,0.0522707009,0.1107171345
0.5090000000,0.0581106288,0.0526064509,0.1107170797
0.5091666667,0.0578027168,0.0529142957,0.1107170125
0.5093333333,0.0575216278,0.0531953078,0.1107169356
0.5095000000,0.0572661351,0.0534507161,0.1107168512
0.5096666667,0.0570348940,0.0536818677,0.1107167617
0.5098333333,0.0568264760,0.0538901930,0.1107166690
0.5100000000,0.0566394003,0.0540771744,0.1107165747
0.5101666667,0.0564721620,0.0542443184,0.1107164804
0.5103333333,0.0563232557,0.0543931318,0.1107163875
0.5105000000,0.0561911961,0.0545251008,0.1107162969
0.5106666667,0.0560745356,0.0546416740,0.1107162096
0.5108333333,0.0559718781,0.0547442480,0.1107161261
0.5110000000,0.0558818901,0.0548341571,0.1107160472
0.5111666667,0.0558033087,0.0549126643,0.1107159730
0.5113333333,0.0557349482,0.0549809558,0.1107159039
0.5115000000,0.0556757029,0.0550401371,0.1107158400
0.5116666667,0.0556245498,0.0550912314,0.1107157812
0.5118333333,0.0555805481,0.0551351794,0.1107157275
0.5120000000,0.0555428386,0.0551728402,0.1107156788
0.5121666667,0.0555106409,0.0552049938,0.1107156348
0.5123333333,0.0554832508,0.0552323445,0.1107155953
0.5125000000,0.0554600361,0.0552555240,0.1107155601
0.5126666667,0.0554404324,0.0552750964,0.1107155288
0.5128333333,0.0554239387,0.0552915624,0.1107155012
0.5130000000,0.0554101124,0.0553053645,0.1107154769
0.5131666667,0.0553985645,0.0553168912,0.1107154557
0.5133333333,0.0553889547,0.0553264825,0.1107154372
0.5135000000,0.0553809869,0.0553344343,0.1107154212
0.5136666667,0.0553744047,0.0553410027,0.1107154074
0.5138333333,0.0553689871,0.0553464085,0.1107153956
0.5140000000,0.0553645443,0.0553508412,0.1107153855
0.5141666667,0.0553609141,0.0553544627,0.1107153769
0.5143333333,0.0553579590,0.0553574107,0.1107153696
0.5145000000,0.0553555621,0.0553598014,0.1107153635
0.5146666667,0.0553536251,0.0553617332,0.1107153584
0.5148333333,0.0553520656,0.0553632884,0.1107153541
0.5150000000,0.0553508147,0.0553645358,0.1107153505
0.5151666667,0.0553498150,0.0553655325,0.1107153475
0.5153333333,0.0553490190,0.0553663261,0.1107153451
0.5155000000,0.0553483876,0.0553669555,0.1107153431
0.5156666667,0.0553478887,0.0553674528,0.1107153415
0.5158333333,0.0553474958,0.0553678443,0.1107153401
0.5160000000,0.0553471877,0.0553681514,0.1107153391
0.5161666667,0.0553469469,0.0553683913,0.1107153382
0.5163333333,0.0553467595,0.0553685780,0.1107153375
0.5165000000,0.0553466142,0.0553687227,0.1107153369
0.5166666667,0.0553465019,0.0553688345,0.1107153365
0.5168333333,0.0553464155,0.0553689206,0.1107153361
0.5170000000,0.0553463493,0.0553689865,0.1107153358
0.5171666667,0.0553462988,0.0553690368,0.1107153356
0.5173333333,0.0553462603,0.0553690751,0.1107153354
0.5175000000,0.0553462312,0.0553691041,0.1107153353
0.5176666667,0.0553462092,0.0553691260,0.1107153352
0.5178333333,0.0553461927,0.0553691424,0.1107153351
0.5180000000,0.0553461803,0.0553691547,0.1107153351
0.5181666667,0.0553461711,0.0553691639,0.1107153350
0.5183333333,0.0553461643,0.0553691707,0.1107153350
0.5185000000,0.0553461592,0.0553691757,0.1107153349
0.5186666667,0.0553461555,0.0553691794,0.1107153349
0.5188333333,0.0553461528,0.0553691822,0.1107153349
0.5190000000,0.0553461508,0.0553691841,0.1107153349
0.5191666667,0.0553461493,0.0553691856,0.1107153349
0.5193333333,0.0553461483,0.0553691866,0.1107153349
0.5195000000,0.0553461475,0.0553691874,0.1107153349
0.5196666667,0.0553461469,0.0553691879,0.1107153349
0.5198333333,0.0553461466,0.0553691883,0.1107153349
0.5200000000,0.0553461463,0.0553691886,0.1107153349
0.5201666667,0.0553461461,0.0553691888,0.1107153349
0.5203333333,0.0553461459,0.0553691889,0.1107153349
0.5205000000,0.0553461459,0.0553691890,0.1107153349
0.5206666667,0.0553461458,0.0553691891,0.1107153349
0.5208333333,0.0553461457,0.0553691891,0.1107153349
0.5210000000,0.0553461457,0.0553691892,0.1107153349
0.5211666667,0.0553461457,0.0553691892,0.1107153349
0.5213333333,0.0553461457,0.0553691892,0.1107153349
0.5215000000,0.0553461457,0.0553691892,0.1107153349
0.5216666667,0.0553461457,0.0553691892,0.1107153349
0.5218333333,0.0553461457,0.0553691892,0.1107153349
0.5220000000,0.0553461457,0.0553691892,0.1107153349
0.5221666667,0.0553461457,0.0553691892,0.1107153349
0.5223333333,0.0553461457,0.0553691891,0.1107153349
0.5225000000,0.0553461458,0.0553691891,0.1107153349
0.5226666667,0.0553461458,0.0553691891,0.1107153349
0.5228333333,0.0553461459,0.0553691890,0.1107153349
0.5230000000,0.0553461459,0.0553691889,0.1107153349
0.5231666667,0.0553461460,0.0553691889,0.1107153349
0.5233333333,0.0553461461,0.0553691887,0.1107153349
0.5235000000,0.0553461463,0.0553691886,0.1107153349
0.5236666667,0.0553461465,0.0553691884,0.1107153349
0.5238333333,0.0553461467,0.0553691881,0.1107153349
0.5240000000,0.0553461471,0.0553691878,0.1107153349
0.5241666667,0.0553461475,0.0553691874,0.1107153349
0.5243333333,0.0553461481,0.0553691868,0.1107153349
0.5245000000,0.0553461488,0.0553691861,0.1107153349
0.5246666667,0.0553461497,0.0553691852,0.1107153349
0.5248333333,0.0553461509,0.0553691840,0.1107153349
0.5250000000,0.0553461524,0.0553691825,0.1107153349
0.5251666667,0.0553461543,0.0553691806,0.1107153349
0.5253333333,0.0553461567,0.0553691782,0.1107153349
0.5255000000,0.0553461598,0.0553691751,0.1107153349
0.5256666667,0.0553461638,0.0553691711,0.1107153349
0.5258333333,0.0553461688,0.0553691661,0.1107153349
0.5260000000,0.0553461752,0.0553691598,0.1107153350
0.5261666667,0.0553461832,0.0553691518,0.1107153350
0.5263333333,0.0553461933,0.0553691418,0.1107153350
0.5265000000,0.0553462060,0.0553691291,0.1107153351
0.5266666667,0.0553462220,0.0553691132,0.1107153351
0.5268333333,0.0553462420,0.0553690932,0.1107153352
0.5270000000,0.0553462670,0.0553690683,0.1107153353
0.5271666667,0.0553462983,0.0553690371,0.1107153353
0.5273333333,0.0553463372,0.0553689982,0.1107153355
0.5275000000,0.0553463857,0.0553689499,0.1107153356
0.5276666667,0.0553464459,0.0553688898,0.1107153358
0.5278333333,0.0553465205,0.0553688154,0.1107153360
0.5280000000,0.0553466128,0.0553687234,0.1107153362
0.5281666667,0.0553467267,0.0553686098,0.1107153365
0.5283333333,0.0553468670,0.0553684699,0.1107153369
0.5285000000,0.0553470395,0.0553682978,0.1107153373
0.5286666667,0.0553472512,0.0553680866,0.1107153378
0.5288333333,0.0553475105,0.0553678279,0.1107153385
0.5290000000,0.0553478274,0.0553675118,0.1107153392
0.5291666667,0.0553482141,0.0553671260,0.1107153401
0.5293333333,0.0553486847,0.0553666564,0.1107153412
0.5295000000,0.0553492566,0.0553660858,0.1107153424
0.5296666667,0.0553499500,0.0553653939,0.1107153439
0.5298333333,0.0553507891,0.0553645566,0.1107153457
0.5300000000,0.0553518023,0.0553635455,0.1107153478
0.5301666667,0.0553530235,0.0553623268,0.1107153503
0.5303333333,0.0553544920,0.0553608612,0.1107153532
0.5305000000,0.0553562546,0.0553591020,0.1107153566
0.5306666667,0.0553583655,0.0553569951,0.1107153605
0.5308333333,0.0553608884,0.0553544768,0.1107153652
0.5310000000,0.0553638974,0.0553514731,0.1107153705
0.5311666667,0.0553674785,0.0553478983,0.1107153767
0.5313333333,0.0553717314,0.0553436525,0.1107153839
0.5315000000,0.0553767715,0.0553386207,0.1107153922
0.5316666667,0.0553827315,0.0553326702,0.1107154017
0.5318333333,0.0553897642,0.0553256484,0.1107154126
0.5320000000,0.0553980445,0.0553173806,0.1107154251
0.5321666667,0.0554077723,0.0553076670,0.1107154393
0.5323333333,0.0554191756,0.0552962799,0.1107154555
0.5325000000,0.0554325133,0.0552829605,0.1107154738
0.5326666667,0.0554480784,0.0552674160,0.1107154945
0.5328333333,0.0554662023,0.0552493154,0.1107155177
0.5330000000,0.0554872575,0.0552282863,0.1107155438
0.5331666667,0.0555116621,0.0552039109,0.1107155730
0.5333333333,0.0555398839,0.0551757217,0.1107156055
0.5335000000,0.0555724437,0.0551431980,0.1107156417
0.5336666667,0.0556099203,0.0551057613,0.1107156817
0.5338333333,0.0556529540,0.0550627717,0.1107157258
0.5340000000,0.0557022507,0.0550135235,0.1107157742
0.5341666667,0.0557585854,0.0549572417,0.1107158271
0.5343333333,0.0558228060,0.0548930788,0.1107158848
0.5345000000,0.0558958358,0.0548201116,0.1107159474
0.5346666667,0.0559786762,0.0547373388,0.1107160150
0.5348333333,0.0560724082,0.0546436794,0.1107160875
0.5350000000,0.0561781930,0.0545379721,0.1107161651
0.5351666667,0.0562972721,0.0544189755,0.1107162476
0.5353333333,0.0564309652,0.0542853697,0.1107163349
0.5355000000,0.0565806672,0.0541357593,0.1107164265
0.5356666667,0.0567478437,0.0539686785,0.1107165222
0.5358333333,0.0569340238,0.0537825974,0.1107166213
0.5360000000,0.0571407919,0.0535759312,0.1107167231
0.5361666667,0.0573697756,0.0533470512,0.1107168268
0.5363333333,0.0576226327,0.0530942987,0.1107169314
0.5365000000,0.0579010340,0.0528160016,0.1107170356
0.5366666667,0.0582066440,0.0525104940,0.1107171381
0.5368333333,0.0585410982,0.0521761388,0.1107172371
0.5370000000,0.0589059771,0.0518113537,0.1107173308
0.5371666667,0.0593027769,0.0514146404,0.1107174173
0.5373333333,0.0597328768,0.0509846175,0.1107174943
0.5375000000,0.0601975031,0.0505200562,0.1107175592
0.5376666667,0.0606976903,0.0500199193,0.1107176096
0.5378333333,0.0612342384,0.0494834041,0.1107176425
0.5380000000,0.0618076685,0.0489099866,0.1107176551
0.5381666667,0.0624181750,0.0482994692,0.1107176441
0.5383333333,0.0630655766,0.0476520300,0.1107176066
0.5385000000,0.0637492656,0.0469682735,0.1107175391
0.5386666667,0.0644681569,0.0462492818,0.1107174387
0.5388333333,0.0652206364,0.0454966656,0.1107173020
0.5390000000,0.0660045114,0.0447126147,0.1107171261
0.5391666667,0.0668169623,0.0438999459,0.1107169082
0.5393333333,0.0676544979,0.0430621479,0.1107166458
0.5395000000,0.0685129147,0.0422034220,0.1107163366
0.5396666667,0.0693872623,0.0413287166,0.1107159789
0.5398333333,0.0702718157,0.0404437559,0.1107155715
0.5400000000,0.0711600552,0.0395550586,0.1107151138
0.5401666667,0.0720446572,0.0386699486,0.1107146058
0.5403333333,0.0729174950,0.0377965533,0.1107140483
0.5405000000,0.0737696529,0.0369437902,0.1107134431
0.5406666667,0.0745914531,0.0361213398,0.1107127928
0.5408333333,0.0753724975,0.0353396035,0.1107121010
0.5410000000,0.0761017259,0.0346096463,0.1107113722
0.5411666667,0.0767674893,0.0339431229,0.1107106122
0.5413333333,0.0773576411,0.0333521866,0.1107098277
0.5415000000,0.0778596448,0.0328493817,0.1107090265
0.5416666667,0.0782606994,0.0324475181,0.1107082175
0.5418333333,0.0785478801,0.0321595304,0.1107074105
0.5420000000,0.0787082967,0.0319983196,0.1107066163
0.5421666667,0.0787292646,0.0319765819,0.1107058464
0.5423333333,0.0785984903,0.0321066228,0.1107051132
0.5425000000,0.0783042676,0.0324001617,0.1107044293
0.5426666667,0.0778356817,0.0328681264,0.1107038081
0.5428333333,0.0771828199,0.0335204430,0.1107032629
0.5430000000,0.0763369848,0.0343658221,0.1107028069
0.5431666667,0.0752909069,0.0354115463,0.1107024532
0.5433333333,0.0740389518,0.0366632625,0.1107022142
0.5435000000,0.0725773197,0.0381247821,0.1107021017
0.5436666667,0.0709042317,0.0397978946,0.1107021263
0.5438333333,0.0690200996,0.0416821976,0.1107022972
0.5440000000,0.0669276734,0.0437749488,0.1107026222
0.5441666667,0.0646321648,0.0460709423,0.1107031072
0.5443333333,0.0621413405,0.0485624154,0.1107037559
0.5445000000,0.0594655827,0.0512389871,0.1107045699
0.5446666667,0.0566179140,0.0540876343,0.1107055483
0.5448333333,0.0536139822,0.0570927055,0.1107066877
0.5450000000,0.0504720055,0.0602359764,0.1107079819
0.5451666667,0.0472126736,0.0634967485,0.1107094221
0.5453333333,0.0438590066,0.0668519902,0.1107109967
0.5455000000,0.0404361701,0.0702765215,0.1107126916
0.5456666667,0.0369712481,0.0737432418,0.1107144899
0.5458333333,0.0334929753,0.0772233972,0.1107163725
0.5460000000,0.0300314316,0.0806868867,0.1107183183
0.5461666667,0.0266177022,0.0841026017,0.1107203039
0.5463333333,0.0232835083,0.0874387965,0.1107223048
0.5465000000,0.0200608128,0.0906634824,0.1107242951
0.5466666667,0.0169814069,0.0937448413,0.1107262482
0.5468333333,0.0140764858,0.0966516513,0.1107281371
0.5470000000,0.0113762176,0.0993537173,0.1107299349
0.5471666667,0.0089093159,0.1018222997,0.1107316156
0.5473333333,0.0067026214,0.1040305326,0.1107331540
0.5475000000,0.0047807008,0.1059538257,0.1107345265
0.5476666667,0.0031654716,0.1075702401,0.1107357117
0.5478333333,0.0018758582,0.1088608322,0.1107366904
0.5480000000,0.0009274876,0.1098099588,0.1107374464
0.5481666667,0.0003324299,0.1104055367,0.1107379667
0.5483333333,0.0000989899,0.1106392516,0.1107382415
0.5485000000,0.0002315534,0.1105067117,0.1107382650
0.5486666667,0.0007304922,0.1100075429,0.1107380351
0.5488333333,0.0015921307,0.1091454227,0.1107375534
0.5490000000,0.0028087740,0.1079280518,0.1107368258
0.5491666667,0.0043687987,0.1063670629,0.1107358616
0.5493333333,0.0062568045,0.1044778696,0.1107346741
0.5495000000,0.0084538246,0.1022794553,0.1107332799
0.5496666667,0.0109375909,0.0997941078,0.1107316987
0.5498333333,0.0136828493,0.0970471038,0.1107299531
0.5500000000,0.0166617197,0.0940663482,0.1107280679
0.5501666667,0.0198440936,0.0908819765,0.1107260701
0.5503333333,0.0231980627,0.0875259252,0.1107239879
0.5505000000,0.0266903695,0.0840314809,0.1107218504
0.5506666667,0.0302868735,0.0804328137,0.1107196872
0.5508333333,0.0339530218,0.0767645058,0.1107175276
0.5510000000,0.0376543192,0.0730610813,0.1107154004
0.5511666667,0.0413567854,0.0693565477,0.1107133331
0.5513333333,0.0450273958,0.0656839558,0.1107113517
0.5515000000,0.0486344946,0.0620749853,0.1107094799
0.5516666667,0.0521481758,0.0585595633,0.1107077392
0.5518333333,0.0555406261,0.0551655222,0.1107061483
0.5520000000,0.0587864233,0.0519182998,0.1107047231
0.5521666667,0.0618627881,0.0488406879,0.1107034759
0.5523333333,0.0647497850,0.0459526312,0.1107024163
0.5525000000,0.0674304717,0.0432710784,0.1107015501
0.5526666667,0.0698909946,0.0408098855,0.1107008801
0.5528333333,0.0721206335,0.0385797724,0.1107004059
0.5530000000,0.0741117940,0.0365883299,0.1107001240
0.5531666667,0.0758599524,0.0348400756,0.1107000280
0.5533333333,0.0773635546,0.0333365544,0.1107001090
0.5535000000,0.0786238744,0.0320764814,0.1107003558
0.5536666667,0.0796448353,0.0310559201,0.1107007554
0.5538333333,0.0804327999,0.0302684929,0.1107012928
0.5540000000,0.0809963353,0.0297056168,0.1107019521
0.5541666667,0.0813459562,0.0293567602,0.1107027163
0.5543333333,0.0814938553,0.0292097128,0.1107035680
0.5545000000,0.0814536243,0.0292508652,0.1107044895
0.5546666667,0.0812399723,0.0294654910,0.1107054633
0.5548333333,0.0808684456,0.0298380267,0.1107064723
0.5550000000,0.0803551554,0.0303523447,0.1107075002
0.5551666667,0.0797165168,0.0309920147,0.1107085315
0.5553333333,0.0789690024,0.0317405496,0.1107095521
0.5555000000,0.0781289156,0.0325816333,0.1107105490
0.5556666667,0.0772121841,0.0334993267,0.1107115108
0.5558333333,0.0762341765,0.0344782510,0.1107124275
0.5560000000,0.0752095449,0.0355037461,0.1107132910
0.5561666667,0.0741520906,0.0365620037,0.1107140943
0.5563333333,0.0730746571,0.0376401753,0.1107148325
0.5565000000,0.0719890475,0.0387264543,0.1107155018
0.5566666667,0.0709059658,0.0398101342,0.1107161000
0.5568333333,0.0698349824,0.0408816440,0.1107166264
0.5570000000,0.0687845198,0.0419325615,0.1107170812
0.5571666667,0.0677618587,0.0429556073,0.1107174661
0.5573333333,0.0667731616,0.0439446217,0.1107177833
0.5575000000,0.0658235108,0.0448945254,0.1107180362
0.5576666667,0.0649169606,0.0458012681,0.1107182287
0.5578333333,0.0640565989,0.0466617661,0.1107183651
0.5580000000,0.0632446184,0.0474738319,0.1107184503
0.5581666667,0.0624823922,0.0482360972,0.1107184893
0.5583333333,0.0617705551,0.0489479323,0.1107184873
0.5585000000,0.0611090859,0.0496093636,0.1107184496
0.5586666667,0.0604973905,0.0502209906,0.1107183811
0.5588333333,0.0599343831,0.0507839038,0.1107182869
0.5590000000,0.0594185660,0.0512996056,0.1107181717
0.5591666667,0.0589481044,0.0517699354,0.1107180398
0.5593333333,0.0585208976,0.0521969979,0.1107178956
0.5595000000,0.0581346444,0.0525830981,0.1107177425
0.5596666667,0.0577869027,0.0529306814,0.1107175841
0.5598333333,0.0574751437,0.0532422795,0.1107174232
0.5600000000,0.0571967988,0.0535204637,0.1107172625
0.5601666667,0.0569493013,0.0537678029,0.1107171042
0.5603333333,0.0567301212,0.0539868288,0.1107169500
0.5605000000,0.0565367951,0.0541800065,0.1107168015
0.5606666667,0.0563669493,0.0543497106,0.1107166599
0.5608333333,0.0562183193,0.0544982067,0.1107165259
0.5610000000,0.0560887631,0.0546276372,0.1107164003
0.5611666667,0.0559762719,0.0547400116,0.1107162834
0.5613333333,0.0558789751,0.0548372003,0.1107161754
0.5615000000,0.0557951442,0.0549209320,0.1107160762
0.5616666667,0.0557231922,0.0549927936,0.1107159858
0.5618333333,0.0556616718,0.0550542320,0.1107159038
0.5620000000,0.0556092709,0.0551065591,0.1107158300
0.5621666667,0.0555648072,0.0551509566,0.1107157638
0.5623333333,0.0555272218,0.0551884831,0.1107157049
0.5625000000,0.0554955709,0.0552200818,0.1107156527
0.5626666667,0.0554690185,0.0552465883,0.1107156068
0.5628333333,0.0554468276,0.0552687388,0.1107155664
0.5630000000,0.0554283520,0.0552871793,0.1107155313
0.5631666667,0.0554130279,0.0553024728,0.1107155007
0.5633333333,0.0554003660,0.0553151084,0.1107154744
0.5635000000,0.0553899435,0.0553255082,0.1107154517
0.5636666667,0.0553813969,0.0553340354,0.1107154323
0.5638333333,0.0553744154,0.0553410004,0.1107154158
0.5640000000,0.0553687340,0.0553466678,0.1107154018
0.5641666667,0.0553641284,0.0553512616,0.1107153900
0.5643333333,0.0553604092,0.0553549709,0.1107153801
0.5645000000,0.0553574174,0.0553579544,0.1107153718
0.5646666667,0.0553550200,0.0553603449,0.1107153650
0.5648333333,0.0553531064,0.0553622529,0.1107153592
0.5650000000,0.0553515849,0.0553637697,0.1107153545
0.5651666667,0.0553503798,0.0553649708,0.1107153507
0.5653333333,0.0553494292,0.0553659183,0.1107153475
0.5655000000,0.0553486822,0.0553666627,0.1107153450
0.5656666667,0.0553480976,0.0553672453,0.1107153429
0.5658333333,0.0553476419,0.0553676993,0.1107153412
0.5660000000,0.0553472881,0.0553680518,0.1107153398
0.5661666667,0.0553470145,0.0553683243,0.1107153388
0.5663333333,0.0553468038,0.0553685341,0.1107153379
0.5665000000,0.0553466422,0.0553686951,0.1107153372
0.5666666667,0.0553465187,0.0553688180,0.1107153367
0.5668333333,0.0553464248,0.0553689114,0.1107153363
0.5670000000,0.0553463537,0.0553689822,0.1107153359
0.5671666667,0.0553463001,0.0553690356,0.1107153357
0.5673333333,0.0553462598,0.0553690757,0.1107153355
0.5675000000,0.0553462296,0.0553691057,0.1107153353
0.5676666667,0.0553462072,0.0553691280,0.1107153352
0.5678333333,0.0553461905,0.0553691446,0.1107153351
0.5680000000,0.0553461783,0.0553691568,0.1107153351
0.5681666667,0.0553461692,0.0553691658,0.1107153350
0.5683333333,0.0553461626,0.0553691723,0.1107153350
0.5685000000,0.0553461578,0.0553691771,0.1107153349
0.5686666667,0.0553461543,0.0553691806,0.1107153349
0.5688333333,0.0553461518,0.0553691831,0.1107153349
0.5690000000,0.0553461500,0.0553691849,0.1107153349
0.5691666667,0.0553461487,0.0553691862,0.1107153349
0.5693333333,0.0553461478,0.0553691871,0.1107153349
0.5695000000,0.0553461471,0.0553691877,0.1107153349
0.5696666667,0.0553461467,0.0553691882,0.1107153349
0.5698333333,0.0553461464,0.0553691885,0.1107153349
0.5700000000,0.0553461461,0.0553691887,0.1107153349
0.5701666667,0.0553461460,0.0553691889,0.1107153349
0.5703333333,0.0553461459,0.0553691890,0.1107153349
0.5705000000,0.0553461458,0.0553691891,0.1107153349
0.5706666667,0.0553461457,0.0553691891,0.1107153349
0.5708333333,0.0553461457,0.0553691892,0.1107153349
0.5710000000,0.0553461457,0.0553691892,0.1107153349
0.5711666667,0.0553461457,0.0553691892,0.1107153349
0.5713333333,0.0553461457,0.0553691892,0.1107153349
0.5715000000,0.0553461457,0.0553691892,0.1107153349
0.5716666667,0.0553461457,0.0553691892,0.1107153349
0.5718333333,0.0553461457,0.0553691892,0.1107153349
0.5720000000,0.0553461457,0.0553691892,0.1107153349
0.5721666667,0.0553461457,0.0553691892,0.1107153349
0.5723333333,0.0553461457,0.0553691891,0.1107153349
0.5725000000,0.0553461458,0.0553691891,0.1107153349
0.5726666667,0.0553461458,0.0553691891,0.1107153349
0.5728333333,0.0553461458,0.0553691890,0.1107153349
0.5730000000,0.0553461459,0.0553691890,0.1107153349
0.5731666667,0.0553461460,0.0553691889,0.1107153349
0.5733333333,0.0553461461,0.0553691888,0.1107153349
0.5735000000,0.0553461462,0.0553691886,0.1107153349
0.5736666667,0.0553461464,0.0553691885,0.1107153349
0.5738333333,0.0553461466,0.0553691882,0.1107153349
0.5740000000,0.0553461469,0.0553691879,0.1107153349
0.5741666667,0.0553461473,0.0553691876,0.1107153349
0.5743333333,0.0553461478,0.0553691871,0.1107153349
0.5745000000,0.0553461484,0.0553691864,0.1107153349
0.5746666667,0.0553461492,0.0553691856,0.1107153349
0.5748333333,0.0553461503,0.0553691846,0.1107153349
0.5750000000,0.0553461516,0.0553691833,0.1107153349
0.5751666667,0.0553461532,0.0553691817,0.1107153349
0.5753333333,0.0553461553,0.0553691796,0.1107153349
0.5755000000,0.0553461580,0.0553691769,0.1107153349
0.5756666667,0.0553461614,0.0553691736,0.1107153349
0.5758333333,0.0553461656,0.0553691693,0.1107153349
0.5760000000,0.0553461710,0.0553691640,0.1107153350
0.5761666667,0.0553461777,0.0553691573,0.1107153350
0.5763333333,0.0553461861,0.0553691489,0.1107153350
0.5765000000,0.0553461967,0.0553691383,0.1107153350
0.5766666667,0.0553462099,0.0553691251,0.1107153351
0.5768333333,0.0553462264,0.0553691087,0.1107153351
0.5770000000,0.0553462470,0.0553690882,0.1107153352
0.5771666667,0.0553462725,0.0553690627,0.1107153352
0.5773333333,0.0553463042,0.0553690311,0.1107153353
0.5775000000,0.0553463435,0.0553689920,0.1107153354
0.5776666667,0.0553463920,0.0553689436,0.1107153356
0.5778333333,0.0553464519,0.0553688838,0.1107153357
0.5780000000,0.0553465256,0.0553688103,0.1107153359
0.5781666667,0.0553466163,0.0553687199,0.1107153361
0.5783333333,0.0553467275,0.0553686090,0.1107153364
0.5785000000,0.0553468636,0.0553684731,0.1107153367
0.5786666667,0.0553470300,0.0553683072,0.1107153371
0.5788333333,0.0553472329,0.0553681047,0.1107153376
0.5790000000,0.0553474799,0.0553678583,0.1107153382
0.5791666667,0.0553477799,0.0553675589,0.1107153388
0.5793333333,0.0553481437,0.0553671959,0.1107153396
0.5795000000,0.0553485839,0.0553667566,0.1107153406
0.5796666667,0.0553491155,0.0553662261,0.1107153417
0.5798333333,0.0553497562,0.0553655867,0.1107153430
0.5800000000,0.0553505268,0.0553648176,0.1107153445
0.5801666667,0.0553514518,0.0553638944,0.1107153463
0.5803333333,0.0553525599,0.0553627885,0.1107153484
0.5805000000,0.0553538845,0.0553614663,0.1107153508
0.5806666667,0.0553554647,0.0553598889,0.1107153536
0.5808333333,0.0553573461,0.0553580108,0.1107153569
0.5810000000,0.0553595812,0.0553557795,0.1107153607
0.5811666667,0.0553622311,0.0553531340,0.1107153651
0.5813333333,0.0553653660,0.0553500041,0.1107153702
0.5815000000,0.0553690671,0.0553463089,0.1107153759
0.5816666667,0.0553734271,0.0553419555,0.1107153826
0.5818333333,0.0553785525,0.0553368377,0.1107153901
0.5820000000,0.0553845644,0.0553308344,0.1107153988
0.5821666667,0.0553916010,0.0553238075,0.1107154085
0.5823333333,0.0553998189,0.0553156007,0.1107154196
0.5825000000,0.0554093953,0.0553060368,0.1107154321
0.5826666667,0.0554205298,0.0552949163,0.1107154461
0.5828333333,0.0554334471,0.0552820147,0.1107154618
0.5830000000,0.0554483987,0.0552670806,0.1107154793
0.5831666667,0.0554656657,0.0552498331,0.1107154989
0.5833333333,0.0554855609,0.0552299596,0.1107155205
0.5835000000,0.0555084311,0.0552071134,0.1107155445
0.5836666667,0.0555346598,0.0551809110,0.1107155708
0.5838333333,0.0555646692,0.0551509305,0.1107155998
0.5840000000,0.0555989225,0.0551167089,0.1107156314
0.5841666667,0.0556379254,0.0550777403,0.1107156658
0.5843333333,0.0556822287,0.0550334743,0.1107157030
0.5845000000,0.0557324286,0.0549833146,0.1107157432
0.5846666667,0.0557891683,0.0549266181,0.1107157864
0.5848333333,0.0558531379,0.0548626945,0.1107158324
0.5850000000,0.0559250746,0.0547908068,0.1107158814
0.5851666667,0.0560057613,0.0547101718,0.1107159331
0.5853333333,0.0560960246,0.0546199628,0.1107159873
0.5855000000,0.0561967322,0.0545193117,0.1107160439
0.5856666667,0.0563087889,0.0544073136,0.1107161025
0.5858333333,0.0564331308,0.0542830319,0.1107161626
0.5860000000,0.0565707189,0.0541455049,0.1107162238
0.5861666667,0.0567225313,0.0539937542,0.1107162855
0.5863333333,0.0568895525,0.0538267943,0.1107163468
0.5865000000,0.0570727625,0.0536436446,0.1107164070
0.5866666667,0.0572731231,0.0534433421,0.1107164652
0.5868333333,0.0574915626,0.0532249576,0.1107165202
0.5870000000,0.0577289587,0.0529876122,0.1107165708
0.5871666667,0.0579861190,0.0527304968,0.1107166158
0.5873333333,0.0582637601,0.0524528935,0.1107166537
0.5875000000,0.0585624846,0.0521541983,0.1107166828
0.5876666667,0.0588827559,0.0518339458,0.1107167017
0.5878333333,0.0592248725,0.0514918360,0.1107167085
0.5880000000,0.0595889393,0.0511277622,0.1107167014
0.5881666667,0.0599748395,0.0507418391,0.1107166786
0.5883333333,0.0603822045,0.0503344337,0.1107166382
0.5885000000,0.0608103837,0.0499061946,0.1107165783
0.5886666667,0.0612584149,0.0494580822,0.1107164970
0.5888333333,0.0617249942,0.0489913984,0.1107163926
0.5890000000,0.0622084486,0.0485078150,0.1107162635
0.5891666667,0.0627067087,0.0480093994,0.1107161081
0.5893333333,0.0632172859,0.0474986393,0.1107159252
0.5895000000,0.0637372506,0.0469784630,0.1107157136
0.5896666667,0.0642632169,0.0464522559,0.1107154728
0.5898333333,0.0647913299,0.0459238723,0.1107152022
0.5900000000,0.0653172604,0.0453976415,0.1107149019
0.5901666667,0.0658362052,0.0448783672,0.1107145724
0.5903333333,0.0663428945,0.0443713202,0.1107142147
0.5905000000,0.0668316079,0.0438822224,0.1107138303
0.5906666667,0.0672961983,0.0434172228,0.1107134212
0.5908333333,0.0677301257,0.0429828644,0.1107129901
0.5910000000,0.0681264997,0.0425860407,0.1107125404
0.5911666667,0.0684781327,0.0422339433,0.1107120760
0.5913333333,0.0687776027,0.0419339986,0.1107116014
0.5915000000,0.0690173265,0.0416937952,0.1107111218
0.5916666667,0.0691896422,0.0415210007,0.1107106430
0.5918333333,0.0692869016,0.0414232697,0.1107101712
0.5920000000,0.0693015707,0.0414081427,0.1107097134
0.5921666667,0.0692263388,0.0414829379,0.1107092767
0.5923333333,0.0690542333,0.0416546353,0.1107088686
0.5925000000,0.0687787406,0.0419297564,0.1107084970
0.5926666667,0.0683939299,0.0423142397,0.1107081696
0.5928333333,0.0678945797,0.0428133148,0.1107078945
0.5930000000,0.0672763028,0.0434313764,0.1107076792
0.5931666667,0.0665356706,0.0441718608,0.1107075313
0.5933333333,0.0656703307,0.0450371271,0.1107074578
0.5935000000,0.0646791191,0.0460283458,0.1107074649
0.5936666667,0.0635621615,0.0471453969,0.1107075584
0.5938333333,0.0623209628,0.0483867801,0.1107077429
0.5940000000,0.0609584821,0.0497495400,0.1107080220
0.5941666667,0.0594791902,0.0512292080,0.1107083982
0.5943333333,0.0578891089,0.0528197637,0.1107088726
0.5945000000,0.0561958278,0.0545136171,0.1107094449
0.5946666667,0.0544084994,0.0563016138,0.1107101132
0.5948333333,0.0525378095,0.0581730646,0.1107108741
0.5950000000,0.0505959226,0.0601158001,0.1107117226
0.5951666667,0.0485964014,0.0621162507,0.1107126521
0.5953333333,0.0465541014,0.0641595529,0.1107136543
0.5955000000,0.0444850390,0.0662296806,0.1107147196
0.5956666667,0.0424062364,0.0683096003,0.1107158368
0.5958333333,0.0403355433,0.0703814501,0.1107169934
0.5960000000,0.0382914376,0.0724267381,0.1107181757
0.5961666667,0.0362928086,0.0744265608,0.1107193694
0.5963333333,0.0343587240,0.0763618350,0.1107205590
0.5965000000,0.0325081861,0.0782135427,0.1107217288
0.5966666667,0.0307598792,0.0799629835,0.1107228627
0.5968333333,0.0291319136,0.0815920311,0.1107239447
0.5970000000,0.0276415700,0.0830833891,0.1107249591
0.5971666667,0.0263050489,0.0844208420,0.1107258908
0.5973333333,0.0251372294,0.0855894963,0.1107267256
0.5975000000,0.0241514422,0.0865760083,0.1107274504
0.5976666667,0.0233592609,0.0873687927,0.1107280536
0.5978333333,0.0227703158,0.0879582093,0.1107285251
0.5980000000,0.0223921342,0.0883367225,0.1107288567
0.5981666667,0.0222300097,0.0884990326,0.1107290423
0.5983333333,0.0222869049,0.0884421732,0.1107290781
0.5985000000,0.0225633877,0.0881655744,0.1107289621
0.5986666667,0.0230576045,0.0876710907,0.1107286952
0.5988333333,0.0237652906,0.0869629897,0.1107282803
0.5990000000,0.0246798172,0.0860479054,0.1107277225
0.5991666667,0.0257922757,0.0849347538,0.1107270295
0.5993333333,0.0270915977,0.0836346132,0.1107262109
0.5995000000,0.0285647070,0.0821605710,0.1107252780
0.5996666667,0.0301967041,0.0805275400,0.1107242441
0.5998333333,0.0319710768,0.0787520472,0.1107231240
0.6000000000,0.0338699348,0.0768519987,0.1107219335
0.6001666667,0.0358742637,0.0748464257,0.1107206894
0.6003333333,0.0379641934,0.0727552158,0.1107194092
0.6005000000,0.0401192764,0.0705988342,0.1107181106
0.6006666667,0.0423187705,0.0683980408,0.1107168113
0.6008333333,0.0445419214,0.0661736073,0.1107155287
0.6010000000,0.0467682397,0.0639460396,0.1107142793
0.6011666667,0.0489777678,0.0617353113,0.1107130791
0.6013333333,0.0511513318,0.0595606109,0.1107119427
0.6015000000,0.0532707749,0.0574401083,0.1107108832
0.6016666667,0.0553191678,0.0553907444,0.1107099121
0.6018333333,0.0572809940,0.0534280455,0.1107090395
0.6020000000,0.0591423065,0.0515659666,0.1107082731
0.6021666667,0.0608908548,0.0498167641,0.1107076189
0.6023333333,0.0625161803,0.0481909007,0.1107070810
0.6025000000,0.0640096799,0.0466969813,0.1107066613
0.6026666667,0.0653646388,0.0453417210,0.1107063599
0.6028333333,0.0665762309,0.0441299441,0.1107061750
0.6030000000,0.0676414904,0.0430646126,0.1107061030
0.6031666667,0.0685592560,0.0421468829,0.1107061389
0.6033333333,0.0693300890,0.0413761871,0.1107062761
0.6035000000,0.0699561686,0.0407503382,0.1107065068
0.6036666667,0.0704411688,0.0402656534,0.1107068222
0.6038333333,0.0707901173,0.0399170955,0.1107072128
0.6040000000,0.0710092429,0.0396984255,0.1107076683
0.6041666667,0.0711058126,0.0396023656,0.1107081783
0.6043333333,0.0710879640,0.0396207679,0.1107087319
0.6045000000,0.0709645336,0.0397447849,0.1107093186
0.6046666667,0.0707448876,0.0399650403,0.1107099279
0.6048333333,0.0704387549,0.0402717949,0.1107105498
0.6050000000,0.0700560680,0.0406551070,0.1107111750
0.6051666667,0.0696068120,0.0411049826,0.1107117946
0.6053333333,0.0691008845,0.0416115162,0.1107124007
0.6055000000,0.0685479688,0.0421650173,0.1107129862
0.6056666667,0.0679574203,0.0427561246,0.1107135449
0.6058333333,0.0673381683,0.0433759034,0.1107140717
0.6060000000,0.0666986327,0.0440159296,0.1107145623
0.6061666667,0.0660466567,0.0446683568,0.1107150135
0.6063333333,0.0653894544,0.0453259685,0.1107154229
0.6065000000,0.0647335740,0.0459822151,0.1107157891
0.6066666667,0.0640848742,0.0466312374,0.1107161116
0.6068333333,0.0634485150,0.0472678755,0.1107163905
0.6070000000,0.0628289596,0.0478876670,0.1107166265
0.6071666667,0.0622299879,0.0484868334,0.1107168212
0.6073333333,0.0616547193,0.0490622572,0.1107169765
0.6075000000,0.0611056435,0.0496114513,0.1107170948
0.6076666667,0.0605846578,0.0501325208,0.1107171787
0.6078333333,0.0600931103,0.0506241208,0.1107172311
0.6080000000,0.0596318461,0.0510854091,0.1107172552
0.6081666667,0.0592012568,0.0515159973,0.1107172541
0.6083333333,0.0588013308,0.0519159001,0.1107172310
0.6085000000,0.0584317046,0.0522854844,0.1107171890
0.6086666667,0.0580917125,0.0526254187,0.1107171312
0.6088333333,0.0577804357,0.0529366248,0.1107170605
0.6090000000,0.0574967483,0.0532202313,0.1107169796
0.6091666667,0.0572393613,0.0534775298,0.1107168911
0.6093333333,0.0570068628,0.0537099344,0.1107167972
0.6095000000,0.0567977548,0.0539189452,0.1107167000
0.6096666667,0.0566104867,0.0541061148,0.1107166014
0.6098333333,0.0564434840,0.0542730190,0.1107165030
0.6100000000,0.0562951742,0.0544212319,0.1107164060
0.6101666667,0.0561640083,0.0545523034,0.1107163117
0.6103333333,0.0560484789,0.0546677420,0.1107162209
0.6105000000,0.0559471347,0.0547689997,0.1107161344
0.6106666667,0.0558585923,0.0548574603,0.1107160526
0.6108333333,0.0557815443,0.0549344317,0.1107159760
0.6110000000,0.0557147658,0.0550011390,0.1107159048
0.6111666667,0.0556571176,0.0550587215,0.1107158391
0.6113333333,0.0556075481,0.0551082307,0.1107157789
0.6115000000,0.0555650933,0.0551506307,0.1107157240
0.6116666667,0.0555288748,0.0551867995,0.1107156743
0.6118333333,0.0554980981,0.0552175316,0.1107156297
0.6120000000,0.0554720479,0.0552435418,0.1107155898
0.6121666667,0.0554500849,0.0552654693,0.1107155543
0.6123333333,0.0554316404,0.0552838825,0.1107155229
0.6125000000,0.0554162114,0.0552992839,0.1107154953
0.6126666667,0.0554033555,0.0553121156,0.1107154711
0.6128333333,0.0553926858,0.0553227643,0.1107154501
0.6130000000,0.0553838652,0.0553315666,0.1107154319
0.6131666667,0.0553766022,0.0553388140,0.1107154162
0.6133333333,0.0553706453,0.0553447575,0.1107154028
0.6135000000,0.0553657789,0.0553496124,0.1107153913
0.6136666667,0.0553618194,0.0553535622,0.1107153816
0.6138333333,0.0553586105,0.0553567629,0.1107153734
0.6140000000,0.0553560203,0.0553593461,0.1107153665
0.6141666667,0.0553539381,0.0553614226,0.1107153607
0.6143333333,0.0553522709,0.0553630850,0.1107153559
0.6145000000,0.0553509414,0.0553644105,0.1107153519
0.6146666667,0.0553498856,0.0553654629,0.1107153486
0.6148333333,0.0553490506,0.0553662953,0.1107153459
0.6150000000,0.0553483930,0.0553669507,0.1107153437
0.6151666667,0.0553478771,0.0553674648,0.1107153419
0.6153333333,0.0553474742,0.0553678662,0.1107153404
0.6155000000,0.0553471609,0.0553681784,0.1107153393
0.6156666667,0.0553469182,0.0553684201,0.1107153383
0.6158333333,0.0553467310,0.0553686065,0.1107153376
0.6160000000,0.0553465873,0.0553687496,0.1107153370
0.6161666667,0.0553464775,0.0553688590,0.1107153365
0.6163333333,0.0553463939,0.0553689423,0.1107153361
0.6165000000,0.0553463305,0.0553690053,0.1107153358
0.6166666667,0.0553462827,0.0553690529,0.1107153356
0.6168333333,0.0553462468,0.0553690886,0.1107153354
0.6170000000,0.0553462200,0.0553691153,0.1107153353
0.6171666667,0.0553462000,0.0553691352,0.1107153352
0.6173333333,0.0553461852,0.0553691499,0.1107153351
0.6175000000,0.0553461743,0.0553691607,0.1107153350
0.6176666667,0.0553461663,0.0553691687,0.1107153350
0.6178333333,0.0553461605,0.0553691745,0.1107153350
0.6180000000,0.0553461562,0.0553691787,0.1107153349
0.6181666667,0.0553461532,0.0553691818,0.1107153349
0.6183333333,0.0553461510,0.0553691839,0.1107153349
0.6185000000,0.0553461494,0.0553691855,0.1107153349
0.6186666667,0.0553461483,0.0553691866,0.1107153349
0.6188333333,0.0553461475,0.0553691874,0.1107153349
0.6190000000,0.0553461469,0.0553691880,0.1107153349
0.6191666667,0.0553461465,0.0553691884,0.1107153349
0.6193333333,0.0553461462,0.0553691886,0.1107153349
0.6195000000,0.0553461460,0.0553691888,0.1107153349
0.6196666667,0.0553461459,0.0553691890,0.1107153349
0.6198333333,0.0553461458,0.0553691890,0.1107153349
0.6200000000,0.0553461458,0.0553691891,0.1107153349
0.6201666667,0.0553461457,0.0553691891,0.1107153349
0.6203333333,0.0553461457,0.0553691892,0.1107153349
0.6205000000,0.0553461457,0.0553691892,0.1107153349
0.6206666667,0.0553461457,0.0553691892,0.1107153349
0.6208333333,0.0553461457,0.0553691892,0.1107153349
0.6210000000,0.0553461457,0.0553691892,0.1107153349
0.6211666667,0.0553461457,0.0553691892,0.1107153349
0.6213333333,0.0553461457,0.0553691892,0.1107153349
0.6215000000,0.0553461457,0.0553691892,0.1107153349
0.6216666667,0.0553461457,0.0553691892,0.1107153349
0.6218333333,0.0553461457,0.0553691891,0.1107153349
0.6220000000,0.0553461458,0.0553691891,0.1107153349
0.6221666667,0.0553461458,0.0553691891,0.1107153349
0.6223333333,0.0553461459,0.0553691890,0.1107153349
0.6225000000,0.0553461459,0.0553691889,0.1107153349
0.6226666667,0.0553461460,0.0553691888,0.1107153349
0.6228333333,0.0553461462,0.0553691887,0.1107153349
0.6230000000,0.0553461463,0.0553691886,0.1107153349
0.6231666667,0.0553461465,0.0553691883,0.1107153349
0.6233333333,0.0553461468,0.0553691881,0.1107153349
0.6235000000,0.0553461471,0.0553691877,0.1107153349
0.6236666667,0.0553461476,0.0553691873,0.1107153349
0.6238333333,0.0553461481,0.0553691867,0.1107153349
0.6240000000,0.0553461489,0.0553691860,0.1107153349
0.6241666667,0.0553461498,0.0553691851,0.1107153349
0.6243333333,0.0553461510,0.0553691839,0.1107153349
0.6245000000,0.0553461525,0.0553691824,0.1107153349
0.6246666667,0.0553461544,0.0553691805,0.1107153349
0.6248333333,0.0553461568,0.0553691781,0.1107153349
0.6250000000,0.0553461599,0.0553691750,0.1107153349
0.6251666667,0.0553461638,0.0553691711,0.1107153349
0.6253333333,0.0553461687,0.0553691662,0.1107153349
0.6255000000,0.0553461749,0.0553691601,0.1107153350
0.6256666667,0.0553461827,0.0553691523,0.1107153350
0.6258333333,0.0553461925,0.0553691425,0.1107153350
0.6260000000,0.0553462048,0.0553691302,0.1107153351
0.6261666667,0.0553462202,0.0553691149,0.1107153351
0.6263333333,0.0553462395,0.0553690957,0.1107153352
0.6265000000,0.0553462635,0.0553690718,0.1107153352
0.6266666667,0.0553462934,0.0553690420,0.1107153353
0.6268333333,0.0553463305,0.0553690049,0.1107153354
0.6270000000,0.0553463765,0.0553689590,0.1107153355
0.6271666667,0.0553464336,0.0553689021,0.1107153357
0.6273333333,0.0553465040,0.0553688319,0.1107153359
0.6275000000,0.0553465909,0.0553687452,0.1107153361
0.6276666667,0.0553466979,0.0553686385,0.1107153364
0.6278333333,0.0553468294,0.0553685073,0.1107153367
0.6280000000,0.0553469907,0.0553683464,0.1107153371
0.6281666667,0.0553471881,0.0553681495,0.1107153376
0.6283333333,0.0553474293,0.0553679088,0.1107153382
0.6285000000,0.0553477235,0.0553676153,0.1107153388
0.6286666667,0.0553480816,0.0553672580,0.1107153397
0.6288333333,0.0553485166,0.0553668240,0.1107153406
0.6290000000,0.0553490441,0.0553662977,0.1107153418
0.6291666667,0.0553496824,0.0553656607,0.1107153431
0.6293333333,0.0553504533,0.0553648914,0.1107153447
0.6295000000,0.0553513826,0.0553639640,0.1107153466
0.6296666667,0.0553525005,0.0553628483,0.1107153488
0.6298333333,0.0553538428,0.0553615087,0.1107153514
0.6300000000,0.0553554511,0.0553599034,0.1107153545
0.6301666667,0.0553573745,0.0553579836,0.1107153580
0.6303333333,0.0553596699,0.0553556923,0.1107153622
0.6305000000,0.0553624038,0.0553529632,0.1107153670
0.6306666667,0.0553656533,0.0553497193,0.1107153726
0.6308333333,0.0553695077,0.0553458713,0.1107153790
0.6310000000,0.0553740702,0.0553413162,0.1107153864
0.6311666667,0.0553794598,0.0553359351,0.1107153949
0.6313333333,0.0553858131,0.0553295916,0.1107154047
0.6315000000,0.0553932865,0.0553221293,0.1107154159
0.6316666667,0.0554020592,0.0553133694,0.1107154286
0.6318333333,0.0554123349,0.0553031081,0.1107154431
0.6320000000,0.0554243455,0.0552911139,0.1107154594
0.6321666667,0.0554383535,0.0552771244,0.1107154780
0.6323333333,0.0554546556,0.0552608432,0.1107154988
0.6325000000,0.0554735859,0.0552419364,0.1107155222
0.6326666667,0.0554955194,0.0552200290,0.1107155484
0.6328333333,0.0555208762,0.0551947015,0.1107155777
0.6330000000,0.0555501246,0.0551654856,0.1107156102
0.6331666667,0.0555837854,0.0551318608,0.1107156462
0.6333333333,0.0556224357,0.0550932503,0.1107156860
0.6335000000,0.0556667126,0.0550490172,0.1107157298
0.6336666667,0.0557173170,0.0549984608,0.1107157778
0.6338333333,0.0557750169,0.0549408133,0.1107158302
0.6340000000,0.0558406506,0.0548752365,0.1107158871
0.6341666667,0.0559151295,0.0548008193,0.1107159487
0.6343333333,0.0559994398,0.0547165753,0.1107160152
0.6345000000,0.0560946444,0.0546214420,0.1107160864
0.6346666667,0.0562018829,0.0545142795,0.1107161624
0.6348333333,0.0563223714,0.0543938717,0.1107162431
0.6350000000,0.0564574003,0.0542589279,0.1107163282
0.6351666667,0.0566083316,0.0541080860,0.1107164176
0.6353333333,0.0567765934,0.0539399172,0.1107165106
0.6355000000,0.0569636738,0.0537529331,0.1107166069
0.6356666667,0.0571711115,0.0535455942,0.1107167057
0.6358333333,0.0574004851,0.0533163210,0.1107168061
0.6360000000,0.0576533997,0.0530635075,0.1107169072
0.6361666667,0.0579314702,0.0527855375,0.1107170077
0.6363333333,0.0582363029,0.0524808035,0.1107171064
0.6365000000,0.0585694730,0.0521477286,0.1107172016
0.6366666667,0.0589324997,0.0517847918,0.1107172915
0.6368333333,0.0593268180,0.0513905562,0.1107173742
0.6370000000,0.0597537471,0.0509637004,0.1107174476
0.6371666667,0.0602144562,0.0505030530,0.1107175092
0.6373333333,0.0607099261,0.0500076305,0.1107175566
0.6375000000,0.0612409095,0.0494766775,0.1107175870
0.6376666667,0.0618078872,0.0489097104,0.1107175976
0.6378333333,0.0624110231,0.0483065623,0.1107175854
0.6380000000,0.0630501167,0.0476674308,0.1107175475
0.6381666667,0.0637245546,0.0469929261,0.1107174807
0.6383333333,0.0644332612,0.0462841207,0.1107173819
0.6385000000,0.0651746496,0.0455425985,0.1107172481
0.6386666667,0.0659465736,0.0447705028,0.1107170764
0.6388333333,0.0667462810,0.0439705832,0.1107168641
0.6390000000,0.0675703707,0.0431462381,0.1107166088
0.6391666667,0.0684147533,0.0423015550,0.1107163083
0.6393333333,0.0692746171,0.0414413437,0.1107159609
0.6395000000,0.0701444008,0.0405711645,0.1107155653
0.6396666667,0.0710177737,0.0396973473,0.1107151209
0.6398333333,0.0718876257,0.0388270020,0.1107146277
0.6400000000,0.0727460675,0.0379680190,0.1107140865
0.6401666667,0.0735844419,0.0371290568,0.1107134987
0.6403333333,0.0743933488,0.0363195179,0.1107128668
0.6405000000,0.0751626843,0.0355495097,0.1107121941
0.6406666667,0.0758816938,0.0348297911,0.1107114849
0.6408333333,0.0765390418,0.0341717029,0.1107107447
0.6410000000,0.0771228970,0.0335870827,0.1107099797
0.6411666667,0.0776210348,0.0330881626,0.1107091974
0.6413333333,0.0780209553,0.0326874509,0.1107084062
0.6415000000,0.0783100183,0.0323975972,0.1107076155
0.6416666667,0.0784755931,0.0322312425,0.1107068356
0.6418333333,0.0785052234,0.0322008542,0.1107060776
0.6420000000,0.0783868041,0.0323185491,0.1107053532
0.6421666667,0.0781087705,0.0325959044,0.1107046749
0.6423333333,0.0776602957,0.0330437598,0.1107040555
0.6425000000,0.0770314944,0.0336720134,0.1107035078
0.6426666667,0.0762136302,0.0344894148,0.1107030450
0.6428333333,0.0751993233,0.0355033564,0.1107026797
0.6430000000,0.0739827541,0.0367196702,0.1107024244
0.6431666667,0.0725598601,0.0381424304,0.1107022905
0.6433333333,0.0709285211,0.0397737678,0.1107022889
0.6435000000,0.0690887295,0.0416136993,0.1107024288
0.6436666667,0.0670427406,0.0436599778,0.1107027184
0.6438333333,0.0647951999,0.0459079639,0.1107031638
0.6440000000,0.0623532425,0.0483505269,0.1107037693
0.6441666667,0.0597265615,0.0509779757,0.1107045372
0.6443333333,0.0569274424,0.0537780248,0.1107054672
0.6445000000,0.0539707600,0.0567357967,0.1107065567
0.6446666667,0.0508739353,0.0598338651,0.1107078004
0.6448333333,0.0476568517,0.0630523387,0.1107091904
0.6450000000,0.0443417292,0.0663689871,0.1107107163
0.6451666667,0.0409529550,0.0697594097,0.1107123648
0.6453333333,0.0375168733,0.0731972469,0.1107141201
0.6455000000,0.0340615337,0.0766544306,0.1107159643
0.6456666667,0.0306164027,0.0801014743,0.1107178770
0.6458333333,0.0272120384,0.0835077975,0.1107198359
0.6460000000,0.0238797360,0.0868420813,0.1107218172
0.6461666667,0.0206511457,0.0900726500,0.1107237957
0.6463333333,0.0175578711,0.0931678742,0.1107257453
0.6465000000,0.0146310522,0.0960965872,0.1107276394
0.6466666667,0.0119009413,0.0988285101,0.1107294514
0.6468333333,0.0093964782,0.1013346769,0.1107311551
0.6470000000,0.0071448720,0.1035878533,0.1107327253
0.6471666667,0.0051711970,0.1055629409,0.1107341379
0.6473333333,0.0034980118,0.1072373592,0.1107353710
0.6475000000,0.0021450056,0.1085913990,0.1107364046
0.6476666667,0.0011286819,0.1096085397,0.1107372216
0.6478333333,0.0004620844,0.1102757234,0.1107378078
0.6480000000,0.0001545710,0.1105835814,0.1107381524
0.6481666667,0.0002116404,0.1105266077,0.1107382481
0.6483333333,0.0006348165,0.1101032749,0.1107380914
0.6485000000,0.0014215920,0.1093160905,0.1107376825
0.6486666667,0.0025654342,0.1081715916,0.1107370258
0.6488333333,0.0040558522,0.1066802771,0.1107361294
0.6490000000,0.0058785262,0.1048564788,0.1107350049
0.6491666667,0.0080154958,0.1027181721,0.1107336679
0.6493333333,0.0104454055,0.1002867314,0.1107321368
0.6495000000,0.0131438015,0.0975866318,0.1107304333
0.6496666667,0.0160834765,0.0946451051,0.1107285815
0.6498333333,0.0192348538,0.0914917538,0.1107266076
0.6500000000,0.0225664069,0.0881581326,0.1107245395
0.6501666667,0.0260451036,0.0846773025,0.1107224061
0.6503333333,0.0296368691,0.0810833680,0.1107202371
0.6505000000,0.0333070582,0.0774110039,0.1107180620
0.6506666667,0.0370209284,0.0736949817,0.1107159102
0.6508333333,0.0407441065,0.0699697032,0.1107138097
0.6510000000,0.0444430382,0.0662687491,0.1107117874
0.6511666667,0.0480854164,0.0626244517,0.1107098681
0.6513333333,0.0516405772,0.0590674971,0.1107080744
0.6515000000,0.0550798612,0.0556265649,0.1107064262
0.6516666667,0.0583769314,0.0523280092,0.1107049405
0.6518333333,0.0615080449,0.0491955864,0.1107036313
0.6520000000,0.0644522758,0.0462502334,0.1107025091
0.6521666667,0.0671916839,0.0435098975,0.1107015813
0.6523333333,0.0697114321,0.0409894197,0.1107008518
0.6525000000,0.0719998491,0.0387004721,0.1107003212
0.6526666667,0.0740484403,0.0366515467,0.1106999870
0.6528333333,0.0758518480,0.0348479958,0.1106998438
0.6530000000,0.0774077644,0.0332921190,0.1106998834
0.6531666667,0.0787168011,0.0319832939,0.1107000950
0.6533333333,0.0797823193,0.0309181467,0.1107004660
0.6535000000,0.0806102260,0.0300907558,0.1107009818
0.6536666667,0.0812087415,0.0294928849,0.1107016264
0.6538333333,0.0815881444,0.0291142383,0.1107023826
0.6540000000,0.0817604994,0.0289427335,0.1107032329
0.6541666667,0.0817393747,0.0289647844,0.1107041591
0.6543333333,0.0815395535,0.0291655898,0.1107051432
0.6545000000,0.0811767464,0.0295294212,0.1107061676
0.6546666667,0.0806673094,0.0300399058,0.1107072152
0.6548333333,0.0800279720,0.0306802979,0.1107082699
0.6550000000,0.0792755797,0.0314337371,0.1107093168
0.6551666667,0.0784268547,0.0322834874,0.1107103421
0.6553333333,0.0774981778,0.0332131559,0.1107113337
0.6555000000,0.0765053931,0.0342068878,0.1107122809
0.6556666667,0.0754636384,0.0352495363,0.1107131748
0.6558333333,0.0743872011,0.0363268069,0.1107140080
0.6560000000,0.0732894004,0.0374253743,0.1107147747
0.6561666667,0.0721824962,0.0385329748,0.1107154710
0.6563333333,0.0710776232,0.0396384709,0.1107160941
0.6565000000,0.0699847493,0.0407318937,0.1107166430
0.6566666667,0.0689126570,0.0418044607,0.1107171178
0.6568333333,0.0678689458,0.0428485740,0.1107175198
0.6570000000,0.0668600525,0.0438577989,0.1107178514
0.6571666667,0.0658912897,0.0448268262,0.1107181159
0.6573333333,0.0649668965,0.0457514206,0.1107183171
0.6575000000,0.0640901023,0.0466283574,0.1107184598
0.6576666667,0.0632631989,0.0474553497,0.1107185487
0.6578333333,0.0624876198,0.0482309694,0.1107185892
0.6580000000,0.0617640238,0.0489545629,0.1107185867
0.6581666667,0.0610923818,0.0496261648,0.1107185466
0.6583333333,0.0604720634,0.0502464109,0.1107184743
0.6585000000,0.0599019227,0.0508164524,0.1107183751
0.6586666667,0.0593803819,0.0513378719,0.1107182539
0.6588333333,0.0589055108,0.0518126046,0.1107181153
0.6590000000,0.0584751012,0.0522428626,0.1107179638
0.6591666667,0.0580867371,0.0526310662,0.1107178033
0.6593333333,0.0577378570,0.0529797803,0.1107176373
0.6595000000,0.0574258112,0.0532916578,0.1107174690
0.6596666667,0.0571479118,0.0535693893,0.1107173010
0.6598333333,0.0569014762,0.0538156595,0.1107171358
0.6600000000,0.0566838646,0.0540331106,0.1107169752
0.6601666667,0.0564925102,0.0542243106,0.1107168207
0.6603333333,0.0563249445,0.0543917293,0.1107166737
0.6605000000,0.0561788168,0.0545377182,0.1107165350
0.6606666667,0.0560519087,0.0546644964,0.1107164052
0.6608333333,0.0559421440,0.0547741406,0.1107162846
0.6610000000,0.0558475945,0.0548685791,0.1107161736
0.6611666667,0.0557664828,0.0549495891,0.1107160719
0.6613333333,0.0556971822,0.0550187973,0.1107159795
0.6615000000,0.0556382132,0.0550776828,0.1107158960
0.6616666667,0.0555882392,0.0551275818,0.1107158210
0.6618333333,0.0555460601,0.0551696941,0.1107157542
0.6620000000,0.0555106046,0.0552050902,0.1107156948
0.6621666667,0.0554809222,0.0552347203,0.1107156425
0.6623333333,0.0554561740,0.0552594225,0.1107155965
0.6625000000,0.0554356242,0.0552799323,0.1107155565
0.6626666667,0.0554186303,0.0552968914,0.1107155217
0.6628333333,0.0554046347,0.0553108569,0.1107154916
0.6630000000,0.0553931560,0.0553223099,0.1107154658
0.6631666667,0.0553837804,0.0553316634,0.1107154438
0.6633333333,0.0553761545,0.0553392706,0.1107154251
0.6635000000,0.0553699776,0.0553454316,0.1107154092
0.6636666667,0.0553649954,0.0553504005,0.1107153959
0.6638333333,0.0553609939,0.0553543908,0.1107153847
0.6640000000,0.0553577936,0.0553575818,0.1107153754
0.6641666667,0.0553552450,0.0553601227,0.1107153677
0.6643333333,0.0553532242,0.0553621371,0.1107153613
0.6645000000,0.0553516289,0.0553637272,0.1107153561
0.6646666667,0.0553503749,0.0553649769,0.1107153518
0.6648333333,0.0553493936,0.0553659548,0.1107153483
0.6650000000,0.0553486290,0.0553667165,0.1107153455
0.6651666667,0.0553480361,0.0553673072,0.1107153433
0.6653333333,0.0553475782,0.0553677632,0.1107153414
0.6655000000,0.0553472264,0.0553681136,0.1107153400
0.6656666667,0.0553469572,0.0553683816,0.1107153388
0.6658333333,0.0553467522,0.0553685857,0.1107153379
0.6660000000,0.0553465969,0.0553687403,0.1107153372
0.6661666667,0.0553464798,0.0553688569,0.1107153367
0.6663333333,0.0553463918,0.0553689444,0.1107153362
0.6665000000,0.0553463261,0.0553690098,0.1107153359
0.6666666667,0.0553462773,0.0553690583,0.1107153357
