t,Ekin,Epot,Etot
0.0000000000,0.0000000000,0.3454140573,0.3454140573
0.0001666667,0.0000654492,0.3453477785,0.3454132277
0.0003333333,0.0002552762,0.3451514750,0.3454067512
0.0005000000,0.0005600410,0.3448285469,0.3453885879
0.0006666667,0.0009707455,0.3443824160,0.3453531615
0.0008333333,0.0014788175,0.3438165201,0.3452953376
0.0010000000,0.0020760956,0.3431343070,0.3452104026
0.0011666667,0.0027548142,0.3423392292,0.3450940435
0.0013333333,0.0035075892,0.3414347391,0.3449423284
0.0015000000,0.0043274038,0.3404242839,0.3447516876
0.0016666667,0.0052075947,0.3393113010,0.3445188957
0.0018333333,0.0061418397,0.3380992142,0.3442410539
0.0020000000,0.0071241437,0.3367914294,0.3439155732
0.0021666667,0.0081488276,0.3353913311,0.3435401586
0.0023333333,0.0092105150,0.3339022784,0.3431127933
0.0025000000,0.0103041214,0.3323276024,0.3426317237
0.0026666667,0.0114248424,0.3306706028,0.3420954452
0.0028333333,0.0125681431,0.3289345451,0.3415026882
0.0030000000,0.0137297470,0.3271226580,0.3408524051
0.0031666667,0.0149056262,0.3252381311,0.3401437573
0.0033333333,0.0160919908,0.3232841125,0.3393761033
0.0035000000,0.0172852799,0.3212637065,0.3385489864
0.0036666667,0.0184821517,0.3191799725,0.3376621242
0.0038333333,0.0196794749,0.3170359223,0.3367153972
0.0040000000,0.0208743193,0.3148345193,0.3357088385
0.0041666667,0.0220639480,0.3125786764,0.3346426244
0.0043333333,0.0232458088,0.3102712556,0.3335170644
0.0045000000,0.0244175261,0.3079150659,0.3323325920
0.0046666667,0.0255768938,0.3055128629,0.3310897567
0.0048333333,0.0267218672,0.3030673477,0.3297892150
0.0050000000,0.0278505563,0.3005811664,0.3284317227
0.0051666667,0.0289612186,0.2980569087,0.3270181273
0.0053333333,0.0300522525,0.2954971085,0.3255493610
0.0055000000,0.0311221908,0.2929042424,0.3240264332
0.0056666667,0.0321696946,0.2902807299,0.3224504245
0.0058333333,0.0331935469,0.2876289329,0.3208224798
0.0060000000,0.0341926471,0.2849511559,0.3191438029
0.0061666667,0.0351660052,0.2822496453,0.3174156506
0.0063333333,0.0361127368,0.2795265901,0.3156393269
0.0065000000,0.0370320570,0.2767841214,0.3138161784
0.0066666667,0.0379232764,0.2740243127,0.3119475891
0.0068333333,0.0387857954,0.2712491801,0.3100349755
0.0070000000,0.0396191000,0.2684606828,0.3080797828
0.0071666667,0.0404227571,0.2656607230,0.3060834801
0.0073333333,0.0411964103,0.2628511466,0.3040475569
0.0075000000,0.0419397757,0.2600337434,0.3019735191
0.0076666667,0.0426526377,0.2572102476,0.2998628853
0.0078333333,0.0433348453,0.2543823385,0.2977171838
0.0080000000,0.0439863085,0.2515516410,0.2955379495
0.0081666667,0.0446069944,0.2487197259,0.2933267203
0.0083333333,0.0451969241,0.2458881109,0.2910850349
0.0085000000,0.0457561692,0.2430582610,0.2888144302
0.0086666667,0.0462848487,0.2402315895,0.2865164382
0.0088333333,0.0467831262,0.2374094583,0.2841925845
0.0090000000,0.0472512064,0.2345931790,0.2818443854
0.0091666667,0.0476893330,0.2317840134,0.2794733464
0.0093333333,0.0480977855,0.2289831747,0.2770809602
0.0095000000,0.0484768770,0.2261918277,0.2746687047
0.0096666667,0.0488269515,0.2234110902,0.2722380417
0.0098333333,0.0491483817,0.2206420335,0.2697904152
0.0100000000,0.0494415667,0.2178856832,0.2673272499
0.0101666667,0.0497069298,0.2151430206,0.2648499505
0.0103333333,0.0499449167,0.2124149829,0.2623598996
0.0105000000,0.0501559931,0.2097024644,0.2598584575
0.0106666667,0.0503406433,0.2070063173,0.2573469606
0.0108333333,0.0504993681,0.2043273530,0.2548267211
0.0110000000,0.0506326833,0.2016663422,0.2522990255
0.0111666667,0.0507411179,0.1990240166,0.2497651344
0.0113333333,0.0508252127,0.1964010692,0.2472262819
0.0115000000,0.0508855188,0.1937981558,0.2446836746
0.0116666667,0.0509225962,0.1912158952,0.2421384914
0.0118333333,0.0509370125,0.1886548708,0.2395918833
0.0120000000,0.0509293416,0.1861156309,0.2370449725
0.0121666667,0.0509001625,0.1835986900,0.2344988525
0.0123333333,0.0508500584,0.1811045295,0.2319545879
0.0125000000,0.0507796151,0.1786335988,0.2294132139
0.0126666667,0.0506894207,0.1761863158,0.2268757364
0.0128333333,0.0505800640,0.1737630680,0.2243431320
0.0130000000,0.0504521341,0.1713642136,0.2218163478
0.0131666667,0.0503062193,0.1689900819,0.2192963012
0.0133333333,0.0501429062,0.1666409744,0.2167838807
0.0135000000,0.0499627794,0.1643171656,0.2142799450
0.0136666667,0.0497664202,0.1620189039,0.2117853241
0.0138333333,0.0495544064,0.1597464121,0.2093008185
0.0140000000,0.0493273115,0.1574998889,0.2068272004
0.0141666667,0.0490857042,0.1552795089,0.2043652130
0.0143333333,0.0488301477,0.1530854238,0.2019155714
0.0145000000,0.0485611995,0.1509177631,0.1994789626
0.0146666667,0.0482794106,0.1487766351,0.1970560457
0.0148333333,0.0479853255,0.1466621271,0.1946474526
0.0150000000,0.0476794811,0.1445743067,0.1922537879
0.0151666667,0.0473624074,0.1425132223,0.1898756296
0.0153333333,0.0470346260,0.1404789035,0.1875135295
0.0155000000,0.0466966506,0.1384713625,0.1851680131
0.0156666667,0.0463489866,0.1364905941,0.1828395807
0.0158333333,0.0459921305,0.1345365768,0.1805287073
0.0160000000,0.0456265700,0.1326092733,0.1782358433
0.0161666667,0.0452527838,0.1307086311,0.1759614149
0.0163333333,0.0448712413,0.1288345833,0.1737058246
0.0165000000,0.0444824025,0.1269870491,0.1714694516
0.0166666667,0.0440867177,0.1251659343,0.1692526520
0.0168333333,0.0436846277,0.1233711322,0.1670557599
0.0170000000,0.0432765636,0.1216025238,0.1648790874
0.0171666667,0.0428629466,0.1198599787,0.1627229253
0.0173333333,0.0424441879,0.1181433555,0.1605875434
0.0175000000,0.0420206890,0.1164525022,0.1584731912
0.0176666667,0.0415928413,0.1147872571,0.1563800985
0.0178333333,0.0411610262,0.1131474490,0.1543084752
0.0180000000,0.0407256153,0.1115328976,0.1522585130
0.0181666667,0.0402869701,0.1099434145,0.1502303846
0.0183333333,0.0398454421,0.1083788030,0.1482242451
0.0185000000,0.0394013732,0.1068388591,0.1462402323
0.0186666667,0.0389550952,0.1053233716,0.1442784668
0.0188333333,0.0385069301,0.1038321230,0.1423390531
0.0190000000,0.0380571904,0.1023648892,0.1404220796
0.0191666667,0.0376061788,0.1009214405,0.1385276193
0.0193333333,0.0371541884,0.0995015418,0.1366557302
0.0195000000,0.0367015029,0.0981049529,0.1348064558
0.0196666667,0.0362483967,0.0967314292,0.1329798259
0.0198333333,0.0357951347,0.0953807215,0.1311758562
0.0200000000,0.0353419730,0.0940525769,0.1293945499
0.0201666667,0.0348891583,0.0927467388,0.1276358972
0.0203333333,0.0344369287,0.0914629475,0.1258998762
0.0205000000,0.0339855132,0.0902009401,0.1241864533
0.0206666667,0.0335351324,0.0889604512,0.1224955837
0.0208333333,0.0330859983,0.0877412132,0.1208272115
0.0210000000,0.0326383145,0.0865429561,0.1191812706
0.0211666667,0.0321922763,0.0853654084,0.1175576847
0.0213333333,0.0317480710,0.0842082970,0.1159563681
0.0215000000,0.0313058780,0.0830713476,0.1143772255
0.0216666667,0.0308658687,0.0819542846,0.1128201533
0.0218333333,0.0304282071,0.0808568319,0.1112850390
0.0220000000,0.0299930494,0.0797787129,0.1097717623
0.0221666667,0.0295605449,0.0787196503,0.1082801952
0.0223333333,0.0291308353,0.0776793670,0.1068102022
0.0225000000,0.0287040554,0.0766575858,0.1053616412
0.0226666667,0.0282803333,0.0756540298,0.1039343631
0.0228333333,0.0278597902,0.0746684225,0.1025282127
0.0230000000,0.0274425407,0.0737004882,0.1011430289
0.0231666667,0.0270286933,0.0727499517,0.0997786450
0.0233333333,0.0266183499,0.0718165390,0.0984348889
0.0235000000,0.0262116065,0.0708999770,0.0971115835
0.0236666667,0.0258085532,0.0699999940,0.0958085472
0.0238333333,0.0254092743,0.0691163195,0.0945255938
0.0240000000,0.0250138484,0.0682486846,0.0932625330
0.0241666667,0.0246223487,0.0673968222,0.0920191708
0.0243333333,0.0242348431,0.0665604666,0.0907953097
0.0245000000,0.0238513944,0.0657393542,0.0895907486
0.0246666667,0.0234720603,0.0649332234,0.0884052837
0.0248333333,0.0230968936,0.0641418145,0.0872387081
0.0250000000,0.0227259424,0.0633648701,0.0860908125
0.0251666667,0.0223592504,0.0626021350,0.0849613854
0.0253333333,0.0219968568,0.0618533563,0.0838502131
0.0255000000,0.0216387963,0.0611182835,0.0827570798
0.0256666667,0.0212850998,0.0603966686,0.0816817684
0.0258333333,0.0209357938,0.0596882662,0.0806240601
0.0260000000,0.0205909014,0.0589928335,0.0795837349
0.0261666667,0.0202504416,0.0583101302,0.0785605718
0.0263333333,0.0199144298,0.0576399190,0.0775543488
0.0265000000,0.0195828782,0.0569819651,0.0765648433
0.0266666667,0.0192557955,0.0563360367,0.0755918321
0.0268333333,0.0189331870,0.0557019047,0.0746350916
0.0270000000,0.0186150551,0.0550793429,0.0736943981
0.0271666667,0.0183013993,0.0544681283,0.0727695276
0.0273333333,0.0179922160,0.0538680404,0.0718602564
0.0275000000,0.0176874990,0.0532788620,0.0709663611
0.0276666667,0.0173872395,0.0527003789,0.0700876184
0.0278333333,0.0170914260,0.0521323796,0.0692238056
0.0280000000,0.0168000447,0.0515746560,0.0683747007
0.0281666667,0.0165130795,0.0510270028,0.0675400824
0.0283333333,0.0162305122,0.0504892180,0.0667197301
0.0285000000,0.0159523222,0.0499611023,0.0659134244
0.0286666667,0.0156784871,0.0494424597,0.0651209468
0.0288333333,0.0154089827,0.0489330974,0.0643420800
0.0290000000,0.0151437827,0.0484328253,0.0635766080
0.0291666667,0.0148828593,0.0479414566,0.0628243159
0.0293333333,0.0146261829,0.0474588076,0.0620849905
0.0295000000,0.0143737226,0.0469846976,0.0613584201
0.0296666667,0.0141254457,0.0465189488,0.0606443945
0.0298333333,0.0138813185,0.0460613865,0.0599427050
0.0300000000,0.0136413056,0.0456118392,0.0592531449
0.0301666667,0.0134053708,0.0451701382,0.0585755090
0.0303333333,0.0131734764,0.0447361179,0.0579095943
0.0305000000,0.0129455838,0.0443096155,0.0572551993
0.0306666667,0.0127216534,0.0438904713,0.0566121248
0.0308333333,0.0125016447,0.0434785286,0.0559801733
0.0310000000,0.0122855162,0.0430736333,0.0553591496
0.0311666667,0.0120732257,0.0426756346,0.0547488604
0.0313333333,0.0118647303,0.0422843842,0.0541491146
0.0315000000,0.0116599864,0.0418997368,0.0535597232
0.0316666667,0.0114589497,0.0415215500,0.0529804996
0.0318333333,0.0112615754,0.0411496838,0.0524112592
0.0320000000,0.0110678183,0.0407840014,0.0518518197
0.0321666667,0.0108776325,0.0404243685,0.0513020011
0.0323333333,0.0106909721,0.0400706536,0.0507616257
0.0325000000,0.0105077905,0.0397227276,0.0502305180
0.0326666667,0.0103280408,0.0393804643,0.0497085051
0.0328333333,0.0101516762,0.0390437400,0.0491954162
0.0330000000,0.0099786493,0.0387124336,0.0486910829
0.0331666667,0.0098089128,0.0383864264,0.0481953392
0.0333333333,0.0096424191,0.0380656024,0.0477080215
0.0335000000,0.0094791206,0.0377498480,0.0472289686
0.0336666667,0.0093189696,0.0374390519,0.0467580215
0.0338333333,0.0091619185,0.0371331053,0.0462950238
0.0340000000,0.0090079196,0.0368319017,0.0458398214
0.0341666667,0.0088569254,0.0365353371,0.0453922625
0.0343333333,0.0087088882,0.0362433096,0.0449521978
0.0345000000,0.0085637608,0.0359557196,0.0445194804
0.0346666667,0.0084214958,0.0356724698,0.0440939656
0.0348333333,0.0082820463,0.0353934649,0.0436755112
0.0350000000,0.0081453653,0.0351186120,0.0432639773
0.0351666667,0.0080114063,0.0348478201,0.0428592264
0.0353333333,0.0078801228,0.0345810003,0.0424611231
0.0355000000,0.0077514687,0.0343180659,0.0420695346
0.0356666667,0.0076253983,0.0340589321,0.0416843304
0.0358333333,0.0075018659,0.0338035160,0.0413053819
0.0360000000,0.0073808265,0.0335517368,0.0409325633
0.0361666667,0.0072622352,0.0333035154,0.0405657507
0.0363333333,0.0071460477,0.0330587748,0.0402048224
0.0365000000,0.0070322197,0.0328174395,0.0398496592
0.0366666667,0.0069207077,0.0325794362,0.0395001439
0.0368333333,0.0068114685,0.0323446931,0.0391561615
0.0370000000,0.0067044591,0.0321131401,0.0388175992
0.0371666667,0.0065996373,0.0318847089,0.0384843462
0.0373333333,0.0064969611,0.0316593329,0.0381562940
0.0375000000,0.0063963890,0.0314369470,0.0378333361
0.0376666667,0.0062978801,0.0312174878,0.0375153680
0.0378333333,0.0062013939,0.0310008934,0.0372022873
0.0380000000,0.0061068903,0.0307871034,0.0368939936
0.0381666667,0.0060143297,0.0305760589,0.0365903887
0.0383333333,0.0059236733,0.0303677026,0.0362913759
0.0385000000,0.0058348825,0.0301619785,0.0359968609
0.0386666667,0.0057479192,0.0299588319,0.0357067511
0.0388333333,0.0056627460,0.0297582098,0.0354209558
0.0390000000,0.0055793260,0.0295600602,0.0351393862
0.0391666667,0.0054976227,0.0293643326,0.0348619553
0.0393333333,0.0054176003,0.0291709777,0.0345885780
0.0395000000,0.0053392233,0.0289799476,0.0343191709
0.0396666667,0.0052624570,0.0287911953,0.0340536523
0.0398333333,0.0051872670,0.0286046754,0.0337919424
0.0400000000,0.0051136196,0.0284203434,0.0335339630
0.0401666667,0.0050414816,0.0282381560,0.0332796376
0.0403333333,0.0049708202,0.0280580710,0.0330288913
0.0405000000,0.0049016035,0.0278800474,0.0327816509
0.0406666667,0.0048337997,0.0277040451,0.0325378447
0.0408333333,0.0047673778,0.0275300250,0.0322974028
0.0410000000,0.0047023072,0.0273579493,0.0320602565
0.0411666667,0.0046385580,0.0271877810,0.0318263390
0.0413333333,0.0045761006,0.0270194839,0.0315955845
0.0415000000,0.0045149062,0.0268530230,0.0313679292
0.0416666667,0.0044549463,0.0266883641,0.0311433104
0.0418333333,0.0043961930,0.0265254739,0.0309216669
0.0420000000,0.0043386189,0.0263643199,0.0307029388
0.0421666667,0.0042821972,0.0262048706,0.0304870678
0.0423333333,0.0042269015,0.0260470952,0.0302739967
0.0425000000,0.0041727059,0.0258909638,0.0300636697
0.0426666667,0.0041195851,0.0257364471,0.0298560322
0.0428333333,0.0040675143,0.0255835167,0.0296510310
0.0430000000,0.0040164691,0.0254321450,0.0294486141
0.0431666667,0.0039664256,0.0252823049,0.0292487306
0.0433333333,0.0039173605,0.0251339703,0.0290513308
0.0435000000,0.0038692508,0.0249871155,0.0288563663
0.0436666667,0.0038220741,0.0248417156,0.0286637898
0.0438333333,0.0037758085,0.0246977464,0.0284735549
0.0440000000,0.0037304324,0.0245551842,0.0282856166
0.0441666667,0.0036859248,0.0244140059,0.0280999307
0.0443333333,0.0036422651,0.0242741892,0.0279164543
0.0445000000,0.0035994332,0.0241357121,0.0277351453
0.0446666667,0.0035574093,0.0239985534,0.0275559626
0.0448333333,0.0035161741,0.0238626922,0.0273788664
0.0450000000,0.0034757089,0.0237281085,0.0272038174
0.0451666667,0.0034359951,0.0235947824,0.0270307775
0.0453333333,0.0033970148,0.0234626947,0.0268597095
0.0455000000,0.0033587503,0.0233318268,0.0266905770
0.0456666667,0.0033211844,0.0232021602,0.0265233447
0.0458333333,0.0032843004,0.0230736773,0.0263579777
0.0460000000,0.0032480818,0.0229463607,0.0261944425
0.0461666667,0.0032125125,0.0228201935,0.0260327060
0.0463333333,0.0031775770,0.0226951591,0.0258727360
0.0465000000,0.0031432598,0.0225712414,0.0257145012
0.0466666667,0.0031095461,0.0224484247,0.0255579708
0.0468333333,0.0030764214,0.0223266938,0.0254031151
0.0470000000,0.0030438713,0.0222060335,0.0252499048
0.0471666667,0.0030118820,0.0220864294,0.0250983114
0.0473333333,0.0029804400,0.0219678672,0.0249483073
0.0475000000,0.0029495321,0.0218503330,0.0247998651
0.0476666667,0.0029191454,0.0217338131,0.0246529586
0.0478333333,0.0028892674,0.0216182944,0.0245075618
0.0480000000,0.0028598857,0.0215037638,0.0243636495
0.0481666667,0.0028309886,0.0213902087,0.0242211973
0.0483333333,0.0028025642,0.0212776167,0.0240801810
0.0485000000,0.0027746014,0.0211659758,0.0239405772
0.0486666667,0.0027470891,0.0210552741,0.0238023631
0.0488333333,0.0027200164,0.0209455000,0.0236655164
0.0490000000,0.0026933729,0.0208366423,0.0235300152
0.0491666667,0.0026671485,0.0207286899,0.0233958383
0.0493333333,0.0026413330,0.0206216319,0.0232629650
0.0495000000,0.0026159170,0.0205154578,0.0231313749
0.0496666667,0.0025908909,0.0204101573,0.0230010482
0.0498333333,0.0025662456,0.0203057202,0.0228719657
0.0500000000,0.0025419720,0.0202021365,0.0227441085
0.0501666667,0.0025180616,0.0200993965,0.0226174581
0.0503333333,0.0024945059,0.0199974907,0.0224919966
0.0505000000,0.0024712965,0.0198964098,0.0223677064
0.0506666667,0.0024484256,0.0197961446,0.0222445702
0.0508333333,0.0024258853,0.0196966861,0.0221225714
0.0510000000,0.0024036680,0.0195980255,0.0220016935
0.0511666667,0.0023817664,0.0195001542,0.0218819206
0.0513333333,0.0023601732,0.0194030638,0.0217632369
0.0515000000,0.0023388815,0.0193067458,0.0216456273
0.0516666667,0.0023178845,0.0192111921,0.0215290766
0.0518333333,0.0022971757,0.0191163948,0.0214135705
0.0520000000,0.0022767485,0.0190223459,0.0212990944
0.0521666667,0.0022565968,0.0189290378,0.0211856346
0.0523333333,0.0022367145,0.0188364627,0.0210731772
0.0525000000,0.0022170957,0.0187446134,0.0209617090
0.0526666667,0.0021977347,0.0186534823,0.0208512170
0.0528333333,0.0021786259,0.0185630623,0.0207416882
0.0530000000,0.0021597639,0.0184733463,0.0206331102
0.0531666667,0.0021411435,0.0183843273,0.0205254708
0.0533333333,0.0021227595,0.0182959985,0.0204187580
0.0535000000,0.0021046071,0.0182083529,0.0203129600
0.0536666667,0.0020866813,0.0181213841,0.0202080654
0.0538333333,0.0020689775,0.0180350854,0.0201040629
0.0540000000,0.0020514912,0.0179494503,0.0200009415
0.0541666667,0.0020342179,0.0178644726,0.0198986905
0.0543333333,0.0020171533,0.0177801458,0.0197972991
0.0545000000,0.0020002934,0.0176964638,0.0196967572
0.0546666667,0.0019836339,0.0176134206,0.0195970545
0.0548333333,0.0019671710,0.0175310100,0.0194981811
0.0550000000,0.0019509010,0.0174492262,0.0194001272
0.0551666667,0.0019348199,0.0173680633,0.0193028832
0.0553333333,0.0019189244,0.0172875155,0.0192064398
0.0555000000,0.0019032108,0.0172075771,0.0191107878
0.0556666667,0.0018876757,0.0171282424,0.0190159182
0.0558333333,0.0018723159,0.0170495060,0.0189218219
0.0560000000,0.0018571282,0.0169713623,0.0188284905
0.0561666667,0.0018421094,0.0168938058,0.0187359152
0.0563333333,0.0018272565,0.0168168313,0.0186440878
0.0565000000,0.0018125666,0.0167404334,0.0185530000
0.0566666667,0.0017980368,0.0166646068,0.0184626437
0.0568333333,0.0017836644,0.0165893465,0.0183730109
0.0570000000,0.0017694465,0.0165146472,0.0182840938
0.0571666667,0.0017553808,0.0164405040,0.0181958847
0.0573333333,0.0017414645,0.0163669117,0.0181083762
0.0575000000,0.0017276951,0.0162938656,0.0180215607
0.0576666667,0.0017140704,0.0162213605,0.0179354310
0.0578333333,0.0017005880,0.0161493918,0.0178499798
0.0580000000,0.0016872456,0.0160779546,0.0177652001
0.0581666667,0.0016740409,0.0160070441,0.0176810850
0.0583333333,0.0016609719,0.0159366557,0.0175976276
0.0585000000,0.0016480364,0.0158667846,0.0175148211
0.0586666667,0.0016352325,0.0157974264,0.0174326589
0.0588333333,0.0016225581,0.0157285764,0.0173511345
0.0590000000,0.0016100113,0.0156602300,0.0172702414
0.0591666667,0.0015975903,0.0155923830,0.0171899733
0.0593333333,0.0015852932,0.0155250307,0.0171103239
0.0595000000,0.0015731183,0.0154581688,0.0170312871
0.0596666667,0.0015610638,0.0153917930,0.0169528567
0.0598333333,0.0015491281,0.0153258989,0.0168750269
0.0600000000,0.0015373095,0.0152604822,0.0167977917
0.0601666667,0.0015256064,0.0151955388,0.0167211452
0.0603333333,0.0015140173,0.0151310645,0.0166450818
0.0605000000,0.0015025407,0.0150670550,0.0165695957
0.0606666667,0.0014911750,0.0150035063,0.0164946813
0.0608333333,0.0014799190,0.0149404143,0.0164203332
0.0610000000,0.0014687710,0.0148777748,0.0163465459
0.0611666667,0.0014577299,0.0148155840,0.0162733139
0.0613333333,0.0014467942,0.0147538379,0.0162006321
0.0615000000,0.0014359627,0.0146925324,0.0161284951
0.0616666667,0.0014252340,0.0146316637,0.0160568977
0.0618333333,0.0014146070,0.0145712278,0.0159858348
0.0620000000,0.0014040804,0.0145112210,0.0159153015
0.0621666667,0.0013936531,0.0144516395,0.0158452926
0.0623333333,0.0013833238,0.0143924794,0.0157758032
0.0625000000,0.0013730915,0.0143337370,0.0157068285
0.0626666667,0.0013629550,0.0142754086,0.0156383636
0.0628333333,0.0013529133,0.0142174904,0.0155704037
0.0630000000,0.0013429653,0.0141599789,0.0155029442
0.0631666667,0.0013331099,0.0141028704,0.0154359803
0.0633333333,0.0013233462,0.0140461614,0.0153695075
0.0635000000,0.0013136731,0.0139898481,0.0153035212
0.0636666667,0.0013040897,0.0139339272,0.0152380169
0.0638333333,0.0012945950,0.0138783950,0.0151729901
0.0640000000,0.0012851881,0.0138232482,0.0151084363
0.0641666667,0.0012758681,0.0137684832,0.0150443513
0.0643333333,0.0012666340,0.0137140967,0.0149807307
0.0645000000,0.0012574850,0.0136600852,0.0149175702
0.0646666667,0.0012484202,0.0136064454,0.0148548656
0.0648333333,0.0012394387,0.0135531739,0.0147926126
0.0650000000,0.0012305398,0.0135002674,0.0147308072
0.0651666667,0.0012217225,0.0134477227,0.0146694452
0.0653333333,0.0012129861,0.0133955364,0.0146085225
0.0655000000,0.0012043298,0.0133437054,0.0145480352
0.0656666667,0.0011957527,0.0132922265,0.0144879792
0.0658333333,0.0011872542,0.0132410964,0.0144283506
0.0660000000,0.0011788334,0.0131903120,0.0143691454
0.0661666667,0.0011704897,0.0131398702,0.0143103599
0.0663333333,0.0011622222,0.0130897679,0.0142519901
0.0665000000,0.0011540302,0.0130400021,0.0141940323
0.0666666667,0.0011459131,0.0129905696,0.0141364827
0.0668333333,0.0011378701,0.0129414674,0.0140793375
0.0670000000,0.0011299005,0.0128926926,0.0140225931
0.0671666667,0.0011220037,0.0128442422,0.0139662459
0.0673333333,0.0011141789,0.0127961132,0.0139102921
0.0675000000,0.0011064255,0.0127483027,0.0138547282
0.0676666667,0.0010987428,0.0127008079,0.0137995507
0.0678333333,0.0010911303,0.0126536257,0.0137447560
0.0680000000,0.0010835871,0.0126067535,0.0136903406
0.0681666667,0.0010761127,0.0125601884,0.0136363011
0.0683333333,0.0010687065,0.0125139276,0.0135826341
0.0685000000,0.0010613679,0.0124679682,0.0135293361
0.0686666667,0.0010540961,0.0124223076,0.0134764038
0.0688333333,0.0010468907,0.0123769431,0.0134238338
0.0690000000,0.0010397510,0.0123318718,0.0133716228
0.0691666667,0.0010326764,0.0122870913,0.0133197677
0.0693333333,0.0010256663,0.0122425987,0.0132682650
0.0695000000,0.0010187202,0.0121983915,0.0132171117
0.0696666667,0.0010118374,0.0121544670,0.0131663045
0.0698333333,0.0010050175,0.0121108227,0.0131158402
0.0700000000,0.0009982597,0.0120674560,0.0130657158
0.0701666667,0.0009915637,0.0120243644,0.0130159281
0.0703333333,0.0009849287,0.0119815454,0.0129664741
0.0705000000,0.0009783543,0.0119389964,0.0129173506
0.0706666667,0.0009718399,0.0118967150,0.0128685548
0.0708333333,0.0009653849,0.0118546987,0.0128200836
0.0710000000,0.0009589889,0.0118129452,0.0127719341
0.0711666667,0.0009526513,0.0117714519,0.0127241032
0.0713333333,0.0009463715,0.0117302166,0.0126765881
0.0715000000,0.0009401491,0.0116892369,0.0126293860
0.0716666667,0.0009339836,0.0116485104,0.0125824939
0.0718333333,0.0009278743,0.0116080348,0.0125359091
0.0720000000,0.0009218208,0.0115678078,0.0124896286
0.0721666667,0.0009158227,0.0115278272,0.0124436498
0.0723333333,0.0009098793,0.0114880906,0.0123979699
0.0725000000,0.0009039902,0.0114485959,0.0123525861
0.0726666667,0.0008981549,0.0114093409,0.0123074958
0.0728333333,0.0008923729,0.0113703233,0.0122626963
0.0730000000,0.0008866438,0.0113315410,0.0122181848
0.0731666667,0.0008809670,0.0112929919,0.0121739589
0.0733333333,0.0008753420,0.0112546738,0.0121300158
0.0735000000,0.0008697684,0.0112165846,0.0120863530
0.0736666667,0.0008642457,0.0111787222,0.0120429679
0.0738333333,0.0008587735,0.0111410845,0.0119998580
0.0740000000,0.0008533512,0.0111036696,0.0119570208
0.0741666667,0.0008479785,0.0110664753,0.0119144538
0.0743333333,0.0008426548,0.0110294997,0.0118721545
0.0745000000,0.0008373796,0.0109927408,0.0118301204
0.0746666667,0.0008321527,0.0109561966,0.0117883492
0.0748333333,0.0008269734,0.0109198651,0.0117468385
0.0750000000,0.0008218414,0.0108837445,0.0117055859
0.0751666667,0.0008167561,0.0108478328,0.0116645890
0.0753333333,0.0008117173,0.0108121282,0.0116238455
0.0755000000,0.0008067243,0.0107766287,0.0115833530
0.0756666667,0.0008017769,0.0107413325,0.0115431094
0.0758333333,0.0007968746,0.0107062377,0.0115031123
0.0760000000,0.0007920168,0.0106713426,0.0114633594
0.0761666667,0.0007872033,0.0106366453,0.0114238487
0.0763333333,0.0007824336,0.0106021441,0.0113845778
0.0765000000,0.0007777073,0.0105678372,0.0113455445
0.0766666667,0.0007730239,0.0105337229,0.0113067468
0.0768333333,0.0007683831,0.0104997993,0.0112681824
0.0770000000,0.0007637845,0.0104660649,0.0112298493
0.0771666667,0.0007592275,0.0104325178,0.0111917454
0.0773333333,0.0007547120,0.0103991565,0.0111538685
0.0775000000,0.0007502373,0.0103659793,0.0111162166
0.0776666667,0.0007458032,0.0103329845,0.0110787877
0.0778333333,0.0007414093,0.0103001705,0.0110415798
0.0780000000,0.0007370551,0.0102675357,0.0110045908
0.0781666667,0.0007327403,0.0102350785,0.0109678188
0.0783333333,0.0007284644,0.0102027973,0.0109312617
0.0785000000,0.0007242272,0.0101706906,0.0108949178
0.0786666667,0.0007200282,0.0101387568,0.0108587850
0.0788333333,0.0007158671,0.0101069943,0.0108228615
0.0790000000,0.0007117435,0.0100754018,0.0107871453
0.0791666667,0.0007076569,0.0100439776,0.0107516346
0.0793333333,0.0007036072,0.0100127203,0.0107163275
0.0795000000,0.0006995938,0.0099816285,0.0106812222
0.0796666667,0.0006956164,0.0099507006,0.0106463169
0.0798333333,0.0006916747,0.0099199352,0.0106116099
0.0800000000,0.0006877683,0.0098893310,0.0105770992
0.0801666667,0.0006838968,0.0098588865,0.0105427833
0.0803333333,0.0006800600,0.0098286002,0.0105086602
0.0805000000,0.0006762574,0.0097984710,0.0104747284
0.0806666667,0.0006724887,0.0097684973,0.0104409860
0.0808333333,0.0006687537,0.0097386778,0.0104074314
0.0810000000,0.0006650518,0.0097090112,0.0103740630
0.0811666667,0.0006613829,0.0096794962,0.0103408791
0.0813333333,0.0006577465,0.0096501314,0.0103078780
0.0815000000,0.0006541424,0.0096209156,0.0102750581
0.0816666667,0.0006505702,0.0095918476,0.0102424178
0.0818333333,0.0006470296,0.0095629259,0.0102099555
0.0820000000,0.0006435203,0.0095341494,0.0101776697
0.0821666667,0.0006400419,0.0095055168,0.0101455588
0.0823333333,0.0006365942,0.0094770269,0.0101136212
0.0825000000,0.0006331768,0.0094486786,0.0100818554
0.0826666667,0.0006297894,0.0094204705,0.0100502599
0.0828333333,0.0006264318,0.0093924015,0.0100188333
0.0830000000,0.0006231035,0.0093644705,0.0099875739
0.0831666667,0.0006198043,0.0093366762,0.0099564805
0.0833333333,0.0006165340,0.0093090175,0.0099255515
0.0835000000,0.0006132921,0.0092814933,0.0098947854
0.0836666667,0.0006100785,0.0092541024,0.0098641809
0.0838333333,0.0006068928,0.0092268438,0.0098337366
0.0840000000,0.0006037347,0.0091997163,0.0098034510
0.0841666667,0.0006006040,0.0091727188,0.0097733229
0.0843333333,0.0005975004,0.0091458503,0.0097433507
0.0845000000,0.0005944235,0.0091191097,0.0097135333
0.0846666667,0.0005913732,0.0090924959,0.0096838692
0.0848333333,0.0005883491,0.0090660080,0.0096543571
0.0850000000,0.0005853510,0.0090396447,0.0096249957
0.0851666667,0.0005823785,0.0090134052,0.0095957838
0.0853333333,0.0005794315,0.0089872884,0.0095667200
0.0855000000,0.0005765097,0.0089612933,0.0095378030
0.0856666667,0.0005736127,0.0089354190,0.0095090317
0.0858333333,0.0005707404,0.0089096644,0.0094804048
0.0860000000,0.0005678925,0.0088840286,0.0094519211
0.0861666667,0.0005650688,0.0088585105,0.0094235793
0.0863333333,0.0005622688,0.0088331094,0.0093953782
0.0865000000,0.0005594926,0.0088078241,0.0093673167
0.0866666667,0.0005567397,0.0087826539,0.0093393936
0.0868333333,0.0005540099,0.0087575977,0.0093116077
0.0870000000,0.0005513031,0.0087326547,0.0092839578
0.0871666667,0.0005486189,0.0087078240,0.0092564428
0.0873333333,0.0005459571,0.0086831046,0.0092290617
0.0875000000,0.0005433175,0.0086584957,0.0092018132
0.0876666667,0.0005406999,0.0086339964,0.0091746963
0.0878333333,0.0005381040,0.0086096059,0.0091477099
0.0880000000,0.0005355296,0.0085853233,0.0091208528
0.0881666667,0.0005329764,0.0085611477,0.0090941241
0.0883333333,0.0005304443,0.0085370783,0.0090675226
0.0885000000,0.0005279330,0.0085131144,0.0090410474
0.0886666667,0.0005254423,0.0084892550,0.0090146973
0.0888333333,0.0005229721,0.0084654993,0.0089884714
0.0890000000,0.0005205220,0.0084418467,0.0089623686
0.0891666667,0.0005180918,0.0084182961,0.0089363880
0.0893333333,0.0005156814,0.0083948470,0.0089105285
0.0895000000,0.0005132906,0.0083714985,0.0088847891
0.0896666667,0.0005109191,0.0083482498,0.0088591689
0.0898333333,0.0005085668,0.0083251002,0.0088336670
0.0900000000,0.0005062334,0.0083020489,0.0088082823
0.0901666667,0.0005039187,0.0082790952,0.0087830139
0.0903333333,0.0005016226,0.0082562383,0.0087578609
0.0905000000,0.0004993448,0.0082334776,0.0087328224
0.0906666667,0.0004970852,0.0082108122,0.0087078974
0.0908333333,0.0004948435,0.0081882415,0.0086830851
0.0910000000,0.0004926196,0.0081657648,0.0086583845
0.0911666667,0.0004904134,0.0081433814,0.0086337947
0.0913333333,0.0004882245,0.0081210905,0.0086093150
0.0915000000,0.0004860528,0.0080988915,0.0085849444
0.0916666667,0.0004838982,0.0080767838,0.0085606820
0.0918333333,0.0004817605,0.0080547666,0.0085365271
0.0920000000,0.0004796395,0.0080328393,0.0085124787
0.0921666667,0.0004775349,0.0080110012,0.0084885361
0.0923333333,0.0004754468,0.0079892517,0.0084646984
0.0925000000,0.0004733748,0.0079675901,0.0084409648
0.0926666667,0.0004713188,0.0079460158,0.0084173345
0.0928333333,0.0004692786,0.0079245282,0.0083938068
0.0930000000,0.0004672541,0.0079031266,0.0083703807
0.0931666667,0.0004652451,0.0078818104,0.0083470555
0.0933333333,0.0004632515,0.0078605791,0.0083238306
0.0935000000,0.0004612730,0.0078394320,0.0083007050
0.0936666667,0.0004593096,0.0078183684,0.0082776781
0.0938333333,0.0004573611,0.0077973879,0.0082547490
0.0940000000,0.0004554272,0.0077764899,0.0082319171
0.0941666667,0.0004535080,0.0077556736,0.0082091816
0.0943333333,0.0004516032,0.0077349387,0.0081865419
0.0945000000,0.0004497126,0.0077142845,0.0081639970
0.0946666667,0.0004478361,0.0076937104,0.0081415465
0.0948333333,0.0004459736,0.0076732159,0.0081191895
0.0950000000,0.0004441250,0.0076528004,0.0080969254
0.0951666667,0.0004422900,0.0076324634,0.0080747535
0.0953333333,0.0004404686,0.0076122044,0.0080526730
0.0955000000,0.0004386606,0.0075920228,0.0080306834
0.0956666667,0.0004368659,0.0075719181,0.0080087839
0.0958333333,0.0004350842,0.0075518897,0.0079869739
0.0960000000,0.0004333156,0.0075319372,0.0079652528
0.0961666667,0.0004315599,0.0075120600,0.0079436198
0.0963333333,0.0004298168,0.0074922576,0.0079220744
0.0965000000,0.0004280864,0.0074725295,0.0079006159
0.0966666667,0.0004263685,0.0074528752,0.0078792437
0.0968333333,0.0004246629,0.0074332943,0.0078579572
0.0970000000,0.0004229695,0.0074137862,0.0078367557
0.0971666667,0.0004212882,0.0073943505,0.0078156387
0.0973333333,0.0004196189,0.0073749866,0.0077946055
0.0975000000,0.0004179614,0.0073556941,0.0077736555
0.0976666667,0.0004163157,0.0073364725,0.0077527882
0.0978333333,0.0004146815,0.0073173214,0.0077320030
0.0980000000,0.0004130589,0.0072982403,0.0077112992
0.0981666667,0.0004114476,0.0072792288,0.0076906764
0.0983333333,0.0004098476,0.0072602863,0.0076701339
0.0985000000,0.0004082588,0.0072414125,0.0076496712
0.0986666667,0.0004066810,0.0072226068,0.0076292878
0.0988333333,0.0004051141,0.0072038690,0.0076089830
0.0990000000,0.0004035580,0.0071851984,0.0075887564
0.0991666667,0.0004020126,0.0071665948,0.0075686074
0.0993333333,0.0004004779,0.0071480576,0.0075485355
0.0995000000,0.0003989536,0.0071295865,0.0075285401
0.0996666667,0.0003974397,0.0071111810,0.0075086207
0.0998333333,0.0003959361,0.0070928407,0.0074887768
0.1000000000,0.0003944426,0.0070745653,0.0074690079
0.1001666667,0.0003929593,0.0070563542,0.0074493135
0.1003333333,0.0003914859,0.0070382071,0.0074296931
0.1005000000,0.0003900225,0.0070201237,0.0074101461
0.1006666667,0.0003885687,0.0070021034,0.0073906722
0.1008333333,0.0003871247,0.0069841460,0.0073712707
0.1010000000,0.0003856903,0.0069662510,0.0073519413
0.1011666667,0.0003842654,0.0069484180,0.0073326834
0.1013333333,0.0003828499,0.0069306468,0.0073134966
0.1015000000,0.0003814436,0.0069129368,0.0072943804
0.1016666667,0.0003800466,0.0068952877,0.0072753343
0.1018333333,0.0003786588,0.0068776992,0.0072563579
0.1020000000,0.0003772799,0.0068601708,0.0072374508
0.1021666667,0.0003759101,0.0068427023,0.0072186124
0.1023333333,0.0003745490,0.0068252933,0.0071998423
0.1025000000,0.0003731968,0.0068079433,0.0071811401
0.1026666667,0.0003718533,0.0067906521,0.0071625054
0.1028333333,0.0003705183,0.0067734194,0.0071439377
0.1030000000,0.0003691919,0.0067562446,0.0071254365
0.1031666667,0.0003678739,0.0067391277,0.0071070016
0.1033333333,0.0003665643,0.0067220681,0.0070886324
0.1035000000,0.0003652630,0.0067050655,0.0070703285
0.1036666667,0.0003639698,0.0066881197,0.0070520895
0.1038333333,0.0003626848,0.0066712302,0.0070339150
0.1040000000,0.0003614078,0.0066543968,0.0070158046
0.1041666667,0.0003601388,0.0066376191,0.0069977579
0.1043333333,0.0003588777,0.0066208969,0.0069797746
0.1045000000,0.0003576244,0.0066042297,0.0069618541
0.1046666667,0.0003563788,0.0065876173,0.0069439962
0.1048333333,0.0003551409,0.0065710594,0.0069262004
0.1050000000,0.0003539106,0.0065545557,0.0069084663
0.1051666667,0.0003526878,0.0065381058,0.0068907936
0.1053333333,0.0003514725,0.0065217094,0.0068731819
0.1055000000,0.0003502645,0.0065053663,0.0068556309
0.1056666667,0.0003490639,0.0064890762,0.0068381401
0.1058333333,0.0003478705,0.0064728387,0.0068207092
0.1060000000,0.0003466842,0.0064566536,0.0068033378
0.1061666667,0.0003455051,0.0064405205,0.0067860257
0.1063333333,0.0003443330,0.0064244393,0.0067687723
0.1065000000,0.0003431679,0.0064084095,0.0067515774
0.1066666667,0.0003420097,0.0063924310,0.0067344407
0.1068333333,0.0003408583,0.0063765033,0.0067173617
0.1070000000,0.0003397138,0.0063606264,0.0067003402
0.1071666667,0.0003385759,0.0063447998,0.0066833757
0.1073333333,0.0003374447,0.0063290234,0.0066664681
0.1075000000,0.0003363201,0.0063132968,0.0066496168
0.1076666667,0.0003352020,0.0062976197,0.0066328217
0.1078333333,0.0003340904,0.0062819920,0.0066160824
0.1080000000,0.0003329852,0.0062664133,0.0065993985
0.1081666667,0.0003318864,0.0062508834,0.0065827698
0.1083333333,0.0003307938,0.0062354021,0.0065661959
0.1085000000,0.0003297075,0.0062199690,0.0065496765
0.1086666667,0.0003286274,0.0062045839,0.0065332113
0.1088333333,0.0003275534,0.0061892466,0.0065168000
0.1090000000,0.0003264855,0.0061739568,0.0065004423
0.1091666667,0.0003254236,0.0061587142,0.0064841378
0.1093333333,0.0003243676,0.0061435187,0.0064678864
0.1095000000,0.0003233176,0.0061283700,0.0064516876
0.1096666667,0.0003222734,0.0061132678,0.0064355412
0.1098333333,0.0003212351,0.0060982119,0.0064194470
0.1100000000,0.0003202024,0.0060832021,0.0064034045
0.1101666667,0.0003191755,0.0060682381,0.0063874136
0.1103333333,0.0003181542,0.0060533197,0.0063714739
0.1105000000,0.0003171385,0.0060384466,0.0063555851
0.1106666667,0.0003161284,0.0060236187,0.0063397471
0.1108333333,0.0003151237,0.0060088357,0.0063239594
0.1110000000,0.0003141245,0.0059940974,0.0063082219
0.1111666667,0.0003131307,0.0059794035,0.0062925342
0.1113333333,0.0003121423,0.0059647538,0.0062768962
0.1115000000,0.0003111592,0.0059501482,0.0062613074
0.1116666667,0.0003101813,0.0059355864,0.0062457677
0.1118333333,0.0003092086,0.0059210682,0.0062302768
0.1120000000,0.0003082412,0.0059065933,0.0062148345
0.1121666667,0.0003072788,0.0058921616,0.0061994404
0.1123333333,0.0003063215,0.0058777728,0.0061840943
0.1125000000,0.0003053692,0.0058634268,0.0061687960
0.1126666667,0.0003044220,0.0058491233,0.0061535453
0.1128333333,0.0003034797,0.0058348621,0.0061383418
0.1130000000,0.0003025422,0.0058206431,0.0061231853
0.1131666667,0.0003016097,0.0058064659,0.0061080756
0.1133333333,0.0003006820,0.0057923305,0.0060930124
0.1135000000,0.0002997590,0.0057782366,0.0060779956
0.1136666667,0.0002988408,0.0057641840,0.0060630248
0.1138333333,0.0002979273,0.0057501725,0.0060480998
0.1140000000,0.0002970184,0.0057362020,0.0060332204
0.1141666667,0.0002961142,0.0057222722,0.0060183864
0.1143333333,0.0002952145,0.0057083830,0.0060035975
0.1145000000,0.0002943194,0.0056945341,0.0059888535
0.1146666667,0.0002934287,0.0056807254,0.0059741541
0.1148333333,0.0002925426,0.0056669567,0.0059594993
0.1150000000,0.0002916609,0.0056532277,0.0059448886
0.1151666667,0.0002907835,0.0056395384,0.0059303219
0.1153333333,0.0002899105,0.0056258885,0.0059157991
0.1155000000,0.0002890418,0.0056122779,0.0059013198
0.1156666667,0.0002881774,0.0055987064,0.0058868838
0.1158333333,0.0002873173,0.0055851737,0.0058724910
0.1160000000,0.0002864613,0.0055716798,0.0058581411
0.1161666667,0.0002856096,0.0055582244,0.0058438340
0.1163333333,0.0002847619,0.0055448074,0.0058295693
0.1165000000,0.0002839184,0.0055314286,0.0058153470
0.1166666667,0.0002830790,0.0055180878,0.0058011667
0.1168333333,0.0002822435,0.0055047848,0.0057870284
0.1170000000,0.0002814121,0.0054915196,0.0057729317
0.1171666667,0.0002805847,0.0054782919,0.0057588766
0.1173333333,0.0002797612,0.0054651015,0.0057448627
0.1175000000,0.0002789416,0.0054519484,0.0057308900
0.1176666667,0.0002781259,0.0054388322,0.0057169581
0.1178333333,0.0002773140,0.0054257530,0.0057030670
0.1180000000,0.0002765060,0.0054127104,0.0056892164
0.1181666667,0.0002757017,0.0053997044,0.0056754061
0.1183333333,0.0002749012,0.0053867348,0.0056616360
0.1185000000,0.0002741044,0.0053738014,0.0056479058
0.1186666667,0.0002733113,0.0053609041,0.0056342154
0.1188333333,0.0002725218,0.0053480427,0.0056205645
0.1190000000,0.0002717360,0.0053352171,0.0056069531
0.1191666667,0.0002709538,0.0053224271,0.0055933809
0.1193333333,0.0002701752,0.0053096726,0.0055798478
0.1195000000,0.0002694001,0.0052969534,0.0055663535
0.1196666667,0.0002686285,0.0052842694,0.0055528979
0.1198333333,0.0002678605,0.0052716203,0.0055394808
0.1200000000,0.0002670959,0.0052590062,0.0055261021
0.1201666667,0.0002663347,0.0052464268,0.0055127615
0.1203333333,0.0002655770,0.0052338819,0.0054994589
0.1205000000,0.0002648226,0.0052213715,0.0054861941
0.1206666667,0.0002640716,0.0052088954,0.0054729670
0.1208333333,0.0002633239,0.0051964535,0.0054597774
0.1210000000,0.0002625796,0.0051840455,0.0054466251
0.1211666667,0.0002618385,0.0051716715,0.0054335100
0.1213333333,0.0002611007,0.0051593312,0.0054204318
0.1215000000,0.0002603661,0.0051470244,0.0054073905
0.1216666667,0.0002596347,0.0051347512,0.0053943859
0.1218333333,0.0002589065,0.0051225112,0.0053814177
0.1220000000,0.0002581814,0.0051103045,0.0053684859
0.1221666667,0.0002574595,0.0050981308,0.0053555903
0.1223333333,0.0002567407,0.0050859901,0.0053427308
0.1225000000,0.0002560250,0.0050738821,0.0053299071
0.1226666667,0.0002553123,0.0050618068,0.0053171192
0.1228333333,0.0002546027,0.0050497641,0.0053043668
0.1230000000,0.0002538961,0.0050377537,0.0052916499
0.1231666667,0.0002531925,0.0050257756,0.0052789682
0.1233333333,0.0002524919,0.0050138297,0.0052663216
0.1235000000,0.0002517942,0.0050019158,0.0052537101
0.1236666667,0.0002510995,0.0049900338,0.0052411333
0.1238333333,0.0002504077,0.0049781836,0.0052285913
0.1240000000,0.0002497187,0.0049663650,0.0052160837
0.1241666667,0.0002490326,0.0049545780,0.0052036106
0.1243333333,0.0002483494,0.0049428224,0.0051911717
0.1245000000,0.0002476690,0.0049310980,0.0051787670
0.1246666667,0.0002469914,0.0049194048,0.0051663962
0.1248333333,0.0002463165,0.0049077427,0.0051540592
0.1250000000,0.0002456444,0.0048961115,0.0051417559
0.1251666667,0.0002449751,0.0048845111,0.0051294862
0.1253333333,0.0002443085,0.0048729414,0.0051172499
0.1255000000,0.0002436446,0.0048614023,0.0051050469
0.1256666667,0.0002429834,0.0048498936,0.0050928770
0.1258333333,0.0002423248,0.0048384153,0.0050807401
0.1260000000,0.0002416689,0.0048269672,0.0050686361
0.1261666667,0.0002410156,0.0048155492,0.0050565648
0.1263333333,0.0002403649,0.0048041613,0.0050445262
0.1265000000,0.0002397169,0.0047928032,0.0050325201
0.1266666667,0.0002390713,0.0047814749,0.0050205463
0.1268333333,0.0002384284,0.0047701763,0.0050086047
0.1270000000,0.0002377879,0.0047589073,0.0049966952
0.1271666667,0.0002371500,0.0047476677,0.0049848178
0.1273333333,0.0002365146,0.0047364575,0.0049729721
0.1275000000,0.0002358817,0.0047252765,0.0049611582
0.1276666667,0.0002352512,0.0047141247,0.0049493759
0.1278333333,0.0002346232,0.0047030018,0.0049376250
0.1280000000,0.0002339976,0.0046919079,0.0049259056
0.1281666667,0.0002333744,0.0046808429,0.0049142173
0.1283333333,0.0002327537,0.0046698065,0.0049025602
0.1285000000,0.0002321353,0.0046587988,0.0048909340
0.1286666667,0.0002315193,0.0046478195,0.0048793388
0.1288333333,0.0002309056,0.0046368687,0.0048677743
0.1290000000,0.0002302942,0.0046259462,0.0048562404
0.1291666667,0.0002296852,0.0046150518,0.0048447371
0.1293333333,0.0002290785,0.0046041856,0.0048332641
0.1295000000,0.0002284741,0.0045933474,0.0048218215
0.1296666667,0.0002278719,0.0045825371,0.0048104090
0.1298333333,0.0002272720,0.0045717546,0.0047990266
0.1300000000,0.0002266743,0.0045609999,0.0047876742
0.1301666667,0.0002260789,0.0045502727,0.0047763516
0.1303333333,0.0002254856,0.0045395731,0.0047650587
0.1305000000,0.0002248946,0.0045289008,0.0047537955
0.1306666667,0.0002243058,0.0045182559,0.0047425617
0.1308333333,0.0002237191,0.0045076383,0.0047313574
0.1310000000,0.0002231346,0.0044970478,0.0047201823
0.1311666667,0.0002225522,0.0044864843,0.0047090365
0.1313333333,0.0002219719,0.0044759478,0.0046979197
0.1315000000,0.0002213938,0.0044654381,0.0046868319
0.1316666667,0.0002208177,0.0044549552,0.0046757730
0.1318333333,0.0002202438,0.0044444990,0.0046647428
0.1320000000,0.0002196719,0.0044340694,0.0046537413
0.1321666667,0.0002191020,0.0044236663,0.0046427683
0.1323333333,0.0002185343,0.0044132895,0.0046318238
0.1325000000,0.0002179685,0.0044029391,0.0046209076
0.1326666667,0.0002174048,0.0043926150,0.0046100197
0.1328333333,0.0002168430,0.0043823169,0.0045991600
0.1330000000,0.0002162833,0.0043720450,0.0045883283
0.1331666667,0.0002157256,0.0043617990,0.0045775245
0.1333333333,0.0002151698,0.0043515788,0.0045667486
0.1335000000,0.0002146160,0.0043413845,0.0045560005
0.1336666667,0.0002140641,0.0043312159,0.0045452800
0.1338333333,0.0002135141,0.0043210729,0.0045345870
0.1340000000,0.0002129661,0.0043109554,0.0045239216
0.1341666667,0.0002124200,0.0043008634,0.0045132834
0.1343333333,0.0002118758,0.0042907968,0.0045026726
0.1345000000,0.0002113335,0.0042807555,0.0044920889
0.1346666667,0.0002107930,0.0042707393,0.0044815323
0.1348333333,0.0002102544,0.0042607483,0.0044710027
0.1350000000,0.0002097177,0.0042507824,0.0044605000
0.1351666667,0.0002091828,0.0042408413,0.0044500241
0.1353333333,0.0002086497,0.0042309252,0.0044395749
0.1355000000,0.0002081185,0.0042210339,0.0044291524
0.1356666667,0.0002075890,0.0042111673,0.0044187563
0.1358333333,0.0002070614,0.0042013253,0.0044083867
0.1360000000,0.0002065355,0.0041915079,0.0043980435
0.1361666667,0.0002060115,0.0041817150,0.0043877265
0.1363333333,0.0002054891,0.0041719465,0.0043774357
0.1365000000,0.0002049686,0.0041622023,0.0043671709
0.1366666667,0.0002044498,0.0041524824,0.0043569322
0.1368333333,0.0002039327,0.0041427866,0.0043467193
0.1370000000,0.0002034173,0.0041331150,0.0043365323
0.1371666667,0.0002029037,0.0041234673,0.0043263710
0.1373333333,0.0002023917,0.0041138437,0.0043162354
0.1375000000,0.0002018815,0.0041042438,0.0043061253
0.1376666667,0.0002013729,0.0040946678,0.0042960407
0.1378333333,0.0002008661,0.0040851155,0.0042859816
0.1380000000,0.0002003608,0.0040755868,0.0042759477
0.1381666667,0.0001998573,0.0040660818,0.0042659390
0.1383333333,0.0001993554,0.0040566002,0.0042559555
0.1385000000,0.0001988551,0.0040471420,0.0042459971
0.1386666667,0.0001983564,0.0040377072,0.0042360637
0.1388333333,0.0001978594,0.0040282957,0.0042261551
0.1390000000,0.0001973640,0.0040189074,0.0042162714
0.1391666667,0.0001968702,0.0040095422,0.0042064124
0.1393333333,0.0001963780,0.0040002001,0.0041965781
0.1395000000,0.0001958873,0.0039908810,0.0041867683
0.1396666667,0.0001953982,0.0039815849,0.0041769831
0.1398333333,0.0001949107,0.0039723115,0.0041672223
0.1400000000,0.0001944248,0.0039630610,0.0041574858
0.1401666667,0.0001939404,0.0039538332,0.0041477736
0.1403333333,0.0001934576,0.0039446280,0.0041380856
0.1405000000,0.0001929762,0.0039354455,0.0041284217
0.1406666667,0.0001924964,0.0039262854,0.0041187819
0.1408333333,0.0001920182,0.0039171478,0.0041091660
0.1410000000,0.0001915414,0.0039080326,0.0040995739
0.1411666667,0.0001910661,0.0038989396,0.0040900057
0.1413333333,0.0001905923,0.0038898689,0.0040804613
0.1415000000,0.0001901200,0.0038808204,0.0040709405
0.1416666667,0.0001896492,0.0038717940,0.0040614433
0.1418333333,0.0001891799,0.0038627897,0.0040519696
0.1420000000,0.0001887120,0.0038538073,0.0040425193
0.1421666667,0.0001882455,0.0038448469,0.0040330924
0.1423333333,0.0001877805,0.0038359083,0.0040236888
0.1425000000,0.0001873170,0.0038269915,0.0040143084
0.1426666667,0.0001868548,0.0038180964,0.0040049512
0.1428333333,0.0001863941,0.0038092229,0.0039956171
0.1430000000,0.0001859348,0.0038003711,0.0039863059
0.1431666667,0.0001854770,0.0037915408,0.0039770177
0.1433333333,0.0001850205,0.0037827319,0.0039677524
0.1435000000,0.0001845654,0.0037739445,0.0039585099
0.1436666667,0.0001841117,0.0037651784,0.0039492901
0.1438333333,0.0001836594,0.0037564336,0.0039400929
0.1440000000,0.0001832084,0.0037477100,0.0039309184
0.1441666667,0.0001827588,0.0037390075,0.0039217663
0.1443333333,0.0001823106,0.0037303262,0.0039126368
0.1445000000,0.0001818637,0.0037216658,0.0039035296
0.1446666667,0.0001814182,0.0037130265,0.0038944447
0.1448333333,0.0001809740,0.0037044081,0.0038853821
0.1450000000,0.0001805311,0.0036958105,0.0038763416
0.1451666667,0.0001800896,0.0036872337,0.0038673233
0.1453333333,0.0001796494,0.0036786777,0.0038583270
0.1455000000,0.0001792105,0.0036701423,0.0038493528
0.1456666667,0.0001787729,0.0036616275,0.0038404004
0.1458333333,0.0001783366,0.0036531333,0.0038314699
0.1460000000,0.0001779016,0.0036446596,0.0038225612
0.1461666667,0.0001774679,0.0036362063,0.0038136742
0.1463333333,0.0001770354,0.0036277735,0.0038048089
0.1465000000,0.0001766043,0.0036193609,0.0037959652
0.1466666667,0.0001761744,0.0036109686,0.0037871430
0.1468333333,0.0001757457,0.0036025965,0.0037783422
0.1470000000,0.0001753184,0.0035942446,0.0037695629
0.1471666667,0.0001748922,0.0035859127,0.0037608050
0.1473333333,0.0001744674,0.0035776009,0.0037520683
0.1475000000,0.0001740437,0.0035693091,0.0037433528
0.1476666667,0.0001736213,0.0035610372,0.0037346585
0.1478333333,0.0001732001,0.0035527852,0.0037259853
0.1480000000,0.0001727802,0.0035445529,0.0037173331
0.1481666667,0.0001723614,0.0035363405,0.0037087019
0.1483333333,0.0001719439,0.0035281477,0.0037000917
0.1485000000,0.0001715276,0.0035199746,0.0036915022
0.1486666667,0.0001711125,0.0035118211,0.0036829336
0.1488333333,0.0001706985,0.0035036872,0.0036743857
0.1490000000,0.0001702858,0.0034955727,0.0036658585
0.1491666667,0.0001698742,0.0034874776,0.0036573519
0.1493333333,0.0001694638,0.0034794020,0.0036488658
0.1495000000,0.0001690546,0.0034713456,0.0036404002
0.1496666667,0.0001686466,0.0034633086,0.0036319551
0.1498333333,0.0001682397,0.0034552907,0.0036235304
0.1500000000,0.0001678339,0.0034472920,0.0036151260
0.1501666667,0.0001674294,0.0034393125,0.0036067418
0.1503333333,0.0001670259,0.0034313520,0.0035983779
0.1505000000,0.0001666236,0.0034234105,0.0035900341
0.1506666667,0.0001662225,0.0034154879,0.0035817104
0.1508333333,0.0001658225,0.0034075843,0.0035734067
0.1510000000,0.0001654236,0.0033996995,0.0035651231
0.1511666667,0.0001650258,0.0033918335,0.0035568593
0.1513333333,0.0001646291,0.0033839863,0.0035486154
0.1515000000,0.0001642336,0.0033761578,0.0035403913
0.1516666667,0.0001638391,0.0033683479,0.0035321870
0.1518333333,0.0001634458,0.0033605566,0.0035240024
0.1520000000,0.0001630535,0.0033527839,0.0035158374
0.1521666667,0.0001626624,0.0033450297,0.0035076921
0.1523333333,0.0001622723,0.0033372939,0.0034995662
0.1525000000,0.0001618833,0.0033295765,0.0034914599
0.1526666667,0.0001614954,0.0033218775,0.0034833729
0.1528333333,0.0001611086,0.0033141968,0.0034753054
0.1530000000,0.0001607228,0.0033065343,0.0034672571
0.1531666667,0.0001603381,0.0032988900,0.0034592282
0.1533333333,0.0001599545,0.0032912639,0.0034512184
0.1535000000,0.0001595719,0.0032836559,0.0034432278
0.1536666667,0.0001591904,0.0032760659,0.0034352564
0.1538333333,0.0001588099,0.0032684940,0.0034273039
0.1540000000,0.0001584305,0.0032609400,0.0034193705
0.1541666667,0.0001580521,0.0032534040,0.0034114561
0.1543333333,0.0001576747,0.0032458858,0.0034035605
0.1545000000,0.0001572984,0.0032383854,0.0033956838
0.1546666667,0.0001569231,0.0032309028,0.0033878259
0.1548333333,0.0001565488,0.0032234379,0.0033799867
0.1550000000,0.0001561755,0.0032159907,0.0033721662
0.1551666667,0.0001558033,0.0032085611,0.0033643644
0.1553333333,0.0001554320,0.0032011491,0.0033565811
0.1555000000,0.0001550618,0.0031937547,0.0033488164
0.1556666667,0.0001546925,0.0031863777,0.0033410702
0.1558333333,0.0001543243,0.0031790182,0.0033333425
0.1560000000,0.0001539570,0.0031716761,0.0033256331
0.1561666667,0.0001535908,0.0031643513,0.0033179421
0.1563333333,0.0001532255,0.0031570439,0.0033102694
0.1565000000,0.0001528612,0.0031497537,0.0033026149
0.1566666667,0.0001524979,0.0031424807,0.0032949786
0.1568333333,0.0001521355,0.0031352250,0.0032873605
0.1570000000,0.0001517742,0.0031279863,0.0032797605
0.1571666667,0.0001514138,0.0031207647,0.0032721785
0.1573333333,0.0001510543,0.0031135602,0.0032646145
0.1575000000,0.0001506958,0.0031063726,0.0032570685
0.1576666667,0.0001503383,0.0030992020,0.0032495403
0.1578333333,0.0001499817,0.0030920484,0.0032420301
0.1580000000,0.0001496261,0.0030849115,0.0032345376
0.1581666667,0.0001492714,0.0030777915,0.0032270629
0.1583333333,0.0001489176,0.0030706883,0.0032196060
0.1585000000,0.0001485648,0.0030636018,0.0032121667
0.1586666667,0.0001482130,0.0030565320,0.0032047450
0.1588333333,0.0001478620,0.0030494789,0.0031973409
0.1590000000,0.0001475120,0.0030424423,0.0031899543
0.1591666667,0.0001471629,0.0030354223,0.0031825852
0.1593333333,0.0001468147,0.0030284189,0.0031752336
0.1595000000,0.0001464674,0.0030214319,0.0031678993
0.1596666667,0.0001461211,0.0030144613,0.0031605824
0.1598333333,0.0001457757,0.0030075072,0.0031532828
0.1600000000,0.0001454311,0.0030005693,0.0031460005
0.1601666667,0.0001450875,0.0029936478,0.0031387353
0.1603333333,0.0001447447,0.0029867426,0.0031314873
0.1605000000,0.0001444029,0.0029798536,0.0031242565
0.1606666667,0.0001440620,0.0029729807,0.0031170427
0.1608333333,0.0001437219,0.0029661240,0.0031098459
0.1610000000,0.0001433827,0.0029592834,0.0031026662
0.1611666667,0.0001430444,0.0029524589,0.0030955033
0.1613333333,0.0001427070,0.0029456504,0.0030883574
0.1615000000,0.0001423705,0.0029388578,0.0030812283
0.1616666667,0.0001420348,0.0029320812,0.0030741161
0.1618333333,0.0001417000,0.0029253205,0.0030670206
0.1620000000,0.0001413661,0.0029185757,0.0030599418
0.1621666667,0.0001410331,0.0029118466,0.0030528797
0.1623333333,0.0001407009,0.0029051334,0.0030458343
0.1625000000,0.0001403695,0.0028984359,0.0030388054
0.1626666667,0.0001400390,0.0028917540,0.0030317931
0.1628333333,0.0001397094,0.0028850879,0.0030247973
0.1630000000,0.0001393806,0.0028784373,0.0030178179
0.1631666667,0.0001390527,0.0028718024,0.0030108550
0.1633333333,0.0001387256,0.0028651829,0.0030039085
0.1635000000,0.0001383993,0.0028585790,0.0029969783
0.1636666667,0.0001380739,0.0028519905,0.0029900644
0.1638333333,0.0001377493,0.0028454175,0.0029831668
0.1640000000,0.0001374256,0.0028388598,0.0029762853
0.1641666667,0.0001371026,0.0028323175,0.0029694201
0.1643333333,0.0001367805,0.0028257905,0.0029625710
0.1645000000,0.0001364592,0.0028192787,0.0029557379
0.1646666667,0.0001361388,0.0028127822,0.0029489210
0.1648333333,0.0001358191,0.0028063009,0.0029421200
0.1650000000,0.0001355003,0.0027998347,0.0029353350
0.1651666667,0.0001351823,0.0027933836,0.0029285659
0.1653333333,0.0001348651,0.0027869476,0.0029218127
0.1655000000,0.0001345487,0.0027805267,0.0029150753
0.1656666667,0.0001342331,0.0027741207,0.0029083538
0.1658333333,0.0001339183,0.0027677298,0.0029016480
0.1660000000,0.0001336043,0.0027613537,0.0028949580
0.1661666667,0.0001332910,0.0027549925,0.0028882836
0.1663333333,0.0001329786,0.0027486462,0.0028816249
0.1665000000,0.0001326670,0.0027423147,0.0028749818
0.1666666667,0.0001323562,0.0027359980,0.0028683542
0.1668333333,0.0001320461,0.0027296961,0.0028617422
0.1670000000,0.0001317368,0.0027234088,0.0028551456
0.1671666667,0.0001314283,0.0027171362,0.0028485646
0.1673333333,0.0001311206,0.0027108783,0.0028419989
0.1675000000,0.0001308137,0.0027046349,0.0028354486
0.1676666667,0.0001305075,0.0026984061,0.0028289136
0.1678333333,0.0001302021,0.0026921918,0.0028223939
0.1680000000,0.0001298975,0.0026859920,0.0028158895
0.1681666667,0.0001295936,0.0026798067,0.0028094003
0.1683333333,0.0001292905,0.0026736358,0.0028029263
0.1685000000,0.0001289881,0.0026674793,0.0027964674
0.1686666667,0.0001286865,0.0026613371,0.0027900236
0.1688333333,0.0001283857,0.0026552092,0.0027835949
0.1690000000,0.0001280856,0.0026490956,0.0027771812
0.1691666667,0.0001277863,0.0026429962,0.0027707825
0.1693333333,0.0001274877,0.0026369111,0.0027643988
0.1695000000,0.0001271898,0.0026308401,0.0027580299
0.1696666667,0.0001268927,0.0026247833,0.0027516760
0.1698333333,0.0001265963,0.0026187405,0.0027453369
0.1700000000,0.0001263007,0.0026127119,0.0027390126
0.1701666667,0.0001260058,0.0026066972,0.0027327030
0.1703333333,0.0001257117,0.0026006966,0.0027264082
0.1705000000,0.0001254182,0.0025947099,0.0027201281
0.1706666667,0.0001251255,0.0025887372,0.0027138627
0.1708333333,0.0001248335,0.0025827783,0.0027076119
0.1710000000,0.0001245423,0.0025768333,0.0027013756
0.1711666667,0.0001242518,0.0025709022,0.0026951539
0.1713333333,0.0001239620,0.0025649848,0.0026889467
0.1715000000,0.0001236729,0.0025590812,0.0026827540
0.1716666667,0.0001233845,0.0025531913,0.0026765758
0.1718333333,0.0001230968,0.0025473151,0.0026704119
0.1720000000,0.0001228098,0.0025414526,0.0026642624
0.1721666667,0.0001225236,0.0025356037,0.0026581273
0.1723333333,0.0001222381,0.0025297684,0.0026520064
0.1725000000,0.0001219532,0.0025239466,0.0026458998
0.1726666667,0.0001216691,0.0025181384,0.0026398075
0.1728333333,0.0001213856,0.0025123437,0.0026337293
0.1730000000,0.0001211029,0.0025065624,0.0026276653
0.1731666667,0.0001208208,0.0025007946,0.0026216154
0.1733333333,0.0001205395,0.0024950401,0.0026155796
0.1735000000,0.0001202588,0.0024892991,0.0026095579
0.1736666667,0.0001199788,0.0024835713,0.0026035502
0.1738333333,0.0001196996,0.0024778569,0.0025975564
0.1740000000,0.0001194210,0.0024721557,0.0025915766
0.1741666667,0.0001191430,0.0024664677,0.0025856108
0.1743333333,0.0001188658,0.0024607930,0.0025796588
0.1745000000,0.0001185892,0.0024551314,0.0025737207
0.1746666667,0.0001183133,0.0024494830,0.0025677964
0.1748333333,0.0001180381,0.0024438477,0.0025618858
0.1750000000,0.0001177636,0.0024382254,0.0025559890
0.1751666667,0.0001174897,0.0024326162,0.0025501060
0.1753333333,0.0001172165,0.0024270200,0.0025442366
0.1755000000,0.0001169440,0.0024214368,0.0025383808
0.1756666667,0.0001166721,0.0024158666,0.0025325387
0.1758333333,0.0001164009,0.0024103092,0.0025267102
0.1760000000,0.0001161304,0.0024047648,0.0025208952
0.1761666667,0.0001158605,0.0023992332,0.0025150937
0.1763333333,0.0001155913,0.0023937144,0.0025093057
0.1765000000,0.0001153227,0.0023882084,0.0025035311
0.1766666667,0.0001150548,0.0023827152,0.0024977700
0.1768333333,0.0001147875,0.0023772347,0.0024920222
0.1770000000,0.0001145209,0.0023717670,0.0024862878
0.1771666667,0.0001142549,0.0023663119,0.0024805667
0.1773333333,0.0001139896,0.0023608694,0.0024748590
0.1775000000,0.0001137249,0.0023554395,0.0024691644
0.1776666667,0.0001134608,0.0023500223,0.0024634831
0.1778333333,0.0001131974,0.0023446175,0.0024578150
0.1780000000,0.0001129347,0.0023392253,0.0024521600
0.1781666667,0.0001126725,0.0023338456,0.0024465182
0.1783333333,0.0001124110,0.0023284784,0.0024408894
0.1785000000,0.0001121502,0.0023231235,0.0024352737
0.1786666667,0.0001118899,0.0023177811,0.0024296711
0.1788333333,0.0001116303,0.0023124511,0.0024240814
0.1790000000,0.0001113714,0.0023071334,0.0024185047
0.1791666667,0.0001111130,0.0023018280,0.0024129410
0.1793333333,0.0001108553,0.0022965349,0.0024073901
0.1795000000,0.0001105982,0.0022912540,0.0024018522
0.1796666667,0.0001103417,0.0022859854,0.0023963270
0.1798333333,0.0001100858,0.0022807289,0.0023908147
0.1800000000,0.0001098305,0.0022754847,0.0023853152
0.1801666667,0.0001095759,0.0022702525,0.0023798284
0.1803333333,0.0001093219,0.0022650325,0.0023743544
0.1805000000,0.0001090685,0.0022598245,0.0023688930
0.1806666667,0.0001088157,0.0022546286,0.0023634443
0.1808333333,0.0001085635,0.0022494448,0.0023580082
0.1810000000,0.0001083119,0.0022442729,0.0023525847
0.1811666667,0.0001080609,0.0022391129,0.0023471738
0.1813333333,0.0001078105,0.0022339650,0.0023417755
0.1815000000,0.0001075607,0.0022288289,0.0023363896
0.1816666667,0.0001073115,0.0022237047,0.0023310162
0.1818333333,0.0001070629,0.0022185923,0.0023256553
0.1820000000,0.0001068149,0.0022134918,0.0023203067
0.1821666667,0.0001065675,0.0022084031,0.0023149706
0.1823333333,0.0001063207,0.0022033261,0.0023096468
0.1825000000,0.0001060745,0.0021982609,0.0023043354
0.1826666667,0.0001058289,0.0021932073,0.0022990362
0.1828333333,0.0001055839,0.0021881655,0.0022937494
0.1830000000,0.0001053394,0.0021831353,0.0022884747
0.1831666667,0.0001050956,0.0021781168,0.0022832123
0.1833333333,0.0001048523,0.0021731098,0.0022779621
0.1835000000,0.0001046096,0.0021681144,0.0022727240
0.1836666667,0.0001043674,0.0021631306,0.0022674980
0.1838333333,0.0001041259,0.0021581583,0.0022622842
0.1840000000,0.0001038849,0.0021531974,0.0022570824
0.1841666667,0.0001036445,0.0021482481,0.0022518926
0.1843333333,0.0001034047,0.0021433101,0.0022467148
0.1845000000,0.0001031655,0.0021383836,0.0022415491
0.1846666667,0.0001029268,0.0021334685,0.0022363953
0.1848333333,0.0001026887,0.0021285647,0.0022312534
0.1850000000,0.0001024511,0.0021236722,0.0022261234
0.1851666667,0.0001022142,0.0021187910,0.0022210052
0.1853333333,0.0001019778,0.0021139212,0.0022158989
0.1855000000,0.0001017419,0.0021090625,0.0022108044
0.1856666667,0.0001015066,0.0021042151,0.0022057217
0.1858333333,0.0001012719,0.0020993789,0.0022006508
0.1860000000,0.0001010377,0.0020945538,0.0021955915
0.1861666667,0.0001008041,0.0020897399,0.0021905440
0.1863333333,0.0001005711,0.0020849371,0.0021855082
0.1865000000,0.0001003386,0.0020801454,0.0021804839
0.1866666667,0.0001001066,0.0020753647,0.0021754713
0.1868333333,0.0000998752,0.0020705951,0.0021704703
0.1870000000,0.0000996443,0.0020658365,0.0021654809
0.1871666667,0.0000994140,0.0020610889,0.0021605029
0.1873333333,0.0000991843,0.0020563522,0.0021555365
0.1875000000,0.0000989551,0.0020516265,0.0021505816
0.1876666667,0.0000987264,0.0020469117,0.0021456381
0.1878333333,0.0000984983,0.0020422078,0.0021407060
0.1880000000,0.0000982707,0.0020375147,0.0021357854
0.1881666667,0.0000980436,0.0020328324,0.0021308761
0.1883333333,0.0000978171,0.0020281610,0.0021259781
0.1885000000,0.0000975912,0.0020235003,0.0021210915
0.1886666667,0.0000973657,0.0020188504,0.0021162161
0.1888333333,0.0000971408,0.0020142112,0.0021113520
0.1890000000,0.0000969164,0.0020095827,0.0021064992
0.1891666667,0.0000966926,0.0020049649,0.0021016575
0.1893333333,0.0000964693,0.0020003578,0.0020968271
0.1895000000,0.0000962465,0.0019957613,0.0020920078
0.1896666667,0.0000960242,0.0019911754,0.0020871996
0.1898333333,0.0000958025,0.0019866000,0.0020824025
0.1900000000,0.0000955813,0.0019820352,0.0020776165
0.1901666667,0.0000953606,0.0019774810,0.0020728416
0.1903333333,0.0000951404,0.0019729372,0.0020680776
0.1905000000,0.0000949208,0.0019684039,0.0020633247
0.1906666667,0.0000947016,0.0019638811,0.0020585828
0.1908333333,0.0000944830,0.0019593687,0.0020538518
0.1910000000,0.0000942649,0.0019548667,0.0020491317
0.1911666667,0.0000940474,0.0019503751,0.0020444225
0.1913333333,0.0000938303,0.0019458939,0.0020397242
0.1915000000,0.0000936137,0.0019414230,0.0020350367
0.1916666667,0.0000933977,0.0019369624,0.0020303600
0.1918333333,0.0000931821,0.0019325120,0.0020256942
0.1920000000,0.0000929671,0.0019280720,0.0020210391
0.1921666667,0.0000927526,0.0019236421,0.0020163947
0.1923333333,0.0000925386,0.0019192225,0.0020117611
0.1925000000,0.0000923250,0.0019148131,0.0020071381
0.1926666667,0.0000921120,0.0019104138,0.0020025259
0.1928333333,0.0000918995,0.0019060247,0.0019979242
0.1930000000,0.0000916875,0.0019016457,0.0019933332
0.1931666667,0.0000914760,0.0018972768,0.0019887528
0.1933333333,0.0000912650,0.0018929179,0.0019841829
0.1935000000,0.0000910544,0.0018885692,0.0019796236
0.1936666667,0.0000908444,0.0018842304,0.0019750748
0.1938333333,0.0000906349,0.0018799016,0.0019705365
0.1940000000,0.0000904258,0.0018755828,0.0019660086
0.1941666667,0.0000902173,0.0018712739,0.0019614912
0.1943333333,0.0000900092,0.0018669750,0.0019569842
0.1945000000,0.0000898017,0.0018626860,0.0019524877
0.1946666667,0.0000895946,0.0018584069,0.0019480014
0.1948333333,0.0000893880,0.0018541376,0.0019435256
0.1950000000,0.0000891819,0.0018498782,0.0019390600
0.1951666667,0.0000889762,0.0018456285,0.0019346048
0.1953333333,0.0000887711,0.0018413887,0.0019301598
0.1955000000,0.0000885664,0.0018371586,0.0019257250
0.1956666667,0.0000883622,0.0018329383,0.0019213005
0.1958333333,0.0000881585,0.0018287277,0.0019168862
0.1960000000,0.0000879553,0.0018245268,0.0019124821
0.1961666667,0.0000877525,0.0018203356,0.0019080881
0.1963333333,0.0000875502,0.0018161540,0.0019037042
0.1965000000,0.0000873484,0.0018119821,0.0018993305
0.1966666667,0.0000871471,0.0018078197,0.0018949668
0.1968333333,0.0000869462,0.0018036670,0.0018906132
0.1970000000,0.0000867458,0.0017995238,0.0018862696
0.1971666667,0.0000865459,0.0017953902,0.0018819361
0.1973333333,0.0000863465,0.0017912660,0.0018776125
0.1975000000,0.0000861475,0.0017871514,0.0018732989
0.1976666667,0.0000859489,0.0017830463,0.0018689952
0.1978333333,0.0000857509,0.0017789506,0.0018647015
0.1980000000,0.0000855533,0.0017748643,0.0018604176
0.1981666667,0.0000853562,0.0017707875,0.0018561436
0.1983333333,0.0000851595,0.0017667200,0.0018518795
0.1985000000,0.0000849633,0.0017626619,0.0018476252
0.1986666667,0.0000847675,0.0017586131,0.0018433807
0.1988333333,0.0000845722,0.0017545737,0.0018391459
0.1990000000,0.0000843774,0.0017505436,0.0018349210
0.1991666667,0.0000841830,0.0017465227,0.0018307057
0.1993333333,0.0000839891,0.0017425111,0.0018265002
0.1995000000,0.0000837956,0.0017385088,0.0018223043
0.1996666667,0.0000836026,0.0017345156,0.0018181182
0.1998333333,0.0000834100,0.0017305316,0.0018139416
0.2000000000,0.0000832178,0.0017265569,0.0018097747
0.2001666667,0.0000830262,0.0017225912,0.0018056174
0.2003333333,0.0000828349,0.0017186347,0.0018014696
0.2005000000,0.0000826442,0.0017146873,0.0017973315
0.2006666667,0.0000824538,0.0017107490,0.0017932028
0.2008333333,0.0000822639,0.0017068197,0.0017890837
0.2010000000,0.0000820745,0.0017028995,0.0017849740
0.2011666667,0.0000818855,0.0016989883,0.0017808738
0.2013333333,0.0000816969,0.0016950862,0.0017767830
0.2015000000,0.0000815087,0.0016911930,0.0017727017
0.2016666667,0.0000813211,0.0016873087,0.0017686298
0.2018333333,0.0000811338,0.0016834334,0.0017645672
0.2020000000,0.0000809470,0.0016795670,0.0017605140
0.2021666667,0.0000807606,0.0016757095,0.0017564701
0.2023333333,0.0000805746,0.0016718609,0.0017524356
0.2025000000,0.0000803891,0.0016680212,0.0017484103
0.2026666667,0.0000802040,0.0016641902,0.0017443943
0.2028333333,0.0000800194,0.0016603681,0.0017403875
0.2030000000,0.0000798352,0.0016565548,0.0017363900
0.2031666667,0.0000796514,0.0016527503,0.0017324017
0.2033333333,0.0000794680,0.0016489545,0.0017284225
0.2035000000,0.0000792851,0.0016451675,0.0017244525
0.2036666667,0.0000791026,0.0016413891,0.0017204917
0.2038333333,0.0000789205,0.0016376195,0.0017165400
0.2040000000,0.0000787388,0.0016338585,0.0017125973
0.2041666667,0.0000785576,0.0016301062,0.0017086638
0.2043333333,0.0000783767,0.0016263625,0.0017047393
0.2045000000,0.0000781963,0.0016226274,0.0017008238
0.2046666667,0.0000780164,0.0016189010,0.0016969173
0.2048333333,0.0000778368,0.0016151831,0.0016930199
0.2050000000,0.0000776576,0.0016114737,0.0016891314
0.2051666667,0.0000774789,0.0016077729,0.0016852518
0.2053333333,0.0000773006,0.0016040806,0.0016813812
0.2055000000,0.0000771227,0.0016003968,0.0016775195
0.2056666667,0.0000769452,0.0015967214,0.0016736667
0.2058333333,0.0000767681,0.0015930546,0.0016698227
0.2060000000,0.0000765915,0.0015893961,0.0016659876
0.2061666667,0.0000764152,0.0015857461,0.0016621613
0.2063333333,0.0000762394,0.0015821044,0.0016583438
0.2065000000,0.0000760640,0.0015784712,0.0016545351
0.2066666667,0.0000758889,0.0015748463,0.0016507352
0.2068333333,0.0000757143,0.0015712297,0.0016469440
0.2070000000,0.0000755401,0.0015676214,0.0016431615
0.2071666667,0.0000753663,0.0015640215,0.0016393878
0.2073333333,0.0000751929,0.0015604298,0.0016356227
0.2075000000,0.0000750199,0.0015568464,0.0016318663
0.2076666667,0.0000748473,0.0015532712,0.0016281185
0.2078333333,0.0000746751,0.0015497043,0.0016243793
0.2080000000,0.0000745033,0.0015461455,0.0016206488
0.2081666667,0.0000743319,0.0015425950,0.0016169268
0.2083333333,0.0000741609,0.0015390526,0.0016132134
0.2085000000,0.0000739903,0.0015355183,0.0016095086
0.2086666667,0.0000738200,0.0015319922,0.0016058122
0.2088333333,0.0000736502,0.0015284742,0.0016021244
0.2090000000,0.0000734808,0.0015249642,0.0015984450
0.2091666667,0.0000733118,0.0015214624,0.0015947742
0.2093333333,0.0000731431,0.0015179686,0.0015911117
0.2095000000,0.0000729749,0.0015144828,0.0015874577
0.2096666667,0.0000728070,0.0015110051,0.0015838121
0.2098333333,0.0000726396,0.0015075353,0.0015801749
0.2100000000,0.0000724725,0.0015040735,0.0015765460
0.2101666667,0.0000723058,0.0015006197,0.0015729255
0.2103333333,0.0000721395,0.0014971738,0.0015693133
0.2105000000,0.0000719736,0.0014937359,0.0015657094
0.2106666667,0.0000718080,0.0014903058,0.0015621138
0.2108333333,0.0000716429,0.0014868836,0.0015585265
0.2110000000,0.0000714781,0.0014834693,0.0015549474
0.2111666667,0.0000713137,0.0014800629,0.0015513766
0.2113333333,0.0000711497,0.0014766643,0.0015478140
0.2115000000,0.0000709861,0.0014732735,0.0015442595
0.2116666667,0.0000708228,0.0014698905,0.0015407133
0.2118333333,0.0000706599,0.0014665152,0.0015371752
0.2120000000,0.0000704975,0.0014631477,0.0015336452
0.2121666667,0.0000703353,0.0014597880,0.0015301234
0.2123333333,0.0000701736,0.0014564360,0.0015266096
0.2125000000,0.0000700122,0.0014530917,0.0015231039
0.2126666667,0.0000698512,0.0014497551,0.0015196063
0.2128333333,0.0000696906,0.0014464262,0.0015161168
0.2130000000,0.0000695304,0.0014431049,0.0015126352
0.2131666667,0.0000693705,0.0014397912,0.0015091617
0.2133333333,0.0000692110,0.0014364852,0.0015056961
0.2135000000,0.0000690518,0.0014331867,0.0015022386
0.2136666667,0.0000688931,0.0014298959,0.0014987889
0.2138333333,0.0000687347,0.0014266126,0.0014953472
0.2140000000,0.0000685766,0.0014233368,0.0014919134
0.2141666667,0.0000684189,0.0014200686,0.0014884876
0.2143333333,0.0000682616,0.0014168079,0.0014850695
0.2145000000,0.0000681047,0.0014135547,0.0014816594
0.2146666667,0.0000679481,0.0014103090,0.0014782571
0.2148333333,0.0000677919,0.0014070707,0.0014748626
0.2150000000,0.0000676360,0.0014038399,0.0014714759
0.2151666667,0.0000674805,0.0014006164,0.0014680970
0.2153333333,0.0000673254,0.0013974004,0.0014647259
0.2155000000,0.0000671706,0.0013941918,0.0014613625
0.2156666667,0.0000670162,0.0013909906,0.0014580068
0.2158333333,0.0000668621,0.0013877967,0.0014546589
0.2160000000,0.0000667084,0.0013846102,0.0014513186
0.2161666667,0.0000665551,0.0013814310,0.0014479861
0.2163333333,0.0000664021,0.0013782591,0.0014446612
0.2165000000,0.0000662494,0.0013750945,0.0014413439
0.2166666667,0.0000660972,0.0013719371,0.0014380343
0.2168333333,0.0000659452,0.0013687871,0.0014347323
0.2170000000,0.0000657936,0.0013656442,0.0014314378
0.2171666667,0.0000656424,0.0013625086,0.0014281510
0.2173333333,0.0000654915,0.0013593802,0.0014248717
0.2175000000,0.0000653410,0.0013562589,0.0014215999
0.2176666667,0.0000651908,0.0013531449,0.0014183357
0.2178333333,0.0000650409,0.0013500380,0.0014150789
0.2180000000,0.0000648914,0.0013469382,0.0014118297
0.2181666667,0.0000647423,0.0013438456,0.0014085879
0.2183333333,0.0000645935,0.0013407601,0.0014053535
0.2185000000,0.0000644450,0.0013376816,0.0014021266
0.2186666667,0.0000642969,0.0013346103,0.0013989071
0.2188333333,0.0000641491,0.0013315460,0.0013956951
0.2190000000,0.0000640017,0.0013284887,0.0013924903
0.2191666667,0.0000638546,0.0013254384,0.0013892930
0.2193333333,0.0000637078,0.0013223952,0.0013861030
0.2195000000,0.0000635614,0.0013193590,0.0013829204
0.2196666667,0.0000634153,0.0013163297,0.0013797450
0.2198333333,0.0000632696,0.0013133074,0.0013765770
0.2200000000,0.0000631242,0.0013102920,0.0013734162
0.2201666667,0.0000629791,0.0013072836,0.0013702627
0.2203333333,0.0000628343,0.0013042821,0.0013671164
0.2205000000,0.0000626899,0.0013012875,0.0013639774
0.2206666667,0.0000625459,0.0012982997,0.0013608456
0.2208333333,0.0000624021,0.0012953189,0.0013577210
0.2210000000,0.0000622587,0.0012923448,0.0013546036
0.2211666667,0.0000621157,0.0012893776,0.0013514933
0.2213333333,0.0000619729,0.0012864173,0.0013483902
0.2215000000,0.0000618305,0.0012834637,0.0013452942
0.2216666667,0.0000616884,0.0012805169,0.0013422053
0.2218333333,0.0000615467,0.0012775769,0.0013391235
0.2220000000,0.0000614052,0.0012746436,0.0013360488
0.2221666667,0.0000612641,0.0012717171,0.0013329812
0.2223333333,0.0000611233,0.0012687973,0.0013299206
0.2225000000,0.0000609829,0.0012658842,0.0013268671
0.2226666667,0.0000608428,0.0012629778,0.0013238206
0.2228333333,0.0000607029,0.0012600781,0.0013207810
0.2230000000,0.0000605635,0.0012571850,0.0013177485
0.2231666667,0.0000604243,0.0012542986,0.0013147229
0.2233333333,0.0000602855,0.0012514188,0.0013117043
0.2235000000,0.0000601469,0.0012485457,0.0013086926
0.2236666667,0.0000600087,0.0012456791,0.0013056878
0.2238333333,0.0000598708,0.0012428191,0.0013026900
0.2240000000,0.0000597333,0.0012399657,0.0012996990
0.2241666667,0.0000595960,0.0012371188,0.0012967149
0.2243333333,0.0000594591,0.0012342785,0.0012937376
0.2245000000,0.0000593225,0.0012314447,0.0012907672
0.2246666667,0.0000591862,0.0012286175,0.0012878036
0.2248333333,0.0000590502,0.0012257967,0.0012848469
0.2250000000,0.0000589145,0.0012229824,0.0012818969
0.2251666667,0.0000587792,0.0012201745,0.0012789537
0.2253333333,0.0000586441,0.0012173731,0.0012760173
0.2255000000,0.0000585094,0.0012145782,0.0012730876
0.2256666667,0.0000583750,0.0012117896,0.0012701646
0.2258333333,0.0000582408,0.0012090075,0.0012672484
0.2260000000,0.0000581070,0.0012062318,0.0012643388
0.2261666667,0.0000579735,0.0012034624,0.0012614359
0.2263333333,0.0000578403,0.0012006994,0.0012585398
0.2265000000,0.0000577075,0.0011979428,0.0012556502
0.2266666667,0.0000575749,0.0011951924,0.0012527673
0.2268333333,0.0000574426,0.0011924484,0.0012498910
0.2270000000,0.0000573106,0.0011897107,0.0012470214
0.2271666667,0.0000571790,0.0011869793,0.0012441583
0.2273333333,0.0000570476,0.0011842542,0.0012413018
0.2275000000,0.0000569166,0.0011815353,0.0012384519
0.2276666667,0.0000567858,0.0011788227,0.0012356085
0.2278333333,0.0000566553,0.0011761163,0.0012327716
0.2280000000,0.0000565252,0.0011734161,0.0012299413
0.2281666667,0.0000563953,0.0011707221,0.0012271174
0.2283333333,0.0000562658,0.0011680343,0.0012243001
0.2285000000,0.0000561365,0.0011653527,0.0012214892
0.2286666667,0.0000560076,0.0011626772,0.0012186848
0.2288333333,0.0000558789,0.0011600079,0.0012158868
0.2290000000,0.0000557505,0.0011573447,0.0012130953
0.2291666667,0.0000556225,0.0011546877,0.0012103101
0.2293333333,0.0000554947,0.0011520367,0.0012075314
0.2295000000,0.0000553672,0.0011493918,0.0012047590
0.2296666667,0.0000552400,0.0011467530,0.0012019930
0.2298333333,0.0000551131,0.0011441203,0.0011992334
0.2300000000,0.0000549865,0.0011414936,0.0011964801
0.2301666667,0.0000548602,0.0011388729,0.0011937331
0.2303333333,0.0000547342,0.0011362583,0.0011909925
0.2305000000,0.0000546085,0.0011336496,0.0011882581
0.2306666667,0.0000544830,0.0011310470,0.0011855300
0.2308333333,0.0000543579,0.0011284503,0.0011828082
0.2310000000,0.0000542330,0.0011258596,0.0011800926
0.2311666667,0.0000541085,0.0011232749,0.0011773833
0.2313333333,0.0000539842,0.0011206960,0.0011746802
0.2315000000,0.0000538602,0.0011181232,0.0011719833
0.2316666667,0.0000537364,0.0011155562,0.0011692926
0.2318333333,0.0000536130,0.0011129951,0.0011666081
0.2320000000,0.0000534899,0.0011104399,0.0011639297
0.2321666667,0.0000533670,0.0011078905,0.0011612575
0.2323333333,0.0000532444,0.0011053470,0.0011585915
0.2325000000,0.0000531221,0.0011028094,0.0011559315
0.2326666667,0.0000530001,0.0011002776,0.0011532777
0.2328333333,0.0000528784,0.0010977516,0.0011506300
0.2330000000,0.0000527569,0.0010952314,0.0011479883
0.2331666667,0.0000526357,0.0010927170,0.0011453527
0.2333333333,0.0000525149,0.0010902083,0.0011427232
0.2335000000,0.0000523942,0.0010877055,0.0011400997
0.2336666667,0.0000522739,0.0010852083,0.0011374822
0.2338333333,0.0000521538,0.0010827170,0.0011348708
0.2340000000,0.0000520340,0.0010802313,0.0011322653
0.2341666667,0.0000519145,0.0010777513,0.0011296659
0.2343333333,0.0000517953,0.0010752771,0.0011270724
0.2345000000,0.0000516763,0.0010728085,0.0011244848
0.2346666667,0.0000515576,0.0010703456,0.0011219032
0.2348333333,0.0000514392,0.0010678883,0.0011193275
0.2350000000,0.0000513211,0.0010654367,0.0011167578
0.2351666667,0.0000512032,0.0010629907,0.0011141939
0.2353333333,0.0000510856,0.0010605503,0.0011116360
0.2355000000,0.0000509683,0.0010581156,0.0011090839
0.2356666667,0.0000508512,0.0010556864,0.0011065376
0.2358333333,0.0000507344,0.0010532628,0.0011039972
0.2360000000,0.0000506179,0.0010508448,0.0011014627
0.2361666667,0.0000505017,0.0010484323,0.0010989340
0.2363333333,0.0000503857,0.0010460254,0.0010964111
0.2365000000,0.0000502700,0.0010436240,0.0010938939
0.2366666667,0.0000501545,0.0010412281,0.0010913826
0.2368333333,0.0000500393,0.0010388377,0.0010888770
0.2370000000,0.0000499244,0.0010364528,0.0010863772
0.2371666667,0.0000498097,0.0010340734,0.0010838831
0.2373333333,0.0000496953,0.0010316994,0.0010813947
0.2375000000,0.0000495812,0.0010293309,0.0010789121
0.2376666667,0.0000494673,0.0010269678,0.0010764352
0.2378333333,0.0000493537,0.0010246102,0.0010739639
0.2380000000,0.0000492404,0.0010222580,0.0010714984
0.2381666667,0.0000491273,0.0010199111,0.0010690384
0.2383333333,0.0000490145,0.0010175697,0.0010665842
0.2385000000,0.0000489019,0.0010152336,0.0010641356
0.2386666667,0.0000487896,0.0010129029,0.0010616926
0.2388333333,0.0000486776,0.0010105776,0.0010592552
0.2390000000,0.0000485658,0.0010082576,0.0010568234
0.2391666667,0.0000484543,0.0010059429,0.0010543972
0.2393333333,0.0000483430,0.0010036335,0.0010519765
0.2395000000,0.0000482320,0.0010013295,0.0010495614
0.2396666667,0.0000481212,0.0009990307,0.0010471519
0.2398333333,0.0000480107,0.0009967372,0.0010447479
0.2400000000,0.0000479004,0.0009944490,0.0010423494
0.2401666667,0.0000477904,0.0009921660,0.0010399565
0.2403333333,0.0000476807,0.0009898883,0.0010375690
0.2405000000,0.0000475712,0.0009876158,0.0010351870
0.2406666667,0.0000474619,0.0009853485,0.0010328105
0.2408333333,0.0000473530,0.0009830865,0.0010304394
0.2410000000,0.0000472442,0.0009808296,0.0010280738
0.2411666667,0.0000471357,0.0009785779,0.0010257136
0.2413333333,0.0000470275,0.0009763314,0.0010233588
0.2415000000,0.0000469195,0.0009740900,0.0010210095
0.2416666667,0.0000468117,0.0009718538,0.0010186655
0.2418333333,0.0000467042,0.0009696227,0.0010163269
0.2420000000,0.0000465970,0.0009673967,0.0010139937
0.2421666667,0.0000464900,0.0009651759,0.0010116659
0.2423333333,0.0000463832,0.0009629601,0.0010093434
0.2425000000,0.0000462767,0.0009607495,0.0010070262
0.2426666667,0.0000461704,0.0009585439,0.0010047143
0.2428333333,0.0000460644,0.0009563434,0.0010024078
0.2430000000,0.0000459586,0.0009541479,0.0010001065
0.2431666667,0.0000458531,0.0009519575,0.0009978106
0.2433333333,0.0000457478,0.0009497721,0.0009955199
0.2435000000,0.0000456428,0.0009475917,0.0009932345
0.2436666667,0.0000455380,0.0009454163,0.0009909543
0.2438333333,0.0000454334,0.0009432459,0.0009886793
0.2440000000,0.0000453291,0.0009410805,0.0009864096
0.2441666667,0.0000452250,0.0009389201,0.0009841451
0.2443333333,0.0000451211,0.0009367647,0.0009818858
0.2445000000,0.0000450175,0.0009346141,0.0009796317
0.2446666667,0.0000449141,0.0009324686,0.0009773827
0.2448333333,0.0000448110,0.0009303279,0.0009751389
0.2450000000,0.0000447081,0.0009281922,0.0009729003
0.2451666667,0.0000446054,0.0009260614,0.0009706668
0.2453333333,0.0000445030,0.0009239354,0.0009684384
0.2455000000,0.0000444008,0.0009218144,0.0009662152
0.2456666667,0.0000442989,0.0009196982,0.0009639971
0.2458333333,0.0000441972,0.0009175869,0.0009617840
0.2460000000,0.0000440957,0.0009154804,0.0009595760
0.2461666667,0.0000439944,0.0009133787,0.0009573732
0.2463333333,0.0000438934,0.0009112819,0.0009551753
0.2465000000,0.0000437926,0.0009091899,0.0009529825
0.2466666667,0.0000436921,0.0009071027,0.0009507948
0.2468333333,0.0000435917,0.0009050203,0.0009486120
0.2470000000,0.0000434916,0.0009029427,0.0009464343
0.2471666667,0.0000433918,0.0009008698,0.0009442616
0.2473333333,0.0000432921,0.0008988017,0.0009420939
0.2475000000,0.0000431927,0.0008967384,0.0009399311
0.2476666667,0.0000430936,0.0008946798,0.0009377733
0.2478333333,0.0000429946,0.0008926259,0.0009356205
0.2480000000,0.0000428959,0.0008905767,0.0009334726
0.2481666667,0.0000427974,0.0008885323,0.0009313297
0.2483333333,0.0000426991,0.0008864925,0.0009291916
0.2485000000,0.0000426011,0.0008844574,0.0009270585
0.2486666667,0.0000425033,0.0008824270,0.0009249303
0.2488333333,0.0000424057,0.0008804013,0.0009228069
0.2490000000,0.0000423083,0.0008783802,0.0009206885
0.2491666667,0.0000422111,0.0008763637,0.0009185749
0.2493333333,0.0000421142,0.0008743519,0.0009164661
0.2495000000,0.0000420175,0.0008723447,0.0009143622
0.2496666667,0.0000419211,0.0008703421,0.0009122631
0.2498333333,0.0000418248,0.0008683441,0.0009101689
0.2500000000,0.0000417288,0.0008663506,0.0009080794
0.2501666667,0.0000416330,0.0008643618,0.0009059948
0.2503333333,0.0000415374,0.0008623775,0.0009039149
0.2505000000,0.0000414420,0.0008603978,0.0009018398
0.2506666667,0.0000413468,0.0008584227,0.0008997695
0.2508333333,0.0000412519,0.0008564520,0.0008977039
0.2510000000,0.0000411572,0.0008544859,0.0008956431
0.2511666667,0.0000410627,0.0008525243,0.0008935870
0.2513333333,0.0000409684,0.0008505672,0.0008915356
0.2515000000,0.0000408743,0.0008486146,0.0008894889
0.2516666667,0.0000407805,0.0008466665,0.0008874470
0.2518333333,0.0000406869,0.0008447229,0.0008854097
0.2520000000,0.0000405934,0.0008427837,0.0008833771
0.2521666667,0.0000405002,0.0008408489,0.0008813492
0.2523333333,0.0000404072,0.0008389187,0.0008793259
0.2525000000,0.0000403145,0.0008369928,0.0008773073
0.2526666667,0.0000402219,0.0008350714,0.0008752933
0.2528333333,0.0000401296,0.0008331543,0.0008732839
0.2530000000,0.0000400374,0.0008312417,0.0008712791
0.2531666667,0.0000399455,0.0008293335,0.0008692790
0.2533333333,0.0000398538,0.0008274296,0.0008672834
0.2535000000,0.0000397623,0.0008255302,0.0008652924
0.2536666667,0.0000396710,0.0008236351,0.0008633060
0.2538333333,0.0000395799,0.0008217443,0.0008613242
0.2540000000,0.0000394890,0.0008198579,0.0008593469
0.2541666667,0.0000393983,0.0008179758,0.0008573741
0.2543333333,0.0000393079,0.0008160980,0.0008554059
0.2545000000,0.0000392176,0.0008142245,0.0008534422
0.2546666667,0.0000391276,0.0008123554,0.0008514830
0.2548333333,0.0000390378,0.0008104905,0.0008495283
0.2550000000,0.0000389481,0.0008086299,0.0008475781
0.2551666667,0.0000388587,0.0008067736,0.0008456323
0.2553333333,0.0000387695,0.0008049216,0.0008436910
0.2555000000,0.0000386805,0.0008030737,0.0008417542
0.2556666667,0.0000385917,0.0008012302,0.0008398219
0.2558333333,0.0000385031,0.0007993909,0.0008378939
0.2560000000,0.0000384147,0.0007975558,0.0008359704
0.2561666667,0.0000383265,0.0007957249,0.0008340513
0.2563333333,0.0000382385,0.0007938982,0.0008321367
0.2565000000,0.0000381507,0.0007920757,0.0008302264
0.2566666667,0.0000380631,0.0007902574,0.0008283205
0.2568333333,0.0000379757,0.0007884432,0.0008264189
0.2570000000,0.0000378885,0.0007866333,0.0008245218
0.2571666667,0.0000378015,0.0007848275,0.0008226290
0.2573333333,0.0000377147,0.0007830258,0.0008207405
0.2575000000,0.0000376281,0.0007812283,0.0008188564
0.2576666667,0.0000375417,0.0007794349,0.0008169766
0.2578333333,0.0000374556,0.0007776456,0.0008151011
0.2580000000,0.0000373696,0.0007758604,0.0008132300
0.2581666667,0.0000372838,0.0007740793,0.0008113631
0.2583333333,0.0000371982,0.0007723023,0.0008095005
0.2585000000,0.0000371128,0.0007705294,0.0008076422
0.2586666667,0.0000370276,0.0007687606,0.0008057881
0.2588333333,0.0000369425,0.0007669958,0.0008039383
0.2590000000,0.0000368577,0.0007652351,0.0008020928
0.2591666667,0.0000367731,0.0007634784,0.0008002515
0.2593333333,0.0000366887,0.0007617257,0.0007984144
0.2595000000,0.0000366044,0.0007599771,0.0007965815
0.2596666667,0.0000365204,0.0007582325,0.0007947529
0.2598333333,0.0000364366,0.0007564919,0.0007929284
0.2600000000,0.0000363529,0.0007547552,0.0007911082
0.2601666667,0.0000362694,0.0007530226,0.0007892921
0.2603333333,0.0000361862,0.0007512940,0.0007874801
0.2605000000,0.0000361031,0.0007495693,0.0007856724
0.2606666667,0.0000360202,0.0007478486,0.0007838688
0.2608333333,0.0000359375,0.0007461318,0.0007820693
0.2610000000,0.0000358550,0.0007444190,0.0007802740
0.2611666667,0.0000357727,0.0007427101,0.0007784828
0.2613333333,0.0000356906,0.0007410051,0.0007766957
0.2615000000,0.0000356086,0.0007393040,0.0007749127
0.2616666667,0.0000355269,0.0007376069,0.0007731338
0.2618333333,0.0000354453,0.0007359136,0.0007713589
0.2620000000,0.0000353639,0.0007342243,0.0007695882
0.2621666667,0.0000352827,0.0007325388,0.0007678215
0.2623333333,0.0000352017,0.0007308571,0.0007660589
0.2625000000,0.0000351209,0.0007291794,0.0007643003
0.2626666667,0.0000350403,0.0007275055,0.0007625458
0.2628333333,0.0000349598,0.0007258354,0.0007607952
0.2630000000,0.0000348796,0.0007241692,0.0007590487
0.2631666667,0.0000347995,0.0007225068,0.0007573063
0.2633333333,0.0000347196,0.0007208482,0.0007555678
0.2635000000,0.0000346399,0.0007191934,0.0007538333
0.2636666667,0.0000345604,0.0007175424,0.0007521028
0.2638333333,0.0000344810,0.0007158952,0.0007503762
0.2640000000,0.0000344019,0.0007142518,0.0007486537
0.2641666667,0.0000343229,0.0007126122,0.0007469350
0.2643333333,0.0000342441,0.0007109763,0.0007452204
0.2645000000,0.0000341655,0.0007093442,0.0007435096
0.2646666667,0.0000340870,0.0007077158,0.0007418028
0.2648333333,0.0000340088,0.0007060911,0.0007400999
0.2650000000,0.0000339307,0.0007044702,0.0007384009
0.2651666667,0.0000338528,0.0007028531,0.0007367059
0.2653333333,0.0000337751,0.0007012396,0.0007350147
0.2655000000,0.0000336975,0.0006996298,0.0007333274
0.2656666667,0.0000336202,0.0006980237,0.0007316439
0.2658333333,0.0000335430,0.0006964214,0.0007299644
0.2660000000,0.0000334660,0.0006948227,0.0007282886
0.2661666667,0.0000333892,0.0006932276,0.0007266168
0.2663333333,0.0000333125,0.0006916362,0.0007249487
0.2665000000,0.0000332360,0.0006900485,0.0007232846
0.2666666667,0.0000331597,0.0006884645,0.0007216242
0.2668333333,0.0000330836,0.0006868840,0.0007199676
0.2670000000,0.0000330076,0.0006853072,0.0007183148
0.2671666667,0.0000329319,0.0006837340,0.0007166659
0.2673333333,0.0000328563,0.0006821644,0.0007150207
0.2675000000,0.0000327808,0.0006805985,0.0007133793
0.2676666667,0.0000327056,0.0006790361,0.0007117416
0.2678333333,0.0000326305,0.0006774773,0.0007101078
0.2680000000,0.0000325556,0.0006759221,0.0007084776
0.2681666667,0.0000324808,0.0006743704,0.0007068513
0.2683333333,0.0000324063,0.0006728223,0.0007052286
0.2685000000,0.0000323319,0.0006712778,0.0007036097
0.2686666667,0.0000322576,0.0006697368,0.0007019945
0.2688333333,0.0000321836,0.0006681994,0.0007003830
0.2690000000,0.0000321097,0.0006666655,0.0006987752
0.2691666667,0.0000320360,0.0006651351,0.0006971711
0.2693333333,0.0000319624,0.0006636082,0.0006955706
0.2695000000,0.0000318891,0.0006620848,0.0006939739
0.2696666667,0.0000318159,0.0006605649,0.0006923808
0.2698333333,0.0000317428,0.0006590486,0.0006907914
0.2700000000,0.0000316699,0.0006575356,0.0006892056
0.2701666667,0.0000315972,0.0006560262,0.0006876234
0.2703333333,0.0000315247,0.0006545202,0.0006860449
0.2705000000,0.0000314523,0.0006530177,0.0006844700
0.2706666667,0.0000313801,0.0006515187,0.0006828988
0.2708333333,0.0000313081,0.0006500230,0.0006813311
0.2710000000,0.0000312362,0.0006485309,0.0006797671
0.2711666667,0.0000311645,0.0006470421,0.0006782066
0.2713333333,0.0000310929,0.0006455567,0.0006766497
0.2715000000,0.0000310216,0.0006440748,0.0006750964
0.2716666667,0.0000309503,0.0006425963,0.0006735466
0.2718333333,0.0000308793,0.0006411211,0.0006720004
0.2720000000,0.0000308084,0.0006396494,0.0006704578
0.2721666667,0.0000307377,0.0006381810,0.0006689187
0.2723333333,0.0000306671,0.0006367160,0.0006673831
0.2725000000,0.0000305967,0.0006352544,0.0006658511
0.2726666667,0.0000305265,0.0006337961,0.0006643226
0.2728333333,0.0000304564,0.0006323412,0.0006627975
0.2730000000,0.0000303865,0.0006308896,0.0006612760
0.2731666667,0.0000303167,0.0006294413,0.0006597580
0.2733333333,0.0000302471,0.0006279964,0.0006582435
0.2735000000,0.0000301777,0.0006265547,0.0006567324
0.2736666667,0.0000301084,0.0006251164,0.0006552248
0.2738333333,0.0000300393,0.0006236814,0.0006537207
0.2740000000,0.0000299703,0.0006222497,0.0006522200
0.2741666667,0.0000299015,0.0006208213,0.0006507228
0.2743333333,0.0000298329,0.0006193961,0.0006492290
0.2745000000,0.0000297644,0.0006179742,0.0006477386
0.2746666667,0.0000296960,0.0006165556,0.0006462517
0.2748333333,0.0000296279,0.0006151403,0.0006447681
0.2750000000,0.0000295599,0.0006137282,0.0006432880
0.2751666667,0.0000294920,0.0006123193,0.0006418113
0.2753333333,0.0000294243,0.0006109137,0.0006403380
0.2755000000,0.0000293567,0.0006095113,0.0006388680
0.2756666667,0.0000292893,0.0006081121,0.0006374014
0.2758333333,0.0000292221,0.0006067161,0.0006359382
0.2760000000,0.0000291550,0.0006053233,0.0006344784
0.2761666667,0.0000290881,0.0006039338,0.0006330218
0.2763333333,0.0000290213,0.0006025474,0.0006315687
0.2765000000,0.0000289547,0.0006011642,0.0006301189
0.2766666667,0.0000288882,0.0005997842,0.0006286724
0.2768333333,0.0000288219,0.0005984073,0.0006272292
0.2770000000,0.0000287557,0.0005970336,0.0006257893
0.2771666667,0.0000286897,0.0005956631,0.0006243528
0.2773333333,0.0000286239,0.0005942957,0.0006229195
0.2775000000,0.0000285581,0.0005929314,0.0006214896
0.2776666667,0.0000284926,0.0005915703,0.0006200629
0.2778333333,0.0000284272,0.0005902123,0.0006186395
0.2780000000,0.0000283619,0.0005888574,0.0006172193
0.2781666667,0.0000282968,0.0005875056,0.0006158024
0.2783333333,0.0000282318,0.0005861570,0.0006143888
0.2785000000,0.0000281670,0.0005848114,0.0006129784
0.2786666667,0.0000281024,0.0005834689,0.0006115713
0.2788333333,0.0000280379,0.0005821295,0.0006101674
0.2790000000,0.0000279735,0.0005807932,0.0006087667
0.2791666667,0.0000279093,0.0005794599,0.0006073692
0.2793333333,0.0000278452,0.0005781297,0.0006059749
0.2795000000,0.0000277813,0.0005768026,0.0006045839
0.2796666667,0.0000277175,0.0005754785,0.0006031960
0.2798333333,0.0000276539,0.0005741574,0.0006018113
0.2800000000,0.0000275904,0.0005728394,0.0006004298
0.2801666667,0.0000275271,0.0005715244,0.0005990515
0.2803333333,0.0000274639,0.0005702124,0.0005976763
0.2805000000,0.0000274008,0.0005689035,0.0005963043
0.2806666667,0.0000273379,0.0005675975,0.0005949354
0.2808333333,0.0000272751,0.0005662945,0.0005935697
0.2810000000,0.0000272125,0.0005649945,0.0005922071
0.2811666667,0.0000271501,0.0005636976,0.0005908476
0.2813333333,0.0000270877,0.0005624035,0.0005894913
0.2815000000,0.0000270256,0.0005611125,0.0005881381
0.2816666667,0.0000269635,0.0005598244,0.0005867879
0.2818333333,0.0000269016,0.0005585393,0.0005854409
0.2820000000,0.0000268399,0.0005572571,0.0005840970
0.2821666667,0.0000267782,0.0005559779,0.0005827561
0.2823333333,0.0000267168,0.0005547016,0.0005814184
0.2825000000,0.0000266554,0.0005534282,0.0005800837
0.2826666667,0.0000265942,0.0005521578,0.0005787521
0.2828333333,0.0000265332,0.0005508903,0.0005774235
0.2830000000,0.0000264723,0.0005496257,0.0005760980
0.2831666667,0.0000264115,0.0005483640,0.0005747755
0.2833333333,0.0000263509,0.0005471052,0.0005734560
0.2835000000,0.0000262904,0.0005458492,0.0005721396
0.2836666667,0.0000262300,0.0005445962,0.0005708262
0.2838333333,0.0000261698,0.0005433460,0.0005695158
0.2840000000,0.0000261097,0.0005420987,0.0005682085
0.2841666667,0.0000260498,0.0005408543,0.0005669041
0.2843333333,0.0000259900,0.0005396127,0.0005656027
0.2845000000,0.0000259303,0.0005383740,0.0005643043
0.2846666667,0.0000258708,0.0005371381,0.0005630089
0.2848333333,0.0000258114,0.0005359051,0.0005617165
0.2850000000,0.0000257522,0.0005346749,0.0005604270
0.2851666667,0.0000256930,0.0005334475,0.0005591405
0.2853333333,0.0000256341,0.0005322229,0.0005578570
0.2855000000,0.0000255752,0.0005310012,0.0005565764
0.2856666667,0.0000255165,0.0005297822,0.0005552987
0.2858333333,0.0000254579,0.0005285660,0.0005540240
0.2860000000,0.0000253995,0.0005273527,0.0005527522
0.2861666667,0.0000253412,0.0005261421,0.0005514833
0.2863333333,0.0000252830,0.0005249343,0.0005502173
0.2865000000,0.0000252250,0.0005237293,0.0005489542
0.2866666667,0.0000251671,0.0005225270,0.0005476941
0.2868333333,0.0000251093,0.0005213275,0.0005464368
0.2870000000,0.0000250516,0.0005201308,0.0005451824
0.2871666667,0.0000249941,0.0005189368,0.0005439309
0.2873333333,0.0000249368,0.0005177455,0.0005426823
0.2875000000,0.0000248795,0.0005165570,0.0005414365
0.2876666667,0.0000248224,0.0005153712,0.0005401936
0.2878333333,0.0000247654,0.0005141881,0.0005389535
0.2880000000,0.0000247086,0.0005130078,0.0005377163
0.2881666667,0.0000246518,0.0005118301,0.0005364819
0.2883333333,0.0000245952,0.0005106552,0.0005352504
0.2885000000,0.0000245388,0.0005094829,0.0005340217
0.2886666667,0.0000244825,0.0005083134,0.0005327958
0.2888333333,0.0000244262,0.0005071465,0.0005315727
0.2890000000,0.0000243702,0.0005059823,0.0005303525
0.2891666667,0.0000243142,0.0005048208,0.0005291350
0.2893333333,0.0000242584,0.0005036619,0.0005279203
0.2895000000,0.0000242027,0.0005025057,0.0005267085
0.2896666667,0.0000241472,0.0005013522,0.0005254994
0.2898333333,0.0000240917,0.0005002013,0.0005242930
0.2900000000,0.0000240364,0.0004990530,0.0005230895
0.2901666667,0.0000239812,0.0004979074,0.0005218887
0.2903333333,0.0000239262,0.0004967645,0.0005206906
0.2905000000,0.0000238713,0.0004956241,0.0005194954
0.2906666667,0.0000238165,0.0004944863,0.0005183028
0.2908333333,0.0000237618,0.0004933512,0.0005171130
0.2910000000,0.0000237073,0.0004922187,0.0005159259
0.2911666667,0.0000236528,0.0004910888,0.0005147416
0.2913333333,0.0000235985,0.0004899614,0.0005135600
0.2915000000,0.0000235444,0.0004888367,0.0005123811
0.2916666667,0.0000234903,0.0004877145,0.0005112048
0.2918333333,0.0000234364,0.0004865950,0.0005100313
0.2920000000,0.0000233826,0.0004854779,0.0005088605
0.2921666667,0.0000233289,0.0004843635,0.0005076924
0.2923333333,0.0000232753,0.0004832516,0.0005065269
0.2925000000,0.0000232219,0.0004821423,0.0005053642
0.2926666667,0.0000231686,0.0004810355,0.0005042041
0.2928333333,0.0000231154,0.0004799312,0.0005030466
0.2930000000,0.0000230624,0.0004788295,0.0005018919
0.2931666667,0.0000230094,0.0004777303,0.0005007397
0.2933333333,0.0000229566,0.0004766336,0.0004995902
0.2935000000,0.0000229039,0.0004755395,0.0004984434
0.2936666667,0.0000228513,0.0004744479,0.0004972992
0.2938333333,0.0000227989,0.0004733587,0.0004961576
0.2940000000,0.0000227465,0.0004722721,0.0004950186
0.2941666667,0.0000226943,0.0004711880,0.0004938823
0.2943333333,0.0000226422,0.0004701063,0.0004927485
0.2945000000,0.0000225902,0.0004690272,0.0004916174
0.2946666667,0.0000225384,0.0004679505,0.0004904888
0.2948333333,0.0000224866,0.0004668763,0.0004893629
0.2950000000,0.0000224350,0.0004658045,0.0004882395
0.2951666667,0.0000223835,0.0004647352,0.0004871187
0.2953333333,0.0000223321,0.0004636684,0.0004860005
0.2955000000,0.0000222809,0.0004626040,0.0004848849
0.2956666667,0.0000222297,0.0004615421,0.0004837718
0.2958333333,0.0000221787,0.0004604826,0.0004826612
0.2960000000,0.0000221278,0.0004594255,0.0004815533
0.2961666667,0.0000220770,0.0004583708,0.0004804478
0.2963333333,0.0000220263,0.0004573186,0.0004793449
0.2965000000,0.0000219757,0.0004562688,0.0004782445
0.2966666667,0.0000219253,0.0004552214,0.0004771467
0.2968333333,0.0000218749,0.0004541764,0.0004760514
0.2970000000,0.0000218247,0.0004531338,0.0004749586
0.2971666667,0.0000217746,0.0004520936,0.0004738683
0.2973333333,0.0000217246,0.0004510558,0.0004727805
0.2975000000,0.0000216748,0.0004500204,0.0004716952
0.2976666667,0.0000216250,0.0004489873,0.0004706123
0.2978333333,0.0000215754,0.0004479566,0.0004695320
0.2980000000,0.0000215258,0.0004469283,0.0004684542
0.2981666667,0.0000214764,0.0004459024,0.0004673788
0.2983333333,0.0000214271,0.0004448788,0.0004663059
0.2985000000,0.0000213779,0.0004438575,0.0004652355
0.2986666667,0.0000213289,0.0004428386,0.0004641675
0.2988333333,0.0000212799,0.0004418220,0.0004631020
0.2990000000,0.0000212311,0.0004408078,0.0004620389
0.2991666667,0.0000211823,0.0004397959,0.0004609782
0.2993333333,0.0000211337,0.0004387863,0.0004599200
0.2995000000,0.0000210852,0.0004377791,0.0004588642
0.2996666667,0.0000210368,0.0004367741,0.0004578109
0.2998333333,0.0000209885,0.0004357715,0.0004567599
0.3000000000,0.0000209403,0.0004347711,0.0004557114
0.3001666667,0.0000208922,0.0004337731,0.0004546653
0.3003333333,0.0000208443,0.0004327773,0.0004536216
0.3005000000,0.0000207964,0.0004317838,0.0004525803
0.3006666667,0.0000207487,0.0004307927,0.0004515413
0.3008333333,0.0000207010,0.0004298037,0.0004505048
0.3010000000,0.0000206535,0.0004288171,0.0004494706
0.3011666667,0.0000206061,0.0004278327,0.0004484388
0.3013333333,0.0000205588,0.0004268506,0.0004474094
0.3015000000,0.0000205116,0.0004258707,0.0004463823
0.3016666667,0.0000204645,0.0004248931,0.0004453576
0.3018333333,0.0000204176,0.0004239177,0.0004443353
0.3020000000,0.0000203707,0.0004229446,0.0004433153
0.3021666667,0.0000203239,0.0004219737,0.0004422976
0.3023333333,0.0000202773,0.0004210050,0.0004412823
0.3025000000,0.0000202307,0.0004200386,0.0004402693
0.3026666667,0.0000201843,0.0004190744,0.0004392586
0.3028333333,0.0000201379,0.0004181123,0.0004382503
0.3030000000,0.0000200917,0.0004171525,0.0004372443
0.3031666667,0.0000200456,0.0004161949,0.0004362405
0.3033333333,0.0000199996,0.0004152395,0.0004352391
0.3035000000,0.0000199537,0.0004142863,0.0004342400
0.3036666667,0.0000199079,0.0004133353,0.0004332432
0.3038333333,0.0000198622,0.0004123865,0.0004322486
0.3040000000,0.0000198166,0.0004114398,0.0004312564
0.3041666667,0.0000197711,0.0004104953,0.0004302664
0.3043333333,0.0000197257,0.0004095530,0.0004292787
0.3045000000,0.0000196804,0.0004086128,0.0004282932
0.3046666667,0.0000196352,0.0004076748,0.0004273101
0.3048333333,0.0000195901,0.0004067390,0.0004263291
0.3050000000,0.0000195452,0.0004058053,0.0004253505
0.3051666667,0.0000195003,0.0004048737,0.0004243740
0.3053333333,0.0000194555,0.0004039443,0.0004233999
0.3055000000,0.0000194109,0.0004030170,0.0004224279
0.3056666667,0.0000193663,0.0004020919,0.0004214582
0.3058333333,0.0000193219,0.0004011689,0.0004204907
0.3060000000,0.0000192775,0.0004002479,0.0004195255
0.3061666667,0.0000192333,0.0003993291,0.0004185624
0.3063333333,0.0000191891,0.0003984125,0.0004176016
0.3065000000,0.0000191451,0.0003974979,0.0004166429
0.3066666667,0.0000191011,0.0003965854,0.0004156865
0.3068333333,0.0000190573,0.0003956750,0.0004147323
0.3070000000,0.0000190135,0.0003947667,0.0004137802
0.3071666667,0.0000189699,0.0003938605,0.0004128304
0.3073333333,0.0000189263,0.0003929564,0.0004118827
0.3075000000,0.0000188829,0.0003920543,0.0004109372
0.3076666667,0.0000188395,0.0003911543,0.0004099938
0.3078333333,0.0000187963,0.0003902564,0.0004090527
0.3080000000,0.0000187531,0.0003893605,0.0004081137
0.3081666667,0.0000187101,0.0003884667,0.0004071768
0.3083333333,0.0000186671,0.0003875750,0.0004062421
0.3085000000,0.0000186243,0.0003866853,0.0004053095
0.3086666667,0.0000185815,0.0003857976,0.0004043791
0.3088333333,0.0000185389,0.0003849120,0.0004034508
0.3090000000,0.0000184963,0.0003840284,0.0004025247
0.3091666667,0.0000184538,0.0003831468,0.0004016007
0.3093333333,0.0000184115,0.0003822673,0.0004006788
0.3095000000,0.0000183692,0.0003813898,0.0003997590
0.3096666667,0.0000183270,0.0003805143,0.0003988413
0.3098333333,0.0000182850,0.0003796408,0.0003979257
0.3100000000,0.0000182430,0.0003787693,0.0003970123
0.3101666667,0.0000182011,0.0003778998,0.0003961009
0.3103333333,0.0000181593,0.0003770323,0.0003951916
0.3105000000,0.0000181177,0.0003761668,0.0003942844
0.3106666667,0.0000180761,0.0003753033,0.0003933793
0.3108333333,0.0000180346,0.0003744417,0.0003924763
0.3110000000,0.0000179932,0.0003735822,0.0003915753
0.3111666667,0.0000179519,0.0003727246,0.0003906765
0.3113333333,0.0000179107,0.0003718690,0.0003897796
0.3115000000,0.0000178695,0.0003710153,0.0003888849
0.3116666667,0.0000178285,0.0003701636,0.0003879922
0.3118333333,0.0000177876,0.0003693139,0.0003871015
0.3120000000,0.0000177468,0.0003684661,0.0003862129
0.3121666667,0.0000177060,0.0003676203,0.0003853263
0.3123333333,0.0000176654,0.0003667764,0.0003844418
0.3125000000,0.0000176248,0.0003659344,0.0003835592
0.3126666667,0.0000175844,0.0003650944,0.0003826788
0.3128333333,0.0000175440,0.0003642563,0.0003818003
0.3130000000,0.0000175037,0.0003634201,0.0003809238
0.3131666667,0.0000174635,0.0003625859,0.0003800494
0.3133333333,0.0000174235,0.0003617535,0.0003791770
0.3135000000,0.0000173835,0.0003609231,0.0003783066
0.3136666667,0.0000173436,0.0003600946,0.0003774381
0.3138333333,0.0000173037,0.0003592679,0.0003765717
0.3140000000,0.0000172640,0.0003584432,0.0003757072
0.3141666667,0.0000172244,0.0003576204,0.0003748448
0.3143333333,0.0000171848,0.0003567995,0.0003739843
0.3145000000,0.0000171454,0.0003559804,0.0003731258
0.3146666667,0.0000171060,0.0003551632,0.0003722693
0.3148333333,0.0000170668,0.0003543479,0.0003714147
0.3150000000,0.0000170276,0.0003535345,0.0003705621
0.3151666667,0.0000169885,0.0003527229,0.0003697114
0.3153333333,0.0000169495,0.0003519132,0.0003688627
0.3155000000,0.0000169106,0.0003511054,0.0003680160
0.3156666667,0.0000168718,0.0003502994,0.0003671712
0.3158333333,0.0000168330,0.0003494953,0.0003663283
0.3160000000,0.0000167944,0.0003486930,0.0003654874
0.3161666667,0.0000167559,0.0003478925,0.0003646484
0.3163333333,0.0000167174,0.0003470939,0.0003638113
0.3165000000,0.0000166790,0.0003462971,0.0003629761
0.3166666667,0.0000166407,0.0003455022,0.0003621429
0.3168333333,0.0000166025,0.0003447091,0.0003613116
0.3170000000,0.0000165644,0.0003439178,0.0003604822
0.3171666667,0.0000165264,0.0003431283,0.0003596547
0.3173333333,0.0000164884,0.0003423406,0.0003588291
0.3175000000,0.0000164506,0.0003415547,0.0003580053
0.3176666667,0.0000164128,0.0003407707,0.0003571835
0.3178333333,0.0000163752,0.0003399884,0.0003563636
0.3180000000,0.0000163376,0.0003392079,0.0003555455
0.3181666667,0.0000163001,0.0003384293,0.0003547293
0.3183333333,0.0000162626,0.0003376524,0.0003539150
0.3185000000,0.0000162253,0.0003368773,0.0003531026
0.3186666667,0.0000161881,0.0003361040,0.0003522920
0.3188333333,0.0000161509,0.0003353324,0.0003514833
0.3190000000,0.0000161138,0.0003345626,0.0003506765
0.3191666667,0.0000160768,0.0003337946,0.0003498715
0.3193333333,0.0000160399,0.0003330284,0.0003490683
0.3195000000,0.0000160031,0.0003322639,0.0003482670
0.3196666667,0.0000159664,0.0003315011,0.0003474675
0.3198333333,0.0000159297,0.0003307402,0.0003466699
0.3200000000,0.0000158932,0.0003299809,0.0003458741
0.3201666667,0.0000158567,0.0003292234,0.0003450801
0.3203333333,0.0000158203,0.0003284677,0.0003442880
0.3205000000,0.0000157840,0.0003277137,0.0003434976
0.3206666667,0.0000157477,0.0003269614,0.0003427091
0.3208333333,0.0000157116,0.0003262108,0.0003419224
0.3210000000,0.0000156755,0.0003254620,0.0003411375
0.3211666667,0.0000156395,0.0003247149,0.0003403544
0.3213333333,0.0000156036,0.0003239695,0.0003395731
0.3215000000,0.0000155678,0.0003232258,0.0003387936
0.3216666667,0.0000155321,0.0003224838,0.0003380158
0.3218333333,0.0000154964,0.0003217435,0.0003372399
0.3220000000,0.0000154608,0.0003210049,0.0003364657
0.3221666667,0.0000154253,0.0003202680,0.0003356934
0.3223333333,0.0000153899,0.0003195328,0.0003349228
0.3225000000,0.0000153546,0.0003187993,0.0003341539
0.3226666667,0.0000153194,0.0003180675,0.0003333868
0.3228333333,0.0000152842,0.0003173373,0.0003326215
0.3230000000,0.0000152491,0.0003166089,0.0003318580
0.3231666667,0.0000152141,0.0003158821,0.0003310962
0.3233333333,0.0000151792,0.0003151569,0.0003303361
0.3235000000,0.0000151443,0.0003144335,0.0003295778
0.3236666667,0.0000151096,0.0003137117,0.0003288212
0.3238333333,0.0000150749,0.0003129915,0.0003280664
0.3240000000,0.0000150403,0.0003122730,0.0003273133
0.3241666667,0.0000150057,0.0003115562,0.0003265619
0.3243333333,0.0000149713,0.0003108410,0.0003258123
0.3245000000,0.0000149369,0.0003101274,0.0003250644
0.3246666667,0.0000149026,0.0003094155,0.0003243182
0.3248333333,0.0000148684,0.0003087052,0.0003235737
0.3250000000,0.0000148343,0.0003079966,0.0003228309
0.3251666667,0.0000148002,0.0003072896,0.0003220898
0.3253333333,0.0000147663,0.0003065842,0.0003213504
0.3255000000,0.0000147324,0.0003058804,0.0003206127
0.3256666667,0.0000146986,0.0003051782,0.0003198768
0.3258333333,0.0000146648,0.0003044776,0.0003191425
0.3260000000,0.0000146311,0.0003037787,0.0003184098
0.3261666667,0.0000145976,0.0003030814,0.0003176789
0.3263333333,0.0000145641,0.0003023856,0.0003169497
0.3265000000,0.0000145306,0.0003016915,0.0003162221
0.3266666667,0.0000144973,0.0003009989,0.0003154962
0.3268333333,0.0000144640,0.0003003080,0.0003147719
0.3270000000,0.0000144308,0.0002996186,0.0003140494
0.3271666667,0.0000143977,0.0002989308,0.0003133284
0.3273333333,0.0000143646,0.0002982446,0.0003126092
0.3275000000,0.0000143316,0.0002975599,0.0003118916
0.3276666667,0.0000142987,0.0002968769,0.0003111756
0.3278333333,0.0000142659,0.0002961954,0.0003104613
0.3280000000,0.0000142332,0.0002955154,0.0003097486
0.3281666667,0.0000142005,0.0002948370,0.0003090375
0.3283333333,0.0000141679,0.0002941602,0.0003083281
0.3285000000,0.0000141354,0.0002934850,0.0003076203
0.3286666667,0.0000141029,0.0002928112,0.0003069142
0.3288333333,0.0000140705,0.0002921391,0.0003062096
0.3290000000,0.0000140382,0.0002914685,0.0003055067
0.3291666667,0.0000140060,0.0002907994,0.0003048054
0.3293333333,0.0000139739,0.0002901318,0.0003041057
0.3295000000,0.0000139418,0.0002894658,0.0003034076
0.3296666667,0.0000139098,0.0002888013,0.0003027111
0.3298333333,0.0000138778,0.0002881384,0.0003020162
0.3300000000,0.0000138460,0.0002874769,0.0003013229
0.3301666667,0.0000138142,0.0002868170,0.0003006312
0.3303333333,0.0000137825,0.0002861586,0.0002999411
0.3305000000,0.0000137509,0.0002855017,0.0002992525
0.3306666667,0.0000137193,0.0002848463,0.0002985656
0.3308333333,0.0000136878,0.0002841924,0.0002978802
0.3310000000,0.0000136564,0.0002835400,0.0002971964
0.3311666667,0.0000136250,0.0002828892,0.0002965142
0.3313333333,0.0000135937,0.0002822398,0.0002958335
0.3315000000,0.0000135625,0.0002815919,0.0002951544
0.3316666667,0.0000135314,0.0002809454,0.0002944769
0.3318333333,0.0000135003,0.0002803005,0.0002938009
0.3320000000,0.0000134694,0.0002796571,0.0002931264
0.3321666667,0.0000134384,0.0002790151,0.0002924535
0.3323333333,0.0000134076,0.0002783746,0.0002917822
0.3325000000,0.0000133768,0.0002777356,0.0002911124
0.3326666667,0.0000133461,0.0002770980,0.0002904441
0.3328333333,0.0000133155,0.0002764619,0.0002897774
0.3330000000,0.0000132849,0.0002758273,0.0002891122
0.3331666667,0.0000132544,0.0002751941,0.0002884485
0.3333333333,0.0000132240,0.0002745624,0.0002877864
0.3335000000,0.0000131936,0.0002739321,0.0002871257
0.3336666667,0.0000131633,0.0002733033,0.0002864666
0.3338333333,0.0000131331,0.0002726759,0.0002858090
0.3340000000,0.0000131030,0.0002720499,0.0002851529
0.3341666667,0.0000130729,0.0002714254,0.0002844983
0.3343333333,0.0000130429,0.0002708024,0.0002838452
0.3345000000,0.0000130129,0.0002701807,0.0002831936
0.3346666667,0.0000129831,0.0002695605,0.0002825436
0.3348333333,0.0000129533,0.0002689417,0.0002818950
0.3350000000,0.0000129235,0.0002683243,0.0002812479
0.3351666667,0.0000128939,0.0002677084,0.0002806022
0.3353333333,0.0000128643,0.0002670938,0.0002799581
0.3355000000,0.0000128347,0.0002664807,0.0002793154
0.3356666667,0.0000128053,0.0002658690,0.0002786742
0.3358333333,0.0000127759,0.0002652587,0.0002780345
0.3360000000,0.0000127465,0.0002646497,0.0002773963
0.3361666667,0.0000127173,0.0002640422,0.0002767595
0.3363333333,0.0000126881,0.0002634361,0.0002761242
0.3365000000,0.0000126590,0.0002628314,0.0002754903
0.3366666667,0.0000126299,0.0002622280,0.0002748579
0.3368333333,0.0000126009,0.0002616260,0.0002742270
0.3370000000,0.0000125720,0.0002610255,0.0002735974
0.3371666667,0.0000125431,0.0002604263,0.0002729694
0.3373333333,0.0000125143,0.0002598284,0.0002723428
0.3375000000,0.0000124856,0.0002592320,0.0002717176
0.3376666667,0.0000124569,0.0002586369,0.0002710938
0.3378333333,0.0000124283,0.0002580432,0.0002704715
0.3380000000,0.0000123998,0.0002574508,0.0002698506
0.3381666667,0.0000123714,0.0002568598,0.0002692312
0.3383333333,0.0000123430,0.0002562702,0.0002686131
0.3385000000,0.0000123146,0.0002556819,0.0002679965
0.3386666667,0.0000122863,0.0002550950,0.0002673813
0.3388333333,0.0000122581,0.0002545094,0.0002667675
0.3390000000,0.0000122300,0.0002539251,0.0002661552
0.3391666667,0.0000122019,0.0002533422,0.0002655442
0.3393333333,0.0000121739,0.0002527607,0.0002649346
0.3395000000,0.0000121460,0.0002521804,0.0002643264
0.3396666667,0.0000121181,0.0002516016,0.0002637196
0.3398333333,0.0000120903,0.0002510240,0.0002631143
0.3400000000,0.0000120625,0.0002504477,0.0002625103
0.3401666667,0.0000120348,0.0002498728,0.0002619077
0.3403333333,0.0000120072,0.0002492992,0.0002613064
0.3405000000,0.0000119796,0.0002487269,0.0002607066
0.3406666667,0.0000119521,0.0002481560,0.0002601081
0.3408333333,0.0000119247,0.0002475863,0.0002595110
0.3410000000,0.0000118973,0.0002470180,0.0002589153
0.3411666667,0.0000118700,0.0002464509,0.0002583209
0.3413333333,0.0000118428,0.0002458852,0.0002577279
0.3415000000,0.0000118156,0.0002453207,0.0002571363
0.3416666667,0.0000117885,0.0002447576,0.0002565460
0.3418333333,0.0000117614,0.0002441957,0.0002559571
0.3420000000,0.0000117344,0.0002436352,0.0002553696
0.3421666667,0.0000117075,0.0002430759,0.0002547833
0.3423333333,0.0000116806,0.0002425179,0.0002541985
0.3425000000,0.0000116538,0.0002419612,0.0002536149
0.3426666667,0.0000116270,0.0002414057,0.0002530327
0.3428333333,0.0000116003,0.0002408516,0.0002524519
0.3430000000,0.0000115737,0.0002402987,0.0002518724
0.3431666667,0.0000115471,0.0002397471,0.0002512942
0.3433333333,0.0000115206,0.0002391967,0.0002507173
0.3435000000,0.0000114942,0.0002386476,0.0002501418
0.3436666667,0.0000114678,0.0002380998,0.0002495676
0.3438333333,0.0000114415,0.0002375532,0.0002489947
0.3440000000,0.0000114152,0.0002370079,0.0002484231
0.3441666667,0.0000113890,0.0002364638,0.0002478528
0.3443333333,0.0000113629,0.0002359210,0.0002472839
0.3445000000,0.0000113368,0.0002353794,0.0002467162
0.3446666667,0.0000113107,0.0002348391,0.0002461498
0.3448333333,0.0000112848,0.0002343000,0.0002455848
0.3450000000,0.0000112589,0.0002337622,0.0002450210
0.3451666667,0.0000112330,0.0002332255,0.0002444586
0.3453333333,0.0000112072,0.0002326902,0.0002438974
0.3455000000,0.0000111815,0.0002321560,0.0002433375
0.3456666667,0.0000111559,0.0002316231,0.0002427789
0.3458333333,0.0000111302,0.0002310914,0.0002422216
0.3460000000,0.0000111047,0.0002305609,0.0002416656
0.3461666667,0.0000110792,0.0002300316,0.0002411108
0.3463333333,0.0000110538,0.0002295036,0.0002405573
0.3465000000,0.0000110284,0.0002289767,0.0002400051
0.3466666667,0.0000110031,0.0002284511,0.0002394542
0.3468333333,0.0000109778,0.0002279267,0.0002389045
0.3470000000,0.0000109526,0.0002274034,0.0002383561
0.3471666667,0.0000109275,0.0002268814,0.0002378089
0.3473333333,0.0000109024,0.0002263606,0.0002372630
0.3475000000,0.0000108774,0.0002258410,0.0002367183
0.3476666667,0.0000108524,0.0002253225,0.0002361749
0.3478333333,0.0000108275,0.0002248053,0.0002356328
0.3480000000,0.0000108026,0.0002242892,0.0002350919
0.3481666667,0.0000107778,0.0002237744,0.0002345522
0.3483333333,0.0000107531,0.0002232607,0.0002340138
0.3485000000,0.0000107284,0.0002227482,0.0002334766
0.3486666667,0.0000107038,0.0002222368,0.0002329406
0.3488333333,0.0000106792,0.0002217267,0.0002324059
0.3490000000,0.0000106547,0.0002212177,0.0002318724
0.3491666667,0.0000106302,0.0002207099,0.0002313401
0.3493333333,0.0000106058,0.0002202032,0.0002308090
0.3495000000,0.0000105815,0.0002196977,0.0002302792
0.3496666667,0.0000105572,0.0002191934,0.0002297506
0.3498333333,0.0000105330,0.0002186902,0.0002292232
0.3500000000,0.0000105088,0.0002181882,0.0002286970
0.3501666667,0.0000104847,0.0002176873,0.0002281720
0.3503333333,0.0000104606,0.0002171876,0.0002276482
0.3505000000,0.0000104366,0.0002166891,0.0002271256
0.3506666667,0.0000104126,0.0002161916,0.0002266043
0.3508333333,0.0000103887,0.0002156954,0.0002260841
0.3510000000,0.0000103649,0.0002152002,0.0002255651
0.3511666667,0.0000103411,0.0002147062,0.0002250473
0.3513333333,0.0000103173,0.0002142133,0.0002245307
0.3515000000,0.0000102936,0.0002137216,0.0002240152
0.3516666667,0.0000102700,0.0002132310,0.0002235010
0.3518333333,0.0000102464,0.0002127415,0.0002229879
0.3520000000,0.0000102229,0.0002122531,0.0002224761
0.3521666667,0.0000101995,0.0002117659,0.0002219653
0.3523333333,0.0000101760,0.0002112798,0.0002214558
0.3525000000,0.0000101527,0.0002107948,0.0002209474
0.3526666667,0.0000101294,0.0002103109,0.0002204402
0.3528333333,0.0000101061,0.0002098281,0.0002199342
0.3530000000,0.0000100829,0.0002093464,0.0002194293
0.3531666667,0.0000100598,0.0002088658,0.0002189256
0.3533333333,0.0000100367,0.0002083864,0.0002184231
0.3535000000,0.0000100136,0.0002079080,0.0002179217
0.3536666667,0.0000099907,0.0002074308,0.0002174214
0.3538333333,0.0000099677,0.0002069546,0.0002169223
0.3540000000,0.0000099448,0.0002064795,0.0002164243
0.3541666667,0.0000099220,0.0002060055,0.0002159275
0.3543333333,0.0000098992,0.0002055326,0.0002154319
0.3545000000,0.0000098765,0.0002050608,0.0002149373
0.3546666667,0.0000098538,0.0002045901,0.0002144439
0.3548333333,0.0000098312,0.0002041204,0.0002139516
0.3550000000,0.0000098086,0.0002036519,0.0002134605
0.3551666667,0.0000097861,0.0002031844,0.0002129705
0.3553333333,0.0000097637,0.0002027179,0.0002124816
0.3555000000,0.0000097413,0.0002022526,0.0002119938
0.3556666667,0.0000097189,0.0002017883,0.0002115072
0.3558333333,0.0000096966,0.0002013251,0.0002110217
0.3560000000,0.0000096743,0.0002008629,0.0002105372
0.3561666667,0.0000096521,0.0002004018,0.0002100539
0.3563333333,0.0000096300,0.0001999418,0.0002095718
0.3565000000,0.0000096079,0.0001994828,0.0002090907
0.3566666667,0.0000095858,0.0001990249,0.0002086107
0.3568333333,0.0000095638,0.0001985680,0.0002081318
0.3570000000,0.0000095418,0.0001981122,0.0002076540
0.3571666667,0.0000095199,0.0001976574,0.0002071773
0.3573333333,0.0000094981,0.0001972037,0.0002067018
0.3575000000,0.0000094763,0.0001967510,0.0002062273
0.3576666667,0.0000094545,0.0001962993,0.0002057538
0.3578333333,0.0000094328,0.0001958487,0.0002052815
0.3580000000,0.0000094112,0.0001953991,0.0002048103
0.3581666667,0.0000093896,0.0001949506,0.0002043401
0.3583333333,0.0000093680,0.0001945031,0.0002038711
0.3585000000,0.0000093465,0.0001940566,0.0002034031
0.3586666667,0.0000093250,0.0001936111,0.0002029361
0.3588333333,0.0000093036,0.0001931666,0.0002024703
0.3590000000,0.0000092823,0.0001927232,0.0002020055
0.3591666667,0.0000092610,0.0001922808,0.0002015418
0.3593333333,0.0000092397,0.0001918394,0.0002010791
0.3595000000,0.0000092185,0.0001913990,0.0002006175
0.3596666667,0.0000091973,0.0001909597,0.0002001570
0.3598333333,0.0000091762,0.0001905213,0.0001996975
0.3600000000,0.0000091552,0.0001900839,0.0001992391
0.3601666667,0.0000091342,0.0001896476,0.0001987817
0.3603333333,0.0000091132,0.0001892122,0.0001983254
0.3605000000,0.0000090923,0.0001887779,0.0001978702
0.3606666667,0.0000090714,0.0001883445,0.0001974159
0.3608333333,0.0000090506,0.0001879122,0.0001969628
0.3610000000,0.0000090298,0.0001874808,0.0001965106
0.3611666667,0.0000090091,0.0001870505,0.0001960595
0.3613333333,0.0000089884,0.0001866211,0.0001956094
0.3615000000,0.0000089677,0.0001861927,0.0001951604
0.3616666667,0.0000089472,0.0001857652,0.0001947124
0.3618333333,0.0000089266,0.0001853388,0.0001942654
0.3620000000,0.0000089061,0.0001849134,0.0001938195
0.3621666667,0.0000088857,0.0001844889,0.0001933746
0.3623333333,0.0000088653,0.0001840654,0.0001929307
0.3625000000,0.0000088449,0.0001836428,0.0001924878
0.3626666667,0.0000088246,0.0001832213,0.0001920459
0.3628333333,0.0000088044,0.0001828007,0.0001916051
0.3630000000,0.0000087842,0.0001823810,0.0001911652
0.3631666667,0.0000087640,0.0001819624,0.0001907264
0.3633333333,0.0000087439,0.0001815447,0.0001902886
0.3635000000,0.0000087238,0.0001811279,0.0001898517
0.3636666667,0.0000087038,0.0001807121,0.0001894159
0.3638333333,0.0000086838,0.0001802973,0.0001889811
0.3640000000,0.0000086639,0.0001798834,0.0001885473
0.3641666667,0.0000086440,0.0001794705,0.0001881145
0.3643333333,0.0000086241,0.0001790585,0.0001876826
0.3645000000,0.0000086043,0.0001786474,0.0001872518
0.3646666667,0.0000085846,0.0001782374,0.0001868219
0.3648333333,0.0000085649,0.0001778282,0.0001863931
0.3650000000,0.0000085452,0.0001774200,0.0001859652
0.3651666667,0.0000085256,0.0001770127,0.0001855383
0.3653333333,0.0000085060,0.0001766064,0.0001851124
0.3655000000,0.0000084865,0.0001762009,0.0001846875
0.3656666667,0.0000084670,0.0001757965,0.0001842635
0.3658333333,0.0000084476,0.0001753929,0.0001838405
0.3660000000,0.0000084282,0.0001749903,0.0001834185
0.3661666667,0.0000084089,0.0001745886,0.0001829974
0.3663333333,0.0000083895,0.0001741878,0.0001825774
0.3665000000,0.0000083703,0.0001737879,0.0001821582
0.3666666667,0.0000083511,0.0001733890,0.0001817401
0.3668333333,0.0000083319,0.0001729910,0.0001813229
0.3670000000,0.0000083128,0.0001725939,0.0001809066
0.3671666667,0.0000082937,0.0001721977,0.0001804914
0.3673333333,0.0000082747,0.0001718024,0.0001800770
0.3675000000,0.0000082557,0.0001714080,0.0001796637
0.3676666667,0.0000082367,0.0001710145,0.0001792512
0.3678333333,0.0000082178,0.0001706219,0.0001788397
0.3680000000,0.0000081989,0.0001702303,0.0001784292
0.3681666667,0.0000081801,0.0001698395,0.0001780196
0.3683333333,0.0000081613,0.0001694496,0.0001776110
0.3685000000,0.0000081426,0.0001690606,0.0001772032
0.3686666667,0.0000081239,0.0001686725,0.0001767965
0.3688333333,0.0000081053,0.0001682853,0.0001763906
0.3690000000,0.0000080867,0.0001678990,0.0001759857
0.3691666667,0.0000080681,0.0001675136,0.0001755817
0.3693333333,0.0000080496,0.0001671291,0.0001751786
0.3695000000,0.0000080311,0.0001667454,0.0001747765
0.3696666667,0.0000080127,0.0001663626,0.0001743753
0.3698333333,0.0000079943,0.0001659807,0.0001739750
0.3700000000,0.0000079759,0.0001655997,0.0001735756
0.3701666667,0.0000079576,0.0001652196,0.0001731772
0.3703333333,0.0000079393,0.0001648403,0.0001727796
0.3705000000,0.0000079211,0.0001644619,0.0001723830
0.3706666667,0.0000079029,0.0001640844,0.0001719873
0.3708333333,0.0000078848,0.0001637077,0.0001715925
0.3710000000,0.0000078667,0.0001633319,0.0001711986
0.3711666667,0.0000078486,0.0001629570,0.0001708056
0.3713333333,0.0000078306,0.0001625829,0.0001704135
0.3715000000,0.0000078126,0.0001622097,0.0001700223
0.3716666667,0.0000077947,0.0001618373,0.0001696320
0.3718333333,0.0000077768,0.0001614658,0.0001692426
0.3720000000,0.0000077590,0.0001610951,0.0001688541
0.3721666667,0.0000077411,0.0001607253,0.0001684665
0.3723333333,0.0000077234,0.0001603564,0.0001680798
0.3725000000,0.0000077056,0.0001599883,0.0001676939
0.3726666667,0.0000076880,0.0001596210,0.0001673090
0.3728333333,0.0000076703,0.0001592546,0.0001669249
0.3730000000,0.0000076527,0.0001588890,0.0001665417
0.3731666667,0.0000076351,0.0001585243,0.0001661594
0.3733333333,0.0000076176,0.0001581604,0.0001657780
0.3735000000,0.0000076001,0.0001577973,0.0001653974
0.3736666667,0.0000075827,0.0001574351,0.0001650177
0.3738333333,0.0000075653,0.0001570737,0.0001646389
0.3740000000,0.0000075479,0.0001567131,0.0001642610
0.3741666667,0.0000075306,0.0001563533,0.0001638839
0.3743333333,0.0000075133,0.0001559944,0.0001635077
0.3745000000,0.0000074960,0.0001556363,0.0001631324
0.3746666667,0.0000074788,0.0001552791,0.0001627579
0.3748333333,0.0000074617,0.0001549226,0.0001623843
0.3750000000,0.0000074445,0.0001545670,0.0001620115
0.3751666667,0.0000074274,0.0001542122,0.0001616396
0.3753333333,0.0000074104,0.0001538581,0.0001612685
0.3755000000,0.0000073934,0.0001535050,0.0001608983
0.3756666667,0.0000073764,0.0001531526,0.0001605290
0.3758333333,0.0000073595,0.0001528010,0.0001601605
0.3760000000,0.0000073426,0.0001524502,0.0001597928
0.3761666667,0.0000073257,0.0001521003,0.0001594260
0.3763333333,0.0000073089,0.0001517511,0.0001590600
0.3765000000,0.0000072921,0.0001514028,0.0001586949
0.3766666667,0.0000072754,0.0001510552,0.0001583306
0.3768333333,0.0000072587,0.0001507085,0.0001579672
0.3770000000,0.0000072420,0.0001503625,0.0001576045
0.3771666667,0.0000072254,0.0001500173,0.0001572427
0.3773333333,0.0000072088,0.0001496730,0.0001568818
0.3775000000,0.0000071923,0.0001493294,0.0001565216
0.3776666667,0.0000071758,0.0001489866,0.0001561623
0.3778333333,0.0000071593,0.0001486446,0.0001558039
0.3780000000,0.0000071429,0.0001483033,0.0001554462
0.3781666667,0.0000071265,0.0001479629,0.0001550894
0.3783333333,0.0000071101,0.0001476232,0.0001547333
0.3785000000,0.0000070938,0.0001472844,0.0001543781
0.3786666667,0.0000070775,0.0001469463,0.0001540238
0.3788333333,0.0000070612,0.0001466089,0.0001536702
0.3790000000,0.0000070450,0.0001462724,0.0001533174
0.3791666667,0.0000070289,0.0001459366,0.0001529655
0.3793333333,0.0000070127,0.0001456016,0.0001526143
0.3795000000,0.0000069966,0.0001452674,0.0001522640
0.3796666667,0.0000069806,0.0001449339,0.0001519145
0.3798333333,0.0000069645,0.0001446012,0.0001515657
0.3800000000,0.0000069486,0.0001442693,0.0001512178
0.3801666667,0.0000069326,0.0001439381,0.0001508707
0.3803333333,0.0000069167,0.0001436077,0.0001505243
0.3805000000,0.0000069008,0.0001432780,0.0001501788
0.3806666667,0.0000068850,0.0001429491,0.0001498341
0.3808333333,0.0000068692,0.0001426209,0.0001494901
0.3810000000,0.0000068534,0.0001422935,0.0001491469
0.3811666667,0.0000068377,0.0001419669,0.0001488046
0.3813333333,0.0000068220,0.0001416410,0.0001484630
0.3815000000,0.0000068063,0.0001413159,0.0001481222
0.3816666667,0.0000067907,0.0001409915,0.0001477821
0.3818333333,0.0000067751,0.0001406678,0.0001474429
0.3820000000,0.0000067595,0.0001403449,0.0001471044
0.3821666667,0.0000067440,0.0001400227,0.0001467667
0.3823333333,0.0000067285,0.0001397013,0.0001464298
0.3825000000,0.0000067131,0.0001393806,0.0001460937
0.3826666667,0.0000066977,0.0001390606,0.0001457583
0.3828333333,0.0000066823,0.0001387414,0.0001454237
0.3830000000,0.0000066670,0.0001384229,0.0001450899
0.3831666667,0.0000066517,0.0001381052,0.0001447568
0.3833333333,0.0000066364,0.0001377881,0.0001444245
0.3835000000,0.0000066212,0.0001374718,0.0001440930
0.3836666667,0.0000066060,0.0001371563,0.0001437622
0.3838333333,0.0000065908,0.0001368414,0.0001434322
0.3840000000,0.0000065757,0.0001365273,0.0001431030
0.3841666667,0.0000065606,0.0001362139,0.0001427745
0.3843333333,0.0000065455,0.0001359012,0.0001424467
0.3845000000,0.0000065305,0.0001355892,0.0001421197
0.3846666667,0.0000065155,0.0001352780,0.0001417935
0.3848333333,0.0000065005,0.0001349674,0.0001414680
0.3850000000,0.0000064856,0.0001346576,0.0001411432
0.3851666667,0.0000064707,0.0001343485,0.0001408192
0.3853333333,0.0000064559,0.0001340401,0.0001404960
0.3855000000,0.0000064411,0.0001337324,0.0001401734
0.3856666667,0.0000064263,0.0001334254,0.0001398517
0.3858333333,0.0000064115,0.0001331191,0.0001395306
0.3860000000,0.0000063968,0.0001328135,0.0001392103
0.3861666667,0.0000063821,0.0001325086,0.0001388908
0.3863333333,0.0000063675,0.0001322045,0.0001385719
0.3865000000,0.0000063529,0.0001319010,0.0001382538
0.3866666667,0.0000063383,0.0001315982,0.0001379365
0.3868333333,0.0000063237,0.0001312961,0.0001376198
0.3870000000,0.0000063092,0.0001309947,0.0001373039
0.3871666667,0.0000062947,0.0001306940,0.0001369887
0.3873333333,0.0000062803,0.0001303940,0.0001366742
0.3875000000,0.0000062659,0.0001300946,0.0001363605
0.3876666667,0.0000062515,0.0001297960,0.0001360475
0.3878333333,0.0000062371,0.0001294980,0.0001357352
0.3880000000,0.0000062228,0.0001292008,0.0001354236
0.3881666667,0.0000062085,0.0001289042,0.0001351127
0.3883333333,0.0000061943,0.0001286083,0.0001348025
0.3885000000,0.0000061800,0.0001283130,0.0001344931
0.3886666667,0.0000061659,0.0001280185,0.0001341844
0.3888333333,0.0000061517,0.0001277246,0.0001338763
0.3890000000,0.0000061376,0.0001274314,0.0001335690
0.3891666667,0.0000061235,0.0001271389,0.0001332624
0.3893333333,0.0000061094,0.0001268470,0.0001329565
0.3895000000,0.0000060954,0.0001265559,0.0001326513
0.3896666667,0.0000060814,0.0001262653,0.0001323468
0.3898333333,0.0000060675,0.0001259755,0.0001320429
0.3900000000,0.0000060535,0.0001256863,0.0001317398
0.3901666667,0.0000060396,0.0001253978,0.0001314374
0.3903333333,0.0000060258,0.0001251099,0.0001311357
0.3905000000,0.0000060119,0.0001248227,0.0001308347
0.3906666667,0.0000059981,0.0001245362,0.0001305343
0.3908333333,0.0000059844,0.0001242503,0.0001302347
0.3910000000,0.0000059706,0.0001239651,0.0001299357
0.3911666667,0.0000059569,0.0001236805,0.0001296374
0.3913333333,0.0000059432,0.0001233966,0.0001293398
0.3915000000,0.0000059296,0.0001231133,0.0001290429
0.3916666667,0.0000059160,0.0001228307,0.0001287467
0.3918333333,0.0000059024,0.0001225487,0.0001284512
0.3920000000,0.0000058889,0.0001222674,0.0001281563
0.3921666667,0.0000058753,0.0001219868,0.0001278621
0.3923333333,0.0000058619,0.0001217067,0.0001275686
0.3925000000,0.0000058484,0.0001214273,0.0001272757
0.3926666667,0.0000058350,0.0001211486,0.0001269836
0.3928333333,0.0000058216,0.0001208705,0.0001266921
0.3930000000,0.0000058082,0.0001205930,0.0001264012
0.3931666667,0.0000057949,0.0001203162,0.0001261111
0.3933333333,0.0000057816,0.0001200400,0.0001258216
0.3935000000,0.0000057683,0.0001197644,0.0001255328
0.3936666667,0.0000057551,0.0001194895,0.0001252446
0.3938333333,0.0000057419,0.0001192152,0.0001249571
0.3940000000,0.0000057287,0.0001189416,0.0001246702
0.3941666667,0.0000057155,0.0001186685,0.0001243840
0.3943333333,0.0000057024,0.0001183961,0.0001240985
0.3945000000,0.0000056893,0.0001181243,0.0001238136
0.3946666667,0.0000056763,0.0001178532,0.0001235294
0.3948333333,0.0000056632,0.0001175826,0.0001232458
0.3950000000,0.0000056502,0.0001173127,0.0001229629
0.3951666667,0.0000056373,0.0001170434,0.0001226807
0.3953333333,0.0000056243,0.0001167747,0.0001223990
0.3955000000,0.0000056114,0.0001165067,0.0001221181
0.3956666667,0.0000055985,0.0001162392,0.0001218377
0.3958333333,0.0000055857,0.0001159724,0.0001215580
0.3960000000,0.0000055728,0.0001157062,0.0001212790
0.3961666667,0.0000055601,0.0001154405,0.0001210006
0.3963333333,0.0000055473,0.0001151755,0.0001207228
0.3965000000,0.0000055346,0.0001149111,0.0001204457
0.3966666667,0.0000055219,0.0001146474,0.0001201692
0.3968333333,0.0000055092,0.0001143842,0.0001198934
0.3970000000,0.0000054965,0.0001141216,0.0001196181
0.3971666667,0.0000054839,0.0001138596,0.0001193435
0.3973333333,0.0000054713,0.0001135983,0.0001190696
0.3975000000,0.0000054588,0.0001133375,0.0001187963
0.3976666667,0.0000054462,0.0001130773,0.0001185235
0.3978333333,0.0000054337,0.0001128177,0.0001182515
0.3980000000,0.0000054213,0.0001125588,0.0001179800
0.3981666667,0.0000054088,0.0001123004,0.0001177092
0.3983333333,0.0000053964,0.0001120426,0.0001174390
0.3985000000,0.0000053840,0.0001117854,0.0001171694
0.3986666667,0.0000053716,0.0001115288,0.0001169004
0.3988333333,0.0000053593,0.0001112727,0.0001166321
0.3990000000,0.0000053470,0.0001110173,0.0001163643
0.3991666667,0.0000053347,0.0001107625,0.0001160972
0.3993333333,0.0000053225,0.0001105082,0.0001158307
0.3995000000,0.0000053103,0.0001102545,0.0001155648
0.3996666667,0.0000052981,0.0001100014,0.0001152995
0.3998333333,0.0000052859,0.0001097489,0.0001150348
0.4000000000,0.0000052738,0.0001094970,0.0001147708
0.4001666667,0.0000052617,0.0001092456,0.0001145073
0.4003333333,0.0000052496,0.0001089948,0.0001142444
0.4005000000,0.0000052376,0.0001087446,0.0001139822
0.4006666667,0.0000052255,0.0001084950,0.0001137205
0.4008333333,0.0000052135,0.0001082459,0.0001134595
0.4010000000,0.0000052016,0.0001079975,0.0001131990
0.4011666667,0.0000051896,0.0001077495,0.0001129392
0.4013333333,0.0000051777,0.0001075022,0.0001126799
0.4015000000,0.0000051658,0.0001072554,0.0001124212
0.4016666667,0.0000051540,0.0001070092,0.0001121632
0.4018333333,0.0000051421,0.0001067636,0.0001119057
0.4020000000,0.0000051303,0.0001065185,0.0001116488
0.4021666667,0.0000051186,0.0001062740,0.0001113925
0.4023333333,0.0000051068,0.0001060300,0.0001111368
0.4025000000,0.0000050951,0.0001057866,0.0001108817
0.4026666667,0.0000050834,0.0001055438,0.0001106271
0.4028333333,0.0000050717,0.0001053015,0.0001103732
0.4030000000,0.0000050601,0.0001050598,0.0001101198
0.4031666667,0.0000050485,0.0001048186,0.0001098670
0.4033333333,0.0000050369,0.0001045780,0.0001096148
0.4035000000,0.0000050253,0.0001043379,0.0001093632
0.4036666667,0.0000050138,0.0001040984,0.0001091122
0.4038333333,0.0000050023,0.0001038594,0.0001088617
0.4040000000,0.0000049908,0.0001036210,0.0001086118
0.4041666667,0.0000049793,0.0001033831,0.0001083625
0.4043333333,0.0000049679,0.0001031458,0.0001081137
0.4045000000,0.0000049565,0.0001029090,0.0001078655
0.4046666667,0.0000049451,0.0001026728,0.0001076179
0.4048333333,0.0000049338,0.0001024371,0.0001073709
0.4050000000,0.0000049224,0.0001022020,0.0001071244
0.4051666667,0.0000049111,0.0001019673,0.0001068785
0.4053333333,0.0000048999,0.0001017333,0.0001066331
0.4055000000,0.0000048886,0.0001014997,0.0001063883
0.4056666667,0.0000048774,0.0001012667,0.0001061441
0.4058333333,0.0000048662,0.0001010343,0.0001059005
0.4060000000,0.0000048550,0.0001008023,0.0001056574
0.4061666667,0.0000048439,0.0001005709,0.0001054148
0.4063333333,0.0000048328,0.0001003401,0.0001051728
0.4065000000,0.0000048217,0.0001001097,0.0001049314
0.4066666667,0.0000048106,0.0000998799,0.0001046905
0.4068333333,0.0000047996,0.0000996506,0.0001044502
0.4070000000,0.0000047885,0.0000994219,0.0001042104
0.4071666667,0.0000047775,0.0000991937,0.0001039712
0.4073333333,0.0000047666,0.0000989660,0.0001037325
0.4075000000,0.0000047556,0.0000987388,0.0001034944
0.4076666667,0.0000047447,0.0000985121,0.0001032568
0.4078333333,0.0000047338,0.0000982860,0.0001030198
0.4080000000,0.0000047230,0.0000980604,0.0001027833
0.4081666667,0.0000047121,0.0000978352,0.0001025474
0.4083333333,0.0000047013,0.0000976107,0.0001023120
0.4085000000,0.0000046905,0.0000973866,0.0001020771
0.4086666667,0.0000046797,0.0000971630,0.0001018428
0.4088333333,0.0000046690,0.0000969400,0.0001016090
0.4090000000,0.0000046583,0.0000967175,0.0001013757
0.4091666667,0.0000046476,0.0000964954,0.0001011430
0.4093333333,0.0000046369,0.0000962739,0.0001009108
0.4095000000,0.0000046263,0.0000960529,0.0001006792
0.4096666667,0.0000046157,0.0000958324,0.0001004481
0.4098333333,0.0000046051,0.0000956124,0.0001002175
0.4100000000,0.0000045945,0.0000953930,0.0000999874
0.4101666667,0.0000045839,0.0000951740,0.0000997579
0.4103333333,0.0000045734,0.0000949555,0.0000995289
0.4105000000,0.0000045629,0.0000947375,0.0000993004
0.4106666667,0.0000045524,0.0000945200,0.0000990725
0.4108333333,0.0000045420,0.0000943031,0.0000988451
0.4110000000,0.0000045316,0.0000940866,0.0000986182
0.4111666667,0.0000045212,0.0000938706,0.0000983918
0.4113333333,0.0000045108,0.0000936551,0.0000981659
0.4115000000,0.0000045004,0.0000934401,0.0000979406
0.4116666667,0.0000044901,0.0000932256,0.0000977157
0.4118333333,0.0000044798,0.0000930116,0.0000974914
0.4120000000,0.0000044695,0.0000927981,0.0000972676
0.4121666667,0.0000044593,0.0000925851,0.0000970443
0.4123333333,0.0000044490,0.0000923725,0.0000968216
0.4125000000,0.0000044388,0.0000921605,0.0000965993
0.4126666667,0.0000044286,0.0000919489,0.0000963776
0.4128333333,0.0000044184,0.0000917379,0.0000961563
0.4130000000,0.0000044083,0.0000915273,0.0000959356
0.4131666667,0.0000043982,0.0000913172,0.0000957154
0.4133333333,0.0000043881,0.0000911075,0.0000954956
0.4135000000,0.0000043780,0.0000908984,0.0000952764
0.4136666667,0.0000043680,0.0000906897,0.0000950577
0.4138333333,0.0000043579,0.0000904816,0.0000948395
0.4140000000,0.0000043479,0.0000902738,0.0000946218
0.4141666667,0.0000043380,0.0000900666,0.0000944046
0.4143333333,0.0000043280,0.0000898599,0.0000941879
0.4145000000,0.0000043181,0.0000896536,0.0000939716
0.4146666667,0.0000043081,0.0000894478,0.0000937559
0.4148333333,0.0000042983,0.0000892424,0.0000935407
0.4150000000,0.0000042884,0.0000890376,0.0000933260
0.4151666667,0.0000042785,0.0000888332,0.0000931117
0.4153333333,0.0000042687,0.0000886293,0.0000928980
0.4155000000,0.0000042589,0.0000884258,0.0000926847
0.4156666667,0.0000042491,0.0000882228,0.0000924720
0.4158333333,0.0000042394,0.0000880203,0.0000922597
0.4160000000,0.0000042297,0.0000878183,0.0000920479
0.4161666667,0.0000042200,0.0000876167,0.0000918366
0.4163333333,0.0000042103,0.0000874155,0.0000916258
0.4165000000,0.0000042006,0.0000872149,0.0000914155
0.4166666667,0.0000041910,0.0000870147,0.0000912056
0.4168333333,0.0000041813,0.0000868149,0.0000909962
0.4170000000,0.0000041717,0.0000866156,0.0000907874
0.4171666667,0.0000041622,0.0000864168,0.0000905789
0.4173333333,0.0000041526,0.0000862184,0.0000903710
0.4175000000,0.0000041431,0.0000860205,0.0000901636
0.4176666667,0.0000041336,0.0000858230,0.0000899566
0.4178333333,0.0000041241,0.0000856260,0.0000897501
0.4180000000,0.0000041146,0.0000854295,0.0000895441
0.4181666667,0.0000041052,0.0000852333,0.0000893385
0.4183333333,0.0000040957,0.0000850377,0.0000891334
0.4185000000,0.0000040863,0.0000848425,0.0000889288
0.4186666667,0.0000040770,0.0000846477,0.0000887247
0.4188333333,0.0000040676,0.0000844534,0.0000885210
0.4190000000,0.0000040583,0.0000842595,0.0000883178
0.4191666667,0.0000040489,0.0000840661,0.0000881151
0.4193333333,0.0000040396,0.0000838731,0.0000879128
0.4195000000,0.0000040304,0.0000836806,0.0000877110
0.4196666667,0.0000040211,0.0000834885,0.0000875096
0.4198333333,0.0000040119,0.0000832968,0.0000873087
0.4200000000,0.0000040027,0.0000831056,0.0000871083
0.4201666667,0.0000039935,0.0000829149,0.0000869084
0.4203333333,0.0000039843,0.0000827245,0.0000867088
0.4205000000,0.0000039752,0.0000825346,0.0000865098
0.4206666667,0.0000039661,0.0000823452,0.0000863112
0.4208333333,0.0000039570,0.0000821561,0.0000861131
0.4210000000,0.0000039479,0.0000819675,0.0000859154
0.4211666667,0.0000039388,0.0000817794,0.0000857182
0.4213333333,0.0000039298,0.0000815916,0.0000855214
0.4215000000,0.0000039207,0.0000814043,0.0000853251
0.4216666667,0.0000039117,0.0000812175,0.0000851292
0.4218333333,0.0000039028,0.0000810310,0.0000849338
0.4220000000,0.0000038938,0.0000808450,0.0000847388
0.4221666667,0.0000038849,0.0000806594,0.0000845443
0.4223333333,0.0000038759,0.0000804743,0.0000843502
0.4225000000,0.0000038671,0.0000802895,0.0000841566
0.4226666667,0.0000038582,0.0000801052,0.0000839634
0.4228333333,0.0000038493,0.0000799213,0.0000837707
0.4230000000,0.0000038405,0.0000797379,0.0000835784
0.4231666667,0.0000038317,0.0000795548,0.0000833865
0.4233333333,0.0000038229,0.0000793722,0.0000831951
0.4235000000,0.0000038141,0.0000791900,0.0000830041
0.4236666667,0.0000038053,0.0000790082,0.0000828136
0.4238333333,0.0000037966,0.0000788269,0.0000826235
0.4240000000,0.0000037879,0.0000786459,0.0000824338
0.4241666667,0.0000037792,0.0000784654,0.0000822446
0.4243333333,0.0000037705,0.0000782852,0.0000820558
0.4245000000,0.0000037619,0.0000781055,0.0000818674
0.4246666667,0.0000037532,0.0000779262,0.0000816795
0.4248333333,0.0000037446,0.0000777474,0.0000814920
0.4250000000,0.0000037360,0.0000775689,0.0000813049
0.4251666667,0.0000037274,0.0000773908,0.0000811183
0.4253333333,0.0000037189,0.0000772132,0.0000809320
0.4255000000,0.0000037103,0.0000770359,0.0000807463
0.4256666667,0.0000037018,0.0000768591,0.0000805609
0.4258333333,0.0000036933,0.0000766826,0.0000803760
0.4260000000,0.0000036848,0.0000765066,0.0000801915
0.4261666667,0.0000036764,0.0000763310,0.0000800074
0.4263333333,0.0000036680,0.0000761558,0.0000798237
0.4265000000,0.0000036595,0.0000759809,0.0000796405
0.4266666667,0.0000036511,0.0000758065,0.0000794577
0.4268333333,0.0000036427,0.0000756325,0.0000792753
0.4270000000,0.0000036344,0.0000754589,0.0000790933
0.4271666667,0.0000036260,0.0000752857,0.0000789117
0.4273333333,0.0000036177,0.0000751128,0.0000787306
0.4275000000,0.0000036094,0.0000749404,0.0000785498
0.4276666667,0.0000036011,0.0000747684,0.0000783695
0.4278333333,0.0000035929,0.0000745967,0.0000781896
0.4280000000,0.0000035846,0.0000744255,0.0000780101
0.4281666667,0.0000035764,0.0000742547,0.0000778310
0.4283333333,0.0000035682,0.0000740842,0.0000776524
0.4285000000,0.0000035600,0.0000739141,0.0000774741
0.4286666667,0.0000035518,0.0000737445,0.0000772963
0.4288333333,0.0000035437,0.0000735752,0.0000771188
0.4290000000,0.0000035355,0.0000734063,0.0000769418
0.4291666667,0.0000035274,0.0000732378,0.0000767652
0.4293333333,0.0000035193,0.0000730696,0.0000765890
0.4295000000,0.0000035112,0.0000729019,0.0000764131
0.4296666667,0.0000035032,0.0000727346,0.0000762377
0.4298333333,0.0000034951,0.0000725676,0.0000760627
0.4300000000,0.0000034871,0.0000724010,0.0000758881
0.4301666667,0.0000034791,0.0000722348,0.0000757139
0.4303333333,0.0000034711,0.0000720690,0.0000755401
0.4305000000,0.0000034631,0.0000719036,0.0000753667
0.4306666667,0.0000034552,0.0000717385,0.0000751937
0.4308333333,0.0000034473,0.0000715738,0.0000750211
0.4310000000,0.0000034394,0.0000714095,0.0000748489
0.4311666667,0.0000034315,0.0000712456,0.0000746770
0.4313333333,0.0000034236,0.0000710820,0.0000745056
0.4315000000,0.0000034157,0.0000709189,0.0000743346
0.4316666667,0.0000034079,0.0000707561,0.0000741639
0.4318333333,0.0000034001,0.0000705936,0.0000739937
0.4320000000,0.0000033923,0.0000704316,0.0000738238
0.4321666667,0.0000033845,0.0000702699,0.0000736544
0.4323333333,0.0000033767,0.0000701086,0.0000734853
0.4325000000,0.0000033689,0.0000699477,0.0000733166
0.4326666667,0.0000033612,0.0000697871,0.0000731483
0.4328333333,0.0000033535,0.0000696269,0.0000729804
0.4330000000,0.0000033458,0.0000694671,0.0000728129
0.4331666667,0.0000033381,0.0000693076,0.0000726457
0.4333333333,0.0000033305,0.0000691485,0.0000724789
0.4335000000,0.0000033228,0.0000689898,0.0000723126
0.4336666667,0.0000033152,0.0000688314,0.0000721466
0.4338333333,0.0000033076,0.0000686734,0.0000719809
0.4340000000,0.0000033000,0.0000685157,0.0000718157
0.4341666667,0.0000032924,0.0000683584,0.0000716509
0.4343333333,0.0000032848,0.0000682015,0.0000714864
0.4345000000,0.0000032773,0.0000680450,0.0000713223
0.4346666667,0.0000032698,0.0000678888,0.0000711585
0.4348333333,0.0000032623,0.0000677329,0.0000709952
0.4350000000,0.0000032548,0.0000675774,0.0000708322
0.4351666667,0.0000032473,0.0000674223,0.0000706696
0.4353333333,0.0000032399,0.0000672675,0.0000705074
0.4355000000,0.0000032324,0.0000671131,0.0000703455
0.4356666667,0.0000032250,0.0000669591,0.0000701841
0.4358333333,0.0000032176,0.0000668053,0.0000700229
0.4360000000,0.0000032102,0.0000666520,0.0000698622
0.4361666667,0.0000032028,0.0000664990,0.0000697018
0.4363333333,0.0000031955,0.0000663463,0.0000695418
0.4365000000,0.0000031882,0.0000661940,0.0000693822
0.4366666667,0.0000031808,0.0000660421,0.0000692229
0.4368333333,0.0000031735,0.0000658905,0.0000690640
0.4370000000,0.0000031663,0.0000657392,0.0000689055
0.4371666667,0.0000031590,0.0000655883,0.0000687473
0.4373333333,0.0000031517,0.0000654377,0.0000685895
0.4375000000,0.0000031445,0.0000652875,0.0000684320
0.4376666667,0.0000031373,0.0000651377,0.0000682749
0.4378333333,0.0000031301,0.0000649881,0.0000681182
0.4380000000,0.0000031229,0.0000648389,0.0000679618
0.4381666667,0.0000031157,0.0000646901,0.0000678058
0.4383333333,0.0000031086,0.0000645416,0.0000676502
0.4385000000,0.0000031014,0.0000643934,0.0000674949
0.4386666667,0.0000030943,0.0000642456,0.0000673399
0.4388333333,0.0000030872,0.0000640981,0.0000671854
0.4390000000,0.0000030801,0.0000639510,0.0000670311
0.4391666667,0.0000030731,0.0000638042,0.0000668773
0.4393333333,0.0000030660,0.0000636577,0.0000667237
0.4395000000,0.0000030590,0.0000635116,0.0000665706
0.4396666667,0.0000030519,0.0000633658,0.0000664177
0.4398333333,0.0000030449,0.0000632204,0.0000662653
0.4400000000,0.0000030379,0.0000630752,0.0000661132
0.4401666667,0.0000030310,0.0000629304,0.0000659614
0.4403333333,0.0000030240,0.0000627860,0.0000658100
0.4405000000,0.0000030171,0.0000626418,0.0000656589
0.4406666667,0.0000030101,0.0000624980,0.0000655082
0.4408333333,0.0000030032,0.0000623546,0.0000653578
0.4410000000,0.0000029963,0.0000622114,0.0000652078
0.4411666667,0.0000029895,0.0000620686,0.0000650581
0.4413333333,0.0000029826,0.0000619261,0.0000649087
0.4415000000,0.0000029758,0.0000617840,0.0000647597
0.4416666667,0.0000029689,0.0000616422,0.0000646111
0.4418333333,0.0000029621,0.0000615007,0.0000644628
0.4420000000,0.0000029553,0.0000613595,0.0000643148
0.4421666667,0.0000029485,0.0000612186,0.0000641671
0.4423333333,0.0000029418,0.0000610781,0.0000640198
0.4425000000,0.0000029350,0.0000609379,0.0000638729
0.4426666667,0.0000029283,0.0000607980,0.0000637263
0.4428333333,0.0000029215,0.0000606584,0.0000635800
0.4430000000,0.0000029148,0.0000605192,0.0000634340
0.4431666667,0.0000029081,0.0000603803,0.0000632884
0.4433333333,0.0000029015,0.0000602417,0.0000631431
0.4435000000,0.0000028948,0.0000601034,0.0000629982
0.4436666667,0.0000028882,0.0000599654,0.0000628536
0.4438333333,0.0000028815,0.0000598277,0.0000627093
0.4440000000,0.0000028749,0.0000596904,0.0000625653
0.4441666667,0.0000028683,0.0000595534,0.0000624217
0.4443333333,0.0000028617,0.0000594167,0.0000622784
0.4445000000,0.0000028552,0.0000592803,0.0000621354
0.4446666667,0.0000028486,0.0000591442,0.0000619928
0.4448333333,0.0000028421,0.0000590084,0.0000618505
0.4450000000,0.0000028355,0.0000588730,0.0000617085
0.4451666667,0.0000028290,0.0000587378,0.0000615669
0.4453333333,0.0000028225,0.0000586030,0.0000614255
0.4455000000,0.0000028161,0.0000584685,0.0000612845
0.4456666667,0.0000028096,0.0000583342,0.0000611438
0.4458333333,0.0000028031,0.0000582003,0.0000610035
0.4460000000,0.0000027967,0.0000580667,0.0000608634
0.4461666667,0.0000027903,0.0000579334,0.0000607237
0.4463333333,0.0000027839,0.0000578004,0.0000605843
0.4465000000,0.0000027775,0.0000576678,0.0000604452
0.4466666667,0.0000027711,0.0000575354,0.0000603065
0.4468333333,0.0000027648,0.0000574033,0.0000601681
0.4470000000,0.0000027584,0.0000572715,0.0000600299
0.4471666667,0.0000027521,0.0000571401,0.0000598921
0.4473333333,0.0000027458,0.0000570089,0.0000597546
0.4475000000,0.0000027395,0.0000568780,0.0000596175
0.4476666667,0.0000027332,0.0000567474,0.0000594806
0.4478333333,0.0000027269,0.0000566172,0.0000593441
0.4480000000,0.0000027206,0.0000564872,0.0000592079
0.4481666667,0.0000027144,0.0000563575,0.0000590719
0.4483333333,0.0000027082,0.0000562282,0.0000589363
0.4485000000,0.0000027019,0.0000560991,0.0000588010
0.4486666667,0.0000026957,0.0000559703,0.0000586661
0.4488333333,0.0000026896,0.0000558418,0.0000585314
0.4490000000,0.0000026834,0.0000557136,0.0000583970
0.4491666667,0.0000026772,0.0000555857,0.0000582630
0.4493333333,0.0000026711,0.0000554581,0.0000581292
0.4495000000,0.0000026649,0.0000553308,0.0000579958
0.4496666667,0.0000026588,0.0000552038,0.0000578627
0.4498333333,0.0000026527,0.0000550771,0.0000577298
0.4500000000,0.0000026466,0.0000549507,0.0000575973
0.4501666667,0.0000026406,0.0000548245,0.0000574651
0.4503333333,0.0000026345,0.0000546987,0.0000573332
0.4505000000,0.0000026284,0.0000545731,0.0000572016
0.4506666667,0.0000026224,0.0000544478,0.0000570702
0.4508333333,0.0000026164,0.0000543228,0.0000569392
0.4510000000,0.0000026104,0.0000541981,0.0000568085
0.4511666667,0.0000026044,0.0000540737,0.0000566781
0.4513333333,0.0000025984,0.0000539496,0.0000565480
0.4515000000,0.0000025925,0.0000538258,0.0000564182
0.4516666667,0.0000025865,0.0000537022,0.0000562887
0.4518333333,0.0000025806,0.0000535789,0.0000561595
0.4520000000,0.0000025746,0.0000534559,0.0000560306
0.4521666667,0.0000025687,0.0000533332,0.0000559019
0.4523333333,0.0000025628,0.0000532108,0.0000557736
0.4525000000,0.0000025570,0.0000530886,0.0000556456
0.4526666667,0.0000025511,0.0000529668,0.0000555178
0.4528333333,0.0000025452,0.0000528452,0.0000553904
0.4530000000,0.0000025394,0.0000527239,0.0000552632
0.4531666667,0.0000025336,0.0000526028,0.0000551364
0.4533333333,0.0000025277,0.0000524821,0.0000550098
0.4535000000,0.0000025219,0.0000523616,0.0000548835
0.4536666667,0.0000025161,0.0000522414,0.0000547575
0.4538333333,0.0000025104,0.0000521215,0.0000546318
0.4540000000,0.0000025046,0.0000520018,0.0000545064
0.4541666667,0.0000024989,0.0000518825,0.0000543813
0.4543333333,0.0000024931,0.0000517634,0.0000542565
0.4545000000,0.0000024874,0.0000516445,0.0000541319
0.4546666667,0.0000024817,0.0000515260,0.0000540077
0.4548333333,0.0000024760,0.0000514077,0.0000538837
0.4550000000,0.0000024703,0.0000512897,0.0000537600
0.4551666667,0.0000024646,0.0000511719,0.0000536366
0.4553333333,0.0000024590,0.0000510545,0.0000535135
0.4555000000,0.0000024533,0.0000509373,0.0000533906
0.4556666667,0.0000024477,0.0000508204,0.0000532681
0.4558333333,0.0000024421,0.0000507037,0.0000531458
0.4560000000,0.0000024365,0.0000505873,0.0000530238
0.4561666667,0.0000024309,0.0000504712,0.0000529021
0.4563333333,0.0000024253,0.0000503553,0.0000527806
0.4565000000,0.0000024197,0.0000502397,0.0000526595
0.4566666667,0.0000024142,0.0000501244,0.0000525386
0.4568333333,0.0000024086,0.0000500093,0.0000524180
0.4570000000,0.0000024031,0.0000498945,0.0000522976
0.4571666667,0.0000023976,0.0000497800,0.0000521776
0.4573333333,0.0000023921,0.0000496657,0.0000520578
0.4575000000,0.0000023866,0.0000495517,0.0000519383
0.4576666667,0.0000023811,0.0000494380,0.0000518191
0.4578333333,0.0000023757,0.0000493245,0.0000517001
0.4580000000,0.0000023702,0.0000492112,0.0000515814
0.4581666667,0.0000023648,0.0000490983,0.0000514630
0.4583333333,0.0000023593,0.0000489856,0.0000513449
0.4585000000,0.0000023539,0.0000488731,0.0000512270
0.4586666667,0.0000023485,0.0000487609,0.0000511094
0.4588333333,0.0000023431,0.0000486490,0.0000509921
0.4590000000,0.0000023377,0.0000485373,0.0000508751
0.4591666667,0.0000023324,0.0000484259,0.0000507583
0.4593333333,0.0000023270,0.0000483147,0.0000506417
0.4595000000,0.0000023217,0.0000482038,0.0000505255
0.4596666667,0.0000023163,0.0000480932,0.0000504095
0.4598333333,0.0000023110,0.0000479828,0.0000502938
0.4600000000,0.0000023057,0.0000478726,0.0000501783
0.4601666667,0.0000023004,0.0000477627,0.0000500632
0.4603333333,0.0000022952,0.0000476531,0.0000499482
0.4605000000,0.0000022899,0.0000475437,0.0000498336
0.4606666667,0.0000022846,0.0000474345,0.0000497192
0.4608333333,0.0000022794,0.0000473257,0.0000496050
0.4610000000,0.0000022742,0.0000472170,0.0000494912
0.4611666667,0.0000022689,0.0000471086,0.0000493776
0.4613333333,0.0000022637,0.0000470005,0.0000492642
0.4615000000,0.0000022585,0.0000468926,0.0000491511
0.4616666667,0.0000022533,0.0000467850,0.0000490383
0.4618333333,0.0000022482,0.0000466776,0.0000489257
0.4620000000,0.0000022430,0.0000465704,0.0000488134
0.4621666667,0.0000022379,0.0000464635,0.0000487014
0.4623333333,0.0000022327,0.0000463568,0.0000485896
0.4625000000,0.0000022276,0.0000462504,0.0000484780
0.4626666667,0.0000022225,0.0000461442,0.0000483667
0.4628333333,0.0000022174,0.0000460383,0.0000482557
0.4630000000,0.0000022123,0.0000459326,0.0000481449
0.4631666667,0.0000022072,0.0000458272,0.0000480344
0.4633333333,0.0000022021,0.0000457220,0.0000479241
0.4635000000,0.0000021971,0.0000456170,0.0000478141
0.4636666667,0.0000021920,0.0000455123,0.0000477044
0.4638333333,0.0000021870,0.0000454078,0.0000475949
0.4640000000,0.0000021820,0.0000453036,0.0000474856
0.4641666667,0.0000021770,0.0000451996,0.0000473766
0.4643333333,0.0000021720,0.0000450959,0.0000472678
0.4645000000,0.0000021670,0.0000449923,0.0000471593
0.4646666667,0.0000021620,0.0000448891,0.0000470511
0.4648333333,0.0000021571,0.0000447860,0.0000469431
0.4650000000,0.0000021521,0.0000446832,0.0000468353
0.4651666667,0.0000021472,0.0000445806,0.0000467278
0.4653333333,0.0000021422,0.0000444783,0.0000466205
0.4655000000,0.0000021373,0.0000443762,0.0000465135
0.4656666667,0.0000021324,0.0000442743,0.0000464067
0.4658333333,0.0000021275,0.0000441727,0.0000463002
0.4660000000,0.0000021226,0.0000440713,0.0000461939
0.4661666667,0.0000021178,0.0000439701,0.0000460879
0.4663333333,0.0000021129,0.0000438692,0.0000459821
0.4665000000,0.0000021081,0.0000437685,0.0000458765
0.4666666667,0.0000021032,0.0000436680,0.0000457712
0.4668333333,0.0000020984,0.0000435678,0.0000456661
0.4670000000,0.0000020936,0.0000434677,0.0000455613
0.4671666667,0.0000020888,0.0000433680,0.0000454567
0.4673333333,0.0000020840,0.0000432684,0.0000453524
0.4675000000,0.0000020792,0.0000431691,0.0000452483
0.4676666667,0.0000020744,0.0000430700,0.0000451444
0.4678333333,0.0000020697,0.0000429711,0.0000450408
0.4680000000,0.0000020649,0.0000428725,0.0000449374
0.4681666667,0.0000020602,0.0000427741,0.0000448342
0.4683333333,0.0000020554,0.0000426759,0.0000447313
0.4685000000,0.0000020507,0.0000425779,0.0000446286
0.4686666667,0.0000020460,0.0000424802,0.0000445262
0.4688333333,0.0000020413,0.0000423826,0.0000444239
0.4690000000,0.0000020366,0.0000422853,0.0000443220
0.4691666667,0.0000020319,0.0000421883,0.0000442202
0.4693333333,0.0000020273,0.0000420914,0.0000441187
0.4695000000,0.0000020226,0.0000419948,0.0000440174
0.4696666667,0.0000020180,0.0000418984,0.0000439164
0.4698333333,0.0000020134,0.0000418022,0.0000438156
0.4700000000,0.0000020087,0.0000417063,0.0000437150
0.4701666667,0.0000020041,0.0000416105,0.0000436146
0.4703333333,0.0000019995,0.0000415150,0.0000435145
0.4705000000,0.0000019949,0.0000414197,0.0000434146
0.4706666667,0.0000019904,0.0000413246,0.0000433150
0.4708333333,0.0000019858,0.0000412298,0.0000432155
0.4710000000,0.0000019812,0.0000411351,0.0000431163
0.4711666667,0.0000019767,0.0000410407,0.0000430174
0.4713333333,0.0000019721,0.0000409465,0.0000429186
0.4715000000,0.0000019676,0.0000408525,0.0000428201
0.4716666667,0.0000019631,0.0000407587,0.0000427218
0.4718333333,0.0000019586,0.0000406651,0.0000426237
0.4720000000,0.0000019541,0.0000405718,0.0000425259
0.4721666667,0.0000019496,0.0000404787,0.0000424283
0.4723333333,0.0000019451,0.0000403857,0.0000423309
0.4725000000,0.0000019407,0.0000402930,0.0000422337
0.4726666667,0.0000019362,0.0000402005,0.0000421367
0.4728333333,0.0000019318,0.0000401082,0.0000420400
0.4730000000,0.0000019273,0.0000400162,0.0000419435
0.4731666667,0.0000019229,0.0000399243,0.0000418472
0.4733333333,0.0000019185,0.0000398327,0.0000417512
0.4735000000,0.0000019141,0.0000397412,0.0000416553
0.4736666667,0.0000019097,0.0000396500,0.0000415597
0.4738333333,0.0000019053,0.0000395590,0.0000414643
0.4740000000,0.0000019009,0.0000394682,0.0000413691
0.4741666667,0.0000018966,0.0000393776,0.0000412741
0.4743333333,0.0000018922,0.0000392872,0.0000411794
0.4745000000,0.0000018879,0.0000391970,0.0000410849
0.4746666667,0.0000018835,0.0000391070,0.0000409906
0.4748333333,0.0000018792,0.0000390172,0.0000408965
0.4750000000,0.0000018749,0.0000389277,0.0000408026
0.4751666667,0.0000018706,0.0000388383,0.0000407089
0.4753333333,0.0000018663,0.0000387492,0.0000406155
0.4755000000,0.0000018620,0.0000386602,0.0000405222
0.4756666667,0.0000018577,0.0000385715,0.0000404292
0.4758333333,0.0000018535,0.0000384829,0.0000403364
0.4760000000,0.0000018492,0.0000383946,0.0000402438
0.4761666667,0.0000018450,0.0000383064,0.0000401514
0.4763333333,0.0000018407,0.0000382185,0.0000400592
0.4765000000,0.0000018365,0.0000381308,0.0000399673
0.4766666667,0.0000018323,0.0000380432,0.0000398755
0.4768333333,0.0000018281,0.0000379559,0.0000397840
0.4770000000,0.0000018239,0.0000378688,0.0000396927
0.4771666667,0.0000018197,0.0000377818,0.0000396016
0.4773333333,0.0000018155,0.0000376951,0.0000395107
0.4775000000,0.0000018114,0.0000376086,0.0000394200
0.4776666667,0.0000018072,0.0000375222,0.0000393295
0.4778333333,0.0000018031,0.0000374361,0.0000392392
0.4780000000,0.0000017989,0.0000373502,0.0000391491
0.4781666667,0.0000017948,0.0000372644,0.0000390592
0.4783333333,0.0000017907,0.0000371789,0.0000389696
0.4785000000,0.0000017866,0.0000370935,0.0000388801
0.4786666667,0.0000017825,0.0000370084,0.0000387909
0.4788333333,0.0000017784,0.0000369234,0.0000387018
0.4790000000,0.0000017743,0.0000368387,0.0000386130
0.4791666667,0.0000017702,0.0000367541,0.0000385243
0.4793333333,0.0000017662,0.0000366697,0.0000384359
0.4795000000,0.0000017621,0.0000365856,0.0000383477
0.4796666667,0.0000017581,0.0000365016,0.0000382596
0.4798333333,0.0000017540,0.0000364178,0.0000381718
0.4800000000,0.0000017500,0.0000363342,0.0000380842
0.4801666667,0.0000017460,0.0000362508,0.0000379968
0.4803333333,0.0000017420,0.0000361676,0.0000379095
0.4805000000,0.0000017380,0.0000360845,0.0000378225
0.4806666667,0.0000017340,0.0000360017,0.0000377357
0.4808333333,0.0000017300,0.0000359191,0.0000376491
0.4810000000,0.0000017260,0.0000358366,0.0000375626
0.4811666667,0.0000017221,0.0000357543,0.0000374764
0.4813333333,0.0000017181,0.0000356723,0.0000373904
0.4815000000,0.0000017142,0.0000355904,0.0000373045
0.4816666667,0.0000017102,0.0000355087,0.0000372189
0.4818333333,0.0000017063,0.0000354272,0.0000371335
0.4820000000,0.0000017024,0.0000353458,0.0000370482
0.4821666667,0.0000016985,0.0000352647,0.0000369632
0.4823333333,0.0000016946,0.0000351837,0.0000368783
0.4825000000,0.0000016907,0.0000351030,0.0000367937
0.4826666667,0.0000016868,0.0000350224,0.0000367092
0.4828333333,0.0000016829,0.0000349420,0.0000366249
0.4830000000,0.0000016791,0.0000348618,0.0000365409
0.4831666667,0.0000016752,0.0000347818,0.0000364570
0.4833333333,0.0000016714,0.0000347019,0.0000363733
0.4835000000,0.0000016675,0.0000346223,0.0000362898
0.4836666667,0.0000016637,0.0000345428,0.0000362065
0.4838333333,0.0000016599,0.0000344635,0.0000361234
0.4840000000,0.0000016561,0.0000343844,0.0000360405
0.4841666667,0.0000016523,0.0000343054,0.0000359577
0.4843333333,0.0000016485,0.0000342267,0.0000358752
0.4845000000,0.0000016447,0.0000341481,0.0000357928
0.4846666667,0.0000016409,0.0000340697,0.0000357107
0.4848333333,0.0000016372,0.0000339915,0.0000356287
0.4850000000,0.0000016334,0.0000339135,0.0000355469
0.4851666667,0.0000016297,0.0000338356,0.0000354653
0.4853333333,0.0000016259,0.0000337580,0.0000353839
0.4855000000,0.0000016222,0.0000336805,0.0000353027
0.4856666667,0.0000016185,0.0000336032,0.0000352216
0.4858333333,0.0000016147,0.0000335260,0.0000351408
0.4860000000,0.0000016110,0.0000334491,0.0000350601
0.4861666667,0.0000016073,0.0000333723,0.0000349796
0.4863333333,0.0000016036,0.0000332957,0.0000348993
0.4865000000,0.0000016000,0.0000332192,0.0000348192
0.4866666667,0.0000015963,0.0000331430,0.0000347393
0.4868333333,0.0000015926,0.0000330669,0.0000346595
0.4870000000,0.0000015890,0.0000329910,0.0000345800
0.4871666667,0.0000015853,0.0000329153,0.0000345006
0.4873333333,0.0000015817,0.0000328397,0.0000344214
0.4875000000,0.0000015781,0.0000327643,0.0000343424
0.4876666667,0.0000015744,0.0000326891,0.0000342635
0.4878333333,0.0000015708,0.0000326141,0.0000341849
0.4880000000,0.0000015672,0.0000325392,0.0000341064
0.4881666667,0.0000015636,0.0000324645,0.0000340281
0.4883333333,0.0000015600,0.0000323900,0.0000339500
0.4885000000,0.0000015564,0.0000323156,0.0000338721
0.4886666667,0.0000015529,0.0000322414,0.0000337943
0.4888333333,0.0000015493,0.0000321674,0.0000337167
0.4890000000,0.0000015457,0.0000320936,0.0000336393
0.4891666667,0.0000015422,0.0000320199,0.0000335621
0.4893333333,0.0000015387,0.0000319464,0.0000334851
0.4895000000,0.0000015351,0.0000318731,0.0000334082
0.4896666667,0.0000015316,0.0000317999,0.0000333315
0.4898333333,0.0000015281,0.0000317269,0.0000332550
0.4900000000,0.0000015246,0.0000316541,0.0000331787
0.4901666667,0.0000015211,0.0000315814,0.0000331025
0.4903333333,0.0000015176,0.0000315089,0.0000330265
0.4905000000,0.0000015141,0.0000314366,0.0000329507
0.4906666667,0.0000015106,0.0000313644,0.0000328751
0.4908333333,0.0000015072,0.0000312924,0.0000327996
0.4910000000,0.0000015037,0.0000312206,0.0000327243
0.4911666667,0.0000015003,0.0000311489,0.0000326492
0.4913333333,0.0000014968,0.0000310774,0.0000325742
0.4915000000,0.0000014934,0.0000310061,0.0000324994
0.4916666667,0.0000014899,0.0000309349,0.0000324248
0.4918333333,0.0000014865,0.0000308639,0.0000323504
0.4920000000,0.0000014831,0.0000307930,0.0000322761
0.4921666667,0.0000014797,0.0000307223,0.0000322021
0.4923333333,0.0000014763,0.0000306518,0.0000321281
0.4925000000,0.0000014729,0.0000305815,0.0000320544
0.4926666667,0.0000014695,0.0000305113,0.0000319808
0.4928333333,0.0000014662,0.0000304412,0.0000319074
0.4930000000,0.0000014628,0.0000303713,0.0000318341
0.4931666667,0.0000014594,0.0000303016,0.0000317611
0.4933333333,0.0000014561,0.0000302321,0.0000316881
0.4935000000,0.0000014527,0.0000301627,0.0000316154
0.4936666667,0.0000014494,0.0000300934,0.0000315428
0.4938333333,0.0000014461,0.0000300243,0.0000314704
0.4940000000,0.0000014428,0.0000299554,0.0000313982
0.4941666667,0.0000014395,0.0000298866,0.0000313261
0.4943333333,0.0000014362,0.0000298180,0.0000312542
0.4945000000,0.0000014329,0.0000297496,0.0000311824
0.4946666667,0.0000014296,0.0000296813,0.0000311109
0.4948333333,0.0000014263,0.0000296132,0.0000310394
0.4950000000,0.0000014230,0.0000295452,0.0000309682
0.4951666667,0.0000014197,0.0000294774,0.0000308971
0.4953333333,0.0000014165,0.0000294097,0.0000308262
0.4955000000,0.0000014132,0.0000293422,0.0000307554
0.4956666667,0.0000014100,0.0000292748,0.0000306848
0.4958333333,0.0000014068,0.0000292076,0.0000306144
0.4960000000,0.0000014035,0.0000291406,0.0000305441
0.4961666667,0.0000014003,0.0000290737,0.0000304740
0.4963333333,0.0000013971,0.0000290069,0.0000304040
0.4965000000,0.0000013939,0.0000289404,0.0000303342
0.4966666667,0.0000013907,0.0000288739,0.0000302646
0.4968333333,0.0000013875,0.0000288076,0.0000301951
0.4970000000,0.0000013843,0.0000287415,0.0000301258
0.4971666667,0.0000013811,0.0000286755,0.0000300567
0.4973333333,0.0000013780,0.0000286097,0.0000299877
0.4975000000,0.0000013748,0.0000285440,0.0000299188
0.4976666667,0.0000013716,0.0000284785,0.0000298501
0.4978333333,0.0000013685,0.0000284131,0.0000297816
0.4980000000,0.0000013653,0.0000283479,0.0000297132
0.4981666667,0.0000013622,0.0000282828,0.0000296450
0.4983333333,0.0000013591,0.0000282179,0.0000295770
0.4985000000,0.0000013560,0.0000281531,0.0000295091
0.4986666667,0.0000013528,0.0000280885,0.0000294414
0.4988333333,0.0000013497,0.0000280240,0.0000293738
0.4990000000,0.0000013466,0.0000279597,0.0000293063
0.4991666667,0.0000013436,0.0000278955,0.0000292391
0.4993333333,0.0000013405,0.0000278315,0.0000291719
0.4995000000,0.0000013374,0.0000277676,0.0000291050
0.4996666667,0.0000013343,0.0000277038,0.0000290382
0.4998333333,0.0000013313,0.0000276402,0.0000289715
0.5000000000,0.0000013282,0.0000275768,0.0000289050
0.5001666667,0.0000013252,0.0000275135,0.0000288386
0.5003333333,0.0000013221,0.0000274503,0.0000287724
0.5005000000,0.0000013191,0.0000273873,0.0000287064
0.5006666667,0.0000013160,0.0000273245,0.0000286405
0.5008333333,0.0000013130,0.0000272617,0.0000285748
0.5010000000,0.0000013100,0.0000271991,0.0000285092
0.5011666667,0.0000013070,0.0000271367,0.0000284437
0.5013333333,0.0000013040,0.0000270744,0.0000283784
0.5015000000,0.0000013010,0.0000270123,0.0000283133
0.5016666667,0.0000012980,0.0000269503,0.0000282483
0.5018333333,0.0000012950,0.0000268884,0.0000281834
0.5020000000,0.0000012921,0.0000268267,0.0000281187
0.5021666667,0.0000012891,0.0000267651,0.0000280542
0.5023333333,0.0000012861,0.0000267036,0.0000279898
0.5025000000,0.0000012832,0.0000266423,0.0000279255
0.5026666667,0.0000012803,0.0000265812,0.0000278614
0.5028333333,0.0000012773,0.0000265202,0.0000277975
0.5030000000,0.0000012744,0.0000264593,0.0000277337
0.5031666667,0.0000012715,0.0000263985,0.0000276700
0.5033333333,0.0000012685,0.0000263379,0.0000276065
0.5035000000,0.0000012656,0.0000262775,0.0000275431
0.5036666667,0.0000012627,0.0000262172,0.0000274799
0.5038333333,0.0000012598,0.0000261570,0.0000274168
0.5040000000,0.0000012569,0.0000260969,0.0000273539
0.5041666667,0.0000012540,0.0000260370,0.0000272911
0.5043333333,0.0000012512,0.0000259773,0.0000272284
0.5045000000,0.0000012483,0.0000259176,0.0000271659
0.5046666667,0.0000012454,0.0000258581,0.0000271036
0.5048333333,0.0000012426,0.0000257988,0.0000270413
0.5050000000,0.0000012397,0.0000257395,0.0000269793
0.5051666667,0.0000012369,0.0000256805,0.0000269173
0.5053333333,0.0000012340,0.0000256215,0.0000268555
0.5055000000,0.0000012312,0.0000255627,0.0000267939
0.5056666667,0.0000012284,0.0000255040,0.0000267324
0.5058333333,0.0000012256,0.0000254455,0.0000266710
0.5060000000,0.0000012227,0.0000253871,0.0000266098
0.5061666667,0.0000012199,0.0000253288,0.0000265487
0.5063333333,0.0000012171,0.0000252706,0.0000264878
0.5065000000,0.0000012143,0.0000252126,0.0000264270
0.5066666667,0.0000012115,0.0000251547,0.0000263663
0.5068333333,0.0000012088,0.0000250970,0.0000263058
0.5070000000,0.0000012060,0.0000250394,0.0000262454
0.5071666667,0.0000012032,0.0000249819,0.0000261851
0.5073333333,0.0000012005,0.0000249246,0.0000261250
0.5075000000,0.0000011977,0.0000248673,0.0000260651
0.5076666667,0.0000011950,0.0000248103,0.0000260052
0.5078333333,0.0000011922,0.0000247533,0.0000259455
0.5080000000,0.0000011895,0.0000246965,0.0000258860
0.5081666667,0.0000011867,0.0000246398,0.0000258265
0.5083333333,0.0000011840,0.0000245832,0.0000257673
0.5085000000,0.0000011813,0.0000245268,0.0000257081
0.5086666667,0.0000011786,0.0000244705,0.0000256491
0.5088333333,0.0000011759,0.0000244143,0.0000255902
0.5090000000,0.0000011732,0.0000243583,0.0000255315
0.5091666667,0.0000011705,0.0000243024,0.0000254729
0.5093333333,0.0000011678,0.0000242466,0.0000254144
0.5095000000,0.0000011651,0.0000241909,0.0000253560
0.5096666667,0.0000011625,0.0000241354,0.0000252978
0.5098333333,0.0000011598,0.0000240800,0.0000252398
0.5100000000,0.0000011571,0.0000240247,0.0000251818
0.5101666667,0.0000011545,0.0000239696,0.0000251240
0.5103333333,0.0000011518,0.0000239145,0.0000250663
0.5105000000,0.0000011492,0.0000238596,0.0000250088
0.5106666667,0.0000011465,0.0000238049,0.0000249514
0.5108333333,0.0000011439,0.0000237502,0.0000248941
0.5110000000,0.0000011413,0.0000236957,0.0000248370
0.5111666667,0.0000011387,0.0000236413,0.0000247800
0.5113333333,0.0000011360,0.0000235870,0.0000247231
0.5115000000,0.0000011334,0.0000235329,0.0000246663
0.5116666667,0.0000011308,0.0000234789,0.0000246097
0.5118333333,0.0000011282,0.0000234250,0.0000245532
0.5120000000,0.0000011256,0.0000233712,0.0000244968
0.5121666667,0.0000011231,0.0000233175,0.0000244406
0.5123333333,0.0000011205,0.0000232640,0.0000243845
0.5125000000,0.0000011179,0.0000232106,0.0000243285
0.5126666667,0.0000011153,0.0000231573,0.0000242727
0.5128333333,0.0000011128,0.0000231042,0.0000242170
0.5130000000,0.0000011102,0.0000230511,0.0000241614
0.5131666667,0.0000011077,0.0000229982,0.0000241059
0.5133333333,0.0000011051,0.0000229454,0.0000240506
0.5135000000,0.0000011026,0.0000228927,0.0000239954
0.5136666667,0.0000011001,0.0000228402,0.0000239403
0.5138333333,0.0000010975,0.0000227878,0.0000238853
0.5140000000,0.0000010950,0.0000227355,0.0000238305
0.5141666667,0.0000010925,0.0000226833,0.0000237758
0.5143333333,0.0000010900,0.0000226312,0.0000237212
0.5145000000,0.0000010875,0.0000225792,0.0000236667
0.5146666667,0.0000010850,0.0000225274,0.0000236124
0.5148333333,0.0000010825,0.0000224757,0.0000235582
0.5150000000,0.0000010800,0.0000224241,0.0000235041
0.5151666667,0.0000010776,0.0000223726,0.0000234502
0.5153333333,0.0000010751,0.0000223213,0.0000233963
0.5155000000,0.0000010726,0.0000222700,0.0000233426
0.5156666667,0.0000010701,0.0000222189,0.0000232891
0.5158333333,0.0000010677,0.0000221679,0.0000232356
0.5160000000,0.0000010652,0.0000221170,0.0000231823
0.5161666667,0.0000010628,0.0000220662,0.0000231290
0.5163333333,0.0000010604,0.0000220156,0.0000230759
0.5165000000,0.0000010579,0.0000219651,0.0000230230
0.5166666667,0.0000010555,0.0000219146,0.0000229701
0.5168333333,0.0000010531,0.0000218643,0.0000229174
0.5170000000,0.0000010507,0.0000218141,0.0000228648
0.5171666667,0.0000010482,0.0000217641,0.0000228123
0.5173333333,0.0000010458,0.0000217141,0.0000227599
0.5175000000,0.0000010434,0.0000216642,0.0000227077
0.5176666667,0.0000010410,0.0000216145,0.0000226556
0.5178333333,0.0000010386,0.0000215649,0.0000226035
0.5180000000,0.0000010363,0.0000215154,0.0000225517
0.5181666667,0.0000010339,0.0000214660,0.0000224999
0.5183333333,0.0000010315,0.0000214167,0.0000224482
0.5185000000,0.0000010291,0.0000213676,0.0000223967
0.5186666667,0.0000010268,0.0000213185,0.0000223453
0.5188333333,0.0000010244,0.0000212696,0.0000222940
0.5190000000,0.0000010221,0.0000212208,0.0000222428
0.5191666667,0.0000010197,0.0000211720,0.0000221918
0.5193333333,0.0000010174,0.0000211234,0.0000221408
0.5195000000,0.0000010150,0.0000210749,0.0000220900
0.5196666667,0.0000010127,0.0000210266,0.0000220393
0.5198333333,0.0000010104,0.0000209783,0.0000219887
0.5200000000,0.0000010081,0.0000209301,0.0000219382
0.5201666667,0.0000010058,0.0000208821,0.0000218879
0.5203333333,0.0000010035,0.0000208342,0.0000218376
0.5205000000,0.0000010011,0.0000207863,0.0000217875
0.5206666667,0.0000009989,0.0000207386,0.0000217375
0.5208333333,0.0000009966,0.0000206910,0.0000216876
0.5210000000,0.0000009943,0.0000206435,0.0000216378
0.5211666667,0.0000009920,0.0000205961,0.0000215881
0.5213333333,0.0000009897,0.0000205488,0.0000215386
0.5215000000,0.0000009874,0.0000205017,0.0000214891
0.5216666667,0.0000009852,0.0000204546,0.0000214398
0.5218333333,0.0000009829,0.0000204077,0.0000213906
0.5220000000,0.0000009807,0.0000203608,0.0000213415
0.5221666667,0.0000009784,0.0000203141,0.0000212925
0.5223333333,0.0000009762,0.0000202674,0.0000212436
0.5225000000,0.0000009739,0.0000202209,0.0000211948
0.5226666667,0.0000009717,0.0000201745,0.0000211462
0.5228333333,0.0000009694,0.0000201282,0.0000210976
0.5230000000,0.0000009672,0.0000200820,0.0000210492
0.5231666667,0.0000009650,0.0000200359,0.0000210009
0.5233333333,0.0000009628,0.0000199899,0.0000209527
0.5235000000,0.0000009606,0.0000199440,0.0000209046
0.5236666667,0.0000009584,0.0000198982,0.0000208566
0.5238333333,0.0000009562,0.0000198525,0.0000208087
0.5240000000,0.0000009540,0.0000198070,0.0000207609
0.5241666667,0.0000009518,0.0000197615,0.0000207133
0.5243333333,0.0000009496,0.0000197161,0.0000206657
0.5245000000,0.0000009474,0.0000196709,0.0000206183
0.5246666667,0.0000009452,0.0000196257,0.0000205710
0.5248333333,0.0000009431,0.0000195807,0.0000205237
0.5250000000,0.0000009409,0.0000195357,0.0000204766
0.5251666667,0.0000009388,0.0000194909,0.0000204296
0.5253333333,0.0000009366,0.0000194461,0.0000203827
0.5255000000,0.0000009344,0.0000194015,0.0000203359
0.5256666667,0.0000009323,0.0000193569,0.0000202893
0.5258333333,0.0000009302,0.0000193125,0.0000202427
0.5260000000,0.0000009280,0.0000192682,0.0000201962
0.5261666667,0.0000009259,0.0000192239,0.0000201498
0.5263333333,0.0000009238,0.0000191798,0.0000201036
0.5265000000,0.0000009217,0.0000191358,0.0000200574
0.5266666667,0.0000009195,0.0000190919,0.0000200114
0.5268333333,0.0000009174,0.0000190480,0.0000199655
0.5270000000,0.0000009153,0.0000190043,0.0000199196
0.5271666667,0.0000009132,0.0000189607,0.0000198739
0.5273333333,0.0000009111,0.0000189172,0.0000198283
0.5275000000,0.0000009090,0.0000188737,0.0000197828
0.5276666667,0.0000009069,0.0000188304,0.0000197374
0.5278333333,0.0000009049,0.0000187872,0.0000196920
0.5280000000,0.0000009028,0.0000187441,0.0000196468
0.5281666667,0.0000009007,0.0000187010,0.0000196017
0.5283333333,0.0000008986,0.0000186581,0.0000195567
0.5285000000,0.0000008966,0.0000186153,0.0000195118
0.5286666667,0.0000008945,0.0000185725,0.0000194671
0.5288333333,0.0000008925,0.0000185299,0.0000194224
0.5290000000,0.0000008904,0.0000184874,0.0000193778
0.5291666667,0.0000008884,0.0000184449,0.0000193333
0.5293333333,0.0000008863,0.0000184026,0.0000192889
0.5295000000,0.0000008843,0.0000183603,0.0000192446
0.5296666667,0.0000008823,0.0000183182,0.0000192005
0.5298333333,0.0000008802,0.0000182761,0.0000191564
0.5300000000,0.0000008782,0.0000182342,0.0000191124
0.5301666667,0.0000008762,0.0000181923,0.0000190685
0.5303333333,0.0000008742,0.0000181506,0.0000190248
0.5305000000,0.0000008722,0.0000181089,0.0000189811
0.5306666667,0.0000008702,0.0000180673,0.0000189375
0.5308333333,0.0000008682,0.0000180259,0.0000188940
0.5310000000,0.0000008662,0.0000179845,0.0000188507
0.5311666667,0.0000008642,0.0000179432,0.0000188074
0.5313333333,0.0000008622,0.0000179020,0.0000187642
0.5315000000,0.0000008602,0.0000178609,0.0000187212
0.5316666667,0.0000008583,0.0000178199,0.0000186782
0.5318333333,0.0000008563,0.0000177790,0.0000186353
0.5320000000,0.0000008543,0.0000177382,0.0000185925
0.5321666667,0.0000008524,0.0000176975,0.0000185498
0.5323333333,0.0000008504,0.0000176568,0.0000185073
0.5325000000,0.0000008485,0.0000176163,0.0000184648
0.5326666667,0.0000008465,0.0000175759,0.0000184224
0.5328333333,0.0000008446,0.0000175355,0.0000183801
0.5330000000,0.0000008426,0.0000174953,0.0000183379
0.5331666667,0.0000008407,0.0000174551,0.0000182958
0.5333333333,0.0000008388,0.0000174150,0.0000182538
0.5335000000,0.0000008368,0.0000173751,0.0000182119
0.5336666667,0.0000008349,0.0000173352,0.0000181701
0.5338333333,0.0000008330,0.0000172954,0.0000181284
0.5340000000,0.0000008311,0.0000172557,0.0000180868
0.5341666667,0.0000008292,0.0000172161,0.0000180453
0.5343333333,0.0000008273,0.0000171765,0.0000180038
0.5345000000,0.0000008254,0.0000171371,0.0000179625
0.5346666667,0.0000008235,0.0000170978,0.0000179213
0.5348333333,0.0000008216,0.0000170585,0.0000178801
0.5350000000,0.0000008197,0.0000170194,0.0000178391
0.5351666667,0.0000008178,0.0000169803,0.0000177981
0.5353333333,0.0000008160,0.0000169413,0.0000177573
0.5355000000,0.0000008141,0.0000169024,0.0000177165
0.5356666667,0.0000008122,0.0000168636,0.0000176758
0.5358333333,0.0000008104,0.0000168249,0.0000176353
0.5360000000,0.0000008085,0.0000167863,0.0000175948
0.5361666667,0.0000008066,0.0000167478,0.0000175544
0.5363333333,0.0000008048,0.0000167093,0.0000175141
0.5365000000,0.0000008029,0.0000166710,0.0000174739
0.5366666667,0.0000008011,0.0000166327,0.0000174338
0.5368333333,0.0000007993,0.0000165945,0.0000173938
0.5370000000,0.0000007974,0.0000165564,0.0000173538
0.5371666667,0.0000007956,0.0000165184,0.0000173140
0.5373333333,0.0000007938,0.0000164805,0.0000172743
0.5375000000,0.0000007919,0.0000164427,0.0000172346
0.5376666667,0.0000007901,0.0000164049,0.0000171950
0.5378333333,0.0000007883,0.0000163673,0.0000171556
0.5380000000,0.0000007865,0.0000163297,0.0000171162
0.5381666667,0.0000007847,0.0000162922,0.0000170769
0.5383333333,0.0000007829,0.0000162548,0.0000170377
0.5385000000,0.0000007811,0.0000162175,0.0000169986
0.5386666667,0.0000007793,0.0000161803,0.0000169596
0.5388333333,0.0000007775,0.0000161431,0.0000169206
0.5390000000,0.0000007757,0.0000161061,0.0000168818
0.5391666667,0.0000007739,0.0000160691,0.0000168430
0.5393333333,0.0000007722,0.0000160322,0.0000168044
0.5395000000,0.0000007704,0.0000159954,0.0000167658
0.5396666667,0.0000007686,0.0000159587,0.0000167273
0.5398333333,0.0000007669,0.0000159220,0.0000166889
0.5400000000,0.0000007651,0.0000158855,0.0000166506
0.5401666667,0.0000007633,0.0000158490,0.0000166124
0.5403333333,0.0000007616,0.0000158126,0.0000165742
0.5405000000,0.0000007598,0.0000157763,0.0000165362
0.5406666667,0.0000007581,0.0000157401,0.0000164982
0.5408333333,0.0000007564,0.0000157040,0.0000164604
0.5410000000,0.0000007546,0.0000156679,0.0000164226
0.5411666667,0.0000007529,0.0000156320,0.0000163849
0.5413333333,0.0000007512,0.0000155961,0.0000163473
0.5415000000,0.0000007494,0.0000155603,0.0000163097
0.5416666667,0.0000007477,0.0000155246,0.0000162723
0.5418333333,0.0000007460,0.0000154889,0.0000162349
0.5420000000,0.0000007443,0.0000154534,0.0000161977
0.5421666667,0.0000007426,0.0000154179,0.0000161605
0.5423333333,0.0000007409,0.0000153825,0.0000161234
0.5425000000,0.0000007392,0.0000153472,0.0000160864
0.5426666667,0.0000007375,0.0000153120,0.0000160494
0.5428333333,0.0000007358,0.0000152768,0.0000160126
0.5430000000,0.0000007341,0.0000152417,0.0000159758
0.5431666667,0.0000007324,0.0000152068,0.0000159392
0.5433333333,0.0000007307,0.0000151719,0.0000159026
0.5435000000,0.0000007291,0.0000151370,0.0000158661
0.5436666667,0.0000007274,0.0000151023,0.0000158297
0.5438333333,0.0000007257,0.0000150676,0.0000157933
0.5440000000,0.0000007240,0.0000150330,0.0000157571
0.5441666667,0.0000007224,0.0000149985,0.0000157209
0.5443333333,0.0000007207,0.0000149641,0.0000156848
0.5445000000,0.0000007191,0.0000149297,0.0000156488
0.5446666667,0.0000007174,0.0000148955,0.0000156129
0.5448333333,0.0000007158,0.0000148613,0.0000155770
0.5450000000,0.0000007141,0.0000148271,0.0000155413
0.5451666667,0.0000007125,0.0000147931,0.0000155056
0.5453333333,0.0000007109,0.0000147592,0.0000154700
0.5455000000,0.0000007092,0.0000147253,0.0000154345
0.5456666667,0.0000007076,0.0000146915,0.0000153991
0.5458333333,0.0000007060,0.0000146577,0.0000153637
0.5460000000,0.0000007044,0.0000146241,0.0000153284
0.5461666667,0.0000007027,0.0000145905,0.0000152933
0.5463333333,0.0000007011,0.0000145570,0.0000152582
0.5465000000,0.0000006995,0.0000145236,0.0000152231
0.5466666667,0.0000006979,0.0000144903,0.0000151882
0.5468333333,0.0000006963,0.0000144570,0.0000151533
0.5470000000,0.0000006947,0.0000144238,0.0000151185
0.5471666667,0.0000006931,0.0000143907,0.0000150838
0.5473333333,0.0000006915,0.0000143577,0.0000150492
0.5475000000,0.0000006899,0.0000143247,0.0000150147
0.5476666667,0.0000006883,0.0000142918,0.0000149802
0.5478333333,0.0000006868,0.0000142590,0.0000149458
0.5480000000,0.0000006852,0.0000142263,0.0000149115
0.5481666667,0.0000006836,0.0000141936,0.0000148773
0.5483333333,0.0000006821,0.0000141611,0.0000148431
0.5485000000,0.0000006805,0.0000141285,0.0000148090
0.5486666667,0.0000006789,0.0000140961,0.0000147750
0.5488333333,0.0000006774,0.0000140638,0.0000147411
0.5490000000,0.0000006758,0.0000140315,0.0000147073
0.5491666667,0.0000006743,0.0000139993,0.0000146735
0.5493333333,0.0000006727,0.0000139671,0.0000146398
0.5495000000,0.0000006712,0.0000139351,0.0000146062
0.5496666667,0.0000006696,0.0000139031,0.0000145727
0.5498333333,0.0000006681,0.0000138712,0.0000145392
0.5500000000,0.0000006666,0.0000138393,0.0000145059
0.5501666667,0.0000006650,0.0000138075,0.0000144726
0.5503333333,0.0000006635,0.0000137759,0.0000144394
0.5505000000,0.0000006620,0.0000137442,0.0000144062
0.5506666667,0.0000006605,0.0000137127,0.0000143731
0.5508333333,0.0000006589,0.0000136812,0.0000143401
0.5510000000,0.0000006574,0.0000136498,0.0000143072
0.5511666667,0.0000006559,0.0000136185,0.0000142744
0.5513333333,0.0000006544,0.0000135872,0.0000142416
0.5515000000,0.0000006529,0.0000135560,0.0000142089
0.5516666667,0.0000006514,0.0000135249,0.0000141763
0.5518333333,0.0000006499,0.0000134938,0.0000141438
0.5520000000,0.0000006484,0.0000134629,0.0000141113
0.5521666667,0.0000006469,0.0000134320,0.0000140789
0.5523333333,0.0000006454,0.0000134011,0.0000140466
0.5525000000,0.0000006440,0.0000133704,0.0000140143
0.5526666667,0.0000006425,0.0000133397,0.0000139822
0.5528333333,0.0000006410,0.0000133090,0.0000139501
0.5530000000,0.0000006395,0.0000132785,0.0000139180
0.5531666667,0.0000006381,0.0000132480,0.0000138861
0.5533333333,0.0000006366,0.0000132176,0.0000138542
0.5535000000,0.0000006351,0.0000131873,0.0000138224
0.5536666667,0.0000006337,0.0000131570,0.0000137907
0.5538333333,0.0000006322,0.0000131268,0.0000137590
0.5540000000,0.0000006308,0.0000130967,0.0000137274
0.5541666667,0.0000006293,0.0000130666,0.0000136959
0.5543333333,0.0000006279,0.0000130366,0.0000136645
0.5545000000,0.0000006265,0.0000130067,0.0000136331
0.5546666667,0.0000006250,0.0000129768,0.0000136018
0.5548333333,0.0000006236,0.0000129470,0.0000135706
0.5550000000,0.0000006221,0.0000129173,0.0000135394
0.5551666667,0.0000006207,0.0000128876,0.0000135084
0.5553333333,0.0000006193,0.0000128581,0.0000134774
0.5555000000,0.0000006179,0.0000128285,0.0000134464
0.5556666667,0.0000006165,0.0000127991,0.0000134156
0.5558333333,0.0000006150,0.0000127697,0.0000133848
0.5560000000,0.0000006136,0.0000127404,0.0000133540
0.5561666667,0.0000006122,0.0000127112,0.0000133234
0.5563333333,0.0000006108,0.0000126820,0.0000132928
0.5565000000,0.0000006094,0.0000126529,0.0000132623
0.5566666667,0.0000006080,0.0000126238,0.0000132318
0.5568333333,0.0000006066,0.0000125948,0.0000132015
0.5570000000,0.0000006052,0.0000125659,0.0000131712
0.5571666667,0.0000006038,0.0000125371,0.0000131409
0.5573333333,0.0000006024,0.0000125083,0.0000131108
0.5575000000,0.0000006011,0.0000124796,0.0000130807
0.5576666667,0.0000005997,0.0000124509,0.0000130506
0.5578333333,0.0000005983,0.0000124224,0.0000130207
0.5580000000,0.0000005969,0.0000123938,0.0000129908
0.5581666667,0.0000005956,0.0000123654,0.0000129610
0.5583333333,0.0000005942,0.0000123370,0.0000129312
0.5585000000,0.0000005928,0.0000123087,0.0000129015
0.5586666667,0.0000005915,0.0000122804,0.0000128719
0.5588333333,0.0000005901,0.0000122522,0.0000128424
0.5590000000,0.0000005888,0.0000122241,0.0000128129
0.5591666667,0.0000005874,0.0000121961,0.0000127835
0.5593333333,0.0000005861,0.0000121681,0.0000127541
0.5595000000,0.0000005847,0.0000121401,0.0000127248
0.5596666667,0.0000005834,0.0000121123,0.0000126956
0.5598333333,0.0000005820,0.0000120845,0.0000126665
0.5600000000,0.0000005807,0.0000120567,0.0000126374
0.5601666667,0.0000005794,0.0000120290,0.0000126084
0.5603333333,0.0000005780,0.0000120014,0.0000125795
0.5605000000,0.0000005767,0.0000119739,0.0000125506
0.5606666667,0.0000005754,0.0000119464,0.0000125218
0.5608333333,0.0000005741,0.0000119190,0.0000124930
0.5610000000,0.0000005727,0.0000118916,0.0000124643
0.5611666667,0.0000005714,0.0000118643,0.0000124357
0.5613333333,0.0000005701,0.0000118371,0.0000124072
0.5615000000,0.0000005688,0.0000118099,0.0000123787
0.5616666667,0.0000005675,0.0000117828,0.0000123503
0.5618333333,0.0000005662,0.0000117557,0.0000123219
0.5620000000,0.0000005649,0.0000117287,0.0000122937
0.5621666667,0.0000005636,0.0000117018,0.0000122654
0.5623333333,0.0000005623,0.0000116750,0.0000122373
0.5625000000,0.0000005610,0.0000116482,0.0000122092
0.5626666667,0.0000005597,0.0000116214,0.0000121812
0.5628333333,0.0000005584,0.0000115947,0.0000121532
0.5630000000,0.0000005572,0.0000115681,0.0000121253
0.5631666667,0.0000005559,0.0000115416,0.0000120975
0.5633333333,0.0000005546,0.0000115151,0.0000120697
0.5635000000,0.0000005533,0.0000114886,0.0000120420
0.5636666667,0.0000005521,0.0000114623,0.0000120143
0.5638333333,0.0000005508,0.0000114360,0.0000119868
0.5640000000,0.0000005495,0.0000114097,0.0000119592
0.5641666667,0.0000005483,0.0000113835,0.0000119318
0.5643333333,0.0000005470,0.0000113574,0.0000119044
0.5645000000,0.0000005458,0.0000113313,0.0000118771
0.5646666667,0.0000005445,0.0000113053,0.0000118498
0.5648333333,0.0000005433,0.0000112793,0.0000118226
0.5650000000,0.0000005420,0.0000112535,0.0000117955
0.5651666667,0.0000005408,0.0000112276,0.0000117684
0.5653333333,0.0000005395,0.0000112018,0.0000117414
0.5655000000,0.0000005383,0.0000111761,0.0000117144
0.5656666667,0.0000005370,0.0000111505,0.0000116875
0.5658333333,0.0000005358,0.0000111249,0.0000116607
0.5660000000,0.0000005346,0.0000110993,0.0000116339
0.5661666667,0.0000005334,0.0000110739,0.0000116072
0.5663333333,0.0000005321,0.0000110484,0.0000115806
0.5665000000,0.0000005309,0.0000110231,0.0000115540
0.5666666667,0.0000005297,0.0000109978,0.0000115275
0.5668333333,0.0000005285,0.0000109725,0.0000115010
0.5670000000,0.0000005273,0.0000109473,0.0000114746
0.5671666667,0.0000005261,0.0000109222,0.0000114483
0.5673333333,0.0000005248,0.0000108971,0.0000114220
0.5675000000,0.0000005236,0.0000108721,0.0000113958
0.5676666667,0.0000005224,0.0000108472,0.0000113696
0.5678333333,0.0000005212,0.0000108223,0.0000113435
0.5680000000,0.0000005200,0.0000107974,0.0000113175
0.5681666667,0.0000005189,0.0000107726,0.0000112915
0.5683333333,0.0000005177,0.0000107479,0.0000112656
0.5685000000,0.0000005165,0.0000107232,0.0000112397
0.5686666667,0.0000005153,0.0000106986,0.0000112139
0.5688333333,0.0000005141,0.0000106741,0.0000111882
0.5690000000,0.0000005129,0.0000106496,0.0000111625
0.5691666667,0.0000005117,0.0000106251,0.0000111369
0.5693333333,0.0000005106,0.0000106007,0.0000111113
0.5695000000,0.0000005094,0.0000105764,0.0000110858
0.5696666667,0.0000005082,0.0000105521,0.0000110603
0.5698333333,0.0000005071,0.0000105279,0.0000110349
0.5700000000,0.0000005059,0.0000105037,0.0000110096
0.5701666667,0.0000005047,0.0000104796,0.0000109843
0.5703333333,0.0000005036,0.0000104555,0.0000109591
0.5705000000,0.0000005024,0.0000104315,0.0000109340
0.5706666667,0.0000005013,0.0000104076,0.0000109089
0.5708333333,0.0000005001,0.0000103837,0.0000108838
0.5710000000,0.0000004990,0.0000103599,0.0000108588
0.5711666667,0.0000004978,0.0000103361,0.0000108339
0.5713333333,0.0000004967,0.0000103124,0.0000108090
0.5715000000,0.0000004955,0.0000102887,0.0000107842
0.5716666667,0.0000004944,0.0000102651,0.0000107595
0.5718333333,0.0000004933,0.0000102415,0.0000107348
0.5720000000,0.0000004921,0.0000102180,0.0000107101
0.5721666667,0.0000004910,0.0000101945,0.0000106856
0.5723333333,0.0000004899,0.0000101711,0.0000106610
0.5725000000,0.0000004888,0.0000101478,0.0000106365
0.5726666667,0.0000004876,0.0000101245,0.0000106121
0.5728333333,0.0000004865,0.0000101013,0.0000105878
0.5730000000,0.0000004854,0.0000100781,0.0000105635
0.5731666667,0.0000004843,0.0000100549,0.0000105392
0.5733333333,0.0000004832,0.0000100319,0.0000105150
0.5735000000,0.0000004821,0.0000100088,0.0000104909
0.5736666667,0.0000004810,0.0000099858,0.0000104668
0.5738333333,0.0000004799,0.0000099629,0.0000104428
0.5740000000,0.0000004788,0.0000099401,0.0000104188
0.5741666667,0.0000004777,0.0000099172,0.0000103949
0.5743333333,0.0000004766,0.0000098945,0.0000103710
0.5745000000,0.0000004755,0.0000098718,0.0000103472
0.5746666667,0.0000004744,0.0000098491,0.0000103235
0.5748333333,0.0000004733,0.0000098265,0.0000102998
0.5750000000,0.0000004722,0.0000098039,0.0000102761
0.5751666667,0.0000004711,0.0000097814,0.0000102525
0.5753333333,0.0000004700,0.0000097590,0.0000102290
0.5755000000,0.0000004690,0.0000097366,0.0000102055
0.5756666667,0.0000004679,0.0000097142,0.0000101821
0.5758333333,0.0000004668,0.0000096919,0.0000101587
0.5760000000,0.0000004657,0.0000096697,0.0000101354
0.5761666667,0.0000004647,0.0000096475,0.0000101121
0.5763333333,0.0000004636,0.0000096253,0.0000100889
0.5765000000,0.0000004625,0.0000096032,0.0000100658
0.5766666667,0.0000004615,0.0000095812,0.0000100426
0.5768333333,0.0000004604,0.0000095592,0.0000100196
0.5770000000,0.0000004594,0.0000095372,0.0000099966
0.5771666667,0.0000004583,0.0000095154,0.0000099736
0.5773333333,0.0000004572,0.0000094935,0.0000099508
0.5775000000,0.0000004562,0.0000094717,0.0000099279
0.5776666667,0.0000004551,0.0000094500,0.0000099051
0.5778333333,0.0000004541,0.0000094283,0.0000098824
0.5780000000,0.0000004531,0.0000094066,0.0000098597
0.5781666667,0.0000004520,0.0000093850,0.0000098371
0.5783333333,0.0000004510,0.0000093635,0.0000098145
0.5785000000,0.0000004499,0.0000093420,0.0000097920
0.5786666667,0.0000004489,0.0000093206,0.0000097695
0.5788333333,0.0000004479,0.0000092992,0.0000097470
0.5790000000,0.0000004469,0.0000092778,0.0000097247
0.5791666667,0.0000004458,0.0000092565,0.0000097023
0.5793333333,0.0000004448,0.0000092353,0.0000096801
0.5795000000,0.0000004438,0.0000092141,0.0000096579
0.5796666667,0.0000004428,0.0000091929,0.0000096357
0.5798333333,0.0000004417,0.0000091718,0.0000096136
0.5800000000,0.0000004407,0.0000091508,0.0000095915
0.5801666667,0.0000004397,0.0000091298,0.0000095695
0.5803333333,0.0000004387,0.0000091088,0.0000095475
0.5805000000,0.0000004377,0.0000090879,0.0000095256
0.5806666667,0.0000004367,0.0000090670,0.0000095037
0.5808333333,0.0000004357,0.0000090462,0.0000094819
0.5810000000,0.0000004347,0.0000090254,0.0000094601
0.5811666667,0.0000004337,0.0000090047,0.0000094384
0.5813333333,0.0000004327,0.0000089841,0.0000094168
0.5815000000,0.0000004317,0.0000089634,0.0000093951
0.5816666667,0.0000004307,0.0000089429,0.0000093736
0.5818333333,0.0000004297,0.0000089223,0.0000093521
0.5820000000,0.0000004287,0.0000089018,0.0000093306
0.5821666667,0.0000004278,0.0000088814,0.0000093092
0.5823333333,0.0000004268,0.0000088610,0.0000092878
0.5825000000,0.0000004258,0.0000088407,0.0000092665
0.5826666667,0.0000004248,0.0000088204,0.0000092452
0.5828333333,0.0000004238,0.0000088001,0.0000092240
0.5830000000,0.0000004229,0.0000087799,0.0000092028
0.5831666667,0.0000004219,0.0000087598,0.0000091817
0.5833333333,0.0000004209,0.0000087397,0.0000091606
0.5835000000,0.0000004200,0.0000087196,0.0000091396
0.5836666667,0.0000004190,0.0000086996,0.0000091186
0.5838333333,0.0000004180,0.0000086796,0.0000090977
0.5840000000,0.0000004171,0.0000086597,0.0000090768
0.5841666667,0.0000004161,0.0000086398,0.0000090559
0.5843333333,0.0000004152,0.0000086200,0.0000090352
0.5845000000,0.0000004142,0.0000086002,0.0000090144
0.5846666667,0.0000004133,0.0000085805,0.0000089937
0.5848333333,0.0000004123,0.0000085608,0.0000089731
0.5850000000,0.0000004114,0.0000085411,0.0000089525
0.5851666667,0.0000004104,0.0000085215,0.0000089319
0.5853333333,0.0000004095,0.0000085019,0.0000089114
0.5855000000,0.0000004085,0.0000084824,0.0000088910
0.5856666667,0.0000004076,0.0000084630,0.0000088706
0.5858333333,0.0000004067,0.0000084435,0.0000088502
0.5860000000,0.0000004057,0.0000084241,0.0000088299
0.5861666667,0.0000004048,0.0000084048,0.0000088096
0.5863333333,0.0000004039,0.0000083855,0.0000087894
0.5865000000,0.0000004030,0.0000083663,0.0000087692
0.5866666667,0.0000004020,0.0000083471,0.0000087491
0.5868333333,0.0000004011,0.0000083279,0.0000087290
0.5870000000,0.0000004002,0.0000083088,0.0000087090
0.5871666667,0.0000003993,0.0000082897,0.0000086890
0.5873333333,0.0000003983,0.0000082707,0.0000086690
0.5875000000,0.0000003974,0.0000082517,0.0000086491
0.5876666667,0.0000003965,0.0000082327,0.0000086293
0.5878333333,0.0000003956,0.0000082138,0.0000086095
0.5880000000,0.0000003947,0.0000081950,0.0000085897
0.5881666667,0.0000003938,0.0000081762,0.0000085700
0.5883333333,0.0000003929,0.0000081574,0.0000085503
0.5885000000,0.0000003920,0.0000081387,0.0000085307
0.5886666667,0.0000003911,0.0000081200,0.0000085111
0.5888333333,0.0000003902,0.0000081014,0.0000084916
0.5890000000,0.0000003893,0.0000080828,0.0000084721
0.5891666667,0.0000003884,0.0000080642,0.0000084526
0.5893333333,0.0000003875,0.0000080457,0.0000084332
0.5895000000,0.0000003866,0.0000080272,0.0000084139
0.5896666667,0.0000003857,0.0000080088,0.0000083945
0.5898333333,0.0000003848,0.0000079904,0.0000083753
0.5900000000,0.0000003840,0.0000079721,0.0000083560
0.5901666667,0.0000003831,0.0000079538,0.0000083369
0.5903333333,0.0000003822,0.0000079355,0.0000083177
0.5905000000,0.0000003813,0.0000079173,0.0000082986
0.5906666667,0.0000003805,0.0000078991,0.0000082796
0.5908333333,0.0000003796,0.0000078810,0.0000082606
0.5910000000,0.0000003787,0.0000078629,0.0000082416
0.5911666667,0.0000003778,0.0000078449,0.0000082227
0.5913333333,0.0000003770,0.0000078268,0.0000082038
0.5915000000,0.0000003761,0.0000078089,0.0000081850
0.5916666667,0.0000003752,0.0000077909,0.0000081662
0.5918333333,0.0000003744,0.0000077731,0.0000081474
0.5920000000,0.0000003735,0.0000077552,0.0000081287
0.5921666667,0.0000003727,0.0000077374,0.0000081101
0.5923333333,0.0000003718,0.0000077197,0.0000080915
0.5925000000,0.0000003710,0.0000077019,0.0000080729
0.5926666667,0.0000003701,0.0000076843,0.0000080544
0.5928333333,0.0000003693,0.0000076666,0.0000080359
0.5930000000,0.0000003684,0.0000076490,0.0000080174
0.5931666667,0.0000003676,0.0000076315,0.0000079990
0.5933333333,0.0000003667,0.0000076139,0.0000079807
0.5935000000,0.0000003659,0.0000075965,0.0000079623
0.5936666667,0.0000003650,0.0000075790,0.0000079441
0.5938333333,0.0000003642,0.0000075616,0.0000079258
0.5940000000,0.0000003634,0.0000075443,0.0000079076
0.5941666667,0.0000003625,0.0000075269,0.0000078895
0.5943333333,0.0000003617,0.0000075097,0.0000078714
0.5945000000,0.0000003609,0.0000074924,0.0000078533
0.5946666667,0.0000003600,0.0000074752,0.0000078353
0.5948333333,0.0000003592,0.0000074581,0.0000078173
0.5950000000,0.0000003584,0.0000074410,0.0000077993
0.5951666667,0.0000003576,0.0000074239,0.0000077814
0.5953333333,0.0000003567,0.0000074068,0.0000077636
0.5955000000,0.0000003559,0.0000073898,0.0000077457
0.5956666667,0.0000003551,0.0000073729,0.0000077280
0.5958333333,0.0000003543,0.0000073559,0.0000077102
0.5960000000,0.0000003535,0.0000073391,0.0000076925
0.5961666667,0.0000003527,0.0000073222,0.0000076749
0.5963333333,0.0000003519,0.0000073054,0.0000076573
0.5965000000,0.0000003510,0.0000072886,0.0000076397
0.5966666667,0.0000003502,0.0000072719,0.0000076221
0.5968333333,0.0000003494,0.0000072552,0.0000076046
0.5970000000,0.0000003486,0.0000072385,0.0000075872
0.5971666667,0.0000003478,0.0000072219,0.0000075698
0.5973333333,0.0000003470,0.0000072054,0.0000075524
0.5975000000,0.0000003462,0.0000071888,0.0000075351
0.5976666667,0.0000003454,0.0000071723,0.0000075178
0.5978333333,0.0000003447,0.0000071558,0.0000075005
0.5980000000,0.0000003439,0.0000071394,0.0000074833
0.5981666667,0.0000003431,0.0000071230,0.0000074661
0.5983333333,0.0000003423,0.0000071067,0.0000074490
0.5985000000,0.0000003415,0.0000070904,0.0000074319
0.5986666667,0.0000003407,0.0000070741,0.0000074148
0.5988333333,0.0000003399,0.0000070578,0.0000073978
0.5990000000,0.0000003392,0.0000070416,0.0000073808
0.5991666667,0.0000003384,0.0000070255,0.0000073639
0.5993333333,0.0000003376,0.0000070094,0.0000073470
0.5995000000,0.0000003368,0.0000069933,0.0000073301
0.5996666667,0.0000003360,0.0000069772,0.0000073133
0.5998333333,0.0000003353,0.0000069612,0.0000072965
0.6000000000,0.0000003345,0.0000069452,0.0000072797
0.6001666667,0.0000003337,0.0000069293,0.0000072630
0.6003333333,0.0000003330,0.0000069134,0.0000072463
0.6005000000,0.0000003322,0.0000068975,0.0000072297
0.6006666667,0.0000003314,0.0000068817,0.0000072131
0.6008333333,0.0000003307,0.0000068659,0.0000071965
0.6010000000,0.0000003299,0.0000068501,0.0000071800
0.6011666667,0.0000003292,0.0000068344,0.0000071635
0.6013333333,0.0000003284,0.0000068187,0.0000071471
0.6015000000,0.0000003277,0.0000068030,0.0000071307
0.6016666667,0.0000003269,0.0000067874,0.0000071143
0.6018333333,0.0000003262,0.0000067718,0.0000070980
0.6020000000,0.0000003254,0.0000067563,0.0000070817
0.6021666667,0.0000003247,0.0000067408,0.0000070654
0.6023333333,0.0000003239,0.0000067253,0.0000070492
0.6025000000,0.0000003232,0.0000067099,0.0000070330
0.6026666667,0.0000003224,0.0000066945,0.0000070169
0.6028333333,0.0000003217,0.0000066791,0.0000070008
0.6030000000,0.0000003210,0.0000066638,0.0000069847
0.6031666667,0.0000003202,0.0000066485,0.0000069687
0.6033333333,0.0000003195,0.0000066332,0.0000069527
0.6035000000,0.0000003187,0.0000066180,0.0000069367
0.6036666667,0.0000003180,0.0000066028,0.0000069208
0.6038333333,0.0000003173,0.0000065876,0.0000069049
0.6040000000,0.0000003166,0.0000065725,0.0000068891
0.6041666667,0.0000003158,0.0000065574,0.0000068733
0.6043333333,0.0000003151,0.0000065424,0.0000068575
0.6045000000,0.0000003144,0.0000065274,0.0000068417
0.6046666667,0.0000003137,0.0000065124,0.0000068260
0.6048333333,0.0000003129,0.0000064974,0.0000068104
0.6050000000,0.0000003122,0.0000064825,0.0000067947
0.6051666667,0.0000003115,0.0000064676,0.0000067791
0.6053333333,0.0000003108,0.0000064528,0.0000067636
0.6055000000,0.0000003101,0.0000064380,0.0000067480
0.6056666667,0.0000003094,0.0000064232,0.0000067325
0.6058333333,0.0000003087,0.0000064084,0.0000067171
0.6060000000,0.0000003079,0.0000063937,0.0000067017
0.6061666667,0.0000003072,0.0000063790,0.0000066863
0.6063333333,0.0000003065,0.0000063644,0.0000066709
0.6065000000,0.0000003058,0.0000063498,0.0000066556
0.6066666667,0.0000003051,0.0000063352,0.0000066403
0.6068333333,0.0000003044,0.0000063207,0.0000066251
0.6070000000,0.0000003037,0.0000063062,0.0000066099
0.6071666667,0.0000003030,0.0000062917,0.0000065947
0.6073333333,0.0000003023,0.0000062772,0.0000065796
0.6075000000,0.0000003016,0.0000062628,0.0000065645
0.6076666667,0.0000003009,0.0000062485,0.0000065494
0.6078333333,0.0000003003,0.0000062341,0.0000065344
0.6080000000,0.0000002996,0.0000062198,0.0000065194
0.6081666667,0.0000002989,0.0000062055,0.0000065044
0.6083333333,0.0000002982,0.0000061913,0.0000064895
0.6085000000,0.0000002975,0.0000061771,0.0000064746
0.6086666667,0.0000002968,0.0000061629,0.0000064597
0.6088333333,0.0000002961,0.0000061487,0.0000064449
0.6090000000,0.0000002955,0.0000061346,0.0000064301
0.6091666667,0.0000002948,0.0000061205,0.0000064153
0.6093333333,0.0000002941,0.0000061065,0.0000064006
0.6095000000,0.0000002934,0.0000060925,0.0000063859
0.6096666667,0.0000002928,0.0000060785,0.0000063713
0.6098333333,0.0000002921,0.0000060645,0.0000063566
0.6100000000,0.0000002914,0.0000060506,0.0000063420
0.6101666667,0.0000002908,0.0000060367,0.0000063275
0.6103333333,0.0000002901,0.0000060229,0.0000063130
0.6105000000,0.0000002894,0.0000060090,0.0000062985
0.6106666667,0.0000002888,0.0000059953,0.0000062840
0.6108333333,0.0000002881,0.0000059815,0.0000062696
0.6110000000,0.0000002874,0.0000059678,0.0000062552
0.6111666667,0.0000002868,0.0000059541,0.0000062408
0.6113333333,0.0000002861,0.0000059404,0.0000062265
0.6115000000,0.0000002855,0.0000059268,0.0000062122
0.6116666667,0.0000002848,0.0000059131,0.0000061979
0.6118333333,0.0000002841,0.0000058996,0.0000061837
0.6120000000,0.0000002835,0.0000058860,0.0000061695
0.6121666667,0.0000002828,0.0000058725,0.0000061554
0.6123333333,0.0000002822,0.0000058590,0.0000061412
0.6125000000,0.0000002815,0.0000058456,0.0000061271
0.6126666667,0.0000002809,0.0000058322,0.0000061131
0.6128333333,0.0000002803,0.0000058188,0.0000060990
0.6130000000,0.0000002796,0.0000058054,0.0000060850
0.6131666667,0.0000002790,0.0000057921,0.0000060711
0.6133333333,0.0000002783,0.0000057788,0.0000060571
0.6135000000,0.0000002777,0.0000057655,0.0000060432
0.6136666667,0.0000002771,0.0000057523,0.0000060294
0.6138333333,0.0000002764,0.0000057391,0.0000060155
0.6140000000,0.0000002758,0.0000057259,0.0000060017
0.6141666667,0.0000002751,0.0000057128,0.0000059879
0.6143333333,0.0000002745,0.0000056997,0.0000059742
0.6145000000,0.0000002739,0.0000056866,0.0000059605
0.6146666667,0.0000002733,0.0000056735,0.0000059468
0.6148333333,0.0000002726,0.0000056605,0.0000059331
0.6150000000,0.0000002720,0.0000056475,0.0000059195
0.6151666667,0.0000002714,0.0000056345,0.0000059059
0.6153333333,0.0000002708,0.0000056216,0.0000058924
0.6155000000,0.0000002701,0.0000056087,0.0000058788
0.6156666667,0.0000002695,0.0000055958,0.0000058653
0.6158333333,0.0000002689,0.0000055830,0.0000058519
0.6160000000,0.0000002683,0.0000055702,0.0000058384
0.6161666667,0.0000002677,0.0000055574,0.0000058250
0.6163333333,0.0000002671,0.0000055446,0.0000058117
0.6165000000,0.0000002664,0.0000055319,0.0000057983
0.6166666667,0.0000002658,0.0000055192,0.0000057850
0.6168333333,0.0000002652,0.0000055065,0.0000057717
0.6170000000,0.0000002646,0.0000054939,0.0000057585
0.6171666667,0.0000002640,0.0000054813,0.0000057453
0.6173333333,0.0000002634,0.0000054687,0.0000057321
0.6175000000,0.0000002628,0.0000054561,0.0000057189
0.6176666667,0.0000002622,0.0000054436,0.0000057058
0.6178333333,0.0000002616,0.0000054311,0.0000056927
0.6180000000,0.0000002610,0.0000054186,0.0000056796
0.6181666667,0.0000002604,0.0000054062,0.0000056666
0.6183333333,0.0000002598,0.0000053938,0.0000056536
0.6185000000,0.0000002592,0.0000053814,0.0000056406
0.6186666667,0.0000002586,0.0000053691,0.0000056277
0.6188333333,0.0000002580,0.0000053567,0.0000056147
0.6190000000,0.0000002574,0.0000053444,0.0000056019
0.6191666667,0.0000002568,0.0000053322,0.0000055890
0.6193333333,0.0000002562,0.0000053199,0.0000055762
0.6195000000,0.0000002556,0.0000053077,0.0000055634
0.6196666667,0.0000002551,0.0000052955,0.0000055506
0.6198333333,0.0000002545,0.0000052834,0.0000055378
0.6200000000,0.0000002539,0.0000052713,0.0000055251
0.6201666667,0.0000002533,0.0000052592,0.0000055125
0.6203333333,0.0000002527,0.0000052471,0.0000054998
0.6205000000,0.0000002521,0.0000052350,0.0000054872
0.6206666667,0.0000002516,0.0000052230,0.0000054746
0.6208333333,0.0000002510,0.0000052110,0.0000054620
0.6210000000,0.0000002504,0.0000051991,0.0000054495
0.6211666667,0.0000002498,0.0000051871,0.0000054370
0.6213333333,0.0000002493,0.0000051752,0.0000054245
0.6215000000,0.0000002487,0.0000051633,0.0000054120
0.6216666667,0.0000002481,0.0000051515,0.0000053996
0.6218333333,0.0000002475,0.0000051397,0.0000053872
0.6220000000,0.0000002470,0.0000051279,0.0000053748
0.6221666667,0.0000002464,0.0000051161,0.0000053625
0.6223333333,0.0000002458,0.0000051044,0.0000053502
0.6225000000,0.0000002453,0.0000050926,0.0000053379
0.6226666667,0.0000002447,0.0000050809,0.0000053257
0.6228333333,0.0000002442,0.0000050693,0.0000053134
0.6230000000,0.0000002436,0.0000050576,0.0000053012
0.6231666667,0.0000002430,0.0000050460,0.0000052891
0.6233333333,0.0000002425,0.0000050344,0.0000052769
0.6235000000,0.0000002419,0.0000050229,0.0000052648
0.6236666667,0.0000002414,0.0000050114,0.0000052527
0.6238333333,0.0000002408,0.0000049999,0.0000052407
0.6240000000,0.0000002403,0.0000049884,0.0000052286
0.6241666667,0.0000002397,0.0000049769,0.0000052166
0.6243333333,0.0000002392,0.0000049655,0.0000052047
0.6245000000,0.0000002386,0.0000049541,0.0000051927
0.6246666667,0.0000002381,0.0000049427,0.0000051808
0.6248333333,0.0000002375,0.0000049314,0.0000051689
0.6250000000,0.0000002370,0.0000049201,0.0000051570
0.6251666667,0.0000002364,0.0000049088,0.0000051452
0.6253333333,0.0000002359,0.0000048975,0.0000051334
0.6255000000,0.0000002353,0.0000048863,0.0000051216
0.6256666667,0.0000002348,0.0000048750,0.0000051098
0.6258333333,0.0000002343,0.0000048639,0.0000050981
0.6260000000,0.0000002337,0.0000048527,0.0000050864
0.6261666667,0.0000002332,0.0000048415,0.0000050747
0.6263333333,0.0000002327,0.0000048304,0.0000050631
0.6265000000,0.0000002321,0.0000048193,0.0000050515
0.6266666667,0.0000002316,0.0000048083,0.0000050399
0.6268333333,0.0000002311,0.0000047972,0.0000050283
0.6270000000,0.0000002305,0.0000047862,0.0000050168
0.6271666667,0.0000002300,0.0000047752,0.0000050052
0.6273333333,0.0000002295,0.0000047643,0.0000049937
0.6275000000,0.0000002289,0.0000047533,0.0000049823
0.6276666667,0.0000002284,0.0000047424,0.0000049708
0.6278333333,0.0000002279,0.0000047315,0.0000049594
0.6280000000,0.0000002274,0.0000047207,0.0000049481
0.6281666667,0.0000002268,0.0000047099,0.0000049367
0.6283333333,0.0000002263,0.0000046990,0.0000049254
0.6285000000,0.0000002258,0.0000046883,0.0000049141
0.6286666667,0.0000002253,0.0000046775,0.0000049028
0.6288333333,0.0000002248,0.0000046668,0.0000048915
0.6290000000,0.0000002243,0.0000046560,0.0000048803
0.6291666667,0.0000002237,0.0000046454,0.0000048691
0.6293333333,0.0000002232,0.0000046347,0.0000048579
0.6295000000,0.0000002227,0.0000046240,0.0000048468
0.6296666667,0.0000002222,0.0000046134,0.0000048356
0.6298333333,0.0000002217,0.0000046028,0.0000048245
0.6300000000,0.0000002212,0.0000045923,0.0000048135
0.6301666667,0.0000002207,0.0000045817,0.0000048024
0.6303333333,0.0000002202,0.0000045712,0.0000047914
0.6305000000,0.0000002197,0.0000045607,0.0000047804
0.6306666667,0.0000002192,0.0000045503,0.0000047694
0.6308333333,0.0000002187,0.0000045398,0.0000047585
0.6310000000,0.0000002182,0.0000045294,0.0000047475
0.6311666667,0.0000002177,0.0000045190,0.0000047366
0.6313333333,0.0000002172,0.0000045086,0.0000047258
0.6315000000,0.0000002167,0.0000044983,0.0000047149
0.6316666667,0.0000002162,0.0000044879,0.0000047041
0.6318333333,0.0000002157,0.0000044776,0.0000046933
0.6320000000,0.0000002152,0.0000044674,0.0000046825
0.6321666667,0.0000002147,0.0000044571,0.0000046718
0.6323333333,0.0000002142,0.0000044469,0.0000046611
0.6325000000,0.0000002137,0.0000044367,0.0000046504
0.6326666667,0.0000002132,0.0000044265,0.0000046397
0.6328333333,0.0000002127,0.0000044163,0.0000046290
0.6330000000,0.0000002122,0.0000044062,0.0000046184
0.6331666667,0.0000002117,0.0000043961,0.0000046078
0.6333333333,0.0000002112,0.0000043860,0.0000045972
0.6335000000,0.0000002108,0.0000043759,0.0000045867
0.6336666667,0.0000002103,0.0000043659,0.0000045761
0.6338333333,0.0000002098,0.0000043558,0.0000045656
0.6340000000,0.0000002093,0.0000043458,0.0000045552
0.6341666667,0.0000002088,0.0000043359,0.0000045447
0.6343333333,0.0000002084,0.0000043259,0.0000045343
0.6345000000,0.0000002079,0.0000043160,0.0000045239
0.6346666667,0.0000002074,0.0000043061,0.0000045135
0.6348333333,0.0000002069,0.0000042962,0.0000045031
0.6350000000,0.0000002064,0.0000042863,0.0000044928
0.6351666667,0.0000002060,0.0000042765,0.0000044825
0.6353333333,0.0000002055,0.0000042667,0.0000044722
0.6355000000,0.0000002050,0.0000042569,0.0000044619
0.6356666667,0.0000002046,0.0000042471,0.0000044517
0.6358333333,0.0000002041,0.0000042374,0.0000044414
0.6360000000,0.0000002036,0.0000042276,0.0000044312
0.6361666667,0.0000002032,0.0000042179,0.0000044211
0.6363333333,0.0000002027,0.0000042082,0.0000044109
0.6365000000,0.0000002022,0.0000041986,0.0000044008
0.6366666667,0.0000002018,0.0000041889,0.0000043907
0.6368333333,0.0000002013,0.0000041793,0.0000043806
0.6370000000,0.0000002008,0.0000041697,0.0000043706
0.6371666667,0.0000002004,0.0000041602,0.0000043605
0.6373333333,0.0000001999,0.0000041506,0.0000043505
0.6375000000,0.0000001995,0.0000041411,0.0000043405
0.6376666667,0.0000001990,0.0000041316,0.0000043306
0.6378333333,0.0000001985,0.0000041221,0.0000043206
0.6380000000,0.0000001981,0.0000041126,0.0000043107
0.6381666667,0.0000001976,0.0000041032,0.0000043008
0.6383333333,0.0000001972,0.0000040938,0.0000042909
0.6385000000,0.0000001967,0.0000040844,0.0000042811
0.6386666667,0.0000001963,0.0000040750,0.0000042713
0.6388333333,0.0000001958,0.0000040656,0.0000042615
0.6390000000,0.0000001954,0.0000040563,0.0000042517
0.6391666667,0.0000001949,0.0000040470,0.0000042419
0.6393333333,0.0000001945,0.0000040377,0.0000042322
0.6395000000,0.0000001940,0.0000040284,0.0000042225
0.6396666667,0.0000001936,0.0000040192,0.0000042128
0.6398333333,0.0000001931,0.0000040100,0.0000042031
0.6400000000,0.0000001927,0.0000040008,0.0000041934
0.6401666667,0.0000001922,0.0000039916,0.0000041838
0.6403333333,0.0000001918,0.0000039824,0.0000041742
0.6405000000,0.0000001914,0.0000039733,0.0000041646
0.6406666667,0.0000001909,0.0000039641,0.0000041551
0.6408333333,0.0000001905,0.0000039550,0.0000041455
0.6410000000,0.0000001901,0.0000039460,0.0000041360
0.6411666667,0.0000001896,0.0000039369,0.0000041265
0.6413333333,0.0000001892,0.0000039279,0.0000041171
0.6415000000,0.0000001887,0.0000039189,0.0000041076
0.6416666667,0.0000001883,0.0000039099,0.0000040982
0.6418333333,0.0000001879,0.0000039009,0.0000040888
0.6420000000,0.0000001875,0.0000038919,0.0000040794
0.6421666667,0.0000001870,0.0000038830,0.0000040700
0.6423333333,0.0000001866,0.0000038741,0.0000040607
0.6425000000,0.0000001862,0.0000038652,0.0000040514
0.6426666667,0.0000001857,0.0000038563,0.0000040421
0.6428333333,0.0000001853,0.0000038475,0.0000040328
0.6430000000,0.0000001849,0.0000038386,0.0000040235
0.6431666667,0.0000001845,0.0000038298,0.0000040143
0.6433333333,0.0000001840,0.0000038210,0.0000040051
0.6435000000,0.0000001836,0.0000038123,0.0000039959
0.6436666667,0.0000001832,0.0000038035,0.0000039867
0.6438333333,0.0000001828,0.0000037948,0.0000039775
0.6440000000,0.0000001824,0.0000037861,0.0000039684
0.6441666667,0.0000001819,0.0000037774,0.0000039593
0.6443333333,0.0000001815,0.0000037687,0.0000039502
0.6445000000,0.0000001811,0.0000037600,0.0000039411
0.6446666667,0.0000001807,0.0000037514,0.0000039321
0.6448333333,0.0000001803,0.0000037428,0.0000039231
0.6450000000,0.0000001799,0.0000037342,0.0000039141
0.6451666667,0.0000001794,0.0000037256,0.0000039051
0.6453333333,0.0000001790,0.0000037171,0.0000038961
0.6455000000,0.0000001786,0.0000037086,0.0000038872
0.6456666667,0.0000001782,0.0000037000,0.0000038783
0.6458333333,0.0000001778,0.0000036916,0.0000038693
0.6460000000,0.0000001774,0.0000036831,0.0000038605
0.6461666667,0.0000001770,0.0000036746,0.0000038516
0.6463333333,0.0000001766,0.0000036662,0.0000038428
0.6465000000,0.0000001762,0.0000036578,0.0000038339
0.6466666667,0.0000001758,0.0000036494,0.0000038251
0.6468333333,0.0000001754,0.0000036410,0.0000038164
0.6470000000,0.0000001750,0.0000036326,0.0000038076
0.6471666667,0.0000001746,0.0000036243,0.0000037989
0.6473333333,0.0000001742,0.0000036160,0.0000037901
0.6475000000,0.0000001738,0.0000036077,0.0000037814
0.6476666667,0.0000001734,0.0000035994,0.0000037728
0.6478333333,0.0000001730,0.0000035911,0.0000037641
0.6480000000,0.0000001726,0.0000035829,0.0000037555
0.6481666667,0.0000001722,0.0000035747,0.0000037468
0.6483333333,0.0000001718,0.0000035665,0.0000037382
0.6485000000,0.0000001714,0.0000035583,0.0000037297
0.6486666667,0.0000001710,0.0000035501,0.0000037211
0.6488333333,0.0000001706,0.0000035420,0.0000037125
0.6490000000,0.0000001702,0.0000035338,0.0000037040
0.6491666667,0.0000001698,0.0000035257,0.0000036955
0.6493333333,0.0000001694,0.0000035176,0.0000036870
0.6495000000,0.0000001690,0.0000035095,0.0000036786
0.6496666667,0.0000001686,0.0000035015,0.0000036701
0.6498333333,0.0000001683,0.0000034934,0.0000036617
0.6500000000,0.0000001679,0.0000034854,0.0000036533
0.6501666667,0.0000001675,0.0000034774,0.0000036449
0.6503333333,0.0000001671,0.0000034694,0.0000036365
0.6505000000,0.0000001667,0.0000034615,0.0000036282
0.6506666667,0.0000001663,0.0000034535,0.0000036199
0.6508333333,0.0000001660,0.0000034456,0.0000036116
0.6510000000,0.0000001656,0.0000034377,0.0000036033
0.6511666667,0.0000001652,0.0000034298,0.0000035950
0.6513333333,0.0000001648,0.0000034219,0.0000035867
0.6515000000,0.0000001644,0.0000034141,0.0000035785
0.6516666667,0.0000001641,0.0000034062,0.0000035703
0.6518333333,0.0000001637,0.0000033984,0.0000035621
0.6520000000,0.0000001633,0.0000033906,0.0000035539
0.6521666667,0.0000001629,0.0000033828,0.0000035458
0.6523333333,0.0000001626,0.0000033751,0.0000035376
0.6525000000,0.0000001622,0.0000033673,0.0000035295
0.6526666667,0.0000001618,0.0000033596,0.0000035214
0.6528333333,0.0000001614,0.0000033519,0.0000035133
0.6530000000,0.0000001611,0.0000033442,0.0000035053
0.6531666667,0.0000001607,0.0000033365,0.0000034972
0.6533333333,0.0000001603,0.0000033289,0.0000034892
0.6535000000,0.0000001600,0.0000033212,0.0000034812
0.6536666667,0.0000001596,0.0000033136,0.0000034732
0.6538333333,0.0000001592,0.0000033060,0.0000034652
0.6540000000,0.0000001589,0.0000032984,0.0000034573
0.6541666667,0.0000001585,0.0000032908,0.0000034493
0.6543333333,0.0000001581,0.0000032833,0.0000034414
0.6545000000,0.0000001578,0.0000032757,0.0000034335
0.6546666667,0.0000001574,0.0000032682,0.0000034256
0.6548333333,0.0000001570,0.0000032607,0.0000034178
0.6550000000,0.0000001567,0.0000032532,0.0000034099
0.6551666667,0.0000001563,0.0000032458,0.0000034021
0.6553333333,0.0000001560,0.0000032383,0.0000033943
0.6555000000,0.0000001556,0.0000032309,0.0000033865
0.6556666667,0.0000001553,0.0000032235,0.0000033787
0.6558333333,0.0000001549,0.0000032161,0.0000033709
0.6560000000,0.0000001545,0.0000032087,0.0000033632
0.6561666667,0.0000001542,0.0000032013,0.0000033555
0.6563333333,0.0000001538,0.0000031940,0.0000033478
0.6565000000,0.0000001535,0.0000031866,0.0000033401
0.6566666667,0.0000001531,0.0000031793,0.0000033324
0.6568333333,0.0000001528,0.0000031720,0.0000033248
0.6570000000,0.0000001524,0.0000031647,0.0000033172
0.6571666667,0.0000001521,0.0000031575,0.0000033095
0.6573333333,0.0000001517,0.0000031502,0.0000033019
0.6575000000,0.0000001514,0.0000031430,0.0000032944
0.6576666667,0.0000001510,0.0000031358,0.0000032868
0.6578333333,0.0000001507,0.0000031286,0.0000032793
0.6580000000,0.0000001503,0.0000031214,0.0000032717
0.6581666667,0.0000001500,0.0000031142,0.0000032642
0.6583333333,0.0000001496,0.0000031071,0.0000032567
0.6585000000,0.0000001493,0.0000030999,0.0000032492
0.6586666667,0.0000001490,0.0000030928,0.0000032418
0.6588333333,0.0000001486,0.0000030857,0.0000032343
0.6590000000,0.0000001483,0.0000030786,0.0000032269
0.6591666667,0.0000001479,0.0000030716,0.0000032195
0.6593333333,0.0000001476,0.0000030645,0.0000032121
0.6595000000,0.0000001473,0.0000030575,0.0000032047
0.6596666667,0.0000001469,0.0000030505,0.0000031974
0.6598333333,0.0000001466,0.0000030435,0.0000031901
0.6600000000,0.0000001462,0.0000030365,0.0000031827
0.6601666667,0.0000001459,0.0000030295,0.0000031754
0.6603333333,0.0000001456,0.0000030226,0.0000031681
0.6605000000,0.0000001452,0.0000030156,0.0000031609
0.6606666667,0.0000001449,0.0000030087,0.0000031536
0.6608333333,0.0000001446,0.0000030018,0.0000031464
0.6610000000,0.0000001442,0.0000029949,0.0000031391
0.6611666667,0.0000001439,0.0000029880,0.0000031319
0.6613333333,0.0000001436,0.0000029812,0.0000031247
0.6615000000,0.0000001433,0.0000029743,0.0000031176
0.6616666667,0.0000001429,0.0000029675,0.0000031104
0.6618333333,0.0000001426,0.0000029607,0.0000031033
0.6620000000,0.0000001423,0.0000029539,0.0000030962
0.6621666667,0.0000001419,0.0000029471,0.0000030890
0.6623333333,0.0000001416,0.0000029403,0.0000030820
0.6625000000,0.0000001413,0.0000029336,0.0000030749
0.6626666667,0.0000001410,0.0000029269,0.0000030678
0.6628333333,0.0000001406,0.0000029201,0.0000030608
0.6630000000,0.0000001403,0.0000029134,0.0000030538
0.6631666667,0.0000001400,0.0000029067,0.0000030467
0.6633333333,0.0000001397,0.0000029001,0.0000030397
0.6635000000,0.0000001394,0.0000028934,0.0000030328
0.6636666667,0.0000001390,0.0000028868,0.0000030258
0.6638333333,0.0000001387,0.0000028801,0.0000030189
0.6640000000,0.0000001384,0.0000028735,0.0000030119
0.6641666667,0.0000001381,0.0000028669,0.0000030050
0.6643333333,0.0000001378,0.0000028604,0.0000029981
0.6645000000,0.0000001374,0.0000028538,0.0000029912
0.6646666667,0.0000001371,0.0000028472,0.0000029844
0.6648333333,0.0000001368,0.0000028407,0.0000029775
0.6650000000,0.0000001365,0.0000028342,0.0000029707
0.6651666667,0.0000001362,0.0000028277,0.0000029639
0.6653333333,0.0000001359,0.0000028212,0.0000029571
0.6655000000,0.0000001356,0.0000028147,0.0000029503
0.6656666667,0.0000001353,0.0000028082,0.0000029435
0.6658333333,0.0000001349,0.0000028018,0.0000029367
0.6660000000,0.0000001346,0.0000027954,0.0000029300
0.6661666667,0.0000001343,0.0000027890,0.0000029233
0.6663333333,0.0000001340,0.0000027825,0.0000029166
0.6665000000,0.0000001337,0.0000027762,0.0000029099
0.6666666667,0.0000001334,0.0000027698,0.0000029032
