t,Ekin,Epot,Etot
0.0000000000,0.0000000000,0.0000000000,0.0000000000
0.0001666667,0.0000000000,0.0000000000,0.0000000000
0.0003333333,0.0000000002,0.0000000000,0.0000000002
0.0005000000,0.0000000006,0.0000000003,0.0000000008
0.0006666667,0.0000000012,0.0000000010,0.0000000022
0.0008333333,0.0000000023,0.0000000022,0.0000000044
0.0010000000,0.0000000038,0.0000000037,0.0000000075
0.0011666667,0.0000000060,0.0000000056,0.0000000116
0.0013333333,0.0000000089,0.0000000083,0.0000000171
0.0015000000,0.0000000126,0.0000000119,0.0000000245
0.0016666667,0.0000000172,0.0000000167,0.0000000339
0.0018333333,0.0000000228,0.0000000225,0.0000000453
0.0020000000,0.0000000295,0.0000000291,0.0000000586
0.0021666667,0.0000000374,0.0000000367,0.0000000741
0.0023333333,0.0000000466,0.0000000456,0.0000000922
0.0025000000,0.0000000573,0.0000000562,0.0000001135
0.0026666667,0.0000000694,0.0000000686,0.0000001380
0.0028333333,0.0000000831,0.0000000826,0.0000001657
0.0030000000,0.0000000985,0.0000000979,0.0000001963
0.0031666667,0.0000001157,0.0000001147,0.0000002303
0.0033333333,0.0000001347,0.0000001334,0.0000002681
0.0035000000,0.0000001558,0.0000001545,0.0000003102
0.0036666667,0.0000001789,0.0000001779,0.0000003568
0.0038333333,0.0000002041,0.0000002034,0.0000004076
0.0040000000,0.0000002316,0.0000002308,0.0000004624
0.0041666667,0.0000002615,0.0000002602,0.0000005217
0.0043333333,0.0000002937,0.0000002921,0.0000005858
0.0045000000,0.0000003285,0.0000003269,0.0000006554
0.0046666667,0.0000003659,0.0000003647,0.0000007306
0.0048333333,0.0000004059,0.0000004050,0.0000008110
0.0050000000,0.0000004488,0.0000004477,0.0000008965
0.0051666667,0.0000004944,0.0000004929,0.0000009873
0.0053333333,0.0000005430,0.0000005411,0.0000010841
0.0055000000,0.0000005947,0.0000005928,0.0000011874
0.0056666667,0.0000006494,0.0000006479,0.0000012973
0.0058333333,0.0000007072,0.0000007061,0.0000014133
0.0060000000,0.0000007683,0.0000007671,0.0000015354
0.0061666667,0.0000008328,0.0000008310,0.0000016637
0.0063333333,0.0000009006,0.0000008984,0.0000017990
0.0065000000,0.0000009719,0.0000009697,0.0000019416
0.0066666667,0.0000010467,0.0000010450,0.0000020917
0.0068333333,0.0000011251,0.0000011238,0.0000022489
0.0070000000,0.0000012072,0.0000012058,0.0000024130
0.0071666667,0.0000012930,0.0000012910,0.0000025841
0.0073333333,0.0000013826,0.0000013802,0.0000027629
0.0075000000,0.0000014761,0.0000014738,0.0000029500
0.0076666667,0.0000015736,0.0000015717,0.0000031453
0.0078333333,0.0000016749,0.0000016735,0.0000033484
0.0080000000,0.0000017804,0.0000017788,0.0000035591
0.0081666667,0.0000018899,0.0000018877,0.0000037776
0.0083333333,0.0000020035,0.0000020009,0.0000040045
0.0085000000,0.0000021214,0.0000021189,0.0000042403
0.0086666667,0.0000022435,0.0000022416,0.0000044851
0.0088333333,0.0000023699,0.0000023684,0.0000047383
0.0090000000,0.0000025007,0.0000024990,0.0000049997
0.0091666667,0.0000026358,0.0000026335,0.0000052693
0.0093333333,0.0000027754,0.0000027726,0.0000055480
0.0095000000,0.0000029194,0.0000029168,0.0000058362
0.0096666667,0.0000030679,0.0000030659,0.0000061338
0.0098333333,0.0000032210,0.0000032195,0.0000064404
0.0100000000,0.0000033786,0.0000033770,0.0000067556
0.0101666667,0.0000035407,0.0000035388,0.0000070795
0.0103333333,0.0000037072,0.0000037056,0.0000074129
0.0105000000,0.0000038782,0.0000038780,0.0000077562
0.0106666667,0.0000040532,0.0000040561,0.0000081093
0.0108333333,0.0000042322,0.0000042395,0.0000084717
0.0110000000,0.0000044150,0.0000044281,0.0000088430
0.0111666667,0.0000046012,0.0000046222,0.0000092234
0.0113333333,0.0000047908,0.0000048227,0.0000096134
0.0115000000,0.0000049836,0.0000050302,0.0000100137
0.0116666667,0.0000051794,0.0000052447,0.0000104241
0.0118333333,0.0000053780,0.0000054660,0.0000108440
0.0120000000,0.0000055793,0.0000056936,0.0000112729
0.0121666667,0.0000057830,0.0000059280,0.0000117110
0.0123333333,0.0000059889,0.0000061700,0.0000121589
0.0125000000,0.0000061970,0.0000064202,0.0000126172
0.0126666667,0.0000064070,0.0000066787,0.0000130857
0.0128333333,0.0000066187,0.0000069450,0.0000135637
0.0130000000,0.0000068319,0.0000072188,0.0000140507
0.0131666667,0.0000070464,0.0000075005,0.0000145469
0.0133333333,0.0000072622,0.0000077907,0.0000150529
0.0135000000,0.0000074789,0.0000080903,0.0000155693
0.0136666667,0.0000076965,0.0000083993,0.0000160957
0.0138333333,0.0000079147,0.0000087170,0.0000166316
0.0140000000,0.0000081333,0.0000090431,0.0000171764
0.0141666667,0.0000083523,0.0000093779,0.0000177302
0.0143333333,0.0000085713,0.0000097223,0.0000182937
0.0145000000,0.0000087904,0.0000100769,0.0000188672
0.0146666667,0.0000090092,0.0000104415,0.0000194507
0.0148333333,0.0000092276,0.0000108158,0.0000200433
0.0150000000,0.0000094455,0.0000111991,0.0000206446
0.0151666667,0.0000096626,0.0000115919,0.0000212545
0.0153333333,0.0000098789,0.0000119949,0.0000218738
0.0155000000,0.0000100943,0.0000124086,0.0000225029
0.0156666667,0.0000103084,0.0000128331,0.0000231415
0.0158333333,0.0000105212,0.0000132676,0.0000237888
0.0160000000,0.0000107326,0.0000137118,0.0000244443
0.0161666667,0.0000109423,0.0000141658,0.0000251081
0.0163333333,0.0000111504,0.0000146304,0.0000257807
0.0165000000,0.0000113565,0.0000151061,0.0000264627
0.0166666667,0.0000115607,0.0000155929,0.0000271536
0.0168333333,0.0000117627,0.0000160900,0.0000278528
0.0170000000,0.0000119625,0.0000165970,0.0000285595
0.0171666667,0.0000121600,0.0000171140,0.0000292740
0.0173333333,0.0000123550,0.0000176417,0.0000299966
0.0175000000,0.0000125474,0.0000181806,0.0000307280
0.0176666667,0.0000127370,0.0000187306,0.0000314677
0.0178333333,0.0000129240,0.0000192910,0.0000322149
0.0180000000,0.0000131080,0.0000198611,0.0000329691
0.0181666667,0.0000132891,0.0000204411,0.0000337302
0.0183333333,0.0000134671,0.0000210317,0.0000344987
0.0185000000,0.0000136420,0.0000216332,0.0000352752
0.0186666667,0.0000138136,0.0000222456,0.0000360592
0.0188333333,0.0000139820,0.0000228678,0.0000368498
0.0190000000,0.0000141471,0.0000234993,0.0000376464
0.0191666667,0.0000143087,0.0000241400,0.0000384487
0.0193333333,0.0000144669,0.0000247904,0.0000392573
0.0195000000,0.0000146216,0.0000254507,0.0000400723
0.0196666667,0.0000147727,0.0000261201,0.0000408928
0.0198333333,0.0000149203,0.0000267974,0.0000417177
0.0200000000,0.0000150643,0.0000274812,0.0000425455
0.0201666667,0.0000152046,0.0000281708,0.0000433754
0.0203333333,0.0000153414,0.0000288656,0.0000442070
0.0205000000,0.0000154745,0.0000295649,0.0000450393
0.0206666667,0.0000156039,0.0000302668,0.0000458707
0.0208333333,0.0000157297,0.0000309691,0.0000466988
0.0210000000,0.0000158519,0.0000316696,0.0000475216
0.0211666667,0.0000159706,0.0000323672,0.0000483378
0.0213333333,0.0000160856,0.0000330613,0.0000491469
0.0215000000,0.0000161972,0.0000337517,0.0000499489
0.0216666667,0.0000163052,0.0000344380,0.0000507432
0.0218333333,0.0000164097,0.0000351196,0.0000515293
0.0220000000,0.0000165108,0.0000357968,0.0000523076
0.0221666667,0.0000166085,0.0000364704,0.0000530788
0.0223333333,0.0000167027,0.0000371420,0.0000538448
0.0225000000,0.0000167936,0.0000378128,0.0000546064
0.0226666667,0.0000168811,0.0000384827,0.0000553639
0.0228333333,0.0000169653,0.0000391507,0.0000561160
0.0230000000,0.0000170463,0.0000398154,0.0000568616
0.0231666667,0.0000171239,0.0000404758,0.0000575997
0.0233333333,0.0000171984,0.0000411314,0.0000583298
0.0235000000,0.0000172696,0.0000417819,0.0000590515
0.0236666667,0.0000173378,0.0000424265,0.0000597643
0.0238333333,0.0000174028,0.0000430647,0.0000604676
0.0240000000,0.0000174648,0.0000436967,0.0000611615
0.0241666667,0.0000175238,0.0000443233,0.0000618471
0.0243333333,0.0000175798,0.0000449458,0.0000625256
0.0245000000,0.0000176329,0.0000455646,0.0000631975
0.0246666667,0.0000176831,0.0000461792,0.0000638623
0.0248333333,0.0000177305,0.0000467880,0.0000645184
0.0250000000,0.0000177751,0.0000473893,0.0000651644
0.0251666667,0.0000178170,0.0000479825,0.0000657995
0.0253333333,0.0000178561,0.0000485679,0.0000664241
0.0255000000,0.0000178927,0.0000491462,0.0000670389
0.0256666667,0.0000179267,0.0000497178,0.0000676445
0.0258333333,0.0000179582,0.0000502827,0.0000682409
0.0260000000,0.0000179873,0.0000508407,0.0000688280
0.0261666667,0.0000180139,0.0000513917,0.0000694056
0.0263333333,0.0000180382,0.0000519356,0.0000699738
0.0265000000,0.0000180602,0.0000524720,0.0000705322
0.0266666667,0.0000180800,0.0000529997,0.0000710797
0.0268333333,0.0000180976,0.0000535178,0.0000716155
0.0270000000,0.0000181132,0.0000540263,0.0000721395
0.0271666667,0.0000181267,0.0000545258,0.0000726525
0.0273333333,0.0000181382,0.0000550175,0.0000731557
0.0275000000,0.0000181478,0.0000555021,0.0000736499
0.0276666667,0.0000181556,0.0000559789,0.0000741345
0.0278333333,0.0000181616,0.0000564464,0.0000746081
0.0280000000,0.0000181659,0.0000569035,0.0000750694
0.0281666667,0.0000181686,0.0000573496,0.0000755182
0.0283333333,0.0000181697,0.0000577856,0.0000759554
0.0285000000,0.0000181693,0.0000582125,0.0000763818
0.0286666667,0.0000181675,0.0000586306,0.0000767981
0.0288333333,0.0000181643,0.0000590395,0.0000772039
0.0290000000,0.0000181599,0.0000594387,0.0000775986
0.0291666667,0.0000181542,0.0000598274,0.0000779817
0.0293333333,0.0000181474,0.0000602056,0.0000783530
0.0295000000,0.0000181395,0.0000605731,0.0000787127
0.0296666667,0.0000181307,0.0000609300,0.0000790607
0.0298333333,0.0000181209,0.0000612762,0.0000793971
0.0300000000,0.0000181102,0.0000616119,0.0000797221
0.0301666667,0.0000180988,0.0000619374,0.0000800362
0.0303333333,0.0000180867,0.0000622529,0.0000803396
0.0305000000,0.0000180740,0.0000625582,0.0000806322
0.0306666667,0.0000180607,0.0000628524,0.0000809132
0.0308333333,0.0000180470,0.0000631348,0.0000811818
0.0310000000,0.0000180329,0.0000634052,0.0000814381
0.0311666667,0.0000180185,0.0000636644,0.0000816828
0.0313333333,0.0000180038,0.0000639133,0.0000819171
0.0315000000,0.0000179889,0.0000641525,0.0000821414
0.0316666667,0.0000179740,0.0000643813,0.0000823553
0.0318333333,0.0000179591,0.0000645985,0.0000825576
0.0320000000,0.0000179442,0.0000648032,0.0000827475
0.0321666667,0.0000179295,0.0000649958,0.0000829253
0.0323333333,0.0000179150,0.0000651772,0.0000830922
0.0325000000,0.0000179008,0.0000653483,0.0000832491
0.0326666667,0.0000178870,0.0000655093,0.0000833962
0.0328333333,0.0000178736,0.0000656594,0.0000835330
0.0330000000,0.0000178608,0.0000657977,0.0000836585
0.0331666667,0.0000178485,0.0000659240,0.0000837725
0.0333333333,0.0000178370,0.0000660385,0.0000838755
0.0335000000,0.0000178261,0.0000661420,0.0000839682
0.0336666667,0.0000178162,0.0000662350,0.0000840512
0.0338333333,0.0000178071,0.0000663174,0.0000841245
0.0340000000,0.0000177990,0.0000663888,0.0000841878
0.0341666667,0.0000177919,0.0000664489,0.0000842408
0.0343333333,0.0000177860,0.0000664977,0.0000842836
0.0345000000,0.0000177812,0.0000665354,0.0000843166
0.0346666667,0.0000177778,0.0000665621,0.0000843399
0.0348333333,0.0000177756,0.0000665780,0.0000843537
0.0350000000,0.0000177749,0.0000665833,0.0000843582
0.0351666667,0.0000177757,0.0000665780,0.0000843537
0.0353333333,0.0000177780,0.0000665624,0.0000843404
0.0355000000,0.0000177820,0.0000665364,0.0000843183
0.0356666667,0.0000177876,0.0000664996,0.0000842872
0.0358333333,0.0000177950,0.0000664519,0.0000842469
0.0360000000,0.0000178042,0.0000663936,0.0000841978
0.0361666667,0.0000178153,0.0000663253,0.0000841405
0.0363333333,0.0000178283,0.0000662475,0.0000840758
0.0365000000,0.0000178434,0.0000661602,0.0000840036
0.0366666667,0.0000178606,0.0000660631,0.0000839236
0.0368333333,0.0000178799,0.0000659555,0.0000838354
0.0370000000,0.0000179014,0.0000658376,0.0000837390
0.0371666667,0.0000179252,0.0000657099,0.0000836351
0.0373333333,0.0000179513,0.0000655734,0.0000835247
0.0375000000,0.0000179798,0.0000654284,0.0000834082
0.0376666667,0.0000180107,0.0000652747,0.0000832854
0.0378333333,0.0000180441,0.0000651116,0.0000831557
0.0380000000,0.0000180801,0.0000649387,0.0000830189
0.0381666667,0.0000181188,0.0000647566,0.0000828754
0.0383333333,0.0000181600,0.0000645662,0.0000827262
0.0385000000,0.0000182040,0.0000643681,0.0000825721
0.0386666667,0.0000182507,0.0000641623,0.0000824131
0.0388333333,0.0000183003,0.0000639485,0.0000822488
0.0390000000,0.0000183528,0.0000637260,0.0000820788
0.0391666667,0.0000184081,0.0000634952,0.0000819033
0.0393333333,0.0000184664,0.0000632566,0.0000817230
0.0395000000,0.0000185277,0.0000630111,0.0000815388
0.0396666667,0.0000185921,0.0000627590,0.0000813511
0.0398333333,0.0000186595,0.0000625000,0.0000811595
0.0400000000,0.0000187301,0.0000622338,0.0000809639
0.0401666667,0.0000188039,0.0000619604,0.0000807643
0.0403333333,0.0000188808,0.0000616802,0.0000805610
0.0405000000,0.0000189610,0.0000613939,0.0000803549
0.0406666667,0.0000190444,0.0000611019,0.0000801464
0.0408333333,0.0000191312,0.0000608043,0.0000799355
0.0410000000,0.0000192213,0.0000605009,0.0000797222
0.0411666667,0.0000193148,0.0000601916,0.0000795065
0.0413333333,0.0000194117,0.0000598769,0.0000792886
0.0415000000,0.0000195121,0.0000595570,0.0000790691
0.0416666667,0.0000196158,0.0000592324,0.0000788483
0.0418333333,0.0000197231,0.0000589033,0.0000786264
0.0420000000,0.0000198338,0.0000585698,0.0000784037
0.0421666667,0.0000199481,0.0000582320,0.0000781802
0.0423333333,0.0000200660,0.0000578901,0.0000779561
0.0425000000,0.0000201874,0.0000575444,0.0000777317
0.0426666667,0.0000203124,0.0000571950,0.0000775073
0.0428333333,0.0000204409,0.0000568423,0.0000772832
0.0430000000,0.0000205731,0.0000564864,0.0000770595
0.0431666667,0.0000207089,0.0000561277,0.0000768367
0.0433333333,0.0000208484,0.0000557665,0.0000766148
0.0435000000,0.0000209915,0.0000554028,0.0000763942
0.0436666667,0.0000211382,0.0000550367,0.0000761749
0.0438333333,0.0000212886,0.0000546686,0.0000759571
0.0440000000,0.0000214426,0.0000542986,0.0000757412
0.0441666667,0.0000216003,0.0000539272,0.0000755275
0.0443333333,0.0000217617,0.0000535546,0.0000753163
0.0445000000,0.0000219267,0.0000531812,0.0000751079
0.0446666667,0.0000220954,0.0000528068,0.0000749022
0.0448333333,0.0000222678,0.0000524316,0.0000746994
0.0450000000,0.0000224438,0.0000520559,0.0000744997
0.0451666667,0.0000226234,0.0000516802,0.0000743036
0.0453333333,0.0000228067,0.0000513047,0.0000741114
0.0455000000,0.0000229936,0.0000509298,0.0000739234
0.0456666667,0.0000231841,0.0000505555,0.0000737396
0.0458333333,0.0000233782,0.0000501817,0.0000735600
0.0460000000,0.0000235760,0.0000498089,0.0000733848
0.0461666667,0.0000237772,0.0000494373,0.0000732145
0.0463333333,0.0000239820,0.0000490674,0.0000730494
0.0465000000,0.0000241904,0.0000486994,0.0000728898
0.0466666667,0.0000244022,0.0000483335,0.0000727357
0.0468333333,0.0000246176,0.0000479696,0.0000725872
0.0470000000,0.0000248364,0.0000476080,0.0000724444
0.0471666667,0.0000250586,0.0000472490,0.0000723076
0.0473333333,0.0000252843,0.0000468930,0.0000721772
0.0475000000,0.0000255133,0.0000465402,0.0000720536
0.0476666667,0.0000257457,0.0000461910,0.0000719366
0.0478333333,0.0000259814,0.0000458452,0.0000718266
0.0480000000,0.0000262204,0.0000455030,0.0000717234
0.0481666667,0.0000264626,0.0000451648,0.0000716275
0.0483333333,0.0000267081,0.0000448309,0.0000715390
0.0485000000,0.0000269567,0.0000445016,0.0000714582
0.0486666667,0.0000272084,0.0000441770,0.0000713854
0.0488333333,0.0000274633,0.0000438572,0.0000713205
0.0490000000,0.0000277212,0.0000435424,0.0000712636
0.0491666667,0.0000279821,0.0000432329,0.0000712150
0.0493333333,0.0000282460,0.0000429289,0.0000711749
0.0495000000,0.0000285128,0.0000426306,0.0000711435
0.0496666667,0.0000287825,0.0000423383,0.0000711209
0.0498333333,0.0000290551,0.0000420521,0.0000711071
0.0500000000,0.0000293304,0.0000417721,0.0000711025
0.0501666667,0.0000296084,0.0000414987,0.0000711071
0.0503333333,0.0000298891,0.0000412319,0.0000711210
0.0505000000,0.0000301724,0.0000409721,0.0000711445
0.0506666667,0.0000304583,0.0000407192,0.0000711775
0.0508333333,0.0000307467,0.0000404736,0.0000712203
0.0510000000,0.0000310376,0.0000402353,0.0000712729
0.0511666667,0.0000313309,0.0000400048,0.0000713356
0.0513333333,0.0000316265,0.0000397820,0.0000714085
0.0515000000,0.0000319244,0.0000395671,0.0000714915
0.0516666667,0.0000322245,0.0000393602,0.0000715847
0.0518333333,0.0000325267,0.0000391616,0.0000716883
0.0520000000,0.0000328311,0.0000389714,0.0000718025
0.0521666667,0.0000331375,0.0000387898,0.0000719273
0.0523333333,0.0000334459,0.0000386170,0.0000720629
0.0525000000,0.0000337562,0.0000384530,0.0000722092
0.0526666667,0.0000340683,0.0000382980,0.0000723663
0.0528333333,0.0000343822,0.0000381520,0.0000725342
0.0530000000,0.0000346978,0.0000380153,0.0000727131
0.0531666667,0.0000350150,0.0000378881,0.0000729031
0.0533333333,0.0000353338,0.0000377705,0.0000731043
0.0535000000,0.0000356541,0.0000376626,0.0000733167
0.0536666667,0.0000359758,0.0000375643,0.0000735402
0.0538333333,0.0000362989,0.0000374759,0.0000737748
0.0540000000,0.0000366233,0.0000373974,0.0000740207
0.0541666667,0.0000369488,0.0000373291,0.0000742779
0.0543333333,0.0000372756,0.0000372711,0.0000745466
0.0545000000,0.0000376034,0.0000372233,0.0000748267
0.0546666667,0.0000379321,0.0000371859,0.0000751181
0.0548333333,0.0000382618,0.0000371590,0.0000754208
0.0550000000,0.0000385924,0.0000371425,0.0000757349
0.0551666667,0.0000389237,0.0000371367,0.0000760604
0.0553333333,0.0000392557,0.0000371416,0.0000763973
0.0555000000,0.0000395883,0.0000371574,0.0000767457
0.0556666667,0.0000399215,0.0000371839,0.0000771054
0.0558333333,0.0000402551,0.0000372214,0.0000774765
0.0560000000,0.0000405892,0.0000372697,0.0000778589
0.0561666667,0.0000409235,0.0000373291,0.0000782526
0.0563333333,0.0000412581,0.0000373994,0.0000786575
0.0565000000,0.0000415928,0.0000374809,0.0000790737
0.0566666667,0.0000419277,0.0000375735,0.0000795012
0.0568333333,0.0000422625,0.0000376773,0.0000799398
0.0570000000,0.0000425973,0.0000377922,0.0000803895
0.0571666667,0.0000429319,0.0000379183,0.0000808502
0.0573333333,0.0000432663,0.0000380555,0.0000813218
0.0575000000,0.0000436004,0.0000382039,0.0000818043
0.0576666667,0.0000439342,0.0000383636,0.0000822977
0.0578333333,0.0000442675,0.0000385346,0.0000828020
0.0580000000,0.0000446002,0.0000387169,0.0000833171
0.0581666667,0.0000449324,0.0000389103,0.0000838426
0.0583333333,0.0000452638,0.0000391147,0.0000843785
0.0585000000,0.0000455946,0.0000393302,0.0000849248
0.0586666667,0.0000459245,0.0000395569,0.0000854814
0.0588333333,0.0000462535,0.0000397949,0.0000860484
0.0590000000,0.0000465815,0.0000400442,0.0000866257
0.0591666667,0.0000469085,0.0000403044,0.0000872129
0.0593333333,0.0000472343,0.0000405754,0.0000878097
0.0595000000,0.0000475589,0.0000408571,0.0000884161
0.0596666667,0.0000478823,0.0000411498,0.0000890321
0.0598333333,0.0000482044,0.0000414536,0.0000896580
0.0600000000,0.0000485250,0.0000417684,0.0000902934
0.0601666667,0.0000488442,0.0000420939,0.0000909380
0.0603333333,0.0000491617,0.0000424297,0.0000915914
0.0605000000,0.0000494777,0.0000427757,0.0000922534
0.0606666667,0.0000497920,0.0000431323,0.0000929243
0.0608333333,0.0000501045,0.0000434996,0.0000936041
0.0610000000,0.0000504152,0.0000438775,0.0000942927
0.0611666667,0.0000507241,0.0000442656,0.0000949897
0.0613333333,0.0000510309,0.0000446634,0.0000956944
0.0615000000,0.0000513358,0.0000450709,0.0000964067
0.0616666667,0.0000516385,0.0000454882,0.0000971267
0.0618333333,0.0000519391,0.0000459157,0.0000978548
0.0620000000,0.0000522375,0.0000463533,0.0000985908
0.0621666667,0.0000525337,0.0000468004,0.0000993341
0.0623333333,0.0000528275,0.0000472566,0.0001000841
0.0625000000,0.0000531189,0.0000477216,0.0001008405
0.0626666667,0.0000534079,0.0000481956,0.0001016035
0.0628333333,0.0000536944,0.0000486790,0.0001023734
0.0630000000,0.0000539783,0.0000491718,0.0001031501
0.0631666667,0.0000542596,0.0000496735,0.0001039331
0.0633333333,0.0000545382,0.0000501834,0.0001047217
0.0635000000,0.0000548142,0.0000507011,0.0001055153
0.0636666667,0.0000550873,0.0000512269,0.0001063142
0.0638333333,0.0000553577,0.0000517611,0.0001071188
0.0640000000,0.0000556252,0.0000523039,0.0001079291
0.0641666667,0.0000558897,0.0000528548,0.0001087445
0.0643333333,0.0000561513,0.0000534128,0.0001095642
0.0645000000,0.0000564099,0.0000539776,0.0001103876
0.0646666667,0.0000566655,0.0000545494,0.0001112149
0.0648333333,0.0000569180,0.0000551286,0.0001120466
0.0650000000,0.0000571673,0.0000557153,0.0001128826
0.0651666667,0.0000574135,0.0000563091,0.0001137226
0.0653333333,0.0000576565,0.0000569090,0.0001145655
0.0655000000,0.0000578962,0.0000575146,0.0001154108
0.0656666667,0.0000581327,0.0000581259,0.0001162585
0.0658333333,0.0000583658,0.0000587433,0.0001171091
0.0660000000,0.0000585956,0.0000593672,0.0001179628
0.0661666667,0.0000588220,0.0000599971,0.0001188191
0.0663333333,0.0000590451,0.0000606320,0.0001196771
0.0665000000,0.0000592647,0.0000612713,0.0001205360
0.0666666667,0.0000594808,0.0000619150,0.0001213958
0.0668333333,0.0000596935,0.0000625636,0.0001222570
0.0670000000,0.0000599026,0.0000632173,0.0001231199
0.0671666667,0.0000601083,0.0000638759,0.0001239841
0.0673333333,0.0000603103,0.0000645382,0.0001248486
0.0675000000,0.0000605088,0.0000652037,0.0001257126
0.0676666667,0.0000607038,0.0000658722,0.0001265760
0.0678333333,0.0000608951,0.0000665442,0.0001274393
0.0680000000,0.0000610829,0.0000672200,0.0001283029
0.0681666667,0.0000612670,0.0000678993,0.0001291663
0.0683333333,0.0000614475,0.0000685812,0.0001300287
0.0685000000,0.0000616243,0.0000692649,0.0001308892
0.0686666667,0.0000617975,0.0000699502,0.0001317477
0.0688333333,0.0000619670,0.0000706375,0.0001326045
0.0690000000,0.0000621329,0.0000713272,0.0001334601
0.0691666667,0.0000622951,0.0000720192,0.0001343143
0.0693333333,0.0000624536,0.0000727124,0.0001351660
0.0695000000,0.0000626085,0.0000734060,0.0001360145
0.0696666667,0.0000627598,0.0000740998,0.0001368596
0.0698333333,0.0000629073,0.0000747941,0.0001377015
0.0700000000,0.0000630512,0.0000754894,0.0001385407
0.0701666667,0.0000631915,0.0000761856,0.0001393771
0.0703333333,0.0000633282,0.0000768816,0.0001402098
0.0705000000,0.0000634612,0.0000775768,0.0001410380
0.0706666667,0.0000635906,0.0000782707,0.0001418613
0.0708333333,0.0000637164,0.0000789637,0.0001426800
0.0710000000,0.0000638386,0.0000796561,0.0001434947
0.0711666667,0.0000639573,0.0000803479,0.0001443052
0.0713333333,0.0000640724,0.0000810384,0.0001451108
0.0715000000,0.0000641839,0.0000817267,0.0001459106
0.0716666667,0.0000642920,0.0000824123,0.0001467042
0.0718333333,0.0000643966,0.0000830954,0.0001474920
0.0720000000,0.0000644977,0.0000837766,0.0001482743
0.0721666667,0.0000645954,0.0000844558,0.0001490512
0.0723333333,0.0000646896,0.0000851323,0.0001498220
0.0725000000,0.0000647805,0.0000858053,0.0001505858
0.0726666667,0.0000648681,0.0000864743,0.0001513423
0.0728333333,0.0000649523,0.0000871394,0.0001520917
0.0730000000,0.0000650332,0.0000878012,0.0001528344
0.0731666667,0.0000651109,0.0000884595,0.0001535704
0.0733333333,0.0000651854,0.0000891139,0.0001542993
0.0735000000,0.0000652567,0.0000897635,0.0001550202
0.0736666667,0.0000653248,0.0000904079,0.0001557327
0.0738333333,0.0000653899,0.0000910470,0.0001564369
0.0740000000,0.0000654519,0.0000916814,0.0001571333
0.0741666667,0.0000655109,0.0000923111,0.0001578220
0.0743333333,0.0000655669,0.0000929356,0.0001585025
0.0745000000,0.0000656200,0.0000935541,0.0001591741
0.0746666667,0.0000656702,0.0000941661,0.0001598363
0.0748333333,0.0000657176,0.0000947717,0.0001604894
0.0750000000,0.0000657622,0.0000953713,0.0001611335
0.0751666667,0.0000658041,0.0000959649,0.0001617690
0.0753333333,0.0000658433,0.0000965521,0.0001623954
0.0755000000,0.0000658799,0.0000971323,0.0001630122
0.0756666667,0.0000659140,0.0000977049,0.0001636188
0.0758333333,0.0000659455,0.0000982699,0.0001642154
0.0760000000,0.0000659745,0.0000988278,0.0001648023
0.0761666667,0.0000660012,0.0000993784,0.0001653796
0.0763333333,0.0000660255,0.0000999217,0.0001659471
0.0765000000,0.0000660475,0.0001004568,0.0001665043
0.0766666667,0.0000660673,0.0001009835,0.0001670508
0.0768333333,0.0000660849,0.0001015016,0.0001675865
0.0770000000,0.0000661005,0.0001020114,0.0001681119
0.0771666667,0.0000661140,0.0001025130,0.0001686270
0.0773333333,0.0000661255,0.0001030062,0.0001691318
0.0775000000,0.0000661352,0.0001034905,0.0001696257
0.0776666667,0.0000661430,0.0001039654,0.0001701084
0.0778333333,0.0000661490,0.0001044309,0.0001705799
0.0780000000,0.0000661533,0.0001048872,0.0001710405
0.0781666667,0.0000661560,0.0001053344,0.0001714904
0.0783333333,0.0000661571,0.0001057723,0.0001719294
0.0785000000,0.0000661567,0.0001062005,0.0001723572
0.0786666667,0.0000661549,0.0001066187,0.0001727736
0.0788333333,0.0000661518,0.0001070268,0.0001731785
0.0790000000,0.0000661473,0.0001074249,0.0001735722
0.0791666667,0.0000661417,0.0001078131,0.0001739548
0.0793333333,0.0000661348,0.0001081914,0.0001743262
0.0795000000,0.0000661270,0.0001085593,0.0001746863
0.0796666667,0.0000661181,0.0001089167,0.0001750348
0.0798333333,0.0000661083,0.0001092634,0.0001753717
0.0800000000,0.0000660977,0.0001095996,0.0001756973
0.0801666667,0.0000660863,0.0001099253,0.0001760116
0.0803333333,0.0000660742,0.0001102404,0.0001763146
0.0805000000,0.0000660615,0.0001105449,0.0001766063
0.0806666667,0.0000660482,0.0001108383,0.0001768865
0.0808333333,0.0000660345,0.0001111207,0.0001771552
0.0810000000,0.0000660204,0.0001113922,0.0001774125
0.0811666667,0.0000660059,0.0001116527,0.0001776587
0.0813333333,0.0000659913,0.0001119023,0.0001778936
0.0815000000,0.0000659764,0.0001121409,0.0001781174
0.0816666667,0.0000659615,0.0001123683,0.0001783298
0.0818333333,0.0000659466,0.0001125845,0.0001785311
0.0820000000,0.0000659317,0.0001127895,0.0001787212
0.0821666667,0.0000659170,0.0001129833,0.0001789003
0.0823333333,0.0000659025,0.0001131660,0.0001790685
0.0825000000,0.0000658883,0.0001133375,0.0001792258
0.0826666667,0.0000658745,0.0001134978,0.0001793723
0.0828333333,0.0000658611,0.0001136468,0.0001795079
0.0830000000,0.0000658482,0.0001137846,0.0001796328
0.0831666667,0.0000658360,0.0001139112,0.0001797472
0.0833333333,0.0000658244,0.0001140266,0.0001798510
0.0835000000,0.0000658136,0.0001141309,0.0001799445
0.0836666667,0.0000658036,0.0001142240,0.0001800276
0.0838333333,0.0000657945,0.0001143060,0.0001801006
0.0840000000,0.0000657864,0.0001143770,0.0001801634
0.0841666667,0.0000657793,0.0001144369,0.0001802162
0.0843333333,0.0000657734,0.0001144857,0.0001802591
0.0845000000,0.0000657687,0.0001145236,0.0001802923
0.0846666667,0.0000657652,0.0001145507,0.0001803159
0.0848333333,0.0000657631,0.0001145670,0.0001803300
0.0850000000,0.0000657623,0.0001145725,0.0001803348
0.0851666667,0.0000657631,0.0001145672,0.0001803303
0.0853333333,0.0000657654,0.0001145513,0.0001803167
0.0855000000,0.0000657693,0.0001145247,0.0001802941
0.0856666667,0.0000657749,0.0001144878,0.0001802627
0.0858333333,0.0000657823,0.0001144405,0.0001802229
0.0860000000,0.0000657915,0.0001143831,0.0001801746
0.0861666667,0.0000658026,0.0001143153,0.0001801179
0.0863333333,0.0000658157,0.0001142373,0.0001800530
0.0865000000,0.0000658307,0.0001141493,0.0001799800
0.0866666667,0.0000658479,0.0001140514,0.0001798993
0.0868333333,0.0000658672,0.0001139440,0.0001798111
0.0870000000,0.0000658887,0.0001138269,0.0001797155
0.0871666667,0.0000659124,0.0001137002,0.0001796126
0.0873333333,0.0000659385,0.0001135639,0.0001795025
0.0875000000,0.0000659670,0.0001134183,0.0001793853
0.0876666667,0.0000659979,0.0001132637,0.0001792616
0.0878333333,0.0000660313,0.0001131002,0.0001791315
0.0880000000,0.0000660673,0.0001129279,0.0001789952
0.0881666667,0.0000661059,0.0001127468,0.0001788527
0.0883333333,0.0000661472,0.0001125569,0.0001787041
0.0885000000,0.0000661911,0.0001123586,0.0001785497
0.0886666667,0.0000662379,0.0001121521,0.0001783899
0.0888333333,0.0000662874,0.0001119376,0.0001782250
0.0890000000,0.0000663398,0.0001117154,0.0001780552
0.0891666667,0.0000663951,0.0001114853,0.0001778804
0.0893333333,0.0000664533,0.0001112474,0.0001777008
0.0895000000,0.0000665145,0.0001110021,0.0001775166
0.0896666667,0.0000665787,0.0001107496,0.0001773283
0.0898333333,0.0000666458,0.0001104904,0.0001771363
0.0900000000,0.0000667160,0.0001102246,0.0001769406
0.0901666667,0.0000667891,0.0001099521,0.0001767413
0.0903333333,0.0000668652,0.0001096733,0.0001765385
0.0905000000,0.0000669441,0.0001093884,0.0001763325
0.0906666667,0.0000670259,0.0001090979,0.0001761238
0.0908333333,0.0000671102,0.0001088024,0.0001759126
0.0910000000,0.0000671971,0.0001085021,0.0001756992
0.0911666667,0.0000672863,0.0001081973,0.0001754836
0.0913333333,0.0000673777,0.0001078882,0.0001752659
0.0915000000,0.0000674709,0.0001075755,0.0001750464
0.0916666667,0.0000675658,0.0001072597,0.0001748255
0.0918333333,0.0000676622,0.0001069414,0.0001746036
0.0920000000,0.0000677598,0.0001066211,0.0001743809
0.0921666667,0.0000678585,0.0001062989,0.0001741574
0.0923333333,0.0000679581,0.0001059752,0.0001739333
0.0925000000,0.0000680585,0.0001056503,0.0001737088
0.0926666667,0.0000681594,0.0001053249,0.0001734843
0.0928333333,0.0000682608,0.0001049994,0.0001732603
0.0930000000,0.0000683626,0.0001046742,0.0001730368
0.0931666667,0.0000684645,0.0001043495,0.0001728141
0.0933333333,0.0000685665,0.0001040255,0.0001725921
0.0935000000,0.0000686684,0.0001037027,0.0001723711
0.0936666667,0.0000687699,0.0001033818,0.0001721516
0.0938333333,0.0000688709,0.0001030631,0.0001719340
0.0940000000,0.0000689711,0.0001027472,0.0001717184
0.0941666667,0.0000690706,0.0001024343,0.0001715049
0.0943333333,0.0000691690,0.0001021246,0.0001712936
0.0945000000,0.0000692664,0.0001018184,0.0001710847
0.0946666667,0.0000693625,0.0001015163,0.0001708788
0.0948333333,0.0000694573,0.0001012187,0.0001706760
0.0950000000,0.0000695505,0.0001009261,0.0001704766
0.0951666667,0.0000696421,0.0001006387,0.0001702808
0.0953333333,0.0000697319,0.0001003566,0.0001700886
0.0955000000,0.0000698198,0.0001000804,0.0001699002
0.0956666667,0.0000699055,0.0000998105,0.0001697160
0.0958333333,0.0000699890,0.0000995473,0.0001695364
0.0960000000,0.0000700703,0.0000992912,0.0001693615
0.0961666667,0.0000701492,0.0000990422,0.0001691914
0.0963333333,0.0000702256,0.0000988008,0.0001690263
0.0965000000,0.0000702993,0.0000985671,0.0001688664
0.0966666667,0.0000703703,0.0000983417,0.0001687120
0.0968333333,0.0000704385,0.0000981249,0.0001685634
0.0970000000,0.0000705037,0.0000979171,0.0001684207
0.0971666667,0.0000705659,0.0000977183,0.0001682842
0.0973333333,0.0000706250,0.0000975289,0.0001681539
0.0975000000,0.0000706809,0.0000973491,0.0001680300
0.0976666667,0.0000707336,0.0000971792,0.0001679129
0.0978333333,0.0000707830,0.0000970196,0.0001678026
0.0980000000,0.0000708289,0.0000968706,0.0001676995
0.0981666667,0.0000708714,0.0000967323,0.0001676037
0.0983333333,0.0000709104,0.0000966049,0.0001675153
0.0985000000,0.0000709458,0.0000964886,0.0001674345
0.0986666667,0.0000709777,0.0000963837,0.0001673614
0.0988333333,0.0000710059,0.0000962905,0.0001672964
0.0990000000,0.0000710305,0.0000962090,0.0001672395
0.0991666667,0.0000710514,0.0000961396,0.0001671910
0.0993333333,0.0000710686,0.0000960823,0.0001671509
0.0995000000,0.0000710821,0.0000960373,0.0001671194
0.0996666667,0.0000710921,0.0000960046,0.0001670967
0.0998333333,0.0000710984,0.0000959845,0.0001670829
0.1000000000,0.0000711013,0.0000959769,0.0001670782
0.1001666667,0.0000711008,0.0000959820,0.0001670828
0.1003333333,0.0000710971,0.0000959996,0.0001670967
0.1005000000,0.0000710904,0.0000960297,0.0001671201
0.1006666667,0.0000710810,0.0000960721,0.0001671531
0.1008333333,0.0000710692,0.0000961267,0.0001671959
0.1010000000,0.0000710554,0.0000961931,0.0001672485
0.1011666667,0.0000710401,0.0000962710,0.0001673111
0.1013333333,0.0000710237,0.0000963601,0.0001673839
0.1015000000,0.0000710068,0.0000964600,0.0001674669
0.1016666667,0.0000709900,0.0000965702,0.0001675602
0.1018333333,0.0000709737,0.0000966902,0.0001676639
0.1020000000,0.0000709586,0.0000968194,0.0001677780
0.1021666667,0.0000709452,0.0000969576,0.0001679027
0.1023333333,0.0000709339,0.0000971043,0.0001680382
0.1025000000,0.0000709251,0.0000972593,0.0001681844
0.1026666667,0.0000709194,0.0000974223,0.0001683416
0.1028333333,0.0000709169,0.0000975927,0.0001685096
0.1030000000,0.0000709183,0.0000977702,0.0001686885
0.1031666667,0.0000709237,0.0000979546,0.0001688784
0.1033333333,0.0000709338,0.0000981456,0.0001690794
0.1035000000,0.0000709490,0.0000983428,0.0001692917
0.1036666667,0.0000709697,0.0000985456,0.0001695153
0.1038333333,0.0000709965,0.0000987535,0.0001697501
0.1040000000,0.0000710300,0.0000989659,0.0001699959
0.1041666667,0.0000710705,0.0000991825,0.0001702530
0.1043333333,0.0000711185,0.0000994030,0.0001705215
0.1045000000,0.0000711744,0.0000996271,0.0001708016
0.1046666667,0.0000712387,0.0000998544,0.0001710931
0.1048333333,0.0000713116,0.0001000843,0.0001713959
0.1050000000,0.0000713936,0.0001003163,0.0001717099
0.1051666667,0.0000714851,0.0001005501,0.0001720352
0.1053333333,0.0000715867,0.0001007853,0.0001723720
0.1055000000,0.0000716988,0.0001010216,0.0001727204
0.1056666667,0.0000718217,0.0001012586,0.0001730803
0.1058333333,0.0000719560,0.0001014954,0.0001734515
0.1060000000,0.0000721020,0.0001017318,0.0001738337
0.1061666667,0.0000722599,0.0001019672,0.0001742271
0.1063333333,0.0000724302,0.0001022017,0.0001746320
0.1065000000,0.0000726133,0.0001024349,0.0001750483
0.1066666667,0.0000728095,0.0001026664,0.0001754759
0.1068333333,0.0000730193,0.0001028953,0.0001759146
0.1070000000,0.0000732430,0.0001031212,0.0001763641
0.1071666667,0.0000734809,0.0001033436,0.0001768245
0.1073333333,0.0000737334,0.0001035626,0.0001772960
0.1075000000,0.0000740007,0.0001037779,0.0001777787
0.1076666667,0.0000742832,0.0001039892,0.0001782724
0.1078333333,0.0000745811,0.0001041956,0.0001787767
0.1080000000,0.0000748948,0.0001043967,0.0001792915
0.1081666667,0.0000752246,0.0001045920,0.0001798166
0.1083333333,0.0000755707,0.0001047816,0.0001803524
0.1085000000,0.0000759335,0.0001049654,0.0001808989
0.1086666667,0.0000763130,0.0001051428,0.0001814559
0.1088333333,0.0000767096,0.0001053134,0.0001820230
0.1090000000,0.0000771235,0.0001054764,0.0001825999
0.1091666667,0.0000775548,0.0001056317,0.0001831865
0.1093333333,0.0000780038,0.0001057793,0.0001837832
0.1095000000,0.0000784707,0.0001059192,0.0001843899
0.1096666667,0.0000789556,0.0001060509,0.0001850065
0.1098333333,0.0000794587,0.0001061738,0.0001856325
0.1100000000,0.0000799799,0.0001062876,0.0001862674
0.1101666667,0.0000805194,0.0001063920,0.0001869114
0.1103333333,0.0000810772,0.0001064873,0.0001875645
0.1105000000,0.0000816535,0.0001065735,0.0001882269
0.1106666667,0.0000822480,0.0001066504,0.0001888984
0.1108333333,0.0000828609,0.0001067176,0.0001895785
0.1110000000,0.0000834919,0.0001067747,0.0001902666
0.1111666667,0.0000841408,0.0001068219,0.0001909627
0.1113333333,0.0000848075,0.0001068595,0.0001916670
0.1115000000,0.0000854918,0.0001068879,0.0001923798
0.1116666667,0.0000861935,0.0001069071,0.0001931006
0.1118333333,0.0000869123,0.0001069167,0.0001938290
0.1120000000,0.0000876479,0.0001069165,0.0001945644
0.1121666667,0.0000884000,0.0001069067,0.0001953068
0.1123333333,0.0000891684,0.0001068879,0.0001960563
0.1125000000,0.0000899529,0.0001068603,0.0001968132
0.1126666667,0.0000907531,0.0001068240,0.0001975771
0.1128333333,0.0000915689,0.0001067785,0.0001983474
0.1130000000,0.0000923999,0.0001067237,0.0001991236
0.1131666667,0.0000932459,0.0001066596,0.0001999055
0.1133333333,0.0000941066,0.0001065868,0.0002006935
0.1135000000,0.0000949817,0.0001065058,0.0002014875
0.1136666667,0.0000958708,0.0001064166,0.0002022875
0.1138333333,0.0000967735,0.0001063191,0.0002030926
0.1140000000,0.0000976894,0.0001062129,0.0002039024
0.1141666667,0.0000986181,0.0001060985,0.0002047166
0.1143333333,0.0000995592,0.0001059763,0.0002055356
0.1145000000,0.0001005124,0.0001058470,0.0002063594
0.1146666667,0.0001014772,0.0001057106,0.0002071878
0.1148333333,0.0001024532,0.0001055670,0.0002080201
0.1150000000,0.0001034400,0.0001054158,0.0002088558
0.1151666667,0.0001044371,0.0001052574,0.0002096945
0.1153333333,0.0001054442,0.0001050924,0.0002105366
0.1155000000,0.0001064606,0.0001049216,0.0002113822
0.1156666667,0.0001074860,0.0001047450,0.0002122311
0.1158333333,0.0001085198,0.0001045627,0.0002130825
0.1160000000,0.0001095615,0.0001043743,0.0002139359
0.1161666667,0.0001106107,0.0001041803,0.0002147909
0.1163333333,0.0001116667,0.0001039812,0.0002156479
0.1165000000,0.0001127293,0.0001037777,0.0002165070
0.1166666667,0.0001137977,0.0001035703,0.0002173680
0.1168333333,0.0001148715,0.0001033587,0.0002182302
0.1170000000,0.0001159501,0.0001031427,0.0002190928
0.1171666667,0.0001170329,0.0001029229,0.0002199558
0.1173333333,0.0001181194,0.0001026998,0.0002208192
0.1175000000,0.0001192090,0.0001024742,0.0002216833
0.1176666667,0.0001203012,0.0001022466,0.0002225479
0.1178333333,0.0001213954,0.0001020168,0.0002234122
0.1180000000,0.0001224910,0.0001017846,0.0002242756
0.1181666667,0.0001235875,0.0001015504,0.0002251379
0.1183333333,0.0001246841,0.0001013150,0.0002259991
0.1185000000,0.0001257804,0.0001010792,0.0002268596
0.1186666667,0.0001268757,0.0001008435,0.0002277192
0.1188333333,0.0001279694,0.0001006078,0.0002285772
0.1190000000,0.0001290609,0.0001003719,0.0002294328
0.1191666667,0.0001301497,0.0001001361,0.0002302858
0.1193333333,0.0001312350,0.0000999013,0.0002311363
0.1195000000,0.0001323164,0.0000996684,0.0002319848
0.1196666667,0.0001333930,0.0000994378,0.0002328308
0.1198333333,0.0001344644,0.0000992095,0.0002336739
0.1200000000,0.0001355299,0.0000989834,0.0002345133
0.1201666667,0.0001365889,0.0000987597,0.0002353486
0.1203333333,0.0001376408,0.0000985393,0.0002361801
0.1205000000,0.0001386849,0.0000983231,0.0002370081
0.1206666667,0.0001397207,0.0000981117,0.0002378323
0.1208333333,0.0001407474,0.0000979049,0.0002386523
0.1210000000,0.0001417645,0.0000977027,0.0002394672
0.1211666667,0.0001427714,0.0000975053,0.0002402767
0.1213333333,0.0001437674,0.0000973137,0.0002410811
0.1215000000,0.0001447519,0.0000971287,0.0002418806
0.1216666667,0.0001457244,0.0000969508,0.0002426751
0.1218333333,0.0001466841,0.0000967799,0.0002434641
0.1220000000,0.0001476306,0.0000966161,0.0002442467
0.1221666667,0.0001485631,0.0000964596,0.0002450227
0.1223333333,0.0001494811,0.0000963113,0.0002457923
0.1225000000,0.0001503839,0.0000961719,0.0002465558
0.1226666667,0.0001512711,0.0000960420,0.0002473131
0.1228333333,0.0001521420,0.0000959216,0.0002480637
0.1230000000,0.0001529960,0.0000958107,0.0002488067
0.1231666667,0.0001538326,0.0000957094,0.0002495420
0.1233333333,0.0001546511,0.0000956186,0.0002502697
0.1235000000,0.0001554511,0.0000955391,0.0002509902
0.1236666667,0.0001562319,0.0000954715,0.0002517034
0.1238333333,0.0001569931,0.0000954157,0.0002524088
0.1240000000,0.0001577340,0.0000953717,0.0002531056
0.1241666667,0.0001584541,0.0000953395,0.0002537937
0.1243333333,0.0001591530,0.0000953201,0.0002544731
0.1245000000,0.0001598301,0.0000953142,0.0002551442
0.1246666667,0.0001604848,0.0000953223,0.0002558071
0.1248333333,0.0001611168,0.0000953444,0.0002564612
0.1250000000,0.0001617255,0.0000953804,0.0002571059
0.1251666667,0.0001623104,0.0000954304,0.0002577408
0.1253333333,0.0001628710,0.0000954952,0.0002583662
0.1255000000,0.0001634070,0.0000955755,0.0002589825
0.1256666667,0.0001639179,0.0000956719,0.0002595897
0.1258333333,0.0001644031,0.0000957841,0.0002601873
0.1260000000,0.0001648624,0.0000959122,0.0002607747
0.1261666667,0.0001652953,0.0000960563,0.0002613515
0.1263333333,0.0001657013,0.0000962168,0.0002619182
0.1265000000,0.0001660802,0.0000963947,0.0002624749
0.1266666667,0.0001664316,0.0000965903,0.0002630218
0.1268333333,0.0001667550,0.0000968035,0.0002635585
0.1270000000,0.0001670501,0.0000970342,0.0002640844
0.1271666667,0.0001673167,0.0000972825,0.0002645992
0.1273333333,0.0001675543,0.0000975487,0.0002651031
0.1275000000,0.0001677628,0.0000978338,0.0002655965
0.1276666667,0.0001679417,0.0000981380,0.0002660796
0.1278333333,0.0001680908,0.0000984612,0.0002665520
0.1280000000,0.0001682099,0.0000988032,0.0002670131
0.1281666667,0.0001682988,0.0000991639,0.0002674627
0.1283333333,0.0001683571,0.0000995439,0.0002679010
0.1285000000,0.0001683847,0.0000999438,0.0002683285
0.1286666667,0.0001683813,0.0001003639,0.0002687452
0.1288333333,0.0001683469,0.0001008039,0.0002691509
0.1290000000,0.0001682812,0.0001012638,0.0002695450
0.1291666667,0.0001681841,0.0001017432,0.0002699273
0.1293333333,0.0001680554,0.0001022427,0.0002702982
0.1295000000,0.0001678951,0.0001027628,0.0002706579
0.1296666667,0.0001677030,0.0001033037,0.0002710067
0.1298333333,0.0001674791,0.0001038652,0.0002713443
0.1300000000,0.0001672233,0.0001044470,0.0002716703
0.1301666667,0.0001669355,0.0001050489,0.0002719844
0.1303333333,0.0001666157,0.0001056712,0.0002722870
0.1305000000,0.0001662640,0.0001063144,0.0002725784
0.1306666667,0.0001658802,0.0001069786,0.0002728588
0.1308333333,0.0001654645,0.0001076636,0.0002731281
0.1310000000,0.0001650169,0.0001083689,0.0002733858
0.1311666667,0.0001645375,0.0001090943,0.0002736318
0.1313333333,0.0001640262,0.0001098401,0.0002738663
0.1315000000,0.0001634832,0.0001106066,0.0002740898
0.1316666667,0.0001629087,0.0001113938,0.0002743026
0.1318333333,0.0001623028,0.0001122015,0.0002745043
0.1320000000,0.0001616655,0.0001130292,0.0002746948
0.1321666667,0.0001609972,0.0001138766,0.0002748738
0.1323333333,0.0001602979,0.0001147438,0.0002750416
0.1325000000,0.0001595678,0.0001156309,0.0002751988
0.1326666667,0.0001588073,0.0001165381,0.0002753454
0.1328333333,0.0001580165,0.0001174650,0.0002754815
0.1330000000,0.0001571957,0.0001184111,0.0002756068
0.1331666667,0.0001563452,0.0001193759,0.0002757210
0.1333333333,0.0001554652,0.0001203594,0.0002758246
0.1335000000,0.0001545561,0.0001213618,0.0002759179
0.1336666667,0.0001536182,0.0001223831,0.0002760013
0.1338333333,0.0001526519,0.0001234227,0.0002760746
0.1340000000,0.0001516575,0.0001244802,0.0002761377
0.1341666667,0.0001506355,0.0001255550,0.0002761905
0.1343333333,0.0001495861,0.0001266471,0.0002762332
0.1345000000,0.0001485099,0.0001277564,0.0002762663
0.1346666667,0.0001474072,0.0001288829,0.0002762901
0.1348333333,0.0001462786,0.0001300260,0.0002763045
0.1350000000,0.0001451244,0.0001311851,0.0002763095
0.1351666667,0.0001439452,0.0001323597,0.0002763050
0.1353333333,0.0001427415,0.0001335496,0.0002762911
0.1355000000,0.0001415138,0.0001347547,0.0002762685
0.1356666667,0.0001402627,0.0001359748,0.0002762374
0.1358333333,0.0001389886,0.0001372093,0.0002761979
0.1360000000,0.0001376922,0.0001384575,0.0002761497
0.1361666667,0.0001363740,0.0001397189,0.0002760930
0.1363333333,0.0001350347,0.0001409932,0.0002760279
0.1365000000,0.0001336748,0.0001422802,0.0002759550
0.1366666667,0.0001322950,0.0001435796,0.0002758745
0.1368333333,0.0001308959,0.0001448907,0.0002757866
0.1370000000,0.0001294782,0.0001462129,0.0002756911
0.1371666667,0.0001280425,0.0001475456,0.0002755881
0.1373333333,0.0001265896,0.0001488882,0.0002754779
0.1375000000,0.0001251201,0.0001502407,0.0002753608
0.1376666667,0.0001236348,0.0001516025,0.0002752373
0.1378333333,0.0001221344,0.0001529731,0.0002751075
0.1380000000,0.0001206195,0.0001543517,0.0002749712
0.1381666667,0.0001190910,0.0001557376,0.0002748286
0.1383333333,0.0001175496,0.0001571303,0.0002746800
0.1385000000,0.0001159962,0.0001585295,0.0002745257
0.1386666667,0.0001144313,0.0001599348,0.0002743662
0.1388333333,0.0001128560,0.0001613455,0.0002742015
0.1390000000,0.0001112709,0.0001627607,0.0002740316
0.1391666667,0.0001096770,0.0001641798,0.0002738567
0.1393333333,0.0001080749,0.0001656022,0.0002736771
0.1395000000,0.0001064656,0.0001670274,0.0002734930
0.1396666667,0.0001048499,0.0001684551,0.0002733050
0.1398333333,0.0001032286,0.0001698845,0.0002731131
0.1400000000,0.0001016026,0.0001713148,0.0002729175
0.1401666667,0.0000999728,0.0001727452,0.0002727181
0.1403333333,0.0000983401,0.0001741752,0.0002725153
0.1405000000,0.0000967052,0.0001756042,0.0002723094
0.1406666667,0.0000950692,0.0001770317,0.0002721009
0.1408333333,0.0000934329,0.0001784571,0.0002718899
0.1410000000,0.0000917972,0.0001798794,0.0002716765
0.1411666667,0.0000901630,0.0001812978,0.0002714608
0.1413333333,0.0000885312,0.0001827119,0.0002712431
0.1415000000,0.0000869028,0.0001841210,0.0002710238
0.1416666667,0.0000852786,0.0001855246,0.0002708031
0.1418333333,0.0000836595,0.0001869219,0.0002705814
0.1420000000,0.0000820466,0.0001883121,0.0002703587
0.1421666667,0.0000804407,0.0001896945,0.0002701351
0.1423333333,0.0000788427,0.0001910683,0.0002699110
0.1425000000,0.0000772536,0.0001924330,0.0002696866
0.1426666667,0.0000756743,0.0001937881,0.0002694624
0.1428333333,0.0000741057,0.0001951327,0.0002692385
0.1430000000,0.0000725489,0.0001964662,0.0002690150
0.1431666667,0.0000710046,0.0001977876,0.0002687921
0.1433333333,0.0000694738,0.0001990964,0.0002685701
0.1435000000,0.0000679574,0.0002003919,0.0002683494
0.1436666667,0.0000664565,0.0002016736,0.0002681301
0.1438333333,0.0000649718,0.0002029408,0.0002679126
0.1440000000,0.0000635044,0.0002041926,0.0002676969
0.1441666667,0.0000620551,0.0002054283,0.0002674833
0.1443333333,0.0000606248,0.0002066472,0.0002672720
0.1445000000,0.0000592145,0.0002078488,0.0002670633
0.1446666667,0.0000578250,0.0002090325,0.0002668575
0.1448333333,0.0000564573,0.0002101975,0.0002666549
0.1450000000,0.0000551123,0.0002113432,0.0002664555
0.1451666667,0.0000537908,0.0002124688,0.0002662595
0.1453333333,0.0000524936,0.0002135737,0.0002660673
0.1455000000,0.0000512218,0.0002146572,0.0002658790
0.1456666667,0.0000499761,0.0002157189,0.0002656950
0.1458333333,0.0000487574,0.0002167580,0.0002655155
0.1460000000,0.0000475666,0.0002177740,0.0002653405
0.1461666667,0.0000464044,0.0002187660,0.0002651704
0.1463333333,0.0000452718,0.0002197335,0.0002650053
0.1465000000,0.0000441695,0.0002206760,0.0002648455
0.1466666667,0.0000430983,0.0002215929,0.0002646912
0.1468333333,0.0000420590,0.0002224836,0.0002645426
0.1470000000,0.0000410524,0.0002233475,0.0002644000
0.1471666667,0.0000400794,0.0002241840,0.0002642634
0.1473333333,0.0000391405,0.0002249925,0.0002641330
0.1475000000,0.0000382367,0.0002257725,0.0002640092
0.1476666667,0.0000373686,0.0002265235,0.0002638921
0.1478333333,0.0000365369,0.0002272450,0.0002637819
0.1480000000,0.0000357424,0.0002279365,0.0002636788
0.1481666667,0.0000349857,0.0002285973,0.0002635830
0.1483333333,0.0000342675,0.0002292270,0.0002634945
0.1485000000,0.0000335884,0.0002298253,0.0002634137
0.1486666667,0.0000329492,0.0002303915,0.0002633407
0.1488333333,0.0000323504,0.0002309252,0.0002632757
0.1490000000,0.0000317927,0.0002314261,0.0002632188
0.1491666667,0.0000312766,0.0002318936,0.0002631702
0.1493333333,0.0000308027,0.0002323274,0.0002631301
0.1495000000,0.0000303716,0.0002327270,0.0002630986
0.1496666667,0.0000299838,0.0002330921,0.0002630759
0.1498333333,0.0000296398,0.0002334223,0.0002630621
0.1500000000,0.0000293402,0.0002337172,0.0002630574
0.1501666667,0.0000290854,0.0002339765,0.0002630619
0.1503333333,0.0000288758,0.0002341999,0.0002630757
0.1505000000,0.0000287120,0.0002343871,0.0002630991
0.1506666667,0.0000285943,0.0002345378,0.0002631321
0.1508333333,0.0000285232,0.0002346516,0.0002631748
0.1510000000,0.0000284990,0.0002347284,0.0002632274
0.1511666667,0.0000285220,0.0002347679,0.0002632900
0.1513333333,0.0000285927,0.0002347699,0.0002633627
0.1515000000,0.0000287114,0.0002347342,0.0002634455
0.1516666667,0.0000288782,0.0002346605,0.0002635387
0.1518333333,0.0000290936,0.0002345487,0.0002636423
0.1520000000,0.0000293577,0.0002343987,0.0002637564
0.1521666667,0.0000296708,0.0002342103,0.0002638811
0.1523333333,0.0000300331,0.0002339834,0.0002640165
0.1525000000,0.0000304448,0.0002337179,0.0002641627
0.1526666667,0.0000309059,0.0002334137,0.0002643197
0.1528333333,0.0000314168,0.0002330708,0.0002644876
0.1530000000,0.0000319774,0.0002326890,0.0002646664
0.1531666667,0.0000325879,0.0002322685,0.0002648563
0.1533333333,0.0000332482,0.0002318091,0.0002650573
0.1535000000,0.0000339586,0.0002313109,0.0002652695
0.1536666667,0.0000347189,0.0002307740,0.0002654929
0.1538333333,0.0000355291,0.0002301983,0.0002657274
0.1540000000,0.0000363893,0.0002295839,0.0002659732
0.1541666667,0.0000372993,0.0002289311,0.0002662304
0.1543333333,0.0000382592,0.0002282398,0.0002664989
0.1545000000,0.0000392687,0.0002275102,0.0002667788
0.1546666667,0.0000403277,0.0002267424,0.0002670700
0.1548333333,0.0000414361,0.0002259366,0.0002673726
0.1550000000,0.0000425937,0.0002250929,0.0002676866
0.1551666667,0.0000438002,0.0002242118,0.0002680120
0.1553333333,0.0000450556,0.0002232933,0.0002683488
0.1555000000,0.0000463594,0.0002223377,0.0002686971
0.1556666667,0.0000477114,0.0002213452,0.0002690566
0.1558333333,0.0000491113,0.0002203162,0.0002694275
0.1560000000,0.0000505588,0.0002192509,0.0002698097
0.1561666667,0.0000520535,0.0002181498,0.0002702033
0.1563333333,0.0000535950,0.0002170132,0.0002706082
0.1565000000,0.0000551829,0.0002158413,0.0002710243
0.1566666667,0.0000568169,0.0002146347,0.0002714516
0.1568333333,0.0000584963,0.0002133937,0.0002718900
0.1570000000,0.0000602208,0.0002121186,0.0002723394
0.1571666667,0.0000619898,0.0002108102,0.0002728000
0.1573333333,0.0000638029,0.0002094687,0.0002732716
0.1575000000,0.0000656594,0.0002080947,0.0002737541
0.1576666667,0.0000675588,0.0002066886,0.0002742474
0.1578333333,0.0000695005,0.0002052509,0.0002747514
0.1580000000,0.0000714838,0.0002037823,0.0002752661
0.1581666667,0.0000735082,0.0002022833,0.0002757914
0.1583333333,0.0000755728,0.0002007544,0.0002763273
0.1585000000,0.0000776772,0.0001991964,0.0002768736
0.1586666667,0.0000798205,0.0001976097,0.0002774302
0.1588333333,0.0000820019,0.0001959950,0.0002779969
0.1590000000,0.0000842209,0.0001943529,0.0002785738
0.1591666667,0.0000864764,0.0001926842,0.0002791606
0.1593333333,0.0000887679,0.0001909895,0.0002797574
0.1595000000,0.0000910943,0.0001892696,0.0002803639
0.1596666667,0.0000934550,0.0001875251,0.0002809801
0.1598333333,0.0000958490,0.0001857567,0.0002816057
0.1600000000,0.0000982754,0.0001839652,0.0002822406
0.1601666667,0.0001007333,0.0001821515,0.0002828848
0.1603333333,0.0001032219,0.0001803162,0.0002835381
0.1605000000,0.0001057401,0.0001784603,0.0002842004
0.1606666667,0.0001082870,0.0001765843,0.0002848714
0.1608333333,0.0001108617,0.0001746893,0.0002855510
0.1610000000,0.0001134631,0.0001727760,0.0002862390
0.1611666667,0.0001160902,0.0001708453,0.0002869355
0.1613333333,0.0001187419,0.0001688981,0.0002876400
0.1615000000,0.0001214173,0.0001669353,0.0002883526
0.1616666667,0.0001241153,0.0001649576,0.0002890730
0.1618333333,0.0001268348,0.0001629661,0.0002898009
0.1620000000,0.0001295746,0.0001609617,0.0002905363
0.1621666667,0.0001323338,0.0001589452,0.0002912790
0.1623333333,0.0001351110,0.0001569177,0.0002920288
0.1625000000,0.0001379053,0.0001548801,0.0002927855
0.1626666667,0.0001407155,0.0001528334,0.0002935489
0.1628333333,0.0001435403,0.0001507784,0.0002943187
0.1630000000,0.0001463787,0.0001487162,0.0002950949
0.1631666667,0.0001492294,0.0001466478,0.0002958772
0.1633333333,0.0001520912,0.0001445742,0.0002966654
0.1635000000,0.0001549630,0.0001424963,0.0002974593
0.1636666667,0.0001578434,0.0001404153,0.0002982587
0.1638333333,0.0001607313,0.0001383321,0.0002990634
0.1640000000,0.0001636255,0.0001362477,0.0002998732
0.1641666667,0.0001665246,0.0001341632,0.0003006878
0.1643333333,0.0001694274,0.0001320796,0.0003015070
0.1645000000,0.0001723327,0.0001299981,0.0003023307
0.1646666667,0.0001752391,0.0001279195,0.0003031586
0.1648333333,0.0001781455,0.0001258450,0.0003039905
0.1650000000,0.0001810505,0.0001237756,0.0003048261
0.1651666667,0.0001839528,0.0001217124,0.0003056652
0.1653333333,0.0001868512,0.0001196564,0.0003065076
0.1655000000,0.0001897443,0.0001176088,0.0003073531
0.1656666667,0.0001926309,0.0001155706,0.0003082015
0.1658333333,0.0001955096,0.0001135429,0.0003090524
0.1660000000,0.0001983791,0.0001115266,0.0003099057
0.1661666667,0.0002012382,0.0001095230,0.0003107612
0.1663333333,0.0002040855,0.0001075330,0.0003116186
0.1665000000,0.0002069198,0.0001055578,0.0003124776
0.1666666667,0.0002097396,0.0001035984,0.0003133381
0.1668333333,0.0002125438,0.0001016559,0.0003141997
0.1670000000,0.0002153310,0.0000997314,0.0003150624
0.1671666667,0.0002180999,0.0000978258,0.0003159257
0.1673333333,0.0002208492,0.0000959403,0.0003167895
0.1675000000,0.0002235776,0.0000940759,0.0003176536
0.1676666667,0.0002262839,0.0000922337,0.0003185176
0.1678333333,0.0002289667,0.0000904148,0.0003193815
0.1680000000,0.0002316248,0.0000886201,0.0003202449
0.1681666667,0.0002342569,0.0000868507,0.0003211075
0.1683333333,0.0002368617,0.0000851075,0.0003219692
0.1685000000,0.0002394380,0.0000833917,0.0003228297
0.1686666667,0.0002419845,0.0000817043,0.0003236888
0.1688333333,0.0002445000,0.0000800463,0.0003245463
0.1690000000,0.0002469833,0.0000784186,0.0003254018
0.1691666667,0.0002494330,0.0000768222,0.0003262553
0.1693333333,0.0002518481,0.0000752581,0.0003271063
0.1695000000,0.0002542274,0.0000737273,0.0003279547
0.1696666667,0.0002565695,0.0000722308,0.0003288003
0.1698333333,0.0002588734,0.0000707694,0.0003296429
0.1700000000,0.0002611379,0.0000693442,0.0003304822
0.1701666667,0.0002633619,0.0000679560,0.0003313179
0.1703333333,0.0002655442,0.0000666058,0.0003321499
0.1705000000,0.0002676836,0.0000652943,0.0003329779
0.1706666667,0.0002697792,0.0000640226,0.0003338017
0.1708333333,0.0002718297,0.0000627915,0.0003346212
0.1710000000,0.0002738342,0.0000616018,0.0003354361
0.1711666667,0.0002757916,0.0000604545,0.0003362460
0.1713333333,0.0002777008,0.0000593501,0.0003370509
0.1715000000,0.0002795608,0.0000582896,0.0003378504
0.1716666667,0.0002813707,0.0000572739,0.0003386446
0.1718333333,0.0002831294,0.0000563036,0.0003394330
0.1720000000,0.0002848360,0.0000553796,0.0003402156
0.1721666667,0.0002864895,0.0000545025,0.0003409921
0.1723333333,0.0002880891,0.0000536730,0.0003417622
0.1725000000,0.0002896339,0.0000528919,0.0003425257
0.1726666667,0.0002911229,0.0000521598,0.0003432827
0.1728333333,0.0002925553,0.0000514775,0.0003440327
0.1730000000,0.0002939303,0.0000508455,0.0003447758
0.1731666667,0.0002952470,0.0000502645,0.0003455115
0.1733333333,0.0002965048,0.0000497349,0.0003462397
0.1735000000,0.0002977029,0.0000492575,0.0003469603
0.1736666667,0.0002988404,0.0000488327,0.0003476731
0.1738333333,0.0002999168,0.0000484613,0.0003483781
0.1740000000,0.0003009313,0.0000481436,0.0003490749
0.1741666667,0.0003018832,0.0000478801,0.0003497634
0.1743333333,0.0003027721,0.0000476712,0.0003504433
0.1745000000,0.0003035972,0.0000475174,0.0003511145
0.1746666667,0.0003043579,0.0000474191,0.0003517771
0.1748333333,0.0003050539,0.0000473769,0.0003524308
0.1750000000,0.0003056844,0.0000473910,0.0003530754
0.1751666667,0.0003062491,0.0000474617,0.0003537108
0.1753333333,0.0003067474,0.0000475893,0.0003543368
0.1755000000,0.0003071791,0.0000477742,0.0003549532
0.1756666667,0.0003075435,0.0000480166,0.0003555601
0.1758333333,0.0003078405,0.0000483169,0.0003561573
0.1760000000,0.0003080695,0.0000486752,0.0003567447
0.1761666667,0.0003082305,0.0000490917,0.0003573221
0.1763333333,0.0003083229,0.0000495664,0.0003578894
0.1765000000,0.0003083467,0.0000500997,0.0003584464
0.1766666667,0.0003083016,0.0000506916,0.0003589932
0.1768333333,0.0003081874,0.0000513424,0.0003595297
0.1770000000,0.0003080039,0.0000520520,0.0003600559
0.1771666667,0.0003077511,0.0000528204,0.0003605715
0.1773333333,0.0003074288,0.0000536476,0.0003610764
0.1775000000,0.0003070370,0.0000545337,0.0003615707
0.1776666667,0.0003065756,0.0000554787,0.0003620543
0.1778333333,0.0003060447,0.0000564827,0.0003625274
0.1780000000,0.0003054443,0.0000575455,0.0003629899
0.1781666667,0.0003047745,0.0000586671,0.0003634416
0.1783333333,0.0003040354,0.0000598471,0.0003638826
0.1785000000,0.0003032271,0.0000610857,0.0003643128
0.1786666667,0.0003023498,0.0000623828,0.0003647327
0.1788333333,0.0003014037,0.0000637384,0.0003651421
0.1790000000,0.0003003891,0.0000651523,0.0003655414
0.1791666667,0.0002993061,0.0000666243,0.0003659304
0.1793333333,0.0002981551,0.0000681541,0.0003663093
0.1795000000,0.0002969366,0.0000697419,0.0003666784
0.1796666667,0.0002956507,0.0000713875,0.0003670382
0.1798333333,0.0002942980,0.0000730909,0.0003673889
0.1800000000,0.0002928789,0.0000748520,0.0003677308
0.1801666667,0.0002913938,0.0000766705,0.0003680643
0.1803333333,0.0002898433,0.0000785465,0.0003683898
0.1805000000,0.0002882279,0.0000804797,0.0003687076
0.1806666667,0.0002865483,0.0000824703,0.0003690186
0.1808333333,0.0002848049,0.0000845183,0.0003693233
0.1810000000,0.0002829986,0.0000866236,0.0003696222
0.1811666667,0.0002811299,0.0000887858,0.0003699158
0.1813333333,0.0002791997,0.0000910049,0.0003702046
0.1815000000,0.0002772086,0.0000932808,0.0003704894
0.1816666667,0.0002751576,0.0000956133,0.0003707709
0.1818333333,0.0002730473,0.0000980023,0.0003710496
0.1820000000,0.0002708787,0.0001004473,0.0003713261
0.1821666667,0.0002686528,0.0001029479,0.0003716007
0.1823333333,0.0002663704,0.0001055033,0.0003718737
0.1825000000,0.0002640326,0.0001081130,0.0003721456
0.1826666667,0.0002616404,0.0001107763,0.0003724167
0.1828333333,0.0002591948,0.0001134924,0.0003726872
0.1830000000,0.0002566969,0.0001162602,0.0003729570
0.1831666667,0.0002541478,0.0001190783,0.0003732261
0.1833333333,0.0002515487,0.0001219453,0.0003734941
0.1835000000,0.0002489009,0.0001248599,0.0003737607
0.1836666667,0.0002462054,0.0001278205,0.0003740259
0.1838333333,0.0002434635,0.0001308256,0.0003742891
0.1840000000,0.0002406765,0.0001338734,0.0003745499
0.1841666667,0.0002378457,0.0001369619,0.0003748077
0.1843333333,0.0002349724,0.0001400894,0.0003750618
0.1845000000,0.0002320580,0.0001432539,0.0003753119
0.1846666667,0.0002291037,0.0001464539,0.0003755576
0.1848333333,0.0002261111,0.0001496878,0.0003757988
0.1850000000,0.0002230814,0.0001529538,0.0003760352
0.1851666667,0.0002200162,0.0001562502,0.0003762664
0.1853333333,0.0002169168,0.0001595756,0.0003764925
0.1855000000,0.0002137849,0.0001629286,0.0003767135
0.1856666667,0.0002106217,0.0001663081,0.0003769298
0.1858333333,0.0002074290,0.0001697128,0.0003771418
0.1860000000,0.0002042082,0.0001731415,0.0003773497
0.1861666667,0.0002009609,0.0001765930,0.0003775538
0.1863333333,0.0001976886,0.0001800658,0.0003777544
0.1865000000,0.0001943931,0.0001835587,0.0003779518
0.1866666667,0.0001910759,0.0001870706,0.0003781465
0.1868333333,0.0001877387,0.0001906000,0.0003783387
0.1870000000,0.0001843831,0.0001941453,0.0003785284
0.1871666667,0.0001810109,0.0001977045,0.0003787155
0.1873333333,0.0001776238,0.0002012759,0.0003788997
0.1875000000,0.0001742234,0.0002048575,0.0003790809
0.1876666667,0.0001708115,0.0002084474,0.0003792589
0.1878333333,0.0001673898,0.0002120436,0.0003794334
0.1880000000,0.0001639601,0.0002156441,0.0003796042
0.1881666667,0.0001605241,0.0002192466,0.0003797707
0.1883333333,0.0001570836,0.0002228491,0.0003799327
0.1885000000,0.0001536404,0.0002264498,0.0003800902
0.1886666667,0.0001501961,0.0002300469,0.0003802431
0.1888333333,0.0001467527,0.0002336390,0.0003803916
0.1890000000,0.0001433117,0.0002372242,0.0003805359
0.1891666667,0.0001398751,0.0002408009,0.0003806761
0.1893333333,0.0001364447,0.0002443676,0.0003808123
0.1895000000,0.0001330221,0.0002479228,0.0003809449
0.1896666667,0.0001296092,0.0002514652,0.0003810744
0.1898333333,0.0001262078,0.0002549932,0.0003812010
0.1900000000,0.0001228196,0.0002585052,0.0003813247
0.1901666667,0.0001194464,0.0002619993,0.0003814456
0.1903333333,0.0001160899,0.0002654736,0.0003815635
0.1905000000,0.0001127519,0.0002689265,0.0003816784
0.1906666667,0.0001094341,0.0002723561,0.0003817902
0.1908333333,0.0001061381,0.0002757606,0.0003818987
0.1910000000,0.0001028656,0.0002791381,0.0003820037
0.1911666667,0.0000996182,0.0002824867,0.0003821049
0.1913333333,0.0000963974,0.0002858048,0.0003822022
0.1915000000,0.0000932049,0.0002890907,0.0003822956
0.1916666667,0.0000900421,0.0002923431,0.0003823852
0.1918333333,0.0000869106,0.0002955607,0.0003824713
0.1920000000,0.0000838119,0.0002987421,0.0003825540
0.1921666667,0.0000807474,0.0003018862,0.0003826335
0.1923333333,0.0000777186,0.0003049914,0.0003827100
0.1925000000,0.0000747270,0.0003080566,0.0003827836
0.1926666667,0.0000717741,0.0003110806,0.0003828547
0.1928333333,0.0000688615,0.0003140619,0.0003829235
0.1930000000,0.0000659906,0.0003169991,0.0003829897
0.1931666667,0.0000631629,0.0003198905,0.0003830534
0.1933333333,0.0000603799,0.0003227344,0.0003831144
0.1935000000,0.0000576432,0.0003255293,0.0003831726
0.1936666667,0.0000549541,0.0003282737,0.0003832279
0.1938333333,0.0000523142,0.0003309662,0.0003832804
0.1940000000,0.0000497248,0.0003336052,0.0003833300
0.1941666667,0.0000471872,0.0003361894,0.0003833766
0.1943333333,0.0000447029,0.0003387176,0.0003834205
0.1945000000,0.0000422731,0.0003411886,0.0003834616
0.1946666667,0.0000398990,0.0003436014,0.0003835004
0.1948333333,0.0000375821,0.0003459550,0.0003835371
0.1950000000,0.0000353235,0.0003482482,0.0003835717
0.1951666667,0.0000331244,0.0003504799,0.0003836043
0.1953333333,0.0000309862,0.0003526489,0.0003836351
0.1955000000,0.0000289101,0.0003547539,0.0003836640
0.1956666667,0.0000268973,0.0003567938,0.0003836911
0.1958333333,0.0000249490,0.0003587673,0.0003837163
0.1960000000,0.0000230663,0.0003606734,0.0003837397
0.1961666667,0.0000212503,0.0003625108,0.0003837611
0.1963333333,0.0000195022,0.0003642784,0.0003837806
0.1965000000,0.0000178229,0.0003659752,0.0003837981
0.1966666667,0.0000162134,0.0003676005,0.0003838139
0.1968333333,0.0000146747,0.0003691534,0.0003838281
0.1970000000,0.0000132078,0.0003706331,0.0003838409
0.1971666667,0.0000118136,0.0003720387,0.0003838523
0.1973333333,0.0000104930,0.0003733694,0.0003838624
0.1975000000,0.0000092470,0.0003746244,0.0003838714
0.1976666667,0.0000080764,0.0003758029,0.0003838793
0.1978333333,0.0000069820,0.0003769042,0.0003838862
0.1980000000,0.0000059647,0.0003779274,0.0003838921
0.1981666667,0.0000050251,0.0003788719,0.0003838970
0.1983333333,0.0000041641,0.0003797369,0.0003839010
0.1985000000,0.0000033821,0.0003805219,0.0003839040
0.1986666667,0.0000026799,0.0003812262,0.0003839061
0.1988333333,0.0000020582,0.0003818494,0.0003839076
0.1990000000,0.0000015174,0.0003823911,0.0003839084
0.1991666667,0.0000010582,0.0003828506,0.0003839088
0.1993333333,0.0000006810,0.0003832277,0.0003839087
0.1995000000,0.0000003865,0.0003835220,0.0003839084
0.1996666667,0.0000001749,0.0003837331,0.0003839081
0.1998333333,0.0000000469,0.0003838608,0.0003839077
0.2000000000,0.0000000027,0.0003839048,0.0003839076
0.2001666667,0.0000000429,0.0003838649,0.0003839078
0.2003333333,0.0000001677,0.0003837410,0.0003839087
0.2005000000,0.0000003775,0.0003835329,0.0003839104
0.2006666667,0.0000006728,0.0003832405,0.0003839133
0.2008333333,0.0000010538,0.0003828639,0.0003839177
0.2010000000,0.0000015209,0.0003824031,0.0003839240
0.2011666667,0.0000020744,0.0003818583,0.0003839327
0.2013333333,0.0000027147,0.0003812294,0.0003839441
0.2015000000,0.0000034420,0.0003805169,0.0003839588
0.2016666667,0.0000042565,0.0003797207,0.0003839773
0.2018333333,0.0000051587,0.0003788412,0.0003840000
0.2020000000,0.0000061488,0.0003778787,0.0003840275
0.2021666667,0.0000072269,0.0003768337,0.0003840606
0.2023333333,0.0000083931,0.0003757067,0.0003840998
0.2025000000,0.0000096476,0.0003744985,0.0003841461
0.2026666667,0.0000109902,0.0003732097,0.0003841999
0.2028333333,0.0000124209,0.0003718411,0.0003842620
0.2030000000,0.0000139394,0.0003703935,0.0003843329
0.2031666667,0.0000155455,0.0003688679,0.0003844134
0.2033333333,0.0000172389,0.0003672651,0.0003845040
0.2035000000,0.0000190193,0.0003655858,0.0003846050
0.2036666667,0.0000208861,0.0003638307,0.0003847168
0.2038333333,0.0000228390,0.0003620006,0.0003848396
0.2040000000,0.0000248775,0.0003600961,0.0003849737
0.2041666667,0.0000270013,0.0003581180,0.0003851193
0.2043333333,0.0000292099,0.0003560671,0.0003852769
0.2045000000,0.0000315028,0.0003539438,0.0003854466
0.2046666667,0.0000338796,0.0003517490,0.0003856286
0.2048333333,0.0000363398,0.0003494831,0.0003858229
0.2050000000,0.0000388830,0.0003471468,0.0003860298
0.2051666667,0.0000415084,0.0003447411,0.0003862494
0.2053333333,0.0000442154,0.0003422667,0.0003864821
0.2055000000,0.0000470033,0.0003397245,0.0003867278
0.2056666667,0.0000498713,0.0003371156,0.0003869869
0.2058333333,0.0000528186,0.0003344411,0.0003872596
0.2060000000,0.0000558443,0.0003317023,0.0003875466
0.2061666667,0.0000589477,0.0003289008,0.0003878485
0.2063333333,0.0000621278,0.0003260385,0.0003881663
0.2065000000,0.0000653836,0.0003231171,0.0003885007
0.2066666667,0.0000687142,0.0003201383,0.0003888525
0.2068333333,0.0000721186,0.0003171037,0.0003892223
0.2070000000,0.0000755958,0.0003140150,0.0003896107
0.2071666667,0.0000791445,0.0003108738,0.0003900183
0.2073333333,0.0000827637,0.0003076818,0.0003904455
0.2075000000,0.0000864521,0.0003044402,0.0003908923
0.2076666667,0.0000902084,0.0003011504,0.0003913587
0.2078333333,0.0000940312,0.0002978134,0.0003918446
0.2080000000,0.0000979194,0.0002944305,0.0003923499
0.2081666667,0.0001018716,0.0002910032,0.0003928748
0.2083333333,0.0001058866,0.0002875328,0.0003934194
0.2085000000,0.0001099629,0.0002840206,0.0003939835
0.2086666667,0.0001140993,0.0002804678,0.0003945671
0.2088333333,0.0001182942,0.0002768758,0.0003951700
0.2090000000,0.0001225463,0.0002732460,0.0003957923
0.2091666667,0.0001268539,0.0002695802,0.0003964341
0.2093333333,0.0001312156,0.0002658803,0.0003970959
0.2095000000,0.0001356297,0.0002621483,0.0003977781
0.2096666667,0.0001400947,0.0002583863,0.0003984810
0.2098333333,0.0001446089,0.0002545963,0.0003992052
0.2100000000,0.0001491706,0.0002507809,0.0003999515
0.2101666667,0.0001537781,0.0002469428,0.0004007209
0.2103333333,0.0001584297,0.0002430843,0.0004015141
0.2105000000,0.0001631236,0.0002392078,0.0004023314
0.2106666667,0.0001678577,0.0002353151,0.0004031728
0.2108333333,0.0001726302,0.0002314077,0.0004040379
0.2110000000,0.0001774391,0.0002274871,0.0004049262
0.2111666667,0.0001822823,0.0002235551,0.0004058374
0.2113333333,0.0001871580,0.0002196130,0.0004067710
0.2115000000,0.0001920640,0.0002156625,0.0004077265
0.2116666667,0.0001969983,0.0002117052,0.0004087035
0.2118333333,0.0002019588,0.0002077430,0.0004097018
0.2120000000,0.0002069434,0.0002037782,0.0004107216
0.2121666667,0.0002119498,0.0001998137,0.0004117635
0.2123333333,0.0002169758,0.0001958522,0.0004128280
0.2125000000,0.0002220193,0.0001918963,0.0004139156
0.2126666667,0.0002270780,0.0001879484,0.0004150264
0.2128333333,0.0002321499,0.0001840108,0.0004161607
0.2130000000,0.0002372326,0.0001800859,0.0004173186
0.2131666667,0.0002423242,0.0001761764,0.0004185006
0.2133333333,0.0002474222,0.0001722847,0.0004197069
0.2135000000,0.0002525247,0.0001684129,0.0004209375
0.2136666667,0.0002576292,0.0001645629,0.0004221921
0.2138333333,0.0002627338,0.0001607363,0.0004234701
0.2140000000,0.0002678361,0.0001569349,0.0004247710
0.2141666667,0.0002729339,0.0001531604,0.0004260943
0.2143333333,0.0002780251,0.0001494145,0.0004274396
0.2145000000,0.0002831074,0.0001456987,0.0004288062
0.2146666667,0.0002881787,0.0001420147,0.0004301934
0.2148333333,0.0002932365,0.0001383645,0.0004316010
0.2150000000,0.0002982786,0.0001347505,0.0004330292
0.2151666667,0.0003033029,0.0001311758,0.0004344787
0.2153333333,0.0003083071,0.0001276435,0.0004359506
0.2155000000,0.0003132890,0.0001241562,0.0004374453
0.2156666667,0.0003182465,0.0001207166,0.0004389631
0.2158333333,0.0003231774,0.0001173265,0.0004405039
0.2160000000,0.0003280795,0.0001139878,0.0004420673
0.2161666667,0.0003329505,0.0001107022,0.0004436528
0.2163333333,0.0003377884,0.0001074711,0.0004452595
0.2165000000,0.0003425910,0.0001042955,0.0004468865
0.2166666667,0.0003473561,0.0001011765,0.0004485325
0.2168333333,0.0003520816,0.0000981152,0.0004501967
0.2170000000,0.0003567654,0.0000951134,0.0004518788
0.2171666667,0.0003614054,0.0000921736,0.0004535790
0.2173333333,0.0003659995,0.0000892983,0.0004552978
0.2175000000,0.0003705457,0.0000864897,0.0004570354
0.2176666667,0.0003750420,0.0000837498,0.0004587918
0.2178333333,0.0003794863,0.0000810805,0.0004605668
0.2180000000,0.0003838767,0.0000784837,0.0004623604
0.2181666667,0.0003882113,0.0000759612,0.0004641725
0.2183333333,0.0003924880,0.0000735148,0.0004660028
0.2185000000,0.0003967049,0.0000711458,0.0004678507
0.2186666667,0.0004008601,0.0000688551,0.0004697152
0.2188333333,0.0004049517,0.0000666436,0.0004715953
0.2190000000,0.0004089778,0.0000645122,0.0004734899
0.2191666667,0.0004129367,0.0000624618,0.0004753985
0.2193333333,0.0004168267,0.0000604935,0.0004773202
0.2195000000,0.0004206459,0.0000586083,0.0004792543
0.2196666667,0.0004243927,0.0000568071,0.0004811998
0.2198333333,0.0004280654,0.0000550909,0.0004831563
0.2200000000,0.0004316622,0.0000534613,0.0004851235
0.2201666667,0.0004351817,0.0000519200,0.0004871017
0.2203333333,0.0004386221,0.0000504688,0.0004890909
0.2205000000,0.0004419820,0.0000491088,0.0004910908
0.2206666667,0.0004452598,0.0000478404,0.0004931002
0.2208333333,0.0004484539,0.0000466634,0.0004951174
0.2210000000,0.0004515631,0.0000455776,0.0004971406
0.2211666667,0.0004545858,0.0000445824,0.0004991683
0.2213333333,0.0004575209,0.0000436777,0.0005011986
0.2215000000,0.0004603668,0.0000428631,0.0005032299
0.2216666667,0.0004631224,0.0000421387,0.0005052610
0.2218333333,0.0004657862,0.0000415046,0.0005072908
0.2220000000,0.0004683572,0.0000409620,0.0005093192
0.2221666667,0.0004708342,0.0000405121,0.0005113462
0.2223333333,0.0004732160,0.0000401561,0.0005133721
0.2225000000,0.0004755016,0.0000398946,0.0005153962
0.2226666667,0.0004776900,0.0000397275,0.0005174175
0.2228333333,0.0004797800,0.0000396542,0.0005194343
0.2230000000,0.0004817708,0.0000396744,0.0005214452
0.2231666667,0.0004836613,0.0000397879,0.0005234492
0.2233333333,0.0004854508,0.0000399947,0.0005254455
0.2235000000,0.0004871383,0.0000402951,0.0005274334
0.2236666667,0.0004887230,0.0000406893,0.0005294124
0.2238333333,0.0004902043,0.0000411780,0.0005313824
0.2240000000,0.0004915814,0.0000417624,0.0005333438
0.2241666667,0.0004928537,0.0000424438,0.0005352975
0.2243333333,0.0004940204,0.0000432238,0.0005372441
0.2245000000,0.0004950810,0.0000441031,0.0005391841
0.2246666667,0.0004960350,0.0000450823,0.0005411173
0.2248333333,0.0004968818,0.0000461615,0.0005430433
0.2250000000,0.0004976211,0.0000473409,0.0005449620
0.2251666667,0.0004982524,0.0000486209,0.0005468733
0.2253333333,0.0004987754,0.0000500014,0.0005487768
0.2255000000,0.0004991898,0.0000514821,0.0005506720
0.2256666667,0.0004994954,0.0000530623,0.0005525577
0.2258333333,0.0004996919,0.0000547412,0.0005544331
0.2260000000,0.0004997792,0.0000565183,0.0005562975
0.2261666667,0.0004997571,0.0000583937,0.0005581508
0.2263333333,0.0004996256,0.0000603676,0.0005599932
0.2265000000,0.0004993848,0.0000624396,0.0005618243
0.2266666667,0.0004990346,0.0000646091,0.0005636437
0.2268333333,0.0004985752,0.0000668753,0.0005654505
0.2270000000,0.0004980067,0.0000692370,0.0005672438
0.2271666667,0.0004973292,0.0000716933,0.0005690225
0.2273333333,0.0004965430,0.0000742427,0.0005707858
0.2275000000,0.0004956485,0.0000768838,0.0005725322
0.2276666667,0.0004946458,0.0000796150,0.0005742608
0.2278333333,0.0004935355,0.0000824355,0.0005759710
0.2280000000,0.0004923180,0.0000853451,0.0005776631
0.2281666667,0.0004909936,0.0000883445,0.0005793381
0.2283333333,0.0004895629,0.0000914345,0.0005809974
0.2285000000,0.0004880266,0.0000946153,0.0005826419
0.2286666667,0.0004863853,0.0000978864,0.0005842717
0.2288333333,0.0004846395,0.0001012467,0.0005858862
0.2290000000,0.0004827902,0.0001046946,0.0005874848
0.2291666667,0.0004808380,0.0001082288,0.0005890667
0.2293333333,0.0004787837,0.0001118474,0.0005906311
0.2295000000,0.0004766283,0.0001155490,0.0005921773
0.2296666667,0.0004743726,0.0001193319,0.0005937045
0.2298333333,0.0004720177,0.0001231947,0.0005952124
0.2300000000,0.0004695645,0.0001271364,0.0005967009
0.2301666667,0.0004670141,0.0001311565,0.0005981705
0.2303333333,0.0004643676,0.0001352538,0.0005996214
0.2305000000,0.0004616261,0.0001394270,0.0006010531
0.2306666667,0.0004587909,0.0001436739,0.0006024648
0.2308333333,0.0004558631,0.0001479922,0.0006038553
0.2310000000,0.0004528441,0.0001523800,0.0006052241
0.2311666667,0.0004497352,0.0001568356,0.0006065708
0.2313333333,0.0004465378,0.0001613581,0.0006078958
0.2315000000,0.0004432532,0.0001659461,0.0006091993
0.2316666667,0.0004398829,0.0001705986,0.0006104815
0.2318333333,0.0004364284,0.0001753142,0.0006117427
0.2320000000,0.0004328913,0.0001800920,0.0006129833
0.2321666667,0.0004292731,0.0001849308,0.0006142039
0.2323333333,0.0004255755,0.0001898294,0.0006154049
0.2325000000,0.0004218001,0.0001947860,0.0006165861
0.2326666667,0.0004179487,0.0001997981,0.0006177468
0.2328333333,0.0004140229,0.0002048632,0.0006188861
0.2330000000,0.0004100246,0.0002099786,0.0006200032
0.2331666667,0.0004059555,0.0002151422,0.0006210977
0.2333333333,0.0004018176,0.0002203516,0.0006221692
0.2335000000,0.0003976126,0.0002256049,0.0006232175
0.2336666667,0.0003933426,0.0002308997,0.0006242423
0.2338333333,0.0003890094,0.0002362345,0.0006252438
0.2340000000,0.0003846150,0.0002416076,0.0006262225
0.2341666667,0.0003801614,0.0002470179,0.0006271793
0.2343333333,0.0003756507,0.0002524643,0.0006281150
0.2345000000,0.0003710850,0.0002579450,0.0006290300
0.2346666667,0.0003664663,0.0002634574,0.0006299237
0.2348333333,0.0003617969,0.0002689989,0.0006307958
0.2350000000,0.0003570788,0.0002745668,0.0006316456
0.2351666667,0.0003523143,0.0002801589,0.0006324732
0.2353333333,0.0003475056,0.0002857731,0.0006332787
0.2355000000,0.0003426550,0.0002914074,0.0006340624
0.2356666667,0.0003377646,0.0002970600,0.0006348245
0.2358333333,0.0003328368,0.0003027284,0.0006355652
0.2360000000,0.0003278739,0.0003084107,0.0006362846
0.2361666667,0.0003228782,0.0003141047,0.0006369829
0.2363333333,0.0003178521,0.0003198079,0.0006376600
0.2365000000,0.0003127980,0.0003255174,0.0006383153
0.2366666667,0.0003077182,0.0003312304,0.0006389485
0.2368333333,0.0003026151,0.0003369442,0.0006395593
0.2370000000,0.0002974912,0.0003426570,0.0006401482
0.2371666667,0.0002923488,0.0003483673,0.0006407162
0.2373333333,0.0002871905,0.0003540739,0.0006412644
0.2375000000,0.0002820187,0.0003597752,0.0006417938
0.2376666667,0.0002768358,0.0003654689,0.0006423047
0.2378333333,0.0002716445,0.0003711523,0.0006427968
0.2380000000,0.0002664471,0.0003768225,0.0006432696
0.2381666667,0.0002612463,0.0003824766,0.0006437229
0.2383333333,0.0002560444,0.0003881119,0.0006441563
0.2385000000,0.0002508441,0.0003937257,0.0006445698
0.2386666667,0.0002456478,0.0003993155,0.0006449633
0.2388333333,0.0002404581,0.0004048791,0.0006453372
0.2390000000,0.0002352774,0.0004104148,0.0006456923
0.2391666667,0.0002301083,0.0004159211,0.0006460294
0.2393333333,0.0002249534,0.0004213961,0.0006463495
0.2395000000,0.0002198152,0.0004268379,0.0006466531
0.2396666667,0.0002146961,0.0004322439,0.0006469401
0.2398333333,0.0002095988,0.0004376116,0.0006472104
0.2400000000,0.0002045258,0.0004429384,0.0006474642
0.2401666667,0.0001994796,0.0004482220,0.0006477016
0.2403333333,0.0001944627,0.0004534603,0.0006479230
0.2405000000,0.0001894777,0.0004586512,0.0006481288
0.2406666667,0.0001845269,0.0004637923,0.0006483191
0.2408333333,0.0001796129,0.0004688813,0.0006484942
0.2410000000,0.0001747382,0.0004739161,0.0006486543
0.2411666667,0.0001699053,0.0004788948,0.0006488001
0.2413333333,0.0001651165,0.0004838155,0.0006489320
0.2415000000,0.0001603743,0.0004886762,0.0006490505
0.2416666667,0.0001556812,0.0004934746,0.0006491558
0.2418333333,0.0001510396,0.0004982087,0.0006492482
0.2420000000,0.0001464518,0.0005028763,0.0006493280
0.2421666667,0.0001419202,0.0005074756,0.0006493958
0.2423333333,0.0001374471,0.0005120050,0.0006494521
0.2425000000,0.0001330350,0.0005164626,0.0006494975
0.2426666667,0.0001286860,0.0005208464,0.0006495324
0.2428333333,0.0001244026,0.0005251543,0.0006495570
0.2430000000,0.0001201869,0.0005293845,0.0006495715
0.2431666667,0.0001160413,0.0005335351,0.0006495763
0.2433333333,0.0001119678,0.0005376041,0.0006495719
0.2435000000,0.0001079687,0.0005415896,0.0006495584
0.2436666667,0.0001040462,0.0005454898,0.0006495360
0.2438333333,0.0001002023,0.0005493029,0.0006495052
0.2440000000,0.0000964392,0.0005530276,0.0006494667
0.2441666667,0.0000927588,0.0005566625,0.0006494213
0.2443333333,0.0000891633,0.0005602066,0.0006493699
0.2445000000,0.0000856546,0.0005636584,0.0006493130
0.2446666667,0.0000822347,0.0005670162,0.0006492509
0.2448333333,0.0000789056,0.0005702781,0.0006491837
0.2450000000,0.0000756692,0.0005734423,0.0006491114
0.2451666667,0.0000725273,0.0005765071,0.0006490344
0.2453333333,0.0000694817,0.0005794713,0.0006489530
0.2455000000,0.0000665341,0.0005823336,0.0006488677
0.2456666667,0.0000636864,0.0005850928,0.0006487792
0.2458333333,0.0000609401,0.0005877480,0.0006486882
0.2460000000,0.0000582971,0.0005902982,0.0006485953
0.2461666667,0.0000557588,0.0005927424,0.0006485012
0.2463333333,0.0000533268,0.0005950795,0.0006484063
0.2465000000,0.0000510028,0.0005973082,0.0006483109
0.2466666667,0.0000487881,0.0005994272,0.0006482153
0.2468333333,0.0000466843,0.0006014354,0.0006481197
0.2470000000,0.0000446927,0.0006033318,0.0006480245
0.2471666667,0.0000428146,0.0006051157,0.0006479303
0.2473333333,0.0000410514,0.0006067863,0.0006478377
0.2475000000,0.0000394042,0.0006083431,0.0006477473
0.2476666667,0.0000378743,0.0006097852,0.0006476595
0.2478333333,0.0000364629,0.0006111120,0.0006475748
0.2480000000,0.0000351709,0.0006123226,0.0006474935
0.2481666667,0.0000339996,0.0006134166,0.0006474162
0.2483333333,0.0000329498,0.0006143933,0.0006473431
0.2485000000,0.0000320226,0.0006152523,0.0006472749
0.2486666667,0.0000312188,0.0006159932,0.0006472120
0.2488333333,0.0000305392,0.0006166156,0.0006471548
0.2490000000,0.0000299847,0.0006171191,0.0006471038
0.2491666667,0.0000295559,0.0006175036,0.0006470595
0.2493333333,0.0000292536,0.0006177686,0.0006470222
0.2495000000,0.0000290784,0.0006179140,0.0006469924
0.2496666667,0.0000290309,0.0006179397,0.0006469705
0.2498333333,0.0000291115,0.0006178455,0.0006469570
0.2500000000,0.0000293206,0.0006176316,0.0006469522
0.2501666667,0.0000296588,0.0006172978,0.0006469566
0.2503333333,0.0000301263,0.0006168444,0.0006469707
0.2505000000,0.0000307234,0.0006162714,0.0006469948
0.2506666667,0.0000314504,0.0006155789,0.0006470294
0.2508333333,0.0000323075,0.0006147672,0.0006470747
0.2510000000,0.0000332947,0.0006138366,0.0006471313
0.2511666667,0.0000344121,0.0006127874,0.0006471996
0.2513333333,0.0000356597,0.0006116201,0.0006472799
0.2515000000,0.0000370375,0.0006103351,0.0006473727
0.2516666667,0.0000385454,0.0006089330,0.0006474784
0.2518333333,0.0000401830,0.0006074143,0.0006475973
0.2520000000,0.0000419502,0.0006057797,0.0006477299
0.2521666667,0.0000438468,0.0006040296,0.0006478764
0.2523333333,0.0000458723,0.0006021647,0.0006480370
0.2525000000,0.0000480264,0.0006001857,0.0006482121
0.2526666667,0.0000503086,0.0005980933,0.0006484019
0.2528333333,0.0000527184,0.0005958886,0.0006486070
0.2530000000,0.0000552552,0.0005935726,0.0006488278
0.2531666667,0.0000579184,0.0005911465,0.0006490648
0.2533333333,0.0000607072,0.0005886111,0.0006493183
0.2535000000,0.0000636209,0.0005859676,0.0006495885
0.2536666667,0.0000666586,0.0005832170,0.0006498757
0.2538333333,0.0000698196,0.0005803604,0.0006501800
0.2540000000,0.0000731029,0.0005773988,0.0006505017
0.2541666667,0.0000765074,0.0005743334,0.0006508409
0.2543333333,0.0000800323,0.0005711655,0.0006511978
0.2545000000,0.0000836763,0.0005678964,0.0006515727
0.2546666667,0.0000874384,0.0005645279,0.0006519663
0.2548333333,0.0000913173,0.0005610617,0.0006523790
0.2550000000,0.0000953118,0.0005574994,0.0006528112
0.2551666667,0.0000994205,0.0005538425,0.0006532630
0.2553333333,0.0001036421,0.0005500920,0.0006537342
0.2555000000,0.0001079752,0.0005462496,0.0006542247
0.2556666667,0.0001124182,0.0005423167,0.0006547349
0.2558333333,0.0001169697,0.0005382952,0.0006552649
0.2560000000,0.0001216281,0.0005341872,0.0006558153
0.2561666667,0.0001263918,0.0005299945,0.0006563863
0.2563333333,0.0001312591,0.0005257190,0.0006569781
0.2565000000,0.0001362283,0.0005213626,0.0006575908
0.2566666667,0.0001412975,0.0005169270,0.0006582245
0.2568333333,0.0001464650,0.0005124143,0.0006588793
0.2570000000,0.0001517289,0.0005078263,0.0006595553
0.2571666667,0.0001570873,0.0005031651,0.0006602524
0.2573333333,0.0001625382,0.0004984326,0.0006609709
0.2575000000,0.0001680797,0.0004936313,0.0006617110
0.2576666667,0.0001737096,0.0004887634,0.0006624730
0.2578333333,0.0001794258,0.0004838313,0.0006632571
0.2580000000,0.0001852263,0.0004788371,0.0006640634
0.2581666667,0.0001911088,0.0004737826,0.0006648914
0.2583333333,0.0001970711,0.0004686697,0.0006657408
0.2585000000,0.0002031109,0.0004635006,0.0006666115
0.2586666667,0.0002092261,0.0004582779,0.0006675040
0.2588333333,0.0002154142,0.0004530048,0.0006684189
0.2590000000,0.0002216728,0.0004476839,0.0006693567
0.2591666667,0.0002279995,0.0004423177,0.0006703173
0.2593333333,0.0002343920,0.0004369083,0.0006713003
0.2595000000,0.0002408476,0.0004314576,0.0006723052
0.2596666667,0.0002473638,0.0004259678,0.0006733316
0.2598333333,0.0002539383,0.0004204413,0.0006743796
0.2600000000,0.0002605682,0.0004148808,0.0006754490
0.2601666667,0.0002672512,0.0004092890,0.0006765402
0.2603333333,0.0002739845,0.0004036689,0.0006776534
0.2605000000,0.0002807654,0.0003980234,0.0006787888
0.2606666667,0.0002875913,0.0003923554,0.0006799467
0.2608333333,0.0002944595,0.0003866676,0.0006811271
0.2610000000,0.0003013671,0.0003809622,0.0006823293
0.2611666667,0.0003083114,0.0003752413,0.0006835528
0.2613333333,0.0003152897,0.0003695070,0.0006847967
0.2615000000,0.0003222992,0.0003637617,0.0006860609
0.2616666667,0.0003293370,0.0003580087,0.0006873457
0.2618333333,0.0003364003,0.0003522513,0.0006886516
0.2620000000,0.0003434862,0.0003464929,0.0006899790
0.2621666667,0.0003505918,0.0003407360,0.0006913279
0.2623333333,0.0003577143,0.0003349833,0.0006926976
0.2625000000,0.0003648507,0.0003292369,0.0006940876
0.2626666667,0.0003719982,0.0003234994,0.0006954976
0.2628333333,0.0003791537,0.0003177735,0.0006969272
0.2630000000,0.0003863144,0.0003120618,0.0006983762
0.2631666667,0.0003934773,0.0003063670,0.0006998444
0.2633333333,0.0004006395,0.0003006919,0.0007013314
0.2635000000,0.0004077980,0.0002950392,0.0007028372
0.2636666667,0.0004149499,0.0002894122,0.0007043621
0.2638333333,0.0004220922,0.0002838141,0.0007059062
0.2640000000,0.0004292218,0.0002782475,0.0007074694
0.2641666667,0.0004363359,0.0002727149,0.0007090508
0.2643333333,0.0004434315,0.0002672182,0.0007106497
0.2645000000,0.0004505057,0.0002617598,0.0007122655
0.2646666667,0.0004575553,0.0002563425,0.0007138978
0.2648333333,0.0004645776,0.0002509692,0.0007155468
0.2650000000,0.0004715696,0.0002456430,0.0007172126
0.2651666667,0.0004785283,0.0002403667,0.0007188950
0.2653333333,0.0004854507,0.0002351428,0.0007205935
0.2655000000,0.0004923341,0.0002299737,0.0007223078
0.2656666667,0.0004991754,0.0002248621,0.0007240375
0.2658333333,0.0005059718,0.0002198105,0.0007257823
0.2660000000,0.0005127203,0.0002148214,0.0007275417
0.2661666667,0.0005194182,0.0002098971,0.0007293152
0.2663333333,0.0005260625,0.0002050397,0.0007311022
0.2665000000,0.0005326505,0.0002002520,0.0007329025
0.2666666667,0.0005391793,0.0001955367,0.0007347160
0.2668333333,0.0005456461,0.0001908967,0.0007365428
0.2670000000,0.0005520482,0.0001863343,0.0007383825
0.2671666667,0.0005583828,0.0001818514,0.0007402343
0.2673333333,0.0005646473,0.0001774500,0.0007420972
0.2675000000,0.0005708388,0.0001731320,0.0007439708
0.2676666667,0.0005769547,0.0001689004,0.0007458551
0.2678333333,0.0005829925,0.0001647578,0.0007477503
0.2680000000,0.0005889495,0.0001607068,0.0007496563
0.2681666667,0.0005948230,0.0001567494,0.0007515724
0.2683333333,0.0006006106,0.0001528869,0.0007534975
0.2685000000,0.0006063098,0.0001491209,0.0007554307
0.2686666667,0.0006119180,0.0001454534,0.0007573714
0.2688333333,0.0006174329,0.0001418868,0.0007593197
0.2690000000,0.0006228520,0.0001384237,0.0007612757
0.2691666667,0.0006281729,0.0001350665,0.0007632394
0.2693333333,0.0006333934,0.0001318170,0.0007652104
0.2695000000,0.0006385111,0.0001286769,0.0007671880
0.2696666667,0.0006435237,0.0001256478,0.0007691715
0.2698333333,0.0006484292,0.0001227309,0.0007711600
0.2700000000,0.0006532252,0.0001199275,0.0007731527
0.2701666667,0.0006579098,0.0001172391,0.0007751489
0.2703333333,0.0006624807,0.0001146674,0.0007771482
0.2705000000,0.0006669361,0.0001122147,0.0007791508
0.2706666667,0.0006712739,0.0001098834,0.0007811573
0.2708333333,0.0006754922,0.0001076756,0.0007831678
0.2710000000,0.0006795891,0.0001055926,0.0007851816
0.2711666667,0.0006835627,0.0001036345,0.0007871973
0.2713333333,0.0006874114,0.0001018015,0.0007892129
0.2715000000,0.0006911333,0.0001000942,0.0007912275
0.2716666667,0.0006947268,0.0000985143,0.0007932411
0.2718333333,0.0006981903,0.0000970641,0.0007952544
0.2720000000,0.0007015222,0.0000957459,0.0007972681
0.2721666667,0.0007047210,0.0000945611,0.0007992820
0.2723333333,0.0007077852,0.0000935102,0.0008012953
0.2725000000,0.0007107134,0.0000925933,0.0008033067
0.2726666667,0.0007135044,0.0000918106,0.0008053150
0.2728333333,0.0007161568,0.0000911626,0.0008073194
0.2730000000,0.0007186694,0.0000906502,0.0008093196
0.2731666667,0.0007210410,0.0000902742,0.0008113152
0.2733333333,0.0007232706,0.0000900359,0.0008133064
0.2735000000,0.0007253570,0.0000899363,0.0008152933
0.2736666667,0.0007272994,0.0000899763,0.0008172757
0.2738333333,0.0007290967,0.0000901567,0.0008192534
0.2740000000,0.0007307482,0.0000904772,0.0008212255
0.2741666667,0.0007322531,0.0000909374,0.0008231905
0.2743333333,0.0007336106,0.0000915368,0.0008251474
0.2745000000,0.0007348200,0.0000922757,0.0008270957
0.2746666667,0.0007358808,0.0000931550,0.0008290357
0.2748333333,0.0007367924,0.0000941755,0.0008309679
0.2750000000,0.0007375543,0.0000953379,0.0008328922
0.2751666667,0.0007381662,0.0000966419,0.0008348081
0.2753333333,0.0007386278,0.0000980867,0.0008367145
0.2755000000,0.0007389386,0.0000996716,0.0008386102
0.2756666667,0.0007390986,0.0001013965,0.0008404951
0.2758333333,0.0007391076,0.0001032613,0.0008423688
0.2760000000,0.0007389654,0.0001052661,0.0008442315
0.2761666667,0.0007386722,0.0001074105,0.0008460827
0.2763333333,0.0007382280,0.0001096938,0.0008479218
0.2765000000,0.0007376329,0.0001121154,0.0008497483
0.2766666667,0.0007368870,0.0001146749,0.0008515620
0.2768333333,0.0007359908,0.0001173719,0.0008533627
0.2770000000,0.0007349444,0.0001202058,0.0008551502
0.2771666667,0.0007337483,0.0001231756,0.0008569239
0.2773333333,0.0007324029,0.0001262801,0.0008586831
0.2775000000,0.0007309089,0.0001295184,0.0008604272
0.2776666667,0.0007292667,0.0001328896,0.0008621562
0.2778333333,0.0007274770,0.0001363931,0.0008638701
0.2780000000,0.0007255406,0.0001400281,0.0008655687
0.2781666667,0.0007234583,0.0001437932,0.0008672515
0.2783333333,0.0007212310,0.0001476868,0.0008689178
0.2785000000,0.0007188595,0.0001517077,0.0008705671
0.2786666667,0.0007163448,0.0001558546,0.0008721995
0.2788333333,0.0007136881,0.0001601268,0.0008738149
0.2790000000,0.0007108904,0.0001645229,0.0008754133
0.2791666667,0.0007079530,0.0001690412,0.0008769942
0.2793333333,0.0007048771,0.0001736798,0.0008785569
0.2795000000,0.0007016639,0.0001784368,0.0008801008
0.2796666667,0.0006983150,0.0001833107,0.0008816257
0.2798333333,0.0006948317,0.0001883003,0.0008831320
0.2800000000,0.0006912155,0.0001934039,0.0008846194
0.2801666667,0.0006874681,0.0001986199,0.0008860880
0.2803333333,0.0006835910,0.0002039461,0.0008875370
0.2805000000,0.0006795859,0.0002093804,0.0008889663
0.2806666667,0.0006754546,0.0002149212,0.0008903758
0.2808333333,0.0006711989,0.0002205664,0.0008917652
0.2810000000,0.0006668206,0.0002263139,0.0008931345
0.2811666667,0.0006623217,0.0002321613,0.0008944830
0.2813333333,0.0006577041,0.0002381061,0.0008958102
0.2815000000,0.0006529700,0.0002441463,0.0008971163
0.2816666667,0.0006481213,0.0002502802,0.0008984015
0.2818333333,0.0006431603,0.0002565062,0.0008996665
0.2820000000,0.0006380891,0.0002628220,0.0009009111
0.2821666667,0.0006329100,0.0002692247,0.0009021347
0.2823333333,0.0006276253,0.0002757110,0.0009033363
0.2825000000,0.0006222373,0.0002822780,0.0009045153
0.2826666667,0.0006167485,0.0002889232,0.0009056717
0.2828333333,0.0006111613,0.0002956449,0.0009068063
0.2830000000,0.0006054782,0.0003024413,0.0009079196
0.2831666667,0.0005997018,0.0003093101,0.0009090119
0.2833333333,0.0005938346,0.0003162483,0.0009100829
0.2835000000,0.0005878794,0.0003232527,0.0009111321
0.2836666667,0.0005818387,0.0003303201,0.0009121588
0.2838333333,0.0005757154,0.0003374475,0.0009131628
0.2840000000,0.0005695121,0.0003446320,0.0009141441
0.2841666667,0.0005632317,0.0003518712,0.0009151029
0.2843333333,0.0005568771,0.0003591625,0.0009160395
0.2845000000,0.0005504510,0.0003665035,0.0009169545
0.2846666667,0.0005439566,0.0003738917,0.0009178483
0.2848333333,0.0005373966,0.0003813242,0.0009187208
0.2850000000,0.0005307741,0.0003887974,0.0009195715
0.2851666667,0.0005240922,0.0003963075,0.0009203997
0.2853333333,0.0005173539,0.0004038510,0.0009212049
0.2855000000,0.0005105622,0.0004114250,0.0009219872
0.2856666667,0.0005037203,0.0004190273,0.0009227476
0.2858333333,0.0004968313,0.0004266558,0.0009234871
0.2860000000,0.0004898984,0.0004343079,0.0009242063
0.2861666667,0.0004829248,0.0004419801,0.0009249049
0.2863333333,0.0004759138,0.0004496682,0.0009255820
0.2865000000,0.0004688685,0.0004573685,0.0009262370
0.2866666667,0.0004617922,0.0004650776,0.0009268698
0.2868333333,0.0004546883,0.0004727929,0.0009274812
0.2870000000,0.0004475599,0.0004805122,0.0009280721
0.2871666667,0.0004404104,0.0004882325,0.0009286429
0.2873333333,0.0004332432,0.0004959508,0.0009291940
0.2875000000,0.0004260616,0.0005036634,0.0009297250
0.2876666667,0.0004188689,0.0005113668,0.0009302357
0.2878333333,0.0004116686,0.0005190577,0.0009307263
0.2880000000,0.0004044639,0.0005267328,0.0009311968
0.2881666667,0.0003972584,0.0005343891,0.0009316475
0.2883333333,0.0003900553,0.0005420235,0.0009320788
0.2885000000,0.0003828580,0.0005496332,0.0009324912
0.2886666667,0.0003756700,0.0005572151,0.0009328851
0.2888333333,0.0003684946,0.0005647664,0.0009332610
0.2890000000,0.0003613352,0.0005722835,0.0009336188
0.2891666667,0.0003541953,0.0005797630,0.0009339584
0.2893333333,0.0003470782,0.0005872015,0.0009342797
0.2895000000,0.0003399872,0.0005945959,0.0009345831
0.2896666667,0.0003329257,0.0006019436,0.0009348693
0.2898333333,0.0003258971,0.0006092418,0.0009351389
0.2900000000,0.0003189047,0.0006164878,0.0009353925
0.2901666667,0.0003119517,0.0006236783,0.0009356300
0.2903333333,0.0003050415,0.0006308098,0.0009358513
0.2905000000,0.0002981774,0.0006378792,0.0009360566
0.2906666667,0.0002913624,0.0006448839,0.0009362463
0.2908333333,0.0002845998,0.0006518213,0.0009364211
0.2910000000,0.0002778928,0.0006586888,0.0009365816
0.2911666667,0.0002712444,0.0006654837,0.0009367281
0.2913333333,0.0002646578,0.0006722030,0.0009368608
0.2915000000,0.0002581359,0.0006788437,0.0009369795
0.2916666667,0.0002516817,0.0006854032,0.0009370849
0.2918333333,0.0002452983,0.0006918791,0.0009371774
0.2920000000,0.0002389884,0.0006982692,0.0009372576
0.2921666667,0.0002327550,0.0007045709,0.0009373259
0.2923333333,0.0002266009,0.0007107818,0.0009373827
0.2925000000,0.0002205290,0.0007168993,0.0009374282
0.2926666667,0.0002145420,0.0007229208,0.0009374628
0.2928333333,0.0002086427,0.0007288441,0.0009374868
0.2930000000,0.0002028339,0.0007346670,0.0009375008
0.2931666667,0.0001971182,0.0007403869,0.0009375052
0.2933333333,0.0001914985,0.0007460018,0.0009375002
0.2935000000,0.0001859773,0.0007515092,0.0009374865
0.2936666667,0.0001805575,0.0007569071,0.0009374646
0.2938333333,0.0001752415,0.0007621934,0.0009374349
0.2940000000,0.0001700320,0.0007673658,0.0009373978
0.2941666667,0.0001649315,0.0007724220,0.0009373536
0.2943333333,0.0001599427,0.0007773599,0.0009373025
0.2945000000,0.0001550678,0.0007821773,0.0009372451
0.2946666667,0.0001503093,0.0007868725,0.0009371818
0.2948333333,0.0001456696,0.0007914439,0.0009371135
0.2950000000,0.0001411508,0.0007958898,0.0009370406
0.2951666667,0.0001367553,0.0008002082,0.0009369636
0.2953333333,0.0001324853,0.0008043973,0.0009368825
0.2955000000,0.0001283427,0.0008084551,0.0009367978
0.2956666667,0.0001243298,0.0008123801,0.0009367099
0.2958333333,0.0001204485,0.0008161708,0.0009366194
0.2960000000,0.0001167010,0.0008198259,0.0009365269
0.2961666667,0.0001130890,0.0008233439,0.0009364329
0.2963333333,0.0001096146,0.0008267232,0.0009363378
0.2965000000,0.0001062796,0.0008299624,0.0009362420
0.2966666667,0.0001030859,0.0008330601,0.0009361460
0.2968333333,0.0001000352,0.0008360150,0.0009360502
0.2970000000,0.0000971291,0.0008388260,0.0009359551
0.2971666667,0.0000943693,0.0008414918,0.0009358611
0.2973333333,0.0000917573,0.0008440113,0.0009357686
0.2975000000,0.0000892945,0.0008463836,0.0009356782
0.2976666667,0.0000869825,0.0008486079,0.0009355903
0.2978333333,0.0000848224,0.0008506832,0.0009355056
0.2980000000,0.0000828158,0.0008526087,0.0009354244
0.2981666667,0.0000809638,0.0008543834,0.0009353472
0.2983333333,0.0000792676,0.0008560067,0.0009352742
0.2985000000,0.0000777284,0.0008574776,0.0009352060
0.2986666667,0.0000763473,0.0008587957,0.0009351429
0.2988333333,0.0000751253,0.0008599604,0.0009350857
0.2990000000,0.0000740633,0.0008609713,0.0009350346
0.2991666667,0.0000731623,0.0008618279,0.0009349903
0.2993333333,0.0000724231,0.0008625298,0.0009349530
0.2995000000,0.0000718465,0.0008630766,0.0009349231
0.2996666667,0.0000714332,0.0008634680,0.0009349012
0.2998333333,0.0000711837,0.0008637039,0.0009348876
0.3000000000,0.0000710988,0.0008637840,0.0009348828
0.3001666667,0.0000711791,0.0008637081,0.0009348872
0.3003333333,0.0000714251,0.0008634761,0.0009349012
0.3005000000,0.0000718373,0.0008630880,0.0009349253
0.3006666667,0.0000724163,0.0008625435,0.0009349597
0.3008333333,0.0000731624,0.0008618427,0.0009350051
0.3010000000,0.0000740761,0.0008609856,0.0009350617
0.3011666667,0.0000751576,0.0008599724,0.0009351300
0.3013333333,0.0000764074,0.0008588030,0.0009352104
0.3015000000,0.0000778257,0.0008574776,0.0009353033
0.3016666667,0.0000794127,0.0008559962,0.0009354089
0.3018333333,0.0000811687,0.0008543588,0.0009355276
0.3020000000,0.0000830940,0.0008525657,0.0009356597
0.3021666667,0.0000851886,0.0008506172,0.0009358058
0.3023333333,0.0000874525,0.0008485137,0.0009359662
0.3025000000,0.0000898859,0.0008462556,0.0009361415
0.3026666667,0.0000924885,0.0008438434,0.0009363318
0.3028333333,0.0000952601,0.0008412773,0.0009365374
0.3030000000,0.0000982005,0.0008385579,0.0009367584
0.3031666667,0.0001013092,0.0008356859,0.0009369951
0.3033333333,0.0001045858,0.0008326623,0.0009372481
0.3035000000,0.0001080296,0.0008294882,0.0009375178
0.3036666667,0.0001116400,0.0008261647,0.0009378047
0.3038333333,0.0001154161,0.0008226927,0.0009381088
0.3040000000,0.0001193571,0.0008190733,0.0009384304
0.3041666667,0.0001234621,0.0008153075,0.0009387696
0.3043333333,0.0001277299,0.0008113966,0.0009391266
0.3045000000,0.0001321596,0.0008073422,0.0009395018
0.3046666667,0.0001367500,0.0008031457,0.0009398957
0.3048333333,0.0001415000,0.0007988085,0.0009403084
0.3050000000,0.0001464082,0.0007943321,0.0009407403
0.3051666667,0.0001514736,0.0007897180,0.0009411916
0.3053333333,0.0001566947,0.0007849675,0.0009416623
0.3055000000,0.0001620702,0.0007800824,0.0009421526
0.3056666667,0.0001675985,0.0007750641,0.0009426627
0.3058333333,0.0001732782,0.0007699146,0.0009431928
0.3060000000,0.0001791073,0.0007646358,0.0009437432
0.3061666667,0.0001850843,0.0007592298,0.0009443141
0.3063333333,0.0001912071,0.0007536988,0.0009449059
0.3065000000,0.0001974740,0.0007480447,0.0009455187
0.3066666667,0.0002038827,0.0007422696,0.0009461523
0.3068333333,0.0002104314,0.0007363754,0.0009468068
0.3070000000,0.0002171178,0.0007303645,0.0009474823
0.3071666667,0.0002239398,0.0007242392,0.0009481791
0.3073333333,0.0002308953,0.0007180023,0.0009488976
0.3075000000,0.0002379818,0.0007116563,0.0009496381
0.3076666667,0.0002451971,0.0007052032,0.0009504003
0.3078333333,0.0002525388,0.0006986454,0.0009511841
0.3080000000,0.0002600044,0.0006919850,0.0009519894
0.3081666667,0.0002675914,0.0006852249,0.0009528163
0.3083333333,0.0002752970,0.0006783682,0.0009536653
0.3085000000,0.0002831187,0.0006714180,0.0009545367
0.3086666667,0.0002910536,0.0006643770,0.0009554306
0.3088333333,0.0002990988,0.0006572477,0.0009563465
0.3090000000,0.0003072513,0.0006500328,0.0009572841
0.3091666667,0.0003155084,0.0006427350,0.0009582434
0.3093333333,0.0003238670,0.0006353577,0.0009592247
0.3095000000,0.0003323242,0.0006279042,0.0009602284
0.3096666667,0.0003408768,0.0006203777,0.0009612545
0.3098333333,0.0003495216,0.0006127813,0.0009623029
0.3100000000,0.0003582556,0.0006051177,0.0009633733
0.3101666667,0.0003670753,0.0005973901,0.0009644654
0.3103333333,0.0003759773,0.0005896018,0.0009655791
0.3105000000,0.0003849582,0.0005817563,0.0009667145
0.3106666667,0.0003940145,0.0005738573,0.0009678718
0.3108333333,0.0004031426,0.0005659082,0.0009690508
0.3110000000,0.0004123390,0.0005579127,0.0009702517
0.3111666667,0.0004215999,0.0005498743,0.0009714742
0.3113333333,0.0004309217,0.0005417964,0.0009727181
0.3115000000,0.0004403006,0.0005336826,0.0009739832
0.3116666667,0.0004497328,0.0005255363,0.0009752691
0.3118333333,0.0004592144,0.0005173611,0.0009765755
0.3120000000,0.0004687415,0.0005091611,0.0009779026
0.3121666667,0.0004783100,0.0005009406,0.0009792505
0.3123333333,0.0004879159,0.0004927036,0.0009806195
0.3125000000,0.0004975552,0.0004844541,0.0009820094
0.3126666667,0.0005072238,0.0004761955,0.0009834193
0.3128333333,0.0005169175,0.0004679310,0.0009848486
0.3130000000,0.0005266325,0.0004596643,0.0009862968
0.3131666667,0.0005363645,0.0004513997,0.0009877642
0.3133333333,0.0005461095,0.0004431416,0.0009892511
0.3135000000,0.0005558635,0.0004348944,0.0009907579
0.3136666667,0.0005656222,0.0004266618,0.0009922841
0.3138333333,0.0005753816,0.0004184472,0.0009938288
0.3140000000,0.0005851374,0.0004102539,0.0009953913
0.3141666667,0.0005948855,0.0004020856,0.0009969711
0.3143333333,0.0006046219,0.0003939464,0.0009985683
0.3145000000,0.0006143424,0.0003858409,0.0010001833
0.3146666667,0.0006240428,0.0003777731,0.0010018159
0.3148333333,0.0006337189,0.0003697469,0.0010034658
0.3150000000,0.0006433666,0.0003617658,0.0010051324
0.3151666667,0.0006529817,0.0003538334,0.0010068151
0.3153333333,0.0006625598,0.0003459538,0.0010085135
0.3155000000,0.0006720967,0.0003381307,0.0010102274
0.3156666667,0.0006815883,0.0003303681,0.0010119564
0.3158333333,0.0006910303,0.0003226699,0.0010137003
0.3160000000,0.0007004187,0.0003150401,0.0010154588
0.3161666667,0.0007097494,0.0003074826,0.0010172320
0.3163333333,0.0007190181,0.0003000014,0.0010190194
0.3165000000,0.0007282209,0.0002925999,0.0010208208
0.3166666667,0.0007373536,0.0002852815,0.0010226351
0.3168333333,0.0007464122,0.0002780494,0.0010244617
0.3170000000,0.0007553927,0.0002709073,0.0010263000
0.3171666667,0.0007642910,0.0002638592,0.0010281502
0.3173333333,0.0007731031,0.0002569095,0.0010300125
0.3175000000,0.0007818250,0.0002500620,0.0010318870
0.3176666667,0.0007904529,0.0002433200,0.0010337729
0.3178333333,0.0007989827,0.0002366863,0.0010356690
0.3180000000,0.0008074106,0.0002301638,0.0010375744
0.3181666667,0.0008157327,0.0002237559,0.0010394886
0.3183333333,0.0008239453,0.0002174666,0.0010414119
0.3185000000,0.0008320445,0.0002112999,0.0010433444
0.3186666667,0.0008400266,0.0002052594,0.0010452860
0.3188333333,0.0008478881,0.0001993479,0.0010472360
0.3190000000,0.0008556252,0.0001935681,0.0010491933
0.3191666667,0.0008632345,0.0001879228,0.0010511573
0.3193333333,0.0008707124,0.0001824151,0.0010531275
0.3195000000,0.0008780554,0.0001770483,0.0010551037
0.3196666667,0.0008852599,0.0001718257,0.0010570856
0.3198333333,0.0008923226,0.0001667503,0.0010590729
0.3200000000,0.0008992402,0.0001618251,0.0010610653
0.3201666667,0.0009060093,0.0001570531,0.0010630624
0.3203333333,0.0009126268,0.0001524368,0.0010650637
0.3205000000,0.0009190896,0.0001479788,0.0010670684
0.3206666667,0.0009253946,0.0001436811,0.0010690757
0.3208333333,0.0009315387,0.0001395462,0.0010710849
0.3210000000,0.0009375189,0.0001355769,0.0010730958
0.3211666667,0.0009433325,0.0001317761,0.0010751086
0.3213333333,0.0009489764,0.0001281469,0.0010771233
0.3215000000,0.0009544480,0.0001246915,0.0010791395
0.3216666667,0.0009597445,0.0001214116,0.0010811561
0.3218333333,0.0009648633,0.0001183084,0.0010831717
0.3220000000,0.0009698020,0.0001153837,0.0010851857
0.3221666667,0.0009745579,0.0001126401,0.0010871979
0.3223333333,0.0009791287,0.0001100803,0.0010892089
0.3225000000,0.0009835121,0.0001077068,0.0010912189
0.3226666667,0.0009877058,0.0001055213,0.0010932271
0.3228333333,0.0009917078,0.0001035246,0.0010952323
0.3230000000,0.0009955158,0.0001017175,0.0010972333
0.3231666667,0.0009991280,0.0001001016,0.0010992296
0.3233333333,0.0010025423,0.0000986787,0.0011012211
0.3235000000,0.0010057570,0.0000974512,0.0011032081
0.3236666667,0.0010087702,0.0000964205,0.0011051907
0.3238333333,0.0010115803,0.0000955878,0.0011071681
0.3240000000,0.0010141857,0.0000949534,0.0011091392
0.3241666667,0.0010165851,0.0000945181,0.0011111032
0.3243333333,0.0010187769,0.0000942828,0.0011130597
0.3245000000,0.0010207599,0.0000942487,0.0011150086
0.3246666667,0.0010225329,0.0000944169,0.0011169498
0.3248333333,0.0010240946,0.0000947882,0.0011188828
0.3250000000,0.0010254441,0.0000953632,0.0011208073
0.3251666667,0.0010265803,0.0000961423,0.0011227226
0.3253333333,0.0010275025,0.0000971258,0.0011246283
0.3255000000,0.0010282100,0.0000983139,0.0011265239
0.3256666667,0.0010287021,0.0000997067,0.0011284088
0.3258333333,0.0010289782,0.0001013045,0.0011302826
0.3260000000,0.0010290378,0.0001031074,0.0011321451
0.3261666667,0.0010288805,0.0001051157,0.0011339962
0.3263333333,0.0010285061,0.0001073295,0.0011358357
0.3265000000,0.0010279144,0.0001097485,0.0011376630
0.3266666667,0.0010271054,0.0001123720,0.0011394773
0.3268333333,0.0010260789,0.0001151991,0.0011412780
0.3270000000,0.0010248352,0.0001182294,0.0011430646
0.3271666667,0.0010233745,0.0001214629,0.0011448374
0.3273333333,0.0010216970,0.0001248994,0.0011465964
0.3275000000,0.0010198032,0.0001285383,0.0011483414
0.3276666667,0.0010176935,0.0001323781,0.0011500716
0.3278333333,0.0010153687,0.0001364173,0.0011517860
0.3280000000,0.0010128294,0.0001406547,0.0011534840
0.3281666667,0.0010100763,0.0001450895,0.0011551658
0.3283333333,0.0010071103,0.0001497213,0.0011568316
0.3285000000,0.0010039325,0.0001545492,0.0011584817
0.3286666667,0.0010005441,0.0001595714,0.0011601155
0.3288333333,0.0009969461,0.0001647857,0.0011617318
0.3290000000,0.0009931398,0.0001701900,0.0011633299
0.3291666667,0.0009891268,0.0001757827,0.0011649094
0.3293333333,0.0009849083,0.0001815627,0.0011664710
0.3295000000,0.0009804859,0.0001875291,0.0011680150
0.3296666667,0.0009758614,0.0001936798,0.0011695412
0.3298333333,0.0009710366,0.0002000123,0.0011710489
0.3300000000,0.0009660133,0.0002065239,0.0011725372
0.3301666667,0.0009607935,0.0002132119,0.0011740053
0.3303333333,0.0009553791,0.0002200744,0.0011754536
0.3305000000,0.0009497724,0.0002271098,0.0011768822
0.3306666667,0.0009439756,0.0002343160,0.0011782916
0.3308333333,0.0009379909,0.0002416905,0.0011796814
0.3310000000,0.0009318209,0.0002492302,0.0011810511
0.3311666667,0.0009254680,0.0002569320,0.0011824000
0.3313333333,0.0009189348,0.0002647930,0.0011837278
0.3315000000,0.0009122240,0.0002728105,0.0011850345
0.3316666667,0.0009053384,0.0002809818,0.0011863202
0.3318333333,0.0008982808,0.0002893042,0.0011875850
0.3320000000,0.0008910541,0.0002977748,0.0011888288
0.3321666667,0.0008836613,0.0003063904,0.0011900517
0.3323333333,0.0008761056,0.0003151476,0.0011912533
0.3325000000,0.0008683902,0.0003240429,0.0011924331
0.3326666667,0.0008605182,0.0003330725,0.0011935908
0.3328333333,0.0008524931,0.0003422330,0.0011947262
0.3330000000,0.0008443183,0.0003515213,0.0011958395
0.3331666667,0.0008359971,0.0003609343,0.0011969314
0.3333333333,0.0008275333,0.0003704687,0.0011980021
0.3335000000,0.0008189304,0.0003801208,0.0011990513
0.3336666667,0.0008101922,0.0003898861,0.0012000783
0.3338333333,0.0008013224,0.0003997601,0.0012010825
0.3340000000,0.0007923249,0.0004097388,0.0012020637
0.3341666667,0.0007832036,0.0004198190,0.0012030225
0.3343333333,0.0007739624,0.0004299975,0.0012039599
0.3345000000,0.0007646054,0.0004402707,0.0012048761
0.3346666667,0.0007551367,0.0004506341,0.0012057708
0.3348333333,0.0007455605,0.0004610827,0.0012066433
0.3350000000,0.0007358810,0.0004716118,0.0012074928
0.3351666667,0.0007261024,0.0004822171,0.0012083195
0.3353333333,0.0007162292,0.0004928951,0.0012091242
0.3355000000,0.0007062656,0.0005036421,0.0012099077
0.3356666667,0.0006962162,0.0005144541,0.0012106703
0.3358333333,0.0006860853,0.0005253263,0.0012114116
0.3360000000,0.0006758776,0.0005362535,0.0012121311
0.3361666667,0.0006655975,0.0005472309,0.0012128284
0.3363333333,0.0006552498,0.0005582541,0.0012135039
0.3365000000,0.0006448391,0.0005693189,0.0012141580
0.3366666667,0.0006343701,0.0005804213,0.0012147915
0.3368333333,0.0006238475,0.0005915568,0.0012154044
0.3370000000,0.0006132761,0.0006027206,0.0012159967
0.3371666667,0.0006026607,0.0006139077,0.0012165683
0.3373333333,0.0005920061,0.0006251132,0.0012171193
0.3375000000,0.0005813173,0.0006363325,0.0012176498
0.3376666667,0.0005705991,0.0006475608,0.0012181599
0.3378333333,0.0005598563,0.0006587937,0.0012186500
0.3380000000,0.0005490941,0.0006700265,0.0012191206
0.3381666667,0.0005383172,0.0006812547,0.0012195719
0.3383333333,0.0005275307,0.0006924736,0.0012200043
0.3385000000,0.0005167396,0.0007036782,0.0012204178
0.3386666667,0.0005059489,0.0007148633,0.0012208123
0.3388333333,0.0004951637,0.0007260241,0.0012211878
0.3390000000,0.0004843889,0.0007371558,0.0012215447
0.3391666667,0.0004736295,0.0007482540,0.0012218835
0.3393333333,0.0004628907,0.0007593143,0.0012222050
0.3395000000,0.0004521774,0.0007703321,0.0012225095
0.3396666667,0.0004414947,0.0007813023,0.0012227971
0.3398333333,0.0004308477,0.0007922197,0.0012230675
0.3400000000,0.0004202414,0.0008030793,0.0012233207
0.3401666667,0.0004096808,0.0008138766,0.0012235574
0.3403333333,0.0003991709,0.0008246072,0.0012237781
0.3405000000,0.0003887168,0.0008352669,0.0012239837
0.3406666667,0.0003783234,0.0008458510,0.0012241743
0.3408333333,0.0003679957,0.0008563544,0.0012243501
0.3410000000,0.0003577387,0.0008667723,0.0012245110
0.3411666667,0.0003475574,0.0008770999,0.0012246572
0.3413333333,0.0003374566,0.0008873328,0.0012247894
0.3415000000,0.0003274412,0.0008974669,0.0012249081
0.3416666667,0.0003175161,0.0009074977,0.0012250138
0.3418333333,0.0003076862,0.0009174207,0.0012251070
0.3420000000,0.0002979562,0.0009272314,0.0012251876
0.3421666667,0.0002883310,0.0009369252,0.0012252562
0.3423333333,0.0002788153,0.0009464977,0.0012253130
0.3425000000,0.0002694137,0.0009559448,0.0012253585
0.3426666667,0.0002601310,0.0009652621,0.0012253931
0.3428333333,0.0002509716,0.0009744456,0.0012254173
0.3430000000,0.0002419403,0.0009834910,0.0012254314
0.3431666667,0.0002330416,0.0009923943,0.0012254359
0.3433333333,0.0002242798,0.0010011515,0.0012254314
0.3435000000,0.0002156595,0.0010097586,0.0012254181
0.3436666667,0.0002071851,0.0010182114,0.0012253965
0.3438333333,0.0001988607,0.0010265060,0.0012253667
0.3440000000,0.0001906907,0.0010346386,0.0012253293
0.3441666667,0.0001826793,0.0010426055,0.0012252848
0.3443333333,0.0001748306,0.0010504032,0.0012252339
0.3445000000,0.0001671488,0.0010580282,0.0012251770
0.3446666667,0.0001596377,0.0010654768,0.0012251145
0.3448333333,0.0001523014,0.0010727452,0.0012250466
0.3450000000,0.0001451437,0.0010798299,0.0012249736
0.3451666667,0.0001381684,0.0010867277,0.0012248961
0.3453333333,0.0001313792,0.0010934355,0.0012248147
0.3455000000,0.0001247799,0.0010999502,0.0012247301
0.3456666667,0.0001183739,0.0011062687,0.0012246426
0.3458333333,0.0001121648,0.0011123879,0.0012245526
0.3460000000,0.0001061559,0.0011183045,0.0012244604
0.3461666667,0.0001003507,0.0011240157,0.0012243664
0.3463333333,0.0000947524,0.0011295187,0.0012242711
0.3465000000,0.0000893641,0.0011348112,0.0012241753
0.3466666667,0.0000841889,0.0011398904,0.0012240793
0.3468333333,0.0000792298,0.0011447539,0.0012239837
0.3470000000,0.0000744897,0.0011493989,0.0012238887
0.3471666667,0.0000699715,0.0011538232,0.0012237947
0.3473333333,0.0000656777,0.0011580246,0.0012237023
0.3475000000,0.0000616112,0.0011620008,0.0012236120
0.3476666667,0.0000577743,0.0011657500,0.0012235243
0.3478333333,0.0000541695,0.0011692701,0.0012234396
0.3480000000,0.0000507991,0.0011725592,0.0012233584
0.3481666667,0.0000476655,0.0011756156,0.0012232810
0.3483333333,0.0000447706,0.0011784374,0.0012232081
0.3485000000,0.0000421166,0.0011810233,0.0012231399
0.3486666667,0.0000397053,0.0011833717,0.0012230770
0.3488333333,0.0000375386,0.0011854812,0.0012230198
0.3490000000,0.0000356181,0.0011873507,0.0012229688
0.3491666667,0.0000339456,0.0011889788,0.0012229244
0.3493333333,0.0000325225,0.0011903646,0.0012228870
0.3495000000,0.0000313501,0.0011915070,0.0012228571
0.3496666667,0.0000304299,0.0011924053,0.0012228352
0.3498333333,0.0000297628,0.0011930588,0.0012228216
0.3500000000,0.0000293501,0.0011934666,0.0012228168
0.3501666667,0.0000291927,0.0011936284,0.0012228211
0.3503333333,0.0000292914,0.0011935437,0.0012228351
0.3505000000,0.0000296469,0.0011932122,0.0012228591
0.3506666667,0.0000302598,0.0011926337,0.0012228936
0.3508333333,0.0000311308,0.0011918081,0.0012229389
0.3510000000,0.0000322600,0.0011907354,0.0012229955
0.3511666667,0.0000336479,0.0011894158,0.0012230637
0.3513333333,0.0000352945,0.0011878494,0.0012231440
0.3515000000,0.0000372000,0.0011860366,0.0012232366
0.3516666667,0.0000393642,0.0011839778,0.0012233420
0.3518333333,0.0000417869,0.0011816737,0.0012234606
0.3520000000,0.0000444679,0.0011791249,0.0012235929
0.3521666667,0.0000474067,0.0011763323,0.0012237391
0.3523333333,0.0000506028,0.0011732967,0.0012238995
0.3525000000,0.0000540556,0.0011700189,0.0012240745
0.3526666667,0.0000577642,0.0011665001,0.0012242643
0.3528333333,0.0000617278,0.0011627416,0.0012244695
0.3530000000,0.0000659454,0.0011587449,0.0012246904
0.3531666667,0.0000704159,0.0011545115,0.0012249273
0.3533333333,0.0000751380,0.0011500426,0.0012251806
0.3535000000,0.0000801104,0.0011453399,0.0012254503
0.3536666667,0.0000853316,0.0011404051,0.0012257368
0.3538333333,0.0000908001,0.0011352402,0.0012260403
0.3540000000,0.0000965142,0.0011298473,0.0012263615
0.3541666667,0.0001024720,0.0011242285,0.0012267006
0.3543333333,0.0001086717,0.0011183860,0.0012270578
0.3545000000,0.0001151113,0.0011123219,0.0012274332
0.3546666667,0.0001217885,0.0011060384,0.0012278269
0.3548333333,0.0001287012,0.0010995382,0.0012282394
0.3550000000,0.0001358469,0.0010928239,0.0012286708
0.3551666667,0.0001432233,0.0010858984,0.0012291217
0.3553333333,0.0001508278,0.0010787644,0.0012295922
0.3555000000,0.0001586576,0.0010714248,0.0012300824
0.3556666667,0.0001667100,0.0010638825,0.0012305925
0.3558333333,0.0001749820,0.0010561405,0.0012311226
0.3560000000,0.0001834708,0.0010482020,0.0012316728
0.3561666667,0.0001921732,0.0010400703,0.0012322435
0.3563333333,0.0002010860,0.0010317489,0.0012328349
0.3565000000,0.0002102058,0.0010232413,0.0012334472
0.3566666667,0.0002195294,0.0010145512,0.0012340805
0.3568333333,0.0002290531,0.0010056819,0.0012347351
0.3570000000,0.0002387734,0.0009966373,0.0012354107
0.3571666667,0.0002486867,0.0009874209,0.0012361076
0.3573333333,0.0002587891,0.0009780367,0.0012368257
0.3575000000,0.0002690767,0.0009684887,0.0012375654
0.3576666667,0.0002795455,0.0009587814,0.0012383269
0.3578333333,0.0002901917,0.0009489189,0.0012391105
0.3580000000,0.0003010108,0.0009389054,0.0012399162
0.3581666667,0.0003119989,0.0009287448,0.0012407436
0.3583333333,0.0003231514,0.0009184412,0.0012415926
0.3585000000,0.0003344641,0.0009079991,0.0012424633
0.3586666667,0.0003459325,0.0008974234,0.0012433559
0.3588333333,0.0003575520,0.0008867190,0.0012442710
0.3590000000,0.0003693180,0.0008758908,0.0012452088
0.3591666667,0.0003812258,0.0008649432,0.0012461689
0.3593333333,0.0003932705,0.0008538803,0.0012471508
0.3595000000,0.0004054474,0.0008427068,0.0012481542
0.3596666667,0.0004177515,0.0008314277,0.0012491792
0.3598333333,0.0004301779,0.0008200485,0.0012502264
0.3600000000,0.0004427215,0.0008085748,0.0012512963
0.3601666667,0.0004553771,0.0007970116,0.0012523887
0.3603333333,0.0004681397,0.0007853635,0.0012535031
0.3605000000,0.0004810039,0.0007736349,0.0012546388
0.3606666667,0.0004939645,0.0007618311,0.0012557956
0.3608333333,0.0005070162,0.0007499576,0.0012569738
0.3610000000,0.0005201536,0.0007380203,0.0012581738
0.3611666667,0.0005333711,0.0007260249,0.0012593961
0.3613333333,0.0005466634,0.0007139767,0.0012606401
0.3615000000,0.0005600249,0.0007018804,0.0012619053
0.3616666667,0.0005734501,0.0006897410,0.0012631911
0.3618333333,0.0005869332,0.0006775640,0.0012644972
0.3620000000,0.0006004688,0.0006653553,0.0012658240
0.3621666667,0.0006140510,0.0006531209,0.0012671718
0.3623333333,0.0006276741,0.0006408665,0.0012685406
0.3625000000,0.0006413325,0.0006285975,0.0012699300
0.3626666667,0.0006550203,0.0006163190,0.0012713394
0.3628333333,0.0006687318,0.0006040366,0.0012727684
0.3630000000,0.0006824611,0.0005917556,0.0012742167
0.3631666667,0.0006962024,0.0005794819,0.0012756843
0.3633333333,0.0007099498,0.0005672215,0.0012771713
0.3635000000,0.0007236975,0.0005549802,0.0012786776
0.3636666667,0.0007374395,0.0005427636,0.0012802031
0.3638333333,0.0007511700,0.0005305773,0.0012817473
0.3640000000,0.0007648831,0.0005184265,0.0012833096
0.3641666667,0.0007785729,0.0005063168,0.0012848896
0.3643333333,0.0007922334,0.0004942536,0.0012864870
0.3645000000,0.0008058588,0.0004822429,0.0012881016
0.3646666667,0.0008194432,0.0004702906,0.0012897338
0.3648333333,0.0008329806,0.0004584028,0.0012913834
0.3650000000,0.0008464653,0.0004465848,0.0012930500
0.3651666667,0.0008598912,0.0004348416,0.0012947328
0.3653333333,0.0008732526,0.0004231784,0.0012964310
0.3655000000,0.0008865437,0.0004116005,0.0012981441
0.3656666667,0.0008997585,0.0004001139,0.0012998724
0.3658333333,0.0009128914,0.0003887249,0.0013016162
0.3660000000,0.0009259364,0.0003774390,0.0013033754
0.3661666667,0.0009388880,0.0003662613,0.0013051493
0.3663333333,0.0009517404,0.0003551964,0.0013069368
0.3665000000,0.0009644878,0.0003442492,0.0013087370
0.3666666667,0.0009771247,0.0003334251,0.0013105498
0.3668333333,0.0009896454,0.0003227301,0.0013123755
0.3670000000,0.0010020444,0.0003121700,0.0013142144
0.3671666667,0.0010143162,0.0003017498,0.0013160660
0.3673333333,0.0010264552,0.0002914742,0.0013179294
0.3675000000,0.0010384561,0.0002813475,0.0013198036
0.3676666667,0.0010503134,0.0002713745,0.0013216879
0.3678333333,0.0010620219,0.0002615604,0.0013235823
0.3680000000,0.0010735762,0.0002519109,0.0013254871
0.3681666667,0.0010849712,0.0002424309,0.0013274021
0.3683333333,0.0010962018,0.0002331250,0.0013293268
0.3685000000,0.0011072627,0.0002239974,0.0013312601
0.3686666667,0.0011181491,0.0002150523,0.0013332013
0.3688333333,0.0011288559,0.0002062942,0.0013351501
0.3690000000,0.0011393782,0.0001977281,0.0013371063
0.3691666667,0.0011497114,0.0001893585,0.0013390699
0.3693333333,0.0011598505,0.0001811898,0.0013410404
0.3695000000,0.0011697911,0.0001732260,0.0013430171
0.3696666667,0.0011795284,0.0001654710,0.0013449994
0.3698333333,0.0011890580,0.0001579289,0.0013469869
0.3700000000,0.0011983755,0.0001506037,0.0013489792
0.3701666667,0.0012074766,0.0001434993,0.0013509759
0.3703333333,0.0012163569,0.0001366195,0.0013529765
0.3705000000,0.0012250125,0.0001299679,0.0013549804
0.3706666667,0.0012334391,0.0001235482,0.0013569873
0.3708333333,0.0012416329,0.0001173641,0.0013589970
0.3710000000,0.0012495900,0.0001114191,0.0013610091
0.3711666667,0.0012573066,0.0001057162,0.0013630228
0.3713333333,0.0012647790,0.0001002583,0.0013650373
0.3715000000,0.0012720038,0.0000950485,0.0013670522
0.3716666667,0.0012789773,0.0000900899,0.0013690672
0.3718333333,0.0012856963,0.0000853860,0.0013710823
0.3720000000,0.0012921575,0.0000809396,0.0013730971
0.3721666667,0.0012983578,0.0000767533,0.0013751111
0.3723333333,0.0013042940,0.0000728292,0.0013771232
0.3725000000,0.0013099634,0.0000691693,0.0013791328
0.3726666667,0.0013153631,0.0000657763,0.0013811394
0.3728333333,0.0013204904,0.0000626527,0.0013831431
0.3730000000,0.0013253428,0.0000598012,0.0013851439
0.3731666667,0.0013299177,0.0000572236,0.0013871413
0.3733333333,0.0013342128,0.0000549215,0.0013891343
0.3735000000,0.0013382260,0.0000528961,0.0013911220
0.3736666667,0.0013419550,0.0000511490,0.0013931040
0.3738333333,0.0013453980,0.0000496822,0.0013950802
0.3740000000,0.0013485530,0.0000484976,0.0013970506
0.3741666667,0.0013514184,0.0000475964,0.0013990148
0.3743333333,0.0013539926,0.0000469796,0.0014009722
0.3745000000,0.0013562740,0.0000466478,0.0014029218
0.3746666667,0.0013582613,0.0000466018,0.0014048631
0.3748333333,0.0013599533,0.0000468426,0.0014067959
0.3750000000,0.0013613489,0.0000473713,0.0014087202
0.3751666667,0.0013624472,0.0000481884,0.0014106356
0.3753333333,0.0013632473,0.0000492943,0.0014125415
0.3755000000,0.0013637484,0.0000506889,0.0014144373
0.3756666667,0.0013639501,0.0000523723,0.0014163225
0.3758333333,0.0013638520,0.0000543448,0.0014181968
0.3760000000,0.0013634535,0.0000566065,0.0014200601
0.3761666667,0.0013627548,0.0000591572,0.0014219120
0.3763333333,0.0013617556,0.0000619963,0.0014237519
0.3765000000,0.0013604560,0.0000651232,0.0014255793
0.3766666667,0.0013588564,0.0000685375,0.0014273939
0.3768333333,0.0013569571,0.0000722385,0.0014291956
0.3770000000,0.0013547585,0.0000762257,0.0014309842
0.3771666667,0.0013522613,0.0000804980,0.0014327592
0.3773333333,0.0013494662,0.0000850539,0.0014345201
0.3775000000,0.0013463742,0.0000898922,0.0014362665
0.3776666667,0.0013429863,0.0000950117,0.0014379981
0.3778333333,0.0013393037,0.0001004113,0.0014397150
0.3780000000,0.0013353276,0.0001060895,0.0014414171
0.3781666667,0.0013310595,0.0001120446,0.0014431041
0.3783333333,0.0013265010,0.0001182745,0.0014447754
0.3785000000,0.0013216537,0.0001247770,0.0014464306
0.3786666667,0.0013165194,0.0001315502,0.0014480696
0.3788333333,0.0013111002,0.0001385925,0.0014496927
0.3790000000,0.0013053982,0.0001459018,0.0014513000
0.3791666667,0.0012994155,0.0001534758,0.0014528913
0.3793333333,0.0012931545,0.0001613116,0.0014544661
0.3795000000,0.0012866177,0.0001694064,0.0014560241
0.3796666667,0.0012798077,0.0001777576,0.0014575653
0.3798333333,0.0012727273,0.0001863630,0.0014590903
0.3800000000,0.0012653793,0.0001952200,0.0014605992
0.3801666667,0.0012577666,0.0002043257,0.0014620923
0.3803333333,0.0012498925,0.0002136766,0.0014635691
0.3805000000,0.0012417601,0.0002232693,0.0014650294
0.3806666667,0.0012333729,0.0002331006,0.0014664735
0.3808333333,0.0012247343,0.0002431677,0.0014679020
0.3810000000,0.0012158479,0.0002534675,0.0014693154
0.3811666667,0.0012067175,0.0002639965,0.0014707140
0.3813333333,0.0011973468,0.0002747507,0.0014720975
0.3815000000,0.0011877400,0.0002857260,0.0014734660
0.3816666667,0.0011779010,0.0002969186,0.0014748196
0.3818333333,0.0011678341,0.0003083249,0.0014761590
0.3820000000,0.0011575435,0.0003199413,0.0014774848
0.3821666667,0.0011470337,0.0003317638,0.0014787975
0.3823333333,0.0011363093,0.0003437876,0.0014800969
0.3825000000,0.0011253749,0.0003560080,0.0014813829
0.3826666667,0.0011142352,0.0003684202,0.0014826554
0.3828333333,0.0011028951,0.0003810200,0.0014839151
0.3830000000,0.0010913595,0.0003938028,0.0014851623
0.3831666667,0.0010796336,0.0004067638,0.0014863974
0.3833333333,0.0010677225,0.0004198976,0.0014876201
0.3835000000,0.0010556315,0.0004331986,0.0014888301
0.3836666667,0.0010433658,0.0004466612,0.0014900270
0.3838333333,0.0010309310,0.0004602799,0.0014912109
0.3840000000,0.0010183326,0.0004740493,0.0014923819
0.3841666667,0.0010055762,0.0004879636,0.0014935398
0.3843333333,0.0009926675,0.0005020169,0.0014946845
0.3845000000,0.0009796123,0.0005162028,0.0014958151
0.3846666667,0.0009664165,0.0005305147,0.0014969312
0.3848333333,0.0009530860,0.0005449463,0.0014980322
0.3850000000,0.0009396267,0.0005594913,0.0014991180
0.3851666667,0.0009260449,0.0005741433,0.0015001882
0.3853333333,0.0009123465,0.0005888958,0.0015012423
0.3855000000,0.0008985379,0.0006037420,0.0015022799
0.3856666667,0.0008846252,0.0006186753,0.0015033005
0.3858333333,0.0008706148,0.0006336888,0.0015043037
0.3860000000,0.0008565131,0.0006487759,0.0015052890
0.3861666667,0.0008423265,0.0006639298,0.0015062563
0.3863333333,0.0008280615,0.0006791438,0.0015072053
0.3865000000,0.0008137245,0.0006944114,0.0015081359
0.3866666667,0.0007993221,0.0007097261,0.0015090483
0.3868333333,0.0007848610,0.0007250815,0.0015099425
0.3870000000,0.0007703478,0.0007404708,0.0015108186
0.3871666667,0.0007557892,0.0007558872,0.0015116763
0.3873333333,0.0007411918,0.0007713240,0.0015125158
0.3875000000,0.0007265625,0.0007867748,0.0015133373
0.3876666667,0.0007119079,0.0008022335,0.0015141413
0.3878333333,0.0006972349,0.0008176937,0.0015149287
0.3880000000,0.0006825503,0.0008331491,0.0015156995
0.3881666667,0.0006678611,0.0008485926,0.0015164537
0.3883333333,0.0006531739,0.0008640172,0.0015171911
0.3885000000,0.0006384957,0.0008794161,0.0015179118
0.3886666667,0.0006238333,0.0008947829,0.0015186163
0.3888333333,0.0006091938,0.0009101114,0.0015193052
0.3890000000,0.0005945838,0.0009253949,0.0015199788
0.3891666667,0.0005800104,0.0009406264,0.0015206368
0.3893333333,0.0005654804,0.0009557983,0.0015212788
0.3895000000,0.0005510007,0.0009709034,0.0015219041
0.3896666667,0.0005365780,0.0009859348,0.0015225128
0.3898333333,0.0005222193,0.0010008862,0.0015231054
0.3900000000,0.0005079312,0.0010157510,0.0015236822
0.3901666667,0.0004937206,0.0010305225,0.0015242431
0.3903333333,0.0004795942,0.0010451933,0.0015247875
0.3905000000,0.0004655586,0.0010597562,0.0015253149
0.3906666667,0.0004516206,0.0010742046,0.0015258251
0.3908333333,0.0004377866,0.0010885321,0.0015263187
0.3910000000,0.0004240631,0.0011027331,0.0015267962
0.3911666667,0.0004104567,0.0011168013,0.0015272580
0.3913333333,0.0003969738,0.0011307304,0.0015277043
0.3915000000,0.0003836208,0.0011445140,0.0015281348
0.3916666667,0.0003704038,0.0011581457,0.0015285495
0.3918333333,0.0003573292,0.0011716197,0.0015289489
0.3920000000,0.0003444031,0.0011849306,0.0015293337
0.3921666667,0.0003316316,0.0011980729,0.0015297045
0.3923333333,0.0003190208,0.0012110411,0.0015300618
0.3925000000,0.0003065766,0.0012238291,0.0015304057
0.3926666667,0.0002943049,0.0012364311,0.0015307360
0.3928333333,0.0002822117,0.0012488412,0.0015310529
0.3930000000,0.0002703026,0.0012610541,0.0015313567
0.3931666667,0.0002585835,0.0012730643,0.0015316477
0.3933333333,0.0002470599,0.0012848665,0.0015319264
0.3935000000,0.0002357375,0.0012964552,0.0015321927
0.3936666667,0.0002246219,0.0013078248,0.0015324467
0.3938333333,0.0002137185,0.0013189698,0.0015326883
0.3940000000,0.0002030326,0.0013298849,0.0015329176
0.3941666667,0.0001925696,0.0013405650,0.0015331347
0.3943333333,0.0001823347,0.0013510052,0.0015333399
0.3945000000,0.0001723330,0.0013612007,0.0015335337
0.3946666667,0.0001625695,0.0013711469,0.0015337164
0.3948333333,0.0001530492,0.0013808390,0.0015338882
0.3950000000,0.0001437768,0.0013902726,0.0015340494
0.3951666667,0.0001347570,0.0013994432,0.0015342001
0.3953333333,0.0001259944,0.0014083465,0.0015343408
0.3955000000,0.0001174934,0.0014169786,0.0015344720
0.3956666667,0.0001092585,0.0014253357,0.0015345942
0.3958333333,0.0001012938,0.0014334141,0.0015347079
0.3960000000,0.0000936034,0.0014412099,0.0015348134
0.3961666667,0.0000861915,0.0014487192,0.0015349107
0.3963333333,0.0000790620,0.0014559382,0.0015350002
0.3965000000,0.0000722185,0.0014628634,0.0015350819
0.3966666667,0.0000656649,0.0014694916,0.0015351565
0.3968333333,0.0000594047,0.0014758196,0.0015352243
0.3970000000,0.0000534414,0.0014818442,0.0015352855
0.3971666667,0.0000477783,0.0014875621,0.0015353404
0.3973333333,0.0000424187,0.0014929704,0.0015353891
0.3975000000,0.0000373656,0.0014980661,0.0015354317
0.3976666667,0.0000326219,0.0015028468,0.0015354687
0.3978333333,0.0000281903,0.0015073102,0.0015355005
0.3980000000,0.0000240736,0.0015114540,0.0015355277
0.3981666667,0.0000202742,0.0015152763,0.0015355505
0.3983333333,0.0000167945,0.0015187747,0.0015355692
0.3985000000,0.0000136367,0.0015219475,0.0015355842
0.3986666667,0.0000108029,0.0015247930,0.0015355958
0.3988333333,0.0000082950,0.0015273096,0.0015356046
0.3990000000,0.0000061149,0.0015294960,0.0015356109
0.3991666667,0.0000042644,0.0015313509,0.0015356153
0.3993333333,0.0000027450,0.0015328729,0.0015356179
0.3995000000,0.0000015581,0.0015340611,0.0015356192
0.3996666667,0.0000007051,0.0015349144,0.0015356196
0.3998333333,0.0000001872,0.0015354323,0.0015356195
0.4000000000,0.0000000053,0.0015356140,0.0015356193
0.4001666667,0.0000001603,0.0015354594,0.0015356197
0.4003333333,0.0000006529,0.0015349680,0.0015356210
0.4005000000,0.0000014838,0.0015341399,0.0015356237
0.4006666667,0.0000026534,0.0015329751,0.0015356286
0.4008333333,0.0000041621,0.0015314741,0.0015356362
0.4010000000,0.0000060100,0.0015296370,0.0015356470
0.4011666667,0.0000081973,0.0015274645,0.0015356619
0.4013333333,0.0000107240,0.0015249572,0.0015356813
0.4015000000,0.0000135900,0.0015221160,0.0015357060
0.4016666667,0.0000167950,0.0015189417,0.0015357367
0.4018333333,0.0000203387,0.0015154356,0.0015357743
0.4020000000,0.0000242204,0.0015115990,0.0015358194
0.4021666667,0.0000284396,0.0015074333,0.0015358728
0.4023333333,0.0000329953,0.0015029401,0.0015359354
0.4025000000,0.0000378866,0.0014981214,0.0015360080
0.4026666667,0.0000431125,0.0014929791,0.0015360916
0.4028333333,0.0000486715,0.0014875155,0.0015361869
0.4030000000,0.0000545622,0.0014817330,0.0015362952
0.4031666667,0.0000607830,0.0014756343,0.0015364173
0.4033333333,0.0000673321,0.0014692220,0.0015365541
0.4035000000,0.0000742075,0.0014624992,0.0015367067
0.4036666667,0.0000814070,0.0014554688,0.0015368758
0.4038333333,0.0000889283,0.0014481340,0.0015370623
0.4040000000,0.0000967687,0.0014404982,0.0015372670
0.4041666667,0.0001049257,0.0014325648,0.0015374905
0.4043333333,0.0001133963,0.0014243374,0.0015377337
0.4045000000,0.0001221776,0.0014158195,0.0015379971
0.4046666667,0.0001312664,0.0014070148,0.0015382812
0.4048333333,0.0001406596,0.0013979266,0.0015385863
0.4050000000,0.0001503538,0.0013885589,0.0015389127
0.4051666667,0.0001603457,0.0013789154,0.0015392612
0.4053333333,0.0001706317,0.0013690004,0.0015396321
0.4055000000,0.0001812081,0.0013588178,0.0015400260
0.4056666667,0.0001920713,0.0013483720,0.0015404432
0.4058333333,0.0002032172,0.0013376668,0.0015408840
0.4060000000,0.0002146419,0.0013267067,0.0015413485
0.4061666667,0.0002263412,0.0013154961,0.0015418373
0.4063333333,0.0002383108,0.0013040400,0.0015423508
0.4065000000,0.0002505463,0.0012923432,0.0015428895
0.4066666667,0.0002630432,0.0012804106,0.0015434538
0.4068333333,0.0002757967,0.0012682471,0.0015440438
0.4070000000,0.0002888020,0.0012558578,0.0015446597
0.4071666667,0.0003020540,0.0012432479,0.0015453020
0.4073333333,0.0003155478,0.0012304234,0.0015459712
0.4075000000,0.0003292780,0.0012173902,0.0015466682
0.4076666667,0.0003432394,0.0012041543,0.0015473938
0.4078333333,0.0003574266,0.0011907218,0.0015481484
0.4080000000,0.0003718341,0.0011770988,0.0015489329
0.4081666667,0.0003864562,0.0011632917,0.0015497479
0.4083333333,0.0004012873,0.0011493073,0.0015505946
0.4085000000,0.0004163217,0.0011351524,0.0015514741
0.4086666667,0.0004315532,0.0011208338,0.0015523871
0.4088333333,0.0004469760,0.0011063582,0.0015533342
0.4090000000,0.0004625838,0.0010917320,0.0015543158
0.4091666667,0.0004783702,0.0010769618,0.0015553320
0.4093333333,0.0004943290,0.0010620544,0.0015563834
0.4095000000,0.0005104535,0.0010470164,0.0015574699
0.4096666667,0.0005267372,0.0010318545,0.0015585918
0.4098333333,0.0005431736,0.0010165750,0.0015597486
0.4100000000,0.0005597559,0.0010011842,0.0015609401
0.4101666667,0.0005764774,0.0009856886,0.0015621660
0.4103333333,0.0005933312,0.0009700949,0.0015634261
0.4105000000,0.0006103105,0.0009544102,0.0015647207
0.4106666667,0.0006274082,0.0009386415,0.0015660497
0.4108333333,0.0006446174,0.0009227957,0.0015674130
0.4110000000,0.0006619308,0.0009068798,0.0015688106
0.4111666667,0.0006793413,0.0008909013,0.0015702426
0.4113333333,0.0006968414,0.0008748678,0.0015717092
0.4115000000,0.0007144239,0.0008587870,0.0015732108
0.4116666667,0.0007320811,0.0008426667,0.0015747478
0.4118333333,0.0007498057,0.0008265146,0.0015763203
0.4120000000,0.0007675900,0.0008103383,0.0015779283
0.4121666667,0.0007854264,0.0007941458,0.0015795722
0.4123333333,0.0008033073,0.0007779452,0.0015812525
0.4125000000,0.0008212250,0.0007617448,0.0015829698
0.4126666667,0.0008391719,0.0007455527,0.0015847246
0.4128333333,0.0008571402,0.0007293768,0.0015865170
0.4130000000,0.0008751221,0.0007132250,0.0015883471
0.4131666667,0.0008931099,0.0006971054,0.0015902153
0.4133333333,0.0009110957,0.0006810259,0.0015921216
0.4135000000,0.0009290717,0.0006649944,0.0015940661
0.4136666667,0.0009470301,0.0006490185,0.0015960485
0.4138333333,0.0009649632,0.0006331050,0.0015980682
0.4140000000,0.0009828632,0.0006172609,0.0016001241
0.4141666667,0.0010007225,0.0006014930,0.0016022155
0.4143333333,0.0010185334,0.0005858084,0.0016043417
0.4145000000,0.0010362882,0.0005702140,0.0016065022
0.4146666667,0.0010539794,0.0005547169,0.0016086963
0.4148333333,0.0010715992,0.0005393242,0.0016109234
0.4150000000,0.0010891400,0.0005240431,0.0016131831
0.4151666667,0.0011065941,0.0005088813,0.0016154754
0.4153333333,0.0011239539,0.0004938468,0.0016178008
0.4155000000,0.0011412118,0.0004789479,0.0016201597
0.4156666667,0.0011583603,0.0004641924,0.0016225527
0.4158333333,0.0011753917,0.0004495882,0.0016249799
0.4160000000,0.0011922987,0.0004351427,0.0016274414
0.4161666667,0.0012090738,0.0004208634,0.0016299372
0.4163333333,0.0012257096,0.0004067579,0.0016324675
0.4165000000,0.0012421988,0.0003928333,0.0016350321
0.4166666667,0.0012585340,0.0003790963,0.0016376304
0.4168333333,0.0012747082,0.0003655532,0.0016402613
0.4170000000,0.0012907141,0.0003522098,0.0016429239
0.4171666667,0.0013065447,0.0003390723,0.0016456170
0.4173333333,0.0013221930,0.0003261471,0.0016483401
0.4175000000,0.0013376523,0.0003134403,0.0016510926
0.4176666667,0.0013529155,0.0003009581,0.0016538736
0.4178333333,0.0013679761,0.0002887061,0.0016566822
0.4180000000,0.0013828273,0.0002766900,0.0016595173
0.4181666667,0.0013974626,0.0002649158,0.0016623785
0.4183333333,0.0014118754,0.0002533899,0.0016652653
0.4185000000,0.0014260592,0.0002421186,0.0016681778
0.4186666667,0.0014400078,0.0002311078,0.0016711155
0.4188333333,0.0014537147,0.0002203630,0.0016740778
0.4190000000,0.0014671741,0.0002098898,0.0016770638
0.4191666667,0.0014803797,0.0001996936,0.0016800733
0.4193333333,0.0014933260,0.0001897801,0.0016831060
0.4195000000,0.0015060069,0.0001801550,0.0016861619
0.4196666667,0.0015184170,0.0001708235,0.0016892404
0.4198333333,0.0015305505,0.0001617903,0.0016923408
0.4200000000,0.0015424021,0.0001530598,0.0016954619
0.4201666667,0.0015539663,0.0001446361,0.0016986024
0.4203333333,0.0015652379,0.0001365232,0.0017017611
0.4205000000,0.0015762120,0.0001287249,0.0017049368
0.4206666667,0.0015868834,0.0001212445,0.0017081279
0.4208333333,0.0015972474,0.0001140851,0.0017113325
0.4210000000,0.0016072993,0.0001072493,0.0017145487
0.4211666667,0.0016170346,0.0001007401,0.0017177748
0.4213333333,0.0016264489,0.0000945607,0.0017210095
0.4215000000,0.0016355377,0.0000887144,0.0017242521
0.4216666667,0.0016442971,0.0000832046,0.0017275017
0.4218333333,0.0016527230,0.0000780347,0.0017307577
0.4220000000,0.0016608116,0.0000732079,0.0017340195
0.4221666667,0.0016685592,0.0000687274,0.0017372867
0.4223333333,0.0016759623,0.0000645965,0.0017405588
0.4225000000,0.0016830173,0.0000608179,0.0017438352
0.4226666667,0.0016897210,0.0000573938,0.0017471148
0.4228333333,0.0016960703,0.0000543256,0.0017503960
0.4230000000,0.0017020622,0.0000516149,0.0017536770
0.4231666667,0.0017076938,0.0000492626,0.0017569563
0.4233333333,0.0017129625,0.0000472699,0.0017602324
0.4235000000,0.0017178658,0.0000456376,0.0017635035
0.4236666667,0.0017224015,0.0000443665,0.0017667680
0.4238333333,0.0017265674,0.0000434571,0.0017700245
0.4240000000,0.0017303614,0.0000429105,0.0017732719
0.4241666667,0.0017337817,0.0000427284,0.0017765101
0.4243333333,0.0017368265,0.0000429129,0.0017797394
0.4245000000,0.0017394943,0.0000434657,0.0017829599
0.4246666667,0.0017417836,0.0000443881,0.0017861717
0.4248333333,0.0017436933,0.0000456809,0.0017893742
0.4250000000,0.0017452222,0.0000473450,0.0017925672
0.4251666667,0.0017463697,0.0000493812,0.0017957508
0.4253333333,0.0017471349,0.0000517903,0.0017989252
0.4255000000,0.0017475174,0.0000545731,0.0018020904
0.4256666667,0.0017475166,0.0000577291,0.0018052457
0.4258333333,0.0017471325,0.0000612573,0.0018083898
0.4260000000,0.0017463649,0.0000651567,0.0018115216
0.4261666667,0.0017452140,0.0000694263,0.0018146403
0.4263333333,0.0017436800,0.0000740659,0.0018177460
0.4265000000,0.0017417635,0.0000790749,0.0018208384
0.4266666667,0.0017394651,0.0000844520,0.0018239171
0.4268333333,0.0017367856,0.0000901954,0.0018269810
0.4270000000,0.0017337259,0.0000963028,0.0018300288
0.4271666667,0.0017302873,0.0001027723,0.0018330597
0.4273333333,0.0017264710,0.0001096025,0.0018360736
0.4275000000,0.0017222786,0.0001167921,0.0018390707
0.4276666667,0.0017177116,0.0001243391,0.0018420507
0.4278333333,0.0017127720,0.0001322409,0.0018450129
0.4280000000,0.0017074617,0.0001404942,0.0018479559
0.4281666667,0.0017017829,0.0001490956,0.0018508785
0.4283333333,0.0016957378,0.0001580422,0.0018537800
0.4285000000,0.0016893290,0.0001673308,0.0018566598
0.4286666667,0.0016825590,0.0001769582,0.0018595173
0.4288333333,0.0016754309,0.0001869202,0.0018623511
0.4290000000,0.0016679475,0.0001972119,0.0018651595
0.4291666667,0.0016601120,0.0002078287,0.0018679408
0.4293333333,0.0016519277,0.0002187663,0.0018706941
0.4295000000,0.0016433980,0.0002300210,0.0018734191
0.4296666667,0.0016345265,0.0002415896,0.0018761160
0.4298333333,0.0016253169,0.0002534685,0.0018787853
0.4300000000,0.0016157731,0.0002656540,0.0018814272
0.4301666667,0.0016058994,0.0002781424,0.0018840418
0.4303333333,0.0015956999,0.0002909295,0.0018866293
0.4305000000,0.0015851789,0.0003040113,0.0018891903
0.4306666667,0.0015743411,0.0003173837,0.0018917249
0.4308333333,0.0015631911,0.0003310419,0.0018942331
0.4310000000,0.0015517337,0.0003449806,0.0018967144
0.4311666667,0.0015399739,0.0003591939,0.0018991678
0.4313333333,0.0015279167,0.0003736754,0.0019015921
0.4315000000,0.0015155675,0.0003884185,0.0019039860
0.4316666667,0.0015029317,0.0004034169,0.0019063486
0.4318333333,0.0014900147,0.0004186646,0.0019086792
0.4320000000,0.0014768222,0.0004341558,0.0019109780
0.4321666667,0.0014633599,0.0004498850,0.0019132449
0.4323333333,0.0014496338,0.0004658462,0.0019154800
0.4325000000,0.0014356499,0.0004820332,0.0019176830
0.4326666667,0.0014214142,0.0004984395,0.0019198537
0.4328333333,0.0014069332,0.0005150585,0.0019219917
0.4330000000,0.0013922132,0.0005318837,0.0019240969
0.4331666667,0.0013772607,0.0005489085,0.0019261692
0.4333333333,0.0013620823,0.0005661259,0.0019282082
0.4335000000,0.0013466848,0.0005835285,0.0019302133
0.4336666667,0.0013310749,0.0006011084,0.0019321833
0.4338333333,0.0013152595,0.0006188578,0.0019341174
0.4340000000,0.0012992458,0.0006367696,0.0019360154
0.4341666667,0.0012830408,0.0006548373,0.0019378780
0.4343333333,0.0012666517,0.0006730545,0.0019397062
0.4345000000,0.0012500859,0.0006914146,0.0019415005
0.4346666667,0.0012333507,0.0007099103,0.0019432611
0.4348333333,0.0012164537,0.0007285339,0.0019449875
0.4350000000,0.0011994024,0.0007472776,0.0019466800
0.4351666667,0.0011822045,0.0007661344,0.0019483389
0.4353333333,0.0011648677,0.0007850971,0.0019499648
0.4355000000,0.0011473999,0.0008041582,0.0019515581
0.4356666667,0.0011298089,0.0008233092,0.0019531180
0.4358333333,0.0011121026,0.0008425410,0.0019546435
0.4360000000,0.0010942890,0.0008618445,0.0019561336
0.4361666667,0.0010763763,0.0008812115,0.0019575878
0.4363333333,0.0010583725,0.0009006341,0.0019590065
0.4365000000,0.0010402857,0.0009201046,0.0019603903
0.4366666667,0.0010221242,0.0009396149,0.0019617392
0.4368333333,0.0010038962,0.0009591565,0.0019630527
0.4370000000,0.0009856100,0.0009787205,0.0019643305
0.4371666667,0.0009672738,0.0009982990,0.0019655728
0.4373333333,0.0009488960,0.0010178846,0.0019667806
0.4375000000,0.0009304852,0.0010374701,0.0019679552
0.4376666667,0.0009120496,0.0010570480,0.0019690976
0.4378333333,0.0008935977,0.0010766101,0.0019702078
0.4380000000,0.0008751380,0.0010961478,0.0019712858
0.4381666667,0.0008566790,0.0011156524,0.0019723314
0.4383333333,0.0008382291,0.0011351155,0.0019733446
0.4385000000,0.0008197969,0.0011545293,0.0019743261
0.4386666667,0.0008013908,0.0011738853,0.0019752762
0.4388333333,0.0007830195,0.0011931752,0.0019761947
0.4390000000,0.0007646914,0.0012123900,0.0019770814
0.4391666667,0.0007464149,0.0012315211,0.0019779359
0.4393333333,0.0007281985,0.0012505601,0.0019787585
0.4395000000,0.0007100506,0.0012694995,0.0019795501
0.4396666667,0.0006919798,0.0012883318,0.0019803116
0.4398333333,0.0006739944,0.0013070493,0.0019810437
0.4400000000,0.0006561029,0.0013256440,0.0019817469
0.4401666667,0.0006383137,0.0013441076,0.0019824213
0.4403333333,0.0006206349,0.0013624319,0.0019830669
0.4405000000,0.0006030750,0.0013806090,0.0019836840
0.4406666667,0.0005856422,0.0013986309,0.0019842731
0.4408333333,0.0005683446,0.0014164899,0.0019848346
0.4410000000,0.0005511906,0.0014341784,0.0019853689
0.4411666667,0.0005341880,0.0014516885,0.0019858766
0.4413333333,0.0005173451,0.0014690128,0.0019863579
0.4415000000,0.0005006698,0.0014861439,0.0019868137
0.4416666667,0.0004841700,0.0015030749,0.0019872448
0.4418333333,0.0004678535,0.0015197987,0.0019876523
0.4420000000,0.0004517283,0.0015363085,0.0019880367
0.4421666667,0.0004358020,0.0015525968,0.0019883988
0.4423333333,0.0004200822,0.0015686564,0.0019887387
0.4425000000,0.0004045767,0.0015844797,0.0019890564
0.4426666667,0.0003892928,0.0016000592,0.0019893520
0.4428333333,0.0003742379,0.0016153878,0.0019896257
0.4430000000,0.0003594192,0.0016304587,0.0019898780
0.4431666667,0.0003448441,0.0016452654,0.0019901096
0.4433333333,0.0003305196,0.0016598017,0.0019903212
0.4435000000,0.0003164526,0.0016740612,0.0019905137
0.4436666667,0.0003026500,0.0016880379,0.0019906879
0.4438333333,0.0002891187,0.0017017259,0.0019908446
0.4440000000,0.0002758654,0.0017151194,0.0019909848
0.4441666667,0.0002628965,0.0017282129,0.0019911094
0.4443333333,0.0002502187,0.0017410007,0.0019912193
0.4445000000,0.0002378382,0.0017534769,0.0019913150
0.4446666667,0.0002257612,0.0017656355,0.0019913968
0.4448333333,0.0002139939,0.0017774708,0.0019914647
0.4450000000,0.0002025422,0.0017889771,0.0019915194
0.4451666667,0.0001914119,0.0018001494,0.0019915614
0.4453333333,0.0001806088,0.0018109827,0.0019915915
0.4455000000,0.0001701383,0.0018214723,0.0019916106
0.4456666667,0.0001600058,0.0018316135,0.0019916193
0.4458333333,0.0001502166,0.0018414017,0.0019916183
0.4460000000,0.0001407759,0.0018508323,0.0019916082
0.4461666667,0.0001316885,0.0018599014,0.0019915899
0.4463333333,0.0001229595,0.0018686050,0.0019915645
0.4465000000,0.0001145933,0.0018769393,0.0019915327
0.4466666667,0.0001065946,0.0018849005,0.0019914952
0.4468333333,0.0000989678,0.0018924847,0.0019914525
0.4470000000,0.0000917170,0.0018996883,0.0019914053
0.4471666667,0.0000848462,0.0019065079,0.0019913542
0.4473333333,0.0000783596,0.0019129404,0.0019913000
0.4475000000,0.0000722606,0.0019189829,0.0019912435
0.4476666667,0.0000665529,0.0019246326,0.0019911855
0.4478333333,0.0000612399,0.0019298867,0.0019911266
0.4480000000,0.0000563247,0.0019347427,0.0019910674
0.4481666667,0.0000518105,0.0019391981,0.0019910086
0.4483333333,0.0000477001,0.0019432510,0.0019909511
0.4485000000,0.0000439962,0.0019468994,0.0019908956
0.4486666667,0.0000407013,0.0019501416,0.0019908429
0.4488333333,0.0000378178,0.0019529759,0.0019907937
0.4490000000,0.0000353478,0.0019554008,0.0019907486
0.4491666667,0.0000332933,0.0019574151,0.0019907084
0.4493333333,0.0000316563,0.0019590176,0.0019906739
0.4495000000,0.0000304381,0.0019602075,0.0019906456
0.4496666667,0.0000296404,0.0019609841,0.0019906245
0.4498333333,0.0000292644,0.0019613467,0.0019906111
0.4500000000,0.0000293111,0.0019612951,0.0019906063
0.4501666667,0.0000297815,0.0019608291,0.0019906106
0.4503333333,0.0000306762,0.0019599485,0.0019906247
0.4505000000,0.0000319958,0.0019586537,0.0019906495
0.4506666667,0.0000337406,0.0019569448,0.0019906854
0.4508333333,0.0000359108,0.0019548225,0.0019907333
0.4510000000,0.0000385063,0.0019522874,0.0019907937
0.4511666667,0.0000415269,0.0019493406,0.0019908675
0.4513333333,0.0000449722,0.0019459832,0.0019909554
0.4515000000,0.0000488415,0.0019422164,0.0019910580
0.4516666667,0.0000531341,0.0019380419,0.0019911760
0.4518333333,0.0000578490,0.0019334611,0.0019913100
0.4520000000,0.0000629849,0.0019284758,0.0019914607
0.4521666667,0.0000685405,0.0019230880,0.0019916286
0.4523333333,0.0000745144,0.0019172998,0.0019918141
0.4525000000,0.0000809047,0.0019111133,0.0019920180
0.4526666667,0.0000877095,0.0019045310,0.0019922406
0.4528333333,0.0000949269,0.0018975557,0.0019924827
0.4530000000,0.0001025545,0.0018901904,0.0019927449
0.4531666667,0.0001105898,0.0018824383,0.0019930281
0.4533333333,0.0001190302,0.0018743027,0.0019933330
0.4535000000,0.0001278729,0.0018657874,0.0019936602
0.4536666667,0.0001371147,0.0018568958,0.0019940104
0.4538333333,0.0001467524,0.0018476316,0.0019943841
0.4540000000,0.0001567828,0.0018379987,0.0019947815
0.4541666667,0.0001672022,0.0018280009,0.0019952032
0.4543333333,0.0001780069,0.0018176422,0.0019956492
0.4545000000,0.0001891931,0.0018069269,0.0019961199
0.4546666667,0.0002007566,0.0017958593,0.0019966159
0.4548333333,0.0002126932,0.0017844445,0.0019971378
0.4550000000,0.0002249986,0.0017726875,0.0019976861
0.4551666667,0.0002376680,0.0017605936,0.0019982617
0.4553333333,0.0002506969,0.0017481682,0.0019988651
0.4555000000,0.0002640801,0.0017354167,0.0019994968
0.4556666667,0.0002778127,0.0017223447,0.0020001574
0.4558333333,0.0002918894,0.0017089578,0.0020008472
0.4560000000,0.0003063048,0.0016952617,0.0020015665
0.4561666667,0.0003210532,0.0016812621,0.0020023153
0.4563333333,0.0003361291,0.0016669647,0.0020030938
0.4565000000,0.0003515265,0.0016523758,0.0020039023
0.4566666667,0.0003672395,0.0016375016,0.0020047412
0.4568333333,0.0003832619,0.0016223490,0.0020056109
0.4570000000,0.0003995873,0.0016069247,0.0020065120
0.4571666667,0.0004162094,0.0015912356,0.0020074450
0.4573333333,0.0004331215,0.0015752886,0.0020084101
0.4575000000,0.0004503170,0.0015590905,0.0020094075
0.4576666667,0.0004677889,0.0015426484,0.0020104374
0.4578333333,0.0004855303,0.0015259698,0.0020115001
0.4580000000,0.0005035340,0.0015090619,0.0020125959
0.4581666667,0.0005217929,0.0014919320,0.0020137249
0.4583333333,0.0005402995,0.0014745876,0.0020148872
0.4585000000,0.0005590465,0.0014570363,0.0020160828
0.4586666667,0.0005780261,0.0014392861,0.0020173122
0.4588333333,0.0005972306,0.0014213451,0.0020185757
0.4590000000,0.0006166523,0.0014032213,0.0020198737
0.4591666667,0.0006362833,0.0013849229,0.0020212062
0.4593333333,0.0006561155,0.0013664576,0.0020225731
0.4595000000,0.0006761407,0.0013478334,0.0020239741
0.4596666667,0.0006963508,0.0013290585,0.0020254093
0.4598333333,0.0007167375,0.0013101414,0.0020268789
0.4600000000,0.0007372923,0.0012910908,0.0020283831
0.4601666667,0.0007580068,0.0012719152,0.0020299219
0.4603333333,0.0007788724,0.0012526231,0.0020314954
0.4605000000,0.0007998804,0.0012332231,0.0020331036
0.4606666667,0.0008210222,0.0012137242,0.0020347464
0.4608333333,0.0008422889,0.0011941354,0.0020364244
0.4610000000,0.0008636718,0.0011744658,0.0020381376
0.4611666667,0.0008851618,0.0011547242,0.0020398860
0.4613333333,0.0009067500,0.0011349192,0.0020416692
0.4615000000,0.0009284274,0.0011150593,0.0020434867
0.4616666667,0.0009501848,0.0010951531,0.0020453379
0.4618333333,0.0009720132,0.0010752098,0.0020472230
0.4620000000,0.0009939034,0.0010552386,0.0020491420
0.4621666667,0.0010158462,0.0010352487,0.0020510949
0.4623333333,0.0010378324,0.0010152490,0.0020530814
0.4625000000,0.0010598526,0.0009952487,0.0020551013
0.4626666667,0.0010818976,0.0009752569,0.0020571545
0.4628333333,0.0011039581,0.0009552834,0.0020592415
0.4630000000,0.0011260246,0.0009353377,0.0020613623
0.4631666667,0.0011480879,0.0009154291,0.0020635171
0.4633333333,0.0011701386,0.0008955665,0.0020657051
0.4635000000,0.0011921673,0.0008757583,0.0020679256
0.4636666667,0.0012141645,0.0008560131,0.0020701776
0.4638333333,0.0012361210,0.0008363396,0.0020724606
0.4640000000,0.0012580274,0.0008167470,0.0020747744
0.4641666667,0.0012798743,0.0007972445,0.0020771188
0.4643333333,0.0013016525,0.0007778411,0.0020794936
0.4645000000,0.0013233525,0.0007585461,0.0020818985
0.4646666667,0.0013449651,0.0007393687,0.0020843337
0.4648333333,0.0013664809,0.0007203185,0.0020867994
0.4650000000,0.0013878909,0.0007014048,0.0020892956
0.4651666667,0.0014091857,0.0006826365,0.0020918222
0.4653333333,0.0014303561,0.0006640221,0.0020943782
0.4655000000,0.0014513930,0.0006455695,0.0020969625
0.4656666667,0.0014722875,0.0006272863,0.0020995738
0.4658333333,0.0014930303,0.0006091809,0.0021022113
0.4660000000,0.0015136127,0.0005912617,0.0021048744
0.4661666667,0.0015340256,0.0005735375,0.0021075631
0.4663333333,0.0015542602,0.0005560172,0.0021102774
0.4665000000,0.0015743078,0.0005387095,0.0021130173
0.4666666667,0.0015941596,0.0005216232,0.0021157828
0.4668333333,0.0016138071,0.0005047667,0.0021185738
0.4670000000,0.0016332416,0.0004881483,0.0021213899
0.4671666667,0.0016524546,0.0004717755,0.0021242301
0.4673333333,0.0016714379,0.0004556555,0.0021270934
0.4675000000,0.0016901830,0.0004397954,0.0021299784
0.4676666667,0.0017086819,0.0004242023,0.0021328841
0.4678333333,0.0017269263,0.0004088837,0.0021358100
0.4680000000,0.0017449084,0.0003938473,0.0021387557
0.4681666667,0.0017626202,0.0003791009,0.0021417211
0.4683333333,0.0017800540,0.0003646521,0.0021447061
0.4685000000,0.0017972021,0.0003505083,0.0021477104
0.4686666667,0.0018140569,0.0003366766,0.0021507335
0.4688333333,0.0018306110,0.0003231640,0.0021537750
0.4690000000,0.0018468571,0.0003099768,0.0021568339
0.4691666667,0.0018627880,0.0002971210,0.0021599090
0.4693333333,0.0018783967,0.0002846024,0.0021629991
0.4695000000,0.0018936762,0.0002724270,0.0021661032
0.4696666667,0.0019086199,0.0002606011,0.0021692210
0.4698333333,0.0019232209,0.0002491315,0.0021723524
0.4700000000,0.0019374729,0.0002380243,0.0021754972
0.4701666667,0.0019513694,0.0002272855,0.0021786549
0.4703333333,0.0019649044,0.0002169202,0.0021818246
0.4705000000,0.0019780717,0.0002069335,0.0021850052
0.4706666667,0.0019908654,0.0001973303,0.0021881957
0.4708333333,0.0020032798,0.0001881158,0.0021913955
0.4710000000,0.0020153093,0.0001792947,0.0021946041
0.4711666667,0.0020269486,0.0001708719,0.0021978205
0.4713333333,0.0020381923,0.0001628517,0.0022010440
0.4715000000,0.0020490354,0.0001552384,0.0022042738
0.4716666667,0.0020594730,0.0001480368,0.0022075097
0.4718333333,0.0020695002,0.0001412513,0.0022107515
0.4720000000,0.0020791127,0.0001348862,0.0022139989
0.4721666667,0.0020883060,0.0001289448,0.0022172508
0.4723333333,0.0020970758,0.0001234300,0.0022205058
0.4725000000,0.0021054182,0.0001183440,0.0022237622
0.4726666667,0.0021133293,0.0001136896,0.0022270189
0.4728333333,0.0021208054,0.0001094703,0.0022302757
0.4730000000,0.0021278432,0.0001056893,0.0022335325
0.4731666667,0.0021344393,0.0001023500,0.0022367893
0.4733333333,0.0021405906,0.0000994549,0.0022400455
0.4735000000,0.0021462942,0.0000970060,0.0022433002
0.4736666667,0.0021515475,0.0000950051,0.0022465526
0.4738333333,0.0021563479,0.0000934539,0.0022498018
0.4740000000,0.0021606932,0.0000923542,0.0022530473
0.4741666667,0.0021645811,0.0000917070,0.0022562880
0.4743333333,0.0021680098,0.0000915129,0.0022595227
0.4745000000,0.0021709776,0.0000917725,0.0022627501
0.4746666667,0.0021734830,0.0000924861,0.0022659691
0.4748333333,0.0021755246,0.0000936551,0.0022691797
0.4750000000,0.0021771014,0.0000952805,0.0022723819
0.4751666667,0.0021782125,0.0000973633,0.0022755758
0.4753333333,0.0021788571,0.0000999039,0.0022787610
0.4755000000,0.0021790348,0.0001029016,0.0022819364
0.4756666667,0.0021787453,0.0001063557,0.0022851009
0.4758333333,0.0021779885,0.0001102650,0.0022882534
0.4760000000,0.0021767644,0.0001146286,0.0022913931
0.4761666667,0.0021750736,0.0001194454,0.0022945190
0.4763333333,0.0021729164,0.0001247140,0.0022976304
0.4765000000,0.0021702936,0.0001304328,0.0023007264
0.4766666667,0.0021672063,0.0001366003,0.0023038066
0.4768333333,0.0021636554,0.0001432151,0.0023068705
0.4770000000,0.0021596425,0.0001502756,0.0023099181
0.4771666667,0.0021551690,0.0001577801,0.0023129491
0.4773333333,0.0021502368,0.0001657264,0.0023159632
0.4775000000,0.0021448477,0.0001741120,0.0023189597
0.4776666667,0.0021390040,0.0001829335,0.0023219375
0.4778333333,0.0021327081,0.0001921875,0.0023248957
0.4780000000,0.0021259626,0.0002018704,0.0023278330
0.4781666667,0.0021187702,0.0002119784,0.0023307486
0.4783333333,0.0021111339,0.0002225079,0.0023336418
0.4785000000,0.0021030569,0.0002334554,0.0023365123
0.4786666667,0.0020945426,0.0002448175,0.0023393601
0.4788333333,0.0020855946,0.0002565905,0.0023421851
0.4790000000,0.0020762166,0.0002687707,0.0023449873
0.4791666667,0.0020664126,0.0002813536,0.0023477662
0.4793333333,0.0020561868,0.0002943342,0.0023505210
0.4795000000,0.0020455435,0.0003077073,0.0023532508
0.4796666667,0.0020344873,0.0003214677,0.0023559550
0.4798333333,0.0020230229,0.0003356098,0.0023586327
0.4800000000,0.0020111552,0.0003501279,0.0023612831
0.4801666667,0.0019988894,0.0003650161,0.0023639055
0.4803333333,0.0019862306,0.0003802687,0.0023664993
0.4805000000,0.0019731844,0.0003958804,0.0023690647
0.4806666667,0.0019597563,0.0004118458,0.0023716021
0.4808333333,0.0019459523,0.0004281595,0.0023741118
0.4810000000,0.0019317782,0.0004448154,0.0023765936
0.4811666667,0.0019172402,0.0004618064,0.0023790466
0.4813333333,0.0019023448,0.0004791247,0.0023814695
0.4815000000,0.0018870983,0.0004967628,0.0023838611
0.4816666667,0.0018715073,0.0005147136,0.0023862209
0.4818333333,0.0018555788,0.0005329704,0.0023885492
0.4820000000,0.0018393197,0.0005515264,0.0023908461
0.4821666667,0.0018227370,0.0005703745,0.0023931115
0.4823333333,0.0018058381,0.0005895070,0.0023953451
0.4825000000,0.0017886304,0.0006089162,0.0023975466
0.4826666667,0.0017711214,0.0006285943,0.0023997157
0.4828333333,0.0017533189,0.0006485338,0.0024018527
0.4830000000,0.0017352306,0.0006687267,0.0024039574
0.4831666667,0.0017168647,0.0006891644,0.0024060291
0.4833333333,0.0016982291,0.0007098377,0.0024080668
0.4835000000,0.0016793322,0.0007307377,0.0024100698
0.4836666667,0.0016601822,0.0007518559,0.0024120381
0.4838333333,0.0016407877,0.0007731848,0.0024139724
0.4840000000,0.0016211572,0.0007947162,0.0024158734
0.4841666667,0.0016012995,0.0008164419,0.0024177414
0.4843333333,0.0015812235,0.0008383521,0.0024195756
0.4845000000,0.0015609380,0.0008604372,0.0024213751
0.4846666667,0.0015404520,0.0008826872,0.0024231392
0.4848333333,0.0015197748,0.0009050932,0.0024248680
0.4850000000,0.0014989156,0.0009276464,0.0024265620
0.4851666667,0.0014778836,0.0009503381,0.0024282217
0.4853333333,0.0014566882,0.0009731588,0.0024298471
0.4855000000,0.0014353391,0.0009960988,0.0024314379
0.4856666667,0.0014138456,0.0010191482,0.0024329939
0.4858333333,0.0013922176,0.0010422975,0.0024345151
0.4860000000,0.0013704646,0.0010655372,0.0024360018
0.4861666667,0.0013485965,0.0010888576,0.0024374542
0.4863333333,0.0013266232,0.0011122488,0.0024388719
0.4865000000,0.0013045544,0.0011357003,0.0024402547
0.4866666667,0.0012824002,0.0011592021,0.0024416024
0.4868333333,0.0012601706,0.0011827446,0.0024429152
0.4870000000,0.0012378756,0.0012063185,0.0024441941
0.4871666667,0.0012155252,0.0012299147,0.0024454399
0.4873333333,0.0011931297,0.0012535231,0.0024466528
0.4875000000,0.0011706992,0.0012771334,0.0024478326
0.4876666667,0.0011482439,0.0013007348,0.0024489787
0.4878333333,0.0011257739,0.0013243166,0.0024500905
0.4880000000,0.0011032995,0.0013478689,0.0024511684
0.4881666667,0.0010808310,0.0013713820,0.0024522130
0.4883333333,0.0010583785,0.0013948464,0.0024532249
0.4885000000,0.0010359522,0.0014182526,0.0024542048
0.4886666667,0.0010135625,0.0014415906,0.0024551531
0.4888333333,0.0009912196,0.0014648505,0.0024560701
0.4890000000,0.0009689337,0.0014880221,0.0024569558
0.4891666667,0.0009467150,0.0015110955,0.0024578105
0.4893333333,0.0009245737,0.0015340607,0.0024586344
0.4895000000,0.0009025199,0.0015569076,0.0024594275
0.4896666667,0.0008805638,0.0015796262,0.0024601900
0.4898333333,0.0008587154,0.0016022066,0.0024609220
0.4900000000,0.0008369849,0.0016246393,0.0024616242
0.4901666667,0.0008153820,0.0016469152,0.0024622972
0.4903333333,0.0007939169,0.0016690252,0.0024629421
0.4905000000,0.0007725993,0.0016909602,0.0024635595
0.4906666667,0.0007514391,0.0017127107,0.0024641498
0.4908333333,0.0007304460,0.0017342670,0.0024647130
0.4910000000,0.0007096297,0.0017556195,0.0024652492
0.4911666667,0.0006889998,0.0017767587,0.0024657584
0.4913333333,0.0006685656,0.0017976754,0.0024662410
0.4915000000,0.0006483367,0.0018183611,0.0024666978
0.4916666667,0.0006283222,0.0018388073,0.0024671296
0.4918333333,0.0006085315,0.0018590057,0.0024675372
0.4920000000,0.0005889735,0.0018789478,0.0024679213
0.4921666667,0.0005696573,0.0018986249,0.0024682823
0.4923333333,0.0005505919,0.0019180287,0.0024686205
0.4925000000,0.0005317858,0.0019371507,0.0024689366
0.4926666667,0.0005132480,0.0019559830,0.0024692309
0.4928333333,0.0004949868,0.0019745174,0.0024695042
0.4930000000,0.0004770108,0.0019927459,0.0024697567
0.4931666667,0.0004593284,0.0020106606,0.0024699890
0.4933333333,0.0004419477,0.0020282537,0.0024702014
0.4935000000,0.0004248769,0.0020455180,0.0024703949
0.4936666667,0.0004081239,0.0020624464,0.0024705703
0.4938333333,0.0003916968,0.0020790319,0.0024707288
0.4940000000,0.0003756033,0.0020952675,0.0024708708
0.4941666667,0.0003598510,0.0021111458,0.0024709968
0.4943333333,0.0003444475,0.0021266595,0.0024711070
0.4945000000,0.0003294002,0.0021418017,0.0024712019
0.4946666667,0.0003147163,0.0021565660,0.0024712823
0.4948333333,0.0003004029,0.0021709460,0.0024713489
0.4950000000,0.0002864669,0.0021849358,0.0024714027
0.4951666667,0.0002729151,0.0021985292,0.0024714443
0.4953333333,0.0002597541,0.0022117201,0.0024714743
0.4955000000,0.0002469904,0.0022245028,0.0024714932
0.4956666667,0.0002346302,0.0022368719,0.0024715020
0.4958333333,0.0002226795,0.0022488220,0.0024715015
0.4960000000,0.0002111443,0.0022603481,0.0024714924
0.4961666667,0.0002000303,0.0022714450,0.0024714754
0.4963333333,0.0001893431,0.0022821077,0.0024714508
0.4965000000,0.0001790879,0.0022923312,0.0024714192
0.4966666667,0.0001692701,0.0023021113,0.0024713813
0.4968333333,0.0001598945,0.0023114437,0.0024713382
0.4970000000,0.0001509661,0.0023203246,0.0024712907
0.4971666667,0.0001424895,0.0023287501,0.0024712396
0.4973333333,0.0001344692,0.0023367164,0.0024711856
0.4975000000,0.0001269096,0.0023442197,0.0024711292
0.4976666667,0.0001198147,0.0023512565,0.0024710711
0.4978333333,0.0001131884,0.0023578237,0.0024710120
0.4980000000,0.0001070344,0.0023639183,0.0024709528
0.4981666667,0.0001013563,0.0023695378,0.0024708941
0.4983333333,0.0000961573,0.0023746793,0.0024708366
0.4985000000,0.0000914406,0.0023793406,0.0024707812
0.4986666667,0.0000872089,0.0023835195,0.0024707284
0.4988333333,0.0000834649,0.0023872142,0.0024706791
0.4990000000,0.0000802111,0.0023904229,0.0024706340
0.4991666667,0.0000774499,0.0023931440,0.0024705939
0.4993333333,0.0000751832,0.0023953763,0.0024705594
0.4995000000,0.0000734129,0.0023971184,0.0024705313
0.4996666667,0.0000721407,0.0023983694,0.0024705101
0.4998333333,0.0000713682,0.0023991285,0.0024704967
0.5000000000,0.0000710966,0.0023993952,0.0024704918
0.5001666667,0.0000713270,0.0023991691,0.0024704960
0.5003333333,0.0000720603,0.0023984498,0.0024705102
0.5005000000,0.0000732973,0.0023972375,0.0024705348
0.5006666667,0.0000750385,0.0023955322,0.0024705708
0.5008333333,0.0000772842,0.0023933344,0.0024706187
0.5010000000,0.0000800345,0.0023906447,0.0024706792
0.5011666667,0.0000832893,0.0023874637,0.0024707531
0.5013333333,0.0000870484,0.0023837924,0.0024708409
0.5015000000,0.0000913114,0.0023796319,0.0024709433
0.5016666667,0.0000960775,0.0023749835,0.0024710610
0.5018333333,0.0001013461,0.0023698486,0.0024711947
0.5020000000,0.0001071161,0.0023642289,0.0024713449
0.5021666667,0.0001133863,0.0023581260,0.0024715124
0.5023333333,0.0001201555,0.0023515421,0.0024716976
0.5025000000,0.0001274220,0.0023444794,0.0024719013
0.5026666667,0.0001351839,0.0023369403,0.0024721242
0.5028333333,0.0001434394,0.0023289274,0.0024723669
0.5030000000,0.0001521861,0.0023204438,0.0024726298
0.5031666667,0.0001614215,0.0023114921,0.0024729136
0.5033333333,0.0001711429,0.0023020757,0.0024732187
0.5035000000,0.0001813474,0.0022921981,0.0024735456
0.5036666667,0.0001920318,0.0022818632,0.0024738950
0.5038333333,0.0002031926,0.0022710750,0.0024742676
0.5040000000,0.0002148262,0.0022598379,0.0024746641
0.5041666667,0.0002269286,0.0022481563,0.0024750850
0.5043333333,0.0002394959,0.0022360348,0.0024755306
0.5045000000,0.0002525235,0.0022234779,0.0024760014
0.5046666667,0.0002660070,0.0022104907,0.0024764977
0.5048333333,0.0002799416,0.0021970783,0.0024770199
0.5050000000,0.0002943223,0.0021832462,0.0024775686
0.5051666667,0.0003091440,0.0021690004,0.0024781443
0.5053333333,0.0003244012,0.0021543466,0.0024787479
0.5055000000,0.0003400885,0.0021392912,0.0024793797
0.5056666667,0.0003562002,0.0021238400,0.0024800402
0.5058333333,0.0003727303,0.0021079993,0.0024807296
0.5060000000,0.0003896728,0.0020917753,0.0024814482
0.5061666667,0.0004070216,0.0020751746,0.0024821963
0.5063333333,0.0004247703,0.0020582038,0.0024829740
0.5065000000,0.0004429122,0.0020408697,0.0024837819
0.5066666667,0.0004614406,0.0020231797,0.0024846203
0.5068333333,0.0004803484,0.0020051413,0.0024854897
0.5070000000,0.0004996285,0.0019867622,0.0024863908
0.5071666667,0.0005192735,0.0019680504,0.0024873239
0.5073333333,0.0005392757,0.0019490138,0.0024882895
0.5075000000,0.0005596274,0.0019296602,0.0024892875
0.5076666667,0.0005803206,0.0019099972,0.0024903178
0.5078333333,0.0006013473,0.0018900329,0.0024913802
0.5080000000,0.0006226992,0.0018697758,0.0024924750
0.5081666667,0.0006443680,0.0018492346,0.0024936026
0.5083333333,0.0006663451,0.0018284187,0.0024947639
0.5085000000,0.0006886220,0.0018073374,0.0024959593
0.5086666667,0.0007111897,0.0017859995,0.0024971892
0.5088333333,0.0007340394,0.0017644140,0.0024984533
0.5090000000,0.0007571619,0.0017425895,0.0024997515
0.5091666667,0.0007805481,0.0017205353,0.0025010835
0.5093333333,0.0008041887,0.0016982608,0.0025024495
0.5095000000,0.0008280741,0.0016757755,0.0025038496
0.5096666667,0.0008521947,0.0016530894,0.0025052841
0.5098333333,0.0008765408,0.0016302123,0.0025067531
0.5100000000,0.0009011023,0.0016071544,0.0025082568
0.5101666667,0.0009258694,0.0015839261,0.0025097954
0.5103333333,0.0009508317,0.0015605378,0.0025113694
0.5105000000,0.0009759789,0.0015369998,0.0025129787
0.5106666667,0.0010013008,0.0015133221,0.0025146229
0.5108333333,0.0010267868,0.0014895146,0.0025163014
0.5110000000,0.0010524264,0.0014655873,0.0025180137
0.5111666667,0.0010782090,0.0014415509,0.0025197599
0.5113333333,0.0011041239,0.0014174166,0.0025215405
0.5115000000,0.0011301602,0.0013931959,0.0025233562
0.5116666667,0.0011563072,0.0013688998,0.0025252069
0.5118333333,0.0011825536,0.0013445390,0.0025270925
0.5120000000,0.0012088884,0.0013201239,0.0025290123
0.5121666667,0.0012353003,0.0012956655,0.0025309658
0.5123333333,0.0012617782,0.0012711746,0.0025329528
0.5125000000,0.0012883106,0.0012466627,0.0025349734
0.5126666667,0.0013148863,0.0012221411,0.0025370274
0.5128333333,0.0013414939,0.0011976207,0.0025391146
0.5130000000,0.0013681219,0.0011731127,0.0025412346
0.5131666667,0.0013947590,0.0011486284,0.0025433875
0.5133333333,0.0014213938,0.0011241794,0.0025455732
0.5135000000,0.0014480149,0.0010997769,0.0025477919
0.5136666667,0.0014746109,0.0010754323,0.0025500432
0.5138333333,0.0015011702,0.0010511562,0.0025523264
0.5140000000,0.0015276816,0.0010269591,0.0025546406
0.5141666667,0.0015541334,0.0010028518,0.0025569853
0.5143333333,0.0015805145,0.0009788459,0.0025593603
0.5145000000,0.0016068132,0.0009549528,0.0025617660
0.5146666667,0.0016330184,0.0009311840,0.0025642024
0.5148333333,0.0016591186,0.0009075504,0.0025666691
0.5150000000,0.0016851026,0.0008840627,0.0025691653
0.5151666667,0.0017109591,0.0008607313,0.0025716904
0.5153333333,0.0017366769,0.0008375671,0.0025742440
0.5155000000,0.0017622448,0.0008145810,0.0025768258
0.5156666667,0.0017876517,0.0007917838,0.0025794355
0.5158333333,0.0018128864,0.0007691861,0.0025820725
0.5160000000,0.0018379379,0.0007467981,0.0025847360
0.5161666667,0.0018627951,0.0007246304,0.0025874256
0.5163333333,0.0018874471,0.0007026938,0.0025901410
0.5165000000,0.0019118830,0.0006809992,0.0025928822
0.5166666667,0.0019360919,0.0006595571,0.0025956489
0.5168333333,0.0019600631,0.0006383775,0.0025984406
0.5170000000,0.0019837861,0.0006174700,0.0026012561
0.5171666667,0.0020072504,0.0005968440,0.0026040944
0.5173333333,0.0020304457,0.0005765094,0.0026069550
0.5175000000,0.0020533617,0.0005564760,0.0026098377
0.5176666667,0.0020759882,0.0005367541,0.0026127423
0.5178333333,0.0020983152,0.0005173531,0.0026156684
0.5180000000,0.0021203328,0.0004982825,0.0026186153
0.5181666667,0.0021420310,0.0004795512,0.0026215822
0.5183333333,0.0021634001,0.0004611682,0.0026245684
0.5185000000,0.0021844306,0.0004431427,0.0026275733
0.5186666667,0.0022051130,0.0004254834,0.0026305965
0.5188333333,0.0022254381,0.0004081991,0.0026336371
0.5190000000,0.0022453966,0.0003912980,0.0026366945
0.5191666667,0.0022649795,0.0003747884,0.0026397679
0.5193333333,0.0022841780,0.0003586787,0.0026428567
0.5195000000,0.0023029834,0.0003429772,0.0026459606
0.5196666667,0.0023213871,0.0003276921,0.0026490792
0.5198333333,0.0023393807,0.0003128312,0.0026522119
0.5200000000,0.0023569559,0.0002984015,0.0026553574
0.5201666667,0.0023741049,0.0002844101,0.0026585150
0.5203333333,0.0023908196,0.0002708641,0.0026616837
0.5205000000,0.0024070926,0.0002577705,0.0026648631
0.5206666667,0.0024229164,0.0002451364,0.0026680528
0.5208333333,0.0024382837,0.0002329688,0.0026712524
0.5210000000,0.0024531872,0.0002212739,0.0026744612
0.5211666667,0.0024676202,0.0002100579,0.0026776781
0.5213333333,0.0024815758,0.0001993264,0.0026809022
0.5215000000,0.0024950475,0.0001890853,0.0026841328
0.5216666667,0.0025080289,0.0001793402,0.0026873691
0.5218333333,0.0025205139,0.0001700967,0.0026906106
0.5220000000,0.0025324967,0.0001613600,0.0026938567
0.5221666667,0.0025439716,0.0001531353,0.0026971069
0.5223333333,0.0025549331,0.0001454273,0.0027003604
0.5225000000,0.0025653760,0.0001382404,0.0027036164
0.5226666667,0.0025752954,0.0001315787,0.0027068741
0.5228333333,0.0025846863,0.0001254461,0.0027101324
0.5230000000,0.0025935443,0.0001198462,0.0027133905
0.5231666667,0.0026018650,0.0001147828,0.0027166478
0.5233333333,0.0026096441,0.0001102597,0.0027199038
0.5235000000,0.0026168779,0.0001062802,0.0027231581
0.5236666667,0.0026235626,0.0001028474,0.0027264100
0.5238333333,0.0026296948,0.0000999641,0.0027296589
0.5240000000,0.0026352715,0.0000976322,0.0027329037
0.5241666667,0.0026402896,0.0000958538,0.0027361435
0.5243333333,0.0026447466,0.0000946306,0.0027393772
0.5245000000,0.0026486399,0.0000939642,0.0027426042
0.5246666667,0.0026519674,0.0000938563,0.0027458237
0.5248333333,0.0026547271,0.0000943083,0.0027490355
0.5250000000,0.0026569174,0.0000953217,0.0027522390
0.5251666667,0.0026585366,0.0000968975,0.0027554341
0.5253333333,0.0026595837,0.0000990363,0.0027586201
0.5255000000,0.0026600578,0.0001017380,0.0027617958
0.5256666667,0.0026599580,0.0001050018,0.0027649598
0.5258333333,0.0026592841,0.0001088269,0.0027681110
0.5260000000,0.0026580357,0.0001132129,0.0027712485
0.5261666667,0.0026562128,0.0001181596,0.0027743724
0.5263333333,0.0026538159,0.0001236669,0.0027774828
0.5265000000,0.0026508455,0.0001297342,0.0027805797
0.5266666667,0.0026473025,0.0001363598,0.0027836622
0.5268333333,0.0026431879,0.0001435413,0.0027867291
0.5270000000,0.0026385031,0.0001512760,0.0027897790
0.5271666667,0.0026332497,0.0001595612,0.0027928109
0.5273333333,0.0026274295,0.0001683947,0.0027958242
0.5275000000,0.0026210445,0.0001777742,0.0027988187
0.5276666667,0.0026140971,0.0001876970,0.0028017942
0.5278333333,0.0026065899,0.0001981604,0.0028047503
0.5280000000,0.0025985258,0.0002091609,0.0028076867
0.5281666667,0.0025899078,0.0002206949,0.0028106027
0.5283333333,0.0025807394,0.0002327585,0.0028134979
0.5285000000,0.0025710242,0.0002453471,0.0028163713
0.5286666667,0.0025607660,0.0002584556,0.0028192216
0.5288333333,0.0025499689,0.0002720789,0.0028220478
0.5290000000,0.0025386372,0.0002862121,0.0028248492
0.5291666667,0.0025267754,0.0003008507,0.0028276261
0.5293333333,0.0025143884,0.0003159906,0.0028303790
0.5295000000,0.0025014812,0.0003316268,0.0028331080
0.5296666667,0.0024880592,0.0003477534,0.0028358126
0.5298333333,0.0024741279,0.0003643635,0.0028384914
0.5300000000,0.0024596931,0.0003814495,0.0028411426
0.5301666667,0.0024447607,0.0003990046,0.0028437653
0.5303333333,0.0024293371,0.0004170224,0.0028463595
0.5305000000,0.0024134285,0.0004354971,0.0028489256
0.5306666667,0.0023970418,0.0004544222,0.0028514640
0.5308333333,0.0023801837,0.0004737907,0.0028539744
0.5310000000,0.0023628614,0.0004935947,0.0028564561
0.5311666667,0.0023450823,0.0005138261,0.0028589084
0.5313333333,0.0023268538,0.0005344768,0.0028613305
0.5315000000,0.0023081837,0.0005555383,0.0028637221
0.5316666667,0.0022890801,0.0005770024,0.0028660825
0.5318333333,0.0022695510,0.0005988604,0.0028684115
0.5320000000,0.0022496048,0.0006211037,0.0028707085
0.5321666667,0.0022292501,0.0006437237,0.0028729738
0.5323333333,0.0022084955,0.0006667120,0.0028752076
0.5325000000,0.0021873501,0.0006900599,0.0028774100
0.5326666667,0.0021658230,0.0007137579,0.0028795809
0.5328333333,0.0021439234,0.0007377958,0.0028817192
0.5330000000,0.0021216609,0.0007621629,0.0028838238
0.5331666667,0.0020990451,0.0007868489,0.0028858940
0.5333333333,0.0020760858,0.0008118443,0.0028879301
0.5335000000,0.0020527931,0.0008371395,0.0028899325
0.5336666667,0.0020291770,0.0008627249,0.0028919019
0.5338333333,0.0020052479,0.0008885904,0.0028938383
0.5340000000,0.0019810163,0.0009147249,0.0028957412
0.5341666667,0.0019564928,0.0009411169,0.0028976097
0.5343333333,0.0019316881,0.0009677552,0.0028994433
0.5345000000,0.0019066131,0.0009946290,0.0029012420
0.5346666667,0.0018812788,0.0010217271,0.0029030059
0.5348333333,0.0018556964,0.0010490388,0.0029047352
0.5350000000,0.0018298772,0.0010765528,0.0029064300
0.5351666667,0.0018038326,0.0011042575,0.0029080902
0.5353333333,0.0017775742,0.0011321416,0.0029097158
0.5355000000,0.0017511136,0.0011601934,0.0029113070
0.5356666667,0.0017244624,0.0011884012,0.0029128636
0.5358333333,0.0016976326,0.0012167530,0.0029143856
0.5360000000,0.0016706359,0.0012452366,0.0029158726
0.5361666667,0.0016434846,0.0012738399,0.0029173245
0.5363333333,0.0016161906,0.0013025509,0.0029187415
0.5365000000,0.0015887663,0.0013313578,0.0029201241
0.5366666667,0.0015612239,0.0013602487,0.0029214726
0.5368333333,0.0015335757,0.0013892115,0.0029227872
0.5370000000,0.0015058340,0.0014182339,0.0029240679
0.5371666667,0.0014780114,0.0014473032,0.0029253146
0.5373333333,0.0014501203,0.0014764069,0.0029265271
0.5375000000,0.0014221732,0.0015055325,0.0029277057
0.5376666667,0.0013941829,0.0015346677,0.0029288506
0.5378333333,0.0013661620,0.0015638001,0.0029299622
0.5380000000,0.0013381231,0.0015929176,0.0029310408
0.5381666667,0.0013100790,0.0016220077,0.0029320867
0.5383333333,0.0012820422,0.0016510579,0.0029331001
0.5385000000,0.0012540255,0.0016800557,0.0029340812
0.5386666667,0.0012260417,0.0017089885,0.0029350302
0.5388333333,0.0011981035,0.0017378437,0.0029359472
0.5390000000,0.0011702237,0.0017666090,0.0029368327
0.5391666667,0.0011424150,0.0017952718,0.0029376868
0.5393333333,0.0011146901,0.0018238201,0.0029385101
0.5395000000,0.0010870616,0.0018522414,0.0029393030
0.5396666667,0.0010595423,0.0018805234,0.0029400658
0.5398333333,0.0010321448,0.0019086539,0.0029407987
0.5400000000,0.0010048817,0.0019366204,0.0029415022
0.5401666667,0.0009777656,0.0019644110,0.0029421766
0.5403333333,0.0009508089,0.0019920136,0.0029428225
0.5405000000,0.0009240241,0.0020194161,0.0029434402
0.5406666667,0.0008974237,0.0020466064,0.0029440301
0.5408333333,0.0008710200,0.0020735726,0.0029445925
0.5410000000,0.0008448251,0.0021003028,0.0029451279
0.5411666667,0.0008188514,0.0021267855,0.0029456369
0.5413333333,0.0007931109,0.0021530092,0.0029461201
0.5415000000,0.0007676157,0.0021789624,0.0029465781
0.5416666667,0.0007423776,0.0022046335,0.0029470112
0.5418333333,0.0007174086,0.0022300111,0.0029474197
0.5420000000,0.0006927203,0.0022550838,0.0029478041
0.5421666667,0.0006683243,0.0022798406,0.0029481650
0.5423333333,0.0006442323,0.0023042708,0.0029485031
0.5425000000,0.0006204555,0.0023283636,0.0029488191
0.5426666667,0.0005970052,0.0023521084,0.0029491136
0.5428333333,0.0005738926,0.0023754942,0.0029493868
0.5430000000,0.0005511287,0.0023985107,0.0029496394
0.5431666667,0.0005287243,0.0024211474,0.0029498718
0.5433333333,0.0005066902,0.0024433946,0.0029500848
0.5435000000,0.0004850369,0.0024652424,0.0029502792
0.5436666667,0.0004637748,0.0024866808,0.0029504557
0.5438333333,0.0004429143,0.0025077003,0.0029506146
0.5440000000,0.0004224654,0.0025282910,0.0029507564
0.5441666667,0.0004024380,0.0025484439,0.0029508819
0.5443333333,0.0003828419,0.0025681498,0.0029509917
0.5445000000,0.0003636866,0.0025874001,0.0029510867
0.5446666667,0.0003449815,0.0026061860,0.0029511675
0.5448333333,0.0003267360,0.0026244988,0.0029512348
0.5450000000,0.0003089589,0.0026423300,0.0029512889
0.5451666667,0.0002916592,0.0026596715,0.0029513307
0.5453333333,0.0002748454,0.0026765154,0.0029513608
0.5455000000,0.0002585259,0.0026928542,0.0029513801
0.5456666667,0.0002427090,0.0027086804,0.0029513894
0.5458333333,0.0002274026,0.0027239865,0.0029513891
0.5460000000,0.0002126146,0.0027387653,0.0029513800
0.5461666667,0.0001983526,0.0027530099,0.0029513625
0.5463333333,0.0001846238,0.0027667138,0.0029513376
0.5465000000,0.0001714355,0.0027798706,0.0029513061
0.5466666667,0.0001587944,0.0027924744,0.0029512688
0.5468333333,0.0001467072,0.0028045191,0.0029512263
0.5470000000,0.0001351804,0.0028159989,0.0029511793
0.5471666667,0.0001242202,0.0028269081,0.0029511283
0.5473333333,0.0001138325,0.0028372416,0.0029510741
0.5475000000,0.0001040230,0.0028469944,0.0029510175
0.5476666667,0.0000947972,0.0028561621,0.0029509593
0.5478333333,0.0000861602,0.0028647401,0.0029509004
0.5480000000,0.0000781170,0.0028727242,0.0029508413
0.5481666667,0.0000706723,0.0028801103,0.0029507827
0.5483333333,0.0000638306,0.0028868948,0.0029507253
0.5485000000,0.0000575959,0.0028930740,0.0029506699
0.5486666667,0.0000519723,0.0028986450,0.0029506173
0.5488333333,0.0000469634,0.0029036047,0.0029505680
0.5490000000,0.0000425724,0.0029079506,0.0029505230
0.5491666667,0.0000388026,0.0029116802,0.0029504828
0.5493333333,0.0000356568,0.0029147915,0.0029504483
0.5495000000,0.0000331375,0.0029172826,0.0029504201
0.5496666667,0.0000312471,0.0029191519,0.0029503990
0.5498333333,0.0000299876,0.0029203980,0.0029503856
0.5500000000,0.0000293607,0.0029210199,0.0029503806
0.5501666667,0.0000293679,0.0029210170,0.0029503848
0.5503333333,0.0000300103,0.0029203886,0.0029503989
0.5505000000,0.0000312890,0.0029191347,0.0029504236
0.5506666667,0.0000332044,0.0029172551,0.0029504595
0.5508333333,0.0000357570,0.0029147503,0.0029505073
0.5510000000,0.0000389468,0.0029116209,0.0029505677
0.5511666667,0.0000427737,0.0029078676,0.0029506414
0.5513333333,0.0000472371,0.0029034919,0.0029507290
0.5515000000,0.0000523363,0.0028984951,0.0029508314
0.5516666667,0.0000580702,0.0028928790,0.0029509491
0.5518333333,0.0000644374,0.0028866454,0.0029510828
0.5520000000,0.0000714363,0.0028797966,0.0029512330
0.5521666667,0.0000790651,0.0028723351,0.0029514002
0.5523333333,0.0000873216,0.0028642636,0.0029515852
0.5525000000,0.0000962032,0.0028555854,0.0029517886
0.5526666667,0.0001057073,0.0028463039,0.0029520112
0.5528333333,0.0001158309,0.0028364228,0.0029522537
0.5530000000,0.0001265705,0.0028259460,0.0029525165
0.5531666667,0.0001379227,0.0028148774,0.0029528002
0.5533333333,0.0001498837,0.0028032216,0.0029531052
0.5535000000,0.0001624492,0.0027909829,0.0029534321
0.5536666667,0.0001756149,0.0027781665,0.0029537814
0.5538333333,0.0001893761,0.0027647776,0.0029541537
0.5540000000,0.0002037280,0.0027508218,0.0029545498
0.5541666667,0.0002186653,0.0027363049,0.0029549702
0.5543333333,0.0002341825,0.0027212330,0.0029554155
0.5545000000,0.0002502738,0.0027056122,0.0029558860
0.5546666667,0.0002669334,0.0026894489,0.0029563822
0.5548333333,0.0002841549,0.0026727496,0.0029569045
0.5550000000,0.0003019318,0.0026555213,0.0029574532
0.5551666667,0.0003202575,0.0026377713,0.0029580288
0.5553333333,0.0003391249,0.0026195070,0.0029586319
0.5555000000,0.0003585266,0.0026007365,0.0029592631
0.5556666667,0.0003784553,0.0025814678,0.0029599231
0.5558333333,0.0003989032,0.0025617091,0.0029606122
0.5560000000,0.0004198622,0.0025414685,0.0029613307
0.5561666667,0.0004413242,0.0025207545,0.0029620786
0.5563333333,0.0004632807,0.0024995754,0.0029628561
0.5565000000,0.0004857230,0.0024779404,0.0029636634
0.5566666667,0.0005086422,0.0024558591,0.0029645014
0.5568333333,0.0005320292,0.0024333415,0.0029653707
0.5570000000,0.0005558747,0.0024103973,0.0029662720
0.5571666667,0.0005801690,0.0023870363,0.0029672054
0.5573333333,0.0006049024,0.0023632681,0.0029681706
0.5575000000,0.0006300650,0.0023391026,0.0029691676
0.5576666667,0.0006556464,0.0023145502,0.0029701966
0.5578333333,0.0006816364,0.0022896217,0.0029712581
0.5580000000,0.0007080243,0.0022643284,0.0029723527
0.5581666667,0.0007347995,0.0022386814,0.0029734810
0.5583333333,0.0007619510,0.0022126919,0.0029746429
0.5585000000,0.0007894676,0.0021863709,0.0029758385
0.5586666667,0.0008173380,0.0021597298,0.0029770678
0.5588333333,0.0008455507,0.0021327802,0.0029783309
0.5590000000,0.0008740941,0.0021055339,0.0029796281
0.5591666667,0.0009029565,0.0020780029,0.0029809593
0.5593333333,0.0009321258,0.0020501990,0.0029823248
0.5595000000,0.0009615900,0.0020221345,0.0029837244
0.5596666667,0.0009913368,0.0019938219,0.0029851587
0.5598333333,0.0010213537,0.0019652742,0.0029866279
0.5600000000,0.0010516283,0.0019365040,0.0029881323
0.5601666667,0.0010821479,0.0019075237,0.0029896716
0.5603333333,0.0011128997,0.0018783457,0.0029912454
0.5605000000,0.0011438709,0.0018489824,0.0029928533
0.5606666667,0.0011750484,0.0018194469,0.0029944953
0.5608333333,0.0012064190,0.0017897528,0.0029961719
0.5610000000,0.0012379697,0.0017599141,0.0029978838
0.5611666667,0.0012696869,0.0017299442,0.0029996311
0.5613333333,0.0013015574,0.0016998561,0.0030014135
0.5615000000,0.0013335676,0.0016696624,0.0030032300
0.5616666667,0.0013657040,0.0016393762,0.0030050802
0.5618333333,0.0013979529,0.0016090111,0.0030069640
0.5620000000,0.0014303006,0.0015785814,0.0030088820
0.5621666667,0.0014627333,0.0015481012,0.0030108345
0.5623333333,0.0014952372,0.0015175843,0.0030128215
0.5625000000,0.0015277984,0.0014870439,0.0030148423
0.5626666667,0.0015604030,0.0014564933,0.0030168963
0.5628333333,0.0015930371,0.0014259462,0.0030189833
0.5630000000,0.0016256866,0.0013954167,0.0030211033
0.5631666667,0.0016583375,0.0013649188,0.0030232563
0.5633333333,0.0016909758,0.0013344663,0.0030254421
0.5635000000,0.0017235875,0.0013040728,0.0030276603
0.5636666667,0.0017561585,0.0012737518,0.0030299103
0.5638333333,0.0017886748,0.0012435172,0.0030321919
0.5640000000,0.0018211223,0.0012133830,0.0030345052
0.5641666667,0.0018534869,0.0011833632,0.0030368501
0.5643333333,0.0018857548,0.0011534714,0.0030392262
0.5645000000,0.0019179119,0.0011237208,0.0030416327
0.5646666667,0.0019499441,0.0010941247,0.0030440689
0.5648333333,0.0019818377,0.0010646967,0.0030465344
0.5650000000,0.0020135788,0.0010354505,0.0030490293
0.5651666667,0.0020451535,0.0010064002,0.0030515537
0.5653333333,0.0020765481,0.0009775593,0.0030541073
0.5655000000,0.0021077488,0.0009489406,0.0030566894
0.5656666667,0.0021387420,0.0009205569,0.0030592989
0.5658333333,0.0021695142,0.0008924210,0.0030619352
0.5660000000,0.0022000519,0.0008645461,0.0030645980
0.5661666667,0.0022303417,0.0008369457,0.0030672873
0.5663333333,0.0022603702,0.0008096329,0.0030700032
0.5665000000,0.0022901244,0.0007826204,0.0030727448
0.5666666667,0.0023195910,0.0007559204,0.0030755115
0.5668333333,0.0023487572,0.0007295449,0.0030783021
0.5670000000,0.0023776100,0.0007035063,0.0030811163
0.5671666667,0.0024061367,0.0006778171,0.0030839538
0.5673333333,0.0024343246,0.0006524898,0.0030868144
0.5675000000,0.0024621614,0.0006275363,0.0030896977
0.5676666667,0.0024896345,0.0006029683,0.0030926028
0.5678333333,0.0025167319,0.0005787970,0.0030955289
0.5680000000,0.0025434415,0.0005550337,0.0030984752
0.5681666667,0.0025697514,0.0005316900,0.0031014414
0.5683333333,0.0025956499,0.0005087771,0.0031044270
0.5685000000,0.0026211253,0.0004863063,0.0031074316
0.5686666667,0.0026461664,0.0004642883,0.0031104547
0.5688333333,0.0026707618,0.0004427334,0.0031134952
0.5690000000,0.0026949006,0.0004216518,0.0031165524
0.5691666667,0.0027185719,0.0004010537,0.0031196257
0.5693333333,0.0027417651,0.0003809494,0.0031227145
0.5695000000,0.0027644697,0.0003613488,0.0031258185
0.5696666667,0.0027866755,0.0003422615,0.0031289370
0.5698333333,0.0028083723,0.0003236968,0.0031320692
0.5700000000,0.0028295505,0.0003056636,0.0031352141
0.5701666667,0.0028502003,0.0002881709,0.0031383712
0.5703333333,0.0028703124,0.0002712273,0.0031415398
0.5705000000,0.0028898777,0.0002548418,0.0031447194
0.5706666667,0.0029088871,0.0002390225,0.0031479096
0.5708333333,0.0029273320,0.0002237774,0.0031511094
0.5710000000,0.0029452038,0.0002091140,0.0031543178
0.5711666667,0.0029624945,0.0001950396,0.0031575341
0.5713333333,0.0029791960,0.0001815615,0.0031607575
0.5715000000,0.0029953006,0.0001686870,0.0031639876
0.5716666667,0.0030108009,0.0001564233,0.0031672241
0.5718333333,0.0030256895,0.0001447768,0.0031704663
0.5720000000,0.0030399596,0.0001337535,0.0031737131
0.5721666667,0.0030536044,0.0001233590,0.0031769634
0.5723333333,0.0030666176,0.0001135988,0.0031802164
0.5725000000,0.0030789931,0.0001044783,0.0031834714
0.5726666667,0.0030907248,0.0000960034,0.0031867282
0.5728333333,0.0031018072,0.0000881791,0.0031899864
0.5730000000,0.0031122351,0.0000810101,0.0031932452
0.5731666667,0.0031220033,0.0000745001,0.0031965035
0.5733333333,0.0031311072,0.0000686529,0.0031997602
0.5735000000,0.0031395423,0.0000634722,0.0032030144
0.5736666667,0.0031473043,0.0000589616,0.0032062658
0.5738333333,0.0031543894,0.0000551247,0.0032095141
0.5740000000,0.0031607940,0.0000519646,0.0032127586
0.5741666667,0.0031665149,0.0000494834,0.0032159982
0.5743333333,0.0031715490,0.0000476831,0.0032192321
0.5745000000,0.0031758936,0.0000465657,0.0032224593
0.5746666667,0.0031795463,0.0000461332,0.0032256796
0.5748333333,0.0031825051,0.0000463873,0.0032288924
0.5750000000,0.0031847682,0.0000473291,0.0032320973
0.5751666667,0.0031863340,0.0000489590,0.0032352930
0.5753333333,0.0031872015,0.0000512769,0.0032384784
0.5755000000,0.0031873696,0.0000542831,0.0032416527
0.5756666667,0.0031868379,0.0000579779,0.0032448158
0.5758333333,0.0031856061,0.0000623614,0.0032479676
0.5760000000,0.0031836743,0.0000674334,0.0032511077
0.5761666667,0.0031810428,0.0000731922,0.0032542351
0.5763333333,0.0031777123,0.0000796359,0.0032573483
0.5765000000,0.0031736838,0.0000867622,0.0032604461
0.5766666667,0.0031689586,0.0000945696,0.0032635281
0.5768333333,0.0031635381,0.0001030564,0.0032665946
0.5770000000,0.0031574245,0.0001122211,0.0032696456
0.5771666667,0.0031506199,0.0001220607,0.0032726806
0.5773333333,0.0031431267,0.0001325717,0.0032756984
0.5775000000,0.0031349479,0.0001437498,0.0032786978
0.5776666667,0.0031260866,0.0001555912,0.0032816778
0.5778333333,0.0031165462,0.0001680922,0.0032846384
0.5780000000,0.0031063305,0.0001812491,0.0032875795
0.5781666667,0.0030954434,0.0001950577,0.0032905011
0.5783333333,0.0030838895,0.0002095130,0.0032934024
0.5785000000,0.0030716732,0.0002246095,0.0032962827
0.5786666667,0.0030587996,0.0002403418,0.0032991414
0.5788333333,0.0030452739,0.0002567043,0.0033019782
0.5790000000,0.0030311017,0.0002736915,0.0033047931
0.5791666667,0.0030162887,0.0002912969,0.0033075856
0.5793333333,0.0030008411,0.0003095138,0.0033103548
0.5795000000,0.0029847653,0.0003283350,0.0033131003
0.5796666667,0.0029680681,0.0003477539,0.0033158220
0.5798333333,0.0029507563,0.0003677639,0.0033185202
0.5800000000,0.0029328373,0.0003883581,0.0033211953
0.5801666667,0.0029143186,0.0004095286,0.0033238471
0.5803333333,0.0028952079,0.0004312667,0.0033264746
0.5805000000,0.0028755135,0.0004535632,0.0033290768
0.5806666667,0.0028552437,0.0004764095,0.0033316532
0.5808333333,0.0028344071,0.0004997974,0.0033342045
0.5810000000,0.0028130125,0.0005237191,0.0033367315
0.5811666667,0.0027910691,0.0005481659,0.0033392350
0.5813333333,0.0027685864,0.0005731283,0.0033417147
0.5815000000,0.0027455740,0.0005985956,0.0033441695
0.5816666667,0.0027220417,0.0006245570,0.0033465987
0.5818333333,0.0026979999,0.0006510022,0.0033490021
0.5820000000,0.0026734587,0.0006779216,0.0033513803
0.5821666667,0.0026484290,0.0007053052,0.0033537342
0.5823333333,0.0026229215,0.0007331426,0.0033560641
0.5825000000,0.0025969474,0.0007614227,0.0033583701
0.5826666667,0.0025705179,0.0007901336,0.0033606515
0.5828333333,0.0025436446,0.0008192636,0.0033629081
0.5830000000,0.0025163392,0.0008488006,0.0033651398
0.5831666667,0.0024886138,0.0008787329,0.0033673467
0.5833333333,0.0024604805,0.0009090483,0.0033695287
0.5835000000,0.0024319516,0.0009397344,0.0033716860
0.5836666667,0.0024030397,0.0009707787,0.0033738184
0.5838333333,0.0023737575,0.0010021687,0.0033759262
0.5840000000,0.0023441181,0.0010338913,0.0033780093
0.5841666667,0.0023141344,0.0010659332,0.0033800676
0.5843333333,0.0022838199,0.0010982805,0.0033821003
0.5845000000,0.0022531878,0.0011309188,0.0033841067
0.5846666667,0.0022222519,0.0011638341,0.0033860861
0.5848333333,0.0021910259,0.0011970126,0.0033880385
0.5850000000,0.0021595237,0.0012304406,0.0033899643
0.5851666667,0.0021277593,0.0012641044,0.0033918637
0.5853333333,0.0020957469,0.0012979894,0.0033937363
0.5855000000,0.0020635009,0.0013320801,0.0033955810
0.5856666667,0.0020310356,0.0013663609,0.0033973965
0.5858333333,0.0019983656,0.0014008165,0.0033991821
0.5860000000,0.0019655056,0.0014354319,0.0034009375
0.5861666667,0.0019324702,0.0014701930,0.0034026632
0.5863333333,0.0018992743,0.0015050849,0.0034043592
0.5865000000,0.0018659329,0.0015400925,0.0034060254
0.5866666667,0.0018324610,0.0015752001,0.0034076611
0.5868333333,0.0017988736,0.0016103916,0.0034092652
0.5870000000,0.0017651859,0.0016456513,0.0034108373
0.5871666667,0.0017314132,0.0016809639,0.0034123771
0.5873333333,0.0016975706,0.0017163144,0.0034138849
0.5875000000,0.0016636734,0.0017516877,0.0034153611
0.5876666667,0.0016297371,0.0017870687,0.0034168058
0.5878333333,0.0015957770,0.0018224421,0.0034182192
0.5880000000,0.0015618086,0.0018577924,0.0034196010
0.5881666667,0.0015278473,0.0018931041,0.0034209514
0.5883333333,0.0014939085,0.0019283616,0.0034222701
0.5885000000,0.0014600077,0.0019635498,0.0034235574
0.5886666667,0.0014261603,0.0019986534,0.0034248137
0.5888333333,0.0013923819,0.0020336577,0.0034260396
0.5890000000,0.0013586878,0.0020685478,0.0034272356
0.5891666667,0.0013250936,0.0021033087,0.0034284023
0.5893333333,0.0012916144,0.0021379253,0.0034295398
0.5895000000,0.0012582659,0.0021723823,0.0034306482
0.5896666667,0.0012250632,0.0022066641,0.0034317273
0.5898333333,0.0011920217,0.0022407558,0.0034327775
0.5900000000,0.0011591565,0.0022746425,0.0034337990
0.5901666667,0.0011264827,0.0023083097,0.0034347924
0.5903333333,0.0010940155,0.0023417428,0.0034357583
0.5905000000,0.0010617698,0.0023749270,0.0034366968
0.5906666667,0.0010297606,0.0024078473,0.0034376079
0.5908333333,0.0009980025,0.0024404889,0.0034384913
0.5910000000,0.0009665102,0.0024728368,0.0034393470
0.5911666667,0.0009352984,0.0025048766,0.0034401750
0.5913333333,0.0009043813,0.0025365942,0.0034409756
0.5915000000,0.0008737735,0.0025679758,0.0034417493
0.5916666667,0.0008434889,0.0025990075,0.0034424963
0.5918333333,0.0008135415,0.0026296754,0.0034432169
0.5920000000,0.0007839454,0.0026599656,0.0034439110
0.5921666667,0.0007547142,0.0026898644,0.0034445786
0.5923333333,0.0007258614,0.0027193585,0.0034452198
0.5925000000,0.0006974004,0.0027484347,0.0034458351
0.5926666667,0.0006693444,0.0027770807,0.0034464251
0.5928333333,0.0006417065,0.0028052838,0.0034469904
0.5930000000,0.0006144997,0.0028330318,0.0034475315
0.5931666667,0.0005877366,0.0028603123,0.0034480489
0.5933333333,0.0005614297,0.0028871131,0.0034485428
0.5935000000,0.0005355914,0.0029134222,0.0034490136
0.5936666667,0.0005102340,0.0029392280,0.0034494620
0.5938333333,0.0004853694,0.0029645192,0.0034498886
0.5940000000,0.0004610094,0.0029892847,0.0034502941
0.5941666667,0.0004371657,0.0030135134,0.0034506791
0.5943333333,0.0004138496,0.0030371945,0.0034510441
0.5945000000,0.0003910724,0.0030603170,0.0034513894
0.5946666667,0.0003688451,0.0030828706,0.0034517157
0.5948333333,0.0003471784,0.0031048448,0.0034520232
0.5950000000,0.0003260830,0.0031262296,0.0034523126
0.5951666667,0.0003055690,0.0031470152,0.0034525841
0.5953333333,0.0002856465,0.0031671919,0.0034528384
0.5955000000,0.0002663253,0.0031867506,0.0034530759
0.5956666667,0.0002476149,0.0032056820,0.0034532969
0.5958333333,0.0002295247,0.0032239775,0.0034535022
0.5960000000,0.0002120634,0.0032416286,0.0034536919
0.5961666667,0.0001952399,0.0032586268,0.0034538667
0.5963333333,0.0001790624,0.0032749644,0.0034540269
0.5965000000,0.0001635393,0.0032906337,0.0034541730
0.5966666667,0.0001486782,0.0033056276,0.0034543058
0.5968333333,0.0001344868,0.0033199392,0.0034544260
0.5970000000,0.0001209722,0.0033335619,0.0034545341
0.5971666667,0.0001081416,0.0033464891,0.0034546307
0.5973333333,0.0000960017,0.0033587147,0.0034547164
0.5975000000,0.0000845588,0.0033702329,0.0034547917
0.5976666667,0.0000738191,0.0033810384,0.0034548575
0.5978333333,0.0000637885,0.0033911259,0.0034549144
0.5980000000,0.0000544724,0.0034004906,0.0034549630
0.5981666667,0.0000458763,0.0034091279,0.0034550042
0.5983333333,0.0000380049,0.0034170334,0.0034550383
0.5985000000,0.0000308629,0.0034242031,0.0034550660
0.5986666667,0.0000244546,0.0034306333,0.0034550879
0.5988333333,0.0000187840,0.0034363207,0.0034551047
0.5990000000,0.0000138547,0.0034412625,0.0034551172
0.5991666667,0.0000096700,0.0034454558,0.0034551258
0.5993333333,0.0000062329,0.0034488984,0.0034551313
0.5995000000,0.0000035461,0.0034515882,0.0034551343
0.5996666667,0.0000016119,0.0034535236,0.0034551355
0.5998333333,0.0000004324,0.0034547033,0.0034551357
0.6000000000,0.0000000093,0.0034551264,0.0034551356
0.6001666667,0.0000003439,0.0034547922,0.0034551360
0.6003333333,0.0000014373,0.0034537005,0.0034551378
0.6005000000,0.0000032904,0.0034518512,0.0034551416
0.6006666667,0.0000059036,0.0034492448,0.0034551484
0.6008333333,0.0000092770,0.0034458819,0.0034551590
0.6010000000,0.0000134106,0.0034417637,0.0034551743
0.6011666667,0.0000183037,0.0034368914,0.0034551951
0.6013333333,0.0000239557,0.0034312668,0.0034552225
0.6015000000,0.0000303653,0.0034248920,0.0034552573
0.6016666667,0.0000375311,0.0034177694,0.0034553006
0.6018333333,0.0000454515,0.0034099017,0.0034553531
0.6020000000,0.0000541242,0.0034012918,0.0034554160
0.6021666667,0.0000635469,0.0033919433,0.0034554902
0.6023333333,0.0000737170,0.0033818599,0.0034555769
0.6025000000,0.0000846314,0.0033710458,0.0034556772
0.6026666667,0.0000962867,0.0033595055,0.0034557922
0.6028333333,0.0001086793,0.0033472437,0.0034559230
0.6030000000,0.0001218052,0.0033342657,0.0034560708
0.6031666667,0.0001356600,0.0033205767,0.0034562367
0.6033333333,0.0001502392,0.0033061828,0.0034564219
0.6035000000,0.0001655375,0.0032910904,0.0034566279
0.6036666667,0.0001815496,0.0032753063,0.0034568558
0.6038333333,0.0001982697,0.0032588371,0.0034571068
0.6040000000,0.0002156917,0.0032416902,0.0034573819
0.6041666667,0.0002338092,0.0032238728,0.0034576820
0.6043333333,0.0002526154,0.0032053929,0.0034580082
0.6045000000,0.0002721030,0.0031862586,0.0034583617
0.6046666667,0.0002922648,0.0031664785,0.0034587434
0.6048333333,0.0003130930,0.0031460612,0.0034591541
0.6050000000,0.0003345795,0.0031250152,0.0034595947
0.6051666667,0.0003567160,0.0031033497,0.0034600657
0.6053333333,0.0003794940,0.0030810739,0.0034605679
0.6055000000,0.0004029045,0.0030581975,0.0034611020
0.6056666667,0.0004269385,0.0030347304,0.0034616689
0.6058333333,0.0004515865,0.0030106826,0.0034622690
0.6060000000,0.0004768388,0.0029860642,0.0034629030
0.6061666667,0.0005026856,0.0029608858,0.0034635714
0.6063333333,0.0005291166,0.0029351582,0.0034642748
0.6065000000,0.0005561214,0.0029088924,0.0034650139
0.6066666667,0.0005836894,0.0028820998,0.0034657893
0.6068333333,0.0006118097,0.0028547917,0.0034666014
0.6070000000,0.0006404710,0.0028269795,0.0034674505
0.6071666667,0.0006696619,0.0027986750,0.0034683370
0.6073333333,0.0006993708,0.0027698904,0.0034692613
0.6075000000,0.0007295857,0.0027406384,0.0034702240
0.6076666667,0.0007602943,0.0027109316,0.0034712259
0.6078333333,0.0007914843,0.0026807831,0.0034722673
0.6080000000,0.0008231427,0.0026502058,0.0034733485
0.6081666667,0.0008552568,0.0026192128,0.0034744696
0.6083333333,0.0008878134,0.0025878178,0.0034756312
0.6085000000,0.0009207990,0.0025560351,0.0034768341
0.6086666667,0.0009542003,0.0025238792,0.0034780795
0.6088333333,0.0009880034,0.0024913647,0.0034793681
0.6090000000,0.0010221944,0.0024585064,0.0034807009
0.6091666667,0.0010567594,0.0024253189,0.0034820783
0.6093333333,0.0010916839,0.0023918172,0.0034835011
0.6095000000,0.0011269536,0.0023580168,0.0034849704
0.6096666667,0.0011625538,0.0023239333,0.0034864871
0.6098333333,0.0011984696,0.0022895826,0.0034880522
0.6100000000,0.0012346861,0.0022549802,0.0034896664
0.6101666667,0.0012711881,0.0022201419,0.0034913300
0.6103333333,0.0013079602,0.0021850834,0.0034930436
0.6105000000,0.0013449868,0.0021498204,0.0034948073
0.6106666667,0.0013822524,0.0021143689,0.0034966213
0.6108333333,0.0014197411,0.0020787445,0.0034984856
0.6110000000,0.0014574371,0.0020429629,0.0035004000
0.6111666667,0.0014953243,0.0020070399,0.0035023642
0.6113333333,0.0015333866,0.0019709913,0.0035043779
0.6115000000,0.0015716078,0.0019348332,0.0035064410
0.6116666667,0.0016099717,0.0018985818,0.0035085535
0.6118333333,0.0016484618,0.0018622533,0.0035107151
0.6120000000,0.0016870618,0.0018258637,0.0035129254
0.6121666667,0.0017257550,0.0017894290,0.0035151840
0.6123333333,0.0017645250,0.0017529657,0.0035174906
0.6125000000,0.0018033550,0.0017164904,0.0035198454
0.6126666667,0.0018422283,0.0016800203,0.0035222486
0.6128333333,0.0018811283,0.0016435724,0.0035247007
0.6130000000,0.0019200379,0.0016071638,0.0035272017
0.6131666667,0.0019589403,0.0015708111,0.0035297515
0.6133333333,0.0019978188,0.0015345308,0.0035323496
0.6135000000,0.0020366564,0.0014983397,0.0035349961
0.6136666667,0.0020754363,0.0014622548,0.0035376911
0.6138333333,0.0021141416,0.0014262936,0.0035404352
0.6140000000,0.0021527558,0.0013904730,0.0035432288
0.6141666667,0.0021912620,0.0013548101,0.0035460721
0.6143333333,0.0022296436,0.0013193214,0.0035489650
0.6145000000,0.0022678839,0.0012840234,0.0035519073
0.6146666667,0.0023059664,0.0012489323,0.0035548987
0.6148333333,0.0023438746,0.0012140648,0.0035579394
0.6150000000,0.0023815919,0.0011794374,0.0035610293
0.6151666667,0.0024191018,0.0011450668,0.0035641686
0.6153333333,0.0024563881,0.0011109692,0.0035673572
0.6155000000,0.0024934343,0.0010771604,0.0035705946
0.6156666667,0.0025302243,0.0010436556,0.0035738799
0.6158333333,0.0025667420,0.0010104699,0.0035772120
0.6160000000,0.0026029716,0.0009776181,0.0035805897
0.6161666667,0.0026388970,0.0009451150,0.0035840120
0.6163333333,0.0026745027,0.0009129753,0.0035874780
0.6165000000,0.0027097729,0.0008812141,0.0035909870
0.6166666667,0.0027446922,0.0008498458,0.0035945380
0.6168333333,0.0027792453,0.0008188849,0.0035981302
0.6170000000,0.0028134168,0.0007883459,0.0036017626
0.6171666667,0.0028471917,0.0007582428,0.0036054345
0.6173333333,0.0028805551,0.0007285899,0.0036091451
0.6175000000,0.0029134924,0.0006994018,0.0036128942
0.6176666667,0.0029459889,0.0006706931,0.0036166819
0.6178333333,0.0029780303,0.0006424782,0.0036205086
0.6180000000,0.0030096027,0.0006147718,0.0036243745
0.6181666667,0.0030406919,0.0005875877,0.0036282796
0.6183333333,0.0030712843,0.0005609391,0.0036322234
0.6185000000,0.0031013664,0.0005348387,0.0036362050
0.6186666667,0.0031309247,0.0005092988,0.0036402235
0.6188333333,0.0031599463,0.0004843316,0.0036442780
0.6190000000,0.0031884182,0.0004599495,0.0036483678
0.6191666667,0.0032163277,0.0004361646,0.0036524923
0.6193333333,0.0032436623,0.0004129882,0.0036566505
0.6195000000,0.0032704098,0.0003904306,0.0036608404
0.6196666667,0.0032965583,0.0003685016,0.0036650598
0.6198333333,0.0033220960,0.0003472103,0.0036693063
0.6200000000,0.0033470115,0.0003265666,0.0036735782
0.6201666667,0.0033712939,0.0003065808,0.0036778747
0.6203333333,0.0033949321,0.0002872631,0.0036821952
0.6205000000,0.0034179157,0.0002686233,0.0036865390
0.6206666667,0.0034402344,0.0002506703,0.0036909046
0.6208333333,0.0034618781,0.0002334122,0.0036952903
0.6210000000,0.0034828371,0.0002168571,0.0036996942
0.6211666667,0.0035031019,0.0002010134,0.0037041153
0.6213333333,0.0035226634,0.0001858897,0.0037085531
0.6215000000,0.0035415127,0.0001714947,0.0037130073
0.6216666667,0.0035596413,0.0001578360,0.0037174773
0.6218333333,0.0035770409,0.0001449206,0.0037219615
0.6220000000,0.0035937038,0.0001327547,0.0037264585
0.6221666667,0.0036096222,0.0001213442,0.0037309664
0.6223333333,0.0036247889,0.0001106951,0.0037354840
0.6225000000,0.0036391969,0.0001008130,0.0037400100
0.6226666667,0.0036528396,0.0000917036,0.0037445432
0.6228333333,0.0036657107,0.0000833716,0.0037490823
0.6230000000,0.0036778041,0.0000758217,0.0037536258
0.6231666667,0.0036891144,0.0000690577,0.0037581721
0.6233333333,0.0036996361,0.0000630833,0.0037627195
0.6235000000,0.0037093646,0.0000579015,0.0037672661
0.6236666667,0.0037182952,0.0000535147,0.0037718099
0.6238333333,0.0037264236,0.0000499252,0.0037763489
0.6240000000,0.0037337460,0.0000471354,0.0037808815
0.6241666667,0.0037402588,0.0000451481,0.0037854069
0.6243333333,0.0037459588,0.0000439658,0.0037899245
0.6245000000,0.0037508430,0.0000435907,0.0037944336
0.6246666667,0.0037549089,0.0000440240,0.0037989330
0.6248333333,0.0037581545,0.0000452666,0.0038034210
0.6250000000,0.0037605779,0.0000473190,0.0038078969
0.6251666667,0.0037621779,0.0000501827,0.0038123606
0.6253333333,0.0037629533,0.0000538595,0.0038168129
0.6255000000,0.0037629036,0.0000583509,0.0038212545
0.6256666667,0.0037620283,0.0000636571,0.0038256854
0.6258333333,0.0037603275,0.0000697769,0.0038301044
0.6260000000,0.0037578016,0.0000767084,0.0038345099
0.6261666667,0.0037544513,0.0000844493,0.0038389005
0.6263333333,0.0037502776,0.0000929980,0.0038432756
0.6265000000,0.0037452822,0.0001023527,0.0038476349
0.6266666667,0.0037394668,0.0001125111,0.0038519779
0.6268333333,0.0037328337,0.0001234695,0.0038563032
0.6270000000,0.0037253855,0.0001352235,0.0038606090
0.6271666667,0.0037171250,0.0001477682,0.0038648932
0.6273333333,0.0037080557,0.0001610992,0.0038691549
0.6275000000,0.0036981811,0.0001752125,0.0038733936
0.6276666667,0.0036875054,0.0001901043,0.0038776097
0.6278333333,0.0036760328,0.0002057701,0.0038818029
0.6280000000,0.0036637681,0.0002222048,0.0038859730
0.6281666667,0.0036507164,0.0002394029,0.0038901193
0.6283333333,0.0036368830,0.0002573582,0.0038942412
0.6285000000,0.0036222739,0.0002760644,0.0038983383
0.6286666667,0.0036068951,0.0002955147,0.0039024098
0.6288333333,0.0035907531,0.0003157017,0.0039064548
0.6290000000,0.0035738547,0.0003366172,0.0039104719
0.6291666667,0.0035562072,0.0003582525,0.0039144598
0.6293333333,0.0035378180,0.0003805990,0.0039184170
0.6295000000,0.0035186950,0.0004036472,0.0039223422
0.6296666667,0.0034988463,0.0004273874,0.0039262337
0.6298333333,0.0034782804,0.0004518095,0.0039300899
0.6300000000,0.0034570061,0.0004769029,0.0039339090
0.6301666667,0.0034350327,0.0005026573,0.0039376900
0.6303333333,0.0034123694,0.0005290629,0.0039414324
0.6305000000,0.0033890262,0.0005561101,0.0039451363
0.6306666667,0.0033650129,0.0005837888,0.0039488017
0.6308333333,0.0033403400,0.0006120882,0.0039524282
0.6310000000,0.0033150181,0.0006409970,0.0039560152
0.6311666667,0.0032890583,0.0006705038,0.0039595620
0.6313333333,0.0032624717,0.0007005970,0.0039630687
0.6315000000,0.0032352701,0.0007312657,0.0039665357
0.6316666667,0.0032074652,0.0007624984,0.0039699635
0.6318333333,0.0031790691,0.0007942829,0.0039733521
0.6320000000,0.0031500943,0.0008266064,0.0039767007
0.6321666667,0.0031205533,0.0008594550,0.0039800083
0.6323333333,0.0030904591,0.0008928150,0.0039832741
0.6325000000,0.0030598248,0.0009266731,0.0039864979
0.6326666667,0.0030286639,0.0009610155,0.0039896794
0.6328333333,0.0029969900,0.0009958286,0.0039928186
0.6330000000,0.0029648172,0.0010310976,0.0039959148
0.6331666667,0.0029321595,0.0010668075,0.0039989671
0.6333333333,0.0028990315,0.0011029430,0.0040019745
0.6335000000,0.0028654475,0.0011394887,0.0040049362
0.6336666667,0.0028314225,0.0011764295,0.0040078520
0.6338333333,0.0027969713,0.0012137504,0.0040107217
0.6340000000,0.0027621093,0.0012514360,0.0040135453
0.6341666667,0.0027268518,0.0012894707,0.0040163224
0.6343333333,0.0026912144,0.0013278384,0.0040190528
0.6345000000,0.0026552131,0.0013665230,0.0040217361
0.6346666667,0.0026188637,0.0014055085,0.0040243721
0.6348333333,0.0025821823,0.0014447786,0.0040269609
0.6350000000,0.0025451853,0.0014843171,0.0040295024
0.6351666667,0.0025078891,0.0015241074,0.0040319965
0.6353333333,0.0024703103,0.0015641327,0.0040344430
0.6355000000,0.0024324655,0.0016043760,0.0040368415
0.6356666667,0.0023943718,0.0016448200,0.0040391918
0.6358333333,0.0023560460,0.0016854473,0.0040414933
0.6360000000,0.0023175053,0.0017262407,0.0040437460
0.6361666667,0.0022787670,0.0017671828,0.0040459499
0.6363333333,0.0022398483,0.0018082567,0.0040481050
0.6365000000,0.0022007667,0.0018494453,0.0040502120
0.6366666667,0.0021615396,0.0018907316,0.0040522712
0.6368333333,0.0021221847,0.0019320985,0.0040542832
0.6370000000,0.0020827196,0.0019735288,0.0040562484
0.6371666667,0.0020431621,0.0020150054,0.0040581675
0.6373333333,0.0020035301,0.0020565108,0.0040600408
0.6375000000,0.0019638412,0.0020980275,0.0040618688
0.6376666667,0.0019241136,0.0021395378,0.0040636514
0.6378333333,0.0018843650,0.0021810237,0.0040653888
0.6380000000,0.0018446136,0.0022224670,0.0040670806
0.6381666667,0.0018048772,0.0022638492,0.0040687264
0.6383333333,0.0017651738,0.0023051519,0.0040703257
0.6385000000,0.0017255215,0.0023463568,0.0040718783
0.6386666667,0.0016859381,0.0023874457,0.0040733839
0.6388333333,0.0016464417,0.0024284010,0.0040748427
0.6390000000,0.0016070501,0.0024692051,0.0040762553
0.6391666667,0.0015677813,0.0025098409,0.0040776222
0.6393333333,0.0015286531,0.0025502911,0.0040789442
0.6395000000,0.0014896833,0.0025905388,0.0040802221
0.6396666667,0.0014508897,0.0026305669,0.0040814566
0.6398333333,0.0014122901,0.0026703586,0.0040826488
0.6400000000,0.0013739022,0.0027098972,0.0040837993
0.6401666667,0.0013357434,0.0027491659,0.0040849093
0.6403333333,0.0012978313,0.0027881480,0.0040859793
0.6405000000,0.0012601834,0.0028268263,0.0040870097
0.6406666667,0.0012228169,0.0028651836,0.0040880005
0.6408333333,0.0011857490,0.0029032028,0.0040889517
0.6410000000,0.0011489968,0.0029408668,0.0040898637
0.6411666667,0.0011125774,0.0029781594,0.0040907368
0.6413333333,0.0010765075,0.0030150644,0.0040915719
0.6415000000,0.0010408039,0.0030515656,0.0040923696
0.6416666667,0.0010054831,0.0030876472,0.0040931303
0.6418333333,0.0009705613,0.0031232931,0.0040938544
0.6420000000,0.0009360550,0.0031584878,0.0040945427
0.6421666667,0.0009019800,0.0031932160,0.0040951960
0.6423333333,0.0008683524,0.0032274629,0.0040958153
0.6425000000,0.0008351879,0.0032612137,0.0040964016
0.6426666667,0.0008025019,0.0032944537,0.0040969556
0.6428333333,0.0007703100,0.0033271679,0.0040974779
0.6430000000,0.0007386270,0.0033593418,0.0040979688
0.6431666667,0.0007074680,0.0033909612,0.0040984292
0.6433333333,0.0006768476,0.0034220122,0.0040988598
0.6435000000,0.0006467803,0.0034524812,0.0040992615
0.6436666667,0.0006172804,0.0034823549,0.0040996353
0.6438333333,0.0005883619,0.0035116201,0.0040999820
0.6440000000,0.0005600385,0.0035402637,0.0041003022
0.6441666667,0.0005323239,0.0035682731,0.0041005970
0.6443333333,0.0005052312,0.0035956360,0.0041008672
0.6445000000,0.0004787734,0.0036223405,0.0041011139
0.6446666667,0.0004529632,0.0036483748,0.0041013380
0.6448333333,0.0004278132,0.0036737272,0.0041015404
0.6450000000,0.0004033356,0.0036983863,0.0041017219
0.6451666667,0.0003795422,0.0037223412,0.0041018834
0.6453333333,0.0003564448,0.0037455810,0.0041020258
0.6455000000,0.0003340545,0.0037680954,0.0041021499
0.6456666667,0.0003123825,0.0037898742,0.0041022567
0.6458333333,0.0002914394,0.0038109074,0.0041023468
0.6460000000,0.0002712356,0.0038311854,0.0041024211
0.6461666667,0.0002517813,0.0038506992,0.0041024804
0.6463333333,0.0002330860,0.0038694399,0.0041025259
0.6465000000,0.0002151594,0.0038873992,0.0041025586
0.6466666667,0.0001980105,0.0039045689,0.0041025795
0.6468333333,0.0001816481,0.0039209414,0.0041025895
0.6470000000,0.0001660806,0.0039365090,0.0041025895
0.6471666667,0.0001513160,0.0039512647,0.0041025807
0.6473333333,0.0001373622,0.0039652019,0.0041025641
0.6475000000,0.0001242265,0.0039783145,0.0041025411
0.6476666667,0.0001119161,0.0039905964,0.0041025125
0.6478333333,0.0001004376,0.0040020418,0.0041024794
0.6480000000,0.0000897974,0.0040126453,0.0041024427
0.6481666667,0.0000800014,0.0040224018,0.0041024032
0.6483333333,0.0000710553,0.0040313066,0.0041023619
0.6485000000,0.0000629643,0.0040393554,0.0041023197
0.6486666667,0.0000557334,0.0040465444,0.0041022777
0.6488333333,0.0000493669,0.0040528700,0.0041022368
0.6490000000,0.0000438689,0.0040583291,0.0041021980
0.6491666667,0.0000392433,0.0040629189,0.0041021622
0.6493333333,0.0000354933,0.0040666372,0.0041021304
0.6495000000,0.0000326218,0.0040694820,0.0041021038
0.6496666667,0.0000306315,0.0040714518,0.0041020834
0.6498333333,0.0000295246,0.0040725455,0.0041020702
0.6500000000,0.0000293029,0.0040727623,0.0041020651
0.6501666667,0.0000299678,0.0040721015,0.0041020693
0.6503333333,0.0000315204,0.0040705632,0.0041020836
0.6505000000,0.0000339613,0.0040681476,0.0041021089
0.6506666667,0.0000372908,0.0040648554,0.0041021462
0.6508333333,0.0000415089,0.0040606876,0.0041021965
0.6510000000,0.0000466149,0.0040556458,0.0041022607
0.6511666667,0.0000526081,0.0040497317,0.0041023398
0.6513333333,0.0000594870,0.0040429478,0.0041024348
0.6515000000,0.0000672500,0.0040352968,0.0041025468
0.6516666667,0.0000758950,0.0040267817,0.0041026766
0.6518333333,0.0000854194,0.0040174058,0.0041028252
0.6520000000,0.0000958204,0.0040071731,0.0041029936
0.6521666667,0.0001070948,0.0039960877,0.0041031825
0.6523333333,0.0001192389,0.0039841540,0.0041033929
0.6525000000,0.0001322487,0.0039713769,0.0041036256
0.6526666667,0.0001461198,0.0039577614,0.0041038812
0.6528333333,0.0001608474,0.0039433133,0.0041041607
0.6530000000,0.0001764263,0.0039280386,0.0041044649
0.6531666667,0.0001928510,0.0039119438,0.0041047948
0.6533333333,0.0002101155,0.0038950360,0.0041051515
0.6535000000,0.0002282136,0.0038773222,0.0041055358
0.6536666667,0.0002471385,0.0038588099,0.0041059484
0.6538333333,0.0002668832,0.0038395068,0.0041063900
0.6540000000,0.0002874403,0.0038194212,0.0041068614
0.6541666667,0.0003088019,0.0037985616,0.0041073635
0.6543333333,0.0003309600,0.0037769369,0.0041078969
0.6545000000,0.0003539060,0.0037545565,0.0041084625
0.6546666667,0.0003776311,0.0037314297,0.0041090608
0.6548333333,0.0004021261,0.0037075663,0.0041096924
0.6550000000,0.0004273815,0.0036829766,0.0041103580
0.6551666667,0.0004533873,0.0036576712,0.0041110584
0.6553333333,0.0004801332,0.0036316613,0.0041117945
0.6555000000,0.0005076088,0.0036049584,0.0041125672
0.6556666667,0.0005358031,0.0035775741,0.0041133772
0.6558333333,0.0005647048,0.0035495204,0.0041142253
0.6560000000,0.0005943025,0.0035208093,0.0041151118
0.6561666667,0.0006245842,0.0034914531,0.0041160373
0.6563333333,0.0006555378,0.0034614642,0.0041170020
0.6565000000,0.0006871507,0.0034308557,0.0041180064
0.6566666667,0.0007194101,0.0033996407,0.0041190508
0.6568333333,0.0007523031,0.0033678328,0.0041201358
0.6570000000,0.0007858161,0.0033354458,0.0041212620
0.6571666667,0.0008199357,0.0033024940,0.0041224297
0.6573333333,0.0008546478,0.0032689918,0.0041236397
0.6575000000,0.0008899382,0.0032349541,0.0041248924
0.6576666667,0.0009257925,0.0032003960,0.0041261884
0.6578333333,0.0009621958,0.0031653328,0.0041275285
0.6580000000,0.0009991331,0.0031297801,0.0041289132
0.6581666667,0.0010365893,0.0030937538,0.0041303431
0.6583333333,0.0010745488,0.0030572697,0.0041318186
0.6585000000,0.0011129959,0.0030203438,0.0041333397
0.6586666667,0.0011519146,0.0029829919,0.0041349064
0.6588333333,0.0011912886,0.0029452302,0.0041365188
0.6590000000,0.0012311017,0.0029070750,0.0041381767
0.6591666667,0.0012713372,0.0028685430,0.0041398802
0.6593333333,0.0013119784,0.0028296514,0.0041416298
0.6595000000,0.0013530083,0.0027904176,0.0041434259
0.6596666667,0.0013944096,0.0027508590,0.0041452686
0.6598333333,0.0014361650,0.0027109934,0.0041471584
0.6600000000,0.0014782570,0.0026708382,0.0041490952
0.6601666667,0.0015206678,0.0026304114,0.0041510793
0.6603333333,0.0015633797,0.0025897313,0.0041531110
0.6605000000,0.0016063746,0.0025488163,0.0041551909
0.6606666667,0.0016496343,0.0025076853,0.0041573196
0.6608333333,0.0016931405,0.0024663565,0.0041594971
0.6610000000,0.0017368749,0.0024248482,0.0041617231
0.6611666667,0.0017808189,0.0023831782,0.0041639971
0.6613333333,0.0018249538,0.0023413644,0.0041663182
0.6615000000,0.0018692610,0.0022994253,0.0041686863
0.6616666667,0.0019137216,0.0022573798,0.0041711014
0.6618333333,0.0019583168,0.0022152471,0.0041735638
0.6620000000,0.0020030274,0.0021730461,0.0041760736
0.6621666667,0.0020478346,0.0021307957,0.0041786303
0.6623333333,0.0020927191,0.0020885145,0.0041812336
0.6625000000,0.0021376618,0.0020462215,0.0041838833
0.6626666667,0.0021826435,0.0020039364,0.0041865799
0.6628333333,0.0022276450,0.0019616789,0.0041893239
0.6630000000,0.0022726469,0.0019194689,0.0041921157
0.6631666667,0.0023176300,0.0018773253,0.0041949553
0.6633333333,0.0023625749,0.0018352667,0.0041978416
0.6635000000,0.0024074623,0.0017933114,0.0042007737
0.6636666667,0.0024522731,0.0017514776,0.0042037507
0.6638333333,0.0024969878,0.0017097842,0.0042067720
0.6640000000,0.0025415872,0.0016682502,0.0042098374
0.6641666667,0.0025860522,0.0016268945,0.0042129467
0.6643333333,0.0026303635,0.0015857359,0.0042160994
0.6645000000,0.0026745020,0.0015447932,0.0042192952
0.6646666667,0.0027184487,0.0015040851,0.0042225339
0.6648333333,0.0027621846,0.0014636308,0.0042258153
0.6650000000,0.0028056907,0.0014234488,0.0042291395
0.6651666667,0.0028489482,0.0013835580,0.0042325062
0.6653333333,0.0028919383,0.0013439765,0.0042359148
0.6655000000,0.0029346423,0.0013047224,0.0042393647
0.6656666667,0.0029770418,0.0012658135,0.0042428553
0.6658333333,0.0030191184,0.0012272674,0.0042463858
0.6660000000,0.0030608536,0.0011891016,0.0042499552
0.6661666667,0.0031022294,0.0011513331,0.0042535625
0.6663333333,0.0031432277,0.0011139789,0.0042572067
0.6665000000,0.0031838307,0.0010770566,0.0042608873
0.6666666667,0.0032240206,0.0010405838,0.0042646044
0.6668333333,0.0032637800,0.0010045783,0.0042683583
0.6670000000,0.0033030913,0.0009690575,0.0042721488
0.6671666667,0.0033419376,0.0009340374,0.0042759750
0.6673333333,0.0033803016,0.0008995337,0.0042798353
0.6675000000,0.0034181666,0.0008655616,0.0042837281
0.6676666667,0.0034555160,0.0008321368,0.0042876528
0.6678333333,0.0034923334,0.0007992756,0.0042916090
0.6680000000,0.0035286027,0.0007669939,0.0042955966
0.6681666667,0.0035643079,0.0007353070,0.0042996148
0.6683333333,0.0035994332,0.0007042292,0.0043036624
0.6685000000,0.0036339633,0.0006737746,0.0043077379
0.6686666667,0.0036678829,0.0006439577,0.0043118406
0.6688333333,0.0037011770,0.0006147935,0.0043159705
0.6690000000,0.0037338309,0.0005862971,0.0043201280
0.6691666667,0.0037658302,0.0005584826,0.0043243128
0.6693333333,0.0037971607,0.0005313628,0.0043285235
0.6695000000,0.0038278086,0.0005049494,0.0043327580
0.6696666667,0.0038577601,0.0004792540,0.0043370141
0.6698333333,0.0038870021,0.0004542884,0.0043412905
0.6700000000,0.0039155215,0.0004300653,0.0043455868
0.6701666667,0.0039433057,0.0004065970,0.0043499027
0.6703333333,0.0039703423,0.0003838957,0.0043542380
0.6705000000,0.0039966191,0.0003619726,0.0043585917
0.6706666667,0.0040221246,0.0003408384,0.0043629630
0.6708333333,0.0040468471,0.0003205039,0.0043673510
0.6710000000,0.0040707758,0.0003009797,0.0043717555
0.6711666667,0.0040938998,0.0002822761,0.0043761758
0.6713333333,0.0041162087,0.0002644024,0.0043806111
0.6715000000,0.0041376925,0.0002473671,0.0043850597
0.6716666667,0.0041583416,0.0002311782,0.0043895198
0.6718333333,0.0041781465,0.0002158433,0.0043939897
0.6720000000,0.0041970983,0.0002013700,0.0043984682
0.6721666667,0.0042151884,0.0001877659,0.0044029543
0.6723333333,0.0042324086,0.0001750384,0.0044074470
0.6725000000,0.0042487510,0.0001631947,0.0044119457
0.6726666667,0.0042642083,0.0001522417,0.0044164500
0.6728333333,0.0042787731,0.0001421866,0.0044209597
0.6730000000,0.0042924389,0.0001330357,0.0044254746
0.6731666667,0.0043051994,0.0001247947,0.0044299940
0.6733333333,0.0043170486,0.0001174680,0.0044345166
0.6735000000,0.0043279809,0.0001110593,0.0044390403
0.6736666667,0.0043379914,0.0001055720,0.0044435634
0.6738333333,0.0043470751,0.0001010096,0.0044480847
0.6740000000,0.0043552279,0.0000973755,0.0044526034
0.6741666667,0.0043624457,0.0000946730,0.0044571187
0.6743333333,0.0043687252,0.0000929041,0.0044616293
0.6745000000,0.0043740631,0.0000920706,0.0044661337
0.6746666667,0.0043784568,0.0000921739,0.0044706307
0.6748333333,0.0043819040,0.0000932158,0.0044751198
0.6750000000,0.0043844028,0.0000951982,0.0044796010
0.6751666667,0.0043859519,0.0000981227,0.0044840746
0.6753333333,0.0043865501,0.0001019898,0.0044885399
0.6755000000,0.0043861969,0.0001067984,0.0044929953
0.6756666667,0.0043848921,0.0001125467,0.0044974388
0.6758333333,0.0043826358,0.0001192329,0.0045018687
0.6760000000,0.0043794288,0.0001268551,0.0045062839
0.6761666667,0.0043752721,0.0001354118,0.0045106839
0.6763333333,0.0043701671,0.0001449009,0.0045150681
0.6765000000,0.0043641159,0.0001553195,0.0045194353
0.6766666667,0.0043571205,0.0001666636,0.0045237842
0.6768333333,0.0043491840,0.0001789293,0.0045281133
0.6770000000,0.0043403093,0.0001921127,0.0045324220
0.6771666667,0.0043305000,0.0002062101,0.0045367101
0.6773333333,0.0043197601,0.0002212176,0.0045409777
0.6775000000,0.0043080941,0.0002371302,0.0045452243
0.6776666667,0.0042955067,0.0002539420,0.0045494487
0.6778333333,0.0042820031,0.0002716464,0.0045536495
0.6780000000,0.0042675889,0.0002902364,0.0045578253
0.6781666667,0.0042522702,0.0003097048,0.0045619750
0.6783333333,0.0042360535,0.0003300444,0.0045660978
0.6785000000,0.0042189455,0.0003512475,0.0045701930
0.6786666667,0.0042009534,0.0003733060,0.0045742594
0.6788333333,0.0041820850,0.0003962114,0.0045782963
0.6790000000,0.0041623481,0.0004199547,0.0045823029
0.6791666667,0.0041417513,0.0004445272,0.0045862785
0.6793333333,0.0041203033,0.0004699195,0.0045902228
0.6795000000,0.0040980132,0.0004961223,0.0045941355
0.6796666667,0.0040748907,0.0005231254,0.0045980161
0.6798333333,0.0040509456,0.0005509181,0.0046018637
0.6800000000,0.0040261883,0.0005794893,0.0046056776
0.6801666667,0.0040006294,0.0006088273,0.0046094567
0.6803333333,0.0039742800,0.0006389200,0.0046132000
0.6805000000,0.0039471514,0.0006697553,0.0046169066
0.6806666667,0.0039192553,0.0007013203,0.0046205756
0.6808333333,0.0038906039,0.0007336026,0.0046242064
0.6810000000,0.0038612095,0.0007665892,0.0046277987
0.6811666667,0.0038310850,0.0008002672,0.0046313523
0.6813333333,0.0038002434,0.0008346234,0.0046348669
0.6815000000,0.0037686982,0.0008696439,0.0046383421
0.6816666667,0.0037364631,0.0009053142,0.0046417772
0.6818333333,0.0037035521,0.0009416195,0.0046451715
0.6820000000,0.0036699796,0.0009785447,0.0046485243
0.6821666667,0.0036357604,0.0010160747,0.0046518350
0.6823333333,0.0036009093,0.0010541940,0.0046551033
0.6825000000,0.0035654416,0.0010928869,0.0046583285
0.6826666667,0.0035293729,0.0011321373,0.0046615102
0.6828333333,0.0034927190,0.0011719289,0.0046646479
0.6830000000,0.0034554960,0.0012122451,0.0046677411
0.6831666667,0.0034177202,0.0012530697,0.0046707899
0.6833333333,0.0033794083,0.0012943860,0.0046737943
0.6835000000,0.0033405771,0.0013361771,0.0046767542
0.6836666667,0.0033012438,0.0013784253,0.0046796691
0.6838333333,0.0032614256,0.0014211126,0.0046825383
0.6840000000,0.0032211402,0.0014642206,0.0046853608
0.6841666667,0.0031804054,0.0015077308,0.0046881362
0.6843333333,0.0031392391,0.0015516251,0.0046908642
0.6845000000,0.0030976596,0.0015958857,0.0046935453
0.6846666667,0.0030556852,0.0016404945,0.0046961798
0.6848333333,0.0030133346,0.0016854330,0.0046987676
0.6850000000,0.0029706266,0.0017306821,0.0047013087
0.6851666667,0.0029275801,0.0017762226,0.0047038027
0.6853333333,0.0028842142,0.0018220350,0.0047062492
0.6855000000,0.0028405482,0.0018681000,0.0047086483
0.6856666667,0.0027966016,0.0019143982,0.0047109998
0.6858333333,0.0027523938,0.0019609097,0.0047133035
0.6860000000,0.0027079447,0.0020076143,0.0047155590
0.6861666667,0.0026632740,0.0020544918,0.0047177658
0.6863333333,0.0026184016,0.0021015223,0.0047199239
0.6865000000,0.0025733476,0.0021486861,0.0047220337
0.6866666667,0.0025281321,0.0021959640,0.0047240961
0.6868333333,0.0024827753,0.0022433365,0.0047261118
0.6870000000,0.0024372975,0.0022907837,0.0047280812
0.6871666667,0.0023917192,0.0023382849,0.0047300041
0.6873333333,0.0023460608,0.0023858193,0.0047318801
0.6875000000,0.0023003428,0.0024333659,0.0047337087
0.6876666667,0.0022545856,0.0024809041,0.0047354897
0.6878333333,0.0022088098,0.0025284136,0.0047372234
0.6880000000,0.0021630361,0.0025758740,0.0047389101
0.6881666667,0.0021172851,0.0026232650,0.0047405500
0.6883333333,0.0020715772,0.0026705663,0.0047421436
0.6885000000,0.0020259332,0.0027177579,0.0047436912
0.6886666667,0.0019803737,0.0027648200,0.0047451937
0.6888333333,0.0019349191,0.0028117328,0.0047466519
0.6890000000,0.0018895901,0.0028584762,0.0047480663
0.6891666667,0.0018444072,0.0029050300,0.0047494371
0.6893333333,0.0017993907,0.0029513736,0.0047507643
0.6895000000,0.0017545612,0.0029974865,0.0047520477
0.6896666667,0.0017099389,0.0030433483,0.0047532873
0.6898333333,0.0016655441,0.0030889393,0.0047544834
0.6900000000,0.0016213969,0.0031342396,0.0047556365
0.6901666667,0.0015775172,0.0031792301,0.0047567473
0.6903333333,0.0015339251,0.0032238915,0.0047578166
0.6905000000,0.0014906404,0.0032682049,0.0047588453
0.6906666667,0.0014476827,0.0033121517,0.0047598343
0.6908333333,0.0014050716,0.0033557129,0.0047607844
0.6910000000,0.0013628265,0.0033988696,0.0047616961
0.6911666667,0.0013209666,0.0034416029,0.0047625695
0.6913333333,0.0012795111,0.0034838937,0.0047634047
0.6915000000,0.0012384787,0.0035257235,0.0047642022
0.6916666667,0.0011978883,0.0035670743,0.0047649626
0.6918333333,0.0011577583,0.0036079282,0.0047656865
0.6920000000,0.0011181071,0.0036482678,0.0047663749
0.6921666667,0.0010789526,0.0036880757,0.0047670284
0.6923333333,0.0010403129,0.0037273347,0.0047676476
0.6925000000,0.0010022056,0.0037660278,0.0047682335
0.6926666667,0.0009646482,0.0038041388,0.0047687870
0.6928333333,0.0009276579,0.0038416514,0.0047693092
0.6930000000,0.0008912516,0.0038785494,0.0047698010
0.6931666667,0.0008554462,0.0039148166,0.0047702628
0.6933333333,0.0008202581,0.0039504368,0.0047706949
0.6935000000,0.0007857036,0.0039853941,0.0047710977
0.6936666667,0.0007517987,0.0040196734,0.0047714721
0.6938333333,0.0007185590,0.0040532600,0.0047718190
0.6940000000,0.0006860001,0.0040861396,0.0047721397
0.6941666667,0.0006541371,0.0041182980,0.0047724352
0.6943333333,0.0006229850,0.0041497212,0.0047727061
0.6945000000,0.0005925583,0.0041803950,0.0047729533
0.6946666667,0.0005628714,0.0042103061,0.0047731775
0.6948333333,0.0005339383,0.0042394414,0.0047733798
0.6950000000,0.0005057728,0.0042677884,0.0047735612
0.6951666667,0.0004783882,0.0042953345,0.0047737227
0.6953333333,0.0004517976,0.0043220674,0.0047738650
0.6955000000,0.0004260138,0.0043479750,0.0047739888
0.6956666667,0.0004010491,0.0043730459,0.0047740950
0.6958333333,0.0003769155,0.0043972689,0.0047741843
0.6960000000,0.0003536246,0.0044206335,0.0047742581
0.6961666667,0.0003311878,0.0044431295,0.0047743173
0.6963333333,0.0003096160,0.0044647469,0.0047743630
0.6965000000,0.0002889198,0.0044854762,0.0047743960
0.6966666667,0.0002691092,0.0045053082,0.0047744174
0.6968333333,0.0002501941,0.0045242339,0.0047744280
0.6970000000,0.0002321839,0.0045422450,0.0047744289
0.6971666667,0.0002150875,0.0045593335,0.0047744211
0.6973333333,0.0001989137,0.0045754917,0.0047744054
0.6975000000,0.0001836707,0.0045907123,0.0047743830
0.6976666667,0.0001693662,0.0046049884,0.0047743546
0.6978333333,0.0001560078,0.0046183136,0.0047743214
0.6980000000,0.0001436025,0.0046306818,0.0047742843
0.6981666667,0.0001321570,0.0046420874,0.0047742444
0.6983333333,0.0001216776,0.0046525251,0.0047742027
0.6985000000,0.0001121701,0.0046619901,0.0047741602
0.6986666667,0.0001036399,0.0046704779,0.0047741178
0.6988333333,0.0000960921,0.0046779845,0.0047740766
0.6990000000,0.0000895313,0.0046845064,0.0047740377
0.6991666667,0.0000839616,0.0046900403,0.0047740019
0.6993333333,0.0000793867,0.0046945836,0.0047739703
0.6995000000,0.0000758101,0.0046981338,0.0047739438
0.6996666667,0.0000732344,0.0047006890,0.0047739235
0.6998333333,0.0000716623,0.0047022480,0.0047739103
0.7000000000,0.0000710958,0.0047028095,0.0047739053
0.7001666667,0.0000715364,0.0047023730,0.0047739094
0.7003333333,0.0000729854,0.0047009382,0.0047739236
0.7005000000,0.0000754435,0.0046985053,0.0047739488
0.7006666667,0.0000789112,0.0046950750,0.0047739862
0.7008333333,0.0000833885,0.0046906481,0.0047740366
0.7010000000,0.0000888749,0.0046852261,0.0047741009
0.7011666667,0.0000953695,0.0046788107,0.0047741802
0.7013333333,0.0001028712,0.0046714041,0.0047742753
0.7015000000,0.0001113783,0.0046630089,0.0047743873
0.7016666667,0.0001208887,0.0046536283,0.0047745170
0.7018333333,0.0001313999,0.0046432655,0.0047746655
0.7020000000,0.0001429091,0.0046319244,0.0047748335
0.7021666667,0.0001554128,0.0046196093,0.0047750220
0.7023333333,0.0001689072,0.0046063246,0.0047752318
0.7025000000,0.0001833884,0.0045920755,0.0047754639
0.7026666667,0.0001988515,0.0045768676,0.0047757192
0.7028333333,0.0002152917,0.0045607069,0.0047759986
0.7030000000,0.0002327035,0.0045435996,0.0047763031
0.7031666667,0.0002510810,0.0045255524,0.0047766334
0.7033333333,0.0002704179,0.0045065723,0.0047769902
0.7035000000,0.0002907075,0.0044866668,0.0047773743
0.7036666667,0.0003119427,0.0044658439,0.0047777866
0.7038333333,0.0003341159,0.0044441119,0.0047782277
0.7040000000,0.0003572190,0.0044214796,0.0047786987
0.7041666667,0.0003812437,0.0043979564,0.0047792001
0.7043333333,0.0004061809,0.0043735521,0.0047797330
0.7045000000,0.0004320213,0.0043482768,0.0047802982
0.7046666667,0.0004587552,0.0043221413,0.0047808965
0.7048333333,0.0004863722,0.0042951562,0.0047815285
0.7050000000,0.0005148618,0.0042673329,0.0047821947
0.7051666667,0.0005442130,0.0042386828,0.0047828958
0.7053333333,0.0005744143,0.0042092179,0.0047836322
0.7055000000,0.0006054541,0.0041789507,0.0047844047
0.7056666667,0.0006373201,0.0041478940,0.0047852141
0.7058333333,0.0006699999,0.0041160610,0.0047860609
0.7060000000,0.0007034806,0.0040834653,0.0047869460
0.7061666667,0.0007377492,0.0040501206,0.0047878698
0.7063333333,0.0007727920,0.0040160412,0.0047888332
0.7065000000,0.0008085951,0.0039812416,0.0047898368
0.7066666667,0.0008451445,0.0039457368,0.0047908812
0.7068333333,0.0008824254,0.0039095416,0.0047919669
0.7070000000,0.0009204230,0.0038726710,0.0047930940
0.7071666667,0.0009591221,0.0038351404,0.0047942625
0.7073333333,0.0009985072,0.0037969654,0.0047954726
0.7075000000,0.0010385624,0.0037581627,0.0047967251
0.7076666667,0.0010792715,0.0037187493,0.0047980208
0.7078333333,0.0011206180,0.0036787428,0.0047993607
0.7080000000,0.0011625851,0.0036381604,0.0048007454
0.7081666667,0.0012051556,0.0035970197,0.0048021752
0.7083333333,0.0012483120,0.0035553381,0.0048036501
0.7085000000,0.0012920367,0.0035131334,0.0048051702
0.7086666667,0.0013363117,0.0034704238,0.0048067356
0.7088333333,0.0013811186,0.0034272278,0.0048083464
0.7090000000,0.0014264391,0.0033835640,0.0048100030
0.7091666667,0.0014722542,0.0033394513,0.0048117055
0.7093333333,0.0015185451,0.0032949091,0.0048134542
0.7095000000,0.0015652926,0.0032499568,0.0048152494
0.7096666667,0.0016124773,0.0032046146,0.0048170918
0.7098333333,0.0016600795,0.0031589024,0.0048189820
0.7100000000,0.0017080796,0.0031128405,0.0048209201
0.7101666667,0.0017564575,0.0030664489,0.0048229064
0.7103333333,0.0018051929,0.0030197475,0.0048249404
0.7105000000,0.0018542654,0.0029727564,0.0048270218
0.7106666667,0.0019036545,0.0029254958,0.0048291502
0.7108333333,0.0019533392,0.0028779864,0.0048313256
0.7110000000,0.0020032986,0.0028302495,0.0048335481
0.7111666667,0.0020535115,0.0027823065,0.0048358181
0.7113333333,0.0021039566,0.0027341794,0.0048381360
0.7115000000,0.0021546124,0.0026858900,0.0048405024
0.7116666667,0.0022054574,0.0026374600,0.0048429174
0.7118333333,0.0022564698,0.0025889109,0.0048453806
0.7120000000,0.0023076278,0.0025402638,0.0048478916
0.7121666667,0.0023589097,0.0024915399,0.0048504496
0.7123333333,0.0024102935,0.0024427608,0.0048530543
0.7125000000,0.0024617571,0.0023939483,0.0048557055
0.7126666667,0.0025132786,0.0023451245,0.0048584031
0.7128333333,0.0025648358,0.0022963117,0.0048611474
0.7130000000,0.0026164064,0.0022475319,0.0048639383
0.7131666667,0.0026679682,0.0021988073,0.0048667755
0.7133333333,0.0027194989,0.0021501599,0.0048696589
0.7135000000,0.0027709764,0.0021016119,0.0048725883
0.7136666667,0.0028223782,0.0020531855,0.0048755637
0.7138333333,0.0028736820,0.0020049026,0.0048785846
0.7140000000,0.0029248658,0.0019567846,0.0048816504
0.7141666667,0.0029759072,0.0019088530,0.0048847603
0.7143333333,0.0030267842,0.0018611290,0.0048879133
0.7145000000,0.0030774747,0.0018136342,0.0048911090
0.7146666667,0.0031279568,0.0017663906,0.0048943474
0.7148333333,0.0031782085,0.0017194203,0.0048976288
0.7150000000,0.0032282080,0.0016727452,0.0049009532
0.7151666667,0.0032779337,0.0016263866,0.0049043203
0.7153333333,0.0033273639,0.0015803653,0.0049077292
0.7155000000,0.0033764771,0.0015347017,0.0049111788
0.7156666667,0.0034252519,0.0014894162,0.0049146681
0.7158333333,0.0034736669,0.0014445297,0.0049181966
0.7160000000,0.0035217010,0.0014000630,0.0049217640
0.7161666667,0.0035693331,0.0013560370,0.0049253702
0.7163333333,0.0036165423,0.0013124722,0.0049290145
0.7165000000,0.0036633077,0.0012693885,0.0049326962
0.7166666667,0.0037096088,0.0012268056,0.0049364144
0.7168333333,0.0037554253,0.0011847431,0.0049401684
0.7170000000,0.0038007369,0.0011432209,0.0049439579
0.7171666667,0.0038455238,0.0011022586,0.0049477824
0.7173333333,0.0038897661,0.0010618753,0.0049516414
0.7175000000,0.0039334443,0.0010220899,0.0049555341
0.7176666667,0.0039765391,0.0009829203,0.0049594593
0.7178333333,0.0040190313,0.0009443845,0.0049634158
0.7180000000,0.0040609022,0.0009065006,0.0049674028
0.7181666667,0.0041021331,0.0008692868,0.0049714199
0.7183333333,0.0041427057,0.0008327610,0.0049754667
0.7185000000,0.0041826019,0.0007969409,0.0049795427
0.7186666667,0.0042218040,0.0007618432,0.0049836472
0.7188333333,0.0042602946,0.0007274844,0.0049877790
0.7190000000,0.0042980566,0.0006938802,0.0049919367
0.7191666667,0.0043350730,0.0006610465,0.0049961195
0.7193333333,0.0043713275,0.0006289993,0.0050003268
0.7195000000,0.0044068036,0.0005977543,0.0050045579
0.7196666667,0.0044414855,0.0005673266,0.0050088121
0.7198333333,0.0044753576,0.0005377311,0.0050130887
0.7200000000,0.0045084045,0.0005089819,0.0050173864
0.7201666667,0.0045406112,0.0004810927,0.0050217040
0.7203333333,0.0045719633,0.0004540773,0.0050260406
0.7205000000,0.0046024464,0.0004279489,0.0050303954
0.7206666667,0.0046320468,0.0004027208,0.0050347676
0.7208333333,0.0046607511,0.0003784055,0.0050391566
0.7210000000,0.0046885462,0.0003550153,0.0050435614
0.7211666667,0.0047154194,0.0003325617,0.0050479811
0.7213333333,0.0047413586,0.0003110558,0.0050524144
0.7215000000,0.0047663518,0.0002905082,0.0050568600
0.7216666667,0.0047903877,0.0002709294,0.0050613170
0.7218333333,0.0048134551,0.0002523296,0.0050657847
0.7220000000,0.0048355433,0.0002347190,0.0050702623
0.7221666667,0.0048566421,0.0002181071,0.0050747492
0.7223333333,0.0048767416,0.0002025026,0.0050792442
0.7225000000,0.0048958325,0.0001879135,0.0050837460
0.7226666667,0.0049139058,0.0001743473,0.0050882531
0.7228333333,0.0049309530,0.0001618114,0.0050927644
0.7230000000,0.0049469660,0.0001503133,0.0050972793
0.7231666667,0.0049619372,0.0001398602,0.0051017974
0.7233333333,0.0049758595,0.0001304585,0.0051063181
0.7235000000,0.0049887262,0.0001221140,0.0051108402
0.7236666667,0.0050005310,0.0001148311,0.0051153621
0.7238333333,0.0050112681,0.0001086141,0.0051198822
0.7240000000,0.0050209322,0.0001034673,0.0051243995
0.7241666667,0.0050295185,0.0000993950,0.0051289134
0.7243333333,0.0050370225,0.0000964011,0.0051334236
0.7245000000,0.0050434403,0.0000944889,0.0051379292
0.7246666667,0.0050487685,0.0000936603,0.0051424288
0.7248333333,0.0050530042,0.0000939166,0.0051469208
0.7250000000,0.0050561448,0.0000952592,0.0051514040
0.7251666667,0.0050581883,0.0000976895,0.0051558778
0.7253333333,0.0050591333,0.0001012088,0.0051603421
0.7255000000,0.0050589786,0.0001058176,0.0051647963
0.7256666667,0.0050577237,0.0001115155,0.0051692391
0.7258333333,0.0050553683,0.0001183004,0.0051736688
0.7260000000,0.0050519131,0.0001261704,0.0051780835
0.7261666667,0.0050473589,0.0001351233,0.0051824822
0.7263333333,0.0050417070,0.0001451575,0.0051868645
0.7265000000,0.0050349594,0.0001562709,0.0051912302
0.7266666667,0.0050271184,0.0001684607,0.0051955791
0.7268333333,0.0050181869,0.0001817232,0.0051999101
0.7270000000,0.0050081682,0.0001960536,0.0052042218
0.7271666667,0.0049970661,0.0002114468,0.0052085129
0.7273333333,0.0049848848,0.0002278977,0.0052127824
0.7275000000,0.0049716289,0.0002454005,0.0052170294
0.7276666667,0.0049573038,0.0002639494,0.0052212531
0.7278333333,0.0049419151,0.0002835374,0.0052254525
0.7280000000,0.0049254690,0.0003041574,0.0052296264
0.7281666667,0.0049079723,0.0003258020,0.0052337743
0.7283333333,0.0048894321,0.0003484635,0.0052378956
0.7285000000,0.0048698560,0.0003721340,0.0052419900
0.7286666667,0.0048492521,0.0003968049,0.0052460570
0.7288333333,0.0048276289,0.0004224668,0.0052500957
0.7290000000,0.0048049953,0.0004491094,0.0052541048
0.7291666667,0.0047813607,0.0004767222,0.0052580829
0.7293333333,0.0047567350,0.0005052941,0.0052620291
0.7295000000,0.0047311285,0.0005348141,0.0052659426
0.7296666667,0.0047045519,0.0005652706,0.0052698225
0.7298333333,0.0046770166,0.0005966519,0.0052736685
0.7300000000,0.0046485341,0.0006289461,0.0052774802
0.7301666667,0.0046191165,0.0006621412,0.0052812577
0.7303333333,0.0045887764,0.0006962243,0.0052850007
0.7305000000,0.0045575267,0.0007311818,0.0052887085
0.7306666667,0.0045253806,0.0007669992,0.0052923798
0.7308333333,0.0044923519,0.0008036610,0.0052960129
0.7310000000,0.0044584547,0.0008411518,0.0052996065
0.7311666667,0.0044237035,0.0008794566,0.0053031602
0.7313333333,0.0043881133,0.0009185606,0.0053066740
0.7315000000,0.0043516994,0.0009584489,0.0053101483
0.7316666667,0.0043144774,0.0009991056,0.0053135830
0.7318333333,0.0042764634,0.0010405140,0.0053169775
0.7320000000,0.0042376739,0.0010826569,0.0053203308
0.7321666667,0.0041981256,0.0011255166,0.0053236423
0.7323333333,0.0041578357,0.0011690757,0.0053269114
0.7325000000,0.0041168216,0.0012133162,0.0053301378
0.7326666667,0.0040751011,0.0012582197,0.0053333208
0.7328333333,0.0040326925,0.0013037669,0.0053364594
0.7330000000,0.0039896140,0.0013499387,0.0053395527
0.7331666667,0.0039458846,0.0013967160,0.0053426006
0.7333333333,0.0039015232,0.0014440806,0.0053456037
0.7335000000,0.0038565492,0.0014920137,0.0053485629
0.7336666667,0.0038109825,0.0015404957,0.0053514782
0.7338333333,0.0037648427,0.0015895060,0.0053543487
0.7340000000,0.0037181503,0.0016390228,0.0053571731
0.7341666667,0.0036709256,0.0016890243,0.0053599499
0.7343333333,0.0036231894,0.0017394895,0.0053626789
0.7345000000,0.0035749628,0.0017903976,0.0053653604
0.7346666667,0.0035262668,0.0018417281,0.0053679949
0.7348333333,0.0034771230,0.0018934597,0.0053705828
0.7350000000,0.0034275531,0.0019455708,0.0053731239
0.7351666667,0.0033775788,0.0019980391,0.0053756179
0.7353333333,0.0033272223,0.0020508422,0.0053780645
0.7355000000,0.0032765058,0.0021039581,0.0053804639
0.7356666667,0.0032254517,0.0021573641,0.0053828158
0.7358333333,0.0031740827,0.0022110373,0.0053851200
0.7360000000,0.0031224216,0.0022649542,0.0053873759
0.7361666667,0.0030704914,0.0023190917,0.0053895831
0.7363333333,0.0030183150,0.0023734268,0.0053917418
0.7365000000,0.0029659157,0.0024279369,0.0053938526
0.7366666667,0.0029133167,0.0024825996,0.0053959164
0.7368333333,0.0028605416,0.0025373919,0.0053979335
0.7370000000,0.0028076138,0.0025922900,0.0053999037
0.7371666667,0.0027545569,0.0026472699,0.0054018268
0.7373333333,0.0027013946,0.0027023076,0.0054037022
0.7375000000,0.0026481508,0.0027573792,0.0054055301
0.7376666667,0.0025948493,0.0028124612,0.0054073105
0.7378333333,0.0025415140,0.0028675300,0.0054090440
0.7380000000,0.0024881688,0.0029225620,0.0054107308
0.7381666667,0.0024348376,0.0029775338,0.0054123715
0.7383333333,0.0023815444,0.0030324220,0.0054139664
0.7385000000,0.0023283131,0.0030872030,0.0054155161
0.7386666667,0.0022751677,0.0031418532,0.0054170209
0.7388333333,0.0022221321,0.0031963486,0.0054184807
0.7390000000,0.0021692303,0.0032506653,0.0054198957
0.7391666667,0.0021164863,0.0033047794,0.0054212657
0.7393333333,0.0020639238,0.0033586675,0.0054225913
0.7395000000,0.0020115667,0.0034123064,0.0054238732
0.7396666667,0.0019594386,0.0034656733,0.0054251120
0.7398333333,0.0019075632,0.0035187452,0.0054263084
0.7400000000,0.0018559641,0.0035714987,0.0054274628
0.7401666667,0.0018046646,0.0036239108,0.0054285753
0.7403333333,0.0017536881,0.0036759585,0.0054296466
0.7405000000,0.0017030579,0.0037276191,0.0054306770
0.7406666667,0.0016527972,0.0037788702,0.0054316673
0.7408333333,0.0016029288,0.0038296892,0.0054326180
0.7410000000,0.0015534755,0.0038800537,0.0054335292
0.7411666667,0.0015044601,0.0039299415,0.0054344016
0.7413333333,0.0014559049,0.0039793309,0.0054352358
0.7415000000,0.0014078323,0.0040282004,0.0054360327
0.7416666667,0.0013602643,0.0040765290,0.0054367933
0.7418333333,0.0013132230,0.0041242953,0.0054375182
0.7420000000,0.0012667299,0.0041714780,0.0054382079
0.7421666667,0.0012208065,0.0042180560,0.0054388626
0.7423333333,0.0011754742,0.0042640085,0.0054394828
0.7425000000,0.0011307539,0.0043093155,0.0054400694
0.7426666667,0.0010866663,0.0043539573,0.0054406236
0.7428333333,0.0010432319,0.0043979142,0.0054411462
0.7430000000,0.0010004711,0.0044411668,0.0054416379
0.7431666667,0.0009584037,0.0044836957,0.0054420994
0.7433333333,0.0009170494,0.0045254816,0.0054425310
0.7435000000,0.0008764275,0.0045665061,0.0054429337
0.7436666667,0.0008365572,0.0046067512,0.0054433083
0.7438333333,0.0007974571,0.0046461989,0.0054436561
0.7440000000,0.0007591458,0.0046848318,0.0054439776
0.7441666667,0.0007216413,0.0047226325,0.0054442738
0.7443333333,0.0006849614,0.0047595837,0.0054445452
0.7445000000,0.0006491236,0.0047956691,0.0054447926
0.7446666667,0.0006141448,0.0048308724,0.0054450171
0.7448333333,0.0005800418,0.0048651780,0.0054452198
0.7450000000,0.0005468309,0.0048985706,0.0054454015
0.7451666667,0.0005145281,0.0049310350,0.0054455632
0.7453333333,0.0004831490,0.0049625564,0.0054457054
0.7455000000,0.0004527086,0.0049931205,0.0054458291
0.7456666667,0.0004232219,0.0050227133,0.0054459352
0.7458333333,0.0003947032,0.0050513216,0.0054460248
0.7460000000,0.0003671665,0.0050789326,0.0054460990
0.7461666667,0.0003406252,0.0051055336,0.0054461588
0.7463333333,0.0003150927,0.0051311123,0.0054462049
0.7465000000,0.0002905814,0.0051556569,0.0054462383
0.7466666667,0.0002671037,0.0051791562,0.0054462599
0.7468333333,0.0002446713,0.0052015992,0.0054462706
0.7470000000,0.0002232957,0.0052229758,0.0054462715
0.7471666667,0.0002029877,0.0052432759,0.0054462637
0.7473333333,0.0001837579,0.0052624902,0.0054462481
0.7475000000,0.0001656161,0.0052806096,0.0054462257
0.7476666667,0.0001485719,0.0052976255,0.0054461975
0.7478333333,0.0001326344,0.0053135300,0.0054461644
0.7480000000,0.0001178120,0.0053283155,0.0054461275
0.7481666667,0.0001041128,0.0053419749,0.0054460878
0.7483333333,0.0000915445,0.0053545017,0.0054460462
0.7485000000,0.0000801141,0.0053658897,0.0054460038
0.7486666667,0.0000698283,0.0053761332,0.0054459615
0.7488333333,0.0000606932,0.0053852272,0.0054459204
0.7490000000,0.0000527143,0.0053931671,0.0054458814
0.7491666667,0.0000458968,0.0053999488,0.0054458456
0.7493333333,0.0000402453,0.0054055687,0.0054458140
0.7495000000,0.0000357637,0.0054100238,0.0054457875
0.7496666667,0.0000324558,0.0054133114,0.0054457672
0.7498333333,0.0000303246,0.0054154295,0.0054457540
0.7500000000,0.0000293726,0.0054163764,0.0054457490
0.7501666667,0.0000296020,0.0054161511,0.0054457531
0.7503333333,0.0000310141,0.0054147531,0.0054457672
0.7505000000,0.0000336100,0.0054121825,0.0054457925
0.7506666667,0.0000373901,0.0054084397,0.0054458298
0.7508333333,0.0000423544,0.0054035257,0.0054458800
0.7510000000,0.0000485023,0.0053974420,0.0054459443
0.7511666667,0.0000558327,0.0053901907,0.0054460234
0.7513333333,0.0000643441,0.0053817742,0.0054461184
0.7515000000,0.0000740344,0.0053721958,0.0054462302
0.7516666667,0.0000849008,0.0053614590,0.0054463598
0.7518333333,0.0000969401,0.0053495680,0.0054465081
0.7520000000,0.0001101487,0.0053365273,0.0054466760
0.7521666667,0.0001245223,0.0053223420,0.0054468643
0.7523333333,0.0001400563,0.0053070177,0.0054470740
0.7525000000,0.0001567453,0.0052905607,0.0054473060
0.7526666667,0.0001745838,0.0052729775,0.0054475612
0.7528333333,0.0001935653,0.0052542752,0.0054478404
0.7530000000,0.0002136830,0.0052344615,0.0054481445
0.7531666667,0.0002349298,0.0052135444,0.0054484742
0.7533333333,0.0002572978,0.0051915327,0.0054488304
0.7535000000,0.0002807787,0.0051684356,0.0054492142
0.7536666667,0.0003053637,0.0051442627,0.0054496264
0.7538333333,0.0003310436,0.0051190242,0.0054500677
0.7540000000,0.0003578085,0.0050927304,0.0054505389
0.7541666667,0.0003856483,0.0050653921,0.0054510405
0.7543333333,0.0004145522,0.0050370209,0.0054515731
0.7545000000,0.0004445089,0.0050076286,0.0054521375
0.7546666667,0.0004755069,0.0049772280,0.0054527349
0.7548333333,0.0005075338,0.0049458323,0.0054533661
0.7550000000,0.0005405771,0.0049134547,0.0054540318
0.7551666667,0.0005746237,0.0048801090,0.0054547327
0.7553333333,0.0006096601,0.0048458090,0.0054554691
0.7555000000,0.0006456722,0.0048105694,0.0054562416
0.7556666667,0.0006826456,0.0047744052,0.0054570508
0.7558333333,0.0007205655,0.0047373320,0.0054578975
0.7560000000,0.0007594166,0.0046993658,0.0054587824
0.7561666667,0.0007991832,0.0046605229,0.0054597061
0.7563333333,0.0008398490,0.0046208200,0.0054606690
0.7565000000,0.0008813976,0.0045802742,0.0054616718
0.7566666667,0.0009238121,0.0045389031,0.0054627151
0.7568333333,0.0009670749,0.0044967248,0.0054637998
0.7570000000,0.0010111685,0.0044537577,0.0054649261
0.7571666667,0.0010560746,0.0044100199,0.0054660945
0.7573333333,0.0011017748,0.0043655302,0.0054673051
0.7575000000,0.0011482503,0.0043203076,0.0054685579
0.7576666667,0.0011954817,0.0042743719,0.0054698536
0.7578333333,0.0012434496,0.0042277434,0.0054711930
0.7580000000,0.0012921340,0.0041804429,0.0054725769
0.7581666667,0.0013415147,0.0041324912,0.0054740059
0.7583333333,0.0013915710,0.0040839091,0.0054754801
0.7585000000,0.0014422822,0.0040347175,0.0054769997
0.7586666667,0.0014936269,0.0039849376,0.0054785645
0.7588333333,0.0015455837,0.0039345909,0.0054801746
0.7590000000,0.0015981308,0.0038836996,0.0054818305
0.7591666667,0.0016512462,0.0038322862,0.0054835323
0.7593333333,0.0017049074,0.0037803733,0.0054852807
0.7595000000,0.0017590920,0.0037279840,0.0054870761
0.7596666667,0.0018137771,0.0036751417,0.0054889188
0.7598333333,0.0018689395,0.0036218697,0.0054908092
0.7600000000,0.0019245560,0.0035681913,0.0054927472
0.7601666667,0.0019806029,0.0035141298,0.0054947327
0.7603333333,0.0020370566,0.0034597087,0.0054967653
0.7605000000,0.0020938930,0.0034049518,0.0054988449
0.7606666667,0.0021510881,0.0033498835,0.0055009717
0.7608333333,0.0022086176,0.0032945286,0.0055031462
0.7610000000,0.0022664568,0.0032389120,0.0055053688
0.7611666667,0.0023245813,0.0031830584,0.0055076397
0.7613333333,0.0023829661,0.0031269926,0.0055099587
0.7615000000,0.0024415863,0.0030707393,0.0055123256
0.7616666667,0.0025004169,0.0030143234,0.0055147402
0.7618333333,0.0025594326,0.0029577698,0.0055172024
0.7620000000,0.0026186082,0.0029011037,0.0055197119
0.7621666667,0.0026779183,0.0028443501,0.0055222684
0.7623333333,0.0027373375,0.0027875341,0.0055248715
0.7625000000,0.0027968402,0.0027306812,0.0055275214
0.7626666667,0.0028564008,0.0026738175,0.0055302183
0.7628333333,0.0029159937,0.0026169691,0.0055329628
0.7630000000,0.0029755931,0.0025601616,0.0055357547
0.7631666667,0.0030351734,0.0025034201,0.0055385935
0.7633333333,0.0030947089,0.0024467691,0.0055414780
0.7635000000,0.0031541738,0.0023902333,0.0055444071
0.7636666667,0.0032135425,0.0023338380,0.0055473805
0.7638333333,0.0032727892,0.0022776093,0.0055503985
0.7640000000,0.0033318882,0.0022215735,0.0055534616
0.7641666667,0.0033908139,0.0021657563,0.0055565702
0.7643333333,0.0034495408,0.0021101828,0.0055597236
0.7645000000,0.0035080433,0.0020548775,0.0055629208
0.7646666667,0.0035662960,0.0019998647,0.0055661607
0.7648333333,0.0036242735,0.0019451692,0.0055694428
0.7650000000,0.0036819507,0.0018908162,0.0055727669
0.7651666667,0.0037393023,0.0018368306,0.0055761329
0.7653333333,0.0037963033,0.0017832369,0.0055795402
0.7655000000,0.0038529289,0.0017300592,0.0055829881
0.7656666667,0.0039091543,0.0016773218,0.0055864760
0.7658333333,0.0039649549,0.0016250489,0.0055900038
0.7660000000,0.0040203063,0.0015732650,0.0055935713
0.7661666667,0.0040751842,0.0015219938,0.0055971780
0.7663333333,0.0041295646,0.0014712584,0.0056008230
0.7665000000,0.0041834235,0.0014210815,0.0056045050
0.7666666667,0.0042367374,0.0013714855,0.0056082228
0.7668333333,0.0042894827,0.0013224932,0.0056119759
0.7670000000,0.0043416364,0.0012741279,0.0056157643
0.7671666667,0.0043931754,0.0012264125,0.0056195879
0.7673333333,0.0044440769,0.0011793694,0.0056234463
0.7675000000,0.0044943185,0.0011330202,0.0056273387
0.7676666667,0.0045438780,0.0010873856,0.0056312637
0.7678333333,0.0045927336,0.0010424866,0.0056352202
0.7680000000,0.0046408635,0.0009983438,0.0056392073
0.7681666667,0.0046882465,0.0009549780,0.0056432245
0.7683333333,0.0047348615,0.0009124096,0.0056472710
0.7685000000,0.0047806878,0.0008706585,0.0056513463
0.7686666667,0.0048257051,0.0008297446,0.0056554497
0.7688333333,0.0048698934,0.0007896871,0.0056595805
0.7690000000,0.0049132329,0.0007505052,0.0056637381
0.7691666667,0.0049557043,0.0007122172,0.0056679215
0.7693333333,0.0049972887,0.0006748408,0.0056721295
0.7695000000,0.0050379675,0.0006383932,0.0056763607
0.7696666667,0.0050777225,0.0006028917,0.0056806142
0.7698333333,0.0051165358,0.0005683535,0.0056848893
0.7700000000,0.0051543901,0.0005347957,0.0056891858
0.7701666667,0.0051912682,0.0005022349,0.0056935032
0.7703333333,0.0052271538,0.0004706866,0.0056978403
0.7705000000,0.0052620304,0.0004401655,0.0057021959
0.7706666667,0.0052958825,0.0004106860,0.0057065684
0.7708333333,0.0053286946,0.0003822624,0.0057109570
0.7710000000,0.0053604519,0.0003549091,0.0057153611
0.7711666667,0.0053911401,0.0003286400,0.0057197801
0.7713333333,0.0054207452,0.0003034680,0.0057242131
0.7715000000,0.0054492535,0.0002794053,0.0057286588
0.7716666667,0.0054766523,0.0002564636,0.0057331159
0.7718333333,0.0055029288,0.0002346546,0.0057375834
0.7720000000,0.0055280710,0.0002139898,0.0057420608
0.7721666667,0.0055520674,0.0001944802,0.0057465476
0.7723333333,0.0055749068,0.0001761358,0.0057510426
0.7725000000,0.0055965788,0.0001589656,0.0057555444
0.7726666667,0.0056170731,0.0001429783,0.0057600514
0.7728333333,0.0056363803,0.0001281822,0.0057645625
0.7730000000,0.0056544913,0.0001145861,0.0057690774
0.7731666667,0.0056713975,0.0001021982,0.0057735956
0.7733333333,0.0056870909,0.0000910257,0.0057781166
0.7735000000,0.0057015642,0.0000810748,0.0057826390
0.7736666667,0.0057148101,0.0000723508,0.0057871609
0.7738333333,0.0057268225,0.0000648584,0.0057916809
0.7740000000,0.0057375953,0.0000586026,0.0057961979
0.7741666667,0.0057471233,0.0000535885,0.0058007118
0.7743333333,0.0057554016,0.0000498205,0.0058052221
0.7745000000,0.0057624260,0.0000473021,0.0058097281
0.7746666667,0.0057681927,0.0000460356,0.0058142283
0.7748333333,0.0057726987,0.0000460226,0.0058187213
0.7750000000,0.0057759412,0.0000472645,0.0058232058
0.7751666667,0.0057779183,0.0000497624,0.0058276807
0.7753333333,0.0057786284,0.0000535172,0.0058321457
0.7755000000,0.0057780707,0.0000585291,0.0058365998
0.7756666667,0.0057762447,0.0000647976,0.0058410423
0.7758333333,0.0057731506,0.0000723214,0.0058454720
0.7760000000,0.0057687890,0.0000810988,0.0058498879
0.7761666667,0.0057631614,0.0000911277,0.0058542891
0.7763333333,0.0057562696,0.0001024052,0.0058586747
0.7765000000,0.0057481159,0.0001149280,0.0058630439
0.7766666667,0.0057387034,0.0001286923,0.0058673956
0.7768333333,0.0057280355,0.0001436933,0.0058717288
0.7770000000,0.0057161163,0.0001599263,0.0058760426
0.7771666667,0.0057029505,0.0001773857,0.0058803362
0.7773333333,0.0056885433,0.0001960658,0.0058846091
0.7775000000,0.0056729002,0.0002159601,0.0058888604
0.7776666667,0.0056560278,0.0002370616,0.0058930894
0.7778333333,0.0056379328,0.0002593625,0.0058972952
0.7780000000,0.0056186225,0.0002828546,0.0059014771
0.7781666667,0.0055981049,0.0003075291,0.0059056340
0.7783333333,0.0055763884,0.0003333767,0.0059097652
0.7785000000,0.0055534821,0.0003603877,0.0059138697
0.7786666667,0.0055293953,0.0003885517,0.0059179470
0.7788333333,0.0055041383,0.0004178584,0.0059219967
0.7790000000,0.0054777216,0.0004482968,0.0059260184
0.7791666667,0.0054501563,0.0004798556,0.0059300118
0.7793333333,0.0054214539,0.0005125223,0.0059339762
0.7795000000,0.0053916266,0.0005462839,0.0059379106
0.7796666667,0.0053606871,0.0005811268,0.0059418139
0.7798333333,0.0053286484,0.0006170371,0.0059456855
0.7800000000,0.0052955243,0.0006540010,0.0059495252
0.7801666667,0.0052613288,0.0006920042,0.0059533330
0.7803333333,0.0052260765,0.0007310324,0.0059571089
0.7805000000,0.0051897825,0.0007710700,0.0059608525
0.7806666667,0.0051524625,0.0008121007,0.0059645632
0.7808333333,0.0051141323,0.0008541078,0.0059682401
0.7810000000,0.0050748086,0.0008970742,0.0059718828
0.7811666667,0.0050345082,0.0009409828,0.0059754911
0.7813333333,0.0049932486,0.0009858163,0.0059790650
0.7815000000,0.0049510476,0.0010315568,0.0059826044
0.7816666667,0.0049079235,0.0010781856,0.0059861091
0.7818333333,0.0048638948,0.0011256837,0.0059895785
0.7820000000,0.0048189809,0.0011740316,0.0059930124
0.7821666667,0.0047732011,0.0012232097,0.0059964108
0.7823333333,0.0047265755,0.0012731983,0.0059997738
0.7825000000,0.0046791243,0.0013239771,0.0060031015
0.7826666667,0.0046308683,0.0013755251,0.0060063934
0.7828333333,0.0045818284,0.0014278207,0.0060096491
0.7830000000,0.0045320263,0.0014808417,0.0060128680
0.7831666667,0.0044814837,0.0015345660,0.0060160497
0.7833333333,0.0044302228,0.0015889719,0.0060191946
0.7835000000,0.0043782660,0.0016440371,0.0060223030
0.7836666667,0.0043256362,0.0016997391,0.0060253752
0.7838333333,0.0042723565,0.0017560544,0.0060284109
0.7840000000,0.0042184505,0.0018129588,0.0060314093
0.7841666667,0.0041639418,0.0018704277,0.0060343695
0.7843333333,0.0041088547,0.0019284365,0.0060372911
0.7845000000,0.0040532132,0.0019869608,0.0060401740
0.7846666667,0.0039970422,0.0020459761,0.0060430184
0.7848333333,0.0039403664,0.0021054578,0.0060458243
0.7850000000,0.0038832110,0.0021653805,0.0060485915
0.7851666667,0.0038256013,0.0022257181,0.0060513193
0.7853333333,0.0037675629,0.0022864443,0.0060540071
0.7855000000,0.0037091215,0.0023475328,0.0060566543
0.7856666667,0.0036503032,0.0024089574,0.0060592605
0.7858333333,0.0035911341,0.0024706915,0.0060618256
0.7860000000,0.0035316406,0.0025327084,0.0060643490
0.7861666667,0.0034718492,0.0025949811,0.0060668303
0.7863333333,0.0034117866,0.0026574822,0.0060692688
0.7865000000,0.0033514796,0.0027201845,0.0060716641
0.7866666667,0.0032909551,0.0027830612,0.0060740163
0.7868333333,0.0032302402,0.0028460851,0.0060763253
0.7870000000,0.0031693621,0.0029092287,0.0060785908
0.7871666667,0.0031083480,0.0029724642,0.0060808122
0.7873333333,0.0030472254,0.0030357634,0.0060829888
0.7875000000,0.0029860215,0.0030990984,0.0060851199
0.7876666667,0.0029247639,0.0031624415,0.0060872054
0.7878333333,0.0028634801,0.0032257657,0.0060892458
0.7880000000,0.0028021976,0.0032890438,0.0060912414
0.7881666667,0.0027409440,0.0033522486,0.0060931926
0.7883333333,0.0026797470,0.0034153523,0.0060950994
0.7885000000,0.0026186340,0.0034783272,0.0060969612
0.7886666667,0.0025576327,0.0035411453,0.0060987780
0.7888333333,0.0024967705,0.0036037791,0.0061005497
0.7890000000,0.0024360751,0.0036662016,0.0061022767
0.7891666667,0.0023755737,0.0037283858,0.0061039595
0.7893333333,0.0023152938,0.0037903050,0.0061055989
0.7895000000,0.0022552627,0.0038519326,0.0061071953
0.7896666667,0.0021955077,0.0039132416,0.0061087493
0.7898333333,0.0021360557,0.0039742054,0.0061102611
0.7900000000,0.0020769339,0.0040347972,0.0061117310
0.7901666667,0.0020181690,0.0040949902,0.0061131592
0.7903333333,0.0019597879,0.0041547581,0.0061145460
0.7905000000,0.0019018170,0.0042140748,0.0061158918
0.7906666667,0.0018442828,0.0042729145,0.0061171973
0.7908333333,0.0017872114,0.0043312516,0.0061184631
0.7910000000,0.0017306291,0.0043890607,0.0061196898
0.7911666667,0.0016745614,0.0044463164,0.0061208779
0.7913333333,0.0016190342,0.0045029933,0.0061220275
0.7915000000,0.0015640727,0.0045590663,0.0061231391
0.7916666667,0.0015097021,0.0046145105,0.0061242127
0.7918333333,0.0014559473,0.0046693013,0.0061252486
0.7920000000,0.0014028329,0.0047234142,0.0061262472
0.7921666667,0.0013503833,0.0047768255,0.0061272087
0.7923333333,0.0012986224,0.0048295114,0.0061281338
0.7925000000,0.0012475741,0.0048814489,0.0061290230
0.7926666667,0.0011972618,0.0049326151,0.0061298769
0.7928333333,0.0011477087,0.0049829873,0.0061306959
0.7930000000,0.0010989375,0.0050325429,0.0061314805
0.7931666667,0.0010509709,0.0050812596,0.0061322305
0.7933333333,0.0010038310,0.0051291153,0.0061329463
0.7935000000,0.0009575395,0.0051760889,0.0061336284
0.7936666667,0.0009121179,0.0052221598,0.0061342777
0.7938333333,0.0008675873,0.0052673079,0.0061348953
0.7940000000,0.0008239685,0.0053115135,0.0061354820
0.7941666667,0.0007812819,0.0053547568,0.0061360387
0.7943333333,0.0007395474,0.0053970181,0.0061365655
0.7945000000,0.0006987846,0.0054382783,0.0061370629
0.7946666667,0.0006590127,0.0054785189,0.0061375316
0.7948333333,0.0006202505,0.0055177220,0.0061379726
0.7950000000,0.0005825164,0.0055558705,0.0061383869
0.7951666667,0.0005458283,0.0055929472,0.0061387756
0.7953333333,0.0005102038,0.0056289356,0.0061391393
0.7955000000,0.0004756597,0.0056638192,0.0061394790
0.7956666667,0.0004422129,0.0056975822,0.0061397951
0.7958333333,0.0004098793,0.0057302093,0.0061400887
0.7960000000,0.0003786747,0.0057616857,0.0061403604
0.7961666667,0.0003486142,0.0057919970,0.0061406112
0.7963333333,0.0003197124,0.0058211292,0.0061408416
0.7965000000,0.0002919834,0.0058490690,0.0061410525
0.7966666667,0.0002654410,0.0058758035,0.0061412445
0.7968333333,0.0002400981,0.0059013205,0.0061414186
0.7970000000,0.0002159674,0.0059256083,0.0061415757
0.7971666667,0.0001930609,0.0059486558,0.0061417167
0.7973333333,0.0001713902,0.0059704521,0.0061418423
0.7975000000,0.0001509662,0.0059909868,0.0061419530
0.7976666667,0.0001317995,0.0060102502,0.0061420497
0.7978333333,0.0001138998,0.0060282334,0.0061421332
0.7980000000,0.0000972765,0.0060449279,0.0061422045
0.7981666667,0.0000819386,0.0060603260,0.0061422646
0.7983333333,0.0000678942,0.0060744203,0.0061423145
0.7985000000,0.0000551511,0.0060872041,0.0061423551
0.7986666667,0.0000437164,0.0060986709,0.0061423873
0.7988333333,0.0000335968,0.0061088151,0.0061424119
0.7990000000,0.0000247983,0.0061176317,0.0061424299
0.7991666667,0.0000173263,0.0061251161,0.0061424424
0.7993333333,0.0000111857,0.0061312647,0.0061424504
0.7995000000,0.0000063808,0.0061360740,0.0061424548
0.7996666667,0.0000029153,0.0061395415,0.0061424568
0.7998333333,0.0000007924,0.0061416648,0.0061424572
0.8000000000,0.0000000146,0.0061424425,0.0061424571
0.8001666667,0.0000005840,0.0061418736,0.0061424576
0.8003333333,0.0000025018,0.0061399578,0.0061424597
0.8005000000,0.0000057690,0.0061366954,0.0061424644
0.8006666667,0.0000103856,0.0061320872,0.0061424728
0.8008333333,0.0000163515,0.0061261347,0.0061424861
0.8010000000,0.0000236656,0.0061188397,0.0061425054
0.8011666667,0.0000323267,0.0061102050,0.0061425317
0.8013333333,0.0000423325,0.0061002338,0.0061425663
0.8015000000,0.0000536805,0.0060889299,0.0061426104
0.8016666667,0.0000663676,0.0060762977,0.0061426653
0.8018333333,0.0000803899,0.0060623424,0.0061427323
0.8020000000,0.0000957433,0.0060470695,0.0061428127
0.8021666667,0.0001124226,0.0060304853,0.0061429079
0.8023333333,0.0001304225,0.0060125965,0.0061430191
0.8025000000,0.0001497369,0.0059934107,0.0061431476
0.8026666667,0.0001703591,0.0059729359,0.0061432949
0.8028333333,0.0001922819,0.0059511805,0.0061434624
0.8030000000,0.0002154975,0.0059281538,0.0061436513
0.8031666667,0.0002399974,0.0059038656,0.0061438630
0.8033333333,0.0002657728,0.0058783263,0.0061440991
0.8035000000,0.0002928141,0.0058515468,0.0061443609
0.8036666667,0.0003211111,0.0058235387,0.0061446497
0.8038333333,0.0003506532,0.0057943137,0.0061449669
0.8040000000,0.0003814291,0.0057638844,0.0061453135
0.8041666667,0.0004134270,0.0057322638,0.0061456908
0.8043333333,0.0004466345,0.0056994657,0.0061461002
0.8045000000,0.0004810387,0.0056655046,0.0061465432
0.8046666667,0.0005166260,0.0056303953,0.0061470213
0.8048333333,0.0005533823,0.0055941532,0.0061475355
0.8050000000,0.0005912931,0.0055567941,0.0061480871
0.8051666667,0.0006303430,0.0055183341,0.0061486771
0.8053333333,0.0006705165,0.0054787900,0.0061493065
0.8055000000,0.0007117973,0.0054381794,0.0061499767
0.8056666667,0.0007541687,0.0053965202,0.0061506889
0.8058333333,0.0007976135,0.0053538307,0.0061514442
0.8060000000,0.0008421141,0.0053101296,0.0061522436
0.8061666667,0.0008876523,0.0052654356,0.0061530879
0.8063333333,0.0009342096,0.0052197679,0.0061539775
0.8065000000,0.0009817671,0.0051731464,0.0061549134
0.8066666667,0.0010303053,0.0051255910,0.0061558963
0.8068333333,0.0010798044,0.0050771225,0.0061569269
0.8070000000,0.0011302443,0.0050277614,0.0061580057
0.8071666667,0.0011816041,0.0049775289,0.0061591330
0.8073333333,0.0012338629,0.0049264464,0.0061603092
0.8075000000,0.0012869991,0.0048745358,0.0061615349
0.8076666667,0.0013409908,0.0048218198,0.0061628106
0.8078333333,0.0013958157,0.0047683211,0.0061641368
0.8080000000,0.0014514512,0.0047140629,0.0061655140
0.8081666667,0.0015078740,0.0046590686,0.0061669425
0.8083333333,0.0015650607,0.0046033620,0.0061684226
0.8085000000,0.0016229875,0.0045469677,0.0061699551
0.8086666667,0.0016816302,0.0044899108,0.0061715410
0.8088333333,0.0017409642,0.0044322171,0.0061731812
0.8090000000,0.0018009646,0.0043739121,0.0061748767
0.8091666667,0.0018616062,0.0043150217,0.0061766280
0.8093333333,0.0019228636,0.0042555720,0.0061784356
0.8095000000,0.0019847109,0.0041955893,0.0061803003
0.8096666667,0.0020471221,0.0041351008,0.0061822228
0.8098333333,0.0021100707,0.0040741338,0.0061842045
0.8100000000,0.0021735302,0.0040127161,0.0061862463
0.8101666667,0.0022374736,0.0039508754,0.0061883490
0.8103333333,0.0023018740,0.0038886391,0.0061905132
0.8105000000,0.0023667040,0.0038260350,0.0061927391
0.8106666667,0.0024319361,0.0037630909,0.0061950270
0.8108333333,0.0024975424,0.0036998351,0.0061973775
0.8110000000,0.0025634950,0.0036362961,0.0061997912
0.8111666667,0.0026297659,0.0035725026,0.0062022685
0.8113333333,0.0026963265,0.0035084834,0.0062048098
0.8115000000,0.0027631482,0.0034442672,0.0062074154
0.8116666667,0.0028302025,0.0033798828,0.0062100853
0.8118333333,0.0028974604,0.0033153592,0.0062128196
0.8120000000,0.0029648929,0.0032507254,0.0062156182
0.8121666667,0.0030324709,0.0031860104,0.0062184813
0.8123333333,0.0031001653,0.0031212435,0.0062214087
0.8125000000,0.0031679468,0.0030564534,0.0062244002
0.8126666667,0.0032357861,0.0029916695,0.0062274556
0.8128333333,0.0033036540,0.0029269206,0.0062305746
0.8130000000,0.0033715211,0.0028622359,0.0062337570
0.8131666667,0.0034393581,0.0027976446,0.0062370026
0.8133333333,0.0035071355,0.0027331753,0.0062403108
0.8135000000,0.0035748241,0.0026688569,0.0062436810
0.8136666667,0.0036423944,0.0026047178,0.0062471122
0.8138333333,0.0037098171,0.0025407867,0.0062506038
0.8140000000,0.0037770630,0.0024770926,0.0062541556
0.8141666667,0.0038441027,0.0024136646,0.0062577673
0.8143333333,0.0039109070,0.0023505319,0.0062614389
0.8145000000,0.0039774470,0.0022877235,0.0062651705
0.8146666667,0.0040436935,0.0022252681,0.0062689616
0.8148333333,0.0041096179,0.0021631941,0.0062728120
0.8150000000,0.0041751914,0.0021015300,0.0062767215
0.8151666667,0.0042403855,0.0020403044,0.0062806900
0.8153333333,0.0043051718,0.0019795460,0.0062847178
0.8155000000,0.0043695221,0.0019192835,0.0062888055
0.8156666667,0.0044334082,0.0018595453,0.0062929535
0.8158333333,0.0044968024,0.0018003594,0.0062971618
0.8160000000,0.0045596768,0.0017417533,0.0063014301
0.8161666667,0.0046220039,0.0016837539,0.0063057578
0.8163333333,0.0046837565,0.0016263879,0.0063101445
0.8165000000,0.0047449074,0.0015696818,0.0063145892
0.8166666667,0.0048054298,0.0015136615,0.0063190913
0.8168333333,0.0048652970,0.0014583529,0.0063236499
0.8170000000,0.0049244826,0.0014037814,0.0063282640
0.8171666667,0.0049829607,0.0013499717,0.0063329323
0.8173333333,0.0050407054,0.0012969482,0.0063376536
0.8175000000,0.0050976913,0.0012447348,0.0063424261
0.8176666667,0.0051538933,0.0011933552,0.0063472485
0.8178333333,0.0052092866,0.0011428326,0.0063521193
0.8180000000,0.0052638469,0.0010931902,0.0063570371
0.8181666667,0.0053175501,0.0010444508,0.0063620009
0.8183333333,0.0053703724,0.0009966370,0.0063670094
0.8185000000,0.0054222906,0.0009497713,0.0063720619
0.8186666667,0.0054732818,0.0009038757,0.0063771575
0.8188333333,0.0055233234,0.0008589723,0.0063822956
0.8190000000,0.0055723931,0.0008150826,0.0063874757
0.8191666667,0.0056204693,0.0007722274,0.0063926967
0.8193333333,0.0056675306,0.0007304272,0.0063979577
0.8195000000,0.0057135560,0.0006897015,0.0064032576
0.8196666667,0.0057585253,0.0006500700,0.0064085953
0.8198333333,0.0058024183,0.0006115519,0.0064139702
0.8200000000,0.0058452156,0.0005741662,0.0064193817
0.8201666667,0.0058868981,0.0005379312,0.0064248293
0.8203333333,0.0059274472,0.0005028644,0.0064303116
0.8205000000,0.0059668447,0.0004689821,0.0064358268
0.8206666667,0.0060050731,0.0004362999,0.0064413730
0.8208333333,0.0060421151,0.0004048331,0.0064469482
0.8210000000,0.0060779542,0.0003745969,0.0064525510
0.8211666667,0.0061125741,0.0003456063,0.0064581804
0.8213333333,0.0061459594,0.0003178758,0.0064638352
0.8215000000,0.0061780950,0.0002914186,0.0064695136
0.8216666667,0.0062089665,0.0002662470,0.0064752135
0.8218333333,0.0062385600,0.0002423723,0.0064809322
0.8220000000,0.0062668621,0.0002198057,0.0064866678
0.8221666667,0.0062938602,0.0001985583,0.0064924185
0.8223333333,0.0063195419,0.0001786407,0.0064981826
0.8225000000,0.0063438957,0.0001600627,0.0065039583
0.8226666667,0.0063669103,0.0001428332,0.0065097436
0.8228333333,0.0063885753,0.0001269609,0.0065155361
0.8230000000,0.0064088805,0.0001124538,0.0065213343
0.8231666667,0.0064278168,0.0000993201,0.0065271369
0.8233333333,0.0064453752,0.0000875677,0.0065329429
0.8235000000,0.0064615476,0.0000772034,0.0065387510
0.8236666667,0.0064763264,0.0000682331,0.0065445595
0.8238333333,0.0064897047,0.0000606618,0.0065503665
0.8240000000,0.0065016763,0.0000544945,0.0065561708
0.8241666667,0.0065122354,0.0000497364,0.0065619718
0.8243333333,0.0065213769,0.0000463926,0.0065677695
0.8245000000,0.0065290964,0.0000444671,0.0065735635
0.8246666667,0.0065353900,0.0000439626,0.0065793526
0.8248333333,0.0065402544,0.0000448803,0.0065851347
0.8250000000,0.0065436870,0.0000472206,0.0065909075
0.8251666667,0.0065456858,0.0000509835,0.0065966692
0.8253333333,0.0065462493,0.0000561692,0.0066024186
0.8255000000,0.0065453770,0.0000627778,0.0066081548
0.8256666667,0.0065430686,0.0000708082,0.0066138768
0.8258333333,0.0065393247,0.0000802580,0.0066195827
0.8260000000,0.0065341464,0.0000911240,0.0066252704
0.8261666667,0.0065275355,0.0001034025,0.0066309380
0.8263333333,0.0065194945,0.0001170895,0.0066365839
0.8265000000,0.0065100263,0.0001321811,0.0066422075
0.8266666667,0.0064991348,0.0001486732,0.0066478079
0.8268333333,0.0064868241,0.0001665609,0.0066533849
0.8270000000,0.0064730991,0.0001858388,0.0066589379
0.8271666667,0.0064579656,0.0002065012,0.0066644668
0.8273333333,0.0064414295,0.0002285418,0.0066699714
0.8275000000,0.0064234978,0.0002519539,0.0066754517
0.8276666667,0.0064041779,0.0002767295,0.0066809074
0.8278333333,0.0063834778,0.0003028598,0.0066863376
0.8280000000,0.0063614061,0.0003303351,0.0066917412
0.8281666667,0.0063379721,0.0003591451,0.0066971172
0.8283333333,0.0063131858,0.0003892791,0.0067024649
0.8285000000,0.0062870575,0.0004207259,0.0067077833
0.8286666667,0.0062595983,0.0004534732,0.0067130715
0.8288333333,0.0062308198,0.0004875079,0.0067183277
0.8290000000,0.0062007344,0.0005228155,0.0067235499
0.8291666667,0.0061693549,0.0005593810,0.0067287359
0.8293333333,0.0061366948,0.0005971890,0.0067338838
0.8295000000,0.0061027680,0.0006362238,0.0067389919
0.8296666667,0.0060675892,0.0006764698,0.0067440590
0.8298333333,0.0060311735,0.0007179108,0.0067490843
0.8300000000,0.0059935365,0.0007605304,0.0067540669
0.8301666667,0.0059546944,0.0008043116,0.0067590060
0.8303333333,0.0059146639,0.0008492369,0.0067639008
0.8305000000,0.0058734624,0.0008952877,0.0067687501
0.8306666667,0.0058311076,0.0009424450,0.0067735527
0.8308333333,0.0057876179,0.0009906894,0.0067783073
0.8310000000,0.0057430122,0.0010400014,0.0067830136
0.8311666667,0.0056973099,0.0010903613,0.0067876712
0.8313333333,0.0056505308,0.0011417495,0.0067922804
0.8315000000,0.0056026955,0.0011941453,0.0067968407
0.8316666667,0.0055538246,0.0012475267,0.0068013512
0.8318333333,0.0055039395,0.0013018709,0.0068058103
0.8320000000,0.0054530619,0.0013571546,0.0068102165
0.8321666667,0.0054012140,0.0014133550,0.0068145689
0.8323333333,0.0053484183,0.0014704491,0.0068188675
0.8325000000,0.0052946981,0.0015284142,0.0068231124
0.8326666667,0.0052400769,0.0015872266,0.0068273035
0.8328333333,0.0051845786,0.0016468615,0.0068314400
0.8330000000,0.0051282275,0.0017072934,0.0068355209
0.8331666667,0.0050710485,0.0017684968,0.0068395453
0.8333333333,0.0050130667,0.0018304461,0.0068435129
0.8335000000,0.0049543075,0.0018931160,0.0068474236
0.8336666667,0.0048947968,0.0019564806,0.0068512774
0.8338333333,0.0048345607,0.0020205133,0.0068550740
0.8340000000,0.0047736258,0.0020851873,0.0068588131
0.8341666667,0.0047120189,0.0021504754,0.0068624943
0.8343333333,0.0046497672,0.0022163507,0.0068661179
0.8345000000,0.0045868983,0.0022827857,0.0068696840
0.8346666667,0.0045234399,0.0023497526,0.0068731925
0.8348333333,0.0044594202,0.0024172225,0.0068766427
0.8350000000,0.0043948675,0.0024851663,0.0068800338
0.8351666667,0.0043298103,0.0025535547,0.0068833650
0.8353333333,0.0042642775,0.0026223589,0.0068866364
0.8355000000,0.0041982981,0.0026915502,0.0068898483
0.8356666667,0.0041319015,0.0027610992,0.0068930007
0.8358333333,0.0040651171,0.0028309759,0.0068960930
0.8360000000,0.0039979747,0.0029011490,0.0068991237
0.8361666667,0.0039305040,0.0029715874,0.0069020914
0.8363333333,0.0038627351,0.0030422605,0.0069049956
0.8365000000,0.0037946981,0.0031131382,0.0069078364
0.8366666667,0.0037264233,0.0031841912,0.0069106145
0.8368333333,0.0036579412,0.0032553895,0.0069133307
0.8370000000,0.0035892824,0.0033267027,0.0069159851
0.8371666667,0.0035204773,0.0033981002,0.0069185776
0.8373333333,0.0034515569,0.0034695513,0.0069211083
0.8375000000,0.0033825519,0.0035410258,0.0069235777
0.8376666667,0.0033134933,0.0036124937,0.0069259870
0.8378333333,0.0032444118,0.0036839254,0.0069283372
0.8380000000,0.0031753386,0.0037552905,0.0069306292
0.8381666667,0.0031063046,0.0038265588,0.0069328634
0.8383333333,0.0030373408,0.0038976992,0.0069350400
0.8385000000,0.0029684782,0.0039686811,0.0069371593
0.8386666667,0.0028997478,0.0040394734,0.0069392212
0.8388333333,0.0028311805,0.0041100451,0.0069412257
0.8390000000,0.0027628073,0.0041803652,0.0069431725
0.8391666667,0.0026946589,0.0042504027,0.0069450617
0.8393333333,0.0026267662,0.0043201270,0.0069468932
0.8395000000,0.0025591598,0.0043895077,0.0069486675
0.8396666667,0.0024918701,0.0044585148,0.0069503849
0.8398333333,0.0024249277,0.0045271183,0.0069520460
0.8400000000,0.0023583627,0.0045952885,0.0069536512
0.8401666667,0.0022922054,0.0046629956,0.0069552010
0.8403333333,0.0022264857,0.0047302104,0.0069566961
0.8405000000,0.0021612335,0.0047969038,0.0069581373
0.8406666667,0.0020964785,0.0048630474,0.0069595259
0.8408333333,0.0020322500,0.0049286127,0.0069608627
0.8410000000,0.0019685774,0.0049935712,0.0069621487
0.8411666667,0.0019054898,0.0050578946,0.0069633844
0.8413333333,0.0018430158,0.0051215546,0.0069645704
0.8415000000,0.0017811841,0.0051845233,0.0069657073
0.8416666667,0.0017200227,0.0052467730,0.0069667957
0.8418333333,0.0016595599,0.0053082763,0.0069678362
0.8420000000,0.0015998233,0.0053690061,0.0069688294
0.8421666667,0.0015408403,0.0054289358,0.0069697761
0.8423333333,0.0014826380,0.0054880393,0.0069706773
0.8425000000,0.0014252434,0.0055462908,0.0069715342
0.8426666667,0.0013686828,0.0056036648,0.0069723476
0.8428333333,0.0013129822,0.0056601362,0.0069731185
0.8430000000,0.0012581675,0.0057156802,0.0069738477
0.8431666667,0.0012042640,0.0057702723,0.0069745363
0.8433333333,0.0011512966,0.0058238888,0.0069751854
0.8435000000,0.0010992901,0.0058765063,0.0069757964
0.8436666667,0.0010482686,0.0059281018,0.0069763704
0.8438333333,0.0009982560,0.0059786524,0.0069769084
0.8440000000,0.0009492757,0.0060281354,0.0069774111
0.8441666667,0.0009013505,0.0060765285,0.0069778790
0.8443333333,0.0008545030,0.0061238099,0.0069783130
0.8445000000,0.0008087552,0.0061699589,0.0069787140
0.8446666667,0.0007641285,0.0062149549,0.0069790834
0.8448333333,0.0007206440,0.0062587783,0.0069794222
0.8450000000,0.0006783223,0.0063014092,0.0069797316
0.8451666667,0.0006371836,0.0063428287,0.0069800123
0.8453333333,0.0005972475,0.0063830180,0.0069802655
0.8455000000,0.0005585329,0.0064219595,0.0069804924
0.8456666667,0.0005210584,0.0064596359,0.0069806943
0.8458333333,0.0004848421,0.0064960307,0.0069808728
0.8460000000,0.0004499013,0.0065311279,0.0069810292
0.8461666667,0.0004162530,0.0065649117,0.0069811647
0.8463333333,0.0003839137,0.0065973669,0.0069812806
0.8465000000,0.0003528991,0.0066284789,0.0069813780
0.8466666667,0.0003232245,0.0066582337,0.0069814582
0.8468333333,0.0002949046,0.0066866178,0.0069815224
0.8470000000,0.0002679535,0.0067136185,0.0069815720
0.8471666667,0.0002423847,0.0067392233,0.0069816080
0.8473333333,0.0002182111,0.0067634205,0.0069816316
0.8475000000,0.0001954450,0.0067861989,0.0069816439
0.8476666667,0.0001740980,0.0068075481,0.0069816461
0.8478333333,0.0001541813,0.0068274583,0.0069816395
0.8480000000,0.0001357052,0.0068459201,0.0069816254
0.8481666667,0.0001186797,0.0068629251,0.0069816048
0.8483333333,0.0001031138,0.0068784653,0.0069815791
0.8485000000,0.0000890161,0.0068925334,0.0069815495
0.8486666667,0.0000763944,0.0069051229,0.0069815173
0.8488333333,0.0000652561,0.0069162278,0.0069814840
0.8490000000,0.0000556078,0.0069258430,0.0069814508
0.8491666667,0.0000474555,0.0069339637,0.0069814192
0.8493333333,0.0000408044,0.0069405860,0.0069813903
0.8495000000,0.0000356592,0.0069457063,0.0069813655
0.8496666667,0.0000320240,0.0069493220,0.0069813460
0.8498333333,0.0000299021,0.0069514310,0.0069813331
0.8500000000,0.0000292961,0.0069520318,0.0069813280
0.8501666667,0.0000302082,0.0069511237,0.0069813320
0.8503333333,0.0000326397,0.0069487065,0.0069813462
0.8505000000,0.0000365913,0.0069447807,0.0069813720
0.8506666667,0.0000420631,0.0069393474,0.0069814106
0.8508333333,0.0000490544,0.0069324088,0.0069814632
0.8510000000,0.0000575638,0.0069239674,0.0069815312
0.8511666667,0.0000675894,0.0069140264,0.0069816158
0.8513333333,0.0000791285,0.0069025898,0.0069817183
0.8515000000,0.0000921777,0.0068896622,0.0069818399
0.8516666667,0.0001067330,0.0068752487,0.0069819817
0.8518333333,0.0001227899,0.0068593551,0.0069821451
0.8520000000,0.0001403430,0.0068419881,0.0069823311
0.8521666667,0.0001593863,0.0068231546,0.0069825409
0.8523333333,0.0001799132,0.0068028626,0.0069827758
0.8525000000,0.0002019163,0.0067811203,0.0069830366
0.8526666667,0.0002253878,0.0067579368,0.0069833246
0.8528333333,0.0002503190,0.0067333218,0.0069836407
0.8530000000,0.0002767007,0.0067072855,0.0069839862
0.8531666667,0.0003045230,0.0066798392,0.0069843622
0.8533333333,0.0003337755,0.0066509945,0.0069847700
0.8535000000,0.0003644469,0.0066207638,0.0069852107
0.8536666667,0.0003965254,0.0065891601,0.0069856855
0.8538333333,0.0004299987,0.0065561967,0.0069861954
0.8540000000,0.0004648535,0.0065218879,0.0069867414
0.8541666667,0.0005010763,0.0064862481,0.0069873244
0.8543333333,0.0005386528,0.0064492927,0.0069879455
0.8545000000,0.0005775680,0.0064110374,0.0069886054
0.8546666667,0.0006178066,0.0063714986,0.0069893052
0.8548333333,0.0006593525,0.0063306932,0.0069900457
0.8550000000,0.0007021890,0.0062886390,0.0069908279
0.8551666667,0.0007462988,0.0062453539,0.0069916527
0.8553333333,0.0007916642,0.0062008569,0.0069925211
0.8555000000,0.0008382668,0.0061551673,0.0069934341
0.8556666667,0.0008860875,0.0061083051,0.0069943926
0.8558333333,0.0009351070,0.0060602906,0.0069953976
0.8560000000,0.0009853053,0.0060111448,0.0069964500
0.8561666667,0.0010366617,0.0059608891,0.0069975508
0.8563333333,0.0010891551,0.0059095456,0.0069987007
0.8565000000,0.0011427641,0.0058571365,0.0069999006
0.8566666667,0.0011974663,0.0058036846,0.0070011509
0.8568333333,0.0012532392,0.0057492126,0.0070024518
0.8570000000,0.0013100598,0.0056937440,0.0070038037
0.8571666667,0.0013679044,0.0056373026,0.0070052071
0.8573333333,0.0014267492,0.0055799133,0.0070066625
0.8575000000,0.0014865696,0.0055216014,0.0070081710
0.8576666667,0.0015473407,0.0054623927,0.0070097334
0.8578333333,0.0016090371,0.0054023133,0.0070113505
0.8580000000,0.0016716331,0.0053413897,0.0070130228
0.8581666667,0.0017351023,0.0052796487,0.0070147509
0.8583333333,0.0017994181,0.0052171174,0.0070165355
0.8585000000,0.0018645536,0.0051538237,0.0070183773
0.8586666667,0.0019304815,0.0050897959,0.0070202774
0.8588333333,0.0019971738,0.0050250624,0.0070222362
0.8590000000,0.0020646025,0.0049596515,0.0070242540
0.8591666667,0.0021327392,0.0048935915,0.0070263307
0.8593333333,0.0022015549,0.0048269111,0.0070284660
0.8595000000,0.0022710207,0.0047596390,0.0070306597
0.8596666667,0.0023411071,0.0046918050,0.0070329120
0.8598333333,0.0024117844,0.0046234389,0.0070352233
0.8600000000,0.0024830227,0.0045545711,0.0070375938
0.8601666667,0.0025547917,0.0044852321,0.0070400238
0.8603333333,0.0026270609,0.0044154527,0.0070425136
0.8605000000,0.0026997996,0.0043452639,0.0070450635
0.8606666667,0.0027729768,0.0042746972,0.0070476740
0.8608333333,0.0028465612,0.0042037844,0.0070503457
0.8610000000,0.0029205215,0.0041325573,0.0070530788
0.8611666667,0.0029948262,0.0040610474,0.0070558736
0.8613333333,0.0030694433,0.0039892867,0.0070587300
0.8615000000,0.0031443411,0.0039173070,0.0070616481
0.8616666667,0.0032194873,0.0038451404,0.0070646277
0.8618333333,0.0032948499,0.0037728190,0.0070676689
0.8620000000,0.0033703965,0.0037003749,0.0070707714
0.8621666667,0.0034460946,0.0036278399,0.0070739345
0.8623333333,0.0035219118,0.0035552458,0.0070771577
0.8625000000,0.0035978156,0.0034826248,0.0070804403
0.8626666667,0.0036737731,0.0034100091,0.0070837822
0.8628333333,0.0037497519,0.0033374317,0.0070871836
0.8630000000,0.0038257190,0.0032649255,0.0070906445
0.8631666667,0.0039016419,0.0031925233,0.0070941652
0.8633333333,0.0039774877,0.0031202574,0.0070977452
0.8635000000,0.0040532238,0.0030481603,0.0071013841
0.8636666667,0.0041288173,0.0029762643,0.0071050816
0.8638333333,0.0042042357,0.0029046020,0.0071088376
0.8640000000,0.0042794462,0.0028332059,0.0071126520
0.8641666667,0.0043544163,0.0027621085,0.0071165249
0.8643333333,0.0044291137,0.0026913421,0.0071204558
0.8645000000,0.0045035057,0.0026209383,0.0071244441
0.8646666667,0.0045775603,0.0025509286,0.0071284890
0.8648333333,0.0046512453,0.0024813441,0.0071325895
0.8650000000,0.0047245287,0.0024122159,0.0071367445
0.8651666667,0.0047973785,0.0023435749,0.0071409534
0.8653333333,0.0048697632,0.0022754523,0.0071452155
0.8655000000,0.0049416513,0.0022078791,0.0071495304
0.8656666667,0.0050130114,0.0021408863,0.0071538977
0.8658333333,0.0050838125,0.0020745045,0.0071583170
0.8660000000,0.0051540237,0.0020087639,0.0071627876
0.8661666667,0.0052236144,0.0019436944,0.0071673089
0.8663333333,0.0052925542,0.0018793259,0.0071718801
0.8665000000,0.0053608130,0.0018156877,0.0071765008
0.8666666667,0.0054283609,0.0017528095,0.0071811704
0.8668333333,0.0054951684,0.0016907200,0.0071858885
0.8670000000,0.0055612063,0.0016294479,0.0071906542
0.8671666667,0.0056264456,0.0015690208,0.0071954664
0.8673333333,0.0056908577,0.0015094661,0.0072003238
0.8675000000,0.0057544144,0.0014508108,0.0072052253
0.8676666667,0.0058170878,0.0013930818,0.0072101697
0.8678333333,0.0058788504,0.0013363058,0.0072151562
0.8680000000,0.0059396749,0.0012805089,0.0072201838
0.8681666667,0.0059995347,0.0012257170,0.0072252518
0.8683333333,0.0060584035,0.0011719556,0.0072303591
0.8685000000,0.0061162553,0.0011192501,0.0072355054
0.8686666667,0.0061730646,0.0010676254,0.0072406900
0.8688333333,0.0062288063,0.0010171059,0.0072459122
0.8690000000,0.0062834558,0.0009677150,0.0072511708
0.8691666667,0.0063369889,0.0009194752,0.0072564641
0.8693333333,0.0063893820,0.0008724084,0.0072617904
0.8695000000,0.0064406120,0.0008265365,0.0072671485
0.8696666667,0.0064906561,0.0007818815,0.0072725375
0.8698333333,0.0065394921,0.0007384650,0.0072779571
0.8700000000,0.0065870983,0.0006963081,0.0072834064
0.8701666667,0.0066334537,0.0006554302,0.0072888839
0.8703333333,0.0066785375,0.0006158504,0.0072943879
0.8705000000,0.0067223297,0.0005775873,0.0072999169
0.8706666667,0.0067648108,0.0005406595,0.0073054703
0.8708333333,0.0068059619,0.0005050860,0.0073110479
0.8710000000,0.0068457645,0.0004708848,0.0073166493
0.8711666667,0.0068842009,0.0004380725,0.0073222734
0.8713333333,0.0069212538,0.0004066645,0.0073279183
0.8715000000,0.0069569066,0.0003766748,0.0073335814
0.8716666667,0.0069911433,0.0003481175,0.0073392608
0.8718333333,0.0070239485,0.0003210065,0.0073449550
0.8720000000,0.0070553074,0.0002953558,0.0073506632
0.8721666667,0.0070852059,0.0002711787,0.0073563846
0.8723333333,0.0071136304,0.0002484877,0.0073621180
0.8725000000,0.0071405680,0.0002272944,0.0073678624
0.8726666667,0.0071660065,0.0002076103,0.0073736168
0.8728333333,0.0071899342,0.0001894462,0.0073793805
0.8730000000,0.0072123403,0.0001728124,0.0073851528
0.8731666667,0.0072332145,0.0001577182,0.0073909327
0.8733333333,0.0072525472,0.0001441717,0.0073967189
0.8735000000,0.0072703293,0.0001321801,0.0074025094
0.8736666667,0.0072865527,0.0001217498,0.0074083025
0.8738333333,0.0073012097,0.0001128869,0.0074140965
0.8740000000,0.0073142934,0.0001055968,0.0074198902
0.8741666667,0.0073257976,0.0000998841,0.0074256816
0.8743333333,0.0073357168,0.0000957523,0.0074314691
0.8745000000,0.0073440462,0.0000932044,0.0074372507
0.8746666667,0.0073507817,0.0000922434,0.0074430251
0.8748333333,0.0073559197,0.0000928723,0.0074487920
0.8750000000,0.0073594575,0.0000950940,0.0074545515
0.8751666667,0.0073613931,0.0000989105,0.0074603036
0.8753333333,0.0073617251,0.0001043224,0.0074660475
0.8755000000,0.0073604529,0.0001113286,0.0074717816
0.8756666667,0.0073575767,0.0001199272,0.0074775039
0.8758333333,0.0073530970,0.0001301153,0.0074832123
0.8760000000,0.0073470156,0.0001418898,0.0074889053
0.8761666667,0.0073393344,0.0001552471,0.0074945815
0.8763333333,0.0073300563,0.0001701830,0.0075002394
0.8765000000,0.0073191851,0.0001866925,0.0075058776
0.8766666667,0.0073067250,0.0002047697,0.0075114947
0.8768333333,0.0072926810,0.0002244080,0.0075170890
0.8770000000,0.0072770588,0.0002456008,0.0075226596
0.8771666667,0.0072598647,0.0002683407,0.0075282054
0.8773333333,0.0072411058,0.0002926203,0.0075337261
0.8775000000,0.0072207900,0.0003184313,0.0075392214
0.8776666667,0.0071989257,0.0003457650,0.0075446908
0.8778333333,0.0071755221,0.0003746115,0.0075501336
0.8780000000,0.0071505890,0.0004049596,0.0075555486
0.8781666667,0.0071241369,0.0004367970,0.0075609339
0.8783333333,0.0070961771,0.0004701102,0.0075662873
0.8785000000,0.0070667213,0.0005048856,0.0075716069
0.8786666667,0.0070357821,0.0005411093,0.0075768914
0.8788333333,0.0070033728,0.0005787675,0.0075821403
0.8790000000,0.0069695071,0.0006178457,0.0075873527
0.8791666667,0.0069341995,0.0006583285,0.0075925281
0.8793333333,0.0068974653,0.0007001998,0.0075976650
0.8795000000,0.0068593200,0.0007434424,0.0076027625
0.8796666667,0.0068197803,0.0007880392,0.0076078195
0.8798333333,0.0067788630,0.0008339726,0.0076128356
0.8800000000,0.0067365859,0.0008812246,0.0076178105
0.8801666667,0.0066929672,0.0009297765,0.0076227437
0.8803333333,0.0066480258,0.0009796084,0.0076276342
0.8805000000,0.0066017811,0.0010306995,0.0076324806
0.8806666667,0.0065542531,0.0010830286,0.0076372817
0.8808333333,0.0065054626,0.0011365738,0.0076420364
0.8810000000,0.0064554306,0.0011913132,0.0076467438
0.8811666667,0.0064041790,0.0012472239,0.0076514029
0.8813333333,0.0063517300,0.0013042827,0.0076560127
0.8815000000,0.0062981065,0.0013624658,0.0076605722
0.8816666667,0.0062433317,0.0014217494,0.0076650811
0.8818333333,0.0061874298,0.0014821094,0.0076695392
0.8820000000,0.0061304249,0.0015435213,0.0076739462
0.8821666667,0.0060723421,0.0016059595,0.0076783016
0.8823333333,0.0060132068,0.0016693974,0.0076826042
0.8825000000,0.0059530448,0.0017338082,0.0076868529
0.8826666667,0.0058918824,0.0017991646,0.0076910470
0.8828333333,0.0058297465,0.0018654399,0.0076951865
0.8830000000,0.0057666644,0.0019326070,0.0076992714
0.8831666667,0.0057026637,0.0020006380,0.0077033017
0.8833333333,0.0056377726,0.0020695036,0.0077072762
0.8835000000,0.0055720195,0.0021391741,0.0077111936
0.8836666667,0.0055054334,0.0022096193,0.0077150526
0.8838333333,0.0054380435,0.0022808094,0.0077188529
0.8840000000,0.0053698796,0.0023527152,0.0077225948
0.8841666667,0.0053009717,0.0024253070,0.0077262787
0.8843333333,0.0052313502,0.0024985544,0.0077299046
0.8845000000,0.0051610458,0.0025724260,0.0077334719
0.8846666667,0.0050900896,0.0026468899,0.0077369795
0.8848333333,0.0050185128,0.0027219141,0.0077404269
0.8850000000,0.0049463472,0.0027974669,0.0077438141
0.8851666667,0.0048736246,0.0028735166,0.0077471412
0.8853333333,0.0048003773,0.0029500312,0.0077504086
0.8855000000,0.0047266377,0.0030269780,0.0077536157
0.8856666667,0.0046524385,0.0031043238,0.0077567623
0.8858333333,0.0045778126,0.0031820352,0.0077598478
0.8860000000,0.0045027931,0.0032600790,0.0077628721
0.8861666667,0.0044274133,0.0033384220,0.0077658353
0.8863333333,0.0043517067,0.0034170308,0.0077687375
0.8865000000,0.0042757070,0.0034958718,0.0077715788
0.8866666667,0.0041994480,0.0035749111,0.0077743591
0.8868333333,0.0041229636,0.0036541149,0.0077770785
0.8870000000,0.0040462879,0.0037334493,0.0077797372
0.8871666667,0.0039694550,0.0038128804,0.0077823354
0.8873333333,0.0038924993,0.0038923739,0.0077848732
0.8875000000,0.0038154551,0.0039718952,0.0077873504
0.8876666667,0.0037383569,0.0040514099,0.0077897667
0.8878333333,0.0036612389,0.0041308836,0.0077921225
0.8880000000,0.0035841358,0.0042102823,0.0077944180
0.8881666667,0.0035070820,0.0042895722,0.0077966541
0.8883333333,0.0034301120,0.0043687194,0.0077988314
0.8885000000,0.0033532603,0.0044476897,0.0078009500
0.8886666667,0.0032765614,0.0045264488,0.0078030101
0.8888333333,0.0032000496,0.0046049623,0.0078050119
0.8890000000,0.0031237594,0.0046831963,0.0078069557
0.8891666667,0.0030477250,0.0047611170,0.0078088419
0.8893333333,0.0029719805,0.0048386907,0.0078106712
0.8895000000,0.0028965600,0.0049158838,0.0078124438
0.8896666667,0.0028214975,0.0049926626,0.0078141601
0.8898333333,0.0027468267,0.0050689935,0.0078158202
0.8900000000,0.0026725813,0.0051448434,0.0078174247
0.8901666667,0.0025987948,0.0052201795,0.0078189743
0.8903333333,0.0025255003,0.0052949694,0.0078204698
0.8905000000,0.0024527311,0.0053691810,0.0078219121
0.8906666667,0.0023805199,0.0054427823,0.0078233022
0.8908333333,0.0023088994,0.0055157415,0.0078246409
0.8910000000,0.0022379021,0.0055880268,0.0078259288
0.8911666667,0.0021675599,0.0056596065,0.0078271663
0.8913333333,0.0020979047,0.0057304491,0.0078283538
0.8915000000,0.0020289681,0.0058005236,0.0078294916
0.8916666667,0.0019607813,0.0058697991,0.0078305804
0.8918333333,0.0018933751,0.0059382458,0.0078316209
0.8920000000,0.0018267803,0.0060058339,0.0078326142
0.8921666667,0.0017610269,0.0060725343,0.0078335613
0.8923333333,0.0016961449,0.0061383182,0.0078344631
0.8925000000,0.0016321637,0.0062031568,0.0078353205
0.8926666667,0.0015691125,0.0062670220,0.0078361345
0.8928333333,0.0015070199,0.0063298864,0.0078369063
0.8930000000,0.0014459143,0.0063917226,0.0078376370
0.8931666667,0.0013858237,0.0064525040,0.0078383277
0.8933333333,0.0013267754,0.0065122037,0.0078389791
0.8935000000,0.0012687966,0.0065707952,0.0078395918
0.8936666667,0.0012119137,0.0066282526,0.0078401663
0.8938333333,0.0011561529,0.0066845505,0.0078407034
0.8940000000,0.0011015400,0.0067396642,0.0078412041
0.8941666667,0.0010480999,0.0067935699,0.0078416698
0.8943333333,0.0009958575,0.0068462443,0.0078421018
0.8945000000,0.0009448369,0.0068976644,0.0078425012
0.8946666667,0.0008950618,0.0069478076,0.0078428694
0.8948333333,0.0008465554,0.0069966521,0.0078432074
0.8950000000,0.0007993403,0.0070441763,0.0078435166
0.8951666667,0.0007534387,0.0070903594,0.0078437981
0.8953333333,0.0007088722,0.0071351807,0.0078440529
0.8955000000,0.0006656617,0.0071786203,0.0078442820
0.8956666667,0.0006238275,0.0072206587,0.0078444862
0.8958333333,0.0005833896,0.0072612770,0.0078446667
0.8960000000,0.0005443672,0.0073004573,0.0078448245
0.8961666667,0.0005067788,0.0073381822,0.0078449610
0.8963333333,0.0004706424,0.0073744349,0.0078450773
0.8965000000,0.0004359754,0.0074091995,0.0078451749
0.8966666667,0.0004027944,0.0074424606,0.0078452549
0.8968333333,0.0003711155,0.0074742033,0.0078453188
0.8970000000,0.0003409542,0.0075044137,0.0078453678
0.8971666667,0.0003123251,0.0075330783,0.0078454034
0.8973333333,0.0002852425,0.0075601843,0.0078454268
0.8975000000,0.0002597197,0.0075857193,0.0078454390
0.8976666667,0.0002357694,0.0076096717,0.0078454411
0.8978333333,0.0002134038,0.0076320304,0.0078454342
0.8980000000,0.0001926343,0.0076527853,0.0078454196
0.8981666667,0.0001734714,0.0076719273,0.0078453987
0.8983333333,0.0001559253,0.0076894474,0.0078453728
0.8985000000,0.0001400054,0.0077053379,0.0078453432
0.8986666667,0.0001257201,0.0077195912,0.0078453113
0.8988333333,0.0001130776,0.0077322007,0.0078452783
0.8990000000,0.0001020850,0.0077431604,0.0078452454
0.8991666667,0.0000927490,0.0077524650,0.0078452139
0.8993333333,0.0000850753,0.0077601100,0.0078451853
0.8995000000,0.0000790691,0.0077660915,0.0078451606
0.8996666667,0.0000747349,0.0077704063,0.0078451412
0.8998333333,0.0000720763,0.0077730521,0.0078451284
0.9000000000,0.0000710963,0.0077740270,0.0078451233
0.9001666667,0.0000717970,0.0077733301,0.0078451272
0.9003333333,0.0000741801,0.0077709613,0.0078451415
0.9005000000,0.0000782463,0.0077669210,0.0078451673
0.9006666667,0.0000839956,0.0077612104,0.0078452061
0.9008333333,0.0000914275,0.0077538313,0.0078452588
0.9010000000,0.0001005406,0.0077447863,0.0078453269
0.9011666667,0.0001113328,0.0077340787,0.0078454115
0.9013333333,0.0001238014,0.0077217125,0.0078455139
0.9015000000,0.0001379429,0.0077076923,0.0078456352
0.9016666667,0.0001537532,0.0076920235,0.0078457767
0.9018333333,0.0001712274,0.0076747122,0.0078459396
0.9020000000,0.0001903600,0.0076557652,0.0078461252
0.9021666667,0.0002111447,0.0076351898,0.0078463345
0.9023333333,0.0002335745,0.0076129943,0.0078465688
0.9025000000,0.0002576417,0.0075891875,0.0078468292
0.9026666667,0.0002833380,0.0075637788,0.0078471169
0.9028333333,0.0003106544,0.0075367786,0.0078474330
0.9030000000,0.0003395809,0.0075081978,0.0078477786
0.9031666667,0.0003701070,0.0074780479,0.0078481549
0.9033333333,0.0004022216,0.0074463413,0.0078485629
0.9035000000,0.0004359127,0.0074130910,0.0078490036
0.9036666667,0.0004711676,0.0073783105,0.0078494781
0.9038333333,0.0005079730,0.0073420144,0.0078499874
0.9040000000,0.0005463149,0.0073042179,0.0078505327
0.9041666667,0.0005861784,0.0072649368,0.0078511152
0.9043333333,0.0006275483,0.0072241876,0.0078517359
0.9045000000,0.0006704082,0.0071819873,0.0078523956
0.9046666667,0.0007147415,0.0071383535,0.0078530951
0.9048333333,0.0007605307,0.0070933047,0.0078538354
0.9050000000,0.0008077576,0.0070468598,0.0078546174
0.9051666667,0.0008564035,0.0069990387,0.0078554422
0.9053333333,0.0009064487,0.0069498621,0.0078563108
0.9055000000,0.0009578733,0.0068993509,0.0078572242
0.9056666667,0.0010106564,0.0068475267,0.0078581831
0.9058333333,0.0010647767,0.0067944115,0.0078591882
0.9060000000,0.0011202123,0.0067400280,0.0078602403
0.9061666667,0.0011769406,0.0066843995,0.0078613401
0.9063333333,0.0012349385,0.0066275500,0.0078624885
0.9065000000,0.0012941823,0.0065695041,0.0078636863
0.9066666667,0.0013546477,0.0065102868,0.0078649345
0.9068333333,0.0014163102,0.0064499236,0.0078662338
0.9070000000,0.0014791443,0.0063884403,0.0078675846
0.9071666667,0.0015431244,0.0063258632,0.0078689876
0.9073333333,0.0016082240,0.0062622191,0.0078704432
0.9075000000,0.0016744166,0.0061975356,0.0078719521
0.9076666667,0.0017416746,0.0061318407,0.0078735153
0.9078333333,0.0018099704,0.0060651630,0.0078751334
0.9080000000,0.0018792757,0.0059975314,0.0078768071
0.9081666667,0.0019495615,0.0059289751,0.0078785366
0.9083333333,0.0020207988,0.0058595236,0.0078803224
0.9085000000,0.0020929577,0.0057892071,0.0078821647
0.9086666667,0.0021660080,0.0057180560,0.0078840640
0.9088333333,0.0022399192,0.0056461016,0.0078860209
0.9090000000,0.0023146603,0.0055733754,0.0078880357
0.9091666667,0.0023901999,0.0054999092,0.0078901091
0.9093333333,0.0024665061,0.0054257352,0.0078922413
0.9095000000,0.0025435468,0.0053508858,0.0078944326
0.9096666667,0.0026212895,0.0052753938,0.0078966833
0.9098333333,0.0026997014,0.0051992924,0.0078989938
0.9100000000,0.0027787493,0.0051226150,0.0079013643
0.9101666667,0.0028583999,0.0050453953,0.0079037952
0.9103333333,0.0029386194,0.0049676671,0.0079062864
0.9105000000,0.0030193737,0.0048894646,0.0079088383
0.9106666667,0.0031006285,0.0048108223,0.0079114508
0.9108333333,0.0031823494,0.0047317747,0.0079141241
0.9110000000,0.0032645016,0.0046523565,0.0079168581
0.9111666667,0.0033470501,0.0045726027,0.0079196527
0.9113333333,0.0034299595,0.0044925484,0.0079225079
0.9115000000,0.0035131945,0.0044122291,0.0079254236
0.9116666667,0.0035967195,0.0043316809,0.0079284004
0.9118333333,0.0036804986,0.0042509400,0.0079314386
0.9120000000,0.0037644957,0.0041700427,0.0079345385
0.9121666667,0.0038486749,0.0040890250,0.0079376999
0.9123333333,0.0039329997,0.0040079225,0.0079409222
0.9125000000,0.0040174337,0.0039267708,0.0079442046
0.9126666667,0.0041019407,0.0038456059,0.0079475466
0.9128333333,0.0041864839,0.0037644641,0.0079509480
0.9130000000,0.0042710269,0.0036833822,0.0079544091
0.9131666667,0.0043555331,0.0036023968,0.0079579299
0.9133333333,0.0044399659,0.0035215443,0.0079615102
0.9135000000,0.0045242889,0.0034408606,0.0079651495
0.9136666667,0.0046084653,0.0033603818,0.0079688472
0.9138333333,0.0046924589,0.0032801442,0.0079726031
0.9140000000,0.0047762332,0.0032001843,0.0079764176
0.9141666667,0.0048597518,0.0031205387,0.0079802905
0.9143333333,0.0049429784,0.0030412431,0.0079842215
0.9145000000,0.0050258767,0.0029623328,0.0079882095
0.9146666667,0.0051084107,0.0028838424,0.0079922532
0.9148333333,0.0051905445,0.0028058069,0.0079963513
0.9150000000,0.0052722421,0.0027282614,0.0080005034
0.9151666667,0.0053534680,0.0026512414,0.0080047094
0.9153333333,0.0054341868,0.0025747825,0.0080089693
0.9155000000,0.0055143632,0.0024989197,0.0080132829
0.9156666667,0.0055939622,0.0024236877,0.0080176499
0.9158333333,0.0056729492,0.0023491204,0.0080220696
0.9160000000,0.0057512896,0.0022752518,0.0080265414
0.9161666667,0.0058289491,0.0022021156,0.0080310647
0.9163333333,0.0059058938,0.0021297447,0.0080356385
0.9165000000,0.0059820900,0.0020581715,0.0080402615
0.9166666667,0.0060575042,0.0019874280,0.0080449322
0.9168333333,0.0061321032,0.0019175461,0.0080496493
0.9170000000,0.0062058543,0.0018485578,0.0080544121
0.9171666667,0.0062787250,0.0017804955,0.0080592205
0.9173333333,0.0063506830,0.0017133914,0.0080640744
0.9175000000,0.0064216967,0.0016472768,0.0080689734
0.9176666667,0.0064917346,0.0015821820,0.0080739166
0.9178333333,0.0065607657,0.0015181371,0.0080789028
0.9180000000,0.0066287596,0.0014551714,0.0080839310
0.9181666667,0.0066956862,0.0013933142,0.0080890004
0.9183333333,0.0067615159,0.0013325943,0.0080941102
0.9185000000,0.0068262194,0.0012730396,0.0080992590
0.9186666667,0.0068897682,0.0012146768,0.0081044450
0.9188333333,0.0069521340,0.0011575324,0.0081096664
0.9190000000,0.0070132892,0.0011016326,0.0081149218
0.9191666667,0.0070732067,0.0010470042,0.0081202108
0.9193333333,0.0071318596,0.0009936740,0.0081255336
0.9195000000,0.0071892220,0.0009416682,0.0081308902
0.9196666667,0.0072452682,0.0008910118,0.0081362800
0.9198333333,0.0072999731,0.0008417283,0.0081417014
0.9200000000,0.0073533123,0.0007938402,0.0081471526
0.9201666667,0.0074052619,0.0007473696,0.0081526315
0.9203333333,0.0074557985,0.0007023382,0.0081581367
0.9205000000,0.0075048995,0.0006587676,0.0081636671
0.9206666667,0.0075525428,0.0006166787,0.0081692215
0.9208333333,0.0075987069,0.0005760920,0.0081747989
0.9210000000,0.0076433710,0.0005370272,0.0081803982
0.9211666667,0.0076865149,0.0004995035,0.0081860183
0.9213333333,0.0077281191,0.0004635395,0.0081916586
0.9215000000,0.0077681647,0.0004291535,0.0081973182
0.9216666667,0.0078066336,0.0003963626,0.0082029962
0.9218333333,0.0078435081,0.0003651831,0.0082086912
0.9220000000,0.0078787715,0.0003356303,0.0082144017
0.9221666667,0.0079124075,0.0003077186,0.0082201260
0.9223333333,0.0079444007,0.0002814617,0.0082258625
0.9225000000,0.0079747366,0.0002568730,0.0082316096
0.9226666667,0.0080034010,0.0002339648,0.0082373659
0.9228333333,0.0080303808,0.0002127493,0.0082431301
0.9230000000,0.0080556634,0.0001932381,0.0082489015
0.9231666667,0.0080792371,0.0001754421,0.0082546791
0.9233333333,0.0081010907,0.0001593717,0.0082604625
0.9235000000,0.0081212140,0.0001450365,0.0082662505
0.9236666667,0.0081395974,0.0001324445,0.0082720418
0.9238333333,0.0081562319,0.0001216028,0.0082778347
0.9240000000,0.0081711094,0.0001125178,0.0082836272
0.9241666667,0.0081842227,0.0001051949,0.0082894177
0.9243333333,0.0081955653,0.0000996394,0.0082952047
0.9245000000,0.0082051313,0.0000958559,0.0083009872
0.9246666667,0.0082129159,0.0000938482,0.0083067641
0.9248333333,0.0082189148,0.0000936197,0.0083125345
0.9250000000,0.0082231249,0.0000951726,0.0083182975
0.9251666667,0.0082255435,0.0000985086,0.0083240520
0.9253333333,0.0082261687,0.0001036280,0.0083297967
0.9255000000,0.0082249996,0.0001105303,0.0083355299
0.9256666667,0.0082220358,0.0001192143,0.0083412502
0.9258333333,0.0082172779,0.0001296781,0.0083469560
0.9260000000,0.0082107271,0.0001419192,0.0083526463
0.9261666667,0.0082023855,0.0001559348,0.0083583203
0.9263333333,0.0081922560,0.0001717207,0.0083639768
0.9265000000,0.0081803423,0.0001892720,0.0083696143
0.9266666667,0.0081666488,0.0002085824,0.0083752312
0.9268333333,0.0081511809,0.0002296451,0.0083808260
0.9270000000,0.0081339446,0.0002524533,0.0083863979
0.9271666667,0.0081149468,0.0002769997,0.0083919465
0.9273333333,0.0080941951,0.0003032760,0.0083974711
0.9275000000,0.0080716978,0.0003312727,0.0084029705
0.9276666667,0.0080474642,0.0003609787,0.0084084429
0.9278333333,0.0080215041,0.0003923819,0.0084138860
0.9280000000,0.0079938282,0.0004254700,0.0084192983
0.9281666667,0.0079644481,0.0004602312,0.0084246792
0.9283333333,0.0079333758,0.0004966530,0.0084300288
0.9285000000,0.0079006244,0.0005347223,0.0084353467
0.9286666667,0.0078662076,0.0005744241,0.0084406317
0.9288333333,0.0078301399,0.0006157420,0.0084458819
0.9290000000,0.0077924364,0.0006586591,0.0084510955
0.9291666667,0.0077531131,0.0007031582,0.0084562714
0.9293333333,0.0077121867,0.0007492222,0.0084614089
0.9295000000,0.0076696744,0.0007968333,0.0084665077
0.9296666667,0.0076255945,0.0008459726,0.0084715671
0.9298333333,0.0075799656,0.0008966200,0.0084765857
0.9300000000,0.0075328074,0.0009487547,0.0084815621
0.9301666667,0.0074841398,0.0010023555,0.0084864953
0.9303333333,0.0074339839,0.0010574009,0.0084913848
0.9305000000,0.0073823611,0.0011138692,0.0084962303
0.9306666667,0.0073292937,0.0011717372,0.0085010309
0.9308333333,0.0072748044,0.0012309809,0.0085057853
0.9310000000,0.0072189167,0.0012915755,0.0085104922
0.9311666667,0.0071616548,0.0013534960,0.0085151507
0.9313333333,0.0071030432,0.0014167172,0.0085197604
0.9315000000,0.0070431075,0.0014812135,0.0085243210
0.9316666667,0.0069818735,0.0015469583,0.0085288318
0.9318333333,0.0069193678,0.0016139238,0.0085332916
0.9320000000,0.0068556174,0.0016820819,0.0085376993
0.9321666667,0.0067906501,0.0017514042,0.0085420543
0.9323333333,0.0067244941,0.0018218624,0.0085463565
0.9325000000,0.0066571783,0.0018934278,0.0085506062
0.9326666667,0.0065887320,0.0019660706,0.0085548026
0.9328333333,0.0065191851,0.0020397596,0.0085589447
0.9330000000,0.0064485677,0.0021144631,0.0085630308
0.9331666667,0.0063769109,0.0021901491,0.0085670599
0.9333333333,0.0063042457,0.0022667862,0.0085710319
0.9335000000,0.0062306041,0.0023443431,0.0085749472
0.9336666667,0.0061560183,0.0024227879,0.0085788062
0.9338333333,0.0060805209,0.0025020876,0.0085826084
0.9340000000,0.0060041450,0.0025822079,0.0085863529
0.9341666667,0.0059269243,0.0026631142,0.0085900385
0.9343333333,0.0058488927,0.0027447719,0.0085936647
0.9345000000,0.0057700845,0.0028271470,0.0085972315
0.9346666667,0.0056905344,0.0029102050,0.0086007393
0.9348333333,0.0056102772,0.0029939109,0.0086041881
0.9350000000,0.0055293484,0.0030782288,0.0086075772
0.9351666667,0.0054477837,0.0031631221,0.0086109058
0.9353333333,0.0053656189,0.0032485545,0.0086141734
0.9355000000,0.0052828904,0.0033344895,0.0086173798
0.9356666667,0.0051996346,0.0034208908,0.0086205255
0.9358333333,0.0051158886,0.0035077221,0.0086236106
0.9360000000,0.0050316893,0.0035949462,0.0086266355
0.9361666667,0.0049470741,0.0036825257,0.0086295998
0.9363333333,0.0048620804,0.0037704230,0.0086325035
0.9365000000,0.0047767460,0.0038586002,0.0086353462
0.9366666667,0.0046911086,0.0039470192,0.0086381278
0.9368333333,0.0046052063,0.0040356419,0.0086408482
0.9370000000,0.0045190773,0.0041244300,0.0086435073
0.9371666667,0.0044327597,0.0042133454,0.0086461051
0.9373333333,0.0043462921,0.0043023501,0.0086486423
0.9375000000,0.0042597130,0.0043914060,0.0086511191
0.9376666667,0.0041730610,0.0044804749,0.0086535359
0.9378333333,0.0040863748,0.0045695181,0.0086558929
0.9380000000,0.0039996931,0.0046584971,0.0086581901
0.9381666667,0.0039130545,0.0047473732,0.0086604277
0.9383333333,0.0038264978,0.0048361082,0.0086626060
0.9385000000,0.0037400617,0.0049246638,0.0086647254
0.9386666667,0.0036537849,0.0050130014,0.0086667863
0.9388333333,0.0035677060,0.0051010827,0.0086687888
0.9390000000,0.0034818638,0.0051888690,0.0086707328
0.9391666667,0.0033962967,0.0052763220,0.0086726187
0.9393333333,0.0033110431,0.0053634039,0.0086744470
0.9395000000,0.0032261414,0.0054500774,0.0086762188
0.9396666667,0.0031416298,0.0055363051,0.0086779349
0.9398333333,0.0030575463,0.0056220496,0.0086795959
0.9400000000,0.0029739288,0.0057072734,0.0086812023
0.9401666667,0.0028908152,0.0057919391,0.0086827542
0.9403333333,0.0028082428,0.0058760093,0.0086842521
0.9405000000,0.0027262490,0.0059594473,0.0086856964
0.9406666667,0.0026448711,0.0060422165,0.0086870875
0.9408333333,0.0025641456,0.0061242805,0.0086884262
0.9410000000,0.0024841094,0.0062056036,0.0086897130
0.9411666667,0.0024047986,0.0062861503,0.0086909489
0.9413333333,0.0023262493,0.0063658857,0.0086921350
0.9415000000,0.0022484972,0.0064447751,0.0086932723
0.9416666667,0.0021715777,0.0065227841,0.0086943618
0.9418333333,0.0020955259,0.0065998780,0.0086954038
0.9420000000,0.0020203765,0.0066760225,0.0086963990
0.9421666667,0.0019461638,0.0067511839,0.0086973477
0.9423333333,0.0018729219,0.0068253290,0.0086982509
0.9425000000,0.0018006841,0.0068984254,0.0086991095
0.9426666667,0.0017294837,0.0069704411,0.0086999247
0.9428333333,0.0016593532,0.0070413440,0.0087006972
0.9430000000,0.0015903251,0.0071111028,0.0087014278
0.9431666667,0.0015224309,0.0071796866,0.0087021175
0.9433333333,0.0014557021,0.0072470654,0.0087027675
0.9435000000,0.0013901695,0.0073132097,0.0087033792
0.9436666667,0.0013258634,0.0073780904,0.0087039538
0.9438333333,0.0012628138,0.0074416784,0.0087044921
0.9440000000,0.0012010497,0.0075039449,0.0087049947
0.9441666667,0.0011406000,0.0075648618,0.0087054619
0.9443333333,0.0010814929,0.0076244018,0.0087058947
0.9445000000,0.0010237559,0.0076825387,0.0087062946
0.9446666667,0.0009674159,0.0077392471,0.0087066630
0.9448333333,0.0009124995,0.0077945020,0.0087070015
0.9450000000,0.0008590325,0.0078482786,0.0087073111
0.9451666667,0.0008070402,0.0079005526,0.0087075927
0.9453333333,0.0007565470,0.0079513004,0.0087078474
0.9455000000,0.0007075770,0.0080004991,0.0087080761
0.9456666667,0.0006601535,0.0080481268,0.0087082803
0.9458333333,0.0006142990,0.0080941620,0.0087084610
0.9460000000,0.0005700355,0.0081385838,0.0087086193
0.9461666667,0.0005273843,0.0081813719,0.0087087563
0.9463333333,0.0004863659,0.0082225071,0.0087088730
0.9465000000,0.0004470002,0.0082619707,0.0087089708
0.9466666667,0.0004093062,0.0082997450,0.0087090513
0.9468333333,0.0003733026,0.0083358131,0.0087091157
0.9470000000,0.0003390070,0.0083701583,0.0087091653
0.9471666667,0.0003064365,0.0084027648,0.0087092013
0.9473333333,0.0002756072,0.0084336175,0.0087092247
0.9475000000,0.0002465346,0.0084627022,0.0087092368
0.9476666667,0.0002192335,0.0084900053,0.0087092387
0.9478333333,0.0001937176,0.0085155142,0.0087092318
0.9480000000,0.0001700002,0.0085392171,0.0087092173
0.9481666667,0.0001480937,0.0085611028,0.0087091964
0.9483333333,0.0001280097,0.0085811610,0.0087091706
0.9485000000,0.0001097590,0.0085993822,0.0087091412
0.9486666667,0.0000933516,0.0086157577,0.0087091094
0.9488333333,0.0000787969,0.0086302797,0.0087090766
0.9490000000,0.0000661031,0.0086429409,0.0087090439
0.9491666667,0.0000552778,0.0086537349,0.0087090127
0.9493333333,0.0000463278,0.0086626563,0.0087089841
0.9495000000,0.0000392590,0.0086697004,0.0087089594
0.9496666667,0.0000340766,0.0086748634,0.0087089400
0.9498333333,0.0000307848,0.0086781422,0.0087089270
0.9500000000,0.0000293873,0.0086795346,0.0087089219
0.9501666667,0.0000298866,0.0086790392,0.0087089258
0.9503333333,0.0000322845,0.0086766555,0.0087089400
0.9505000000,0.0000365820,0.0086723837,0.0087089658
0.9506666667,0.0000427793,0.0086662250,0.0087090044
0.9508333333,0.0000508756,0.0086581813,0.0087090570
0.9510000000,0.0000608695,0.0086482554,0.0087091249
0.9511666667,0.0000727586,0.0086364507,0.0087092093
0.9513333333,0.0000865396,0.0086227719,0.0087093115
0.9515000000,0.0001022087,0.0086072241,0.0087094328
0.9516666667,0.0001197609,0.0085898134,0.0087095743
0.9518333333,0.0001391905,0.0085705468,0.0087097373
0.9520000000,0.0001604910,0.0085494317,0.0087099227
0.9521666667,0.0001836550,0.0085264768,0.0087101318
0.9523333333,0.0002086744,0.0085016914,0.0087103658
0.9525000000,0.0002355402,0.0084750856,0.0087106258
0.9526666667,0.0002642425,0.0084466705,0.0087109130
0.9528333333,0.0002947709,0.0084164579,0.0087112288
0.9530000000,0.0003271137,0.0083844604,0.0087115741
0.9531666667,0.0003612588,0.0083506913,0.0087119502
0.9533333333,0.0003971931,0.0083151648,0.0087123580
0.9535000000,0.0004349028,0.0082778957,0.0087127985
0.9536666667,0.0004743732,0.0082388996,0.0087132728
0.9538333333,0.0005155889,0.0081981929,0.0087137818
0.9540000000,0.0005585338,0.0081557930,0.0087143268
0.9541666667,0.0006031909,0.0081117180,0.0087149088
0.9543333333,0.0006495423,0.0080659866,0.0087155290
0.9545000000,0.0006975698,0.0080186184,0.0087161882
0.9546666667,0.0007472539,0.0079696334,0.0087168873
0.9548333333,0.0007985747,0.0079190525,0.0087176272
0.9550000000,0.0008515115,0.0078668975,0.0087184090
0.9551666667,0.0009060429,0.0078131907,0.0087192336
0.9553333333,0.0009621467,0.0077579553,0.0087201020
0.9555000000,0.0010198001,0.0077012149,0.0087210150
0.9556666667,0.0010789794,0.0076429939,0.0087219733
0.9558333333,0.0011396604,0.0075833172,0.0087229776
0.9560000000,0.0012018182,0.0075222106,0.0087240288
0.9561666667,0.0012654272,0.0074597008,0.0087251280
0.9563333333,0.0013304612,0.0073958150,0.0087262761
0.9565000000,0.0013968931,0.0073305809,0.0087274740
0.9566666667,0.0014646956,0.0072640266,0.0087287222
0.9568333333,0.0015338404,0.0071961806,0.0087300211
0.9570000000,0.0016042988,0.0071270723,0.0087313711
0.9571666667,0.0016760415,0.0070567316,0.0087327731
0.9573333333,0.0017490384,0.0069851895,0.0087342279
0.9575000000,0.0018232590,0.0069124775,0.0087357365
0.9576666667,0.0018986722,0.0068386272,0.0087372995
0.9578333333,0.0019752465,0.0067636708,0.0087389173
0.9580000000,0.0020529497,0.0066876407,0.0087405904
0.9581666667,0.0021317490,0.0066105701,0.0087423191
0.9583333333,0.0022116113,0.0065324927,0.0087441040
0.9585000000,0.0022925030,0.0064534427,0.0087459457
0.9586666667,0.0023743897,0.0063734548,0.0087478445
0.9588333333,0.0024572370,0.0062925639,0.0087498009
0.9590000000,0.0025410097,0.0062108054,0.0087518151
0.9591666667,0.0026256724,0.0061282154,0.0087538878
0.9593333333,0.0027111891,0.0060448303,0.0087560194
0.9595000000,0.0027975236,0.0059606868,0.0087582104
0.9596666667,0.0028846391,0.0058758219,0.0087604610
0.9598333333,0.0029724986,0.0057902727,0.0087627713
0.9600000000,0.0030610646,0.0057040767,0.0087651412
0.9601666667,0.0031502992,0.0056172719,0.0087675712
0.9603333333,0.0032401646,0.0055298968,0.0087700614
0.9605000000,0.0033306222,0.0054419901,0.0087726123
0.9606666667,0.0034216334,0.0053535905,0.0087752239
0.9608333333,0.0035131593,0.0052647368,0.0087778961
0.9610000000,0.0036051606,0.0051754684,0.0087806290
0.9611666667,0.0036975980,0.0050858248,0.0087834228
0.9613333333,0.0037904317,0.0049958461,0.0087862778
0.9615000000,0.0038836219,0.0049055725,0.0087891944
0.9616666667,0.0039771284,0.0048150440,0.0087921724
0.9618333333,0.0040709111,0.0047243002,0.0087952113
0.9620000000,0.0041649296,0.0046333807,0.0087983104
0.9621666667,0.0042591435,0.0045423259,0.0088014694
0.9623333333,0.0043535122,0.0044511764,0.0088046886
0.9625000000,0.0044479949,0.0043599737,0.0088079686
0.9626666667,0.0045425508,0.0042687588,0.0088113096
0.9628333333,0.0046371390,0.0041775725,0.0088147115
0.9630000000,0.0047317186,0.0040864549,0.0088181735
0.9631666667,0.0048262488,0.0039954460,0.0088216948
0.9633333333,0.0049206886,0.0039045863,0.0088252749
0.9635000000,0.0050149970,0.0038139167,0.0088289137
0.9636666667,0.0051091333,0.0037234780,0.0088326112
0.9638333333,0.0052030565,0.0036333109,0.0088363675
0.9640000000,0.0052967259,0.0035434559,0.0088401818
0.9641666667,0.0053901008,0.0034539528,0.0088440536
0.9643333333,0.0054831404,0.0033648417,0.0088479821
0.9645000000,0.0055758044,0.0032761626,0.0088519670
0.9646666667,0.0056680525,0.0031879558,0.0088560083
0.9648333333,0.0057598445,0.0031002613,0.0088601058
0.9650000000,0.0058511403,0.0030131186,0.0088642589
0.9651666667,0.0059419001,0.0029265667,0.0088684667
0.9653333333,0.0060320842,0.0028406441,0.0088727283
0.9655000000,0.0061216533,0.0027553895,0.0088770428
0.9656666667,0.0062105682,0.0026708412,0.0088814094
0.9658333333,0.0062987901,0.0025870378,0.0088858279
0.9660000000,0.0063862802,0.0025040176,0.0088902978
0.9661666667,0.0064730004,0.0024218184,0.0088948188
0.9663333333,0.0065589125,0.0023404777,0.0088993902
0.9665000000,0.0066439789,0.0022600325,0.0089040114
0.9666666667,0.0067281623,0.0021805191,0.0089086814
0.9668333333,0.0068114256,0.0021019734,0.0089133990
0.9670000000,0.0068937322,0.0020244310,0.0089181632
0.9671666667,0.0069750460,0.0019479269,0.0089229729
0.9673333333,0.0070553311,0.0018724963,0.0089278274
0.9675000000,0.0071345523,0.0017981739,0.0089327262
0.9676666667,0.0072126745,0.0017249941,0.0089376686
0.9678333333,0.0072896633,0.0016529907,0.0089426540
0.9680000000,0.0073654847,0.0015821967,0.0089476814
0.9681666667,0.0074401051,0.0015126444,0.0089527495
0.9683333333,0.0075134917,0.0014443656,0.0089578573
0.9685000000,0.0075856119,0.0013773921,0.0089630040
0.9686666667,0.0076564337,0.0013117549,0.0089681886
0.9688333333,0.0077259258,0.0012474843,0.0089734100
0.9690000000,0.0077940573,0.0011846098,0.0089786671
0.9691666667,0.0078607979,0.0011231605,0.0089839584
0.9693333333,0.0079261180,0.0010631648,0.0089892828
0.9695000000,0.0079899885,0.0010046509,0.0089946394
0.9696666667,0.0080523810,0.0009476466,0.0090000276
0.9698333333,0.0081132676,0.0008921792,0.0090054468
0.9700000000,0.0081726212,0.0008382749,0.0090108961
0.9701666667,0.0082304152,0.0007859589,0.0090163741
0.9703333333,0.0082866237,0.0007352555,0.0090218792
0.9705000000,0.0083412216,0.0006861881,0.0090274097
0.9706666667,0.0083941844,0.0006387798,0.0090329642
0.9708333333,0.0084454883,0.0005930531,0.0090385414
0.9710000000,0.0084951102,0.0005490302,0.0090441404
0.9711666667,0.0085430278,0.0005067328,0.0090497606
0.9713333333,0.0085892195,0.0004661818,0.0090554013
0.9715000000,0.0086336643,0.0004273972,0.0090610615
0.9716666667,0.0086763421,0.0003903979,0.0090667400
0.9718333333,0.0087172336,0.0003552016,0.0090724352
0.9720000000,0.0087563202,0.0003218249,0.0090781451
0.9721666667,0.0087935841,0.0002902840,0.0090838681
0.9723333333,0.0088290083,0.0002605947,0.0090896029
0.9725000000,0.0088625764,0.0002327723,0.0090953487
0.9726666667,0.0088942732,0.0002068314,0.0091011047
0.9728333333,0.0089240840,0.0001827857,0.0091068697
0.9730000000,0.0089519949,0.0001606475,0.0091126424
0.9731666667,0.0089779932,0.0001404283,0.0091184214
0.9733333333,0.0090020665,0.0001221390,0.0091242055
0.9735000000,0.0090242037,0.0001057899,0.0091299936
0.9736666667,0.0090443942,0.0000913907,0.0091357849
0.9738333333,0.0090626285,0.0000789494,0.0091415779
0.9740000000,0.0090788977,0.0000684728,0.0091473705
0.9741666667,0.0090931941,0.0000599667,0.0091531608
0.9743333333,0.0091055105,0.0000534365,0.0091589470
0.9745000000,0.0091158409,0.0000488876,0.0091647285
0.9746666667,0.0091241799,0.0000463254,0.0091705052
0.9748333333,0.0091305230,0.0000457539,0.0091762769
0.9750000000,0.0091348668,0.0000471757,0.0091820425
0.9751666667,0.0091372086,0.0000505914,0.0091877999
0.9753333333,0.0091375464,0.0000560004,0.0091935468
0.9755000000,0.0091358795,0.0000634018,0.0091992813
0.9756666667,0.0091322079,0.0000727942,0.0092050020
0.9758333333,0.0091265322,0.0000841761,0.0092107084
0.9760000000,0.0091188544,0.0000975453,0.0092163997
0.9761666667,0.0091091769,0.0001128980,0.0092220749
0.9763333333,0.0090975033,0.0001302298,0.0092277330
0.9765000000,0.0090838378,0.0001495349,0.0092333728
0.9766666667,0.0090681859,0.0001708073,0.0092389932
0.9768333333,0.0090505535,0.0001940398,0.0092445933
0.9770000000,0.0090309477,0.0002192240,0.0092501717
0.9771666667,0.0090093764,0.0002463502,0.0092557266
0.9773333333,0.0089858483,0.0002754080,0.0092612563
0.9775000000,0.0089603730,0.0003063864,0.0092667595
0.9776666667,0.0089329610,0.0003392746,0.0092722356
0.9778333333,0.0089036235,0.0003740608,0.0092776843
0.9780000000,0.0088723728,0.0004107325,0.0092831053
0.9781666667,0.0088392220,0.0004492755,0.0092884975
0.9783333333,0.0088041848,0.0004896746,0.0092938594
0.9785000000,0.0087672761,0.0005319137,0.0092991898
0.9786666667,0.0087285113,0.0005759761,0.0093044874
0.9788333333,0.0086879069,0.0006218448,0.0093097516
0.9790000000,0.0086454799,0.0006695015,0.0093149814
0.9791666667,0.0086012485,0.0007189271,0.0093201756
0.9793333333,0.0085552315,0.0007701015,0.0093253331
0.9795000000,0.0085074485,0.0008230044,0.0093304529
0.9796666667,0.0084579199,0.0008776152,0.0093355351
0.9798333333,0.0084066668,0.0009339130,0.0093405798
0.9800000000,0.0083537113,0.0009918754,0.0093455867
0.9801666667,0.0082990761,0.0010514788,0.0093505549
0.9803333333,0.0082427846,0.0011126979,0.0093554826
0.9805000000,0.0081848612,0.0011755067,0.0093603679
0.9806666667,0.0081253308,0.0012398792,0.0093652100
0.9808333333,0.0080642191,0.0013057898,0.0093700088
0.9810000000,0.0080015524,0.0013732126,0.0093747650
0.9811666667,0.0079373580,0.0014421207,0.0093794787
0.9813333333,0.0078716635,0.0015124858,0.0093841494
0.9815000000,0.0078044976,0.0015842785,0.0093887761
0.9816666667,0.0077358894,0.0016574684,0.0093933578
0.9818333333,0.0076658686,0.0017320253,0.0093978939
0.9820000000,0.0075944659,0.0018079182,0.0094023841
0.9821666667,0.0075217123,0.0018851158,0.0094068280
0.9823333333,0.0074476394,0.0019635859,0.0094112253
0.9825000000,0.0073722797,0.0020432959,0.0094155755
0.9826666667,0.0072956659,0.0021242123,0.0094198782
0.9828333333,0.0072178317,0.0022063017,0.0094241334
0.9830000000,0.0071388111,0.0022895300,0.0094283411
0.9831666667,0.0070586388,0.0023738625,0.0094325013
0.9833333333,0.0069773497,0.0024592636,0.0094366133
0.9835000000,0.0068949797,0.0025456969,0.0094406766
0.9836666667,0.0068115649,0.0026331256,0.0094446905
0.9838333333,0.0067271419,0.0027215126,0.0094486545
0.9840000000,0.0066417480,0.0028108206,0.0094525685
0.9841666667,0.0065554206,0.0029010117,0.0094564323
0.9843333333,0.0064681978,0.0029920478,0.0094602456
0.9845000000,0.0063801181,0.0030838902,0.0094640083
0.9846666667,0.0062912203,0.0031764998,0.0094677201
0.9848333333,0.0062015437,0.0032698372,0.0094713809
0.9850000000,0.0061111279,0.0033638624,0.0094749903
0.9851666667,0.0060200129,0.0034585347,0.0094785476
0.9853333333,0.0059282391,0.0035538129,0.0094820520
0.9855000000,0.0058358470,0.0036496557,0.0094855027
0.9856666667,0.0057428776,0.0037460217,0.0094888994
0.9858333333,0.0056493722,0.0038428699,0.0094922421
0.9860000000,0.0055553721,0.0039401588,0.0094955309
0.9861666667,0.0054609193,0.0040378464,0.0094987657
0.9863333333,0.0053660556,0.0041358903,0.0095019459
0.9865000000,0.0052708232,0.0042342475,0.0095050707
0.9866666667,0.0051752646,0.0043328747,0.0095081393
0.9868333333,0.0050794221,0.0044317291,0.0095111512
0.9870000000,0.0049833386,0.0045307676,0.0095141062
0.9871666667,0.0048870569,0.0046299473,0.0095170042
0.9873333333,0.0047906199,0.0047292252,0.0095198451
0.9875000000,0.0046940707,0.0048285579,0.0095226286
0.9876666667,0.0045974523,0.0049279022,0.0095253545
0.9878333333,0.0045008080,0.0050272147,0.0095280227
0.9880000000,0.0044041810,0.0051264521,0.0095306330
0.9881666667,0.0043076144,0.0052255707,0.0095331852
0.9883333333,0.0042111516,0.0053245273,0.0095356789
0.9885000000,0.0041148358,0.0054232784,0.0095381142
0.9886666667,0.0040187101,0.0055217811,0.0095404911
0.9888333333,0.0039228176,0.0056199927,0.0095428103
0.9890000000,0.0038272014,0.0057178705,0.0095450719
0.9891666667,0.0037319045,0.0058153718,0.0095472763
0.9893333333,0.0036369696,0.0059124539,0.0095494234
0.9895000000,0.0035424395,0.0060090740,0.0095515135
0.9896666667,0.0034483567,0.0061051902,0.0095535469
0.9898333333,0.0033547635,0.0062007608,0.0095555243
0.9900000000,0.0032617023,0.0062957441,0.0095574464
0.9901666667,0.0031692148,0.0063900987,0.0095593135
0.9903333333,0.0030773429,0.0064837831,0.0095611260
0.9905000000,0.0029861280,0.0065767561,0.0095628841
0.9906666667,0.0028956113,0.0066689773,0.0095645886
0.9908333333,0.0028058339,0.0067604066,0.0095662405
0.9910000000,0.0027168362,0.0068510046,0.0095678408
0.9911666667,0.0026286587,0.0069407315,0.0095693901
0.9913333333,0.0025413412,0.0070295475,0.0095708887
0.9915000000,0.0024549233,0.0071174133,0.0095723366
0.9916666667,0.0023694443,0.0072042899,0.0095737342
0.9918333333,0.0022849431,0.0072901394,0.0095750825
0.9920000000,0.0022014578,0.0073749247,0.0095763826
0.9921666667,0.0021190266,0.0074586087,0.0095776354
0.9923333333,0.0020376870,0.0075411546,0.0095788416
0.9925000000,0.0019574760,0.0076225254,0.0095800014
0.9926666667,0.0018784302,0.0077026849,0.0095811151
0.9928333333,0.0018005857,0.0077815975,0.0095821832
0.9930000000,0.0017239780,0.0078592285,0.0095832064
0.9931666667,0.0016486421,0.0079355436,0.0095841857
0.9933333333,0.0015746127,0.0080105091,0.0095851217
0.9935000000,0.0015019235,0.0080840916,0.0095860151
0.9936666667,0.0014306080,0.0081562583,0.0095868664
0.9938333333,0.0013606990,0.0082269774,0.0095876764
0.9940000000,0.0012922287,0.0082962173,0.0095884460
0.9941666667,0.0012252288,0.0083639473,0.0095891761
0.9943333333,0.0011597301,0.0084301374,0.0095898674
0.9945000000,0.0010957629,0.0084947576,0.0095905206
0.9946666667,0.0010333572,0.0085577792,0.0095911363
0.9948333333,0.0009725418,0.0086191739,0.0095917157
0.9950000000,0.0009133451,0.0086789146,0.0095922597
0.9951666667,0.0008557949,0.0087369748,0.0095927697
0.9953333333,0.0007999181,0.0087933284,0.0095932465
0.9955000000,0.0007457411,0.0088479501,0.0095936912
0.9956666667,0.0006932893,0.0089008154,0.0095941047
0.9958333333,0.0006425877,0.0089519004,0.0095944881
0.9960000000,0.0005936602,0.0090011823,0.0095948425
0.9961666667,0.0005465303,0.0090486389,0.0095951692
0.9963333333,0.0005012204,0.0090942488,0.0095954692
0.9965000000,0.0004577523,0.0091379912,0.0095957434
0.9966666667,0.0004161469,0.0091798462,0.0095959930
0.9968333333,0.0003764243,0.0092197948,0.0095962191
0.9970000000,0.0003386038,0.0092578192,0.0095964230
0.9971666667,0.0003027040,0.0092939019,0.0095966059
0.9973333333,0.0002687425,0.0093280265,0.0095967690
0.9975000000,0.0002367361,0.0093601772,0.0095969132
0.9976666667,0.0002067007,0.0093903389,0.0095970395
0.9978333333,0.0001786513,0.0094184976,0.0095971489
0.9980000000,0.0001526023,0.0094446403,0.0095972426
0.9981666667,0.0001285670,0.0094687549,0.0095973219
0.9983333333,0.0001065579,0.0094908301,0.0095973880
0.9985000000,0.0000865865,0.0095108555,0.0095974420
0.9986666667,0.0000686637,0.0095288214,0.0095974851
0.9988333333,0.0000527993,0.0095447191,0.0095975184
0.9990000000,0.0000390022,0.0095585409,0.0095975431
0.9991666667,0.0000272805,0.0095702800,0.0095975605
0.9993333333,0.0000176413,0.0095799304,0.0095975718
0.9995000000,0.0000100911,0.0095874872,0.0095975783
0.9996666667,0.0000046350,0.0095929463,0.0095975813
0.9998333333,0.0000012776,0.0095963046,0.0095975822
1.0000000000,0.0000000224,0.0095975598,0.0095975822
1.0001666667,0.0000008720,0.0095967108,0.0095975827
1.0003333333,0.0000038280,0.0095937571,0.0095975851
1.0005000000,0.0000088914,0.0095886994,0.0095975908
1.0006666667,0.0000160619,0.0095815391,0.0095976010
1.0008333333,0.0000253385,0.0095722788,0.0095976173
1.0010000000,0.0000367192,0.0095609217,0.0095976409
1.0011666667,0.0000502012,0.0095474723,0.0095976735
1.0013333333,0.0000657807,0.0095319357,0.0095977163
1.0015000000,0.0000834529,0.0095143180,0.0095977709
1.0016666667,0.0001032124,0.0094946263,0.0095978387
1.0018333333,0.0001250527,0.0094728685,0.0095979211
1.0020000000,0.0001489663,0.0094490533,0.0095980196
1.0021666667,0.0001749451,0.0094231906,0.0095981357
1.0023333333,0.0002029800,0.0093952911,0.0095982710
1.0025000000,0.0002330608,0.0093653664,0.0095984271
1.0026666667,0.0002651766,0.0093334291,0.0095986058
1.0028333333,0.0002993158,0.0092994928,0.0095988085
1.0030000000,0.0003354654,0.0092635717,0.0095990371
1.0031666667,0.0003736119,0.0092256811,0.0095992929
1.0033333333,0.0004137407,0.0091858370,0.0095995777
1.0035000000,0.0004558365,0.0091440565,0.0095998930
1.0036666667,0.0004998829,0.0091003577,0.0096002406
1.0038333333,0.0005458627,0.0090547596,0.0096006224
1.0040000000,0.0005937579,0.0090072820,0.0096010399
1.0041666667,0.0006435495,0.0089579454,0.0096014950
1.0043333333,0.0006952177,0.0089067713,0.0096019890
1.0045000000,0.0007487418,0.0088537819,0.0096025237
1.0046666667,0.0008041002,0.0087990003,0.0096031005
1.0048333333,0.0008612706,0.0087424503,0.0096037210
1.0050000000,0.0009202299,0.0086841566,0.0096043865
1.0051666667,0.0009809541,0.0086241444,0.0096050985
1.0053333333,0.0010434183,0.0085624398,0.0096058581
1.0055000000,0.0011075969,0.0084990697,0.0096066666
1.0056666667,0.0011734637,0.0084340618,0.0096075254
1.0058333333,0.0012409914,0.0083674443,0.0096084358
1.0060000000,0.0013101523,0.0082992466,0.0096093989
1.0061666667,0.0013809177,0.0082294983,0.0096104160
1.0063333333,0.0014532582,0.0081582297,0.0096114880
1.0065000000,0.0015271439,0.0080854719,0.0096126158
1.0066666667,0.0016025440,0.0080112562,0.0096138002
1.0068333333,0.0016794272,0.0079356150,0.0096150422
1.0070000000,0.0017577615,0.0078585810,0.0096163426
1.0071666667,0.0018375142,0.0077801881,0.0096177023
1.0073333333,0.0019186522,0.0077004704,0.0096191226
1.0075000000,0.0020011414,0.0076194630,0.0096206044
1.0076666667,0.0020849474,0.0075372012,0.0096221486
1.0078333333,0.0021700352,0.0074537206,0.0096237559
1.0080000000,0.0022563692,0.0073690573,0.0096254265
1.0081666667,0.0023439130,0.0072832479,0.0096271609
1.0083333333,0.0024326300,0.0071963295,0.0096289595
1.0085000000,0.0025224827,0.0071083405,0.0096308232
1.0086666667,0.0026134333,0.0070193195,0.0096327528
1.0088333333,0.0027054433,0.0069293058,0.0096347492
1.0090000000,0.0027984739,0.0068383388,0.0096368127
1.0091666667,0.0028924855,0.0067464582,0.0096389438
1.0093333333,0.0029874383,0.0066537044,0.0096411427
1.0095000000,0.0030832919,0.0065601182,0.0096434101
1.0096666667,0.0031800055,0.0064657411,0.0096457466
1.0098333333,0.0032775380,0.0063706149,0.0096481529
1.0100000000,0.0033758478,0.0062747817,0.0096506294
1.0101666667,0.0034748929,0.0061782838,0.0096531767
1.0103333333,0.0035746312,0.0060811641,0.0096557954
1.0105000000,0.0036750201,0.0059834663,0.0096584864
1.0106666667,0.0037760165,0.0058852346,0.0096612511
1.0108333333,0.0038775773,0.0057865133,0.0096640906
1.0110000000,0.0039796590,0.0056873467,0.0096670058
1.0111666667,0.0040822178,0.0055877791,0.0096699969
1.0113333333,0.0041852096,0.0054878546,0.0096730642
1.0115000000,0.0042885901,0.0053876180,0.0096762081
1.0116666667,0.0043923149,0.0052871144,0.0096794293
1.0118333333,0.0044963392,0.0051863896,0.0096827288
1.0120000000,0.0046006181,0.0050854893,0.0096861074
1.0121666667,0.0047051065,0.0049844592,0.0096895657
1.0123333333,0.0048097593,0.0048833443,0.0096931037
1.0125000000,0.0049145311,0.0047821898,0.0096967209
1.0126666667,0.0050193764,0.0046810406,0.0097004170
1.0128333333,0.0051242499,0.0045799417,0.0097041916
1.0130000000,0.0052291060,0.0044789382,0.0097080441
1.0131666667,0.0053338991,0.0043780750,0.0097119741
1.0133333333,0.0054385837,0.0042773972,0.0097159809
1.0135000000,0.0055431144,0.0041769499,0.0097200643
1.0136666667,0.0056474456,0.0040767781,0.0097242238
1.0138333333,0.0057515322,0.0039769269,0.0097284591
1.0140000000,0.0058553287,0.0038774409,0.0097327695
1.0141666667,0.0059587900,0.0037783641,0.0097371542
1.0143333333,0.0060618712,0.0036797407,0.0097416119
1.0145000000,0.0061645274,0.0035816145,0.0097461419
1.0146666667,0.0062667139,0.0034840298,0.0097507438
1.0148333333,0.0063683863,0.0033870311,0.0097554173
1.0150000000,0.0064695000,0.0032906625,0.0097601625
1.0151666667,0.0065700111,0.0031949681,0.0097649792
1.0153333333,0.0066698757,0.0030999914,0.0097698671
1.0155000000,0.0067690500,0.0030057756,0.0097748256
1.0156666667,0.0068674908,0.0029123636,0.0097798544
1.0158333333,0.0069651549,0.0028197980,0.0097849530
1.0160000000,0.0070619998,0.0027281211,0.0097901209
1.0161666667,0.0071579829,0.0026373745,0.0097953574
1.0163333333,0.0072530624,0.0025475996,0.0098006619
1.0165000000,0.0073471965,0.0024588374,0.0098060338
1.0166666667,0.0074403440,0.0023711290,0.0098114730
1.0168333333,0.0075324642,0.0022845153,0.0098169795
1.0170000000,0.0076235167,0.0021990365,0.0098225531
1.0171666667,0.0077134613,0.0021147318,0.0098281931
1.0173333333,0.0078022585,0.0020316394,0.0098338979
1.0175000000,0.0078898693,0.0019497966,0.0098396659
1.0176666667,0.0079762551,0.0018692408,0.0098454959
1.0178333333,0.0080613776,0.0017900095,0.0098513871
1.0180000000,0.0081451994,0.0017121400,0.0098573393
1.0181666667,0.0082276833,0.0016356688,0.0098633521
1.0183333333,0.0083087931,0.0015606314,0.0098694244
1.0185000000,0.0083884927,0.0014870617,0.0098755544
1.0186666667,0.0084667471,0.0014149929,0.0098817401
1.0188333333,0.0085435217,0.0013444576,0.0098879793
1.0190000000,0.0086187826,0.0012754879,0.0098942705
1.0191666667,0.0086924965,0.0012081157,0.0099006122
1.0193333333,0.0087646308,0.0011423720,0.0099070028
1.0195000000,0.0088351536,0.0010782869,0.0099134405
1.0196666667,0.0089040337,0.0010158896,0.0099199234
1.0198333333,0.0089712406,0.0009552088,0.0099264494
1.0200000000,0.0090367443,0.0008962728,0.0099330171
1.0201666667,0.0091005158,0.0008391092,0.0099396251
1.0203333333,0.0091625267,0.0007837450,0.0099462717
1.0205000000,0.0092227494,0.0007302058,0.0099529552
1.0206666667,0.0092811569,0.0006785168,0.0099596737
1.0208333333,0.0093377233,0.0006287022,0.0099664255
1.0210000000,0.0093924233,0.0005807863,0.0099732096
1.0211666667,0.0094452323,0.0005347929,0.0099800253
1.0213333333,0.0094961268,0.0004907452,0.0099868721
1.0215000000,0.0095450839,0.0004486651,0.0099937490
1.0216666667,0.0095920817,0.0004085731,0.0100006548
1.0218333333,0.0096370990,0.0003704883,0.0100075873
1.0220000000,0.0096801156,0.0003344291,0.0100145447
1.0221666667,0.0097211120,0.0003004131,0.0100215251
1.0223333333,0.0097600698,0.0002684572,0.0100285270
1.0225000000,0.0097969713,0.0002385773,0.0100355486
1.0226666667,0.0098317998,0.0002107884,0.0100425882
1.0228333333,0.0098645395,0.0001851041,0.0100496436
1.0230000000,0.0098951754,0.0001615368,0.0100567122
1.0231666667,0.0099236935,0.0001400979,0.0100637914
1.0233333333,0.0099500808,0.0001207976,0.0100708784
1.0235000000,0.0099743250,0.0001036454,0.0100779704
1.0236666667,0.0099964151,0.0000886496,0.0100850647
1.0238333333,0.0100163407,0.0000758184,0.0100921591
1.0240000000,0.0100340924,0.0000651592,0.0100992517
1.0241666667,0.0100496620,0.0000566788,0.0101063408
1.0243333333,0.0100630419,0.0000503831,0.0101134250
1.0245000000,0.0100742256,0.0000462770,0.0101205026
1.0246666667,0.0100832075,0.0000443643,0.0101275718
1.0248333333,0.0100899832,0.0000446477,0.0101346308
1.0250000000,0.0100945489,0.0000471295,0.0101416784
1.0251666667,0.0100969020,0.0000518115,0.0101487135
1.0253333333,0.0100970408,0.0000586948,0.0101557356
1.0255000000,0.0100949648,0.0000677791,0.0101627439
1.0256666667,0.0100906741,0.0000790631,0.0101697373
1.0258333333,0.0100841702,0.0000925443,0.0101767145
1.0260000000,0.0100754553,0.0001082188,0.0101836741
1.0261666667,0.0100645325,0.0001260823,0.0101906148
1.0263333333,0.0100514061,0.0001461295,0.0101975356
1.0265000000,0.0100360812,0.0001683539,0.0102044351
1.0266666667,0.0100185638,0.0001927480,0.0102113118
1.0268333333,0.0099988611,0.0002193029,0.0102181639
1.0270000000,0.0099769808,0.0002480090,0.0102249898
1.0271666667,0.0099529322,0.0002788560,0.0102317881
1.0273333333,0.0099267250,0.0003118328,0.0102385578
1.0275000000,0.0098983702,0.0003469276,0.0102452978
1.0276666667,0.0098678797,0.0003841270,0.0102520067
1.0278333333,0.0098352665,0.0004234164,0.0102586829
1.0280000000,0.0098005442,0.0004647802,0.0102653245
1.0281666667,0.0097637276,0.0005082022,0.0102719298
1.0283333333,0.0097248324,0.0005536656,0.0102784979
1.0285000000,0.0096838750,0.0006011533,0.0102850283
1.0286666667,0.0096408728,0.0006506474,0.0102915203
1.0288333333,0.0095958443,0.0007021288,0.0102979731
1.0290000000,0.0095488087,0.0007555768,0.0103043854
1.0291666667,0.0094997860,0.0008109696,0.0103107556
1.0293333333,0.0094487974,0.0008682845,0.0103170818
1.0295000000,0.0093958647,0.0009274984,0.0103233631
1.0296666667,0.0093410109,0.0009885878,0.0103295986
1.0298333333,0.0092842595,0.0010515284,0.0103357879
1.0300000000,0.0092256351,0.0011162951,0.0103419302
1.0301666667,0.0091651631,0.0011828614,0.0103480245
1.0303333333,0.0091028697,0.0012511996,0.0103540693
1.0305000000,0.0090387817,0.0013212811,0.0103600628
1.0306666667,0.0089729271,0.0013930763,0.0103660034
1.0308333333,0.0089053344,0.0014665555,0.0103718898
1.0310000000,0.0088360329,0.0015416879,0.0103777209
1.0311666667,0.0087650529,0.0016184425,0.0103834954
1.0313333333,0.0086924251,0.0016967868,0.0103892120
1.0315000000,0.0086181813,0.0017766878,0.0103948691
1.0316666667,0.0085423538,0.0018581112,0.0104004651
1.0318333333,0.0084649757,0.0019410226,0.0104059983
1.0320000000,0.0083860808,0.0020253868,0.0104114676
1.0321666667,0.0083057035,0.0021111684,0.0104168718
1.0323333333,0.0082238788,0.0021983312,0.0104222101
1.0325000000,0.0081406428,0.0022868386,0.0104274814
1.0326666667,0.0080560316,0.0023766531,0.0104326847
1.0328333333,0.0079700825,0.0024677372,0.0104378196
1.0330000000,0.0078828330,0.0025600531,0.0104428861
1.0331666667,0.0077943215,0.0026535629,0.0104478843
1.0333333333,0.0077045867,0.0027482281,0.0104528148
1.0335000000,0.0076136682,0.0028440093,0.0104576775
1.0336666667,0.0075216059,0.0029408661,0.0104624720
1.0338333333,0.0074284402,0.0030387576,0.0104671978
1.0340000000,0.0073342122,0.0031376424,0.0104718545
1.0341666667,0.0072389632,0.0032374790,0.0104764423
1.0343333333,0.0071427354,0.0033382258,0.0104809612
1.0345000000,0.0070455711,0.0034398402,0.0104854112
1.0346666667,0.0069475131,0.0035422789,0.0104897920
1.0348333333,0.0068486049,0.0036454977,0.0104941025
1.0350000000,0.0067488900,0.0037494517,0.0104983417
1.0351666667,0.0066484126,0.0038540958,0.0105025084
1.0353333333,0.0065472171,0.0039593846,0.0105066018
1.0355000000,0.0064453483,0.0040652728,0.0105106212
1.0356666667,0.0063428513,0.0041717148,0.0105145662
1.0358333333,0.0062397715,0.0042786651,0.0105184366
1.0360000000,0.0061361544,0.0043860780,0.0105222324
1.0361666667,0.0060320460,0.0044939077,0.0105259537
1.0363333333,0.0059274925,0.0046021080,0.0105296005
1.0365000000,0.0058225403,0.0047106324,0.0105331727
1.0366666667,0.0057172360,0.0048194340,0.0105366700
1.0368333333,0.0056116263,0.0049284662,0.0105400925
1.0370000000,0.0055057583,0.0050376822,0.0105434405
1.0371666667,0.0053996791,0.0051470355,0.0105467146
1.0373333333,0.0052934360,0.0052564796,0.0105499156
1.0375000000,0.0051870762,0.0053659675,0.0105530437
1.0376666667,0.0050806473,0.0054754514,0.0105560987
1.0378333333,0.0049741966,0.0055848837,0.0105590803
1.0380000000,0.0048677716,0.0056942165,0.0105619880
1.0381666667,0.0047614197,0.0058034025,0.0105648222
1.0383333333,0.0046551886,0.0059123945,0.0105675832
1.0385000000,0.0045491257,0.0060211455,0.0105702712
1.0386666667,0.0044432784,0.0061296080,0.0105728865
1.0388333333,0.0043376942,0.0062377347,0.0105754289
1.0390000000,0.0042324204,0.0063454785,0.0105778989
1.0391666667,0.0041275042,0.0064527930,0.0105802972
1.0393333333,0.0040229926,0.0065596325,0.0105826251
1.0395000000,0.0039189325,0.0066659512,0.0105848837
1.0396666667,0.0038153706,0.0067717031,0.0105870737
1.0398333333,0.0037123536,0.0068768419,0.0105891954
1.0400000000,0.0036099276,0.0069813216,0.0105912492
1.0401666667,0.0035081388,0.0070850970,0.0105932358
1.0403333333,0.0034070332,0.0071881235,0.0105951567
1.0405000000,0.0033066563,0.0072903569,0.0105970132
1.0406666667,0.0032070535,0.0073917529,0.0105988064
1.0408333333,0.0031082698,0.0074922668,0.0106005366
1.0410000000,0.0030103499,0.0075918539,0.0106022038
1.0411666667,0.0029133381,0.0076904699,0.0106038080
1.0413333333,0.0028172783,0.0077880715,0.0106053498
1.0415000000,0.0027222140,0.0078846161,0.0106068301
1.0416666667,0.0026281884,0.0079800617,0.0106082501
1.0418333333,0.0025352440,0.0080743666,0.0106096106
1.0420000000,0.0024434233,0.0081674889,0.0106109122
1.0421666667,0.0023527679,0.0082593876,0.0106121555
1.0423333333,0.0022633192,0.0083500221,0.0106133413
1.0425000000,0.0021751180,0.0084393529,0.0106144709
1.0426666667,0.0020882045,0.0085273409,0.0106155453
1.0428333333,0.0020026183,0.0086139476,0.0106165660
1.0430000000,0.0019183988,0.0086991352,0.0106175339
1.0431666667,0.0018355843,0.0087828661,0.0106184504
1.0433333333,0.0017542129,0.0088651037,0.0106193167
1.0435000000,0.0016743220,0.0089458122,0.0106201343
1.0436666667,0.0015959485,0.0090249563,0.0106209048
1.0438333333,0.0015191283,0.0091025012,0.0106216295
1.0440000000,0.0014438970,0.0091784126,0.0106223096
1.0441666667,0.0013702894,0.0092526570,0.0106229464
1.0443333333,0.0012983395,0.0093252014,0.0106235409
1.0445000000,0.0012280808,0.0093960138,0.0106240946
1.0446666667,0.0011595459,0.0094650628,0.0106246086
1.0448333333,0.0010927667,0.0095323177,0.0106250844
1.0450000000,0.0010277745,0.0095977485,0.0106255231
1.0451666667,0.0009645997,0.0096613261,0.0106259258
1.0453333333,0.0009032719,0.0097230221,0.0106262940
1.0455000000,0.0008438199,0.0097828088,0.0106266287
1.0456666667,0.0007862718,0.0098406596,0.0106269314
1.0458333333,0.0007306546,0.0098965486,0.0106272032
1.0460000000,0.0006769949,0.0099504506,0.0106274455
1.0461666667,0.0006253180,0.0100023415,0.0106276595
1.0463333333,0.0005756487,0.0100521982,0.0106278469
1.0465000000,0.0005280108,0.0100999985,0.0106280093
1.0466666667,0.0004824271,0.0101457212,0.0106281483
1.0468333333,0.0004389197,0.0101893460,0.0106282657
1.0470000000,0.0003975098,0.0102308531,0.0106283629
1.0471666667,0.0003582176,0.0102702237,0.0106284414
1.0473333333,0.0003210624,0.0103074401,0.0106285025
1.0475000000,0.0002860626,0.0103424853,0.0106285479
1.0476666667,0.0002532356,0.0103753438,0.0106285793
1.0478333333,0.0002225979,0.0104060004,0.0106285983
1.0480000000,0.0001941651,0.0104344412,0.0106286063
1.0481666667,0.0001679519,0.0104606530,0.0106286049
1.0483333333,0.0001439719,0.0104846236,0.0106285955
1.0485000000,0.0001222378,0.0105063417,0.0106285795
1.0486666667,0.0001027612,0.0105257972,0.0106285584
1.0488333333,0.0000855528,0.0105429810,0.0106285338
1.0490000000,0.0000706224,0.0105578850,0.0106285073
1.0491666667,0.0000579785,0.0105705019,0.0106284805
1.0493333333,0.0000476290,0.0105808258,0.0106284548
1.0495000000,0.0000395804,0.0105888514,0.0106284319
1.0496666667,0.0000338386,0.0105945747,0.0106284133
1.0498333333,0.0000304082,0.0105979925,0.0106284007
1.0500000000,0.0000292929,0.0105991027,0.0106283955
1.0501666667,0.0000304953,0.0105979040,0.0106283993
1.0503333333,0.0000340173,0.0105943964,0.0106284137
1.0505000000,0.0000398593,0.0105885808,0.0106284401
1.0506666667,0.0000480209,0.0105804591,0.0106284800
1.0508333333,0.0000585008,0.0105700343,0.0106285351
1.0510000000,0.0000712965,0.0105573104,0.0106286069
1.0511666667,0.0000864046,0.0105422922,0.0106286968
1.0513333333,0.0001038205,0.0105249857,0.0106288063
1.0515000000,0.0001235389,0.0105053980,0.0106289370
1.0516666667,0.0001455533,0.0104835371,0.0106290904
1.0518333333,0.0001698561,0.0104594121,0.0106292682
1.0520000000,0.0001964389,0.0104330329,0.0106294718
1.0521666667,0.0002252919,0.0104044107,0.0106297027
1.0523333333,0.0002564047,0.0103735573,0.0106299621
1.0525000000,0.0002897658,0.0103404855,0.0106302513
1.0526666667,0.0003253626,0.0103052090,0.0106305715
1.0528333333,0.0003631816,0.0102677426,0.0106309242
1.0530000000,0.0004032085,0.0102281023,0.0106313108
1.0531666667,0.0004454278,0.0101863049,0.0106317326
1.0533333333,0.0004898230,0.0101423682,0.0106321911
1.0535000000,0.0005363767,0.0100963109,0.0106326876
1.0536666667,0.0005850705,0.0100481528,0.0106332234
1.0538333333,0.0006358852,0.0099979147,0.0106337998
1.0540000000,0.0006888004,0.0099456181,0.0106344185
1.0541666667,0.0007437949,0.0098912859,0.0106350807
1.0543333333,0.0008008465,0.0098349415,0.0106357880
1.0545000000,0.0008599324,0.0097766092,0.0106365416
1.0546666667,0.0009210285,0.0097163144,0.0106373428
1.0548333333,0.0009841099,0.0096540830,0.0106381929
1.0550000000,0.0010491509,0.0095899420,0.0106390929
1.0551666667,0.0011161248,0.0095239192,0.0106400440
1.0553333333,0.0011850042,0.0094560428,0.0106410470
1.0555000000,0.0012557607,0.0093863419,0.0106421026
1.0556666667,0.0013283651,0.0093148463,0.0106432114
1.0558333333,0.0014027875,0.0092415870,0.0106443745
1.0560000000,0.0014789971,0.0091665957,0.0106455929
1.0561666667,0.0015569624,0.0090899054,0.0106468678
1.0563333333,0.0016366508,0.0090115495,0.0106482003
1.0565000000,0.0017180293,0.0089315622,0.0106495915
1.0566666667,0.0018010639,0.0088499784,0.0106510422
1.0568333333,0.0018857198,0.0087668339,0.0106525536
1.0570000000,0.0019719616,0.0086821651,0.0106541267
1.0571666667,0.0020597532,0.0085960095,0.0106557627
1.0573333333,0.0021490578,0.0085084047,0.0106574625
1.0575000000,0.0022398377,0.0084193892,0.0106592269
1.0576666667,0.0023320549,0.0083290020,0.0106610569
1.0578333333,0.0024256704,0.0082372829,0.0106629533
1.0580000000,0.0025206446,0.0081442722,0.0106649168
1.0581666667,0.0026169375,0.0080500106,0.0106669481
1.0583333333,0.0027145082,0.0079545391,0.0106690473
1.0585000000,0.0028133156,0.0078578989,0.0106712145
1.0586666667,0.0029133178,0.0077601320,0.0106734498
1.0588333333,0.0030144723,0.0076612813,0.0106757536
1.0590000000,0.0031167362,0.0075613907,0.0106781269
1.0591666667,0.0032200660,0.0074605046,0.0106805706
1.0593333333,0.0033244178,0.0073586677,0.0106830856
1.0595000000,0.0034297471,0.0072559248,0.0106856719
1.0596666667,0.0035360091,0.0071523205,0.0106883296
1.0598333333,0.0036431583,0.0070479002,0.0106910586
1.0600000000,0.0037511492,0.0069427103,0.0106938595
1.0601666667,0.0038599355,0.0068367978,0.0106967334
1.0603333333,0.0039694708,0.0067302102,0.0106996810
1.0605000000,0.0040797080,0.0066229950,0.0107027030
1.0606666667,0.0041906000,0.0065151994,0.0107057994
1.0608333333,0.0043020993,0.0064068707,0.0107089700
1.0610000000,0.0044141580,0.0062980567,0.0107122148
1.0611666667,0.0045267281,0.0061888057,0.0107155337
1.0613333333,0.0046397611,0.0060791662,0.0107189273
1.0615000000,0.0047532085,0.0059691868,0.0107223953
1.0616666667,0.0048670215,0.0058589160,0.0107259375
1.0618333333,0.0049811512,0.0057484025,0.0107295536
1.0620000000,0.0050955482,0.0056376952,0.0107332434
1.0621666667,0.0052101635,0.0055268435,0.0107370069
1.0623333333,0.0053249474,0.0054158970,0.0107408444
1.0625000000,0.0054398506,0.0053049053,0.0107447559
1.0626666667,0.0055548234,0.0051939175,0.0107487409
1.0628333333,0.0056698162,0.0050829827,0.0107527989
1.0630000000,0.0057847793,0.0049721502,0.0107569294
1.0631666667,0.0058996628,0.0048614697,0.0107611325
1.0633333333,0.0060144172,0.0047509913,0.0107654084
1.0635000000,0.0061289926,0.0046407649,0.0107697576
1.0636666667,0.0062433395,0.0045308402,0.0107741797
1.0638333333,0.0063574083,0.0044212658,0.0107786741
1.0640000000,0.0064711495,0.0043120904,0.0107832399
1.0641666667,0.0065845138,0.0042033623,0.0107878761
1.0643333333,0.0066974518,0.0040951304,0.0107925822
1.0645000000,0.0068099147,0.0039874431,0.0107973578
1.0646666667,0.0069218534,0.0038803490,0.0108022024
1.0648333333,0.0070332193,0.0037738963,0.0108071156
1.0650000000,0.0071439638,0.0036681329,0.0108120968
1.0651666667,0.0072540389,0.0035631064,0.0108171452
1.0653333333,0.0073633965,0.0034588639,0.0108222604
1.0655000000,0.0074719890,0.0033554526,0.0108274416
1.0656666667,0.0075797690,0.0032529189,0.0108326879
1.0658333333,0.0076866895,0.0031513091,0.0108379987
1.0660000000,0.0077927039,0.0030506692,0.0108433730
1.0661666667,0.0078977657,0.0029510447,0.0108488104
1.0663333333,0.0080018290,0.0028524813,0.0108543103
1.0665000000,0.0081048485,0.0027550235,0.0108598720
1.0666666667,0.0082067789,0.0026587154,0.0108654943
1.0668333333,0.0083075757,0.0025636000,0.0108711757
1.0670000000,0.0084071947,0.0024697198,0.0108769145
1.0671666667,0.0085055923,0.0023771171,0.0108827094
1.0673333333,0.0086027253,0.0022858345,0.0108885598
1.0675000000,0.0086985512,0.0021959141,0.0108944653
1.0676666667,0.0087930277,0.0021073979,0.0109004256
1.0678333333,0.0088861135,0.0020203264,0.0109064399
1.0680000000,0.0089777675,0.0019347396,0.0109125071
1.0681666667,0.0090679496,0.0018506763,0.0109186259
1.0683333333,0.0091566200,0.0017681749,0.0109247949
1.0685000000,0.0092437397,0.0016872736,0.0109310133
1.0686666667,0.0093292703,0.0016080098,0.0109372801
1.0688333333,0.0094131740,0.0015304201,0.0109435941
1.0690000000,0.0094954138,0.0014545399,0.0109499537
1.0691666667,0.0095759534,0.0013804037,0.0109563571
1.0693333333,0.0096547573,0.0013080449,0.0109628021
1.0695000000,0.0097317905,0.0012374967,0.0109692873
1.0696666667,0.0098070191,0.0011687920,0.0109758111
1.0698333333,0.0098804098,0.0011019628,0.0109823726
1.0700000000,0.0099519299,0.0010370407,0.0109889706
1.0701666667,0.0100215478,0.0009740562,0.0109956040
1.0703333333,0.0100892325,0.0009130392,0.0110022717
1.0705000000,0.0101549540,0.0008540190,0.0110089730
1.0706666667,0.0102186831,0.0007970242,0.0110157072
1.0708333333,0.0102803913,0.0007420824,0.0110224737
1.0710000000,0.0103400512,0.0006892202,0.0110292714
1.0711666667,0.0103976362,0.0006384622,0.0110360984
1.0713333333,0.0104531205,0.0005898320,0.0110429525
1.0715000000,0.0105064793,0.0005433519,0.0110498313
1.0716666667,0.0105576888,0.0004990440,0.0110567327
1.0718333333,0.0106067258,0.0004569294,0.0110636552
1.0720000000,0.0106535685,0.0004170288,0.0110705972
1.0721666667,0.0106981957,0.0003793615,0.0110775573
1.0723333333,0.0107405875,0.0003439458,0.0110845333
1.0725000000,0.0107807246,0.0003107989,0.0110915235
1.0726666667,0.0108185888,0.0002799373,0.0110985261
1.0728333333,0.0108541630,0.0002513771,0.0111055401
1.0730000000,0.0108874310,0.0002251343,0.0111125653
1.0731666667,0.0109183776,0.0002012236,0.0111196012
1.0733333333,0.0109469887,0.0001796586,0.0111266473
1.0735000000,0.0109732511,0.0001604509,0.0111337020
1.0736666667,0.0109971527,0.0001436108,0.0111407635
1.0738333333,0.0110186824,0.0001291469,0.0111478293
1.0740000000,0.0110378302,0.0001170672,0.0111548974
1.0741666667,0.0110545869,0.0001073788,0.0111619657
1.0743333333,0.0110689447,0.0001000878,0.0111690325
1.0745000000,0.0110808966,0.0000951993,0.0111760959
1.0746666667,0.0110904368,0.0000927173,0.0111831541
1.0748333333,0.0110975605,0.0000926447,0.0111902052
1.0750000000,0.0111022639,0.0000949837,0.0111972476
1.0751666667,0.0111045443,0.0000997355,0.0112042797
1.0753333333,0.0111044000,0.0001069005,0.0112113005
1.0755000000,0.0111018305,0.0001164783,0.0112183088
1.0756666667,0.0110968363,0.0001284674,0.0112253037
1.0758333333,0.0110894190,0.0001428653,0.0112322843
1.0760000000,0.0110795812,0.0001596684,0.0112392495
1.0761666667,0.0110673265,0.0001788715,0.0112461981
1.0763333333,0.0110526598,0.0002004685,0.0112531283
1.0765000000,0.0110355869,0.0002244513,0.0112600382
1.0766666667,0.0110161146,0.0002508112,0.0112669257
1.0768333333,0.0109942508,0.0002795380,0.0112737888
1.0770000000,0.0109700046,0.0003106209,0.0112806255
1.0771666667,0.0109433860,0.0003440483,0.0112874344
1.0773333333,0.0109144062,0.0003798080,0.0112942141
1.0775000000,0.0108830772,0.0004178864,0.0113009635
1.0776666667,0.0108494121,0.0004582691,0.0113076812
1.0778333333,0.0108134253,0.0005009405,0.0113143658
1.0780000000,0.0107751319,0.0005458840,0.0113210159
1.0781666667,0.0107345483,0.0005930821,0.0113276304
1.0783333333,0.0106916916,0.0006425166,0.0113342082
1.0785000000,0.0106465802,0.0006941679,0.0113407481
1.0786666667,0.0105992333,0.0007480157,0.0113472490
1.0788333333,0.0105496712,0.0008040384,0.0113537096
1.0790000000,0.0104979152,0.0008622133,0.0113601285
1.0791666667,0.0104439875,0.0009225171,0.0113665045
1.0793333333,0.0103879113,0.0009849251,0.0113728363
1.0795000000,0.0103297107,0.0010494116,0.0113791224
1.0796666667,0.0102694110,0.0011159500,0.0113853610
1.0798333333,0.0102070381,0.0011845126,0.0113915507
1.0800000000,0.0101426190,0.0012550711,0.0113976901
1.0801666667,0.0100761815,0.0013275968,0.0114037783
1.0803333333,0.0100077545,0.0014020606,0.0114098150
1.0805000000,0.0099373675,0.0014784320,0.0114157996
1.0806666667,0.0098650513,0.0015566795,0.0114217308
1.0808333333,0.0097908372,0.0016367701,0.0114276073
1.0810000000,0.0097147574,0.0017186697,0.0114334272
1.0811666667,0.0096368451,0.0018023440,0.0114391891
1.0813333333,0.0095571342,0.0018877582,0.0114448925
1.0815000000,0.0094756594,0.0019748776,0.0114505371
1.0816666667,0.0093924563,0.0020636664,0.0114561228
1.0818333333,0.0093075612,0.0021540875,0.0114616487
1.0820000000,0.0092210112,0.0022461022,0.0114671134
1.0821666667,0.0091328441,0.0023396711,0.0114725152
1.0823333333,0.0090430984,0.0024347544,0.0114778528
1.0825000000,0.0089518135,0.0025313122,0.0114831256
1.0826666667,0.0088590292,0.0026293043,0.0114883334
1.0828333333,0.0087647863,0.0027286898,0.0114934761
1.0830000000,0.0086691260,0.0028294269,0.0114985529
1.0831666667,0.0085720904,0.0029314725,0.0115035629
1.0833333333,0.0084737220,0.0030347829,0.0115085049
1.0835000000,0.0083740641,0.0031393142,0.0115133783
1.0836666667,0.0082731603,0.0032450223,0.0115181827
1.0838333333,0.0081710552,0.0033518625,0.0115229177
1.0840000000,0.0080677935,0.0034597893,0.0115275828
1.0841666667,0.0079634207,0.0035687565,0.0115321773
1.0843333333,0.0078579829,0.0036787174,0.0115367003
1.0845000000,0.0077515265,0.0037896251,0.0115411516
1.0846666667,0.0076440984,0.0039014327,0.0115455311
1.0848333333,0.0075357460,0.0040140928,0.0115498388
1.0850000000,0.0074265170,0.0041275573,0.0115540744
1.0851666667,0.0073164598,0.0042417773,0.0115582372
1.0853333333,0.0072056230,0.0043567035,0.0115623264
1.0855000000,0.0070940555,0.0044722863,0.0115663418
1.0856666667,0.0069818067,0.0045884766,0.0115702833
1.0858333333,0.0068689263,0.0047052251,0.0115741514
1.0860000000,0.0067554642,0.0048224822,0.0115779464
1.0861666667,0.0066414707,0.0049401972,0.0115816679
1.0863333333,0.0065269963,0.0050583192,0.0115853156
1.0865000000,0.0064120918,0.0051767967,0.0115888885
1.0866666667,0.0062968082,0.0052955783,0.0115923864
1.0868333333,0.0061811966,0.0054146128,0.0115958093
1.0870000000,0.0060653083,0.0055338492,0.0115991576
1.0871666667,0.0059491949,0.0056532365,0.0116024315
1.0873333333,0.0058329080,0.0057727234,0.0116056314
1.0875000000,0.0057164992,0.0058922583,0.0116087575
1.0876666667,0.0056000205,0.0060117898,0.0116118102
1.0878333333,0.0054835236,0.0061312663,0.0116147898
1.0880000000,0.0053670604,0.0062506361,0.0116176966
1.0881666667,0.0052506830,0.0063698475,0.0116205306
1.0883333333,0.0051344433,0.0064888488,0.0116232921
1.0885000000,0.0050183929,0.0066075884,0.0116259813
1.0886666667,0.0049025839,0.0067260149,0.0116285988
1.0888333333,0.0047870679,0.0068440770,0.0116311449
1.0890000000,0.0046718965,0.0069617233,0.0116336198
1.0891666667,0.0045571214,0.0070789023,0.0116360236
1.0893333333,0.0044427938,0.0071955627,0.0116383564
1.0895000000,0.0043289648,0.0073116536,0.0116406184
1.0896666667,0.0042156856,0.0074271249,0.0116428105
1.0898333333,0.0041030068,0.0075419269,0.0116449336
1.0900000000,0.0039909789,0.0076560103,0.0116469892
1.0901666667,0.0038796523,0.0077693260,0.0116489782
1.0903333333,0.0037690768,0.0078818245,0.0116509014
1.0905000000,0.0036593023,0.0079934568,0.0116527592
1.0906666667,0.0035503781,0.0081041741,0.0116545522
1.0908333333,0.0034423531,0.0082139280,0.0116562811
1.0910000000,0.0033352758,0.0083226706,0.0116579465
1.0911666667,0.0032291946,0.0084303543,0.0116595489
1.0913333333,0.0031241572,0.0085369318,0.0116610890
1.0915000000,0.0030202109,0.0086423563,0.0116625672
1.0916666667,0.0029174025,0.0087465818,0.0116639843
1.0918333333,0.0028157786,0.0088495630,0.0116653415
1.0920000000,0.0027153848,0.0089512553,0.0116666401
1.0921666667,0.0026162666,0.0090516146,0.0116678812
1.0923333333,0.0025184687,0.0091505973,0.0116690660
1.0925000000,0.0024220354,0.0092481602,0.0116701955
1.0926666667,0.0023270104,0.0093442606,0.0116712710
1.0928333333,0.0022334367,0.0094388569,0.0116722936
1.0930000000,0.0021413568,0.0095319079,0.0116732647
1.0931666667,0.0020508125,0.0096233730,0.0116741854
1.0933333333,0.0019618449,0.0097132118,0.0116750567
1.0935000000,0.0018744945,0.0098013846,0.0116758791
1.0936666667,0.0017888011,0.0098878523,0.0116766535
1.0938333333,0.0017048039,0.0099725768,0.0116773807
1.0940000000,0.0016225411,0.0100555208,0.0116780619
1.0941666667,0.0015420504,0.0101366484,0.0116786988
1.0943333333,0.0014633686,0.0102159242,0.0116792928
1.0945000000,0.0013865320,0.0102933136,0.0116798456
1.0946666667,0.0013115757,0.0103687828,0.0116803585
1.0948333333,0.0012385345,0.0104422985,0.0116808330
1.0950000000,0.0011674420,0.0105138284,0.0116812704
1.0951666667,0.0010983313,0.0105833407,0.0116816720
1.0953333333,0.0010312344,0.0106508048,0.0116820392
1.0955000000,0.0009661824,0.0107161907,0.0116823732
1.0956666667,0.0009032059,0.0107794695,0.0116826754
1.0958333333,0.0008423342,0.0108406129,0.0116829471
1.0960000000,0.0007835960,0.0108995936,0.0116831896
1.0961666667,0.0007270188,0.0109563853,0.0116834041
1.0963333333,0.0006726294,0.0110109627,0.0116835921
1.0965000000,0.0006204535,0.0110633016,0.0116837551
1.0966666667,0.0005705159,0.0111133787,0.0116838947
1.0968333333,0.0005228405,0.0111611720,0.0116840125
1.0970000000,0.0004774501,0.0112066600,0.0116841101
1.0971666667,0.0004343665,0.0112498226,0.0116841890
1.0973333333,0.0003936106,0.0112906403,0.0116842509
1.0975000000,0.0003552023,0.0113290949,0.0116842972
1.0976666667,0.0003191603,0.0113651691,0.0116843294
1.0978333333,0.0002855026,0.0113988464,0.0116843490
1.0980000000,0.0002542457,0.0114301117,0.0116843574
1.0981666667,0.0002254055,0.0114589505,0.0116843560
1.0983333333,0.0001989966,0.0114853499,0.0116843465
1.0985000000,0.0001750326,0.0115092976,0.0116843302
1.0986666667,0.0001535261,0.0115307827,0.0116843088
1.0988333333,0.0001344886,0.0115497955,0.0116842841
1.0990000000,0.0001179304,0.0115663270,0.0116842575
1.0991666667,0.0001038612,0.0115803694,0.0116842306
1.0993333333,0.0000922891,0.0115919158,0.0116842050
1.0995000000,0.0000832215,0.0116009606,0.0116841821
1.0996666667,0.0000766645,0.0116074990,0.0116841635
1.0998333333,0.0000726232,0.0116115277,0.0116841509
1.1000000000,0.0000711016,0.0116130441,0.0116841457
1.1001666667,0.0000721027,0.0116120468,0.0116841495
1.1003333333,0.0000756283,0.0116085354,0.0116841638
1.1005000000,0.0000816792,0.0116025109,0.0116841901
1.1006666667,0.0000902549,0.0115939751,0.0116842300
1.1008333333,0.0001013541,0.0115829310,0.0116842851
1.1010000000,0.0001149742,0.0115693827,0.0116843568
1.1011666667,0.0001311115,0.0115533352,0.0116844468
1.1013333333,0.0001497614,0.0115347949,0.0116845563
1.1015000000,0.0001709181,0.0115137689,0.0116846870
1.1016666667,0.0001945748,0.0114902655,0.0116848403
1.1018333333,0.0002207234,0.0114642943,0.0116850177
1.1020000000,0.0002493550,0.0114358655,0.0116852205
1.1021666667,0.0002804596,0.0114049909,0.0116854504
1.1023333333,0.0003140259,0.0113716829,0.0116857088
1.1025000000,0.0003500420,0.0113359552,0.0116859972
1.1026666667,0.0003884944,0.0112978226,0.0116863170
1.1028333333,0.0004293690,0.0112573006,0.0116866695
1.1030000000,0.0004726503,0.0112144058,0.0116870561
1.1031666667,0.0005183220,0.0111691561,0.0116874781
1.1033333333,0.0005663667,0.0111215701,0.0116879369
1.1035000000,0.0006167659,0.0110716679,0.0116884338
1.1036666667,0.0006694999,0.0110194703,0.0116889703
1.1038333333,0.0007245484,0.0109649993,0.0116895477
1.1040000000,0.0007818895,0.0109082777,0.0116901672
1.1041666667,0.0008415006,0.0108493295,0.0116908300
1.1043333333,0.0009033580,0.0107881795,0.0116915375
1.1045000000,0.0009674370,0.0107248538,0.0116922908
1.1046666667,0.0010337119,0.0106593793,0.0116930912
1.1048333333,0.0011021559,0.0105917840,0.0116939399
1.1050000000,0.0011727414,0.0105220967,0.0116948381
1.1051666667,0.0012454396,0.0104503472,0.0116957869
1.1053333333,0.0013202210,0.0103765665,0.0116967874
1.1055000000,0.0013970549,0.0103007861,0.0116978409
1.1056666667,0.0014759098,0.0102230385,0.0116989483
1.1058333333,0.0015567534,0.0101433571,0.0117001105
1.1060000000,0.0016395524,0.0100617760,0.0117013284
1.1061666667,0.0017242725,0.0099783305,0.0117026030
1.1063333333,0.0018108787,0.0098930568,0.0117039355
1.1065000000,0.0018993352,0.0098059921,0.0117053273
1.1066666667,0.0019896051,0.0097171744,0.0117067795
1.1068333333,0.0020816509,0.0096266420,0.0117082928
1.1070000000,0.0021754343,0.0095344336,0.0117098678
1.1071666667,0.0022709162,0.0094405889,0.0117115050
1.1073333333,0.0023680566,0.0093451486,0.0117132052
1.1075000000,0.0024668152,0.0092481542,0.0117149694
1.1076666667,0.0025671504,0.0091496483,0.0117167987
1.1078333333,0.0026690203,0.0090496737,0.0117186940
1.1080000000,0.0027723822,0.0089482735,0.0117206557
1.1081666667,0.0028771927,0.0088454916,0.0117226842
1.1083333333,0.0029834077,0.0087413724,0.0117247801
1.1085000000,0.0030909826,0.0086359614,0.0117269440
1.1086666667,0.0031998720,0.0085293048,0.0117291768
1.1088333333,0.0033100299,0.0084214495,0.0117314793
1.1090000000,0.0034214097,0.0083124425,0.0117338522
1.1091666667,0.0035339643,0.0082023314,0.0117362957
1.1093333333,0.0036476459,0.0080911644,0.0117388103
1.1095000000,0.0037624062,0.0079789903,0.0117413965
1.1096666667,0.0038781964,0.0078658585,0.0117440548
1.1098333333,0.0039949670,0.0077518185,0.0117467855
1.1100000000,0.0041126684,0.0076369202,0.0117495887
1.1101666667,0.0042312504,0.0075212139,0.0117524642
1.1103333333,0.0043506622,0.0074047502,0.0117554123
1.1105000000,0.0044708529,0.0072875805,0.0117584334
1.1106666667,0.0045917710,0.0071697570,0.0117615280
1.1108333333,0.0047133648,0.0070513319,0.0117646968
1.1110000000,0.0048355823,0.0069323576,0.0117679400
1.1111666667,0.0049583711,0.0068128864,0.0117712576
1.1113333333,0.0050816785,0.0066929708,0.0117746493
1.1115000000,0.0052054516,0.0065726636,0.0117781152
1.1116666667,0.0053296372,0.0064520182,0.0117816554
1.1118333333,0.0054541818,0.0063310884,0.0117852702
1.1120000000,0.0055790317,0.0062099279,0.0117889596
1.1121666667,0.0057041332,0.0060885903,0.0117927235
1.1123333333,0.0058294322,0.0059671292,0.0117965613
1.1125000000,0.0059548744,0.0058455981,0.0118004725
1.1126666667,0.0060804058,0.0057240508,0.0118044566
1.1128333333,0.0062059718,0.0056025414,0.0118085132
1.1130000000,0.0063315181,0.0054811245,0.0118126426
1.1131666667,0.0064569902,0.0053598548,0.0118168450
1.1133333333,0.0065823336,0.0052387872,0.0118211208
1.1135000000,0.0067074939,0.0051179760,0.0118254700
1.1136666667,0.0068324168,0.0049974754,0.0118298922
1.1138333333,0.0069570478,0.0048773387,0.0118343865
1.1140000000,0.0070813328,0.0047576193,0.0118389521
1.1141666667,0.0072052178,0.0046383703,0.0118435881
1.1143333333,0.0073286487,0.0045196451,0.0118482938
1.1145000000,0.0074515720,0.0044014969,0.0118530689
1.1146666667,0.0075739340,0.0042839789,0.0118579129
1.1148333333,0.0076956815,0.0041671436,0.0118628251
1.1150000000,0.0078167613,0.0040510434,0.0118678048
1.1151666667,0.0079371208,0.0039357303,0.0118728511
1.1153333333,0.0080567073,0.0038212566,0.0118779638
1.1155000000,0.0081754686,0.0037076742,0.0118831428
1.1156666667,0.0082933528,0.0035950351,0.0118883879
1.1158333333,0.0084103084,0.0034833901,0.0118936985
1.1160000000,0.0085262842,0.0033727896,0.0118990738
1.1161666667,0.0086412293,0.0032632832,0.0119045126
1.1163333333,0.0087550934,0.0031549199,0.0119100133
1.1165000000,0.0088678266,0.0030477484,0.0119155749
1.1166666667,0.0089793793,0.0029418168,0.0119211961
1.1168333333,0.0090897028,0.0028371730,0.0119268758
1.1170000000,0.0091987485,0.0027338643,0.0119326127
1.1171666667,0.0093064685,0.0026319377,0.0119384061
1.1173333333,0.0094128154,0.0025314401,0.0119442555
1.1175000000,0.0095177426,0.0024324181,0.0119501606
1.1176666667,0.0096212037,0.0023349175,0.0119561213
1.1178333333,0.0097231532,0.0022389833,0.0119621366
1.1180000000,0.0098235461,0.0021446592,0.0119682052
1.1181666667,0.0099223379,0.0020519876,0.0119743255
1.1183333333,0.0100194850,0.0019610107,0.0119804957
1.1185000000,0.0101149443,0.0018717698,0.0119867141
1.1186666667,0.0102086735,0.0017843060,0.0119929795
1.1188333333,0.0103006311,0.0016986596,0.0119992908
1.1190000000,0.0103907764,0.0016148701,0.0120056466
1.1191666667,0.0104790693,0.0015329762,0.0120120456
1.1193333333,0.0105654707,0.0014530159,0.0120184866
1.1195000000,0.0106499422,0.0013750265,0.0120249687
1.1196666667,0.0107324464,0.0012990447,0.0120314911
1.1198333333,0.0108129466,0.0012251064,0.0120380530
1.1200000000,0.0108914070,0.0011532464,0.0120446533
1.1201666667,0.0109677925,0.0010834983,0.0120512909
1.1203333333,0.0110420693,0.0010158948,0.0120579641
1.1205000000,0.0111142040,0.0009504672,0.0120646711
1.1206666667,0.0111841643,0.0008872455,0.0120714098
1.1208333333,0.0112519189,0.0008262589,0.0120781778
1.1210000000,0.0113174373,0.0007675360,0.0120849733
1.1211666667,0.0113806902,0.0007111049,0.0120917951
1.1213333333,0.0114416489,0.0006569935,0.0120986424
1.1215000000,0.0115002860,0.0006052289,0.0121055148
1.1216666667,0.0115565750,0.0005558367,0.0121124117
1.1218333333,0.0116104905,0.0005088410,0.0121193315
1.1220000000,0.0116620080,0.0004642641,0.0121262721
1.1221666667,0.0117111043,0.0004221273,0.0121332316
1.1223333333,0.0117577569,0.0003824513,0.0121402082
1.1225000000,0.0118019446,0.0003452562,0.0121472008
1.1226666667,0.0118436473,0.0003105608,0.0121542081
1.1228333333,0.0118828458,0.0002783826,0.0121612284
1.1230000000,0.0119195220,0.0002487373,0.0121682593
1.1231666667,0.0119536591,0.0002216396,0.0121752987
1.1233333333,0.0119852412,0.0001971036,0.0121823448
1.1235000000,0.0120142535,0.0001751432,0.0121893967
1.1236666667,0.0120406825,0.0001557716,0.0121964541
1.1238333333,0.0120645157,0.0001390003,0.0122035161
1.1240000000,0.0120857418,0.0001248393,0.0122105812
1.1241666667,0.0121043506,0.0001132967,0.0122176473
1.1243333333,0.0121203329,0.0001043792,0.0122247121
1.1245000000,0.0121336809,0.0000980929,0.0122317738
1.1246666667,0.0121443878,0.0000944433,0.0122388311
1.1248333333,0.0121524480,0.0000934344,0.0122458825
1.1250000000,0.0121578571,0.0000950692,0.0122529263
1.1251666667,0.0121606117,0.0000993488,0.0122599605
1.1253333333,0.0121607096,0.0001062737,0.0122669833
1.1255000000,0.0121581501,0.0001158435,0.0122739936
1.1256666667,0.0121529332,0.0001280573,0.0122809904
1.1258333333,0.0121450603,0.0001429128,0.0122879731
1.1260000000,0.0121345340,0.0001604063,0.0122949403
1.1261666667,0.0121213581,0.0001805318,0.0123018899
1.1263333333,0.0121055373,0.0002032822,0.0123088196
1.1265000000,0.0120870779,0.0002286495,0.0123157274
1.1266666667,0.0120659870,0.0002566250,0.0123226120
1.1268333333,0.0120422730,0.0002871995,0.0123294724
1.1270000000,0.0120159454,0.0003203623,0.0123363077
1.1271666667,0.0119870150,0.0003561013,0.0123431163
1.1273333333,0.0119554935,0.0003944028,0.0123498963
1.1275000000,0.0119213939,0.0004352519,0.0123566459
1.1276666667,0.0118847303,0.0004786333,0.0123633636
1.1278333333,0.0118455179,0.0005245308,0.0123700486
1.1280000000,0.0118037730,0.0005729271,0.0123767001
1.1281666667,0.0117595132,0.0006238037,0.0123833169
1.1283333333,0.0117127571,0.0006771404,0.0123898975
1.1285000000,0.0116635244,0.0007329155,0.0123964399
1.1286666667,0.0116118361,0.0007911061,0.0124029422
1.1288333333,0.0115577141,0.0008516887,0.0124094029
1.1290000000,0.0115011815,0.0009146393,0.0124158208
1.1291666667,0.0114422623,0.0009799328,0.0124221951
1.1293333333,0.0113809817,0.0010475434,0.0124285251
1.1295000000,0.0113173659,0.0011174440,0.0124348099
1.1296666667,0.0112514420,0.0011896063,0.0124410484
1.1298333333,0.0111832384,0.0012640006,0.0124472390
1.1300000000,0.0111127841,0.0013405960,0.0124533801
1.1301666667,0.0110401096,0.0014193606,0.0124594703
1.1303333333,0.0109652462,0.0015002619,0.0124655081
1.1305000000,0.0108882260,0.0015832667,0.0124714927
1.1306666667,0.0108090824,0.0016683409,0.0124774234
1.1308333333,0.0107278497,0.0017554497,0.0124832994
1.1310000000,0.0106445630,0.0018445567,0.0124891197
1.1311666667,0.0105592584,0.0019356246,0.0124948830
1.1313333333,0.0104719728,0.0020286152,0.0125005880
1.1315000000,0.0103827441,0.0021234898,0.0125062339
1.1316666667,0.0102916110,0.0022202089,0.0125118199
1.1318333333,0.0101986131,0.0023187324,0.0125173456
1.1320000000,0.0101037909,0.0024190193,0.0125228102
1.1321666667,0.0100071854,0.0025210273,0.0125282127
1.1323333333,0.0099088390,0.0026247128,0.0125335518
1.1325000000,0.0098087944,0.0027300317,0.0125388261
1.1326666667,0.0097070953,0.0028369396,0.0125440349
1.1328333333,0.0096037861,0.0029453914,0.0125491775
1.1330000000,0.0094989120,0.0030553416,0.0125542536
1.1331666667,0.0093925188,0.0031667441,0.0125592629
1.1333333333,0.0092846531,0.0032795517,0.0125642049
1.1335000000,0.0091753621,0.0033937167,0.0125690788
1.1336666667,0.0090646936,0.0035091905,0.0125738841
1.1338333333,0.0089526962,0.0036259241,0.0125786203
1.1340000000,0.0088394189,0.0037438677,0.0125832866
1.1341666667,0.0087249116,0.0038629709,0.0125878825
1.1343333333,0.0086092245,0.0039831827,0.0125924071
1.1345000000,0.0084924084,0.0041044514,0.0125968598
1.1346666667,0.0083745148,0.0042267252,0.0126012400
1.1348333333,0.0082555955,0.0043499522,0.0126055477
1.1350000000,0.0081357029,0.0044740801,0.0126097830
1.1351666667,0.0080148897,0.0045990561,0.0126139458
1.1353333333,0.0078932092,0.0047248267,0.0126180358
1.1355000000,0.0077707150,0.0048513376,0.0126220526
1.1356666667,0.0076474613,0.0049785342,0.0126259956
1.1358333333,0.0075235026,0.0051063620,0.0126298646
1.1360000000,0.0073988934,0.0052347662,0.0126336596
1.1361666667,0.0072736890,0.0053636918,0.0126373809
1.1363333333,0.0071479448,0.0054930835,0.0126410284
1.1365000000,0.0070217164,0.0056228855,0.0126446019
1.1366666667,0.0068950598,0.0057530412,0.0126481010
1.1368333333,0.0067680310,0.0058834940,0.0126515250
1.1370000000,0.0066406863,0.0060141877,0.0126548740
1.1371666667,0.0065130823,0.0061450661,0.0126581483
1.1373333333,0.0063852755,0.0062760733,0.0126613488
1.1375000000,0.0062573227,0.0064071534,0.0126644761
1.1376666667,0.0061292809,0.0065382498,0.0126675307
1.1378333333,0.0060012070,0.0066693054,0.0126705123
1.1380000000,0.0058731580,0.0068002628,0.0126734207
1.1381666667,0.0057451909,0.0069310647,0.0126762556
1.1383333333,0.0056173628,0.0070616544,0.0126790172
1.1385000000,0.0054897307,0.0071919754,0.0126817061
1.1386666667,0.0053623514,0.0073219717,0.0126843231
1.1388333333,0.0052352819,0.0074515868,0.0126868687
1.1390000000,0.0051085790,0.0075807642,0.0126893432
1.1391666667,0.0049822991,0.0077094476,0.0126917467
1.1393333333,0.0048564988,0.0078375808,0.0126940796
1.1395000000,0.0047312344,0.0079651081,0.0126963425
1.1396666667,0.0046065621,0.0080919744,0.0126985364
1.1398333333,0.0044825377,0.0082181246,0.0127006623
1.1400000000,0.0043592168,0.0083435039,0.0127027207
1.1401666667,0.0042366550,0.0084680572,0.0127047122
1.1403333333,0.0041149073,0.0085917297,0.0127066370
1.1405000000,0.0039940284,0.0087144672,0.0127084955
1.1406666667,0.0038740726,0.0088362159,0.0127102885
1.1408333333,0.0037550940,0.0089569225,0.0127120165
1.1410000000,0.0036371462,0.0090765344,0.0127136806
1.1411666667,0.0035202822,0.0091949993,0.0127152816
1.1413333333,0.0034045550,0.0093122654,0.0127168204
1.1415000000,0.0032900168,0.0094282814,0.0127182982
1.1416666667,0.0031767193,0.0095429967,0.0127197160
1.1418333333,0.0030647141,0.0096563610,0.0127210751
1.1420000000,0.0029540518,0.0097683244,0.0127223762
1.1421666667,0.0028447826,0.0098788374,0.0127236200
1.1423333333,0.0027369562,0.0099878510,0.0127248072
1.1425000000,0.0026306215,0.0100953171,0.0127259386
1.1426666667,0.0025258269,0.0102011883,0.0127270152
1.1428333333,0.0024226201,0.0103054181,0.0127280382
1.1430000000,0.0023210481,0.0104079608,0.0127290089
1.1431666667,0.0022211574,0.0105087713,0.0127299287
1.1433333333,0.0021229935,0.0106078050,0.0127307985
1.1435000000,0.0020266015,0.0107050181,0.0127316197
1.1436666667,0.0019320257,0.0108003676,0.0127323933
1.1438333333,0.0018393093,0.0108938113,0.0127331206
1.1440000000,0.0017484952,0.0109853078,0.0127338030
1.1441666667,0.0016596250,0.0110748168,0.0127344418
1.1443333333,0.0015727397,0.0111622984,0.0127350380
1.1445000000,0.0014878794,0.0112477134,0.0127355928
1.1446666667,0.0014050835,0.0113310238,0.0127361073
1.1448333333,0.0013243903,0.0114121923,0.0127365826
1.1450000000,0.0012458373,0.0114911827,0.0127370200
1.1451666667,0.0011694611,0.0115679601,0.0127374212
1.1453333333,0.0010952973,0.0116424905,0.0127377877
1.1455000000,0.0010233806,0.0117147405,0.0127381212
1.1456666667,0.0009537449,0.0117846782,0.0127384231
1.1458333333,0.0008864228,0.0118522721,0.0127386949
1.1460000000,0.0008214460,0.0119174918,0.0127389378
1.1461666667,0.0007588453,0.0119803076,0.0127391529
1.1463333333,0.0006986505,0.0120406912,0.0127393417
1.1465000000,0.0006408901,0.0120986153,0.0127395053
1.1466666667,0.0005855917,0.0121540538,0.0127396455
1.1468333333,0.0005327821,0.0122069818,0.0127397638
1.1470000000,0.0004824865,0.0122573753,0.0127398619
1.1471666667,0.0004347295,0.0123052117,0.0127399412
1.1473333333,0.0003895343,0.0123504690,0.0127400033
1.1475000000,0.0003469231,0.0123931265,0.0127400496
1.1476666667,0.0003069169,0.0124331649,0.0127400818
1.1478333333,0.0002695357,0.0124705656,0.0127401013
1.1480000000,0.0002347982,0.0125053115,0.0127401097
1.1481666667,0.0002027221,0.0125373864,0.0127401085
1.1483333333,0.0001733239,0.0125667753,0.0127400992
1.1485000000,0.0001466189,0.0125934642,0.0127400832
1.1486666667,0.0001226213,0.0126174408,0.0127400620
1.1488333333,0.0001013439,0.0126386935,0.0127400374
1.1490000000,0.0000827984,0.0126572124,0.0127400108
1.1491666667,0.0000669955,0.0126729883,0.0127399839
1.1493333333,0.0000539446,0.0126860137,0.0127399583
1.1495000000,0.0000436538,0.0126962816,0.0127399354
1.1496666667,0.0000361302,0.0127037868,0.0127399170
1.1498333333,0.0000313794,0.0127085249,0.0127399043
1.1500000000,0.0000294061,0.0127104931,0.0127398991
1.1501666667,0.0000302135,0.0127096894,0.0127399029
1.1503333333,0.0000338038,0.0127061133,0.0127399171
1.1505000000,0.0000401777,0.0126997656,0.0127399434
1.1506666667,0.0000493350,0.0126906483,0.0127399833
1.1508333333,0.0000612741,0.0126787643,0.0127400383
1.1510000000,0.0000759921,0.0126641179,0.0127401100
1.1511666667,0.0000934851,0.0126467147,0.0127401998
1.1513333333,0.0001137479,0.0126265612,0.0127403091
1.1515000000,0.0001367740,0.0126036654,0.0127404395
1.1516666667,0.0001625559,0.0125780365,0.0127405924
1.1518333333,0.0001910845,0.0125496850,0.0127407695
1.1520000000,0.0002223497,0.0125186225,0.0127409722
1.1521666667,0.0002563403,0.0124848616,0.0127412020
1.1523333333,0.0002930437,0.0124484165,0.0127414602
1.1525000000,0.0003324462,0.0124093021,0.0127417483
1.1526666667,0.0003745330,0.0123675348,0.0127420678
1.1528333333,0.0004192879,0.0123231321,0.0127424200
1.1530000000,0.0004666936,0.0122761127,0.0127428064
1.1531666667,0.0005167319,0.0122264964,0.0127432282
1.1533333333,0.0005693829,0.0121743039,0.0127436868
1.1535000000,0.0006246259,0.0121195574,0.0127441833
1.1536666667,0.0006824391,0.0120622801,0.0127447192
1.1538333333,0.0007427993,0.0120024965,0.0127452958
1.1540000000,0.0008056823,0.0119402324,0.0127459146
1.1541666667,0.0008710628,0.0118755143,0.0127465771
1.1543333333,0.0009389144,0.0118083700,0.0127472843
1.1545000000,0.0010092095,0.0117388281,0.0127480376
1.1546666667,0.0010819195,0.0116669184,0.0127488379
1.1548333333,0.0011570147,0.0115926717,0.0127496864
1.1550000000,0.0012344644,0.0115161197,0.0127505841
1.1551666667,0.0013142367,0.0114372955,0.0127515321
1.1553333333,0.0013962987,0.0113562330,0.0127525318
1.1555000000,0.0014806166,0.0112729676,0.0127535841
1.1556666667,0.0015671554,0.0111875352,0.0127546905
1.1558333333,0.0016558792,0.0110999730,0.0127558521
1.1560000000,0.0017467512,0.0110103188,0.0127570700
1.1561666667,0.0018397335,0.0109186114,0.0127583449
1.1563333333,0.0019347874,0.0108248903,0.0127596778
1.1565000000,0.0020318732,0.0107291963,0.0127610694
1.1566666667,0.0021309500,0.0106315707,0.0127625208
1.1568333333,0.0022319766,0.0105320562,0.0127640328
1.1570000000,0.0023349103,0.0104306962,0.0127656065
1.1571666667,0.0024397079,0.0103275348,0.0127672426
1.1573333333,0.0025463252,0.0102226170,0.0127689422
1.1575000000,0.0026547173,0.0101159886,0.0127707059
1.1576666667,0.0027648386,0.0100076960,0.0127725346
1.1578333333,0.0028766423,0.0098977867,0.0127744291
1.1580000000,0.0029900813,0.0097863087,0.0127763900
1.1581666667,0.0031051074,0.0096733106,0.0127784180
1.1583333333,0.0032216719,0.0095588418,0.0127805137
1.1585000000,0.0033397251,0.0094429523,0.0127826774
1.1586666667,0.0034592170,0.0093256930,0.0127849100
1.1588333333,0.0035800967,0.0092071153,0.0127872120
1.1590000000,0.0037023127,0.0090872714,0.0127895841
1.1591666667,0.0038258130,0.0089662138,0.0127920267
1.1593333333,0.0039505448,0.0088439955,0.0127945403
1.1595000000,0.0040764550,0.0087206703,0.0127971253
1.1596666667,0.0042034896,0.0085962926,0.0127997823
1.1598333333,0.0043315944,0.0084709173,0.0128025117
1.1600000000,0.0044607144,0.0083445996,0.0128053140
1.1601666667,0.0045907943,0.0082173949,0.0128081892
1.1603333333,0.0047217784,0.0080893589,0.0128111373
1.1605000000,0.0048536105,0.0079605478,0.0128141583
1.1606666667,0.0049862340,0.0078310184,0.0128172523
1.1608333333,0.0051195918,0.0077008282,0.0128204201
1.1610000000,0.0052536267,0.0075700354,0.0128236622
1.1611666667,0.0053882810,0.0074386980,0.0128269790
1.1613333333,0.0055234966,0.0073068741,0.0128303707
1.1615000000,0.0056592152,0.0071746215,0.0128338368
1.1616666667,0.0057953784,0.0070419984,0.0128373769
1.1618333333,0.0059319274,0.0069090633,0.0128409906
1.1620000000,0.0060688032,0.0067758750,0.0128446781
1.1621666667,0.0062059467,0.0066424929,0.0128484395
1.1623333333,0.0063432987,0.0065089764,0.0128522751
1.1625000000,0.0064807997,0.0063753851,0.0128561847
1.1626666667,0.0066183901,0.0062417782,0.0128601683
1.1628333333,0.0067560105,0.0061082151,0.0128642255
1.1630000000,0.0068936010,0.0059747550,0.0128683560
1.1631666667,0.0070311022,0.0058414574,0.0128725596
1.1633333333,0.0071684543,0.0057083818,0.0128768360
1.1635000000,0.0073055977,0.0055755873,0.0128811850
1.1636666667,0.0074424728,0.0054431331,0.0128856059
1.1638333333,0.0075790202,0.0053110782,0.0128900984
1.1640000000,0.0077151804,0.0051794814,0.0128946618
1.1641666667,0.0078508942,0.0050484012,0.0128992955
1.1643333333,0.0079861026,0.0049178966,0.0129039992
1.1645000000,0.0081207466,0.0047880260,0.0129087726
1.1646666667,0.0082547676,0.0046588478,0.0129136154
1.1648333333,0.0083881070,0.0045304201,0.0129185272
1.1650000000,0.0085207069,0.0044028005,0.0129235074
1.1651666667,0.0086525091,0.0042760461,0.0129285553
1.1653333333,0.0087834562,0.0041502137,0.0129336699
1.1655000000,0.0089134910,0.0040253594,0.0129388504
1.1656666667,0.0090425564,0.0039015393,0.0129440957
1.1658333333,0.0091705962,0.0037788088,0.0129494050
1.1660000000,0.0092975543,0.0036572233,0.0129547776
1.1661666667,0.0094233750,0.0035368378,0.0129602128
1.1663333333,0.0095480032,0.0034177069,0.0129657100
1.1665000000,0.0096713842,0.0032998847,0.0129712689
1.1666666667,0.0097934639,0.0031834249,0.0129768888
1.1668333333,0.0099141888,0.0030683799,0.0129825687
1.1670000000,0.0100335056,0.0029548016,0.0129883072
1.1671666667,0.0101513621,0.0028427408,0.0129941030
1.1673333333,0.0102677064,0.0027322481,0.0129999545
1.1675000000,0.0103824872,0.0026233737,0.0130058609
1.1676666667,0.0104956542,0.0025161672,0.0130118214
1.1678333333,0.0106071573,0.0024106779,0.0130178352
1.1680000000,0.0107169474,0.0023069542,0.0130239016
1.1681666667,0.0108249760,0.0022050432,0.0130300192
1.1683333333,0.0109311955,0.0021049913,0.0130361869
1.1685000000,0.0110355590,0.0020068442,0.0130424032
1.1686666667,0.0111380202,0.0019106469,0.0130486671
1.1688333333,0.0112385340,0.0018164437,0.0130549777
1.1690000000,0.0113370557,0.0017242782,0.0130613339
1.1691666667,0.0114335417,0.0016341926,0.0130677343
1.1693333333,0.0115279493,0.0015462281,0.0130741774
1.1695000000,0.0116202364,0.0014604250,0.0130806614
1.1696666667,0.0117103622,0.0013768227,0.0130871849
1.1698333333,0.0117982866,0.0012954599,0.0130937465
1.1700000000,0.0118839703,0.0012163749,0.0131003452
1.1701666667,0.0119673755,0.0011396048,0.0131069802
1.1703333333,0.0120484647,0.0010651859,0.0131136506
1.1705000000,0.0121272019,0.0009931533,0.0131203552
1.1706666667,0.0122035518,0.0009235406,0.0131270924
1.1708333333,0.0122774803,0.0008563801,0.0131338604
1.1710000000,0.0123489543,0.0007917027,0.0131406570
1.1711666667,0.0124179417,0.0007295389,0.0131474806
1.1713333333,0.0124844116,0.0006699179,0.0131543295
1.1715000000,0.0125483342,0.0006128687,0.0131612029
1.1716666667,0.0126096806,0.0005584191,0.0131680996
1.1718333333,0.0126684231,0.0005065956,0.0131750187
1.1720000000,0.0127245353,0.0004574232,0.0131819586
1.1721666667,0.0127779917,0.0004109256,0.0131889173
1.1723333333,0.0128287681,0.0003671252,0.0131958933
1.1725000000,0.0128768414,0.0003260436,0.0132028850
1.1726666667,0.0129221896,0.0002877016,0.0132098912
1.1728333333,0.0129647922,0.0002521185,0.0132169107
1.1730000000,0.0130046294,0.0002193122,0.0132239416
1.1731666667,0.0130416831,0.0001892989,0.0132309820
1.1733333333,0.0130759361,0.0001620937,0.0132380298
1.1735000000,0.0131073725,0.0001377109,0.0132450834
1.1736666667,0.0131359776,0.0001161639,0.0132521415
1.1738333333,0.0131617380,0.0000974654,0.0132592034
1.1740000000,0.0131846415,0.0000816264,0.0132662680
1.1741666667,0.0132046772,0.0000686565,0.0132733337
1.1743333333,0.0132218354,0.0000585633,0.0132803987
1.1745000000,0.0132361076,0.0000513536,0.0132874612
1.1746666667,0.0132474867,0.0000470328,0.0132945195
1.1748333333,0.0132559669,0.0000456051,0.0133015720
1.1750000000,0.0132615433,0.0000470736,0.0133086169
1.1751666667,0.0132642128,0.0000514396,0.0133156524
1.1753333333,0.0132639731,0.0000587036,0.0133226767
1.1755000000,0.0132608236,0.0000688650,0.0133296885
1.1756666667,0.0132547646,0.0000819225,0.0133366871
1.1758333333,0.0132457980,0.0000978736,0.0133436717
1.1760000000,0.0132339268,0.0001167144,0.0133506412
1.1761666667,0.0132191552,0.0001384386,0.0133575938
1.1763333333,0.0132014889,0.0001630383,0.0133645272
1.1765000000,0.0131809347,0.0001905044,0.0133714391
1.1766666667,0.0131575007,0.0002208271,0.0133783278
1.1768333333,0.0131311963,0.0002539962,0.0133851925
1.1770000000,0.0131020323,0.0002899999,0.0133920322
1.1771666667,0.0130700205,0.0003288252,0.0133988457
1.1773333333,0.0130351742,0.0003704573,0.0134056314
1.1775000000,0.0129975077,0.0004148801,0.0134123878
1.1776666667,0.0129570368,0.0004620766,0.0134191133
1.1778333333,0.0129137783,0.0005120291,0.0134258073
1.1780000000,0.0128677504,0.0005647186,0.0134324691
1.1781666667,0.0128189727,0.0006201247,0.0134390974
1.1783333333,0.0127674655,0.0006782250,0.0134456905
1.1785000000,0.0127132509,0.0007389956,0.0134522465
1.1786666667,0.0126563518,0.0008024115,0.0134587633
1.1788333333,0.0125967924,0.0008684473,0.0134652397
1.1790000000,0.0125345982,0.0009370769,0.0134716751
1.1791666667,0.0124697956,0.0010082732,0.0134780688
1.1793333333,0.0124024124,0.0010820081,0.0134844205
1.1795000000,0.0123324776,0.0011582518,0.0134907294
1.1796666667,0.0122600211,0.0012369732,0.0134969943
1.1798333333,0.0121850742,0.0013181400,0.0135032142
1.1800000000,0.0121076691,0.0014017186,0.0135093876
1.1801666667,0.0120278391,0.0014876740,0.0135155131
1.1803333333,0.0119456187,0.0015759705,0.0135215892
1.1805000000,0.0118610434,0.0016665715,0.0135276149
1.1806666667,0.0117741499,0.0017594397,0.0135335896
1.1808333333,0.0116849756,0.0018545374,0.0135395131
1.1810000000,0.0115935594,0.0019518257,0.0135453852
1.1811666667,0.0114999409,0.0020512644,0.0135512053
1.1813333333,0.0114041606,0.0021528119,0.0135569725
1.1815000000,0.0113062603,0.0022564255,0.0135626858
1.1816666667,0.0112062825,0.0023620619,0.0135683444
1.1818333333,0.0111042708,0.0024696768,0.0135739476
1.1820000000,0.0110002695,0.0025792253,0.0135794948
1.1821666667,0.0108943242,0.0026906611,0.0135849853
1.1823333333,0.0107864810,0.0028039371,0.0135904180
1.1825000000,0.0106767870,0.0029190053,0.0135957922
1.1826666667,0.0105652901,0.0030358174,0.0136011074
1.1828333333,0.0104520391,0.0031543247,0.0136063638
1.1830000000,0.0103370837,0.0032744779,0.0136115615
1.1831666667,0.0102204741,0.0033962265,0.0136167006
1.1833333333,0.0101022615,0.0035195187,0.0136217802
1.1835000000,0.0099824977,0.0036443016,0.0136267993
1.1836666667,0.0098612354,0.0037705215,0.0136317568
1.1838333333,0.0097385277,0.0038981244,0.0136366521
1.1840000000,0.0096144287,0.0040270561,0.0136414848
1.1841666667,0.0094889928,0.0041572618,0.0136462546
1.1843333333,0.0093622753,0.0042886862,0.0136509615
1.1845000000,0.0092343320,0.0044212729,0.0136556050
1.1846666667,0.0091052193,0.0045549655,0.0136601849
1.1848333333,0.0089749941,0.0046897070,0.0136647011
1.1850000000,0.0088437139,0.0048254396,0.0136691535
1.1851666667,0.0087114366,0.0049621049,0.0136735415
1.1853333333,0.0085782206,0.0050996437,0.0136778643
1.1855000000,0.0084441249,0.0052379960,0.0136821208
1.1856666667,0.0083092087,0.0053771015,0.0136863102
1.1858333333,0.0081735317,0.0055169004,0.0136904321
1.1860000000,0.0080371541,0.0056573326,0.0136944867
1.1861666667,0.0079001361,0.0057983380,0.0136984741
1.1863333333,0.0077625386,0.0059398556,0.0137023942
1.1865000000,0.0076244225,0.0060818240,0.0137062465
1.1866666667,0.0074858492,0.0062241810,0.0137100302
1.1868333333,0.0073468802,0.0063668645,0.0137137446
1.1870000000,0.0072075771,0.0065098125,0.0137173896
1.1871666667,0.0070680020,0.0066529629,0.0137209649
1.1873333333,0.0069282169,0.0067962533,0.0137244703
1.1875000000,0.0067882839,0.0069396213,0.0137279052
1.1876666667,0.0066482654,0.0070830039,0.0137312693
1.1878333333,0.0065082237,0.0072263384,0.0137345621
1.1880000000,0.0063682212,0.0073695624,0.0137377837
1.1881666667,0.0062283204,0.0075126140,0.0137409344
1.1883333333,0.0060885836,0.0076554310,0.0137440145
1.1885000000,0.0059490732,0.0077979510,0.0137470242
1.1886666667,0.0058098515,0.0079401117,0.0137499632
1.1888333333,0.0056709807,0.0080818504,0.0137528312
1.1890000000,0.0055325229,0.0082231048,0.0137556278
1.1891666667,0.0053945401,0.0083638130,0.0137583531
1.1893333333,0.0052570939,0.0085039136,0.0137610075
1.1895000000,0.0051202459,0.0086433459,0.0137635918
1.1896666667,0.0049840574,0.0087820493,0.0137661067
1.1898333333,0.0048485895,0.0089199633,0.0137685528
1.1900000000,0.0047139028,0.0090570275,0.0137709304
1.1901666667,0.0045800579,0.0091931819,0.0137732399
1.1903333333,0.0044471149,0.0093283666,0.0137754815
1.1905000000,0.0043151335,0.0094625224,0.0137776559
1.1906666667,0.0041841730,0.0095955905,0.0137797635
1.1908333333,0.0040542923,0.0097275130,0.0137818053
1.1910000000,0.0039255500,0.0098582322,0.0137837821
1.1911666667,0.0037980038,0.0099876910,0.0137856948
1.1913333333,0.0036717114,0.0101158327,0.0137875441
1.1915000000,0.0035467297,0.0102426011,0.0137893308
1.1916666667,0.0034231150,0.0103679407,0.0137910557
1.1918333333,0.0033009233,0.0104917964,0.0137927197
1.1920000000,0.0031802098,0.0106141140,0.0137943237
1.1921666667,0.0030610289,0.0107348396,0.0137958685
1.1923333333,0.0029434347,0.0108539202,0.0137973549
1.1925000000,0.0028274803,0.0109713031,0.0137987835
1.1926666667,0.0027132185,0.0110869368,0.0138001552
1.1928333333,0.0026007009,0.0112007702,0.0138014711
1.1930000000,0.0024899787,0.0113127534,0.0138027321
1.1931666667,0.0023811023,0.0114228369,0.0138039391
1.1933333333,0.0022741211,0.0115309721,0.0138050932
1.1935000000,0.0021690839,0.0116371112,0.0138061951
1.1936666667,0.0020660386,0.0117412072,0.0138072458
1.1938333333,0.0019650322,0.0118432138,0.0138082460
1.1940000000,0.0018661110,0.0119430857,0.0138091967
1.1941666667,0.0017693202,0.0120407785,0.0138100987
1.1943333333,0.0016747043,0.0121362488,0.0138109531
1.1945000000,0.0015823067,0.0122294541,0.0138117608
1.1946666667,0.0014921698,0.0123203531,0.0138125229
1.1948333333,0.0014043354,0.0124089055,0.0138132409
1.1950000000,0.0013188439,0.0124950719,0.0138139158
1.1951666667,0.0012357349,0.0125788138,0.0138145488
1.1953333333,0.0011550471,0.0126600936,0.0138151407
1.1955000000,0.0010768179,0.0127388748,0.0138156927
1.1956666667,0.0010010839,0.0128151220,0.0138162059
1.1958333333,0.0009278804,0.0128888012,0.0138166815
1.1960000000,0.0008572416,0.0129598795,0.0138171211
1.1961666667,0.0007892009,0.0130283252,0.0138175262
1.1963333333,0.0007237904,0.0130941076,0.0138178980
1.1965000000,0.0006610409,0.0131571970,0.0138182379
1.1966666667,0.0006009823,0.0132175650,0.0138185473
1.1968333333,0.0005436432,0.0132751842,0.0138188274
1.1970000000,0.0004890511,0.0133300286,0.0138190797
1.1971666667,0.0004372321,0.0133820734,0.0138193055
1.1973333333,0.0003882114,0.0134312950,0.0138195064
1.1975000000,0.0003420126,0.0134776711,0.0138196837
1.1976666667,0.0002986585,0.0135211804,0.0138198390
1.1978333333,0.0002581704,0.0135618032,0.0138199736
1.1980000000,0.0002205683,0.0135995208,0.0138200890
1.1981666667,0.0001858711,0.0136343157,0.0138201867
1.1983333333,0.0001540963,0.0136661719,0.0138202682
1.1985000000,0.0001252603,0.0136950745,0.0138203347
1.1986666667,0.0000993780,0.0137210099,0.0138203879
1.1988333333,0.0000764633,0.0137439660,0.0138204293
1.1990000000,0.0000565286,0.0137639315,0.0138204601
1.1991666667,0.0000395851,0.0137808970,0.0138204820
1.1993333333,0.0000256426,0.0137948539,0.0138204965
1.1995000000,0.0000147097,0.0138057952,0.0138205049
1.1996666667,0.0000067937,0.0138137154,0.0138205091
1.1998333333,0.0000019005,0.0138186099,0.0138205104
1.2000000000,0.0000000348,0.0138204758,0.0138205106
1.2001666667,0.0000011999,0.0138193112,0.0138205111
1.2003333333,0.0000053979,0.0138151158,0.0138205136
1.2005000000,0.0000126294,0.0138078905,0.0138205199
1.2006666667,0.0000228937,0.0137976378,0.0138205315
1.2008333333,0.0000361889,0.0137843612,0.0138205502
1.2010000000,0.0000525117,0.0137680659,0.0138205777
1.2011666667,0.0000718575,0.0137487581,0.0138206156
1.2013333333,0.0000942203,0.0137264454,0.0138206657
1.2015000000,0.0001195929,0.0137011368,0.0138207297
1.2016666667,0.0001479667,0.0136728428,0.0138208095
1.2018333333,0.0001793319,0.0136415749,0.0138209068
1.2020000000,0.0002136773,0.0136073461,0.0138210234
1.2021666667,0.0002509903,0.0135701707,0.0138211610
1.2023333333,0.0002912572,0.0135300642,0.0138213214
1.2025000000,0.0003344631,0.0134870435,0.0138215066
1.2026666667,0.0003805917,0.0134411267,0.0138217183
1.2028333333,0.0004296252,0.0133923332,0.0138219584
1.2030000000,0.0004815448,0.0133406838,0.0138222286
1.2031666667,0.0005363304,0.0132862000,0.0138225305
1.2033333333,0.0005939607,0.0132289053,0.0138228661
1.2035000000,0.0006544130,0.0131688242,0.0138232372
1.2036666667,0.0007176634,0.0131059825,0.0138236459
1.2038333333,0.0007836867,0.0130404074,0.0138240940
1.2040000000,0.0008524564,0.0129721269,0.0138245833
1.2041666667,0.0009239451,0.0129011706,0.0138251157
1.2043333333,0.0009981236,0.0128275693,0.0138256929
1.2045000000,0.0010749620,0.0127513552,0.0138263172
1.2046666667,0.0011544288,0.0126725616,0.0138269904
1.2048333333,0.0012364916,0.0125912227,0.0138277143
1.2050000000,0.0013211166,0.0125073739,0.0138284905
1.2051666667,0.0014082690,0.0124210514,0.0138293204
1.2053333333,0.0014979127,0.0123322930,0.0138302057
1.2055000000,0.0015900106,0.0122411378,0.0138311484
1.2056666667,0.0016845244,0.0121476261,0.0138321505
1.2058333333,0.0017814148,0.0120517990,0.0138332138
1.2060000000,0.0018806414,0.0119536983,0.0138343397
1.2061666667,0.0019821626,0.0118533667,0.0138355293
1.2063333333,0.0020859360,0.0117508475,0.0138367835
1.2065000000,0.0021919182,0.0116461853,0.0138381035
1.2066666667,0.0023000646,0.0115394260,0.0138394906
1.2068333333,0.0024103298,0.0114306162,0.0138409461
1.2070000000,0.0025226676,0.0113198036,0.0138424712
1.2071666667,0.0026370305,0.0112070364,0.0138440669
1.2073333333,0.0027533704,0.0110923636,0.0138457340
1.2075000000,0.0028716382,0.0109758350,0.0138474732
1.2076666667,0.0029917840,0.0108575015,0.0138492855
1.2078333333,0.0031137571,0.0107374147,0.0138511717
1.2080000000,0.0032375058,0.0106156269,0.0138531327
1.2081666667,0.0033629779,0.0104921912,0.0138551691
1.2083333333,0.0034901202,0.0103671613,0.0138572815
1.2085000000,0.0036188788,0.0102405918,0.0138594706
1.2086666667,0.0037491991,0.0101125380,0.0138617371
1.2088333333,0.0038810257,0.0099830562,0.0138640819
1.2090000000,0.0040143026,0.0098522031,0.0138665057
1.2091666667,0.0041489730,0.0097200361,0.0138690092
1.2093333333,0.0042849796,0.0095866136,0.0138715932
1.2095000000,0.0044222643,0.0094519944,0.0138742587
1.2096666667,0.0045607683,0.0093162382,0.0138770065
1.2098333333,0.0047004325,0.0091794048,0.0138798373
1.2100000000,0.0048411969,0.0090415546,0.0138827515
1.2101666667,0.0049830013,0.0089027481,0.0138857494
1.2103333333,0.0051257847,0.0087630465,0.0138888312
1.2105000000,0.0052694859,0.0086225120,0.0138919979
1.2106666667,0.0054140430,0.0084812073,0.0138952503
1.2108333333,0.0055593939,0.0083391958,0.0138985897
1.2110000000,0.0057054761,0.0081965407,0.0139020167
1.2111666667,0.0058522266,0.0080533052,0.0139055318
1.2113333333,0.0059995822,0.0079095529,0.0139091351
1.2115000000,0.0061474795,0.0077653473,0.0139128268
1.2116666667,0.0062958545,0.0076207528,0.0139166073
1.2118333333,0.0064446434,0.0074758338,0.0139204772
1.2120000000,0.0065937817,0.0073306553,0.0139244371
1.2121666667,0.0067432050,0.0071852824,0.0139284874
1.2123333333,0.0068928487,0.0070397800,0.0139326287
1.2125000000,0.0070426478,0.0068942137,0.0139368614
1.2126666667,0.0071925373,0.0067486487,0.0139411860
1.2128333333,0.0073424523,0.0066031505,0.0139456028
1.2130000000,0.0074923274,0.0064577844,0.0139501118
1.2131666667,0.0076420976,0.0063126154,0.0139547130
1.2133333333,0.0077916976,0.0061677085,0.0139594062
1.2135000000,0.0079410625,0.0060231286,0.0139641911
1.2136666667,0.0080901270,0.0058789406,0.0139690676
1.2138333333,0.0082388262,0.0057352092,0.0139740354
1.2140000000,0.0083870954,0.0055919985,0.0139790939
1.2141666667,0.0085348700,0.0054493724,0.0139842423
1.2143333333,0.0086820854,0.0053073946,0.0139894800
1.2145000000,0.0088286776,0.0051661285,0.0139948061
1.2146666667,0.0089745826,0.0050256376,0.0140002203
1.2148333333,0.0091197368,0.0048859848,0.0140057216
1.2150000000,0.0092640768,0.0047472320,0.0140113089
1.2151666667,0.0094075397,0.0046094408,0.0140169804
1.2153333333,0.0095500627,0.0044726719,0.0140227346
1.2155000000,0.0096915837,0.0043369862,0.0140285699
1.2156666667,0.0098320409,0.0042024448,0.0140344857
1.2158333333,0.0099713728,0.0040691090,0.0140404818
1.2160000000,0.0101095185,0.0039370395,0.0140465580
1.2161666667,0.0102464176,0.0038062963,0.0140527139
1.2163333333,0.0103820100,0.0036769384,0.0140589484
1.2165000000,0.0105162364,0.0035490240,0.0140652604
1.2166666667,0.0106490379,0.0034226106,0.0140716485
1.2168333333,0.0107803563,0.0032977557,0.0140781120
1.2170000000,0.0109101340,0.0031745167,0.0140846507
1.2171666667,0.0110383139,0.0030529506,0.0140912645
1.2173333333,0.0111648397,0.0029331134,0.0140979531
1.2175000000,0.0112896558,0.0028150604,0.0141047162
1.2176666667,0.0114127074,0.0026988456,0.0141115530
1.2178333333,0.0115339402,0.0025845224,0.0141184626
1.2180000000,0.0116533010,0.0024721431,0.0141254441
1.2181666667,0.0117707371,0.0023617593,0.0141324964
1.2183333333,0.0118861967,0.0022534218,0.0141396185
1.2185000000,0.0119996290,0.0021471799,0.0141468089
1.2186666667,0.0121109837,0.0020430820,0.0141540657
1.2188333333,0.0122202117,0.0019411753,0.0141613870
1.2190000000,0.0123272647,0.0018415064,0.0141687711
1.2191666667,0.0124320954,0.0017441211,0.0141762165
1.2193333333,0.0125346573,0.0016490644,0.0141837217
1.2195000000,0.0126349051,0.0015563801,0.0141912852
1.2196666667,0.0127327942,0.0014661107,0.0141989049
1.2198333333,0.0128282814,0.0013782970,0.0142065784
1.2200000000,0.0129213244,0.0012929788,0.0142143032
1.2201666667,0.0130118820,0.0012101948,0.0142220768
1.2203333333,0.0130999141,0.0011299831,0.0142298972
1.2205000000,0.0131853816,0.0010523808,0.0142377623
1.2206666667,0.0132682465,0.0009774241,0.0142456705
1.2208333333,0.0133484720,0.0009051479,0.0142536198
1.2210000000,0.0134260223,0.0008355861,0.0142616085
1.2211666667,0.0135008630,0.0007687717,0.0142696347
1.2213333333,0.0135729605,0.0007047365,0.0142776970
1.2215000000,0.0136422826,0.0006435110,0.0142857936
1.2216666667,0.0137087982,0.0005851240,0.0142939222
1.2218333333,0.0137724774,0.0005296028,0.0143020802
1.2220000000,0.0138332916,0.0004769732,0.0143102648
1.2221666667,0.0138912135,0.0004272605,0.0143184740
1.2223333333,0.0139462171,0.0003804895,0.0143267066
1.2225000000,0.0139982775,0.0003366843,0.0143349618
1.2226666667,0.0140473713,0.0002958673,0.0143432386
1.2228333333,0.0140934763,0.0002580588,0.0143515351
1.2230000000,0.0141365715,0.0002232768,0.0143598484
1.2231666667,0.0141766375,0.0001915381,0.0143681756
1.2233333333,0.0142136560,0.0001628583,0.0143765143
1.2235000000,0.0142476099,0.0001372530,0.0143848629
1.2236666667,0.0142784837,0.0001147364,0.0143932202
1.2238333333,0.0143062631,0.0000953213,0.0144015844
1.2240000000,0.0143309351,0.0000790183,0.0144099534
1.2241666667,0.0143524882,0.0000658364,0.0144183246
1.2243333333,0.0143709122,0.0000557833,0.0144266955
1.2245000000,0.0143861981,0.0000488659,0.0144350640
1.2246666667,0.0143983386,0.0000450898,0.0144434284
1.2248333333,0.0144073276,0.0000444590,0.0144517866
1.2250000000,0.0144131603,0.0000469755,0.0144601357
1.2251666667,0.0144158334,0.0000526394,0.0144684728
1.2253333333,0.0144153451,0.0000614497,0.0144767948
1.2255000000,0.0144116947,0.0000734048,0.0144850994
1.2256666667,0.0144048831,0.0000885022,0.0144933853
1.2258333333,0.0143949124,0.0001067385,0.0145016509
1.2260000000,0.0143817864,0.0001281083,0.0145098947
1.2261666667,0.0143655099,0.0001526049,0.0145181149
1.2263333333,0.0143460894,0.0001802197,0.0145263092
1.2265000000,0.0143235327,0.0002109433,0.0145344760
1.2266666667,0.0142978488,0.0002447651,0.0145426139
1.2268333333,0.0142690483,0.0002816734,0.0145507217
1.2270000000,0.0142371432,0.0003216554,0.0145587986
1.2271666667,0.0142021466,0.0003646968,0.0145668434
1.2273333333,0.0141640733,0.0004107821,0.0145748554
1.2275000000,0.0141229392,0.0004598950,0.0145828342
1.2276666667,0.0140787617,0.0005120177,0.0145907794
1.2278333333,0.0140315593,0.0005671307,0.0145986901
1.2280000000,0.0139813523,0.0006252126,0.0146065649
1.2281666667,0.0139281618,0.0006862399,0.0146144017
1.2283333333,0.0138720106,0.0007501880,0.0146221986
1.2285000000,0.0138129225,0.0008170313,0.0146299538
1.2286666667,0.0137509231,0.0008867432,0.0146376662
1.2288333333,0.0136860387,0.0009592959,0.0146453346
1.2290000000,0.0136182973,0.0010346601,0.0146529574
1.2291666667,0.0135477280,0.0011128046,0.0146605326
1.2293333333,0.0134743613,0.0011936966,0.0146680579
1.2295000000,0.0133982289,0.0012773021,0.0146755310
1.2296666667,0.0133193636,0.0013635865,0.0146829501
1.2298333333,0.0132377996,0.0014525138,0.0146903134
1.2300000000,0.0131535721,0.0015440471,0.0146976192
1.2301666667,0.0130667177,0.0016381482,0.0147048659
1.2303333333,0.0129772739,0.0017347782,0.0147120521
1.2305000000,0.0128852796,0.0018338973,0.0147191769
1.2306666667,0.0127907746,0.0019354650,0.0147262395
1.2308333333,0.0126937999,0.0020394394,0.0147332393
1.2310000000,0.0125943979,0.0021457772,0.0147401751
1.2311666667,0.0124926117,0.0022544336,0.0147470453
1.2313333333,0.0123884856,0.0023653629,0.0147538485
1.2315000000,0.0122820652,0.0024785187,0.0147605839
1.2316666667,0.0121733968,0.0025938539,0.0147672507
1.2318333333,0.0120625281,0.0027113202,0.0147738483
1.2320000000,0.0119495073,0.0028308682,0.0147803755
1.2321666667,0.0118343840,0.0029524466,0.0147868307
1.2323333333,0.0117172085,0.0030760035,0.0147932120
1.2325000000,0.0115980320,0.0032014861,0.0147995182
1.2326666667,0.0114769067,0.0033288417,0.0148057483
1.2328333333,0.0113538855,0.0034580162,0.0148119016
1.2330000000,0.0112290224,0.0035889545,0.0148179769
1.2331666667,0.0111023721,0.0037216001,0.0148239722
1.2333333333,0.0109739902,0.0038558956,0.0148298858
1.2335000000,0.0108439331,0.0039917832,0.0148357163
1.2336666667,0.0107122578,0.0041292058,0.0148414636
1.2338333333,0.0105790224,0.0042681056,0.0148471281
1.2340000000,0.0104442854,0.0044084244,0.0148527098
1.2341666667,0.0103081061,0.0045501022,0.0148582083
1.2343333333,0.0101705443,0.0046930781,0.0148636224
1.2345000000,0.0100316607,0.0048372902,0.0148689509
1.2346666667,0.0098915163,0.0049826772,0.0148741936
1.2348333333,0.0097501730,0.0051291779,0.0148793509
1.2350000000,0.0096076930,0.0052767307,0.0148844237
1.2351666667,0.0094641392,0.0054252732,0.0148894124
1.2353333333,0.0093195750,0.0055747419,0.0148943169
1.2355000000,0.0091740643,0.0057250722,0.0148991364
1.2356666667,0.0090276713,0.0058761993,0.0149038706
1.2358333333,0.0088804609,0.0060280585,0.0149085194
1.2360000000,0.0087324981,0.0061805847,0.0149130828
1.2361666667,0.0085838485,0.0063337124,0.0149175610
1.2363333333,0.0084345779,0.0064873755,0.0149219534
1.2365000000,0.0082847522,0.0066415072,0.0149262594
1.2366666667,0.0081344381,0.0067960406,0.0149304787
1.2368333333,0.0079837021,0.0069509092,0.0149346113
1.2370000000,0.0078326111,0.0071060464,0.0149386575
1.2371666667,0.0076812322,0.0072613849,0.0149426171
1.2373333333,0.0075296326,0.0074168571,0.0149464897
1.2375000000,0.0073778797,0.0075723948,0.0149502745
1.2376666667,0.0072260409,0.0077279300,0.0149539709
1.2378333333,0.0070741838,0.0078833951,0.0149575789
1.2380000000,0.0069223758,0.0080387230,0.0149610988
1.2381666667,0.0067706846,0.0081938469,0.0149645314
1.2383333333,0.0066191776,0.0083486995,0.0149678771
1.2385000000,0.0064679224,0.0085032136,0.0149711360
1.2386666667,0.0063169864,0.0086573217,0.0149743081
1.2388333333,0.0061664371,0.0088109569,0.0149773940
1.2390000000,0.0060163415,0.0089640528,0.0149803943
1.2391666667,0.0058667667,0.0091165434,0.0149833101
1.2393333333,0.0057177795,0.0092683628,0.0149861423
1.2395000000,0.0055694466,0.0094194451,0.0149888917
1.2396666667,0.0054218344,0.0095697246,0.0149915590
1.2398333333,0.0052750088,0.0097191361,0.0149941449
1.2400000000,0.0051290358,0.0098676148,0.0149966505
1.2401666667,0.0049839806,0.0100150964,0.0149990770
1.2403333333,0.0048399084,0.0101615171,0.0150014255
1.2405000000,0.0046968838,0.0103068130,0.0150036968
1.2406666667,0.0045549712,0.0104509202,0.0150058914
1.2408333333,0.0044142344,0.0105937752,0.0150080096
1.2410000000,0.0042747368,0.0107353151,0.0150100518
1.2411666667,0.0041365410,0.0108754778,0.0150120188
1.2413333333,0.0039997094,0.0110142022,0.0150139116
1.2415000000,0.0038643036,0.0111514278,0.0150157314
1.2416666667,0.0037303847,0.0112870947,0.0150174794
1.2418333333,0.0035980133,0.0114211432,0.0150191564
1.2420000000,0.0034672490,0.0115535144,0.0150207634
1.2421666667,0.0033381511,0.0116841499,0.0150223010
1.2423333333,0.0032107780,0.0118129924,0.0150237704
1.2425000000,0.0030851873,0.0119399854,0.0150251726
1.2426666667,0.0029614361,0.0120650732,0.0150265093
1.2428333333,0.0028395806,0.0121882015,0.0150277821
1.2430000000,0.0027196762,0.0123093163,0.0150289925
1.2431666667,0.0026017775,0.0124283644,0.0150301419
1.2433333333,0.0024859381,0.0125452936,0.0150312317
1.2435000000,0.0023722110,0.0126600521,0.0150322630
1.2436666667,0.0022606480,0.0127725891,0.0150332371
1.2438333333,0.0021513001,0.0128828551,0.0150341552
1.2440000000,0.0020442174,0.0129908012,0.0150350186
1.2441666667,0.0019394490,0.0130963798,0.0150358287
1.2443333333,0.0018370429,0.0131995441,0.0150365869
1.2445000000,0.0017370462,0.0133002483,0.0150372946
1.2446666667,0.0016395051,0.0133984479,0.0150379530
1.2448333333,0.0015444646,0.0134940994,0.0150385640
1.2450000000,0.0014519685,0.0135871604,0.0150391289
1.2451666667,0.0013620597,0.0136775899,0.0150396496
1.2453333333,0.0012747798,0.0137653478,0.0150401276
1.2455000000,0.0011901695,0.0138503952,0.0150405647
1.2456666667,0.0011082681,0.0139326944,0.0150409625
1.2458333333,0.0010291140,0.0140122088,0.0150413228
1.2460000000,0.0009527440,0.0140889034,0.0150416474
1.2461666667,0.0008791942,0.0141627440,0.0150419382
1.2463333333,0.0008084992,0.0142336979,0.0150421971
1.2465000000,0.0007406925,0.0143017333,0.0150424258
1.2466666667,0.0006758063,0.0143668198,0.0150426261
1.2468333333,0.0006138716,0.0144289279,0.0150427996
1.2470000000,0.0005549180,0.0144880297,0.0150429477
1.2471666667,0.0004989738,0.0145440983,0.0150430721
1.2473333333,0.0004460660,0.0145971084,0.0150431744
1.2475000000,0.0003962203,0.0146470360,0.0150432563
1.2476666667,0.0003494610,0.0146938585,0.0150433195
1.2478333333,0.0003058112,0.0147375546,0.0150433658
1.2480000000,0.0002652925,0.0147781046,0.0150433971
1.2481666667,0.0002279253,0.0148154897,0.0150434150
1.2483333333,0.0001937285,0.0148496931,0.0150434216
1.2485000000,0.0001627196,0.0148806988,0.0150434184
1.2486666667,0.0001349148,0.0149084928,0.0150434076
1.2488333333,0.0001103288,0.0149330620,0.0150433908
1.2490000000,0.0000889749,0.0149543952,0.0150433701
1.2491666667,0.0000708651,0.0149724822,0.0150433473
1.2493333333,0.0000560098,0.0149873146,0.0150433244
1.2495000000,0.0000444181,0.0149988850,0.0150433032
1.2496666667,0.0000360979,0.0150071876,0.0150432855
1.2498333333,0.0000310553,0.0150122178,0.0150432731
1.2500000000,0.0000292952,0.0150139726,0.0150432679
1.2501666667,0.0000308211,0.0150124505,0.0150432715
1.2503333333,0.0000356347,0.0150076512,0.0150432859
1.2505000000,0.0000437366,0.0149995761,0.0150433127
1.2506666667,0.0000551259,0.0149882279,0.0150433538
1.2508333333,0.0000698002,0.0149736108,0.0150434110
1.2510000000,0.0000877555,0.0149557305,0.0150434860
1.2511666667,0.0001089866,0.0149345942,0.0150435808
1.2513333333,0.0001334869,0.0149102102,0.0150436971
1.2515000000,0.0001612480,0.0148825887,0.0150438368
1.2516666667,0.0001922605,0.0148517410,0.0150440016
1.2518333333,0.0002265133,0.0148176799,0.0150441932
1.2520000000,0.0002639938,0.0147804197,0.0150444135
1.2521666667,0.0003046881,0.0147399761,0.0150446642
1.2523333333,0.0003485810,0.0146963662,0.0150449472
1.2525000000,0.0003956557,0.0146496086,0.0150452642
1.2526666667,0.0004458940,0.0145997228,0.0150456168
1.2528333333,0.0004992765,0.0145467299,0.0150460063
1.2530000000,0.0005557822,0.0144906522,0.0150464344
1.2531666667,0.0006153889,0.0144315137,0.0150469025
1.2533333333,0.0006780728,0.0143693398,0.0150474126
1.2535000000,0.0007438090,0.0143041573,0.0150479663
1.2536666667,0.0008125710,0.0142359942,0.0150485652
1.2538333333,0.0008843312,0.0141648797,0.0150492109
1.2540000000,0.0009590603,0.0140908441,0.0150499045
1.2541666667,0.0010367282,0.0140139192,0.0150506474
1.2543333333,0.0011173031,0.0139341382,0.0150514412
1.2545000000,0.0012007521,0.0138515356,0.0150522877
1.2546666667,0.0012870409,0.0137661475,0.0150531884
1.2548333333,0.0013761340,0.0136780107,0.0150541448
1.2550000000,0.0014679946,0.0135871636,0.0150551582
1.2551666667,0.0015625847,0.0134936453,0.0150562300
1.2553333333,0.0016598651,0.0133974966,0.0150573616
1.2555000000,0.0017597952,0.0132987594,0.0150585547
1.2556666667,0.0018623336,0.0131974769,0.0150598105
1.2558333333,0.0019674375,0.0130936929,0.0150611303
1.2560000000,0.0020750628,0.0129874523,0.0150625152
1.2561666667,0.0021851647,0.0128788013,0.0150639660
1.2563333333,0.0022976969,0.0127677870,0.0150654839
1.2565000000,0.0024126121,0.0126544581,0.0150670703
1.2566666667,0.0025298621,0.0125388643,0.0150687264
1.2568333333,0.0026493974,0.0124210560,0.0150704534
1.2570000000,0.0027711676,0.0123010846,0.0150722522
1.2571666667,0.0028951213,0.0121790024,0.0150741237
1.2573333333,0.0030212062,0.0120548624,0.0150760686
1.2575000000,0.0031493689,0.0119287192,0.0150780881
1.2576666667,0.0032795551,0.0118006280,0.0150801832
1.2578333333,0.0034117097,0.0116706452,0.0150823550
1.2580000000,0.0035457765,0.0115388277,0.0150846042
1.2581666667,0.0036816985,0.0114052333,0.0150869318
1.2583333333,0.0038194179,0.0112699205,0.0150893384
1.2585000000,0.0039588760,0.0111329492,0.0150918252
1.2586666667,0.0041000135,0.0109943796,0.0150943931
1.2588333333,0.0042427701,0.0108542727,0.0150970428
1.2590000000,0.0043870849,0.0107126896,0.0150997745
1.2591666667,0.0045328962,0.0105696922,0.0151025884
1.2593333333,0.0046801418,0.0104253428,0.0151054847
1.2595000000,0.0048287587,0.0102797053,0.0151084640
1.2596666667,0.0049786832,0.0101328440,0.0151115272
1.2598333333,0.0051298511,0.0099848242,0.0151146752
1.2600000000,0.0052821975,0.0098357113,0.0151179087
1.2601666667,0.0054356570,0.0096855710,0.0151212280
1.2603333333,0.0055901638,0.0095344694,0.0151246332
1.2605000000,0.0057456515,0.0093824733,0.0151281248
1.2606666667,0.0059020533,0.0092296500,0.0151317033
1.2608333333,0.0060593018,0.0090760672,0.0151353691
1.2610000000,0.0062173295,0.0089217931,0.0151391226
1.2611666667,0.0063760681,0.0087668959,0.0151429640
1.2613333333,0.0065354494,0.0086114439,0.0151468933
1.2615000000,0.0066954044,0.0084555061,0.0151509106
1.2616666667,0.0068558643,0.0082991514,0.0151550157
1.2618333333,0.0070167597,0.0081424489,0.0151592086
1.2620000000,0.0071780211,0.0079854677,0.0151634888
1.2621666667,0.0073395789,0.0078282767,0.0151678556
1.2623333333,0.0075013633,0.0076709453,0.0151723086
1.2625000000,0.0076633042,0.0075135432,0.0151768474
1.2626666667,0.0078253316,0.0073561406,0.0151814722
1.2628333333,0.0079873753,0.0071988076,0.0151861830
1.2630000000,0.0081493652,0.0070416148,0.0151909799
1.2631666667,0.0083112308,0.0068846323,0.0151958631
1.2633333333,0.0084729021,0.0067279305,0.0152008327
1.2635000000,0.0086343090,0.0065715799,0.0152058889
1.2636666667,0.0087953812,0.0064156506,0.0152110318
1.2638333333,0.0089560489,0.0062602123,0.0152162612
1.2640000000,0.0091162422,0.0061053339,0.0152215762
1.2641666667,0.0092758915,0.0059510841,0.0152269757
1.2643333333,0.0094349274,0.0057975315,0.0152324589
1.2645000000,0.0095932806,0.0056447448,0.0152380253
1.2646666667,0.0097508821,0.0054927928,0.0152436748
1.2648333333,0.0099076632,0.0053417434,0.0152494066
1.2650000000,0.0100635558,0.0051916635,0.0152552192
1.2651666667,0.0102184918,0.0050426190,0.0152611107
1.2653333333,0.0103724036,0.0048946755,0.0152670792
1.2655000000,0.0105252243,0.0047478993,0.0152731235
1.2656666667,0.0106768869,0.0046023568,0.0152792437
1.2658333333,0.0108273254,0.0044581146,0.0152854399
1.2660000000,0.0109764739,0.0043152383,0.0152917122
1.2661666667,0.0111242672,0.0041737927,0.0152980599
1.2663333333,0.0112706407,0.0040338413,0.0153044820
1.2665000000,0.0114155303,0.0038954473,0.0153109776
1.2666666667,0.0115588726,0.0037586737,0.0153175464
1.2668333333,0.0117006049,0.0036235829,0.0153241878
1.2670000000,0.0118406650,0.0034902361,0.0153309011
1.2671666667,0.0119789915,0.0033586932,0.0153376847
1.2673333333,0.0121155237,0.0032290128,0.0153445365
1.2675000000,0.0122502016,0.0031012530,0.0153514546
1.2676666667,0.0123829662,0.0029754715,0.0153584377
1.2678333333,0.0125137591,0.0028517256,0.0153654847
1.2680000000,0.0126425229,0.0027300716,0.0153725945
1.2681666667,0.0127692009,0.0026105645,0.0153797653
1.2683333333,0.0128937374,0.0024932577,0.0153869951
1.2685000000,0.0130160776,0.0023782041,0.0153942818
1.2686666667,0.0131361677,0.0022654562,0.0154016238
1.2688333333,0.0132539546,0.0021550660,0.0154090206
1.2690000000,0.0133693865,0.0020470853,0.0154164717
1.2691666667,0.0134824123,0.0019415642,0.0154239765
1.2693333333,0.0135929824,0.0018385515,0.0154315339
1.2695000000,0.0137010476,0.0017380948,0.0154391425
1.2696666667,0.0138065604,0.0016402403,0.0154468007
1.2698333333,0.0139094741,0.0015450331,0.0154545071
1.2700000000,0.0140097429,0.0014525172,0.0154622601
1.2701666667,0.0141073227,0.0013627350,0.0154700577
1.2703333333,0.0142021699,0.0012757278,0.0154778977
1.2705000000,0.0142942427,0.0011915355,0.0154857782
1.2706666667,0.0143835001,0.0011101973,0.0154936974
1.2708333333,0.0144699025,0.0010317517,0.0155016541
1.2710000000,0.0145534114,0.0009562357,0.0155096470
1.2711666667,0.0146339896,0.0008836847,0.0155176743
1.2713333333,0.0147116013,0.0008141324,0.0155257337
1.2715000000,0.0147862118,0.0007476111,0.0155338228
1.2716666667,0.0148577877,0.0006841520,0.0155419396
1.2718333333,0.0149262971,0.0006237857,0.0155500828
1.2720000000,0.0149917093,0.0005665420,0.0155582513
1.2721666667,0.0150539949,0.0005124493,0.0155664443
1.2723333333,0.0151131261,0.0004615341,0.0155746602
1.2725000000,0.0151690761,0.0004138211,0.0155828971
1.2726666667,0.0152218197,0.0003693332,0.0155911529
1.2728333333,0.0152713332,0.0003280921,0.0155994253
1.2730000000,0.0153175940,0.0002901183,0.0156077123
1.2731666667,0.0153605812,0.0002554311,0.0156160123
1.2733333333,0.0154002752,0.0002240484,0.0156243236
1.2735000000,0.0154366579,0.0001959865,0.0156326444
1.2736666667,0.0154697126,0.0001712603,0.0156409729
1.2738333333,0.0154994240,0.0001498832,0.0156493072
1.2740000000,0.0155257784,0.0001318671,0.0156576455
1.2741666667,0.0155487634,0.0001172225,0.0156659859
1.2743333333,0.0155683682,0.0001059584,0.0156743266
1.2745000000,0.0155845834,0.0000980824,0.0156826658
1.2746666667,0.0155974011,0.0000936004,0.0156910015
1.2748333333,0.0156068150,0.0000925169,0.0156993319
1.2750000000,0.0156128202,0.0000948348,0.0157076550
1.2751666667,0.0156154133,0.0001005555,0.0157159687
1.2753333333,0.0156145923,0.0001096792,0.0157242715
1.2755000000,0.0156103568,0.0001222051,0.0157325619
1.2756666667,0.0156027079,0.0001381304,0.0157408384
1.2758333333,0.0155916483,0.0001574511,0.0157490993
1.2760000000,0.0155771819,0.0001801608,0.0157573426
1.2761666667,0.0155593144,0.0002062515,0.0157655659
1.2763333333,0.0155380529,0.0002357138,0.0157737667
1.2765000000,0.0155134059,0.0002685373,0.0157819433
1.2766666667,0.0154853836,0.0003047109,0.0157900945
1.2768333333,0.0154539974,0.0003442220,0.0157982194
1.2770000000,0.0154192603,0.0003870565,0.0158063168
1.2771666667,0.0153811870,0.0004331980,0.0158143849
1.2773333333,0.0153397933,0.0004826280,0.0158224213
1.2775000000,0.0152950967,0.0005353268,0.0158304235
1.2776666667,0.0152471163,0.0005912734,0.0158383896
1.2778333333,0.0151958722,0.0006504462,0.0158463184
1.2780000000,0.0151413863,0.0007128222,0.0158542086
1.2781666667,0.0150836819,0.0007783772,0.0158620591
1.2783333333,0.0150227836,0.0008470848,0.0158698684
1.2785000000,0.0149587174,0.0009189170,0.0158776345
1.2786666667,0.0148915109,0.0009938443,0.0158853552
1.2788333333,0.0148211929,0.0010718357,0.0158930287
1.2790000000,0.0147477938,0.0011528594,0.0159006532
1.2791666667,0.0146713451,0.0012368821,0.0159082271
1.2793333333,0.0145918797,0.0013238696,0.0159157493
1.2795000000,0.0145094320,0.0014137864,0.0159232184
1.2796666667,0.0144240377,0.0015065957,0.0159306334
1.2798333333,0.0143357336,0.0016022594,0.0159379930
1.2800000000,0.0142445581,0.0017007379,0.0159452960
1.2801666667,0.0141505506,0.0018019903,0.0159525409
1.2803333333,0.0140537520,0.0019059744,0.0159597263
1.2805000000,0.0139542042,0.0020126469,0.0159668512
1.2806666667,0.0138519507,0.0021219636,0.0159739143
1.2808333333,0.0137470358,0.0022338787,0.0159809145
1.2810000000,0.0136395052,0.0023483451,0.0159878504
1.2811666667,0.0135294058,0.0024653145,0.0159947203
1.2813333333,0.0134167854,0.0025847372,0.0160015226
1.2815000000,0.0133016933,0.0027065625,0.0160082558
1.2816666667,0.0131841797,0.0028307392,0.0160149188
1.2818333333,0.0130642958,0.0029572147,0.0160215105
1.2820000000,0.0129420941,0.0030859357,0.0160280298
1.2821666667,0.0128176280,0.0032168474,0.0160344754
1.2823333333,0.0126909519,0.0033498943,0.0160408462
1.2825000000,0.0125621212,0.0034850202,0.0160471414
1.2826666667,0.0124311924,0.0036221686,0.0160533609
1.2828333333,0.0122982227,0.0037612820,0.0160595047
1.2830000000,0.0121632706,0.0039023020,0.0160655726
1.2831666667,0.0120263951,0.0040451685,0.0160715636
1.2833333333,0.0118876565,0.0041898201,0.0160774766
1.2835000000,0.0117471155,0.0043361948,0.0160833103
1.2836666667,0.0116048339,0.0044842297,0.0160890636
1.2838333333,0.0114608743,0.0046338613,0.0160947356
1.2840000000,0.0113152998,0.0047850256,0.0161003254
1.2841666667,0.0111681745,0.0049376576,0.0161058321
1.2843333333,0.0110195632,0.0050916916,0.0161112549
1.2845000000,0.0108695314,0.0052470615,0.0161165929
1.2846666667,0.0107181450,0.0054037006,0.0161218456
1.2848333333,0.0105654707,0.0055615420,0.0161270127
1.2850000000,0.0104115759,0.0057205180,0.0161320939
1.2851666667,0.0102565284,0.0058805604,0.0161370888
1.2853333333,0.0101003966,0.0060416008,0.0161419974
1.2855000000,0.0099432495,0.0062035706,0.0161468201
1.2856666667,0.0097851564,0.0063664011,0.0161515575
1.2858333333,0.0096261872,0.0065300228,0.0161562100
1.2860000000,0.0094664123,0.0066943653,0.0161607775
1.2861666667,0.0093059022,0.0068593568,0.0161652590
1.2863333333,0.0091447279,0.0070249250,0.0161696530
1.2865000000,0.0089829609,0.0071909976,0.0161739586
1.2866666667,0.0088206727,0.0073575028,0.0161781756
1.2868333333,0.0086579352,0.0075243692,0.0161823044
1.2870000000,0.0084948206,0.0076915250,0.0161863455
1.2871666667,0.0083314012,0.0078588977,0.0161902989
1.2873333333,0.0081677494,0.0080264145,0.0161941639
1.2875000000,0.0080039379,0.0081940024,0.0161979403
1.2876666667,0.0078400394,0.0083615892,0.0162016286
1.2878333333,0.0076761266,0.0085291030,0.0162052296
1.2880000000,0.0075122725,0.0086964722,0.0162087448
1.2881666667,0.0073485500,0.0088636248,0.0162121747
1.2883333333,0.0071850317,0.0090304880,0.0162155198
1.2885000000,0.0070217907,0.0091969891,0.0162187797
1.2886666667,0.0068588994,0.0093630554,0.0162219548
1.2888333333,0.0066964305,0.0095286148,0.0162250453
1.2890000000,0.0065344565,0.0096935956,0.0162280520
1.2891666667,0.0063730494,0.0098579258,0.0162309752
1.2893333333,0.0062122814,0.0100215334,0.0162338148
1.2895000000,0.0060522242,0.0101843465,0.0162365707
1.2896666667,0.0058929493,0.0103462938,0.0162392431
1.2898333333,0.0057345277,0.0105073050,0.0162418328
1.2900000000,0.0055770304,0.0106673106,0.0162443410
1.2901666667,0.0054205276,0.0108262416,0.0162467692
1.2903333333,0.0052650894,0.0109840290,0.0162491185
1.2905000000,0.0051107855,0.0111406041,0.0162513896
1.2906666667,0.0049576849,0.0112958985,0.0162535834
1.2908333333,0.0048058562,0.0114498445,0.0162557007
1.2910000000,0.0046553675,0.0116023748,0.0162577423
1.2911666667,0.0045062863,0.0117534230,0.0162597093
1.2913333333,0.0043586795,0.0119029228,0.0162616023
1.2915000000,0.0042126134,0.0120508089,0.0162634223
1.2916666667,0.0040681536,0.0121970166,0.0162651702
1.2918333333,0.0039253650,0.0123414822,0.0162668472
1.2920000000,0.0037843119,0.0124841423,0.0162684543
1.2921666667,0.0036450578,0.0126249346,0.0162699924
1.2923333333,0.0035076653,0.0127637971,0.0162714624
1.2925000000,0.0033721963,0.0129006689,0.0162728652
1.2926666667,0.0032387119,0.0130354901,0.0162742021
1.2928333333,0.0031072724,0.0131682024,0.0162754748
1.2930000000,0.0029779371,0.0132987481,0.0162766851
1.2931666667,0.0028507644,0.0134270703,0.0162778348
1.2933333333,0.0027258120,0.0135531128,0.0162789249
1.2935000000,0.0026031365,0.0136768199,0.0162799564
1.2936666667,0.0024827934,0.0137981369,0.0162809303
1.2938333333,0.0023648373,0.0139170106,0.0162818480
1.2940000000,0.0022493219,0.0140333889,0.0162827108
1.2941666667,0.0021362998,0.0141472208,0.0162835205
1.2943333333,0.0020258223,0.0142584563,0.0162842786
1.2945000000,0.0019179400,0.0143670464,0.0162849865
1.2946666667,0.0018127022,0.0144729433,0.0162856455
1.2948333333,0.0017101570,0.0145761003,0.0162862573
1.2950000000,0.0016103514,0.0146764721,0.0162868235
1.2951666667,0.0015133314,0.0147740144,0.0162873457
1.2953333333,0.0014191415,0.0148686841,0.0162878256
1.2955000000,0.0013278254,0.0149604393,0.0162882647
1.2956666667,0.0012394252,0.0150492393,0.0162886645
1.2958333333,0.0011539819,0.0151350448,0.0162890267
1.2960000000,0.0010715352,0.0152178179,0.0162893531
1.2961666667,0.0009921236,0.0152975219,0.0162896455
1.2963333333,0.0009157841,0.0153741214,0.0162899055
1.2965000000,0.0008425527,0.0154475820,0.0162901347
1.2966666667,0.0007724636,0.0155178711,0.0162903347
1.2968333333,0.0007055501,0.0155849571,0.0162905073
1.2970000000,0.0006418438,0.0156488104,0.0162906542
1.2971666667,0.0005813750,0.0157094023,0.0162907773
1.2973333333,0.0005241726,0.0157667059,0.0162908784
1.2975000000,0.0004702640,0.0158206953,0.0162909593
1.2976666667,0.0004196753,0.0158713463,0.0162910216
1.2978333333,0.0003724312,0.0159186362,0.0162910674
1.2980000000,0.0003285547,0.0159625437,0.0162910984
1.2981666667,0.0002880676,0.0160030489,0.0162911165
1.2983333333,0.0002509900,0.0160401333,0.0162911233
1.2985000000,0.0002173406,0.0160737800,0.0162911206
1.2986666667,0.0001871366,0.0161039735,0.0162911102
1.2988333333,0.0001603938,0.0161307000,0.0162910938
1.2990000000,0.0001371264,0.0161539472,0.0162910736
1.2991666667,0.0001173472,0.0161737041,0.0162910513
1.2993333333,0.0001010673,0.0161899615,0.0162910288
1.2995000000,0.0000882966,0.0162027113,0.0162910079
1.2996666667,0.0000790431,0.0162119472,0.0162909903
1.2998333333,0.0000733137,0.0162176643,0.0162909780
1.3000000000,0.0000711133,0.0162198594,0.0162909727
1.3001666667,0.0000724458,0.0162185305,0.0162909763
1.3003333333,0.0000773132,0.0162136774,0.0162909906
1.3005000000,0.0000857162,0.0162053013,0.0162910174
1.3006666667,0.0000976537,0.0161934048,0.0162910586
1.3008333333,0.0001131234,0.0161779924,0.0162911158
1.3010000000,0.0001321211,0.0161590699,0.0162911910
1.3011666667,0.0001546413,0.0161366446,0.0162912859
1.3013333333,0.0001806771,0.0161107254,0.0162914024
1.3015000000,0.0002102197,0.0160813226,0.0162915422
1.3016666667,0.0002432590,0.0160484481,0.0162917071
1.3018333333,0.0002797834,0.0160121155,0.0162918989
1.3020000000,0.0003197798,0.0159723395,0.0162921192
1.3021666667,0.0003632334,0.0159291364,0.0162923698
1.3023333333,0.0004101281,0.0158825243,0.0162926523
1.3025000000,0.0004604462,0.0158325223,0.0162929685
1.3026666667,0.0005141686,0.0157791513,0.0162933199
1.3028333333,0.0005712748,0.0157224336,0.0162937084
1.3030000000,0.0006317426,0.0156623929,0.0162941355
1.3031666667,0.0006955485,0.0155990544,0.0162946028
1.3033333333,0.0007626674,0.0155324447,0.0162951121
1.3035000000,0.0008330729,0.0154625921,0.0162956650
1.3036666667,0.0009067370,0.0153895259,0.0162962630
1.3038333333,0.0009836305,0.0153132771,0.0162969077
1.3040000000,0.0010637226,0.0152338781,0.0162976007
1.3041666667,0.0011469810,0.0151513625,0.0162983435
1.3043333333,0.0012333720,0.0150657657,0.0162991377
1.3045000000,0.0013228607,0.0149771242,0.0162999848
1.3046666667,0.0014154105,0.0148854759,0.0163008864
1.3048333333,0.0015109836,0.0147908601,0.0163018437
1.3050000000,0.0016095408,0.0146933171,0.0163028579
1.3051666667,0.0017110416,0.0145928885,0.0163039300
1.3053333333,0.0018154440,0.0144896175,0.0163050615
1.3055000000,0.0019227050,0.0143835487,0.0163062537
1.3056666667,0.0020327800,0.0142747282,0.0163075082
1.3058333333,0.0021456232,0.0141632032,0.0163088263
1.3060000000,0.0022611876,0.0140490219,0.0163102095
1.3061666667,0.0023794250,0.0139322339,0.0163116590
1.3063333333,0.0025002860,0.0138128899,0.0163131760
1.3065000000,0.0026237200,0.0136910417,0.0163147617
1.3066666667,0.0027496753,0.0135667420,0.0163164173
1.3068333333,0.0028780989,0.0134400448,0.0163181437
1.3070000000,0.0030089369,0.0133110051,0.0163199420
1.3071666667,0.0031421343,0.0131796788,0.0163218130
1.3073333333,0.0032776349,0.0130461230,0.0163237578
1.3075000000,0.0034153816,0.0129103958,0.0163257774
1.3076666667,0.0035553163,0.0127725563,0.0163278726
1.3078333333,0.0036973799,0.0126326641,0.0163300440
1.3080000000,0.0038415122,0.0124907800,0.0163322922
1.3081666667,0.0039876524,0.0123469656,0.0163346180
1.3083333333,0.0041357384,0.0122012841,0.0163370225
1.3085000000,0.0042857075,0.0120537995,0.0163395070
1.3086666667,0.0044374959,0.0119045769,0.0163420729
1.3088333333,0.0045910393,0.0117536816,0.0163447209
1.3090000000,0.0047462723,0.0116011794,0.0163474517
1.3091666667,0.0049031287,0.0114471367,0.0163502654
1.3093333333,0.0050615417,0.0112916207,0.0163531624
1.3095000000,0.0052214436,0.0111346996,0.0163561432
1.3096666667,0.0053827663,0.0109764421,0.0163592083
1.3098333333,0.0055454406,0.0108169174,0.0163623580
1.3100000000,0.0057093970,0.0106561954,0.0163655924
1.3101666667,0.0058745652,0.0104943461,0.0163689113
1.3103333333,0.0060408743,0.0103314409,0.0163723152
1.3105000000,0.0062082529,0.0101675520,0.0163758050
1.3106666667,0.0063766291,0.0100027523,0.0163793814
1.3108333333,0.0065459305,0.0098371149,0.0163830454
1.3110000000,0.0067160841,0.0096707129,0.0163867971
1.3111666667,0.0068870167,0.0095036197,0.0163906364
1.3113333333,0.0070586547,0.0093359087,0.0163945634
1.3115000000,0.0072309240,0.0091676542,0.0163985783
1.3116666667,0.0074037504,0.0089989307,0.0164026812
1.3118333333,0.0075770592,0.0088298129,0.0164068722
1.3120000000,0.0077507757,0.0086603753,0.0164111510
1.3121666667,0.0079248247,0.0084906923,0.0164155170
1.3123333333,0.0080991310,0.0083208386,0.0164199696
1.3125000000,0.0082736192,0.0081508892,0.0164245084
1.3126666667,0.0084482138,0.0079809196,0.0164291334
1.3128333333,0.0086228390,0.0078110056,0.0164338446
1.3130000000,0.0087974190,0.0076412232,0.0164386422
1.3131666667,0.0089718781,0.0074716483,0.0164435263
1.3133333333,0.0091461403,0.0073023569,0.0164484972
1.3135000000,0.0093201300,0.0071334249,0.0164535549
1.3136666667,0.0094937713,0.0069649280,0.0164586993
1.3138333333,0.0096669886,0.0067969410,0.0164639296
1.3140000000,0.0098397065,0.0066295382,0.0164692446
1.3141666667,0.0100118496,0.0064627935,0.0164746431
1.3143333333,0.0101833429,0.0062967810,0.0164801240
1.3145000000,0.0103541118,0.0061315751,0.0164856868
1.3146666667,0.0105240817,0.0059672498,0.0164913315
1.3148333333,0.0106931784,0.0058038790,0.0164970574
1.3150000000,0.0108613283,0.0056415356,0.0165028638
1.3151666667,0.0110284578,0.0054802921,0.0165087500
1.3153333333,0.0111944941,0.0053202209,0.0165147150
1.3155000000,0.0113593646,0.0051613942,0.0165207588
1.3156666667,0.0115229972,0.0050038837,0.0165268809
1.3158333333,0.0116853204,0.0048477604,0.0165330808
1.3160000000,0.0118462631,0.0046930945,0.0165393576
1.3161666667,0.0120057549,0.0045399549,0.0165457099
1.3163333333,0.0121637259,0.0043884104,0.0165521363
1.3165000000,0.0123201068,0.0042385289,0.0165586358
1.3166666667,0.0124748291,0.0040903781,0.0165652072
1.3168333333,0.0126278249,0.0039440245,0.0165718494
1.3170000000,0.0127790269,0.0037995339,0.0165785608
1.3171666667,0.0129283688,0.0036569711,0.0165853399
1.3173333333,0.0130757849,0.0035164008,0.0165921857
1.3175000000,0.0132212103,0.0033778872,0.0165990975
1.3176666667,0.0133645810,0.0032414942,0.0166060752
1.3178333333,0.0135058339,0.0031072840,0.0166131179
1.3180000000,0.0136449068,0.0029753178,0.0166202245
1.3181666667,0.0137817382,0.0028456550,0.0166273932
1.3183333333,0.0139162679,0.0027183542,0.0166346221
1.3185000000,0.0140484364,0.0025934733,0.0166419097
1.3186666667,0.0141781854,0.0024710693,0.0166492547
1.3188333333,0.0143054574,0.0023511981,0.0166566555
1.3190000000,0.0144301962,0.0022339142,0.0166641105
1.3191666667,0.0145523466,0.0021192713,0.0166716178
1.3193333333,0.0146718543,0.0020073218,0.0166791762
1.3195000000,0.0147886664,0.0018981181,0.0166867846
1.3196666667,0.0149027311,0.0017917111,0.0166944422
1.3198333333,0.0150139976,0.0016881504,0.0167021480
1.3200000000,0.0151224166,0.0015874833,0.0167098999
1.3201666667,0.0152279398,0.0014897557,0.0167176955
1.3203333333,0.0153305202,0.0013950126,0.0167255328
1.3205000000,0.0154301122,0.0013032983,0.0167334106
1.3206666667,0.0155266714,0.0012146565,0.0167413280
1.3208333333,0.0156201548,0.0011291292,0.0167492840
1.3210000000,0.0157105206,0.0010467561,0.0167572767
1.3211666667,0.0157977285,0.0009675749,0.0167653034
1.3213333333,0.0158817394,0.0008916219,0.0167733613
1.3215000000,0.0159625157,0.0008189329,0.0167814486
1.3216666667,0.0160400210,0.0007495433,0.0167895643
1.3218333333,0.0161142204,0.0006834874,0.0167977078
1.3220000000,0.0161850805,0.0006207974,0.0168058780
1.3221666667,0.0162525693,0.0005615037,0.0168140730
1.3223333333,0.0163166560,0.0005056345,0.0168222905
1.3225000000,0.0163773117,0.0004532164,0.0168305282
1.3226666667,0.0164345088,0.0004042752,0.0168387839
1.3228333333,0.0164882211,0.0003588352,0.0168470562
1.3230000000,0.0165384241,0.0003169192,0.0168553433
1.3231666667,0.0165850950,0.0002785481,0.0168636431
1.3233333333,0.0166282122,0.0002437414,0.0168719536
1.3235000000,0.0166677560,0.0002125170,0.0168802729
1.3236666667,0.0167037079,0.0001848919,0.0168885998
1.3238333333,0.0167360513,0.0001608817,0.0168969330
1.3240000000,0.0167647710,0.0001405000,0.0169052710
1.3241666667,0.0167898533,0.0001237585,0.0169136117
1.3243333333,0.0168112862,0.0001106667,0.0169219528
1.3245000000,0.0168290592,0.0001012328,0.0169302920
1.3246666667,0.0168431634,0.0000954641,0.0169386275
1.3248333333,0.0168535916,0.0000933662,0.0169469578
1.3250000000,0.0168603381,0.0000949431,0.0169552813
1.3251666667,0.0168633989,0.0001001970,0.0169635959
1.3253333333,0.0168627716,0.0001091280,0.0169718995
1.3255000000,0.0168584554,0.0001217348,0.0169801901
1.3256666667,0.0168504512,0.0001380148,0.0169884660
1.3258333333,0.0168387614,0.0001579641,0.0169967255
1.3260000000,0.0168233902,0.0001815772,0.0170049673
1.3261666667,0.0168043432,0.0002088465,0.0170131897
1.3263333333,0.0167816278,0.0002397630,0.0170213908
1.3265000000,0.0167552529,0.0002743160,0.0170295689
1.3266666667,0.0167252291,0.0003124934,0.0170377226
1.3268333333,0.0166915685,0.0003542815,0.0170458500
1.3270000000,0.0166542849,0.0003996645,0.0170539494
1.3271666667,0.0166133935,0.0004486248,0.0170620183
1.3273333333,0.0165689114,0.0005011429,0.0170700543
1.3275000000,0.0165208571,0.0005571984,0.0170780555
1.3276666667,0.0164692508,0.0006167697,0.0170860205
1.3278333333,0.0164141141,0.0006798340,0.0170939481
1.3280000000,0.0163554703,0.0007463673,0.0171018376
1.3281666667,0.0162933442,0.0008163435,0.0171096876
1.3283333333,0.0162277620,0.0008897344,0.0171174964
1.3285000000,0.0161587517,0.0009665102,0.0171252619
1.3286666667,0.0160863428,0.0010466395,0.0171329823
1.3288333333,0.0160105659,0.0011300900,0.0171406559
1.3290000000,0.0159314536,0.0012168276,0.0171482812
1.3291666667,0.0158490397,0.0013068172,0.0171558568
1.3293333333,0.0157633594,0.0014000219,0.0171633813
1.3295000000,0.0156744497,0.0014964034,0.0171708531
1.3296666667,0.0155823489,0.0015959218,0.0171782707
1.3298333333,0.0154870965,0.0016985358,0.0171856323
1.3300000000,0.0153887336,0.0018042028,0.0171929364
1.3301666667,0.0152873028,0.0019128786,0.0172001813
1.3303333333,0.0151828478,0.0020245183,0.0172073661
1.3305000000,0.0150754138,0.0021390760,0.0172144899
1.3306666667,0.0149650474,0.0022565046,0.0172215519
1.3308333333,0.0148517963,0.0023767552,0.0172285515
1.3310000000,0.0147357097,0.0024997773,0.0172354870
1.3311666667,0.0146168379,0.0026255189,0.0172423568
1.3313333333,0.0144952325,0.0027539266,0.0172491590
1.3315000000,0.0143709463,0.0028849459,0.0172558922
1.3316666667,0.0142440334,0.0030185219,0.0172625552
1.3318333333,0.0141145490,0.0031545985,0.0172691475
1.3320000000,0.0139825496,0.0032931183,0.0172756679
1.3321666667,0.0138480927,0.0034340226,0.0172821153
1.3323333333,0.0137112369,0.0035772516,0.0172884885
1.3325000000,0.0135720421,0.0037227445,0.0172947866
1.3326666667,0.0134305690,0.0038704400,0.0173010090
1.3328333333,0.0132868795,0.0040202756,0.0173071551
1.3330000000,0.0131410365,0.0041721880,0.0173132245
1.3331666667,0.0129931037,0.0043261124,0.0173192161
1.3333333333,0.0128431458,0.0044819830,0.0173251289
1.3335000000,0.0126912286,0.0046397331,0.0173309616
1.3336666667,0.0125374184,0.0047992953,0.0173367138
1.3338333333,0.0123817829,0.0049606018,0.0173423847
1.3340000000,0.0122243901,0.0051235836,0.0173479737
1.3341666667,0.0120653093,0.0052881707,0.0173534800
1.3343333333,0.0119046103,0.0054542922,0.0173589025
1.3345000000,0.0117423637,0.0056218766,0.0173642403
1.3346666667,0.0115786410,0.0057908521,0.0173694931
1.3348333333,0.0114135141,0.0059611469,0.0173746610
1.3350000000,0.0112470557,0.0061326884,0.0173797442
1.3351666667,0.0110793393,0.0063054034,0.0173847426
1.3353333333,0.0109104385,0.0064792175,0.0173896559
1.3355000000,0.0107404278,0.0066540557,0.0173944835
1.3356666667,0.0105693822,0.0068298425,0.0173992247
1.3358333333,0.0103973771,0.0070065019,0.0174038791
1.3360000000,0.0102244884,0.0071839576,0.0174084460
1.3361666667,0.0100507924,0.0073621329,0.0174129254
1.3363333333,0.0098763660,0.0075409508,0.0174173168
1.3365000000,0.0097012862,0.0077203341,0.0174216203
1.3366666667,0.0095256305,0.0079002055,0.0174258360
1.3368333333,0.0093494766,0.0080804874,0.0174299640
1.3370000000,0.0091729026,0.0082611019,0.0174340045
1.3371666667,0.0089959866,0.0084419708,0.0174379574
1.3373333333,0.0088188071,0.0086230160,0.0174418231
1.3375000000,0.0086414425,0.0088041592,0.0174456017
1.3376666667,0.0084639716,0.0089853222,0.0174492938
1.3378333333,0.0082864731,0.0091664267,0.0174528998
1.3380000000,0.0081090258,0.0093473938,0.0174564197
1.3381666667,0.0079317086,0.0095281447,0.0174598533
1.3383333333,0.0077546004,0.0097086001,0.0174632004
1.3385000000,0.0075777798,0.0098886811,0.0174664609
1.3386666667,0.0074013256,0.0100683094,0.0174696350
1.3388333333,0.0072253165,0.0102474072,0.0174727236
1.3390000000,0.0070498306,0.0104258971,0.0174757277
1.3391666667,0.0068749464,0.0106037018,0.0174786482
1.3393333333,0.0067007417,0.0107807441,0.0174814858
1.3395000000,0.0065272943,0.0109569467,0.0174842411
1.3396666667,0.0063546818,0.0111322329,0.0174869147
1.3398333333,0.0061829811,0.0113065260,0.0174895071
1.3400000000,0.0060122691,0.0114797499,0.0174920190
1.3401666667,0.0058426223,0.0116518286,0.0174944508
1.3403333333,0.0056741164,0.0118226867,0.0174968030
1.3405000000,0.0055068271,0.0119922493,0.0174990763
1.3406666667,0.0053408292,0.0121604423,0.0175012715
1.3408333333,0.0051761973,0.0123271921,0.0175033894
1.3410000000,0.0050130052,0.0124924258,0.0175054310
1.3411666667,0.0048513262,0.0126560711,0.0175073973
1.3413333333,0.0046912330,0.0128180565,0.0175092895
1.3415000000,0.0045327975,0.0129783111,0.0175111087
1.3416666667,0.0043760912,0.0131367650,0.0175128562
1.3418333333,0.0042211847,0.0132933487,0.0175145333
1.3420000000,0.0040681478,0.0134479933,0.0175161411
1.3421666667,0.0039170496,0.0136006307,0.0175176803
1.3423333333,0.0037679585,0.0137511934,0.0175191518
1.3425000000,0.0036209417,0.0138996149,0.0175205565
1.3426666667,0.0034760658,0.0140458298,0.0175218956
1.3428333333,0.0033333964,0.0141897738,0.0175231701
1.3430000000,0.0031929981,0.0143313835,0.0175243816
1.3431666667,0.0030549347,0.0144705966,0.0175255314
1.3433333333,0.0029192689,0.0146073519,0.0175266208
1.3435000000,0.0027860624,0.0147415891,0.0175276515
1.3436666667,0.0026553759,0.0148732492,0.0175286251
1.3438333333,0.0025272691,0.0150022743,0.0175295434
1.3440000000,0.0024018004,0.0151286071,0.0175304075
1.3441666667,0.0022790272,0.0152521915,0.0175312187
1.3443333333,0.0021590057,0.0153729722,0.0175319779
1.3445000000,0.0020417909,0.0154908955,0.0175326864
1.3446666667,0.0019274367,0.0156059092,0.0175333459
1.3448333333,0.0018159955,0.0157179625,0.0175339580
1.3450000000,0.0017075188,0.0158270060,0.0175345247
1.3451666667,0.0016020565,0.0159329910,0.0175350474
1.3453333333,0.0014996574,0.0160358702,0.0175355276
1.3455000000,0.0014003691,0.0161355978,0.0175359668
1.3456666667,0.0013042375,0.0162321292,0.0175363667
1.3458333333,0.0012113076,0.0163254215,0.0175367292
1.3460000000,0.0011216227,0.0164154334,0.0175370560
1.3461666667,0.0010352246,0.0165021244,0.0175373491
1.3463333333,0.0009521541,0.0165854557,0.0175376098
1.3465000000,0.0008724501,0.0166653895,0.0175378396
1.3466666667,0.0007961503,0.0167418899,0.0175380401
1.3468333333,0.0007232908,0.0168149223,0.0175382131
1.3470000000,0.0006539062,0.0168844541,0.0175383603
1.3471666667,0.0005880298,0.0169504538,0.0175384836
1.3473333333,0.0005256931,0.0170128917,0.0175385848
1.3475000000,0.0004669263,0.0170717395,0.0175386658
1.3476666667,0.0004117580,0.0171269704,0.0175387284
1.3478333333,0.0003602152,0.0171785592,0.0175387744
1.3480000000,0.0003123232,0.0172264824,0.0175388056
1.3481666667,0.0002681059,0.0172707180,0.0175388238
1.3483333333,0.0002275855,0.0173112453,0.0175388308
1.3485000000,0.0001907826,0.0173480457,0.0175388283
1.3486666667,0.0001577161,0.0173811019,0.0175388180
1.3488333333,0.0001284034,0.0174103985,0.0175388018
1.3490000000,0.0001028601,0.0174359217,0.0175387817
1.3491666667,0.0000811003,0.0174576592,0.0175387595
1.3493333333,0.0000631365,0.0174756006,0.0175387371
1.3495000000,0.0000489794,0.0174897368,0.0175387161
1.3496666667,0.0000386382,0.0175000604,0.0175386986
1.3498333333,0.0000321202,0.0175065661,0.0175386863
1.3500000000,0.0000294312,0.0175092498,0.0175386810
1.3501666667,0.0000305752,0.0175081094,0.0175386845
1.3503333333,0.0000355545,0.0175031443,0.0175386988
1.3505000000,0.0000443699,0.0174943556,0.0175387255
1.3506666667,0.0000570203,0.0174817463,0.0175387666
1.3508333333,0.0000735031,0.0174653207,0.0175388238
1.3510000000,0.0000938139,0.0174450850,0.0175388989
1.3511666667,0.0001179466,0.0174210471,0.0175389938
1.3513333333,0.0001458937,0.0173932164,0.0175391101
1.3515000000,0.0001776457,0.0173616041,0.0175392498
1.3516666667,0.0002131914,0.0173262230,0.0175394145
1.3518333333,0.0002525182,0.0172870877,0.0175396059
1.3520000000,0.0002956116,0.0172442142,0.0175398258
1.3521666667,0.0003424555,0.0171976204,0.0175400758
1.3523333333,0.0003930321,0.0171473256,0.0175403577
1.3525000000,0.0004473221,0.0170933512,0.0175406733
1.3526666667,0.0005053046,0.0170357199,0.0175410245
1.3528333333,0.0005669567,0.0169744561,0.0175414128
1.3530000000,0.0006322543,0.0169095857,0.0175418400
1.3531666667,0.0007011714,0.0168411361,0.0175423075
1.3533333333,0.0007736806,0.0167691361,0.0175428167
1.3535000000,0.0008497528,0.0166936164,0.0175433692
1.3536666667,0.0009293573,0.0166146094,0.0175439667
1.3538333333,0.0010124618,0.0165321489,0.0175446108
1.3540000000,0.0010990326,0.0164462706,0.0175453032
1.3541666667,0.0011890344,0.0163570112,0.0175460455
1.3543333333,0.0012824302,0.0162644090,0.0175468392
1.3545000000,0.0013791818,0.0161685038,0.0175476856
1.3546666667,0.0014792493,0.0160693369,0.0175485862
1.3548333333,0.0015825914,0.0159669510,0.0175495424
1.3550000000,0.0016891653,0.0158613903,0.0175505556
1.3551666667,0.0017989266,0.0157527004,0.0175516270
1.3553333333,0.0019118299,0.0156409283,0.0175527582
1.3555000000,0.0020278280,0.0155261225,0.0175539505
1.3556666667,0.0021468725,0.0154083327,0.0175552052
1.3558333333,0.0022689136,0.0152876098,0.0175565233
1.3560000000,0.0023939001,0.0151640061,0.0175579063
1.3561666667,0.0025217797,0.0150375754,0.0175593551
1.3563333333,0.0026524986,0.0149083726,0.0175608712
1.3565000000,0.0027860017,0.0147764543,0.0175624560
1.3566666667,0.0029222327,0.0146418779,0.0175641106
1.3568333333,0.0030611341,0.0145047021,0.0175658362
1.3570000000,0.0032026472,0.0143649865,0.0175676337
1.3571666667,0.0033467121,0.0142227917,0.0175695039
1.3573333333,0.0034932678,0.0140781798,0.0175714476
1.3575000000,0.0036422522,0.0139312136,0.0175734658
1.3576666667,0.0037936019,0.0137819575,0.0175755594
1.3578333333,0.0039472527,0.0136304768,0.0175777296
1.3580000000,0.0041031392,0.0134768377,0.0175799770
1.3581666667,0.0042611950,0.0133211076,0.0175823026
1.3583333333,0.0044213526,0.0131633549,0.0175847075
1.3585000000,0.0045835438,0.0130036490,0.0175871929
1.3586666667,0.0047476993,0.0128420601,0.0175897594
1.3588333333,0.0049137490,0.0126786587,0.0175924077
1.3590000000,0.0050816218,0.0125135161,0.0175951379
1.3591666667,0.0052512459,0.0123467041,0.0175979500
1.3593333333,0.0054225486,0.0121782960,0.0176008446
1.3595000000,0.0055954564,0.0120083660,0.0176038225
1.3596666667,0.0057698953,0.0118369895,0.0176068848
1.3598333333,0.0059457903,0.0116642420,0.0176100323
1.3600000000,0.0061230658,0.0114901996,0.0176132654
1.3601666667,0.0063016455,0.0113149386,0.0176165841
1.3603333333,0.0064814527,0.0111385357,0.0176199884
1.3605000000,0.0066624101,0.0109610688,0.0176234788
1.3606666667,0.0068444396,0.0107826164,0.0176270560
1.3608333333,0.0070274628,0.0106032576,0.0176307204
1.3610000000,0.0072114008,0.0104230717,0.0176344725
1.3611666667,0.0073961742,0.0102421377,0.0176383119
1.3613333333,0.0075817031,0.0100605353,0.0176422384
1.3615000000,0.0077679075,0.0098783444,0.0176462518
1.3616666667,0.0079547068,0.0096956455,0.0176503523
1.3618333333,0.0081420202,0.0095125198,0.0176545401
1.3620000000,0.0083297668,0.0093290485,0.0176588153
1.3621666667,0.0085178653,0.0091453129,0.0176631782
1.3623333333,0.0087062341,0.0089613945,0.0176676286
1.3625000000,0.0088947916,0.0087773751,0.0176721668
1.3626666667,0.0090834561,0.0085933365,0.0176767926
1.3628333333,0.0092721457,0.0084093602,0.0176815059
1.3630000000,0.0094607784,0.0082255278,0.0176863062
1.3631666667,0.0096492723,0.0080419202,0.0176911925
1.3633333333,0.0098375455,0.0078586186,0.0176961641
1.3635000000,0.0100255162,0.0076757044,0.0177012207
1.3636666667,0.0102131027,0.0074932595,0.0177063621
1.3638333333,0.0104002233,0.0073113653,0.0177115887
1.3640000000,0.0105867966,0.0071301034,0.0177169000
1.3641666667,0.0107727413,0.0069495544,0.0177222957
1.3643333333,0.0109579764,0.0067697985,0.0177277748
1.3645000000,0.0111424210,0.0065909157,0.0177333367
1.3646666667,0.0113259948,0.0064129861,0.0177389809
1.3648333333,0.0115086175,0.0062360893,0.0177447069
1.3650000000,0.0116902096,0.0060603044,0.0177505140
1.3651666667,0.0118706916,0.0058857098,0.0177564014
1.3653333333,0.0120499847,0.0057123831,0.0177623678
1.3655000000,0.0122280106,0.0055404017,0.0177684123
1.3656666667,0.0124046914,0.0053698428,0.0177745342
1.3658333333,0.0125799497,0.0052007831,0.0177807328
1.3660000000,0.0127537087,0.0050332986,0.0177870074
1.3661666667,0.0129258925,0.0048674647,0.0177933572
1.3663333333,0.0130964254,0.0047033556,0.0177997810
1.3665000000,0.0132652328,0.0045410451,0.0178062778
1.3666666667,0.0134322405,0.0043806065,0.0178128470
1.3668333333,0.0135973754,0.0042221124,0.0178194877
1.3670000000,0.0137605648,0.0040656344,0.0178261992
1.3671666667,0.0139217371,0.0039112429,0.0178329800
1.3673333333,0.0140808214,0.0037590068,0.0178398283
1.3675000000,0.0142377479,0.0036089944,0.0178467422
1.3676666667,0.0143924473,0.0034612730,0.0178537203
1.3678333333,0.0145448516,0.0033159098,0.0178607614
1.3680000000,0.0146948937,0.0031729715,0.0178678652
1.3681666667,0.0148425073,0.0030325236,0.0178750310
1.3683333333,0.0149876276,0.0028946303,0.0178822579
1.3685000000,0.0151301903,0.0027593542,0.0178895445
1.3686666667,0.0152701327,0.0026267563,0.0178968890
1.3688333333,0.0154073928,0.0024968966,0.0179042893
1.3690000000,0.0155419099,0.0023698339,0.0179117438
1.3691666667,0.0156736246,0.0022456266,0.0179192512
1.3693333333,0.0158024785,0.0021243318,0.0179268103
1.3695000000,0.0159284146,0.0020060053,0.0179344198
1.3696666667,0.0160513770,0.0018907011,0.0179420781
1.3698333333,0.0161713112,0.0017784721,0.0179497832
1.3700000000,0.0162881640,0.0016693693,0.0179575333
1.3701666667,0.0164018835,0.0015634433,0.0179653268
1.3703333333,0.0165124190,0.0014607435,0.0179731626
1.3705000000,0.0166197215,0.0013613183,0.0179810398
1.3706666667,0.0167237431,0.0012652142,0.0179889573
1.3708333333,0.0168244373,0.0011724761,0.0179969134
1.3710000000,0.0169217593,0.0010831465,0.0180049058
1.3711666667,0.0170156656,0.0009972665,0.0180129321
1.3713333333,0.0171061141,0.0009148760,0.0180209901
1.3715000000,0.0171930645,0.0008360139,0.0180290783
1.3716666667,0.0172764776,0.0007607177,0.0180371953
1.3718333333,0.0173563161,0.0006890233,0.0180453395
1.3720000000,0.0174325441,0.0006209649,0.0180535090
1.3721666667,0.0175051270,0.0005565750,0.0180617020
1.3723333333,0.0175740323,0.0004958848,0.0180699170
1.3725000000,0.0176392287,0.0004389241,0.0180781528
1.3726666667,0.0177006867,0.0003857214,0.0180864082
1.3728333333,0.0177583785,0.0003363031,0.0180946816
1.3730000000,0.0178122777,0.0002906930,0.0181029707
1.3731666667,0.0178623597,0.0002489129,0.0181112726
1.3733333333,0.0179086015,0.0002109831,0.0181195846
1.3735000000,0.0179509819,0.0001769227,0.0181279047
1.3736666667,0.0179894812,0.0001467503,0.0181362316
1.3738333333,0.0180240816,0.0001204828,0.0181445643
1.3740000000,0.0180547667,0.0000981350,0.0181529017
1.3741666667,0.0180815223,0.0000797197,0.0181612419
1.3743333333,0.0181043354,0.0000652476,0.0181695830
1.3745000000,0.0181231951,0.0000547276,0.0181779227
1.3746666667,0.0181380920,0.0000481675,0.0181862594
1.3748333333,0.0181490184,0.0000455730,0.0181945914
1.3750000000,0.0181559687,0.0000469482,0.0182029169
1.3751666667,0.0181589386,0.0000522952,0.0182112338
1.3753333333,0.0181579259,0.0000616140,0.0182195398
1.3755000000,0.0181529298,0.0000749031,0.0182278329
1.3756666667,0.0181439517,0.0000921596,0.0182361113
1.3758333333,0.0181309943,0.0001133790,0.0182443733
1.3760000000,0.0181140623,0.0001385553,0.0182526176
1.3761666667,0.0180931621,0.0001676805,0.0182608426
1.3763333333,0.0180683017,0.0002007451,0.0182690468
1.3765000000,0.0180394912,0.0002377377,0.0182772289
1.3766666667,0.0180067421,0.0002786454,0.0182853875
1.3768333333,0.0179700677,0.0003234531,0.0182935207
1.3770000000,0.0179294832,0.0003721433,0.0183016265
1.3771666667,0.0178850053,0.0004246967,0.0183097020
1.3773333333,0.0178366527,0.0004810924,0.0183177450
1.3775000000,0.0177844454,0.0005413084,0.0183257537
1.3776666667,0.0177284054,0.0006053217,0.0183337271
1.3778333333,0.0176685564,0.0006731082,0.0183416646
1.3780000000,0.0176049237,0.0007446416,0.0183495653
1.3781666667,0.0175375344,0.0008198936,0.0183574279
1.3783333333,0.0174664170,0.0008988336,0.0183652506
1.3785000000,0.0173916018,0.0009814294,0.0183730312
1.3786666667,0.0173131209,0.0010676474,0.0183807682
1.3788333333,0.0172310077,0.0011574525,0.0183884601
1.3790000000,0.0171452975,0.0012508081,0.0183961055
1.3791666667,0.0170560270,0.0013476758,0.0184037028
1.3793333333,0.0169632346,0.0014480157,0.0184112503
1.3795000000,0.0168669602,0.0015517862,0.0184187465
1.3796666667,0.0167672455,0.0016589449,0.0184261904
1.3798333333,0.0166641332,0.0017694480,0.0184335813
1.3800000000,0.0165576681,0.0018832504,0.0184409185
1.3801666667,0.0164478960,0.0020003051,0.0184482011
1.3803333333,0.0163348645,0.0021205632,0.0184554278
1.3805000000,0.0162186226,0.0022439744,0.0184625970
1.3806666667,0.0160992206,0.0023704867,0.0184697072
1.3808333333,0.0159767103,0.0025000469,0.0184767573
1.3810000000,0.0158511451,0.0026326010,0.0184837461
1.3811666667,0.0157225795,0.0027680932,0.0184906727
1.3813333333,0.0155910693,0.0029064670,0.0184975363
1.3815000000,0.0154566718,0.0030476641,0.0185043359
1.3816666667,0.0153194455,0.0031916252,0.0185110707
1.3818333333,0.0151794503,0.0033382897,0.0185177400
1.3820000000,0.0150367471,0.0034875959,0.0185243430
1.3821666667,0.0148913985,0.0036394808,0.0185308793
1.3823333333,0.0147434677,0.0037938806,0.0185373483
1.3825000000,0.0145930195,0.0039507299,0.0185437494
1.3826666667,0.0144401197,0.0041099620,0.0185500817
1.3828333333,0.0142848351,0.0042715087,0.0185563437
1.3830000000,0.0141272338,0.0044353005,0.0185625342
1.3831666667,0.0139673847,0.0046012674,0.0185686521
1.3833333333,0.0138053580,0.0047693390,0.0185746970
1.3835000000,0.0136412247,0.0049394445,0.0185806692
1.3836666667,0.0134750569,0.0051115125,0.0185865694
1.3838333333,0.0133069275,0.0052854697,0.0185923972
1.3840000000,0.0131369105,0.0054612413,0.0185981518
1.3841666667,0.0129650805,0.0056387511,0.0186038316
1.3843333333,0.0127915131,0.0058179220,0.0186094351
1.3845000000,0.0126162847,0.0059986771,0.0186149618
1.3846666667,0.0124394723,0.0061809394,0.0186204117
1.3848333333,0.0122611541,0.0063646311,0.0186257852
1.3850000000,0.0120814084,0.0065496735,0.0186310819
1.3851666667,0.0119003146,0.0067359864,0.0186363010
1.3853333333,0.0117179526,0.0069234889,0.0186414415
1.3855000000,0.0115344029,0.0071120997,0.0186465026
1.3856666667,0.0113497465,0.0073017379,0.0186514844
1.3858333333,0.0111640649,0.0074923221,0.0186563871
1.3860000000,0.0109774404,0.0076837701,0.0186612105
1.3861666667,0.0107899553,0.0078759986,0.0186659539
1.3863333333,0.0106016928,0.0080689234,0.0186706162
1.3865000000,0.0104127361,0.0082624604,0.0186751965
1.3866666667,0.0102231689,0.0084565256,0.0186796945
1.3868333333,0.0100330752,0.0086510351,0.0186841103
1.3870000000,0.0098425393,0.0088459048,0.0186884440
1.3871666667,0.0096516456,0.0090410499,0.0186926955
1.3873333333,0.0094604789,0.0092363851,0.0186968640
1.3875000000,0.0092691240,0.0094318250,0.0187009490
1.3876666667,0.0090776659,0.0096272845,0.0187049504
1.3878333333,0.0088861897,0.0098226788,0.0187088685
1.3880000000,0.0086947805,0.0100179226,0.0187127032
1.3881666667,0.0085035235,0.0102129307,0.0187164542
1.3883333333,0.0083125037,0.0104076174,0.0187201210
1.3885000000,0.0081218061,0.0106018970,0.0187237031
1.3886666667,0.0079315157,0.0107956848,0.0187272005
1.3888333333,0.0077417172,0.0109888966,0.0187306138
1.3890000000,0.0075524953,0.0111814483,0.0187339436
1.3891666667,0.0073639343,0.0113732562,0.0187371905
1.3893333333,0.0071761184,0.0115642361,0.0187403545
1.3895000000,0.0069891314,0.0117543041,0.0187434355
1.3896666667,0.0068030569,0.0119433768,0.0187464337
1.3898333333,0.0066179779,0.0121313715,0.0187493494
1.3900000000,0.0064339772,0.0123182061,0.0187521833
1.3901666667,0.0062511370,0.0125037987,0.0187549358
1.3903333333,0.0060695393,0.0126880681,0.0187576073
1.3905000000,0.0058892653,0.0128709334,0.0187601987
1.3906666667,0.0057103957,0.0130523149,0.0187627106
1.3908333333,0.0055330107,0.0132321336,0.0187651444
1.3910000000,0.0053571899,0.0134103111,0.0187675010
1.3911666667,0.0051830122,0.0135867691,0.0187697813
1.3913333333,0.0050105557,0.0137614300,0.0187719856
1.3915000000,0.0048398979,0.0139342167,0.0187741145
1.3916666667,0.0046711154,0.0141050534,0.0187761688
1.3918333333,0.0045042843,0.0142738655,0.0187781498
1.3920000000,0.0043394796,0.0144405792,0.0187800588
1.3921666667,0.0041767755,0.0146051217,0.0187818972
1.3923333333,0.0040162453,0.0147674206,0.0187836658
1.3925000000,0.0038579613,0.0149274041,0.0187853654
1.3926666667,0.0037019951,0.0150850018,0.0187869968
1.3928333333,0.0035484170,0.0152401444,0.0187885614
1.3930000000,0.0033972965,0.0153927642,0.0187900607
1.3931666667,0.0032487019,0.0155427940,0.0187914959
1.3933333333,0.0031027006,0.0156901677,0.0187928683
1.3935000000,0.0029593587,0.0158348198,0.0187941786
1.3936666667,0.0028187413,0.0159766863,0.0187954275
1.3938333333,0.0026809121,0.0161157041,0.0187966162
1.3940000000,0.0025459339,0.0162518119,0.0187977458
1.3941666667,0.0024138682,0.0163849498,0.0187988180
1.3943333333,0.0022847750,0.0165150591,0.0187998341
1.3945000000,0.0021587135,0.0166420821,0.0188007956
1.3946666667,0.0020357413,0.0167659624,0.0188017036
1.3948333333,0.0019159146,0.0168866448,0.0188025594
1.3950000000,0.0017992884,0.0170040755,0.0188033639
1.3951666667,0.0016859163,0.0171182022,0.0188041185
1.3953333333,0.0015758506,0.0172289739,0.0188048245
1.3955000000,0.0014691420,0.0173363411,0.0188054831
1.3956666667,0.0013658398,0.0174402561,0.0188060959
1.3958333333,0.0012659919,0.0175406726,0.0188066645
1.3960000000,0.0011696447,0.0176375456,0.0188071903
1.3961666667,0.0010768431,0.0177308318,0.0188076749
1.3963333333,0.0009876304,0.0178204895,0.0188081199
1.3965000000,0.0009020483,0.0179064784,0.0188085267
1.3966666667,0.0008201371,0.0179887599,0.0188088970
1.3968333333,0.0007419354,0.0180672971,0.0188092325
1.3970000000,0.0006674803,0.0181420545,0.0188095347
1.3971666667,0.0005968069,0.0182129983,0.0188098053
1.3973333333,0.0005299492,0.0182800965,0.0188100458
1.3975000000,0.0004669391,0.0183433187,0.0188102578
1.3976666667,0.0004078069,0.0184026364,0.0188104433
1.3978333333,0.0003525814,0.0184580227,0.0188106041
1.3980000000,0.0003012895,0.0185094524,0.0188107419
1.3981666667,0.0002539565,0.0185569021,0.0188108586
1.3983333333,0.0002106059,0.0186003499,0.0188109557
1.3985000000,0.0001712594,0.0186397757,0.0188110351
1.3986666667,0.0001359373,0.0186751613,0.0188110985
1.3988333333,0.0001046576,0.0187064901,0.0188111477
1.3990000000,0.0000774369,0.0187337476,0.0188111845
1.3991666667,0.0000542901,0.0187569206,0.0188112107
1.3993333333,0.0000352301,0.0187759979,0.0188112281
1.3995000000,0.0000202682,0.0187909701,0.0188112383
1.3996666667,0.0000094138,0.0188018296,0.0188112434
1.3998333333,0.0000026744,0.0188085707,0.0188112451
1.4000000000,0.0000000561,0.0188111892,0.0188112453
1.4001666667,0.0000015628,0.0188096831,0.0188112459
1.4003333333,0.0000071969,0.0188040517,0.0188112487
1.4005000000,0.0000169590,0.0187942966,0.0188112556
1.4006666667,0.0000308476,0.0187804210,0.0188112685
1.4008333333,0.0000488596,0.0187624300,0.0188112896
1.4010000000,0.0000709902,0.0187403305,0.0188113206
1.4011666667,0.0000972326,0.0187141311,0.0188113637
1.4013333333,0.0001275782,0.0186838425,0.0188114207
1.4015000000,0.0001620168,0.0186494769,0.0188114937
1.4016666667,0.0002005363,0.0186110485,0.0188115848
1.4018333333,0.0002431228,0.0185685733,0.0188116960
1.4020000000,0.0002897605,0.0185220690,0.0188118295
1.4021666667,0.0003404320,0.0184715551,0.0188119871
1.4023333333,0.0003951181,0.0184170530,0.0188121711
1.4025000000,0.0004537978,0.0183585857,0.0188123835
1.4026666667,0.0005164484,0.0182961782,0.0188126266
1.4028333333,0.0005830453,0.0182298572,0.0188129025
1.4030000000,0.0006535624,0.0181596507,0.0188132132
1.4031666667,0.0007279718,0.0180855889,0.0188135608
1.4033333333,0.0008062438,0.0180077035,0.0188139473
1.4035000000,0.0008883471,0.0179260278,0.0188143749
1.4036666667,0.0009742486,0.0178405971,0.0188148457
1.4038333333,0.0010639137,0.0177514480,0.0188153617
1.4040000000,0.0011573060,0.0176586188,0.0188159248
1.4041666667,0.0012543875,0.0175621494,0.0188165368
1.4043333333,0.0013551184,0.0174620816,0.0188172000
1.4045000000,0.0014594575,0.0173584590,0.0188179165
1.4046666667,0.0015673618,0.0172513269,0.0188186887
1.4048333333,0.0016787867,0.0171407318,0.0188195186
1.4050000000,0.0017936861,0.0170267219,0.0188204080
1.4051666667,0.0019120121,0.0169093465,0.0188213586
1.4053333333,0.0020337157,0.0167886565,0.0188223722
1.4055000000,0.0021587458,0.0166647047,0.0188234506
1.4056666667,0.0022870503,0.0165375456,0.0188245959
1.4058333333,0.0024185753,0.0164072349,0.0188258102
1.4060000000,0.0025532654,0.0162738298,0.0188270953
1.4061666667,0.0026910641,0.0161373887,0.0188284528
1.4063333333,0.0028319133,0.0159979711,0.0188298844
1.4065000000,0.0029757535,0.0158556381,0.0188313917
1.4066666667,0.0031225241,0.0157104523,0.0188329764
1.4068333333,0.0032721628,0.0155624774,0.0188346402
1.4070000000,0.0034246064,0.0154117781,0.0188363845
1.4071666667,0.0035797901,0.0152584203,0.0188382104
1.4073333333,0.0037376484,0.0151024707,0.0188401191
1.4075000000,0.0038981140,0.0149439974,0.0188421114
1.4076666667,0.0040611190,0.0147830695,0.0188441885
1.4078333333,0.0042265941,0.0146197575,0.0188463516
1.4080000000,0.0043944688,0.0144541328,0.0188486016
1.4081666667,0.0045646716,0.0142862679,0.0188509395
1.4083333333,0.0047371301,0.0141162361,0.0188533662
1.4085000000,0.0049117708,0.0139441116,0.0188558823
1.4086666667,0.0050885191,0.0137699696,0.0188584886
1.4088333333,0.0052672995,0.0135938863,0.0188611858
1.4090000000,0.0054480358,0.0134159386,0.0188639744
1.4091666667,0.0056306506,0.0132362043,0.0188668549
1.4093333333,0.0058150657,0.0130547621,0.0188698279
1.4095000000,0.0060012022,0.0128716914,0.0188728937
1.4096666667,0.0061889803,0.0126870726,0.0188760529
1.4098333333,0.0063783194,0.0125009870,0.0188793064
1.4100000000,0.0065691382,0.0123135167,0.0188826549
1.4101666667,0.0067613547,0.0121247450,0.0188860997
1.4103333333,0.0069548862,0.0119347554,0.0188896416
1.4105000000,0.0071496493,0.0117436322,0.0188932814
1.4106666667,0.0073455601,0.0115514595,0.0188970195
1.4108333333,0.0075425341,0.0113583221,0.0189008561
1.4110000000,0.0077404862,0.0111643053,0.0189047916
1.4111666667,0.0079393310,0.0109694956,0.0189088266
1.4113333333,0.0081389826,0.0107739797,0.0189129623
1.4115000000,0.0083393546,0.0105778453,0.0189171998
1.4116666667,0.0085403603,0.0103811797,0.0189215400
1.4118333333,0.0087419127,0.0101840705,0.0189259831
1.4120000000,0.0089439244,0.0099866050,0.0189305294
1.4121666667,0.0091463081,0.0097888710,0.0189351791
1.4123333333,0.0093489760,0.0095909568,0.0189399328
1.4125000000,0.0095518401,0.0093929510,0.0189447911
1.4126666667,0.0097548125,0.0091949420,0.0189497545
1.4128333333,0.0099578049,0.0089970180,0.0189548229
1.4130000000,0.0101607293,0.0087992667,0.0189599959
1.4131666667,0.0103634973,0.0086017758,0.0189652730
1.4133333333,0.0105660206,0.0084046334,0.0189706540
1.4135000000,0.0107682112,0.0082079279,0.0189761391
1.4136666667,0.0109699809,0.0080117479,0.0189817288
1.4138333333,0.0111712417,0.0078161816,0.0189874233
1.4140000000,0.0113719059,0.0076213163,0.0189932222
1.4141666667,0.0115718858,0.0074272390,0.0189991248
1.4143333333,0.0117710940,0.0072340364,0.0190051304
1.4145000000,0.0119694438,0.0070417944,0.0190112382
1.4146666667,0.0121668483,0.0068505989,0.0190174472
1.4148333333,0.0123632214,0.0066605351,0.0190237565
1.4150000000,0.0125584774,0.0064716879,0.0190301653
1.4151666667,0.0127525310,0.0062841418,0.0190366728
1.4153333333,0.0129452973,0.0060979813,0.0190432786
1.4155000000,0.0131366921,0.0059132899,0.0190499821
1.4156666667,0.0133266318,0.0057301508,0.0190567826
1.4158333333,0.0135150333,0.0055486455,0.0190636789
1.4160000000,0.0137018142,0.0053688548,0.0190706690
1.4161666667,0.0138868927,0.0051908585,0.0190777512
1.4163333333,0.0140701879,0.0050147359,0.0190849238
1.4165000000,0.0142516194,0.0048405663,0.0190921857
1.4166666667,0.0144311076,0.0046684282,0.0190995359
1.4168333333,0.0146085740,0.0044983994,0.0191069734
1.4170000000,0.0147839405,0.0043305563,0.0191144968
1.4171666667,0.0149571302,0.0041649744,0.0191221047
1.4173333333,0.0151280672,0.0040017287,0.0191297958
1.4175000000,0.0152966761,0.0038408931,0.0191375692
1.4176666667,0.0154628830,0.0036825411,0.0191454241
1.4178333333,0.0156266147,0.0035267447,0.0191533594
1.4180000000,0.0157877992,0.0033735748,0.0191613740
1.4181666667,0.0159463655,0.0032231007,0.0191694662
1.4183333333,0.0161022437,0.0030753911,0.0191776348
1.4185000000,0.0162553653,0.0029305134,0.0191858787
1.4186666667,0.0164056626,0.0027885344,0.0191941969
1.4188333333,0.0165530693,0.0026495195,0.0192025888
1.4190000000,0.0166975205,0.0025135329,0.0192110534
1.4191666667,0.0168389522,0.0023806374,0.0192195896
1.4193333333,0.0169773020,0.0022508941,0.0192281961
1.4195000000,0.0171125087,0.0021243629,0.0192368716
1.4196666667,0.0172445125,0.0020011017,0.0192456142
1.4198333333,0.0173732549,0.0018811667,0.0192544216
1.4200000000,0.0174986789,0.0017646124,0.0192632914
1.4201666667,0.0176207290,0.0016514917,0.0192722208
1.4203333333,0.0177393510,0.0015418563,0.0192812074
1.4205000000,0.0178544923,0.0014357567,0.0192902491
1.4206666667,0.0179661018,0.0013332422,0.0192993439
1.4208333333,0.0180741299,0.0012343601,0.0193084899
1.4210000000,0.0181785286,0.0011391560,0.0193176845
1.4211666667,0.0182792514,0.0010476734,0.0193269248
1.4213333333,0.0183762536,0.0009599538,0.0193362074
1.4215000000,0.0184694920,0.0008760371,0.0193455291
1.4216666667,0.0185589250,0.0007959618,0.0193548867
1.4218333333,0.0186445125,0.0007197650,0.0193642776
1.4220000000,0.0187262165,0.0006474829,0.0193736994
1.4221666667,0.0188040002,0.0005791501,0.0193831503
1.4223333333,0.0188778288,0.0005148000,0.0193926288
1.4225000000,0.0189476690,0.0004544639,0.0194021329
1.4226666667,0.0190134893,0.0003981710,0.0194116603
1.4228333333,0.0190752600,0.0003459483,0.0194212083
1.4230000000,0.0191329531,0.0002978212,0.0194307743
1.4231666667,0.0191865425,0.0002538139,0.0194403565
1.4233333333,0.0192360038,0.0002139494,0.0194499532
1.4235000000,0.0192813144,0.0001782487,0.0194595631
1.4236666667,0.0193224536,0.0001467306,0.0194691842
1.4238333333,0.0193594026,0.0001194115,0.0194788141
1.4240000000,0.0193921442,0.0000963057,0.0194884500
1.4241666667,0.0194206634,0.0000774259,0.0194980894
1.4243333333,0.0194449468,0.0000627837,0.0195077305
1.4245000000,0.0194649829,0.0000523892,0.0195173721
1.4246666667,0.0194807620,0.0000462504,0.0195270124
1.4248333333,0.0194922763,0.0000443725,0.0195366488
1.4250000000,0.0194995198,0.0000467582,0.0195462780
1.4251666667,0.0195024883,0.0000534082,0.0195558965
1.4253333333,0.0195011797,0.0000643217,0.0195655014
1.4255000000,0.0194955935,0.0000794972,0.0195750906
1.4256666667,0.0194857312,0.0000989313,0.0195846625
1.4258333333,0.0194715963,0.0001226189,0.0195942152
1.4260000000,0.0194531940,0.0001505524,0.0196037464
1.4261666667,0.0194305316,0.0001827219,0.0196132536
1.4263333333,0.0194036181,0.0002191161,0.0196227342
1.4265000000,0.0193724645,0.0002597218,0.0196321863
1.4266666667,0.0193370835,0.0003045243,0.0196416078
1.4268333333,0.0192974899,0.0003535065,0.0196509964
1.4270000000,0.0192537002,0.0004066495,0.0196603497
1.4271666667,0.0192057326,0.0004639329,0.0196696655
1.4273333333,0.0191536073,0.0005253350,0.0196789423
1.4275000000,0.0190973465,0.0005908329,0.0196881794
1.4276666667,0.0190369738,0.0006604019,0.0196973758
1.4278333333,0.0189725150,0.0007340152,0.0197065302
1.4280000000,0.0189039975,0.0008116430,0.0197156405
1.4281666667,0.0188314506,0.0008932537,0.0197247043
1.4283333333,0.0187549053,0.0009788143,0.0197337196
1.4285000000,0.0186743944,0.0010682909,0.0197426853
1.4286666667,0.0185899526,0.0011616482,0.0197516007
1.4288333333,0.0185016161,0.0012588492,0.0197604652
1.4290000000,0.0184094230,0.0013598545,0.0197692775
1.4291666667,0.0183134130,0.0014646228,0.0197780358
1.4293333333,0.0182136276,0.0015731108,0.0197867384
1.4295000000,0.0181101098,0.0016852741,0.0197953839
1.4296666667,0.0180029046,0.0018010668,0.0198039714
1.4298333333,0.0178920582,0.0019204412,0.0198124994
1.4300000000,0.0177776188,0.0020433475,0.0198209663
1.4301666667,0.0176596360,0.0021697339,0.0198293698
1.4303333333,0.0175381610,0.0022995471,0.0198377080
1.4305000000,0.0174132466,0.0024327325,0.0198459791
1.4306666667,0.0172849473,0.0025692343,0.0198541816
1.4308333333,0.0171533187,0.0027089951,0.0198623139
1.4310000000,0.0170184184,0.0028519554,0.0198703738
1.4311666667,0.0168803051,0.0029980542,0.0198783592
1.4313333333,0.0167390389,0.0031472290,0.0198862678
1.4315000000,0.0165946814,0.0032994166,0.0198940980
1.4316666667,0.0164472957,0.0034545525,0.0199018482
1.4318333333,0.0162969461,0.0036125710,0.0199095172
1.4320000000,0.0161436984,0.0037734045,0.0199171028
1.4321666667,0.0159876194,0.0039369838,0.0199246032
1.4323333333,0.0158287774,0.0041032391,0.0199320165
1.4325000000,0.0156672419,0.0042721001,0.0199393420
1.4326666667,0.0155030836,0.0044434959,0.0199465795
1.4328333333,0.0153363745,0.0046173546,0.0199537292
1.4330000000,0.0151671878,0.0047936026,0.0199607903
1.4331666667,0.0149955975,0.0049721643,0.0199677618
1.4333333333,0.0148216790,0.0051529630,0.0199746420
1.4335000000,0.0146455085,0.0053359211,0.0199814296
1.4336666667,0.0144671636,0.0055209606,0.0199881242
1.4338333333,0.0142867224,0.0057080032,0.0199947256
1.4340000000,0.0141042643,0.0058969694,0.0200012337
1.4341666667,0.0139198695,0.0060877788,0.0200076483
1.4343333333,0.0137336190,0.0062803495,0.0200139685
1.4345000000,0.0135455949,0.0064745984,0.0200201932
1.4346666667,0.0133558797,0.0066704417,0.0200263215
1.4348333333,0.0131645572,0.0068677949,0.0200323522
1.4350000000,0.0129717117,0.0070665726,0.0200382843
1.4351666667,0.0127774281,0.0072666889,0.0200441170
1.4353333333,0.0125817921,0.0074680574,0.0200498496
1.4355000000,0.0123848902,0.0076705915,0.0200554817
1.4356666667,0.0121868091,0.0078742041,0.0200610133
1.4358333333,0.0119876364,0.0080788079,0.0200664443
1.4360000000,0.0117874600,0.0082843146,0.0200717746
1.4361666667,0.0115863684,0.0084906355,0.0200770039
1.4363333333,0.0113844504,0.0086976817,0.0200821321
1.4365000000,0.0111817954,0.0089053641,0.0200871595
1.4366666667,0.0109784928,0.0091135935,0.0200920864
1.4368333333,0.0107746327,0.0093222805,0.0200969133
1.4370000000,0.0105703055,0.0095313350,0.0201016404
1.4371666667,0.0103656015,0.0097406664,0.0201062679
1.4373333333,0.0101606117,0.0099501841,0.0201107958
1.4375000000,0.0099554269,0.0101597977,0.0201152246
1.4376666667,0.0097501382,0.0103694167,0.0201195549
1.4378333333,0.0095448369,0.0105789503,0.0201237872
1.4380000000,0.0093396140,0.0107883074,0.0201279214
1.4381666667,0.0091345608,0.0109973966,0.0201319573
1.4383333333,0.0089297683,0.0112061262,0.0201358945
1.4385000000,0.0087253276,0.0114144051,0.0201397327
1.4386666667,0.0085213297,0.0116221422,0.0201434719
1.4388333333,0.0083178652,0.0118292472,0.0201471124
1.4390000000,0.0081150248,0.0120356296,0.0201506544
1.4391666667,0.0079128988,0.0122411993,0.0201540981
1.4393333333,0.0077115774,0.0124458664,0.0201574438
1.4395000000,0.0075111503,0.0126495418,0.0201606921
1.4396666667,0.0073117070,0.0128521369,0.0201638439
1.4398333333,0.0071133364,0.0130535638,0.0201669002
1.4400000000,0.0069161273,0.0132537346,0.0201698619
1.4401666667,0.0067201676,0.0134525617,0.0201727293
1.4403333333,0.0065255450,0.0136499580,0.0201755030
1.4405000000,0.0063323465,0.0138458375,0.0201781840
1.4406666667,0.0061406586,0.0140401154,0.0201807740
1.4408333333,0.0059505671,0.0142327078,0.0201832748
1.4410000000,0.0057621572,0.0144235312,0.0201856883
1.4411666667,0.0055755134,0.0146125024,0.0201880158
1.4413333333,0.0053907196,0.0147995385,0.0201902581
1.4415000000,0.0052078588,0.0149845573,0.0201924160
1.4416666667,0.0050270131,0.0151674776,0.0201944907
1.4418333333,0.0048482640,0.0153482194,0.0201964833
1.4420000000,0.0046716918,0.0155267036,0.0201983954
1.4421666667,0.0044973761,0.0157028520,0.0202002281
1.4423333333,0.0043253955,0.0158765873,0.0202019828
1.4425000000,0.0041558276,0.0160478329,0.0202036605
1.4426666667,0.0039887489,0.0162165136,0.0202052625
1.4428333333,0.0038242350,0.0163825552,0.0202067901
1.4430000000,0.0036623603,0.0165458846,0.0202082449
1.4431666667,0.0035031981,0.0167064299,0.0202096279
1.4433333333,0.0033468205,0.0168641200,0.0202109406
1.4435000000,0.0031932985,0.0170188854,0.0202121840
1.4436666667,0.0030427019,0.0171706578,0.0202133596
1.4438333333,0.0028950989,0.0173193701,0.0202144690
1.4440000000,0.0027505568,0.0174649571,0.0202155139
1.4441666667,0.0026091414,0.0176073545,0.0202164959
1.4443333333,0.0024709172,0.0177464996,0.0202174168
1.4445000000,0.0023359474,0.0178823308,0.0202182782
1.4446666667,0.0022042937,0.0180147883,0.0202190820
1.4448333333,0.0020760164,0.0181438137,0.0202198301
1.4450000000,0.0019511745,0.0182693499,0.0202205244
1.4451666667,0.0018298253,0.0183913414,0.0202211667
1.4453333333,0.0017120247,0.0185097340,0.0202217587
1.4455000000,0.0015978270,0.0186244751,0.0202223022
1.4456666667,0.0014872850,0.0187355140,0.0202227990
1.4458333333,0.0013804498,0.0188428015,0.0202232513
1.4460000000,0.0012773711,0.0189462901,0.0202236612
1.4461666667,0.0011780968,0.0190459341,0.0202240308
1.4463333333,0.0010826732,0.0191416889,0.0202243621
1.4465000000,0.0009911451,0.0192335117,0.0202246569
1.4466666667,0.0009035555,0.0193213614,0.0202249169
1.4468333333,0.0008199456,0.0194051985,0.0202251441
1.4470000000,0.0007403549,0.0194849855,0.0202253404
1.4471666667,0.0006648213,0.0195606866,0.0202255079
1.4473333333,0.0005933808,0.0196322678,0.0202256486
1.4475000000,0.0005260675,0.0196996969,0.0202257645
1.4476666667,0.0004629139,0.0197629436,0.0202258575
1.4478333333,0.0004039506,0.0198219794,0.0202259299
1.4480000000,0.0003492063,0.0198767775,0.0202259838
1.4481666667,0.0002987081,0.0199273131,0.0202260212
1.4483333333,0.0002524810,0.0199735632,0.0202260442
1.4485000000,0.0002105484,0.0200155064,0.0202260548
1.4486666667,0.0001729316,0.0200531236,0.0202260552
1.4488333333,0.0001396501,0.0200863974,0.0202260475
1.4490000000,0.0001107215,0.0201153123,0.0202260337
1.4491666667,0.0000861614,0.0201398547,0.0202260161
1.4493333333,0.0000659837,0.0201600131,0.0202259968
1.4495000000,0.0000502002,0.0201757776,0.0202259778
1.4496666667,0.0000388208,0.0201871406,0.0202259613
1.4498333333,0.0000318535,0.0201940959,0.0202259494
1.4500000000,0.0000293044,0.0201966397,0.0202259441
1.4501666667,0.0000311776,0.0201947700,0.0202259476
1.4503333333,0.0000374753,0.0201884866,0.0202259619
1.4505000000,0.0000481979,0.0201777913,0.0202259892
1.4506666667,0.0000633436,0.0201626881,0.0202260317
1.4508333333,0.0000829087,0.0201431826,0.0202260913
1.4510000000,0.0001068878,0.0201192826,0.0202261704
1.4511666667,0.0001352732,0.0200909977,0.0202262708
1.4513333333,0.0001680554,0.0200583394,0.0202263948
1.4515000000,0.0002052232,0.0200213211,0.0202265442
1.4516666667,0.0002467630,0.0199799581,0.0202267211
1.4518333333,0.0002926598,0.0199342677,0.0202269275
1.4520000000,0.0003428963,0.0198842691,0.0202271653
1.4521666667,0.0003974534,0.0198299831,0.0202274366
1.4523333333,0.0004563104,0.0197714329,0.0202277433
1.4525000000,0.0005194442,0.0197086430,0.0202280873
1.4526666667,0.0005868303,0.0196416402,0.0202284704
1.4528333333,0.0006584418,0.0195704527,0.0202288946
1.4530000000,0.0007342504,0.0194951111,0.0202293616
1.4531666667,0.0008142257,0.0194156477,0.0202298734
1.4533333333,0.0008983354,0.0193320965,0.0202304320
1.4535000000,0.0009865456,0.0192444938,0.0202310394
1.4536666667,0.0010788203,0.0191528774,0.0202316977
1.4538333333,0.0011751219,0.0190572870,0.0202324089
1.4540000000,0.0012754110,0.0189577639,0.0202331750
1.4541666667,0.0013796464,0.0188543513,0.0202339977
1.4543333333,0.0014877851,0.0187470938,0.0202348788
1.4545000000,0.0015997824,0.0186360378,0.0202358202
1.4546666667,0.0017155918,0.0185212315,0.0202368233
1.4548333333,0.0018351654,0.0184027244,0.0202378898
1.4550000000,0.0019584532,0.0182805680,0.0202390211
1.4551666667,0.0020854037,0.0181548150,0.0202402188
1.4553333333,0.0022159641,0.0180255200,0.0202414841
1.4555000000,0.0023500796,0.0178927390,0.0202428185
1.4556666667,0.0024876939,0.0177565295,0.0202442235
1.4558333333,0.0026287495,0.0176169507,0.0202457002
1.4560000000,0.0027731868,0.0174740631,0.0202472500
1.4561666667,0.0029209452,0.0173279290,0.0202488742
1.4563333333,0.0030719623,0.0171786119,0.0202505742
1.4565000000,0.0032261742,0.0170261771,0.0202523514
1.4566666667,0.0033835158,0.0168706914,0.0202542073
1.4568333333,0.0035439205,0.0167122230,0.0202561435
1.4570000000,0.0037073202,0.0165508413,0.0202581614
1.4571666667,0.0038736455,0.0163866172,0.0202602627
1.4573333333,0.0040428259,0.0162196228,0.0202624487
1.4575000000,0.0042147894,0.0160499314,0.0202647208
1.4576666667,0.0043894628,0.0158776177,0.0202670805
1.4578333333,0.0045667716,0.0157027571,0.0202695287
1.4580000000,0.0047466402,0.0155254262,0.0202720664
1.4581666667,0.0049289919,0.0153457025,0.0202746944
1.4583333333,0.0051137486,0.0151636645,0.0202774131
1.4585000000,0.0053008314,0.0149793917,0.0202802231
1.4586666667,0.0054901604,0.0147929649,0.0202831253
1.4588333333,0.0056816544,0.0146044661,0.0202861204
1.4590000000,0.0058752313,0.0144139781,0.0202892095
1.4591666667,0.0060708084,0.0142215848,0.0202923932
1.4593333333,0.0062683015,0.0140273706,0.0202956721
1.4595000000,0.0064676260,0.0138314204,0.0202990464
1.4596666667,0.0066686962,0.0136338202,0.0203025164
1.4598333333,0.0068714257,0.0134346569,0.0203060826
1.4600000000,0.0070757273,0.0132340185,0.0203097458
1.4601666667,0.0072815130,0.0130319939,0.0203135069
1.4603333333,0.0074886944,0.0128286725,0.0203173669
1.4605000000,0.0076971821,0.0126241444,0.0203213265
1.4606666667,0.0079068862,0.0124184999,0.0203253861
1.4608333333,0.0081177163,0.0122118297,0.0203295460
1.4610000000,0.0083295814,0.0120042251,0.0203338065
1.4611666667,0.0085423899,0.0117957779,0.0203381679
1.4613333333,0.0087560500,0.0115865802,0.0203426302
1.4615000000,0.0089704692,0.0113767242,0.0203471935
1.4616666667,0.0091855549,0.0111663028,0.0203518577
1.4618333333,0.0094012140,0.0109554088,0.0203566228
1.4620000000,0.0096173532,0.0107441356,0.0203614888
1.4621666667,0.0098338788,0.0105325769,0.0203664557
1.4623333333,0.0100506971,0.0103208264,0.0203715235
1.4625000000,0.0102677141,0.0101089781,0.0203766922
1.4626666667,0.0104848356,0.0098971259,0.0203819615
1.4628333333,0.0107019675,0.0096853634,0.0203873309
1.4630000000,0.0109190154,0.0094737848,0.0203928003
1.4631666667,0.0111358852,0.0092624839,0.0203983691
1.4633333333,0.0113524827,0.0090515545,0.0204040372
1.4635000000,0.0115687137,0.0088410902,0.0204098039
1.4636666667,0.0117844843,0.0086311845,0.0204156688
1.4638333333,0.0119997006,0.0084219310,0.0204216316
1.4640000000,0.0122142689,0.0082134232,0.0204276921
1.4641666667,0.0124280959,0.0080057543,0.0204338502
1.4643333333,0.0126410883,0.0077990171,0.0204401055
1.4645000000,0.0128531535,0.0075933035,0.0204464570
1.4646666667,0.0130641989,0.0073887047,0.0204529036
1.4648333333,0.0132741326,0.0071853115,0.0204594441
1.4650000000,0.0134828629,0.0069832145,0.0204660774
1.4651666667,0.0136902989,0.0067825043,0.0204728033
1.4653333333,0.0138963500,0.0065832712,0.0204796212
1.4655000000,0.0141009262,0.0063856046,0.0204865308
1.4656666667,0.0143039382,0.0061895930,0.0204935312
1.4658333333,0.0145052971,0.0059953241,0.0205006212
1.4660000000,0.0147049149,0.0058028848,0.0205077997
1.4661666667,0.0149027043,0.0056123611,0.0205150653
1.4663333333,0.0150985787,0.0054238385,0.0205224172
1.4665000000,0.0152924524,0.0052374015,0.0205298539
1.4666666667,0.0154842405,0.0050531336,0.0205373741
1.4668333333,0.0156738591,0.0048711177,0.0205449767
1.4670000000,0.0158612249,0.0046914358,0.0205526607
1.4671666667,0.0160462558,0.0045141694,0.0205604252
1.4673333333,0.0162288707,0.0043393988,0.0205682695
1.4675000000,0.0164089894,0.0041672029,0.0205761923
1.4676666667,0.0165865327,0.0039976588,0.0205841915
1.4678333333,0.0167614227,0.0038308424,0.0205922650
1.4680000000,0.0169335825,0.0036668284,0.0206004109
1.4681666667,0.0171029365,0.0035056913,0.0206086278
1.4683333333,0.0172694102,0.0033475045,0.0206169147
1.4685000000,0.0174329303,0.0031923401,0.0206252704
1.4686666667,0.0175934249,0.0030402686,0.0206336935
1.4688333333,0.0177508232,0.0028913585,0.0206421817
1.4690000000,0.0179050559,0.0027456774,0.0206507333
1.4691666667,0.0180560548,0.0026032917,0.0206593466
1.4693333333,0.0182037535,0.0024642672,0.0206680207
1.4695000000,0.0183480867,0.0023286678,0.0206767545
1.4696666667,0.0184889907,0.0021965559,0.0206855466
1.4698333333,0.0186264031,0.0020679915,0.0206943946
1.4700000000,0.0187602633,0.0019430331,0.0207032964
1.4701666667,0.0188905120,0.0018217380,0.0207122500
1.4703333333,0.0190170915,0.0017041627,0.0207212542
1.4705000000,0.0191399457,0.0015903622,0.0207303080
1.4706666667,0.0192590202,0.0014803898,0.0207394100
1.4708333333,0.0193742621,0.0013742959,0.0207485579
1.4710000000,0.0194856201,0.0012721287,0.0207577488
1.4711666667,0.0195930448,0.0011739346,0.0207669794
1.4713333333,0.0196964884,0.0010797589,0.0207762473
1.4715000000,0.0197959050,0.0009896454,0.0207855504
1.4716666667,0.0198912500,0.0009036370,0.0207948870
1.4718333333,0.0199824811,0.0008217744,0.0208042555
1.4720000000,0.0200695575,0.0007440966,0.0208136541
1.4721666667,0.0201524401,0.0006706406,0.0208230807
1.4723333333,0.0202310918,0.0006014419,0.0208325337
1.4725000000,0.0203054773,0.0005365341,0.0208420114
1.4726666667,0.0203755633,0.0004759492,0.0208515124
1.4728333333,0.0204413181,0.0004197168,0.0208610348
1.4730000000,0.0205027120,0.0003678646,0.0208705766
1.4731666667,0.0205597174,0.0003204184,0.0208801358
1.4733333333,0.0206123083,0.0002774022,0.0208897105
1.4735000000,0.0206604609,0.0002388383,0.0208992992
1.4736666667,0.0207041531,0.0002047468,0.0209088999
1.4738333333,0.0207433648,0.0001751454,0.0209185102
1.4740000000,0.0207780780,0.0001500490,0.0209281270
1.4741666667,0.0208082765,0.0001294706,0.0209377472
1.4743333333,0.0208339463,0.0001134215,0.0209473678
1.4745000000,0.0208550751,0.0001019112,0.0209569863
1.4746666667,0.0208716528,0.0000949478,0.0209666006
1.4748333333,0.0208836713,0.0000925373,0.0209762087
1.4750000000,0.0208911243,0.0000946841,0.0209858085
1.4751666667,0.0208940077,0.0001013905,0.0209953982
1.4753333333,0.0208923192,0.0001126570,0.0210049762
1.4755000000,0.0208860587,0.0001284826,0.0210145413
1.4756666667,0.0208752280,0.0001488640,0.0210240920
1.4758333333,0.0208598310,0.0001737957,0.0210336267
1.4760000000,0.0208398735,0.0002032700,0.0210431436
1.4761666667,0.0208153635,0.0002372769,0.0210526404
1.4763333333,0.0207863106,0.0002758045,0.0210621152
1.4765000000,0.0207527269,0.0003188391,0.0210715660
1.4766666667,0.0207146261,0.0003663646,0.0210809907
1.4768333333,0.0206720241,0.0004183629,0.0210903870
1.4770000000,0.0206249387,0.0004748134,0.0210997521
1.4771666667,0.0205733896,0.0005356935,0.0211090831
1.4773333333,0.0205173987,0.0006009788,0.0211183776
1.4775000000,0.0204569898,0.0006706435,0.0211276333
1.4776666667,0.0203921884,0.0007446598,0.0211368482
1.4778333333,0.0203230222,0.0008229980,0.0211460202
1.4780000000,0.0202495207,0.0009056265,0.0211551472
1.4781666667,0.0201717153,0.0009925121,0.0211642274
1.4783333333,0.0200896394,0.0010836204,0.0211732598
1.4785000000,0.0200033283,0.0011789153,0.0211822436
1.4786666667,0.0199128191,0.0012783590,0.0211911781
1.4788333333,0.0198181507,0.0013819113,0.0212000620
1.4790000000,0.0197193640,0.0014895290,0.0212088930
1.4791666667,0.0196165017,0.0016011669,0.0212176686
1.4793333333,0.0195096082,0.0017167783,0.0212263865
1.4795000000,0.0193987297,0.0018363153,0.0212350450
1.4796666667,0.0192839143,0.0019597287,0.0212436430
1.4798333333,0.0191652116,0.0020869673,0.0212521789
1.4800000000,0.0190426733,0.0022179776,0.0212606509
1.4801666667,0.0189163525,0.0023527040,0.0212690566
1.4803333333,0.0187863041,0.0024910892,0.0212773933
1.4805000000,0.0186525847,0.0026330745,0.0212856592
1.4806666667,0.0185152523,0.0027786005,0.0212938529
1.4808333333,0.0183743668,0.0029276064,0.0213019733
1.4810000000,0.0182299896,0.0030800299,0.0213100194
1.4811666667,0.0180821835,0.0032358068,0.0213179902
1.4813333333,0.0179310130,0.0033948714,0.0213258844
1.4815000000,0.0177765441,0.0035571569,0.0213337010
1.4816666667,0.0176188443,0.0037225946,0.0213414389
1.4818333333,0.0174579824,0.0038911148,0.0213490972
1.4820000000,0.0172940287,0.0040626459,0.0213566746
1.4821666667,0.0171270550,0.0042371145,0.0213641695
1.4823333333,0.0169571342,0.0044144460,0.0213715802
1.4825000000,0.0167843408,0.0045945647,0.0213789055
1.4826666667,0.0166087505,0.0047773937,0.0213861442
1.4828333333,0.0164304400,0.0049628551,0.0213932951
1.4830000000,0.0162494877,0.0051508696,0.0214003574
1.4831666667,0.0160659729,0.0053413568,0.0214073297
1.4833333333,0.0158799760,0.0055342350,0.0214142110
1.4835000000,0.0156915787,0.0057294220,0.0214210008
1.4836666667,0.0155008637,0.0059268345,0.0214276982
1.4838333333,0.0153079148,0.0061263879,0.0214343027
1.4840000000,0.0151128167,0.0063279965,0.0214408132
1.4841666667,0.0149156552,0.0065315734,0.0214472286
1.4843333333,0.0147165171,0.0067370311,0.0214535482
1.4845000000,0.0145154899,0.0069442818,0.0214597717
1.4846666667,0.0143126622,0.0071532368,0.0214658990
1.4848333333,0.0141081231,0.0073638068,0.0214719300
1.4850000000,0.0139019629,0.0075759010,0.0214778639
1.4851666667,0.0136942724,0.0077894274,0.0214836997
1.4853333333,0.0134851430,0.0080042930,0.0214894361
1.4855000000,0.0132746672,0.0082204050,0.0214950722
1.4856666667,0.0130629377,0.0084376705,0.0215006082
1.4858333333,0.0128500479,0.0086559962,0.0215060441
1.4860000000,0.0126360919,0.0088752883,0.0215113802
1.4861666667,0.0124211641,0.0090954520,0.0215166162
1.4863333333,0.0122053595,0.0093163922,0.0215217517
1.4865000000,0.0119887736,0.0095380130,0.0215267866
1.4866666667,0.0117715020,0.0097602189,0.0215317209
1.4868333333,0.0115536409,0.0099829140,0.0215365548
1.4870000000,0.0113352867,0.0102060016,0.0215412883
1.4871666667,0.0111165362,0.0104293847,0.0215459208
1.4873333333,0.0108974862,0.0106529660,0.0215504521
1.4875000000,0.0106782337,0.0108766484,0.0215548821
1.4876666667,0.0104588759,0.0111003353,0.0215592112
1.4878333333,0.0102395101,0.0113239303,0.0215634404
1.4880000000,0.0100202336,0.0115473367,0.0215675703
1.4881666667,0.0098011438,0.0117704569,0.0215716007
1.4883333333,0.0095823378,0.0119931934,0.0215755312
1.4885000000,0.0093639130,0.0122154488,0.0215793618
1.4886666667,0.0091459664,0.0124371265,0.0215830928
1.4888333333,0.0089285947,0.0126581306,0.0215867254
1.4890000000,0.0087118948,0.0128783659,0.0215902607
1.4891666667,0.0084959629,0.0130977367,0.0215936996
1.4893333333,0.0082808952,0.0133161474,0.0215970426
1.4895000000,0.0080667876,0.0135335023,0.0216002898
1.4896666667,0.0078537353,0.0137497065,0.0216034418
1.4898333333,0.0076418334,0.0139646659,0.0216064993
1.4900000000,0.0074311764,0.0141782872,0.0216094636
1.4901666667,0.0072218581,0.0143904774,0.0216123355
1.4903333333,0.0070139721,0.0146011434,0.0216151155
1.4905000000,0.0068076111,0.0148101928,0.0216178040
1.4906666667,0.0066028673,0.0150175342,0.0216204015
1.4908333333,0.0063998322,0.0152230769,0.0216229091
1.4910000000,0.0061985966,0.0154267317,0.0216253283
1.4911666667,0.0059992504,0.0156284101,0.0216276605
1.4913333333,0.0058018830,0.0158280239,0.0216299069
1.4915000000,0.0056065827,0.0160254857,0.0216320684
1.4916666667,0.0054134370,0.0162207089,0.0216341458
1.4918333333,0.0052225323,0.0164136078,0.0216361401
1.4920000000,0.0050339544,0.0166040982,0.0216380525
1.4921666667,0.0048477878,0.0167920969,0.0216398847
1.4923333333,0.0046641162,0.0169775221,0.0216416383
1.4925000000,0.0044830220,0.0171602928,0.0216433148
1.4926666667,0.0043045867,0.0173403290,0.0216449157
1.4928333333,0.0041288906,0.0175175518,0.0216464424
1.4930000000,0.0039560128,0.0176918834,0.0216478962
1.4931666667,0.0037860310,0.0178632471,0.0216492781
1.4933333333,0.0036190221,0.0180315673,0.0216505894
1.4935000000,0.0034550613,0.0181967701,0.0216518314
1.4936666667,0.0032942226,0.0183587830,0.0216530056
1.4938333333,0.0031365789,0.0185175350,0.0216541139
1.4940000000,0.0029822014,0.0186729566,0.0216551580
1.4941666667,0.0028311601,0.0188249797,0.0216561398
1.4943333333,0.0026835235,0.0189735373,0.0216570608
1.4945000000,0.0025393586,0.0191185640,0.0216579226
1.4946666667,0.0023987310,0.0192599959,0.0216587269
1.4948333333,0.0022617048,0.0193977708,0.0216594755
1.4950000000,0.0021283424,0.0195318281,0.0216601704
1.4951666667,0.0019987048,0.0196621088,0.0216608136
1.4953333333,0.0018728514,0.0197885555,0.0216614070
1.4955000000,0.0017508399,0.0199111123,0.0216619523
1.4956666667,0.0016327264,0.0200297249,0.0216624513
1.4958333333,0.0015185652,0.0201443407,0.0216629059
1.4960000000,0.0014084090,0.0202549089,0.0216633180
1.4961666667,0.0013023089,0.0203613805,0.0216636894
1.4963333333,0.0012003140,0.0204637080,0.0216640220
1.4965000000,0.0011024717,0.0205618458,0.0216643174
1.4966666667,0.0010088277,0.0206557500,0.0216645777
1.4968333333,0.0009194259,0.0207453788,0.0216648047
1.4970000000,0.0008343080,0.0208306925,0.0216650005
1.4971666667,0.0007535143,0.0209116531,0.0216651674
1.4973333333,0.0006770830,0.0209882246,0.0216653075
1.4975000000,0.0006050503,0.0210603727,0.0216654230
1.4976666667,0.0005374507,0.0211280652,0.0216655159
1.4978333333,0.0004743168,0.0211912715,0.0216655884
1.4980000000,0.0004156791,0.0212499633,0.0216656423
1.4981666667,0.0003615660,0.0213041139,0.0216656799
1.4983333333,0.0003120043,0.0213536988,0.0216657032
1.4985000000,0.0002670186,0.0213986956,0.0216657142
1.4986666667,0.0002266314,0.0214390835,0.0216657149
1.4988333333,0.0001908634,0.0214748441,0.0216657075
1.4990000000,0.0001597332,0.0215059608,0.0216656940
1.4991666667,0.0001332574,0.0215324192,0.0216656766
1.4993333333,0.0001114505,0.0215542068,0.0216656573
1.4995000000,0.0000943252,0.0215713132,0.0216656383
1.4996666667,0.0000818918,0.0215837299,0.0216656217
1.4998333333,0.0000741589,0.0215914508,0.0216656097
1.5000000000,0.0000711329,0.0215944714,0.0216656043
1.5001666667,0.0000728181,0.0215927896,0.0216656078
1.5003333333,0.0000792171,0.0215864051,0.0216656221
1.5005000000,0.0000903300,0.0215753194,0.0216656494
1.5006666667,0.0001061554,0.0215595364,0.0216656918
1.5008333333,0.0001266893,0.0215390619,0.0216657511
1.5010000000,0.0001519260,0.0215139037,0.0216658296
1.5011666667,0.0001818576,0.0214840718,0.0216659294
1.5013333333,0.0002164743,0.0214495783,0.0216660526
1.5015000000,0.0002557641,0.0214104372,0.0216662012
1.5016666667,0.0002997130,0.0213666643,0.0216663773
1.5018333333,0.0003483050,0.0213182779,0.0216665830
1.5020000000,0.0004015222,0.0212652980,0.0216668202
1.5021666667,0.0004593444,0.0212077466,0.0216670910
1.5023333333,0.0005217495,0.0211456479,0.0216673974
1.5025000000,0.0005887135,0.0210790280,0.0216677415
1.5026666667,0.0006602103,0.0210079147,0.0216681251
1.5028333333,0.0007362119,0.0209323380,0.0216685499
1.5030000000,0.0008166883,0.0208523295,0.0216690179
1.5031666667,0.0009016076,0.0207679230,0.0216695307
1.5033333333,0.0009909359,0.0206791544,0.0216700903
1.5035000000,0.0010846372,0.0205860614,0.0216706987
1.5036666667,0.0011826740,0.0204886837,0.0216713577
1.5038333333,0.0012850064,0.0203870628,0.0216720692
1.5040000000,0.0013915930,0.0202812420,0.0216728350
1.5041666667,0.0015023903,0.0201712666,0.0216736569
1.5043333333,0.0016173530,0.0200571836,0.0216745366
1.5045000000,0.0017364340,0.0199390422,0.0216754762
1.5046666667,0.0018595841,0.0198168934,0.0216764775
1.5048333333,0.0019867526,0.0196907897,0.0216775423
1.5050000000,0.0021178868,0.0195607852,0.0216786720
1.5051666667,0.0022529323,0.0194269357,0.0216798680
1.5053333333,0.0023918328,0.0192892985,0.0216811313
1.5055000000,0.0025345305,0.0191479330,0.0216824635
1.5056666667,0.0026809657,0.0190029002,0.0216838659
1.5058333333,0.0028310771,0.0188542632,0.0216853403
1.5060000000,0.0029848017,0.0187020868,0.0216868885
1.5061666667,0.0031420749,0.0185464371,0.0216885120
1.5063333333,0.0033028305,0.0183873817,0.0216902122
1.5065000000,0.0034670006,0.0182249898,0.0216919904
1.5066666667,0.0036345160,0.0180593319,0.0216938479
1.5068333333,0.0038053060,0.0178904801,0.0216957860
1.5070000000,0.0039792981,0.0177185081,0.0216978062
1.5071666667,0.0041564188,0.0175434908,0.0216999096
1.5073333333,0.0043365929,0.0173655046,0.0217020975
1.5075000000,0.0045197441,0.0171846269,0.0217043710
1.5076666667,0.0047057945,0.0170009364,0.0217067309
1.5078333333,0.0048946651,0.0168145132,0.0217091783
1.5080000000,0.0050862757,0.0166254386,0.0217117142
1.5081666667,0.0052805446,0.0164337949,0.0217143395
1.5083333333,0.0054773891,0.0162396659,0.0217170550
1.5085000000,0.0056767253,0.0160431363,0.0217198616
1.5086666667,0.0058784681,0.0158442920,0.0217227601
1.5088333333,0.0060825315,0.0156432202,0.0217257517
1.5090000000,0.0062888282,0.0154400092,0.0217288374
1.5091666667,0.0064972700,0.0152347483,0.0217320183
1.5093333333,0.0067077676,0.0150275275,0.0217352950
1.5095000000,0.0069202308,0.0148184374,0.0217386682
1.5096666667,0.0071345686,0.0146075695,0.0217421382
1.5098333333,0.0073506890,0.0143950162,0.0217457052
1.5100000000,0.0075684991,0.0141808707,0.0217493698
1.5101666667,0.0077879053,0.0139652273,0.0217531327
1.5103333333,0.0080088133,0.0137481809,0.0217569942
1.5105000000,0.0082311280,0.0135298268,0.0217609548
1.5106666667,0.0084547535,0.0133102610,0.0217650145
1.5108333333,0.0086795934,0.0130895803,0.0217691737
1.5110000000,0.0089055508,0.0128678821,0.0217734329
1.5111666667,0.0091325280,0.0126452647,0.0217777927
1.5113333333,0.0093604269,0.0124218269,0.0217822538
1.5115000000,0.0095891492,0.0121976672,0.0217868164
1.5116666667,0.0098185957,0.0119728844,0.0217914801
1.5118333333,0.0100486672,0.0117475773,0.0217962446
1.5120000000,0.0102792641,0.0115218453,0.0218011094
1.5121666667,0.0105102864,0.0112957880,0.0218060745
1.5123333333,0.0107416341,0.0110695061,0.0218111402
1.5125000000,0.0109732069,0.0108431000,0.0218163068
1.5126666667,0.0112049042,0.0106166701,0.0218215743
1.5128333333,0.0114366256,0.0103903167,0.0218269423
1.5130000000,0.0116682704,0.0101641397,0.0218324101
1.5131666667,0.0118997380,0.0099382393,0.0218379773
1.5133333333,0.0121309277,0.0097127156,0.0218436434
1.5135000000,0.0123617390,0.0094876692,0.0218494083
1.5136666667,0.0125920714,0.0092632005,0.0218552719
1.5138333333,0.0128218245,0.0090394098,0.0218612343
1.5140000000,0.0130508981,0.0088163970,0.0218672952
1.5141666667,0.0132791925,0.0085942615,0.0218734541
1.5143333333,0.0135066079,0.0083731020,0.0218797099
1.5145000000,0.0137330451,0.0081530164,0.0218860615
1.5146666667,0.0139584050,0.0079341025,0.0218925075
1.5148333333,0.0141825894,0.0077164575,0.0218990469
1.5150000000,0.0144055002,0.0075001790,0.0219056792
1.5151666667,0.0146270401,0.0072853642,0.0219124043
1.5153333333,0.0148471122,0.0070721094,0.0219192217
1.5155000000,0.0150656204,0.0068605102,0.0219261306
1.5156666667,0.0152824689,0.0066506608,0.0219331297
1.5158333333,0.0154975631,0.0064426547,0.0219402179
1.5160000000,0.0157108088,0.0062365854,0.0219473942
1.5161666667,0.0159221127,0.0060325454,0.0219546581
1.5163333333,0.0161313822,0.0058306269,0.0219620091
1.5165000000,0.0163385257,0.0056309204,0.0219694462
1.5166666667,0.0165434524,0.0054335150,0.0219769674
1.5168333333,0.0167460723,0.0052384985,0.0219845708
1.5170000000,0.0169462966,0.0050459581,0.0219922547
1.5171666667,0.0171440371,0.0048559809,0.0220000180
1.5173333333,0.0173392072,0.0046686531,0.0220078603
1.5175000000,0.0175317209,0.0044840598,0.0220157807
1.5176666667,0.0177214935,0.0043022841,0.0220237776
1.5178333333,0.0179084416,0.0041234073,0.0220318489
1.5180000000,0.0180924827,0.0039475097,0.0220399924
1.5181666667,0.0182735358,0.0037746710,0.0220482068
1.5183333333,0.0184515209,0.0036049705,0.0220564915
1.5185000000,0.0186263598,0.0034384860,0.0220648458
1.5186666667,0.0187979751,0.0032752935,0.0220732686
1.5188333333,0.0189662912,0.0031154670,0.0220817581
1.5190000000,0.0191312336,0.0029590785,0.0220903121
1.5191666667,0.0192927294,0.0028061991,0.0220989285
1.5193333333,0.0194507072,0.0026568984,0.0221076056
1.5195000000,0.0196050971,0.0025112447,0.0221163418
1.5196666667,0.0197558306,0.0023693046,0.0221251352
1.5198333333,0.0199028410,0.0022311424,0.0221339834
1.5200000000,0.0200460631,0.0020968212,0.0221428843
1.5201666667,0.0201854333,0.0019664029,0.0221518362
1.5203333333,0.0203208896,0.0018399484,0.0221608380
1.5205000000,0.0204523719,0.0017175169,0.0221698888
1.5206666667,0.0205798216,0.0015991655,0.0221789871
1.5208333333,0.0207031821,0.0014849485,0.0221881306
1.5210000000,0.0208223982,0.0013749182,0.0221973165
1.5211666667,0.0209374170,0.0012691253,0.0222065423
1.5213333333,0.0210481870,0.0011676197,0.0222158066
1.5215000000,0.0211546587,0.0010704497,0.0222251084
1.5216666667,0.0212567845,0.0009776619,0.0222344463
1.5218333333,0.0213545185,0.0008893000,0.0222438185
1.5220000000,0.0214478170,0.0008054049,0.0222532219
1.5221666667,0.0215366381,0.0007260155,0.0222626536
1.5223333333,0.0216209416,0.0006511691,0.0222721108
1.5225000000,0.0217006897,0.0005809019,0.0222815916
1.5226666667,0.0217758463,0.0005152482,0.0222910945
1.5228333333,0.0218463772,0.0004542405,0.0223006177
1.5230000000,0.0219122503,0.0003979091,0.0223101594
1.5231666667,0.0219734357,0.0003462818,0.0223197175
1.5233333333,0.0220299053,0.0002993849,0.0223292903
1.5235000000,0.0220816332,0.0002572427,0.0223388759
1.5236666667,0.0221285955,0.0002198772,0.0223484727
1.5238333333,0.0221707704,0.0001873081,0.0223580785
1.5240000000,0.0222081383,0.0001595527,0.0223676910
1.5241666667,0.0222406817,0.0001366259,0.0223773075
1.5243333333,0.0222683850,0.0001185408,0.0223869259
1.5245000000,0.0222912352,0.0001053085,0.0223965437
1.5246666667,0.0223092209,0.0000969379,0.0224061588
1.5248333333,0.0223223332,0.0000934356,0.0224157688
1.5250000000,0.0223305653,0.0000948060,0.0224253713
1.5251666667,0.0223339122,0.0001010519,0.0224349640
1.5253333333,0.0223323713,0.0001121741,0.0224445454
1.5255000000,0.0223259421,0.0001281717,0.0224541138
1.5256666667,0.0223146262,0.0001490414,0.0224636676
1.5258333333,0.0222984273,0.0001747775,0.0224732048
1.5260000000,0.0222773513,0.0002053715,0.0224827228
1.5261666667,0.0222514061,0.0002408134,0.0224922195
1.5263333333,0.0222206020,0.0002810914,0.0225016934
1.5265000000,0.0221849513,0.0003261917,0.0225111431
1.5266666667,0.0221444685,0.0003760983,0.0225205669
1.5268333333,0.0220991702,0.0004307920,0.0225299622
1.5270000000,0.0220490752,0.0004902506,0.0225393258
1.5271666667,0.0219942043,0.0005544499,0.0225486542
1.5273333333,0.0219345806,0.0006233643,0.0225579449
1.5275000000,0.0218702291,0.0006969674,0.0225671966
1.5276666667,0.0218011770,0.0007752312,0.0225764083
1.5278333333,0.0217274535,0.0008581256,0.0225855792
1.5280000000,0.0216490899,0.0009456178,0.0225947077
1.5281666667,0.0215661194,0.0010376723,0.0226037917
1.5283333333,0.0214785774,0.0011342517,0.0226128290
1.5285000000,0.0213865012,0.0012353167,0.0226218179
1.5286666667,0.0212899303,0.0013408264,0.0226307567
1.5288333333,0.0211889060,0.0014507379,0.0226396439
1.5290000000,0.0210834716,0.0015650056,0.0226484773
1.5291666667,0.0209736726,0.0016835821,0.0226572547
1.5293333333,0.0208595561,0.0018064176,0.0226659737
1.5295000000,0.0207411713,0.0019334611,0.0226746324
1.5296666667,0.0206185694,0.0020646598,0.0226832292
1.5298333333,0.0204918033,0.0021999591,0.0226917624
1.5300000000,0.0203609277,0.0023393026,0.0227002303
1.5301666667,0.0202259993,0.0024826321,0.0227086314
1.5303333333,0.0200870765,0.0026298877,0.0227169642
1.5305000000,0.0199442194,0.0027810083,0.0227252277
1.5306666667,0.0197974901,0.0029359311,0.0227334212
1.5308333333,0.0196469522,0.0030945915,0.0227415437
1.5310000000,0.0194926712,0.0032569228,0.0227495940
1.5311666667,0.0193347141,0.0034228560,0.0227575701
1.5313333333,0.0191731496,0.0035923202,0.0227654698
1.5315000000,0.0190080481,0.0037652431,0.0227732912
1.5316666667,0.0188394816,0.0039415510,0.0227810326
1.5318333333,0.0186675234,0.0041211691,0.0227886925
1.5320000000,0.0184922486,0.0043040211,0.0227962697
1.5321666667,0.0183137336,0.0044900296,0.0228037631
1.5323333333,0.0181320563,0.0046791155,0.0228111718
1.5325000000,0.0179472960,0.0048711988,0.0228184949
1.5326666667,0.0177595336,0.0050661982,0.0228257318
1.5328333333,0.0175688510,0.0052640307,0.0228328817
1.5330000000,0.0173753317,0.0054646119,0.0228399437
1.5331666667,0.0171790605,0.0056678563,0.0228469168
1.5333333333,0.0169801232,0.0058736767,0.0228538000
1.5335000000,0.0167786072,0.0060819850,0.0228605922
1.5336666667,0.0165746006,0.0062926918,0.0228672924
1.5338333333,0.0163681931,0.0065057064,0.0228738994
1.5340000000,0.0161594751,0.0067209369,0.0228804120
1.5341666667,0.0159485384,0.0069382906,0.0228868291
1.5343333333,0.0157354756,0.0071576744,0.0228931500
1.5345000000,0.0155203801,0.0073789942,0.0228993743
1.5346666667,0.0153033466,0.0076021552,0.0229055018
1.5348333333,0.0150844704,0.0078270617,0.0229115321
1.5350000000,0.0148638479,0.0080536168,0.0229174647
1.5351666667,0.0146415761,0.0082817229,0.0229232990
1.5353333333,0.0144177528,0.0085112819,0.0229290347
1.5355000000,0.0141924767,0.0087421953,0.0229346720
1.5356666667,0.0139658470,0.0089743638,0.0229402109
1.5358333333,0.0137379638,0.0092076869,0.0229456507
1.5360000000,0.0135089275,0.0094420631,0.0229509906
1.5361666667,0.0132788392,0.0096773901,0.0229562294
1.5363333333,0.0130478006,0.0099135657,0.0229613662
1.5365000000,0.0128159135,0.0101504877,0.0229664012
1.5366666667,0.0125832806,0.0103880544,0.0229713350
1.5368333333,0.0123500045,0.0106261636,0.0229761682
1.5370000000,0.0121161885,0.0108647126,0.0229809011
1.5371666667,0.0118819359,0.0111035978,0.0229855337
1.5373333333,0.0116473504,0.0113427152,0.0229900656
1.5375000000,0.0114125359,0.0115819608,0.0229944967
1.5376666667,0.0111775963,0.0118212309,0.0229988271
1.5378333333,0.0109426357,0.0120604218,0.0230030575
1.5380000000,0.0107077584,0.0122994298,0.0230071883
1.5381666667,0.0104730686,0.0125381509,0.0230112195
1.5383333333,0.0102386704,0.0127764807,0.0230151511
1.5385000000,0.0100046681,0.0130143153,0.0230189834
1.5386666667,0.0097711654,0.0132515512,0.0230227166
1.5388333333,0.0095382662,0.0134880852,0.0230263514
1.5390000000,0.0093060740,0.0137238144,0.0230298884
1.5391666667,0.0090746921,0.0139586361,0.0230333282
1.5393333333,0.0088442234,0.0141924480,0.0230366714
1.5395000000,0.0086147705,0.0144251482,0.0230399188
1.5396666667,0.0083864357,0.0146566356,0.0230430713
1.5398333333,0.0081593206,0.0148868092,0.0230461298
1.5400000000,0.0079335266,0.0151155686,0.0230490952
1.5401666667,0.0077091545,0.0153428134,0.0230519679
1.5403333333,0.0074863045,0.0155684439,0.0230547484
1.5405000000,0.0072650761,0.0157923610,0.0230574371
1.5406666667,0.0070455683,0.0160144667,0.0230600350
1.5408333333,0.0068278793,0.0162346641,0.0230625433
1.5410000000,0.0066121064,0.0164528570,0.0230649634
1.5411666667,0.0063983462,0.0166689502,0.0230672964
1.5413333333,0.0061866946,0.0168828489,0.0230695434
1.5415000000,0.0059772463,0.0170944593,0.0230717056
1.5416666667,0.0057700954,0.0173036887,0.0230737841
1.5418333333,0.0055653349,0.0175104452,0.0230757801
1.5420000000,0.0053630567,0.0177146381,0.0230776948
1.5421666667,0.0051633518,0.0179161775,0.0230795293
1.5423333333,0.0049663102,0.0181149747,0.0230812849
1.5425000000,0.0047720205,0.0183109421,0.0230829626
1.5426666667,0.0045805704,0.0185039935,0.0230845639
1.5428333333,0.0043920462,0.0186940441,0.0230860903
1.5430000000,0.0042065330,0.0188810103,0.0230875433
1.5431666667,0.0040241146,0.0190648100,0.0230889246
1.5433333333,0.0038448736,0.0192453620,0.0230902355
1.5435000000,0.0036688909,0.0194225867,0.0230914776
1.5436666667,0.0034962465,0.0195964058,0.0230926523
1.5438333333,0.0033270187,0.0197667428,0.0230937614
1.5440000000,0.0031612842,0.0199335224,0.0230948066
1.5441666667,0.0029991185,0.0200966711,0.0230957896
1.5443333333,0.0028405954,0.0202561166,0.0230967120
1.5445000000,0.0026857873,0.0204117880,0.0230975753
1.5446666667,0.0025347647,0.0205636165,0.0230983812
1.5448333333,0.0023875967,0.0207115345,0.0230991312
1.5450000000,0.0022443506,0.0208554766,0.0230998272
1.5451666667,0.0021050922,0.0209953789,0.0231004711
1.5453333333,0.0019698853,0.0211311794,0.0231010647
1.5455000000,0.0018387922,0.0212628177,0.0231016099
1.5456666667,0.0017118732,0.0213902354,0.0231021086
1.5458333333,0.0015891871,0.0215133758,0.0231025629
1.5460000000,0.0014707907,0.0216321842,0.0231029749
1.5461666667,0.0013567389,0.0217466075,0.0231033464
1.5463333333,0.0012470848,0.0218565945,0.0231036793
1.5465000000,0.0011418794,0.0219620957,0.0231039752
1.5466666667,0.0010411721,0.0220630637,0.0231042359
1.5468333333,0.0009450101,0.0221594533,0.0231044634
1.5470000000,0.0008534385,0.0222512213,0.0231046598
1.5471666667,0.0007665007,0.0223383267,0.0231048275
1.5473333333,0.0006842381,0.0224207303,0.0231049684
1.5475000000,0.0006066898,0.0224983949,0.0231050846
1.5476666667,0.0005338930,0.0225712852,0.0231051782
1.5478333333,0.0004658829,0.0226393680,0.0231052509
1.5480000000,0.0004026926,0.0227026125,0.0231053050
1.5481666667,0.0003443529,0.0227609897,0.0231053426
1.5483333333,0.0002908928,0.0228144731,0.0231053658
1.5485000000,0.0002423388,0.0228630381,0.0231053768
1.5486666667,0.0001987155,0.0229066622,0.0231053777
1.5488333333,0.0001600453,0.0229453250,0.0231053703
1.5490000000,0.0001263484,0.0229790085,0.0231053569
1.5491666667,0.0000976428,0.0230076966,0.0231053394
1.5493333333,0.0000739445,0.0230313756,0.0231053202
1.5495000000,0.0000552672,0.0230500340,0.0231053012
1.5496666667,0.0000416223,0.0230636624,0.0231052846
1.5498333333,0.0000330191,0.0230722535,0.0231052726
1.5500000000,0.0000294647,0.0230758026,0.0231052673
1.5501666667,0.0000309639,0.0230743067,0.0231052707
1.5503333333,0.0000375195,0.0230677655,0.0231052849
1.5505000000,0.0000491317,0.0230561804,0.0231053121
1.5506666667,0.0000657988,0.0230395555,0.0231053542
1.5508333333,0.0000875167,0.0230178968,0.0231054135
1.5510000000,0.0001142793,0.0229912127,0.0231054920
1.5511666667,0.0001460780,0.0229595138,0.0231055918
1.5513333333,0.0001829022,0.0229228128,0.0231057151
1.5515000000,0.0002247391,0.0228811246,0.0231058638
1.5516666667,0.0002715735,0.0228344663,0.0231060399
1.5518333333,0.0003233883,0.0227828571,0.0231062454
1.5520000000,0.0003801638,0.0227263186,0.0231064824
1.5521666667,0.0004418784,0.0226648745,0.0231067528
1.5523333333,0.0005085082,0.0225985505,0.0231070587
1.5525000000,0.0005800273,0.0225273747,0.0231074020
1.5526666667,0.0006564074,0.0224513772,0.0231077846
1.5528333333,0.0007376183,0.0223705902,0.0231082085
1.5530000000,0.0008236274,0.0222850482,0.0231086756
1.5531666667,0.0009144002,0.0221947876,0.0231091878
1.5533333333,0.0010099001,0.0220998470,0.0231097471
1.5535000000,0.0011100883,0.0220002669,0.0231103552
1.5536666667,0.0012149239,0.0218960901,0.0231110140
1.5538333333,0.0013243641,0.0217873613,0.0231117254
1.5540000000,0.0014383639,0.0216741274,0.0231124913
1.5541666667,0.0015568763,0.0215564373,0.0231133136
1.5543333333,0.0016798523,0.0214343417,0.0231141939
1.5545000000,0.0018072408,0.0213078930,0.0231151338
1.5546666667,0.0019389892,0.0211771455,0.0231161346
1.5548333333,0.0020750424,0.0210421555,0.0231171979
1.5550000000,0.0022153437,0.0209029816,0.0231183254
1.5551666667,0.0023598346,0.0207596843,0.0231195188
1.5553333333,0.0025084545,0.0206123257,0.0231207802
1.5555000000,0.0026611410,0.0204609701,0.0231221112
1.5556666667,0.0028178301,0.0203056831,0.0231235132
1.5558333333,0.0029784557,0.0201465321,0.0231249878
1.5560000000,0.0031429501,0.0199835861,0.0231265362
1.5561666667,0.0033112438,0.0198169160,0.0231281598
1.5563333333,0.0034832657,0.0196465944,0.0231298600
1.5565000000,0.0036589429,0.0194726952,0.0231316381
1.5566666667,0.0038382011,0.0192952942,0.0231334953
1.5568333333,0.0040209641,0.0191144689,0.0231354330
1.5570000000,0.0042071544,0.0189302979,0.0231374524
1.5571666667,0.0043966929,0.0187428619,0.0231395548
1.5573333333,0.0045894990,0.0185522425,0.0231417414
1.5575000000,0.0047854903,0.0183585229,0.0231440132
1.5576666667,0.0049845835,0.0181617877,0.0231463712
1.5578333333,0.0051866934,0.0179621231,0.0231488166
1.5580000000,0.0053917338,0.0177596167,0.0231513505
1.5581666667,0.0055996171,0.0175543574,0.0231539745
1.5583333333,0.0058102541,0.0173464354,0.0231566895
1.5585000000,0.0060235548,0.0171359417,0.0231594965
1.5586666667,0.0062394277,0.0169229682,0.0231623960
1.5588333333,0.0064577804,0.0167076080,0.0231653884
1.5590000000,0.0066785191,0.0164899552,0.0231684743
1.5591666667,0.0069015491,0.0162701054,0.0231716544
1.5593333333,0.0071267745,0.0160481551,0.0231749296
1.5595000000,0.0073540985,0.0158242020,0.0231783005
1.5596666667,0.0075834232,0.0155983447,0.0231817680
1.5598333333,0.0078146500,0.0153706825,0.0231853325
1.5600000000,0.0080476792,0.0151413158,0.0231889951
1.5601666667,0.0082824104,0.0149103459,0.0231927564
1.5603333333,0.0085187424,0.0146778747,0.0231966171
1.5605000000,0.0087565732,0.0144440045,0.0232005777
1.5606666667,0.0089958002,0.0142088380,0.0232046382
1.5608333333,0.0092363199,0.0139724784,0.0232087983
1.5610000000,0.0094780285,0.0137350295,0.0232130580
1.5611666667,0.0097208214,0.0134965961,0.0232174175
1.5613333333,0.0099645936,0.0132572835,0.0232218771
1.5615000000,0.0102092396,0.0130171977,0.0232264374
1.5616666667,0.0104546534,0.0127764451,0.0232310985
1.5618333333,0.0107007287,0.0125351320,0.0232358607
1.5620000000,0.0109473589,0.0122933649,0.0232407238
1.5621666667,0.0111944370,0.0120512506,0.0232456876
1.5623333333,0.0114418558,0.0118088963,0.0232507521
1.5625000000,0.0116895080,0.0115664096,0.0232559176
1.5626666667,0.0119372859,0.0113238981,0.0232611840
1.5628333333,0.0121850819,0.0110814696,0.0232665515
1.5630000000,0.0124327883,0.0108392313,0.0232720197
1.5631666667,0.0126802975,0.0105972903,0.0232775878
1.5633333333,0.0129275016,0.0103557533,0.0232832549
1.5635000000,0.0131742932,0.0101147270,0.0232890202
1.5636666667,0.0134205649,0.0098743182,0.0232948831
1.5638333333,0.0136662093,0.0096346339,0.0233008433
1.5640000000,0.0139111195,0.0093957814,0.0233069009
1.5641666667,0.0141551887,0.0091578674,0.0233130561
1.5643333333,0.0143983104,0.0089209982,0.0233193086
1.5645000000,0.0146403786,0.0086852792,0.0233256578
1.5646666667,0.0148812875,0.0084508153,0.0233321028
1.5648333333,0.0151209320,0.0082177107,0.0233386427
1.5650000000,0.0153592075,0.0079860690,0.0233452765
1.5651666667,0.0155960097,0.0077559933,0.0233520030
1.5653333333,0.0158312353,0.0075275859,0.0233588213
1.5655000000,0.0160647813,0.0073009486,0.0233657299
1.5656666667,0.0162965456,0.0070761823,0.0233727279
1.5658333333,0.0165264266,0.0068533880,0.0233798145
1.5660000000,0.0167543237,0.0066326656,0.0233869894
1.5661666667,0.0169801371,0.0064141147,0.0233942518
1.5663333333,0.0172037678,0.0061978333,0.0234016011
1.5665000000,0.0174251178,0.0059839182,0.0234090360
1.5666666667,0.0176440900,0.0057724650,0.0234165550
1.5668333333,0.0178605883,0.0055635684,0.0234241568
1.5670000000,0.0180745177,0.0053573224,0.0234318401
1.5671666667,0.0182857842,0.0051538198,0.0234396040
1.5673333333,0.0184942949,0.0049531521,0.0234474470
1.5675000000,0.0186999582,0.0047554092,0.0234553674
1.5676666667,0.0189026836,0.0045606798,0.0234633633
1.5678333333,0.0191023819,0.0043690512,0.0234714331
1.5680000000,0.0192989653,0.0041806102,0.0234795755
1.5681666667,0.0194923472,0.0039954425,0.0234877896
1.5683333333,0.0196824423,0.0038136322,0.0234960745
1.5685000000,0.0198691669,0.0036352620,0.0235044289
1.5686666667,0.0200524386,0.0034604124,0.0235128510
1.5688333333,0.0202321766,0.0032891626,0.0235213392
1.5690000000,0.0204083013,0.0031215905,0.0235298918
1.5691666667,0.0205807350,0.0029577723,0.0235385073
1.5693333333,0.0207494014,0.0027977827,0.0235471842
1.5695000000,0.0209142261,0.0026416940,0.0235559200
1.5696666667,0.0210751359,0.0024895765,0.0235647124
1.5698333333,0.0212320598,0.0023414992,0.0235735590
1.5700000000,0.0213849281,0.0021975300,0.0235824580
1.5701666667,0.0215336730,0.0020577357,0.0235914087
1.5703333333,0.0216782285,0.0019221817,0.0236004103
1.5705000000,0.0218185305,0.0017909311,0.0236094616
1.5706666667,0.0219545164,0.0016640443,0.0236185607
1.5708333333,0.0220861259,0.0015415790,0.0236277049
1.5710000000,0.0222133003,0.0014235912,0.0236368915
1.5711666667,0.0223359829,0.0013101354,0.0236461183
1.5713333333,0.0224541190,0.0012012646,0.0236553835
1.5715000000,0.0225676559,0.0010970298,0.0236646857
1.5716666667,0.0226765428,0.0009974798,0.0236740226
1.5718333333,0.0227807310,0.0009026612,0.0236833923
1.5720000000,0.0228801738,0.0008126185,0.0236927923
1.5721666667,0.0229748264,0.0007273944,0.0237022208
1.5723333333,0.0230646463,0.0006470300,0.0237116763
1.5725000000,0.0231495931,0.0005715641,0.0237211572
1.5726666667,0.0232296285,0.0005010331,0.0237306615
1.5728333333,0.0233047162,0.0004354707,0.0237401869
1.5730000000,0.0233748222,0.0003749087,0.0237497310
1.5731666667,0.0234399148,0.0003193767,0.0237592915
1.5733333333,0.0234999641,0.0002689024,0.0237688665
1.5735000000,0.0235549428,0.0002235113,0.0237784541
1.5736666667,0.0236048255,0.0001832264,0.0237880519
1.5738333333,0.0236495892,0.0001480684,0.0237976576
1.5740000000,0.0236892131,0.0001180556,0.0238072687
1.5741666667,0.0237236786,0.0000932046,0.0238168832
1.5743333333,0.0237529695,0.0000735302,0.0238264997
1.5745000000,0.0237770718,0.0000590449,0.0238361167
1.5746666667,0.0237959737,0.0000497585,0.0238457321
1.5748333333,0.0238096656,0.0000456781,0.0238553438
1.5750000000,0.0238181406,0.0000468085,0.0238649491
1.5751666667,0.0238213935,0.0000531522,0.0238745457
1.5753333333,0.0238194218,0.0000647097,0.0238841315
1.5755000000,0.0238122251,0.0000814796,0.0238937046
1.5756666667,0.0237998054,0.0001034575,0.0239032629
1.5758333333,0.0237821670,0.0001306369,0.0239128039
1.5760000000,0.0237593164,0.0001630088,0.0239223252
1.5761666667,0.0237312626,0.0002005625,0.0239318250
1.5763333333,0.0236980165,0.0002432855,0.0239413021
1.5765000000,0.0236595918,0.0002911635,0.0239507553
1.5766666667,0.0236160040,0.0003441791,0.0239601831
1.5768333333,0.0235672710,0.0004023119,0.0239695829
1.5770000000,0.0235134132,0.0004655385,0.0239789518
1.5771666667,0.0234544530,0.0005338337,0.0239882867
1.5773333333,0.0233904152,0.0006071705,0.0239975857
1.5775000000,0.0233213267,0.0006855208,0.0240068475
1.5776666667,0.0232472169,0.0007688542,0.0240160712
1.5778333333,0.0231681171,0.0008571381,0.0240252552
1.5780000000,0.0230840610,0.0009503366,0.0240343975
1.5781666667,0.0229950843,0.0010484116,0.0240434959
1.5783333333,0.0229012252,0.0011513230,0.0240525482
1.5785000000,0.0228025237,0.0012590293,0.0240615530
1.5786666667,0.0226990221,0.0013714868,0.0240705089
1.5788333333,0.0225907650,0.0014886497,0.0240794147
1.5790000000,0.0224777987,0.0016104695,0.0240882682
1.5791666667,0.0223601721,0.0017368954,0.0240970674
1.5793333333,0.0222379357,0.0018678744,0.0241058102
1.5795000000,0.0221111425,0.0020033525,0.0241144949
1.5796666667,0.0219798470,0.0021432736,0.0241231206
1.5798333333,0.0218441060,0.0022875800,0.0241316860
1.5800000000,0.0217039784,0.0024362116,0.0241401900
1.5801666667,0.0215595247,0.0025891060,0.0241486308
1.5803333333,0.0214108077,0.0027461991,0.0241570068
1.5805000000,0.0212578919,0.0029074250,0.0241653169
1.5806666667,0.0211008436,0.0030727164,0.0241735601
1.5808333333,0.0209397312,0.0032420041,0.0241817353
1.5810000000,0.0207746247,0.0034152165,0.0241898412
1.5811666667,0.0206055959,0.0035922802,0.0241978761
1.5813333333,0.0204327185,0.0037731196,0.0242058381
1.5815000000,0.0202560678,0.0039576579,0.0242137256
1.5816666667,0.0200757207,0.0041458173,0.0242215380
1.5818333333,0.0198917560,0.0043375186,0.0242292746
1.5820000000,0.0197042539,0.0045326812,0.0242369351
1.5821666667,0.0195132964,0.0047312222,0.0242445186
1.5823333333,0.0193189669,0.0049330573,0.0242520242
1.5825000000,0.0191213505,0.0051381003,0.0242594508
1.5826666667,0.0189205335,0.0053462638,0.0242667973
1.5828333333,0.0187166039,0.0055574590,0.0242740629
1.5830000000,0.0185096509,0.0057715956,0.0242812465
1.5831666667,0.0182997652,0.0059885818,0.0242883469
1.5833333333,0.0180870388,0.0062083242,0.0242953630
1.5835000000,0.0178715651,0.0064307288,0.0243022939
1.5836666667,0.0176534386,0.0066557004,0.0243091390
1.5838333333,0.0174327551,0.0068831433,0.0243158984
1.5840000000,0.0172096114,0.0071129606,0.0243225720
1.5841666667,0.0169841056,0.0073450538,0.0243291594
1.5843333333,0.0167563369,0.0075793229,0.0243356598
1.5845000000,0.0165264054,0.0078156665,0.0243420719
1.5846666667,0.0162944123,0.0080539823,0.0243483946
1.5848333333,0.0160604598,0.0082941676,0.0243546274
1.5850000000,0.0158246509,0.0085361190,0.0243607699
1.5851666667,0.0155870894,0.0087797325,0.0243668219
1.5853333333,0.0153478802,0.0090249027,0.0243727829
1.5855000000,0.0151071286,0.0092715236,0.0243786522
1.5856666667,0.0148649409,0.0095194880,0.0243844289
1.5858333333,0.0146214239,0.0097686884,0.0243901123
1.5860000000,0.0143766853,0.0100190170,0.0243957022
1.5861666667,0.0141308330,0.0102703657,0.0244011986
1.5863333333,0.0138839757,0.0105226260,0.0244066017
1.5865000000,0.0136362227,0.0107756885,0.0244119113
1.5866666667,0.0133876835,0.0110294433,0.0244171268
1.5868333333,0.0131384680,0.0112837794,0.0244222474
1.5870000000,0.0128886865,0.0115385857,0.0244272722
1.5871666667,0.0126384496,0.0117937510,0.0244322006
1.5873333333,0.0123878683,0.0120491641,0.0244370324
1.5875000000,0.0121370535,0.0123047138,0.0244417673
1.5876666667,0.0118861165,0.0125602890,0.0244464056
1.5878333333,0.0116351686,0.0128157787,0.0244509472
1.5880000000,0.0113843210,0.0130710713,0.0244553923
1.5881666667,0.0111336852,0.0133260556,0.0244597408
1.5883333333,0.0108833725,0.0135806202,0.0244639927
1.5885000000,0.0106334940,0.0138346539,0.0244681479
1.5886666667,0.0103841608,0.0140880457,0.0244722065
1.5888333333,0.0101354839,0.0143406845,0.0244761684
1.5890000000,0.0098875737,0.0145924597,0.0244800334
1.5891666667,0.0096405407,0.0148432608,0.0244838015
1.5893333333,0.0093944948,0.0150929781,0.0244874729
1.5895000000,0.0091495456,0.0153415024,0.0244910481
1.5896666667,0.0089058022,0.0155887254,0.0244945276
1.5898333333,0.0086633732,0.0158345390,0.0244979121
1.5900000000,0.0084223667,0.0160788357,0.0245012024
1.5901666667,0.0081828904,0.0163215086,0.0245043990
1.5903333333,0.0079450510,0.0165624513,0.0245075024
1.5905000000,0.0077089549,0.0168015584,0.0245105133
1.5906666667,0.0074747075,0.0170387248,0.0245134323
1.5908333333,0.0072424134,0.0172738468,0.0245162602
1.5910000000,0.0070121765,0.0175068213,0.0245189978
1.5911666667,0.0067840999,0.0177375462,0.0245216461
1.5913333333,0.0065582856,0.0179659203,0.0245242059
1.5915000000,0.0063348348,0.0181918435,0.0245266782
1.5916666667,0.0061138476,0.0184152166,0.0245290642
1.5918333333,0.0058954231,0.0186359417,0.0245313648
1.5920000000,0.0056796592,0.0188539220,0.0245335812
1.5921666667,0.0054666529,0.0190690620,0.0245357149
1.5923333333,0.0052564997,0.0192812675,0.0245377672
1.5925000000,0.0050492941,0.0194904455,0.0245397397
1.5926666667,0.0048451294,0.0196965042,0.0245416335
1.5928333333,0.0046440973,0.0198993526,0.0245434500
1.5930000000,0.0044462885,0.0200989014,0.0245451900
1.5931666667,0.0042517922,0.0202950623,0.0245468545
1.5933333333,0.0040606960,0.0204877489,0.0245484449
1.5935000000,0.0038730862,0.0206768763,0.0245499625
1.5936666667,0.0036890476,0.0208623616,0.0245514093
1.5938333333,0.0035086634,0.0210441234,0.0245527868
1.5940000000,0.0033320153,0.0212220813,0.0245540966
1.5941666667,0.0031591834,0.0213961567,0.0245553401
1.5943333333,0.0029902461,0.0215662724,0.0245565185
1.5945000000,0.0028252803,0.0217323529,0.0245576332
1.5946666667,0.0026643609,0.0218943248,0.0245586857
1.5948333333,0.0025075613,0.0220521163,0.0245596776
1.5950000000,0.0023549530,0.0222056575,0.0245606105
1.5951666667,0.0022066057,0.0223548801,0.0245614858
1.5953333333,0.0020625874,0.0224997178,0.0245623052
1.5955000000,0.0019229641,0.0226401060,0.0245630701
1.5956666667,0.0017877999,0.0227759821,0.0245637820
1.5958333333,0.0016571571,0.0229072857,0.0245644428
1.5960000000,0.0015310959,0.0230339583,0.0245650542
1.5961666667,0.0014096747,0.0231559433,0.0245656180
1.5963333333,0.0012929496,0.0232731864,0.0245661360
1.5965000000,0.0011809750,0.0233856349,0.0245666099
1.5966666667,0.0010738030,0.0234932386,0.0245670416
1.5968333333,0.0009714836,0.0235959493,0.0245674329
1.5970000000,0.0008740650,0.0236937205,0.0245677855
1.5971666667,0.0007815929,0.0237865085,0.0245681014
1.5973333333,0.0006941111,0.0238742712,0.0245683823
1.5975000000,0.0006116610,0.0239569691,0.0245686302
1.5976666667,0.0005342820,0.0240345651,0.0245688471
1.5978333333,0.0004620111,0.0241070240,0.0245690351
1.5980000000,0.0003948831,0.0241743131,0.0245691962
1.5981666667,0.0003329307,0.0242364019,0.0245693326
1.5983333333,0.0002761843,0.0242932619,0.0245694463
1.5985000000,0.0002246720,0.0243448672,0.0245695392
1.5986666667,0.0001784195,0.0243911939,0.0245696134
1.5988333333,0.0001374504,0.0244322206,0.0245696710
1.5990000000,0.0001017858,0.0244679284,0.0245697141
1.5991666667,0.0000714446,0.0244983003,0.0245697449
1.5993333333,0.0000464433,0.0245233219,0.0245697652
1.5995000000,0.0000267962,0.0245429812,0.0245697773
1.5996666667,0.0000125151,0.0245572682,0.0245697834
1.5998333333,0.0000036097,0.0245661757,0.0245697854
1.6000000000,0.0000000871,0.0245696986,0.0245697857
1.6001666667,0.0000019523,0.0245678340,0.0245697863
1.6003333333,0.0000092078,0.0245605817,0.0245697894
1.6005000000,0.0000218537,0.0245479435,0.0245697972
1.6006666667,0.0000398879,0.0245299238,0.0245698117
1.6008333333,0.0000633059,0.0245065295,0.0245698354
1.6010000000,0.0000921008,0.0244777695,0.0245698703
1.6011666667,0.0001262635,0.0244436552,0.0245699187
1.6013333333,0.0001657823,0.0244042005,0.0245699828
1.6015000000,0.0002106435,0.0243594214,0.0245700650
1.6016666667,0.0002608307,0.0243093368,0.0245701675
1.6018333333,0.0003163253,0.0242539675,0.0245702929
1.6020000000,0.0003771065,0.0241933368,0.0245704433
1.6021666667,0.0004431509,0.0241274701,0.0245706211
1.6023333333,0.0005144331,0.0240563952,0.0245708283
1.6025000000,0.0005909252,0.0239801422,0.0245710675
1.6026666667,0.0006725971,0.0238987437,0.0245713409
1.6028333333,0.0007594164,0.0238122347,0.0245716511
1.6030000000,0.0008513484,0.0237206524,0.0245720008
1.6031666667,0.0009483561,0.0236240363,0.0245723924
1.6033333333,0.0010504003,0.0235224278,0.0245728281
1.6035000000,0.0011574397,0.0234158706,0.0245733103
1.6036666667,0.0012694306,0.0233044106,0.0245738412
1.6038333333,0.0013863273,0.0231880958,0.0245744231
1.6040000000,0.0015080818,0.0230669766,0.0245750584
1.6041666667,0.0016346440,0.0229411053,0.0245757493
1.6043333333,0.0017659617,0.0228105365,0.0245764982
1.6045000000,0.0019019806,0.0226753266,0.0245773072
1.6046666667,0.0020426441,0.0225355345,0.0245781786
1.6048333333,0.0021878938,0.0223912209,0.0245791147
1.6050000000,0.0023376691,0.0222424487,0.0245801177
1.6051666667,0.0024919073,0.0220892825,0.0245811899
1.6053333333,0.0026505439,0.0219317893,0.0245823332
1.6055000000,0.0028135123,0.0217700375,0.0245835498
1.6056666667,0.0029807438,0.0216040977,0.0245848416
1.6058333333,0.0031521680,0.0214340426,0.0245862106
1.6060000000,0.0033277126,0.0212599462,0.0245876588
1.6061666667,0.0035073032,0.0210818848,0.0245891880
1.6063333333,0.0036908638,0.0208999361,0.0245907999
1.6065000000,0.0038783166,0.0207141795,0.0245924962
1.6066666667,0.0040695821,0.0205246966,0.0245942787
1.6068333333,0.0042645790,0.0203315706,0.0245961496
1.6070000000,0.0044632243,0.0201348866,0.0245981108
1.6071666667,0.0046654334,0.0199347309,0.0246001643
1.6073333333,0.0048711201,0.0197311912,0.0246023113
1.6075000000,0.0050801968,0.0195243564,0.0246045532
1.6076666667,0.0052925742,0.0193143168,0.0246068910
1.6078333333,0.0055081617,0.0191011641,0.0246093259
1.6080000000,0.0057268673,0.0188849919,0.0246118592
1.6081666667,0.0059485973,0.0186658949,0.0246144923
1.6083333333,0.0061732571,0.0184439692,0.0246172263
1.6085000000,0.0064007504,0.0182193120,0.0246200623
1.6086666667,0.0066309798,0.0179920214,0.0246230012
1.6088333333,0.0068638466,0.0177621972,0.0246260438
1.6090000000,0.0070992511,0.0175299402,0.0246291913
1.6091666667,0.0073370921,0.0172953524,0.0246324446
1.6093333333,0.0075772676,0.0170585368,0.0246358044
1.6095000000,0.0078196744,0.0168195967,0.0246392710
1.6096666667,0.0080642081,0.0165786365,0.0246428446
1.6098333333,0.0083107636,0.0163357615,0.0246465251
1.6100000000,0.0085592348,0.0160910786,0.0246503133
1.6101666667,0.0088095145,0.0158446955,0.0246542100
1.6103333333,0.0090614949,0.0155967213,0.0246582162
1.6105000000,0.0093150673,0.0153472653,0.0246623326
1.6106666667,0.0095701221,0.0150964375,0.0246665597
1.6108333333,0.0098265493,0.0148443484,0.0246708976
1.6110000000,0.0100842378,0.0145911091,0.0246753469
1.6111666667,0.0103430763,0.0143368317,0.0246799080
1.6113333333,0.0106029527,0.0140816291,0.0246845818
1.6115000000,0.0108637544,0.0138256147,0.0246893691
1.6116666667,0.0111253686,0.0135689019,0.0246942705
1.6118333333,0.0113876816,0.0133116047,0.0246992862
1.6120000000,0.0116505797,0.0130538371,0.0247044168
1.6121666667,0.0119139488,0.0127957138,0.0247096626
1.6123333333,0.0121776746,0.0125373497,0.0247150243
1.6125000000,0.0124416425,0.0122788602,0.0247205027
1.6126666667,0.0127057378,0.0120203607,0.0247260985
1.6128333333,0.0129698456,0.0117619669,0.0247318125
1.6130000000,0.0132338511,0.0115037941,0.0247376452
1.6131666667,0.0134976395,0.0112459571,0.0247435966
1.6133333333,0.0137610957,0.0109885707,0.0247496665
1.6135000000,0.0140241052,0.0107317490,0.0247558543
1.6136666667,0.0142865533,0.0104756061,0.0247621594
1.6138333333,0.0145483256,0.0102202559,0.0247685815
1.6140000000,0.0148093079,0.0099658128,0.0247751207
1.6141666667,0.0150693863,0.0097123909,0.0247817773
1.6143333333,0.0153284473,0.0094601041,0.0247885514
1.6145000000,0.0155863776,0.0092090647,0.0247954424
1.6146666667,0.0158430646,0.0089593845,0.0248024491
1.6148333333,0.0160983960,0.0087111739,0.0248095699
1.6150000000,0.0163522602,0.0084645432,0.0248168034
1.6151666667,0.0166045460,0.0082196026,0.0248241486
1.6153333333,0.0168551433,0.0079764616,0.0248316049
1.6155000000,0.0171039424,0.0077352292,0.0248391716
1.6156666667,0.0173508343,0.0074960132,0.0248468475
1.6158333333,0.0175957111,0.0072589202,0.0248546313
1.6160000000,0.0178384656,0.0070240558,0.0248625214
1.6161666667,0.0180789915,0.0067915250,0.0248705164
1.6163333333,0.0183171835,0.0065614319,0.0248786154
1.6165000000,0.0185529374,0.0063338799,0.0248868173
1.6166666667,0.0187861499,0.0061089709,0.0248951208
1.6168333333,0.0190167187,0.0058868056,0.0249035243
1.6170000000,0.0192445427,0.0056674832,0.0249120258
1.6171666667,0.0194695220,0.0054511019,0.0249206238
1.6173333333,0.0196915577,0.0052377591,0.0249293168
1.6175000000,0.0199105524,0.0050275512,0.0249381036
1.6176666667,0.0201264098,0.0048205730,0.0249469828
1.6178333333,0.0203390350,0.0046169178,0.0249559529
1.6180000000,0.0205483345,0.0044166776,0.0249650121
1.6181666667,0.0207542160,0.0042199429,0.0249741589
1.6183333333,0.0209565890,0.0040268028,0.0249833918
1.6185000000,0.0211553642,0.0038373452,0.0249927094
1.6186666667,0.0213504541,0.0036516561,0.0250021102
1.6188333333,0.0215417727,0.0034698197,0.0250115924
1.6190000000,0.0217292356,0.0032919183,0.0250211539
1.6191666667,0.0219127602,0.0031180326,0.0250307928
1.6193333333,0.0220922653,0.0029482420,0.0250405073
1.6195000000,0.0222676719,0.0027826242,0.0250502960
1.6196666667,0.0224389022,0.0026212556,0.0250601577
1.6198333333,0.0226058807,0.0024642104,0.0250700911
1.6200000000,0.0227685334,0.0023115610,0.0250800944
1.6201666667,0.0229267885,0.0021633775,0.0250901660
1.6203333333,0.0230805757,0.0020197278,0.0251003035
1.6205000000,0.0232298269,0.0018806778,0.0251105048
1.6206666667,0.0233744760,0.0017462912,0.0251207672
1.6208333333,0.0235144587,0.0016166294,0.0251310881
1.6210000000,0.0236497129,0.0014917523,0.0251414652
1.6211666667,0.0237801785,0.0013717175,0.0251518960
1.6213333333,0.0239057974,0.0012565812,0.0251623786
1.6215000000,0.0240265139,0.0011463971,0.0251729110
1.6216666667,0.0241422740,0.0010412165,0.0251834905
1.6218333333,0.0242530263,0.0009410879,0.0251941143
1.6220000000,0.0243587213,0.0008460571,0.0252047784
1.6221666667,0.0244593117,0.0007561675,0.0252154792
1.6223333333,0.0245547526,0.0006714604,0.0252262130
1.6225000000,0.0246450012,0.0005919754,0.0252369766
1.6226666667,0.0247300170,0.0005177504,0.0252477674
1.6228333333,0.0248097618,0.0004488211,0.0252585829
1.6230000000,0.0248841996,0.0003852210,0.0252694207
1.6231666667,0.0249532968,0.0003269807,0.0252802775
1.6233333333,0.0250170221,0.0002741282,0.0252911503
1.6235000000,0.0250753465,0.0002266892,0.0253020357
1.6236666667,0.0251282434,0.0001846874,0.0253129309
1.6238333333,0.0251756887,0.0001481450,0.0253238337
1.6240000000,0.0252176603,0.0001170820,0.0253347424
1.6241666667,0.0252541390,0.0000915160,0.0253456550
1.6243333333,0.0252851076,0.0000714618,0.0253565694
1.6245000000,0.0253105515,0.0000569311,0.0253674826
1.6246666667,0.0253304586,0.0000479332,0.0253783919
1.6248333333,0.0253448192,0.0000444756,0.0253892948
1.6250000000,0.0253536259,0.0000465638,0.0254001897
1.6251666667,0.0253568739,0.0000542018,0.0254110757
1.6253333333,0.0253545608,0.0000673906,0.0254219513
1.6255000000,0.0253466864,0.0000861284,0.0254328148
1.6256666667,0.0253332534,0.0001104098,0.0254436632
1.6258333333,0.0253142665,0.0001402267,0.0254544932
1.6260000000,0.0252897329,0.0001755687,0.0254653016
1.6261666667,0.0252596625,0.0002164233,0.0254760857
1.6263333333,0.0252240672,0.0002627762,0.0254868435
1.6265000000,0.0251829617,0.0003146108,0.0254975725
1.6266666667,0.0251363629,0.0003719075,0.0255082704
1.6268333333,0.0250842902,0.0004346442,0.0255189344
1.6270000000,0.0250267653,0.0005027964,0.0255295617
1.6271666667,0.0249638126,0.0005763377,0.0255401502
1.6273333333,0.0248954587,0.0006552391,0.0255506978
1.6275000000,0.0248217326,0.0007394694,0.0255612020
1.6276666667,0.0247426659,0.0008289943,0.0255716601
1.6278333333,0.0246582921,0.0009237768,0.0255820690
1.6280000000,0.0245686476,0.0010237781,0.0255924257
1.6281666667,0.0244737707,0.0011289577,0.0256027284
1.6283333333,0.0243737021,0.0012392738,0.0256129759
1.6285000000,0.0242684849,0.0013546826,0.0256231675
1.6286666667,0.0241581643,0.0014751379,0.0256333022
1.6288333333,0.0240427878,0.0016005905,0.0256433783
1.6290000000,0.0239224052,0.0017309886,0.0256533938
1.6291666667,0.0237970685,0.0018662783,0.0256633468
1.6293333333,0.0236668318,0.0020064038,0.0256732356
1.6295000000,0.0235317514,0.0021513077,0.0256830591
1.6296666667,0.0233918859,0.0023009301,0.0256928161
1.6298333333,0.0232472961,0.0024552088,0.0257025049
1.6300000000,0.0230980446,0.0026140793,0.0257121239
1.6301666667,0.0229441963,0.0027774750,0.0257216713
1.6303333333,0.0227858181,0.0029453275,0.0257311456
1.6305000000,0.0226229789,0.0031175665,0.0257405454
1.6306666667,0.0224557496,0.0032941197,0.0257498693
1.6308333333,0.0222842030,0.0034749125,0.0257591154
1.6310000000,0.0221084139,0.0036598681,0.0257682819
1.6311666667,0.0219284589,0.0038489079,0.0257773668
1.6313333333,0.0217444165,0.0040419517,0.0257863682
1.6315000000,0.0215563670,0.0042389173,0.0257952843
1.6316666667,0.0213643926,0.0044397205,0.0258041131
1.6318333333,0.0211685771,0.0046442750,0.0258128521
1.6320000000,0.0209690062,0.0048524930,0.0258214992
1.6321666667,0.0207657671,0.0050642853,0.0258300524
1.6323333333,0.0205589488,0.0052795616,0.0258385105
1.6325000000,0.0203486418,0.0054982307,0.0258468726
1.6326666667,0.0201349382,0.0057201995,0.0258551378
1.6328333333,0.0199179317,0.0059453730,0.0258633047
1.6330000000,0.0196977173,0.0061736540,0.0258713713
1.6331666667,0.0194743915,0.0064049437,0.0258793352
1.6333333333,0.0192480523,0.0066391422,0.0258871945
1.6335000000,0.0190187990,0.0068761489,0.0258949479
1.6336666667,0.0187867323,0.0071158624,0.0259025946
1.6338333333,0.0185519539,0.0073581804,0.0259101343
1.6340000000,0.0183145671,0.0076029995,0.0259175665
1.6341666667,0.0180746762,0.0078502147,0.0259248908
1.6343333333,0.0178323866,0.0080997199,0.0259321065
1.6345000000,0.0175878051,0.0083514078,0.0259392129
1.6346666667,0.0173410391,0.0086051702,0.0259462093
1.6348333333,0.0170921974,0.0088608977,0.0259530951
1.6350000000,0.0168413894,0.0091184804,0.0259598698
1.6351666667,0.0165887256,0.0093778074,0.0259665330
1.6353333333,0.0163343173,0.0096387673,0.0259730846
1.6355000000,0.0160782767,0.0099012479,0.0259795246
1.6356666667,0.0158207166,0.0101651363,0.0259858528
1.6358333333,0.0155617506,0.0104303184,0.0259920690
1.6360000000,0.0153014931,0.0106966797,0.0259981728
1.6361666667,0.0150400590,0.0109641049,0.0260041639
1.6363333333,0.0147775636,0.0112324787,0.0260100423
1.6365000000,0.0145141231,0.0115016849,0.0260158080
1.6366666667,0.0142498538,0.0117716070,0.0260214608
1.6368333333,0.0139848728,0.0120421275,0.0260270003
1.6370000000,0.0137192971,0.0123131288,0.0260324258
1.6371666667,0.0134532443,0.0125844926,0.0260377369
1.6373333333,0.0131868322,0.0128561010,0.0260429332
1.6375000000,0.0129201786,0.0131278363,0.0260480150
1.6376666667,0.0126534018,0.0133995808,0.0260529826
1.6378333333,0.0123866198,0.0136712166,0.0260578364
1.6380000000,0.0121199509,0.0139426257,0.0260625767
1.6381666667,0.0118535135,0.0142136901,0.0260672036
1.6383333333,0.0115874257,0.0144842920,0.0260717177
1.6385000000,0.0113218056,0.0147543140,0.0260761196
1.6386666667,0.0110567711,0.0150236388,0.0260804099
1.6388333333,0.0107924401,0.0152921492,0.0260845892
1.6390000000,0.0105289300,0.0155597281,0.0260886580
1.6391666667,0.0102663581,0.0158262586,0.0260926166
1.6393333333,0.0100048411,0.0160916245,0.0260964656
1.6395000000,0.0097444955,0.0163557104,0.0261002059
1.6396666667,0.0094854371,0.0166184017,0.0261038388
1.6398333333,0.0092277814,0.0168795842,0.0261073656
1.6400000000,0.0089716432,0.0171391439,0.0261107871
1.6401666667,0.0087171367,0.0173969670,0.0261141037
1.6403333333,0.0084643753,0.0176529403,0.0261173156
1.6405000000,0.0082134719,0.0179069513,0.0261204232
1.6406666667,0.0079645385,0.0181588885,0.0261234270
1.6408333333,0.0077176864,0.0184086418,0.0261263282
1.6410000000,0.0074730258,0.0186561021,0.0261291279
1.6411666667,0.0072306663,0.0189011611,0.0261318274
1.6413333333,0.0069907162,0.0191437114,0.0261344276
1.6415000000,0.0067532832,0.0193836465,0.0261369297
1.6416666667,0.0065184735,0.0196208614,0.0261393349
1.6418333333,0.0062863924,0.0198552522,0.0261416446
1.6420000000,0.0060571440,0.0200867165,0.0261438605
1.6421666667,0.0058308312,0.0203151532,0.0261459844
1.6423333333,0.0056075556,0.0205404626,0.0261480181
1.6425000000,0.0053874175,0.0207625458,0.0261499633
1.6426666667,0.0051705160,0.0209813055,0.0261518215
1.6428333333,0.0049569488,0.0211966459,0.0261535946
1.6430000000,0.0047468120,0.0214084724,0.0261552844
1.6431666667,0.0045402006,0.0216166922,0.0261568928
1.6433333333,0.0043372078,0.0218212140,0.0261584218
1.6435000000,0.0041379254,0.0220219477,0.0261598731
1.6436666667,0.0039424435,0.0222188051,0.0261612485
1.6438333333,0.0037508507,0.0224116991,0.0261625497
1.6440000000,0.0035632337,0.0226005447,0.0261637784
1.6441666667,0.0033796778,0.0227852584,0.0261649362
1.6443333333,0.0032002662,0.0229657585,0.0261660247
1.6445000000,0.0030250805,0.0231419649,0.0261670454
1.6446666667,0.0028542003,0.0233137995,0.0261679998
1.6448333333,0.0026877037,0.0234811860,0.0261688897
1.6450000000,0.0025256666,0.0236440503,0.0261697169
1.6451666667,0.0023681630,0.0238023206,0.0261704836
1.6453333333,0.0022152651,0.0239559268,0.0261711919
1.6455000000,0.0020670429,0.0241048011,0.0261718440
1.6456666667,0.0019235646,0.0242488773,0.0261724419
1.6458333333,0.0017848961,0.0243880914,0.0261729876
1.6460000000,0.0016511015,0.0245223816,0.0261734831
1.6461666667,0.0015222423,0.0246516884,0.0261739307
1.6463333333,0.0013983784,0.0247759545,0.0261743329
1.6465000000,0.0012795671,0.0248951248,0.0261746920
1.6466666667,0.0011658639,0.0250091466,0.0261750104
1.6468333333,0.0010573218,0.0251179688,0.0261752906
1.6470000000,0.0009539916,0.0252215431,0.0261755347
1.6471666667,0.0008559221,0.0253198231,0.0261757452
1.6473333333,0.0007631595,0.0254127649,0.0261759244
1.6475000000,0.0006757478,0.0255003269,0.0261760747
1.6476666667,0.0005937287,0.0255824696,0.0261761984
1.6478333333,0.0005171416,0.0256591561,0.0261762977
1.6480000000,0.0004460233,0.0257303516,0.0261763749
1.6481666667,0.0003804084,0.0257960237,0.0261764321
1.6483333333,0.0003203291,0.0258561427,0.0261764718
1.6485000000,0.0002658151,0.0259106812,0.0261764963
1.6486666667,0.0002168938,0.0259596143,0.0261765081
1.6488333333,0.0001735899,0.0260029195,0.0261765093
1.6490000000,0.0001359260,0.0260405766,0.0261765025
1.6491666667,0.0001039219,0.0260725681,0.0261764900
1.6493333333,0.0000775952,0.0260988789,0.0261764741
1.6495000000,0.0000569608,0.0261194964,0.0261764572
1.6496666667,0.0000420311,0.0261344106,0.0261764417
1.6498333333,0.0000328161,0.0261436140,0.0261764301
1.6500000000,0.0000293233,0.0261471015,0.0261764248
1.6501666667,0.0000315576,0.0261448705,0.0261764281
1.6503333333,0.0000395215,0.0261369210,0.0261764424
1.6505000000,0.0000532149,0.0261232554,0.0261764703
1.6506666667,0.0000726353,0.0261038786,0.0261765139
1.6508333333,0.0000977776,0.0260787981,0.0261765758
1.6510000000,0.0001286343,0.0260480238,0.0261766581
1.6511666667,0.0001651951,0.0260115682,0.0261767633
1.6513333333,0.0002074474,0.0259694462,0.0261768936
1.6515000000,0.0002553763,0.0259216753,0.0261770515
1.6516666667,0.0003089639,0.0258682755,0.0261772394
1.6518333333,0.0003681902,0.0258092693,0.0261774595
1.6520000000,0.0004330325,0.0257446816,0.0261777141
1.6521666667,0.0005034658,0.0256745396,0.0261780054
1.6523333333,0.0005794626,0.0255988731,0.0261783357
1.6525000000,0.0006609930,0.0255177141,0.0261787071
1.6526666667,0.0007480245,0.0254310972,0.0261791217
1.6528333333,0.0008405224,0.0253390596,0.0261795820
1.6530000000,0.0009384493,0.0252416407,0.0261800900
1.6531666667,0.0010417655,0.0251388825,0.0261806480
1.6533333333,0.0011504291,0.0250308291,0.0261812582
1.6535000000,0.0012643955,0.0249175271,0.0261819226
1.6536666667,0.0013836180,0.0247990254,0.0261826434
1.6538333333,0.0015080476,0.0246753752,0.0261834228
1.6540000000,0.0016376328,0.0245466298,0.0261842626
1.6541666667,0.0017723200,0.0244128449,0.0261851649
1.6543333333,0.0019120534,0.0242740782,0.0261861316
1.6545000000,0.0020567747,0.0241303899,0.0261871645
1.6546666667,0.0022064236,0.0239818420,0.0261882656
1.6548333333,0.0023609375,0.0238284992,0.0261894368
1.6550000000,0.0025202518,0.0236704283,0.0261906801
1.6551666667,0.0026842996,0.0235076978,0.0261919974
1.6553333333,0.0028530118,0.0233403788,0.0261933906
1.6555000000,0.0030263175,0.0231685438,0.0261948612
1.6556666667,0.0032041435,0.0229922677,0.0261964112
1.6558333333,0.0033864147,0.0228116274,0.0261980422
1.6560000000,0.0035730543,0.0226267017,0.0261997560
1.6561666667,0.0037639830,0.0224375712,0.0262015542
1.6563333333,0.0039591200,0.0222443184,0.0262034384
1.6565000000,0.0041583826,0.0220470276,0.0262054102
1.6566666667,0.0043616860,0.0218457850,0.0262074710
1.6568333333,0.0045689438,0.0216406787,0.0262096225
1.6570000000,0.0047800677,0.0214317987,0.0262118664
1.6571666667,0.0049949678,0.0212192364,0.0262142043
1.6573333333,0.0052135524,0.0210030849,0.0262166374
1.6575000000,0.0054357282,0.0207834385,0.0262191667
1.6576666667,0.0056614002,0.0205603930,0.0262217932
1.6578333333,0.0058904720,0.0203340457,0.0262245177
1.6580000000,0.0061228456,0.0201044956,0.0262273413
1.6581666667,0.0063584216,0.0198718434,0.0262302650
1.6583333333,0.0065970990,0.0196361910,0.0262332900
1.6585000000,0.0068387754,0.0193976417,0.0262364172
1.6586666667,0.0070833473,0.0191563004,0.0262396477
1.6588333333,0.0073307095,0.0189122733,0.0262429828
1.6590000000,0.0075807558,0.0186656676,0.0262464234
1.6591666667,0.0078333787,0.0184165920,0.0262499707
1.6593333333,0.0080884694,0.0181651561,0.0262536255
1.6595000000,0.0083459183,0.0179114703,0.0262573886
1.6596666667,0.0086056143,0.0176556465,0.0262612608
1.6598333333,0.0088674457,0.0173977973,0.0262652430
1.6600000000,0.0091312996,0.0171380367,0.0262693362
1.6601666667,0.0093970621,0.0168764796,0.0262735417
1.6603333333,0.0096646185,0.0166132417,0.0262778602
1.6605000000,0.0099338534,0.0163484390,0.0262822923
1.6606666667,0.0102046503,0.0160821880,0.0262868383
1.6608333333,0.0104768921,0.0158146059,0.0262914979
1.6610000000,0.0107504611,0.0155458100,0.0262962711
1.6611666667,0.0110252390,0.0152759186,0.0263011576
1.6613333333,0.0113011068,0.0150050504,0.0263061572
1.6615000000,0.0115779452,0.0147333248,0.0263112701
1.6616666667,0.0118556342,0.0144608619,0.0263164961
1.6618333333,0.0121340536,0.0141877818,0.0263218354
1.6620000000,0.0124130825,0.0139142051,0.0263272876
1.6621666667,0.0126926001,0.0136402525,0.0263328526
1.6623333333,0.0129724851,0.0133660453,0.0263385304
1.6625000000,0.0132526159,0.0130917051,0.0263443210
1.6626666667,0.0135328708,0.0128173540,0.0263502248
1.6628333333,0.0138131283,0.0125431141,0.0263562424
1.6630000000,0.0140932663,0.0122691076,0.0263623739
1.6631666667,0.0143731632,0.0119954560,0.0263686192
1.6633333333,0.0146526972,0.0117222807,0.0263749780
1.6635000000,0.0149317468,0.0114497029,0.0263814497
1.6636666667,0.0152101904,0.0111778440,0.0263880344
1.6638333333,0.0154879068,0.0109068255,0.0263947323
1.6640000000,0.0157647750,0.0106367681,0.0264015432
1.6641666667,0.0160406744,0.0103677920,0.0264084664
1.6643333333,0.0163154847,0.0101000159,0.0264155006
1.6645000000,0.0165890859,0.0098335578,0.0264226438
1.6646666667,0.0168613589,0.0095685354,0.0264298943
1.6648333333,0.0171321848,0.0093050664,0.0264372512
1.6650000000,0.0174014454,0.0090432681,0.0264447136
1.6651666667,0.0176690232,0.0087832576,0.0264522808
1.6653333333,0.0179348012,0.0085251506,0.0264599518
1.6655000000,0.0181986634,0.0082690618,0.0264677252
1.6656666667,0.0184604945,0.0080151054,0.0264755999
1.6658333333,0.0187201798,0.0077633952,0.0264835750
1.6660000000,0.0189776059,0.0075140442,0.0264916501
1.6661666667,0.0192326601,0.0072671645,0.0264998246
1.6663333333,0.0194852307,0.0070228670,0.0265080976
1.6665000000,0.0197352071,0.0067812606,0.0265164677
1.6666666667,0.0199824799,0.0065424534,0.0265249333
