t,Ekin,Epot,Etot
0.0000000000,0.0000000000,0.0000000000,0.0000000000
0.0001666667,0.0000000000,0.0000000000,0.0000000000
0.0003333333,0.0000000002,0.0000000000,0.0000000002
0.0005000000,0.0000000006,0.0000000003,0.0000000008
0.0006666667,0.0000000012,0.0000000010,0.0000000022
0.0008333333,0.0000000023,0.0000000022,0.0000000044
0.0010000000,0.0000000038,0.0000000037,0.0000000075
0.0011666667,0.0000000060,0.0000000056,0.0000000116
0.0013333333,0.0000000089,0.0000000083,0.0000000171
0.0015000000,0.0000000126,0.0000000119,0.0000000245
0.0016666667,0.0000000172,0.0000000167,0.0000000339
0.0018333333,0.0000000228,0.0000000225,0.0000000453
0.0020000000,0.0000000295,0.0000000291,0.0000000586
0.0021666667,0.0000000374,0.0000000367,0.0000000741
0.0023333333,0.0000000466,0.0000000456,0.0000000922
0.0025000000,0.0000000573,0.0000000562,0.0000001135
0.0026666667,0.0000000694,0.0000000686,0.0000001380
0.0028333333,0.0000000831,0.0000000826,0.0000001657
0.0030000000,0.0000000985,0.0000000979,0.0000001963
0.0031666667,0.0000001157,0.0000001147,0.0000002303
0.0033333333,0.0000001347,0.0000001334,0.0000002681
0.0035000000,0.0000001558,0.0000001545,0.0000003102
0.0036666667,0.0000001789,0.0000001779,0.0000003568
0.0038333333,0.0000002041,0.0000002034,0.0000004076
0.0040000000,0.0000002316,0.0000002308,0.0000004624
0.0041666667,0.0000002615,0.0000002602,0.0000005217
0.0043333333,0.0000002937,0.0000002921,0.0000005858
0.0045000000,0.0000003285,0.0000003269,0.0000006554
0.0046666667,0.0000003659,0.0000003647,0.0000007306
0.0048333333,0.0000004059,0.0000004050,0.0000008110
0.0050000000,0.0000004488,0.0000004477,0.0000008965
0.0051666667,0.0000004944,0.0000004929,0.0000009873
0.0053333333,0.0000005430,0.0000005411,0.0000010841
0.0055000000,0.0000005947,0.0000005928,0.0000011874
0.0056666667,0.0000006494,0.0000006479,0.0000012973
0.0058333333,0.0000007072,0.0000007061,0.0000014133
0.0060000000,0.0000007683,0.0000007671,0.0000015354
0.0061666667,0.0000008328,0.0000008310,0.0000016637
0.0063333333,0.0000009006,0.0000008984,0.0000017990
0.0065000000,0.0000009719,0.0000009697,0.0000019416
0.0066666667,0.0000010467,0.0000010450,0.0000020917
0.0068333333,0.0000011251,0.0000011238,0.0000022489
0.0070000000,0.0000012072,0.0000012058,0.0000024130
0.0071666667,0.0000012930,0.0000012910,0.0000025841
0.0073333333,0.0000013826,0.0000013802,0.0000027629
0.0075000000,0.0000014761,0.0000014738,0.0000029500
0.0076666667,0.0000015736,0.0000015717,0.0000031453
0.0078333333,0.0000016749,0.0000016735,0.0000033484
0.0080000000,0.0000017804,0.0000017788,0.0000035591
0.0081666667,0.0000018899,0.0000018877,0.0000037776
0.0083333333,0.0000020035,0.0000020009,0.0000040045
0.0085000000,0.0000021214,0.0000021189,0.0000042403
0.0086666667,0.0000022435,0.0000022416,0.0000044851
0.0088333333,0.0000023699,0.0000023684,0.0000047383
0.0090000000,0.0000025007,0.0000024990,0.0000049997
0.0091666667,0.0000026358,0.0000026335,0.0000052693
0.0093333333,0.0000027754,0.0000027726,0.0000055480
0.0095000000,0.0000029194,0.0000029168,0.0000058362
0.0096666667,0.0000030679,0.0000030659,0.0000061338
0.0098333333,0.0000032210,0.0000032194,0.0000064404
0.0100000000,0.0000033787,0.0000033769,0.0000067556
0.0101666667,0.0000035409,0.0000035386,0.0000070795
0.0103333333,0.0000037079,0.0000037050,0.0000074129
0.0105000000,0.0000038794,0.0000038767,0.0000077562
0.0106666667,0.0000040557,0.0000040536,0.0000081093
0.0108333333,0.0000042367,0.0000042351,0.0000084718
0.0110000000,0.0000044224,0.0000044207,0.0000088431
0.0111666667,0.0000046129,0.0000046105,0.0000092235
0.0113333333,0.0000048082,0.0000048053,0.0000096135
0.0115000000,0.0000050083,0.0000050055,0.0000100138
0.0116666667,0.0000052132,0.0000052111,0.0000104242
0.0118333333,0.0000054229,0.0000054213,0.0000108441
0.0120000000,0.0000056374,0.0000056356,0.0000112730
0.0121666667,0.0000058568,0.0000058544,0.0000117111
0.0123333333,0.0000060810,0.0000060781,0.0000121591
0.0125000000,0.0000063101,0.0000063073,0.0000126174
0.0126666667,0.0000065440,0.0000065419,0.0000130859
0.0128333333,0.0000067827,0.0000067811,0.0000135639
0.0130000000,0.0000070263,0.0000070246,0.0000140509
0.0131666667,0.0000072747,0.0000072724,0.0000145471
0.0133333333,0.0000075280,0.0000075252,0.0000150532
0.0135000000,0.0000077861,0.0000077834,0.0000155695
0.0136666667,0.0000080490,0.0000080470,0.0000160960
0.0138333333,0.0000083167,0.0000083152,0.0000166319
0.0140000000,0.0000085892,0.0000085875,0.0000171767
0.0141666667,0.0000088664,0.0000088641,0.0000177305
0.0143333333,0.0000091484,0.0000091456,0.0000182940
0.0145000000,0.0000094351,0.0000094325,0.0000188675
0.0146666667,0.0000097265,0.0000097246,0.0000194510
0.0148333333,0.0000100225,0.0000100212,0.0000200437
0.0150000000,0.0000103232,0.0000103217,0.0000206449
0.0151666667,0.0000106285,0.0000106264,0.0000212549
0.0153333333,0.0000109384,0.0000109358,0.0000218742
0.0155000000,0.0000112528,0.0000112504,0.0000225032
0.0156666667,0.0000115718,0.0000115700,0.0000231418
0.0158333333,0.0000118952,0.0000118940,0.0000237892
0.0160000000,0.0000122230,0.0000122217,0.0000244447
0.0161666667,0.0000125552,0.0000125532,0.0000251085
0.0163333333,0.0000128918,0.0000128893,0.0000257811
0.0165000000,0.0000132327,0.0000132304,0.0000264631
0.0166666667,0.0000135778,0.0000135762,0.0000271540
0.0168333333,0.0000139271,0.0000139261,0.0000278532
0.0170000000,0.0000142805,0.0000142794,0.0000285599
0.0171666667,0.0000146381,0.0000146363,0.0000292744
0.0173333333,0.0000149997,0.0000149974,0.0000299970
0.0175000000,0.0000153652,0.0000153632,0.0000307284
0.0176666667,0.0000157347,0.0000157334,0.0000314681
0.0178333333,0.0000161081,0.0000161073,0.0000322154
0.0180000000,0.0000164852,0.0000164843,0.0000329695
0.0181666667,0.0000168661,0.0000168645,0.0000337306
0.0183333333,0.0000172506,0.0000172486,0.0000344992
0.0185000000,0.0000176388,0.0000176370,0.0000352758
0.0186666667,0.0000180305,0.0000180294,0.0000360599
0.0188333333,0.0000184256,0.0000184251,0.0000368508
0.0190000000,0.0000188242,0.0000188235,0.0000376477
0.0191666667,0.0000192260,0.0000192248,0.0000384508
0.0193333333,0.0000196311,0.0000196294,0.0000392605
0.0195000000,0.0000200394,0.0000200379,0.0000400773
0.0196666667,0.0000204508,0.0000204500,0.0000409008
0.0198333333,0.0000208651,0.0000208649,0.0000417301
0.0200000000,0.0000212824,0.0000212821,0.0000425646
0.0201666667,0.0000217026,0.0000217016,0.0000434042
0.0203333333,0.0000221255,0.0000221241,0.0000442496
0.0205000000,0.0000225511,0.0000225499,0.0000451010
0.0206666667,0.0000229793,0.0000229789,0.0000459582
0.0208333333,0.0000234100,0.0000234102,0.0000468202
0.0210000000,0.0000238432,0.0000238432,0.0000476863
0.0211666667,0.0000242786,0.0000242780,0.0000485566
0.0213333333,0.0000247164,0.0000247153,0.0000494316
0.0215000000,0.0000251562,0.0000251554,0.0000503116
0.0216666667,0.0000255982,0.0000255981,0.0000511962
0.0218333333,0.0000260421,0.0000260425,0.0000520846
0.0220000000,0.0000264879,0.0000264882,0.0000529761
0.0221666667,0.0000269354,0.0000269352,0.0000538706
0.0223333333,0.0000273847,0.0000273840,0.0000547687
0.0225000000,0.0000278356,0.0000278351,0.0000556706
0.0226666667,0.0000282879,0.0000282882,0.0000565761
0.0228333333,0.0000287417,0.0000287425,0.0000574842
0.0230000000,0.0000291967,0.0000291974,0.0000583942
0.0231666667,0.0000296530,0.0000296531,0.0000593061
0.0233333333,0.0000301104,0.0000301100,0.0000602204
0.0235000000,0.0000305688,0.0000305686,0.0000611374
0.0236666667,0.0000310280,0.0000310287,0.0000620567
0.0238333333,0.0000314881,0.0000314893,0.0000629775
0.0240000000,0.0000319489,0.0000319500,0.0000638990
0.0241666667,0.0000324104,0.0000324108,0.0000648212
0.0243333333,0.0000328723,0.0000328723,0.0000657446
0.0245000000,0.0000333346,0.0000333349,0.0000666695
0.0246666667,0.0000337972,0.0000337982,0.0000675955
0.0248333333,0.0000342601,0.0000342616,0.0000685217
0.0250000000,0.0000347230,0.0000347245,0.0000694475
0.0251666667,0.0000351860,0.0000351868,0.0000703728
0.0253333333,0.0000356488,0.0000356492,0.0000712980
0.0255000000,0.0000361114,0.0000361121,0.0000722235
0.0256666667,0.0000365738,0.0000365751,0.0000731489
0.0258333333,0.0000370357,0.0000370376,0.0000740733
0.0260000000,0.0000374971,0.0000374989,0.0000749960
0.0261666667,0.0000379579,0.0000379591,0.0000759170
0.0263333333,0.0000384180,0.0000384188,0.0000768368
0.0265000000,0.0000388773,0.0000388784,0.0000777557
0.0266666667,0.0000393357,0.0000393374,0.0000786731
0.0268333333,0.0000397931,0.0000397953,0.0000795884
0.0270000000,0.0000402493,0.0000402515,0.0000805009
0.0271666667,0.0000407044,0.0000407060,0.0000814104
0.0273333333,0.0000411582,0.0000411594,0.0000823176
0.0275000000,0.0000416105,0.0000416120,0.0000832225
0.0276666667,0.0000420614,0.0000420635,0.0000841249
0.0278333333,0.0000425107,0.0000425133,0.0000850240
0.0280000000,0.0000429583,0.0000429608,0.0000859190
0.0281666667,0.0000434041,0.0000434060,0.0000868101
0.0283333333,0.0000438480,0.0000438496,0.0000876975
0.0285000000,0.0000442899,0.0000442917,0.0000885816
0.0286666667,0.0000447298,0.0000447323,0.0000894621
0.0288333333,0.0000451675,0.0000451705,0.0000903380
0.0290000000,0.0000456030,0.0000456059,0.0000912089
0.0291666667,0.0000460362,0.0000460385,0.0000920747
0.0293333333,0.0000464669,0.0000464688,0.0000929357
0.0295000000,0.0000468951,0.0000468973,0.0000937924
0.0296666667,0.0000473207,0.0000473235,0.0000946442
0.0298333333,0.0000477437,0.0000477469,0.0000954906
0.0300000000,0.0000481638,0.0000481670,0.0000963308
0.0301666667,0.0000485812,0.0000485838,0.0000971650
0.0303333333,0.0000489955,0.0000489978,0.0000979934
0.0305000000,0.0000494069,0.0000494094,0.0000988163
0.0306666667,0.0000498152,0.0000498183,0.0000996335
0.0308333333,0.0000502203,0.0000502239,0.0001004442
0.0310000000,0.0000506222,0.0000506257,0.0001012479
0.0311666667,0.0000510208,0.0000510237,0.0001020445
0.0313333333,0.0000514159,0.0000514185,0.0001028345
0.0315000000,0.0000518076,0.0000518104,0.0001036181
0.0316666667,0.0000521958,0.0000521992,0.0001043950
0.0318333333,0.0000525804,0.0000525842,0.0001051646
0.0320000000,0.0000529613,0.0000529650,0.0001059263
0.0321666667,0.0000533385,0.0000533417,0.0001066801
0.0323333333,0.0000537118,0.0000537147,0.0001074265
0.0325000000,0.0000540813,0.0000540844,0.0001081657
0.0326666667,0.0000544469,0.0000544505,0.0001088974
0.0328333333,0.0000548085,0.0000548125,0.0001096211
0.0330000000,0.0000551661,0.0000551700,0.0001103361
0.0331666667,0.0000555196,0.0000555230,0.0001110426
0.0333333333,0.0000558689,0.0000558720,0.0001117409
0.0335000000,0.0000562140,0.0000562173,0.0001124313
0.0336666667,0.0000565549,0.0000565587,0.0001131136
0.0338333333,0.0000568915,0.0000568957,0.0001137872
0.0340000000,0.0000572237,0.0000572279,0.0001144516
0.0341666667,0.0000575516,0.0000575553,0.0001151069
0.0343333333,0.0000578750,0.0000578784,0.0001157534
0.0345000000,0.0000581940,0.0000581975,0.0001163915
0.0346666667,0.0000585084,0.0000585124,0.0001170209
0.0348333333,0.0000588184,0.0000588227,0.0001176411
0.0350000000,0.0000591237,0.0000591280,0.0001182516
0.0351666667,0.0000594244,0.0000594283,0.0001188527
0.0353333333,0.0000597205,0.0000597240,0.0001194445
0.0355000000,0.0000600119,0.0000600156,0.0001200275
0.0356666667,0.0000602986,0.0000603028,0.0001206014
0.0358333333,0.0000605806,0.0000605851,0.0001211657
0.0360000000,0.0000608579,0.0000608623,0.0001217202
0.0361666667,0.0000611304,0.0000611344,0.0001222648
0.0363333333,0.0000613981,0.0000614018,0.0001227999
0.0365000000,0.0000616610,0.0000616648,0.0001233259
0.0366666667,0.0000619191,0.0000619234,0.0001238425
0.0368333333,0.0000621724,0.0000621770,0.0001243494
0.0370000000,0.0000624209,0.0000624253,0.0001248462
0.0371666667,0.0000626645,0.0000626686,0.0001253331
0.0373333333,0.0000629033,0.0000629071,0.0001258104
0.0375000000,0.0000631372,0.0000631411,0.0001262784
0.0376666667,0.0000633663,0.0000633706,0.0001267369
0.0378333333,0.0000635906,0.0000635951,0.0001271857
0.0380000000,0.0000638100,0.0000638144,0.0001276244
0.0381666667,0.0000640245,0.0000640286,0.0001280531
0.0383333333,0.0000642343,0.0000642381,0.0001284723
0.0385000000,0.0000644392,0.0000644431,0.0001288822
0.0386666667,0.0000646393,0.0000646435,0.0001292828
0.0388333333,0.0000648346,0.0000648391,0.0001296736
0.0390000000,0.0000650251,0.0000650295,0.0001300546
0.0391666667,0.0000652109,0.0000652149,0.0001304258
0.0393333333,0.0000653919,0.0000653957,0.0001307876
0.0395000000,0.0000655682,0.0000655721,0.0001311403
0.0396666667,0.0000657398,0.0000657440,0.0001314838
0.0398333333,0.0000659067,0.0000659112,0.0001318179
0.0400000000,0.0000660690,0.0000660734,0.0001321424
0.0401666667,0.0000662267,0.0000662307,0.0001324574
0.0403333333,0.0000663798,0.0000663836,0.0001327634
0.0405000000,0.0000665284,0.0000665322,0.0001330606
0.0406666667,0.0000666724,0.0000666766,0.0001333490
0.0408333333,0.0000668120,0.0000668163,0.0001336283
0.0410000000,0.0000669472,0.0000669514,0.0001338986
0.0411666667,0.0000670779,0.0000670819,0.0001341598
0.0413333333,0.0000672044,0.0000672081,0.0001344125
0.0415000000,0.0000673265,0.0000673303,0.0001346568
0.0416666667,0.0000674444,0.0000674484,0.0001348928
0.0418333333,0.0000675581,0.0000675623,0.0001351203
0.0420000000,0.0000676676,0.0000676717,0.0001353393
0.0421666667,0.0000677731,0.0000677769,0.0001355500
0.0423333333,0.0000678745,0.0000678781,0.0001357526
0.0425000000,0.0000679719,0.0000679756,0.0001359475
0.0426666667,0.0000680654,0.0000680693,0.0001361347
0.0428333333,0.0000681551,0.0000681591,0.0001363141
0.0430000000,0.0000682409,0.0000682448,0.0001364857
0.0431666667,0.0000683230,0.0000683267,0.0001366497
0.0433333333,0.0000684015,0.0000684049,0.0001368064
0.0435000000,0.0000684763,0.0000684798,0.0001369561
0.0436666667,0.0000685476,0.0000685513,0.0001370989
0.0438333333,0.0000686154,0.0000686192,0.0001372347
0.0440000000,0.0000686799,0.0000686836,0.0001373635
0.0441666667,0.0000687410,0.0000687445,0.0001374855
0.0443333333,0.0000687989,0.0000688022,0.0001376011
0.0445000000,0.0000688536,0.0000688569,0.0001377106
0.0446666667,0.0000689053,0.0000689087,0.0001378140
0.0448333333,0.0000689539,0.0000689574,0.0001379113
0.0450000000,0.0000689996,0.0000690030,0.0001380026
0.0451666667,0.0000690424,0.0000690456,0.0001380880
0.0453333333,0.0000690825,0.0000690856,0.0001381680
0.0455000000,0.0000691199,0.0000691229,0.0001382428
0.0456666667,0.0000691546,0.0000691578,0.0001383125
0.0458333333,0.0000691869,0.0000691902,0.0001383771
0.0460000000,0.0000692168,0.0000692199,0.0001384367
0.0461666667,0.0000692443,0.0000692473,0.0001384916
0.0463333333,0.0000692696,0.0000692724,0.0001385420
0.0465000000,0.0000692927,0.0000692955,0.0001385882
0.0466666667,0.0000693137,0.0000693166,0.0001386304
0.0468333333,0.0000693328,0.0000693357,0.0001386685
0.0470000000,0.0000693500,0.0000693529,0.0001387029
0.0471666667,0.0000693654,0.0000693681,0.0001387336
0.0473333333,0.0000693791,0.0000693818,0.0001387609
0.0475000000,0.0000693913,0.0000693939,0.0001387851
0.0476666667,0.0000694019,0.0000694045,0.0001388064
0.0478333333,0.0000694111,0.0000694137,0.0001388249
0.0480000000,0.0000694191,0.0000694216,0.0001388407
0.0481666667,0.0000694258,0.0000694282,0.0001388540
0.0483333333,0.0000694314,0.0000694337,0.0001388651
0.0485000000,0.0000694360,0.0000694383,0.0001388743
0.0486666667,0.0000694397,0.0000694420,0.0001388817
0.0488333333,0.0000694425,0.0000694449,0.0001388874
0.0490000000,0.0000694447,0.0000694470,0.0001388917
0.0491666667,0.0000694463,0.0000694485,0.0001388948
0.0493333333,0.0000694473,0.0000694496,0.0001388968
0.0495000000,0.0000694478,0.0000694503,0.0001388981
0.0496666667,0.0000694480,0.0000694508,0.0001388988
0.0498333333,0.0000694478,0.0000694512,0.0001388990
0.0500000000,0.0000694474,0.0000694517,0.0001388990
0.0501666667,0.0000694466,0.0000694525,0.0001388991
0.0503333333,0.0000694454,0.0000694539,0.0001388993
0.0505000000,0.0000694438,0.0000694562,0.0001388999
0.0506666667,0.0000694414,0.0000694597,0.0001389011
0.0508333333,0.0000694382,0.0000694650,0.0001389031
0.0510000000,0.0000694337,0.0000694725,0.0001389062
0.0511666667,0.0000694275,0.0000694829,0.0001389105
0.0513333333,0.0000694194,0.0000694968,0.0001389162
0.0515000000,0.0000694088,0.0000695146,0.0001389235
0.0516666667,0.0000693955,0.0000695371,0.0001389325
0.0518333333,0.0000693790,0.0000695646,0.0001389436
0.0520000000,0.0000693591,0.0000695979,0.0001389570
0.0521666667,0.0000693355,0.0000696372,0.0001389728
0.0523333333,0.0000693082,0.0000696830,0.0001389912
0.0525000000,0.0000692767,0.0000697356,0.0001390123
0.0526666667,0.0000692410,0.0000697954,0.0001390364
0.0528333333,0.0000692007,0.0000698630,0.0001390637
0.0530000000,0.0000691555,0.0000699390,0.0001390944
0.0531666667,0.0000691051,0.0000700238,0.0001391288
0.0533333333,0.0000690491,0.0000701178,0.0001391669
0.0535000000,0.0000689874,0.0000702215,0.0001392089
0.0536666667,0.0000689198,0.0000703351,0.0001392549
0.0538333333,0.0000688461,0.0000704592,0.0001393053
0.0540000000,0.0000687660,0.0000705942,0.0001393602
0.0541666667,0.0000686794,0.0000707405,0.0001394199
0.0543333333,0.0000685860,0.0000708985,0.0001394844
0.0545000000,0.0000684854,0.0000710684,0.0001395539
0.0546666667,0.0000683777,0.0000712507,0.0001396284
0.0548333333,0.0000682624,0.0000714459,0.0001397083
0.0550000000,0.0000681396,0.0000716543,0.0001397939
0.0551666667,0.0000680091,0.0000718762,0.0001398853
0.0553333333,0.0000678707,0.0000721119,0.0001399825
0.0555000000,0.0000677241,0.0000723615,0.0001400856
0.0556666667,0.0000675692,0.0000726255,0.0001401948
0.0558333333,0.0000674060,0.0000729044,0.0001403103
0.0560000000,0.0000672342,0.0000731983,0.0001404325
0.0561666667,0.0000670538,0.0000735077,0.0001405615
0.0563333333,0.0000668646,0.0000738325,0.0001406971
0.0565000000,0.0000666666,0.0000741730,0.0001408396
0.0566666667,0.0000664596,0.0000745293,0.0001409890
0.0568333333,0.0000662436,0.0000749020,0.0001411456
0.0570000000,0.0000660184,0.0000752913,0.0001413098
0.0571666667,0.0000657841,0.0000756974,0.0001414815
0.0573333333,0.0000655406,0.0000761202,0.0001416608
0.0575000000,0.0000652878,0.0000765598,0.0001418477
0.0576666667,0.0000650257,0.0000770165,0.0001420422
0.0578333333,0.0000647543,0.0000774905,0.0001422448
0.0580000000,0.0000644736,0.0000779820,0.0001424556
0.0581666667,0.0000641835,0.0000784912,0.0001426748
0.0583333333,0.0000638842,0.0000790180,0.0001429022
0.0585000000,0.0000635756,0.0000795622,0.0001431378
0.0586666667,0.0000632578,0.0000801240,0.0001433817
0.0588333333,0.0000629307,0.0000807036,0.0001436343
0.0590000000,0.0000625945,0.0000813013,0.0001438958
0.0591666667,0.0000622493,0.0000819169,0.0001441662
0.0593333333,0.0000618951,0.0000825503,0.0001444455
0.0595000000,0.0000615320,0.0000832014,0.0001447334
0.0596666667,0.0000611602,0.0000838700,0.0001450302
0.0598333333,0.0000607797,0.0000845564,0.0001453361
0.0600000000,0.0000603907,0.0000852608,0.0001456514
0.0601666667,0.0000599933,0.0000859829,0.0001459762
0.0603333333,0.0000595877,0.0000867225,0.0001463101
0.0605000000,0.0000591740,0.0000874792,0.0001466532
0.0606666667,0.0000587524,0.0000882530,0.0001470054
0.0608333333,0.0000583232,0.0000890440,0.0001473672
0.0610000000,0.0000578865,0.0000898522,0.0001477387
0.0611666667,0.0000574425,0.0000906774,0.0001481199
0.0613333333,0.0000569914,0.0000915192,0.0001485106
0.0615000000,0.0000565335,0.0000923771,0.0001489106
0.0616666667,0.0000560691,0.0000932510,0.0001493201
0.0618333333,0.0000555984,0.0000941409,0.0001497392
0.0620000000,0.0000551216,0.0000950468,0.0001501683
0.0621666667,0.0000546390,0.0000959684,0.0001506073
0.0623333333,0.0000541510,0.0000969050,0.0001510560
0.0625000000,0.0000536578,0.0000978562,0.0001515140
0.0626666667,0.0000531598,0.0000988217,0.0001519815
0.0628333333,0.0000526572,0.0000998015,0.0001524587
0.0630000000,0.0000521505,0.0001007955,0.0001529460
0.0631666667,0.0000516399,0.0001018033,0.0001534431
0.0633333333,0.0000511258,0.0001028241,0.0001539499
0.0635000000,0.0000506086,0.0001038574,0.0001544660
0.0636666667,0.0000500886,0.0001049028,0.0001549914
0.0638333333,0.0000495662,0.0001059603,0.0001555266
0.0640000000,0.0000490420,0.0001070296,0.0001560716
0.0641666667,0.0000485161,0.0001081103,0.0001566264
0.0643333333,0.0000479890,0.0001092015,0.0001571905
0.0645000000,0.0000474613,0.0001103026,0.0001577638
0.0646666667,0.0000469332,0.0001114131,0.0001583463
0.0648333333,0.0000464053,0.0001125329,0.0001589382
0.0650000000,0.0000458779,0.0001136618,0.0001595397
0.0651666667,0.0000453516,0.0001147991,0.0001601506
0.0653333333,0.0000448267,0.0001159439,0.0001607706
0.0655000000,0.0000443039,0.0001170956,0.0001613994
0.0656666667,0.0000437834,0.0001182536,0.0001620370
0.0658333333,0.0000432659,0.0001194176,0.0001626836
0.0660000000,0.0000427518,0.0001205875,0.0001633393
0.0661666667,0.0000422416,0.0001217625,0.0001640041
0.0663333333,0.0000417359,0.0001229417,0.0001646775
0.0665000000,0.0000412350,0.0001241242,0.0001653592
0.0666666667,0.0000407396,0.0001253095,0.0001660491
0.0668333333,0.0000402501,0.0001264974,0.0001667475
0.0670000000,0.0000397671,0.0001276874,0.0001674545
0.0671666667,0.0000392911,0.0001288788,0.0001681700
0.0673333333,0.0000388226,0.0001300708,0.0001688934
0.0675000000,0.0000383622,0.0001312622,0.0001696245
0.0676666667,0.0000379105,0.0001324527,0.0001703631
0.0678333333,0.0000374678,0.0001336418,0.0001711096
0.0680000000,0.0000370349,0.0001348291,0.0001718640
0.0681666667,0.0000366122,0.0001360140,0.0001726262
0.0683333333,0.0000362002,0.0001371954,0.0001733956
0.0685000000,0.0000357997,0.0001383722,0.0001741718
0.0686666667,0.0000354110,0.0001395439,0.0001749549
0.0688333333,0.0000350347,0.0001407103,0.0001757450
0.0690000000,0.0000346715,0.0001418708,0.0001765422
0.0691666667,0.0000343218,0.0001430246,0.0001773464
0.0693333333,0.0000339862,0.0001441707,0.0001781569
0.0695000000,0.0000336652,0.0001453082,0.0001789734
0.0696666667,0.0000333595,0.0001464363,0.0001797958
0.0698333333,0.0000330696,0.0001475548,0.0001806243
0.0700000000,0.0000327959,0.0001486632,0.0001814591
0.0701666667,0.0000325391,0.0001497607,0.0001822998
0.0703333333,0.0000322997,0.0001508463,0.0001831460
0.0705000000,0.0000320783,0.0001519189,0.0001839972
0.0706666667,0.0000318754,0.0001529779,0.0001848533
0.0708333333,0.0000316914,0.0001540231,0.0001857145
0.0710000000,0.0000315271,0.0001550539,0.0001865809
0.0711666667,0.0000313828,0.0001560695,0.0001874523
0.0713333333,0.0000312591,0.0001570690,0.0001883281
0.0715000000,0.0000311565,0.0001580513,0.0001892078
0.0716666667,0.0000310756,0.0001590158,0.0001900914
0.0718333333,0.0000310168,0.0001599622,0.0001909790
0.0720000000,0.0000309807,0.0001608901,0.0001918708
0.0721666667,0.0000309677,0.0001617987,0.0001927664
0.0723333333,0.0000309783,0.0001626870,0.0001936653
0.0725000000,0.0000310130,0.0001635539,0.0001945669
0.0726666667,0.0000310723,0.0001643991,0.0001954714
0.0728333333,0.0000311566,0.0001652221,0.0001963787
0.0730000000,0.0000312664,0.0001660226,0.0001972890
0.0731666667,0.0000314021,0.0001667998,0.0001982020
0.0733333333,0.0000315642,0.0001675528,0.0001991171
0.0735000000,0.0000317531,0.0001682807,0.0002000338
0.0736666667,0.0000319692,0.0001689829,0.0002009521
0.0738333333,0.0000322130,0.0001696591,0.0002018721
0.0740000000,0.0000324847,0.0001703092,0.0002027939
0.0741666667,0.0000327849,0.0001709323,0.0002037172
0.0743333333,0.0000331138,0.0001715276,0.0002046414
0.0745000000,0.0000334719,0.0001720942,0.0002055661
0.0746666667,0.0000338594,0.0001726316,0.0002064910
0.0748333333,0.0000342768,0.0001731397,0.0002074165
0.0750000000,0.0000347243,0.0001736183,0.0002083426
0.0751666667,0.0000352023,0.0001740667,0.0002092689
0.0753333333,0.0000357110,0.0001744840,0.0002101950
0.0755000000,0.0000362507,0.0001748695,0.0002111202
0.0756666667,0.0000368218,0.0001752228,0.0002120446
0.0758333333,0.0000374245,0.0001755438,0.0002129682
0.0760000000,0.0000380589,0.0001758324,0.0002138913
0.0761666667,0.0000387254,0.0001760880,0.0002148134
0.0763333333,0.0000394241,0.0001763098,0.0002157339
0.0765000000,0.0000401553,0.0001764972,0.0002166525
0.0766666667,0.0000409191,0.0001766499,0.0002175690
0.0768333333,0.0000417157,0.0001767679,0.0002184836
0.0770000000,0.0000425452,0.0001768511,0.0002193963
0.0771666667,0.0000434078,0.0001768991,0.0002203069
0.0773333333,0.0000443036,0.0001769112,0.0002212148
0.0775000000,0.0000452326,0.0001768869,0.0002221195
0.0776666667,0.0000461951,0.0001768259,0.0002230210
0.0778333333,0.0000471909,0.0001767284,0.0002239193
0.0780000000,0.0000482202,0.0001765944,0.0002248147
0.0781666667,0.0000492830,0.0001764237,0.0002257067
0.0783333333,0.0000503794,0.0001762155,0.0002265949
0.0785000000,0.0000515092,0.0001759695,0.0002274788
0.0786666667,0.0000526726,0.0001756857,0.0002283583
0.0788333333,0.0000538694,0.0001753642,0.0002292336
0.0790000000,0.0000550995,0.0001750052,0.0002301047
0.0791666667,0.0000563630,0.0001746085,0.0002309714
0.0793333333,0.0000576596,0.0001741736,0.0002318332
0.0795000000,0.0000589894,0.0001737003,0.0002326896
0.0796666667,0.0000603521,0.0001731885,0.0002335406
0.0798333333,0.0000617475,0.0001726388,0.0002343863
0.0800000000,0.0000631756,0.0001720512,0.0002352268
0.0801666667,0.0000646362,0.0001714257,0.0002360619
0.0803333333,0.0000661289,0.0001707621,0.0002368910
0.0805000000,0.0000676536,0.0001700601,0.0002377137
0.0806666667,0.0000692100,0.0001693200,0.0002385300
0.0808333333,0.0000707979,0.0001685422,0.0002393401
0.0810000000,0.0000724170,0.0001677270,0.0002401440
0.0811666667,0.0000740669,0.0001668747,0.0002409415
0.0813333333,0.0000757473,0.0001659849,0.0002417322
0.0815000000,0.0000774579,0.0001650576,0.0002425156
0.0816666667,0.0000791984,0.0001640933,0.0002432917
0.0818333333,0.0000809682,0.0001630924,0.0002440606
0.0820000000,0.0000827671,0.0001620555,0.0002448226
0.0821666667,0.0000845945,0.0001609828,0.0002455773
0.0823333333,0.0000864501,0.0001598742,0.0002463243
0.0825000000,0.0000883334,0.0001587299,0.0002470633
0.0826666667,0.0000902439,0.0001575503,0.0002477942
0.0828333333,0.0000921811,0.0001563361,0.0002485172
0.0830000000,0.0000941445,0.0001550880,0.0002492325
0.0831666667,0.0000961335,0.0001538063,0.0002499398
0.0833333333,0.0000981476,0.0001524912,0.0002506388
0.0835000000,0.0001001862,0.0001511428,0.0002513290
0.0836666667,0.0001022487,0.0001497617,0.0002520105
0.0838333333,0.0001043346,0.0001483489,0.0002526835
0.0840000000,0.0001064431,0.0001469050,0.0002533481
0.0841666667,0.0001085736,0.0001454305,0.0002540042
0.0843333333,0.0001107255,0.0001439257,0.0002546513
0.0845000000,0.0001128981,0.0001423910,0.0002552892
0.0846666667,0.0001150907,0.0001408271,0.0002559178
0.0848333333,0.0001173026,0.0001392349,0.0002565374
0.0850000000,0.0001195330,0.0001376152,0.0002571482
0.0851666667,0.0001217812,0.0001359688,0.0002577500
0.0853333333,0.0001240464,0.0001342960,0.0002583424
0.0855000000,0.0001263279,0.0001325973,0.0002589252
0.0856666667,0.0001286249,0.0001308735,0.0002594984
0.0858333333,0.0001309364,0.0001291257,0.0002600622
0.0860000000,0.0001332619,0.0001273549,0.0002606168
0.0861666667,0.0001356003,0.0001255618,0.0002611621
0.0863333333,0.0001379508,0.0001237469,0.0002616977
0.0865000000,0.0001403127,0.0001219108,0.0002622235
0.0866666667,0.0001426849,0.0001200546,0.0002627395
0.0868333333,0.0001450666,0.0001181793,0.0002632459
0.0870000000,0.0001474569,0.0001162860,0.0002637429
0.0871666667,0.0001498549,0.0001143755,0.0002642304
0.0873333333,0.0001522596,0.0001124485,0.0002647081
0.0875000000,0.0001546701,0.0001105058,0.0002651759
0.0876666667,0.0001570855,0.0001085483,0.0002656339
0.0878333333,0.0001595048,0.0001065773,0.0002660822
0.0880000000,0.0001619270,0.0001045940,0.0002665210
0.0881666667,0.0001643512,0.0001025992,0.0002669504
0.0883333333,0.0001667763,0.0001005937,0.0002673700
0.0885000000,0.0001692014,0.0000985784,0.0002677797
0.0886666667,0.0001716254,0.0000965543,0.0002681797
0.0888333333,0.0001740473,0.0000945228,0.0002685701
0.0890000000,0.0001764661,0.0000924851,0.0002689512
0.0891666667,0.0001788808,0.0000904422,0.0002693229
0.0893333333,0.0001812903,0.0000883948,0.0002696851
0.0895000000,0.0001836936,0.0000863440,0.0002700376
0.0896666667,0.0001860896,0.0000842910,0.0002703806
0.0898333333,0.0001884774,0.0000822369,0.0002707143
0.0900000000,0.0001908557,0.0000801832,0.0002710389
0.0901666667,0.0001932236,0.0000781309,0.0002713545
0.0903333333,0.0001955800,0.0000760808,0.0002716608
0.0905000000,0.0001979238,0.0000740340,0.0002719578
0.0906666667,0.0002002540,0.0000719917,0.0002722457
0.0908333333,0.0002025694,0.0000699553,0.0002725247
0.0910000000,0.0002048691,0.0000679259,0.0002727950
0.0911666667,0.0002071519,0.0000659048,0.0002730567
0.0913333333,0.0002094167,0.0000638930,0.0002733097
0.0915000000,0.0002116625,0.0000618913,0.0002735539
0.0916666667,0.0002138882,0.0000599012,0.0002737894
0.0918333333,0.0002160928,0.0000579238,0.0002740166
0.0920000000,0.0002182750,0.0000559606,0.0002742357
0.0921666667,0.0002204340,0.0000540127,0.0002744467
0.0923333333,0.0002225686,0.0000520810,0.0002746496
0.0925000000,0.0002246777,0.0000501666,0.0002748443
0.0926666667,0.0002267604,0.0000482708,0.0002750312
0.0928333333,0.0002288155,0.0000463948,0.0002752103
0.0930000000,0.0002308419,0.0000445400,0.0002753820
0.0931666667,0.0002328387,0.0000427075,0.0002755463
0.0933333333,0.0002348049,0.0000408983,0.0002757032
0.0935000000,0.0002367393,0.0000391135,0.0002758528
0.0936666667,0.0002386410,0.0000373542,0.0002759952
0.0938333333,0.0002405089,0.0000356218,0.0002761307
0.0940000000,0.0002423421,0.0000339175,0.0002762596
0.0941666667,0.0002441395,0.0000322424,0.0002763819
0.0943333333,0.0002459001,0.0000305975,0.0002764977
0.0945000000,0.0002476231,0.0000289839,0.0002766070
0.0946666667,0.0002493074,0.0000274027,0.0002767101
0.0948333333,0.0002509521,0.0000258551,0.0002768072
0.0950000000,0.0002525562,0.0000243424,0.0002768985
0.0951666667,0.0002541187,0.0000228655,0.0002769842
0.0953333333,0.0002556389,0.0000214254,0.0002770644
0.0955000000,0.0002571158,0.0000200232,0.0002771390
0.0956666667,0.0002585484,0.0000186600,0.0002772084
0.0958333333,0.0002599360,0.0000173368,0.0002772729
0.0960000000,0.0002612777,0.0000160548,0.0002773325
0.0961666667,0.0002625726,0.0000148150,0.0002773876
0.0963333333,0.0002638198,0.0000136182,0.0002774381
0.0965000000,0.0002650187,0.0000124655,0.0002774842
0.0966666667,0.0002661684,0.0000113578,0.0002775262
0.0968333333,0.0002672682,0.0000102961,0.0002775643
0.0970000000,0.0002683172,0.0000092814,0.0002775986
0.0971666667,0.0002693147,0.0000083147,0.0002776295
0.0973333333,0.0002702601,0.0000073968,0.0002776569
0.0975000000,0.0002711527,0.0000065285,0.0002776812
0.0976666667,0.0002719917,0.0000057107,0.0002777024
0.0978333333,0.0002727765,0.0000049443,0.0002777209
0.0980000000,0.0002735065,0.0000042303,0.0002777368
0.0981666667,0.0002741811,0.0000035693,0.0002777504
0.0983333333,0.0002747997,0.0000029621,0.0002777618
0.0985000000,0.0002753617,0.0000024094,0.0002777712
0.0986666667,0.0002758667,0.0000019121,0.0002777788
0.0988333333,0.0002763140,0.0000014708,0.0002777848
0.0990000000,0.0002767033,0.0000010862,0.0002777895
0.0991666667,0.0002770341,0.0000007590,0.0002777931
0.0993333333,0.0002773060,0.0000004897,0.0002777956
0.0995000000,0.0002775186,0.0000002788,0.0002777974
0.0996666667,0.0002776716,0.0000001269,0.0002777984
0.0998333333,0.0002777647,0.0000000343,0.0002777990
0.1000000000,0.0002777978,0.0000000014,0.0002777992
0.1001666667,0.0002777706,0.0000000284,0.0002777990
0.1003333333,0.0002776833,0.0000001153,0.0002777986
0.1005000000,0.0002775356,0.0000002623,0.0002777979
0.1006666667,0.0002773278,0.0000004691,0.0002777970
0.1008333333,0.0002770601,0.0000007355,0.0002777957
0.1010000000,0.0002767328,0.0000010610,0.0002777938
0.1011666667,0.0002763462,0.0000014450,0.0002777912
0.1013333333,0.0002759010,0.0000018867,0.0002777877
0.1015000000,0.0002753975,0.0000023854,0.0002777829
0.1016666667,0.0002748365,0.0000029400,0.0002777765
0.1018333333,0.0002742187,0.0000035495,0.0002777682
0.1020000000,0.0002735447,0.0000042127,0.0002777574
0.1021666667,0.0002728152,0.0000049286,0.0002777438
0.1023333333,0.0002720309,0.0000056962,0.0002777271
0.1025000000,0.0002711924,0.0000065145,0.0002777069
0.1026666667,0.0002703004,0.0000073826,0.0002776830
0.1028333333,0.0002693556,0.0000082995,0.0002776551
0.1030000000,0.0002683586,0.0000092643,0.0002776229
0.1031666667,0.0002673101,0.0000102763,0.0002775864
0.1033333333,0.0002662110,0.0000113347,0.0002775456
0.1035000000,0.0002650618,0.0000124389,0.0002775007
0.1036666667,0.0002638636,0.0000135882,0.0002774518
0.1038333333,0.0002626171,0.0000147817,0.0002773987
0.1040000000,0.0002613231,0.0000160186,0.0002773417
0.1041666667,0.0002599825,0.0000172983,0.0002772808
0.1043333333,0.0002585960,0.0000186199,0.0002772160
0.1045000000,0.0002571645,0.0000199827,0.0002771472
0.1046666667,0.0002556887,0.0000213856,0.0002770743
0.1048333333,0.0002541695,0.0000228273,0.0002769967
0.1050000000,0.0002526076,0.0000243064,0.0002769140
0.1051666667,0.0002510041,0.0000258217,0.0002768257
0.1053333333,0.0002493598,0.0000273715,0.0002767313
0.1055000000,0.0002476759,0.0000289545,0.0002766304
0.1056666667,0.0002459533,0.0000305692,0.0002765225
0.1058333333,0.0002441930,0.0000322141,0.0002764072
0.1060000000,0.0002423960,0.0000338882,0.0002762842
0.1061666667,0.0002405632,0.0000355903,0.0002761535
0.1063333333,0.0002386957,0.0000373197,0.0002760153
0.1065000000,0.0002367943,0.0000390757,0.0002758701
0.1066666667,0.0002348603,0.0000408577,0.0002757180
0.1068333333,0.0002328946,0.0000426646,0.0002755592
0.1070000000,0.0002308983,0.0000444956,0.0002753939
0.1071666667,0.0002288723,0.0000463498,0.0002752221
0.1073333333,0.0002268178,0.0000482262,0.0002750439
0.1075000000,0.0002247356,0.0000501236,0.0002748592
0.1076666667,0.0002226268,0.0000520405,0.0002746673
0.1078333333,0.0002204924,0.0000539752,0.0002744676
0.1080000000,0.0002183335,0.0000559258,0.0002742593
0.1081666667,0.0002161513,0.0000578907,0.0002740420
0.1083333333,0.0002139469,0.0000598684,0.0002738153
0.1085000000,0.0002117213,0.0000618579,0.0002735792
0.1086666667,0.0002094755,0.0000638581,0.0002733336
0.1088333333,0.0002072107,0.0000658679,0.0002730786
0.1090000000,0.0002049280,0.0000678865,0.0002728145
0.1091666667,0.0002026284,0.0000699133,0.0002725417
0.1093333333,0.0002003130,0.0000719479,0.0002722610
0.1095000000,0.0001979830,0.0000739896,0.0002719725
0.1096666667,0.0001956392,0.0000760372,0.0002716765
0.1098333333,0.0001932829,0.0000780895,0.0002713724
0.1100000000,0.0001909150,0.0000801447,0.0002710596
0.1101666667,0.0001885365,0.0000822012,0.0002707377
0.1103333333,0.0001861486,0.0000842576,0.0002704062
0.1105000000,0.0001837524,0.0000863122,0.0002700645
0.1106666667,0.0001813489,0.0000883636,0.0002697124
0.1108333333,0.0001789391,0.0000904104,0.0002693496
0.1110000000,0.0001765242,0.0000924519,0.0002689761
0.1111666667,0.0001741052,0.0000944873,0.0002685924
0.1113333333,0.0001716830,0.0000965164,0.0002681994
0.1115000000,0.0001692588,0.0000985390,0.0002677978
0.1116666667,0.0001668335,0.0001005543,0.0002673878
0.1118333333,0.0001644082,0.0001025612,0.0002669694
0.1120000000,0.0001619838,0.0001045585,0.0002665423
0.1121666667,0.0001595612,0.0001065447,0.0002661060
0.1123333333,0.0001571416,0.0001085184,0.0002656600
0.1125000000,0.0001547257,0.0001104782,0.0002652039
0.1126666667,0.0001523148,0.0001124224,0.0002647372
0.1128333333,0.0001499096,0.0001143498,0.0002642594
0.1130000000,0.0001475112,0.0001162594,0.0002637705
0.1131666667,0.0001451204,0.0001181508,0.0002632711
0.1133333333,0.0001427382,0.0001200239,0.0002627621
0.1135000000,0.0001403655,0.0001218788,0.0002622443
0.1136666667,0.0001380032,0.0001237150,0.0002617182
0.1138333333,0.0001356522,0.0001255316,0.0002611838
0.1140000000,0.0001333133,0.0001273274,0.0002606407
0.1141666667,0.0001309874,0.0001291012,0.0002600885
0.1143333333,0.0001286752,0.0001308517,0.0002595268
0.1145000000,0.0001263776,0.0001325776,0.0002589552
0.1146666667,0.0001240955,0.0001342776,0.0002583731
0.1148333333,0.0001218296,0.0001359507,0.0002577804
0.1150000000,0.0001195808,0.0001375962,0.0002571770
0.1151666667,0.0001173498,0.0001392141,0.0002565638
0.1153333333,0.0001151373,0.0001408046,0.0002559418
0.1155000000,0.0001129440,0.0001423679,0.0002553120
0.1156666667,0.0001107708,0.0001439037,0.0002546745
0.1158333333,0.0001086183,0.0001454111,0.0002540294
0.1160000000,0.0001064870,0.0001468889,0.0002533759
0.1161666667,0.0001043778,0.0001483358,0.0002527136
0.1163333333,0.0001022912,0.0001497509,0.0002520421
0.1165000000,0.0001002279,0.0001511331,0.0002513611
0.1166666667,0.0000981886,0.0001524818,0.0002506704
0.1168333333,0.0000961737,0.0001537965,0.0002499702
0.1170000000,0.0000941840,0.0001550771,0.0002492610
0.1171666667,0.0000922198,0.0001563239,0.0002485437
0.1173333333,0.0000902819,0.0001575374,0.0002478193
0.1175000000,0.0000883706,0.0001587179,0.0002470886
0.1176666667,0.0000864866,0.0001598648,0.0002463514
0.1178333333,0.0000846302,0.0001609769,0.0002456071
0.1180000000,0.0000828019,0.0001620530,0.0002448549
0.1181666667,0.0000810023,0.0001630921,0.0002440943
0.1183333333,0.0000792316,0.0001640936,0.0002433252
0.1185000000,0.0000774904,0.0001650575,0.0002425479
0.1186666667,0.0000757790,0.0001659839,0.0002417628
0.1188333333,0.0000740977,0.0001668729,0.0002409706
0.1190000000,0.0000724470,0.0001677249,0.0002401719
0.1191666667,0.0000708271,0.0001685403,0.0002393674
0.1193333333,0.0000692384,0.0001693195,0.0002385579
0.1195000000,0.0000676812,0.0001700621,0.0002377433
0.1196666667,0.0000661557,0.0001707674,0.0002369230
0.1198333333,0.0000646621,0.0001714341,0.0002360962
0.1200000000,0.0000632007,0.0001720614,0.0002352621
0.1201666667,0.0000617718,0.0001726490,0.0002344208
0.1203333333,0.0000603755,0.0001731975,0.0002335730
0.1205000000,0.0000590120,0.0001737077,0.0002327197
0.1206666667,0.0000576814,0.0001741805,0.0002318619
0.1208333333,0.0000563840,0.0001746161,0.0002310001
0.1210000000,0.0000551197,0.0001750146,0.0002301343
0.1211666667,0.0000538888,0.0001753760,0.0002292648
0.1213333333,0.0000526912,0.0001757000,0.0002283912
0.1215000000,0.0000515270,0.0001759861,0.0002275131
0.1216666667,0.0000503964,0.0001762337,0.0002266301
0.1218333333,0.0000492992,0.0001764426,0.0002257418
0.1220000000,0.0000482356,0.0001766128,0.0002248484
0.1221666667,0.0000472055,0.0001767454,0.0002239510
0.1223333333,0.0000462089,0.0001768417,0.0002230506
0.1225000000,0.0000452457,0.0001769027,0.0002221484
0.1226666667,0.0000443159,0.0001769288,0.0002212448
0.1228333333,0.0000434194,0.0001769197,0.0002203391
0.1230000000,0.0000425560,0.0001768748,0.0002194308
0.1231666667,0.0000417258,0.0001767936,0.0002185193
0.1233333333,0.0000409284,0.0001766762,0.0002176046
0.1235000000,0.0000401639,0.0001765230,0.0002166869
0.1236666667,0.0000394320,0.0001763348,0.0002157668
0.1238333333,0.0000387326,0.0001761123,0.0002148449
0.1240000000,0.0000380654,0.0001758565,0.0002139220
0.1241666667,0.0000374303,0.0001755684,0.0002129987
0.1243333333,0.0000368270,0.0001752487,0.0002120757
0.1245000000,0.0000362552,0.0001748976,0.0002111529
0.1246666667,0.0000357148,0.0001745147,0.0002102295
0.1248333333,0.0000352054,0.0001740995,0.0002093049
0.1250000000,0.0000347268,0.0001736517,0.0002083786
0.1251666667,0.0000342787,0.0001731723,0.0002074510
0.1253333333,0.0000338607,0.0001726625,0.0002065232
0.1255000000,0.0000334726,0.0001721238,0.0002055964
0.1256666667,0.0000331139,0.0001715575,0.0002046714
0.1258333333,0.0000327844,0.0001709638,0.0002037483
0.1260000000,0.0000324837,0.0001703431,0.0002028268
0.1261666667,0.0000322114,0.0001696951,0.0002019065
0.1263333333,0.0000319672,0.0001690200,0.0002009872
0.1265000000,0.0000317505,0.0001683181,0.0002000687
0.1266666667,0.0000315611,0.0001675900,0.0001991511
0.1268333333,0.0000313985,0.0001668363,0.0001982348
0.1270000000,0.0000312623,0.0001660582,0.0001973205
0.1271666667,0.0000311521,0.0001652571,0.0001964092
0.1273333333,0.0000310673,0.0001644343,0.0001955017
0.1275000000,0.0000310076,0.0001635906,0.0001945982
0.1276666667,0.0000309725,0.0001627258,0.0001936983
0.1278333333,0.0000309614,0.0001618396,0.0001928011
0.1280000000,0.0000309741,0.0001609319,0.0001919060
0.1281666667,0.0000310099,0.0001600033,0.0001910132
0.1283333333,0.0000310683,0.0001590553,0.0001901235
0.1285000000,0.0000311489,0.0001580892,0.0001892381
0.1286666667,0.0000312511,0.0001571065,0.0001883576
0.1288333333,0.0000313745,0.0001561080,0.0001874825
0.1290000000,0.0000315185,0.0001550940,0.0001866125
0.1291666667,0.0000316825,0.0001540647,0.0001857473
0.1293333333,0.0000318662,0.0001530205,0.0001848867
0.1295000000,0.0000320689,0.0001519616,0.0001840305
0.1296666667,0.0000322901,0.0001508886,0.0001831787
0.1298333333,0.0000325293,0.0001498022,0.0001823315
0.1300000000,0.0000327859,0.0001487037,0.0001814895
0.1301666667,0.0000330593,0.0001475944,0.0001806537
0.1303333333,0.0000333491,0.0001464758,0.0001798249
0.1305000000,0.0000336547,0.0001453485,0.0001790032
0.1306666667,0.0000339755,0.0001442127,0.0001781882
0.1308333333,0.0000343109,0.0001430681,0.0001773790
0.1310000000,0.0000346605,0.0001419147,0.0001765752
0.1311666667,0.0000350237,0.0001407532,0.0001757769
0.1313333333,0.0000353999,0.0001395850,0.0001749849
0.1315000000,0.0000357885,0.0001384117,0.0001742002
0.1316666667,0.0000361890,0.0001372344,0.0001734234
0.1318333333,0.0000366009,0.0001360538,0.0001726548
0.1320000000,0.0000370236,0.0001348703,0.0001718939
0.1321666667,0.0000374566,0.0001336839,0.0001711405
0.1323333333,0.0000378992,0.0001324950,0.0001703942
0.1325000000,0.0000383511,0.0001313040,0.0001696550
0.1326666667,0.0000388115,0.0001301115,0.0001689231
0.1328333333,0.0000392801,0.0001289186,0.0001681986
0.1330000000,0.0000397561,0.0001277262,0.0001674823
0.1331666667,0.0000402392,0.0001265356,0.0001667748
0.1333333333,0.0000407288,0.0001253477,0.0001660764
0.1335000000,0.0000412243,0.0001241630,0.0001653873
0.1336666667,0.0000417253,0.0001229814,0.0001647067
0.1338333333,0.0000422312,0.0001218028,0.0001640340
0.1340000000,0.0000427416,0.0001206273,0.0001633689
0.1341666667,0.0000432559,0.0001194559,0.0001627118
0.1343333333,0.0000437735,0.0001182900,0.0001620635
0.1345000000,0.0000442942,0.0001171307,0.0001614249
0.1346666667,0.0000448172,0.0001159790,0.0001607962
0.1348333333,0.0000453423,0.0001148350,0.0001601773
0.1350000000,0.0000458688,0.0001136987,0.0001595675
0.1351666667,0.0000463965,0.0001125700,0.0001589665
0.1353333333,0.0000469247,0.0001114494,0.0001583741
0.1355000000,0.0000474530,0.0001103375,0.0001577905
0.1356666667,0.0000479811,0.0001092350,0.0001572161
0.1358333333,0.0000485084,0.0001081429,0.0001566513
0.1360000000,0.0000490346,0.0001070618,0.0001560964
0.1361666667,0.0000495592,0.0001059924,0.0001555516
0.1363333333,0.0000500818,0.0001049350,0.0001550168
0.1365000000,0.0000506021,0.0001038897,0.0001544918
0.1366666667,0.0000511197,0.0001028563,0.0001539760
0.1368333333,0.0000516341,0.0001018349,0.0001534691
0.1370000000,0.0000521451,0.0001008260,0.0001529711
0.1371666667,0.0000526522,0.0000998305,0.0001524827
0.1373333333,0.0000531551,0.0000988493,0.0001520044
0.1375000000,0.0000536535,0.0000978832,0.0001515367
0.1376666667,0.0000541471,0.0000969323,0.0001510794
0.1378333333,0.0000546355,0.0000959963,0.0001506318
0.1380000000,0.0000551185,0.0000950749,0.0001501934
0.1381666667,0.0000555957,0.0000941682,0.0001497639
0.1383333333,0.0000560669,0.0000932766,0.0001493435
0.1385000000,0.0000565317,0.0000924011,0.0001489328
0.1386666667,0.0000569900,0.0000915421,0.0001485322
0.1388333333,0.0000574415,0.0000907001,0.0001481416
0.1390000000,0.0000578859,0.0000898751,0.0001477610
0.1391666667,0.0000583231,0.0000890669,0.0001473900
0.1393333333,0.0000587528,0.0000882755,0.0001470283
0.1395000000,0.0000591748,0.0000875009,0.0001466757
0.1396666667,0.0000595889,0.0000867432,0.0001463321
0.1398333333,0.0000599950,0.0000860025,0.0001459976
0.1400000000,0.0000603929,0.0000852794,0.0001456723
0.1401666667,0.0000607823,0.0000845743,0.0001453566
0.1403333333,0.0000611633,0.0000838873,0.0001450506
0.1405000000,0.0000615356,0.0000832186,0.0001447542
0.1406666667,0.0000618991,0.0000825676,0.0001444667
0.1408333333,0.0000622538,0.0000819339,0.0001441877
0.1410000000,0.0000625995,0.0000813174,0.0001439169
0.1411666667,0.0000629362,0.0000807184,0.0001436545
0.1413333333,0.0000632637,0.0000801373,0.0001434010
0.1415000000,0.0000635820,0.0000795746,0.0001431566
0.1416666667,0.0000638910,0.0000790302,0.0001429212
0.1418333333,0.0000641908,0.0000785036,0.0001426945
0.1420000000,0.0000644813,0.0000779944,0.0001424758
0.1421666667,0.0000647625,0.0000775023,0.0001422649
0.1423333333,0.0000650344,0.0000770272,0.0001420616
0.1425000000,0.0000652970,0.0000765693,0.0001418663
0.1426666667,0.0000655502,0.0000761287,0.0001416789
0.1428333333,0.0000657942,0.0000757053,0.0001414995
0.1430000000,0.0000660289,0.0000752991,0.0001413280
0.1431666667,0.0000662545,0.0000749096,0.0001411641
0.1433333333,0.0000664710,0.0000745366,0.0001410075
0.1435000000,0.0000666784,0.0000741796,0.0001408580
0.1436666667,0.0000668769,0.0000738384,0.0001407153
0.1438333333,0.0000670665,0.0000735128,0.0001405792
0.1440000000,0.0000672473,0.0000732026,0.0001404499
0.1441666667,0.0000674195,0.0000729080,0.0001403275
0.1443333333,0.0000675831,0.0000726287,0.0001402118
0.1445000000,0.0000677384,0.0000723644,0.0001401028
0.1446666667,0.0000678854,0.0000721145,0.0001399999
0.1448333333,0.0000680243,0.0000718786,0.0001399029
0.1450000000,0.0000681552,0.0000716561,0.0001398113
0.1451666667,0.0000682784,0.0000714468,0.0001397252
0.1453333333,0.0000683939,0.0000712509,0.0001396448
0.1455000000,0.0000685020,0.0000710679,0.0001395699
0.1456666667,0.0000686029,0.0000708977,0.0001395006
0.1458333333,0.0000686967,0.0000707397,0.0001394364
0.1460000000,0.0000687837,0.0000705932,0.0001393770
0.1461666667,0.0000688642,0.0000704578,0.0001393219
0.1463333333,0.0000689382,0.0000703330,0.0001392712
0.1465000000,0.0000690060,0.0000702188,0.0001392248
0.1466666667,0.0000690680,0.0000701147,0.0001391826
0.1468333333,0.0000691242,0.0000700203,0.0001391445
0.1470000000,0.0000691750,0.0000699353,0.0001391103
0.1471666667,0.0000692206,0.0000698591,0.0001390796
0.1473333333,0.0000692612,0.0000697911,0.0001390523
0.1475000000,0.0000692972,0.0000697309,0.0001390281
0.1476666667,0.0000693288,0.0000696780,0.0001390068
0.1478333333,0.0000693563,0.0000696320,0.0001389883
0.1480000000,0.0000693799,0.0000695925,0.0001389724
0.1481666667,0.0000693999,0.0000695591,0.0001389590
0.1483333333,0.0000694166,0.0000695313,0.0001389479
0.1485000000,0.0000694303,0.0000695086,0.0001389388
0.1486666667,0.0000694413,0.0000694903,0.0001389316
0.1488333333,0.0000694498,0.0000694761,0.0001389259
0.1490000000,0.0000694562,0.0000694654,0.0001389216
0.1491666667,0.0000694607,0.0000694577,0.0001389184
0.1493333333,0.0000694635,0.0000694528,0.0001389163
0.1495000000,0.0000694650,0.0000694501,0.0001389151
0.1496666667,0.0000694654,0.0000694490,0.0001389145
0.1498333333,0.0000694650,0.0000694493,0.0001389143
0.1500000000,0.0000694639,0.0000694504,0.0001389142
0.1501666667,0.0000694624,0.0000694519,0.0001389142
0.1503333333,0.0000694605,0.0000694535,0.0001389140
0.1505000000,0.0000694584,0.0000694550,0.0001389134
0.1506666667,0.0000694562,0.0000694560,0.0001389122
0.1508333333,0.0000694539,0.0000694562,0.0001389101
0.1510000000,0.0000694514,0.0000694555,0.0001389070
0.1511666667,0.0000694488,0.0000694538,0.0001389027
0.1513333333,0.0000694459,0.0000694511,0.0001388970
0.1515000000,0.0000694425,0.0000694472,0.0001388897
0.1516666667,0.0000694384,0.0000694422,0.0001388806
0.1518333333,0.0000694335,0.0000694361,0.0001388696
0.1520000000,0.0000694275,0.0000694287,0.0001388562
0.1521666667,0.0000694202,0.0000694202,0.0001388404
0.1523333333,0.0000694115,0.0000694105,0.0001388220
0.1525000000,0.0000694011,0.0000693995,0.0001388007
0.1526666667,0.0000693891,0.0000693874,0.0001387765
0.1528333333,0.0000693754,0.0000693739,0.0001387492
0.1530000000,0.0000693598,0.0000693590,0.0001387187
0.1531666667,0.0000693423,0.0000693423,0.0001386846
0.1533333333,0.0000693231,0.0000693235,0.0001386466
0.1535000000,0.0000693019,0.0000693025,0.0001386044
0.1536666667,0.0000692788,0.0000692792,0.0001385581
0.1538333333,0.0000692538,0.0000692537,0.0001385075
0.1540000000,0.0000692265,0.0000692261,0.0001384527
0.1541666667,0.0000691970,0.0000691964,0.0001383934
0.1543333333,0.0000691650,0.0000691642,0.0001383293
0.1545000000,0.0000691305,0.0000691294,0.0001382599
0.1546666667,0.0000690932,0.0000690918,0.0001381851
0.1548333333,0.0000690532,0.0000690515,0.0001381048
0.1550000000,0.0000690104,0.0000690087,0.0001380190
0.1551666667,0.0000689646,0.0000689632,0.0001379278
0.1553333333,0.0000689160,0.0000689150,0.0001378310
0.1555000000,0.0000688645,0.0000688637,0.0001377282
0.1556666667,0.0000688099,0.0000688092,0.0001376190
0.1558333333,0.0000687522,0.0000687512,0.0001375034
0.1560000000,0.0000686913,0.0000686897,0.0001373810
0.1561666667,0.0000686271,0.0000686250,0.0001372520
0.1563333333,0.0000685594,0.0000685570,0.0001371164
0.1565000000,0.0000684882,0.0000684858,0.0001369740
0.1566666667,0.0000684134,0.0000684113,0.0001368247
0.1568333333,0.0000683350,0.0000683333,0.0001366683
0.1570000000,0.0000682529,0.0000682515,0.0001365044
0.1571666667,0.0000681671,0.0000681657,0.0001363329
0.1573333333,0.0000680776,0.0000680758,0.0001361534
0.1575000000,0.0000679843,0.0000679819,0.0001359662
0.1576666667,0.0000678871,0.0000678842,0.0001357713
0.1578333333,0.0000677859,0.0000677830,0.0001355688
0.1580000000,0.0000676805,0.0000676781,0.0001353586
0.1581666667,0.0000675710,0.0000675691,0.0001351401
0.1583333333,0.0000674574,0.0000674557,0.0001349131
0.1585000000,0.0000673396,0.0000673375,0.0001346771
0.1586666667,0.0000672175,0.0000672149,0.0001344324
0.1588333333,0.0000670913,0.0000670881,0.0001341794
0.1590000000,0.0000669607,0.0000669574,0.0001339181
0.1591666667,0.0000668257,0.0000668229,0.0001336486
0.1593333333,0.0000666862,0.0000666839,0.0001333702
0.1595000000,0.0000665422,0.0000665402,0.0001330824
0.1596666667,0.0000663937,0.0000663914,0.0001327851
0.1598333333,0.0000662407,0.0000662378,0.0001324784
0.1600000000,0.0000660831,0.0000660798,0.0001321629
0.1601666667,0.0000659210,0.0000659176,0.0001318385
0.1603333333,0.0000657542,0.0000657511,0.0001315053
0.1605000000,0.0000655827,0.0000655801,0.0001311628
0.1606666667,0.0000654065,0.0000654041,0.0001308106
0.1608333333,0.0000652256,0.0000652230,0.0001304486
0.1610000000,0.0000650399,0.0000650369,0.0001300768
0.1611666667,0.0000648494,0.0000648461,0.0001296956
0.1613333333,0.0000646542,0.0000646508,0.0001293050
0.1615000000,0.0000644543,0.0000644509,0.0001289051
0.1616666667,0.0000642495,0.0000642464,0.0001284959
0.1618333333,0.0000640399,0.0000640371,0.0001280770
0.1620000000,0.0000638254,0.0000638228,0.0001276483
0.1621666667,0.0000636061,0.0000636034,0.0001272095
0.1623333333,0.0000633819,0.0000633788,0.0001267607
0.1625000000,0.0000631529,0.0000631493,0.0001263022
0.1626666667,0.0000629191,0.0000629153,0.0001258344
0.1628333333,0.0000626804,0.0000626769,0.0001253573
0.1630000000,0.0000624369,0.0000624340,0.0001248709
0.1631666667,0.0000621885,0.0000621862,0.0001243747
0.1633333333,0.0000619353,0.0000619329,0.0001238682
0.1635000000,0.0000616772,0.0000616743,0.0001233515
0.1636666667,0.0000614144,0.0000614107,0.0001228251
0.1638333333,0.0000611468,0.0000611427,0.0001222895
0.1640000000,0.0000608744,0.0000608707,0.0001217451
0.1641666667,0.0000605972,0.0000605944,0.0001211916
0.1643333333,0.0000603153,0.0000603131,0.0001206284
0.1645000000,0.0000600286,0.0000600264,0.0001200550
0.1646666667,0.0000597372,0.0000597344,0.0001194716
0.1648333333,0.0000594412,0.0000594376,0.0001188788
0.1650000000,0.0000591406,0.0000591366,0.0001182772
0.1651666667,0.0000588354,0.0000588318,0.0001176671
0.1653333333,0.0000585255,0.0000585227,0.0001170483
0.1655000000,0.0000582111,0.0000582089,0.0001164200
0.1656666667,0.0000578922,0.0000578900,0.0001157822
0.1658333333,0.0000575688,0.0000575661,0.0001151349
0.1660000000,0.0000572410,0.0000572376,0.0001144787
0.1661666667,0.0000569089,0.0000569052,0.0001138140
0.1663333333,0.0000565724,0.0000565689,0.0001131412
0.1665000000,0.0000562315,0.0000562286,0.0001124601
0.1666666667,0.0000558864,0.0000558840,0.0001117705
0.1668333333,0.0000555371,0.0000555350,0.0001110721
0.1670000000,0.0000551837,0.0000551813,0.0001103650
0.1671666667,0.0000548262,0.0000548233,0.0001096495
0.1673333333,0.0000544647,0.0000544613,0.0001089260
0.1675000000,0.0000540991,0.0000540956,0.0001081948
0.1676666667,0.0000537297,0.0000537265,0.0001074562
0.1678333333,0.0000533563,0.0000533538,0.0001067101
0.1680000000,0.0000529792,0.0000529772,0.0001059564
0.1681666667,0.0000525983,0.0000525964,0.0001051947
0.1683333333,0.0000522138,0.0000522114,0.0001044252
0.1685000000,0.0000518257,0.0000518225,0.0001036482
0.1686666667,0.0000514340,0.0000514304,0.0001028644
0.1688333333,0.0000510388,0.0000510356,0.0001020744
0.1690000000,0.0000506403,0.0000506379,0.0001012782
0.1691666667,0.0000502384,0.0000502368,0.0001004753
0.1693333333,0.0000498334,0.0000498319,0.0000996653
0.1695000000,0.0000494251,0.0000494230,0.0000988481
0.1696666667,0.0000490137,0.0000490107,0.0000980244
0.1698333333,0.0000485993,0.0000485958,0.0000971952
0.1700000000,0.0000481820,0.0000481789,0.0000963609
0.1701666667,0.0000477619,0.0000477597,0.0000955216
0.1703333333,0.0000473390,0.0000473376,0.0000946766
0.1705000000,0.0000469134,0.0000469121,0.0000938255
0.1706666667,0.0000464851,0.0000464832,0.0000929683
0.1708333333,0.0000460544,0.0000460516,0.0000921060
0.1710000000,0.0000456213,0.0000456180,0.0000912393
0.1711666667,0.0000451858,0.0000451830,0.0000903688
0.1713333333,0.0000447481,0.0000447461,0.0000894942
0.1715000000,0.0000443082,0.0000443069,0.0000886151
0.1716666667,0.0000438662,0.0000438650,0.0000877312
0.1718333333,0.0000434223,0.0000434205,0.0000868428
0.1720000000,0.0000429765,0.0000429740,0.0000859505
0.1721666667,0.0000425289,0.0000425261,0.0000850550
0.1723333333,0.0000420796,0.0000420771,0.0000841567
0.1725000000,0.0000416288,0.0000416268,0.0000832555
0.1726666667,0.0000411764,0.0000411750,0.0000823513
0.1728333333,0.0000407226,0.0000407214,0.0000814439
0.1730000000,0.0000402675,0.0000402660,0.0000805335
0.1731666667,0.0000398112,0.0000398092,0.0000796204
0.1733333333,0.0000393538,0.0000393514,0.0000787052
0.1735000000,0.0000388954,0.0000388929,0.0000777883
0.1736666667,0.0000384361,0.0000384340,0.0000768700
0.1738333333,0.0000379759,0.0000379745,0.0000759504
0.1740000000,0.0000375151,0.0000375141,0.0000750292
0.1741666667,0.0000370536,0.0000370526,0.0000741063
0.1743333333,0.0000365917,0.0000365902,0.0000731818
0.1745000000,0.0000361293,0.0000361271,0.0000722564
0.1746666667,0.0000356666,0.0000356641,0.0000713307
0.1748333333,0.0000352038,0.0000352016,0.0000704053
0.1750000000,0.0000347408,0.0000347394,0.0000694802
0.1751666667,0.0000342778,0.0000342772,0.0000685550
0.1753333333,0.0000338149,0.0000338143,0.0000676292
0.1755000000,0.0000333522,0.0000333509,0.0000667031
0.1756666667,0.0000328899,0.0000328876,0.0000657775
0.1758333333,0.0000324279,0.0000324253,0.0000648532
0.1760000000,0.0000319664,0.0000319644,0.0000639308
0.1761666667,0.0000315056,0.0000315045,0.0000630101
0.1763333333,0.0000310454,0.0000310451,0.0000620905
0.1765000000,0.0000305861,0.0000305856,0.0000611716
0.1766666667,0.0000301276,0.0000301262,0.0000602539
0.1768333333,0.0000296702,0.0000296679,0.0000593381
0.1770000000,0.0000292139,0.0000292114,0.0000584253
0.1771666667,0.0000287588,0.0000287570,0.0000575158
0.1773333333,0.0000283049,0.0000283041,0.0000566091
0.1775000000,0.0000278525,0.0000278522,0.0000557047
0.1776666667,0.0000274016,0.0000274009,0.0000548025
0.1778333333,0.0000269523,0.0000269508,0.0000539031
0.1780000000,0.0000265046,0.0000265025,0.0000530072
0.1781666667,0.0000260588,0.0000260567,0.0000521155
0.1783333333,0.0000256148,0.0000256133,0.0000512281
0.1785000000,0.0000251728,0.0000251719,0.0000503447
0.1786666667,0.0000247328,0.0000247323,0.0000494651
0.1788333333,0.0000242951,0.0000242943,0.0000485893
0.1790000000,0.0000238595,0.0000238582,0.0000477177
0.1791666667,0.0000234263,0.0000234245,0.0000468508
0.1793333333,0.0000229955,0.0000229936,0.0000459891
0.1795000000,0.0000225672,0.0000225656,0.0000451329
0.1796666667,0.0000221415,0.0000221404,0.0000442820
0.1798333333,0.0000217185,0.0000217178,0.0000434363
0.1800000000,0.0000212983,0.0000212976,0.0000425959
0.1801666667,0.0000208809,0.0000208799,0.0000417608
0.1803333333,0.0000204665,0.0000204649,0.0000409314
0.1805000000,0.0000200550,0.0000200531,0.0000401081
0.1806666667,0.0000196467,0.0000196449,0.0000392915
0.1808333333,0.0000192415,0.0000192402,0.0000384817
0.1810000000,0.0000188395,0.0000188388,0.0000376783
0.1811666667,0.0000184409,0.0000184404,0.0000368813
0.1813333333,0.0000180457,0.0000180448,0.0000360904
0.1815000000,0.0000176539,0.0000176523,0.0000353062
0.1816666667,0.0000172656,0.0000172635,0.0000345292
0.1818333333,0.0000168810,0.0000168790,0.0000337600
0.1820000000,0.0000165000,0.0000164988,0.0000329988
0.1821666667,0.0000161228,0.0000161222,0.0000322450
0.1823333333,0.0000157493,0.0000157489,0.0000314983
0.1825000000,0.0000153798,0.0000153788,0.0000307586
0.1826666667,0.0000150141,0.0000150123,0.0000300264
0.1828333333,0.0000146524,0.0000146502,0.0000293026
0.1830000000,0.0000142948,0.0000142929,0.0000285877
0.1831666667,0.0000139412,0.0000139402,0.0000278814
0.1833333333,0.0000135918,0.0000135914,0.0000271833
0.1835000000,0.0000132467,0.0000132461,0.0000264928
0.1836666667,0.0000129057,0.0000129044,0.0000258101
0.1838333333,0.0000125690,0.0000125670,0.0000251361
0.1840000000,0.0000122367,0.0000122345,0.0000244712
0.1841666667,0.0000119088,0.0000119071,0.0000238159
0.1843333333,0.0000115853,0.0000115843,0.0000231696
0.1845000000,0.0000112663,0.0000112657,0.0000225319
0.1846666667,0.0000109517,0.0000109509,0.0000219026
0.1848333333,0.0000106417,0.0000106402,0.0000212820
0.1850000000,0.0000103363,0.0000103343,0.0000206707
0.1851666667,0.0000100355,0.0000100335,0.0000200691
0.1853333333,0.0000097394,0.0000097378,0.0000194772
0.1855000000,0.0000094479,0.0000094468,0.0000188947
0.1856666667,0.0000091611,0.0000091602,0.0000183213
0.1858333333,0.0000088790,0.0000088779,0.0000177570
0.1860000000,0.0000086017,0.0000086002,0.0000172019
0.1861666667,0.0000083292,0.0000083273,0.0000166564
0.1863333333,0.0000080614,0.0000080595,0.0000161208
0.1865000000,0.0000077984,0.0000077967,0.0000155951
0.1866666667,0.0000075402,0.0000075389,0.0000150791
0.1868333333,0.0000072868,0.0000072857,0.0000145725
0.1870000000,0.0000070383,0.0000070371,0.0000140754
0.1871666667,0.0000067946,0.0000067931,0.0000135877
0.1873333333,0.0000065557,0.0000065540,0.0000131097
0.1875000000,0.0000063218,0.0000063198,0.0000126416
0.1876666667,0.0000060926,0.0000060908,0.0000121834
0.1878333333,0.0000058683,0.0000058668,0.0000117351
0.1880000000,0.0000056488,0.0000056477,0.0000112965
0.1881666667,0.0000054342,0.0000054331,0.0000108673
0.1883333333,0.0000052244,0.0000052230,0.0000104474
0.1885000000,0.0000050194,0.0000050176,0.0000100370
0.1886666667,0.0000048193,0.0000048172,0.0000096365
0.1888333333,0.0000046239,0.0000046220,0.0000092459
0.1890000000,0.0000044333,0.0000044319,0.0000088652
0.1891666667,0.0000042475,0.0000042465,0.0000084940
0.1893333333,0.0000040664,0.0000040653,0.0000081318
0.1895000000,0.0000038901,0.0000038885,0.0000077786
0.1896666667,0.0000037184,0.0000037164,0.0000074348
0.1898333333,0.0000035514,0.0000035493,0.0000071007
0.1900000000,0.0000033890,0.0000033873,0.0000067763
0.1901666667,0.0000032313,0.0000032301,0.0000064614
0.1903333333,0.0000030781,0.0000030772,0.0000061553
0.1905000000,0.0000029295,0.0000029283,0.0000058578
0.1906666667,0.0000027854,0.0000027837,0.0000055691
0.1908333333,0.0000026458,0.0000026437,0.0000052895
0.1910000000,0.0000025105,0.0000025086,0.0000050191
0.1911666667,0.0000023797,0.0000023782,0.0000047579
0.1913333333,0.0000022532,0.0000022521,0.0000045054
0.1915000000,0.0000021311,0.0000021300,0.0000042611
0.1916666667,0.0000020131,0.0000020118,0.0000040249
0.1918333333,0.0000018994,0.0000018976,0.0000037970
0.1920000000,0.0000017898,0.0000017879,0.0000035776
0.1921666667,0.0000016843,0.0000016825,0.0000033668
0.1923333333,0.0000015828,0.0000015815,0.0000031643
0.1925000000,0.0000014854,0.0000014842,0.0000029696
0.1926666667,0.0000013918,0.0000013907,0.0000027825
0.1928333333,0.0000013021,0.0000013007,0.0000026028
0.1930000000,0.0000012162,0.0000012146,0.0000024308
0.1931666667,0.0000011341,0.0000011324,0.0000022664
0.1933333333,0.0000010556,0.0000010541,0.0000021096
0.1935000000,0.0000009807,0.0000009794,0.0000019601
0.1936666667,0.0000009094,0.0000009082,0.0000018176
0.1938333333,0.0000008415,0.0000008403,0.0000016818
0.1940000000,0.0000007770,0.0000007757,0.0000015527
0.1941666667,0.0000007158,0.0000007144,0.0000014302
0.1943333333,0.0000006579,0.0000006564,0.0000013143
0.1945000000,0.0000006032,0.0000006018,0.0000012049
0.1946666667,0.0000005515,0.0000005503,0.0000011018
0.1948333333,0.0000005028,0.0000005018,0.0000010046
0.1950000000,0.0000004571,0.0000004560,0.0000009132
0.1951666667,0.0000004143,0.0000004131,0.0000008273
0.1953333333,0.0000003742,0.0000003729,0.0000007470
0.1955000000,0.0000003367,0.0000003354,0.0000006721
0.1956666667,0.0000003019,0.0000003007,0.0000006025
0.1958333333,0.0000002696,0.0000002685,0.0000005381
0.1960000000,0.0000002397,0.0000002387,0.0000004784
0.1961666667,0.0000002122,0.0000002112,0.0000004233
0.1963333333,0.0000001869,0.0000001858,0.0000003726
0.1965000000,0.0000001637,0.0000001624,0.0000003262
0.1966666667,0.0000001426,0.0000001413,0.0000002839
0.1968333333,0.0000001235,0.0000001222,0.0000002457
0.1970000000,0.0000001062,0.0000001050,0.0000002113
0.1971666667,0.0000000908,0.0000000896,0.0000001804
0.1973333333,0.0000000770,0.0000000757,0.0000001527
0.1975000000,0.0000000648,0.0000000633,0.0000001281
0.1976666667,0.0000000541,0.0000000523,0.0000001064
0.1978333333,0.0000000447,0.0000000429,0.0000000876
0.1980000000,0.0000000367,0.0000000348,0.0000000714
0.1981666667,0.0000000298,0.0000000278,0.0000000576
0.1983333333,0.0000000240,0.0000000219,0.0000000459
0.1985000000,0.0000000192,0.0000000169,0.0000000361
0.1986666667,0.0000000152,0.0000000128,0.0000000280
0.1988333333,0.0000000120,0.0000000095,0.0000000214
0.1990000000,0.0000000094,0.0000000069,0.0000000164
0.1991666667,0.0000000074,0.0000000051,0.0000000125
0.1993333333,0.0000000059,0.0000000037,0.0000000097
0.1995000000,0.0000000048,0.0000000029,0.0000000076
0.1996666667,0.0000000039,0.0000000024,0.0000000063
0.1998333333,0.0000000032,0.0000000024,0.0000000056
0.2000000000,0.0000000027,0.0000000027,0.0000000054
0.2001666667,0.0000000023,0.0000000032,0.0000000056
0.2003333333,0.0000000020,0.0000000041,0.0000000061
0.2005000000,0.0000000018,0.0000000051,0.0000000069
0.2006666667,0.0000000017,0.0000000064,0.0000000081
0.2008333333,0.0000000017,0.0000000080,0.0000000097
0.2010000000,0.0000000020,0.0000000098,0.0000000118
0.2011666667,0.0000000027,0.0000000118,0.0000000145
0.2013333333,0.0000000039,0.0000000140,0.0000000179
0.2015000000,0.0000000059,0.0000000165,0.0000000224
0.2016666667,0.0000000087,0.0000000194,0.0000000281
0.2018333333,0.0000000126,0.0000000229,0.0000000355
0.2020000000,0.0000000179,0.0000000269,0.0000000448
0.2021666667,0.0000000246,0.0000000317,0.0000000563
0.2023333333,0.0000000330,0.0000000374,0.0000000704
0.2025000000,0.0000000433,0.0000000442,0.0000000875
0.2026666667,0.0000000555,0.0000000525,0.0000001081
0.2028333333,0.0000000698,0.0000000627,0.0000001324
0.2030000000,0.0000000861,0.0000000750,0.0000001610
0.2031666667,0.0000001044,0.0000000898,0.0000001942
0.2033333333,0.0000001247,0.0000001073,0.0000002320
0.2035000000,0.0000001470,0.0000001277,0.0000002747
0.2036666667,0.0000001713,0.0000001513,0.0000003226
0.2038333333,0.0000001975,0.0000001782,0.0000003757
0.2040000000,0.0000002257,0.0000002084,0.0000004341
0.2041666667,0.0000002559,0.0000002420,0.0000004979
0.2043333333,0.0000002882,0.0000002788,0.0000005669
0.2045000000,0.0000003228,0.0000003183,0.0000006411
0.2046666667,0.0000003598,0.0000003604,0.0000007202
0.2048333333,0.0000003994,0.0000004046,0.0000008040
0.2050000000,0.0000004417,0.0000004509,0.0000008925
0.2051666667,0.0000004869,0.0000004990,0.0000009859
0.2053333333,0.0000005351,0.0000005491,0.0000010842
0.2055000000,0.0000005863,0.0000006010,0.0000011874
0.2056666667,0.0000006407,0.0000006547,0.0000012954
0.2058333333,0.0000006982,0.0000007102,0.0000014084
0.2060000000,0.0000007591,0.0000007678,0.0000015268
0.2061666667,0.0000008232,0.0000008280,0.0000016512
0.2063333333,0.0000008908,0.0000008915,0.0000017823
0.2065000000,0.0000009619,0.0000009586,0.0000019205
0.2066666667,0.0000010366,0.0000010296,0.0000020662
0.2068333333,0.0000011151,0.0000011045,0.0000022195
0.2070000000,0.0000011973,0.0000011837,0.0000023810
0.2071666667,0.0000012834,0.0000012676,0.0000025510
0.2073333333,0.0000013734,0.0000013567,0.0000027301
0.2075000000,0.0000014672,0.0000014514,0.0000029186
0.2076666667,0.0000015649,0.0000015515,0.0000031163
0.2078333333,0.0000016664,0.0000016564,0.0000033228
0.2080000000,0.0000017718,0.0000017657,0.0000035375
0.2081666667,0.0000018812,0.0000018791,0.0000037603
0.2083333333,0.0000019946,0.0000019965,0.0000039911
0.2085000000,0.0000021122,0.0000021178,0.0000042300
0.2086666667,0.0000022340,0.0000022426,0.0000044766
0.2088333333,0.0000023602,0.0000023705,0.0000047306
0.2090000000,0.0000024907,0.0000025009,0.0000049916
0.2091666667,0.0000026257,0.0000026339,0.0000052596
0.2093333333,0.0000027651,0.0000027701,0.0000055352
0.2095000000,0.0000029089,0.0000029102,0.0000058191
0.2096666667,0.0000030573,0.0000030548,0.0000061121
0.2098333333,0.0000032103,0.0000032042,0.0000064145
0.2100000000,0.0000033679,0.0000033586,0.0000067265
0.2101666667,0.0000035301,0.0000035181,0.0000070483
0.2103333333,0.0000036971,0.0000036832,0.0000073804
0.2105000000,0.0000038688,0.0000038545,0.0000077233
0.2106666667,0.0000040452,0.0000040321,0.0000080773
0.2108333333,0.0000042263,0.0000042160,0.0000084423
0.2110000000,0.0000044120,0.0000044056,0.0000088176
0.2111666667,0.0000046024,0.0000046001,0.0000092025
0.2113333333,0.0000047975,0.0000047990,0.0000095964
0.2115000000,0.0000049973,0.0000050018,0.0000099991
0.2116666667,0.0000052020,0.0000052084,0.0000104104
0.2118333333,0.0000054115,0.0000054187,0.0000108303
0.2120000000,0.0000056259,0.0000056326,0.0000112585
0.2121666667,0.0000058451,0.0000058499,0.0000116950
0.2123333333,0.0000060692,0.0000060708,0.0000121401
0.2125000000,0.0000062981,0.0000062959,0.0000125940
0.2126666667,0.0000065319,0.0000065257,0.0000130577
0.2128333333,0.0000067706,0.0000067611,0.0000135317
0.2130000000,0.0000070142,0.0000070025,0.0000140166
0.2131666667,0.0000072626,0.0000072502,0.0000145128
0.2133333333,0.0000075159,0.0000075043,0.0000150202
0.2135000000,0.0000077740,0.0000077644,0.0000155384
0.2136666667,0.0000080369,0.0000080301,0.0000160670
0.2138333333,0.0000083045,0.0000083011,0.0000166055
0.2140000000,0.0000085768,0.0000085769,0.0000171537
0.2141666667,0.0000088539,0.0000088572,0.0000177110
0.2143333333,0.0000091357,0.0000091413,0.0000182770
0.2145000000,0.0000094222,0.0000094287,0.0000188510
0.2146666667,0.0000097135,0.0000097191,0.0000194326
0.2148333333,0.0000100094,0.0000100124,0.0000200218
0.2150000000,0.0000103100,0.0000103094,0.0000206194
0.2151666667,0.0000106152,0.0000106109,0.0000212261
0.2153333333,0.0000109250,0.0000109177,0.0000218427
0.2155000000,0.0000112393,0.0000112302,0.0000224695
0.2156666667,0.0000115582,0.0000115482,0.0000231064
0.2158333333,0.0000118816,0.0000118717,0.0000237533
0.2160000000,0.0000122094,0.0000122007,0.0000244101
0.2161666667,0.0000125416,0.0000125351,0.0000250767
0.2163333333,0.0000128781,0.0000128751,0.0000257531
0.2165000000,0.0000132188,0.0000132198,0.0000264386
0.2166666667,0.0000135637,0.0000135682,0.0000271319
0.2168333333,0.0000139129,0.0000139191,0.0000278320
0.2170000000,0.0000142662,0.0000142721,0.0000285384
0.2171666667,0.0000146237,0.0000146275,0.0000292512
0.2173333333,0.0000149852,0.0000149862,0.0000299714
0.2175000000,0.0000153506,0.0000153489,0.0000306995
0.2176666667,0.0000157200,0.0000157158,0.0000314358
0.2178333333,0.0000160932,0.0000160870,0.0000321802
0.2180000000,0.0000164703,0.0000164624,0.0000329327
0.2181666667,0.0000168512,0.0000168424,0.0000336936
0.2183333333,0.0000172357,0.0000172277,0.0000344634
0.2185000000,0.0000176238,0.0000176184,0.0000352422
0.2186666667,0.0000180154,0.0000180139,0.0000360293
0.2188333333,0.0000184104,0.0000184129,0.0000368233
0.2190000000,0.0000188088,0.0000188140,0.0000376228
0.2191666667,0.0000192106,0.0000192166,0.0000384272
0.2193333333,0.0000196156,0.0000196209,0.0000392364
0.2195000000,0.0000200238,0.0000200273,0.0000400511
0.2196666667,0.0000204351,0.0000204365,0.0000408716
0.2198333333,0.0000208493,0.0000208485,0.0000416979
0.2200000000,0.0000212665,0.0000212634,0.0000425299
0.2201666667,0.0000216866,0.0000216812,0.0000433678
0.2203333333,0.0000221095,0.0000221027,0.0000442122
0.2205000000,0.0000225350,0.0000225285,0.0000450635
0.2206666667,0.0000229632,0.0000229587,0.0000459219
0.2208333333,0.0000233938,0.0000233927,0.0000467865
0.2210000000,0.0000238269,0.0000238294,0.0000476562
0.2211666667,0.0000242622,0.0000242675,0.0000485297
0.2213333333,0.0000246999,0.0000247064,0.0000494062
0.2215000000,0.0000251397,0.0000251459,0.0000502856
0.2216666667,0.0000255815,0.0000255865,0.0000511680
0.2218333333,0.0000260254,0.0000260284,0.0000520537
0.2220000000,0.0000264711,0.0000264718,0.0000529429
0.2221666667,0.0000269186,0.0000269171,0.0000538356
0.2223333333,0.0000273678,0.0000273644,0.0000547321
0.2225000000,0.0000278186,0.0000278142,0.0000556328
0.2226666667,0.0000282709,0.0000282670,0.0000565379
0.2228333333,0.0000287246,0.0000287227,0.0000574473
0.2230000000,0.0000291796,0.0000291807,0.0000583603
0.2231666667,0.0000296358,0.0000296401,0.0000592759
0.2233333333,0.0000300931,0.0000300999,0.0000601930
0.2235000000,0.0000305514,0.0000305593,0.0000611107
0.2236666667,0.0000310107,0.0000310180,0.0000620287
0.2238333333,0.0000314707,0.0000314763,0.0000629470
0.2240000000,0.0000319315,0.0000319347,0.0000638662
0.2241666667,0.0000323928,0.0000323939,0.0000647867
0.2243333333,0.0000328547,0.0000328541,0.0000657087
0.2245000000,0.0000333170,0.0000333155,0.0000666325
0.2246666667,0.0000337796,0.0000337782,0.0000675577
0.2248333333,0.0000342424,0.0000342420,0.0000684844
0.2250000000,0.0000347053,0.0000347070,0.0000694122
0.2251666667,0.0000351681,0.0000351726,0.0000703407
0.2253333333,0.0000356309,0.0000356381,0.0000712690
0.2255000000,0.0000360935,0.0000361026,0.0000721961
0.2256666667,0.0000365558,0.0000365651,0.0000731210
0.2258333333,0.0000370177,0.0000370256,0.0000740433
0.2260000000,0.0000374791,0.0000374844,0.0000749636
0.2261666667,0.0000379399,0.0000379426,0.0000758825
0.2263333333,0.0000384000,0.0000384010,0.0000768010
0.2265000000,0.0000388592,0.0000388599,0.0000777191
0.2266666667,0.0000393176,0.0000393189,0.0000786364
0.2268333333,0.0000397750,0.0000397775,0.0000795524
0.2270000000,0.0000402312,0.0000402353,0.0000804665
0.2271666667,0.0000406862,0.0000406923,0.0000813785
0.2273333333,0.0000411400,0.0000411481,0.0000822881
0.2275000000,0.0000415923,0.0000416022,0.0000831945
0.2276666667,0.0000420432,0.0000420537,0.0000840969
0.2278333333,0.0000424925,0.0000425019,0.0000849944
0.2280000000,0.0000429401,0.0000429471,0.0000858871
0.2281666667,0.0000433858,0.0000433901,0.0000867759
0.2283333333,0.0000438297,0.0000438321,0.0000876618
0.2285000000,0.0000442717,0.0000442738,0.0000885455
0.2286666667,0.0000447115,0.0000447150,0.0000894266
0.2288333333,0.0000451493,0.0000451548,0.0000903041
0.2290000000,0.0000455848,0.0000455922,0.0000911769
0.2291666667,0.0000460179,0.0000460268,0.0000920447
0.2293333333,0.0000464486,0.0000464586,0.0000929072
0.2295000000,0.0000468769,0.0000468875,0.0000937643
0.2296666667,0.0000473025,0.0000473132,0.0000946157
0.2298333333,0.0000477255,0.0000477353,0.0000954608
0.2300000000,0.0000481457,0.0000481536,0.0000962993
0.2301666667,0.0000485630,0.0000485687,0.0000971317
0.2303333333,0.0000489774,0.0000489815,0.0000979589
0.2305000000,0.0000493888,0.0000493929,0.0000987816
0.2306666667,0.0000497971,0.0000498028,0.0000995998
0.2308333333,0.0000502022,0.0000502104,0.0001004126
0.2310000000,0.0000506041,0.0000506146,0.0001012187
0.2311666667,0.0000510027,0.0000510145,0.0001020172
0.2313333333,0.0000513979,0.0000514098,0.0001028077
0.2315000000,0.0000517897,0.0000518009,0.0001035906
0.2316666667,0.0000521779,0.0000521882,0.0001043661
0.2318333333,0.0000525625,0.0000525717,0.0001051342
0.2320000000,0.0000529434,0.0000529515,0.0001058949
0.2321666667,0.0000533206,0.0000533276,0.0001066482
0.2323333333,0.0000536940,0.0000537005,0.0001073945
0.2325000000,0.0000540635,0.0000540705,0.0001081341
0.2326666667,0.0000544292,0.0000544377,0.0001088669
0.2328333333,0.0000547908,0.0000548015,0.0001095924
0.2330000000,0.0000551484,0.0000551611,0.0001103095
0.2331666667,0.0000555020,0.0000555154,0.0001110174
0.2333333333,0.0000558514,0.0000558643,0.0001117156
0.2335000000,0.0000561966,0.0000562080,0.0001124045
0.2336666667,0.0000565375,0.0000565472,0.0001130847
0.2338333333,0.0000568741,0.0000568826,0.0001137567
0.2340000000,0.0000572064,0.0000572144,0.0001144208
0.2341666667,0.0000575343,0.0000575426,0.0001150769
0.2343333333,0.0000578578,0.0000578670,0.0001157248
0.2345000000,0.0000581768,0.0000581872,0.0001163641
0.2346666667,0.0000584914,0.0000585031,0.0001169944
0.2348333333,0.0000588013,0.0000588141,0.0001176155
0.2350000000,0.0000591068,0.0000591200,0.0001182268
0.2351666667,0.0000594076,0.0000594206,0.0001188282
0.2353333333,0.0000597038,0.0000597158,0.0001194196
0.2355000000,0.0000599953,0.0000600059,0.0001200012
0.2356666667,0.0000602820,0.0000602914,0.0001205734
0.2358333333,0.0000605641,0.0000605727,0.0001211368
0.2360000000,0.0000608414,0.0000608502,0.0001216917
0.2361666667,0.0000611140,0.0000611240,0.0001222379
0.2363333333,0.0000613818,0.0000613934,0.0001227752
0.2365000000,0.0000616448,0.0000616578,0.0001233026
0.2366666667,0.0000619030,0.0000619167,0.0001238197
0.2368333333,0.0000621564,0.0000621698,0.0001243262
0.2370000000,0.0000624050,0.0000624173,0.0001248223
0.2371666667,0.0000626487,0.0000626599,0.0001253086
0.2373333333,0.0000628876,0.0000628978,0.0001257854
0.2375000000,0.0000631216,0.0000631314,0.0001262530
0.2376666667,0.0000633507,0.0000633606,0.0001267113
0.2378333333,0.0000635751,0.0000635852,0.0001271603
0.2380000000,0.0000637945,0.0000638054,0.0001275999
0.2381666667,0.0000640092,0.0000640210,0.0001280302
0.2383333333,0.0000642190,0.0000642318,0.0001284508
0.2385000000,0.0000644241,0.0000644374,0.0001288615
0.2386666667,0.0000646243,0.0000646374,0.0001292617
0.2388333333,0.0000648197,0.0000648318,0.0001296515
0.2390000000,0.0000650103,0.0000650210,0.0001300313
0.2391666667,0.0000651962,0.0000652057,0.0001304019
0.2393333333,0.0000653773,0.0000653865,0.0001307638
0.2395000000,0.0000655537,0.0000655635,0.0001311172
0.2396666667,0.0000657254,0.0000657364,0.0001314617
0.2398333333,0.0000658924,0.0000659044,0.0001317968
0.2400000000,0.0000660548,0.0000660672,0.0001321220
0.2401666667,0.0000662126,0.0000662249,0.0001324375
0.2403333333,0.0000663659,0.0000663777,0.0001327435
0.2405000000,0.0000665146,0.0000665258,0.0001330404
0.2406666667,0.0000666587,0.0000666695,0.0001333282
0.2408333333,0.0000667984,0.0000668086,0.0001336070
0.2410000000,0.0000669337,0.0000669432,0.0001338769
0.2411666667,0.0000670646,0.0000670738,0.0001341384
0.2413333333,0.0000671911,0.0000672007,0.0001343918
0.2415000000,0.0000673133,0.0000673238,0.0001346371
0.2416666667,0.0000674313,0.0000674427,0.0001348740
0.2418333333,0.0000675451,0.0000675570,0.0001351021
0.2420000000,0.0000676548,0.0000676663,0.0001353211
0.2421666667,0.0000677604,0.0000677709,0.0001355313
0.2423333333,0.0000678619,0.0000678713,0.0001357333
0.2425000000,0.0000679595,0.0000679682,0.0001359277
0.2426666667,0.0000680531,0.0000680617,0.0001361148
0.2428333333,0.0000681428,0.0000681518,0.0001362946
0.2430000000,0.0000682288,0.0000682382,0.0001364670
0.2431666667,0.0000683110,0.0000683207,0.0001366317
0.2433333333,0.0000683896,0.0000683994,0.0001367889
0.2435000000,0.0000684645,0.0000684743,0.0001369389
0.2436666667,0.0000685360,0.0000685456,0.0001370816
0.2438333333,0.0000686040,0.0000686132,0.0001372172
0.2440000000,0.0000686685,0.0000686772,0.0001373458
0.2441666667,0.0000687298,0.0000687378,0.0001374676
0.2443333333,0.0000687878,0.0000687953,0.0001375830
0.2445000000,0.0000688426,0.0000688500,0.0001376926
0.2446666667,0.0000688943,0.0000689020,0.0001377963
0.2448333333,0.0000689430,0.0000689513,0.0001378943
0.2450000000,0.0000689888,0.0000689974,0.0001379862
0.2451666667,0.0000690318,0.0000690403,0.0001380721
0.2453333333,0.0000690720,0.0000690800,0.0001381520
0.2455000000,0.0000691095,0.0000691168,0.0001382263
0.2456666667,0.0000691444,0.0000691512,0.0001382956
0.2458333333,0.0000691768,0.0000691832,0.0001383600
0.2460000000,0.0000692067,0.0000692131,0.0001384198
0.2461666667,0.0000692344,0.0000692407,0.0001384751
0.2463333333,0.0000692597,0.0000692661,0.0001385259
0.2465000000,0.0000692830,0.0000692894,0.0001385724
0.2466666667,0.0000693041,0.0000693105,0.0001386146
0.2468333333,0.0000693233,0.0000693295,0.0001386529
0.2470000000,0.0000693407,0.0000693466,0.0001386872
0.2471666667,0.0000693562,0.0000693617,0.0001387179
0.2473333333,0.0000693700,0.0000693751,0.0001387451
0.2475000000,0.0000693822,0.0000693870,0.0001387692
0.2476666667,0.0000693929,0.0000693975,0.0001387905
0.2478333333,0.0000694022,0.0000694068,0.0001388090
0.2480000000,0.0000694102,0.0000694149,0.0001388251
0.2481666667,0.0000694170,0.0000694217,0.0001388387
0.2483333333,0.0000694227,0.0000694273,0.0001388500
0.2485000000,0.0000694273,0.0000694319,0.0001388591
0.2486666667,0.0000694310,0.0000694354,0.0001388664
0.2488333333,0.0000694338,0.0000694383,0.0001388720
0.2490000000,0.0000694358,0.0000694405,0.0001388763
0.2491666667,0.0000694371,0.0000694423,0.0001388794
0.2493333333,0.0000694377,0.0000694438,0.0001388815
0.2495000000,0.0000694378,0.0000694451,0.0001388828
0.2496666667,0.0000694373,0.0000694462,0.0001388835
0.2498333333,0.0000694363,0.0000694475,0.0001388838
0.2500000000,0.0000694347,0.0000694490,0.0001388838
0.2501666667,0.0000694327,0.0000694511,0.0001388838
0.2503333333,0.0000694300,0.0000694540,0.0001388841
0.2505000000,0.0000694267,0.0000694580,0.0001388847
0.2506666667,0.0000694225,0.0000694634,0.0001388859
0.2508333333,0.0000694175,0.0000694705,0.0001388880
0.2510000000,0.0000694113,0.0000694797,0.0001388910
0.2511666667,0.0000694038,0.0000694914,0.0001388952
0.2513333333,0.0000693947,0.0000695060,0.0001389007
0.2515000000,0.0000693837,0.0000695242,0.0001389079
0.2516666667,0.0000693704,0.0000695466,0.0001389170
0.2518333333,0.0000693545,0.0000695737,0.0001389282
0.2520000000,0.0000693355,0.0000696061,0.0001389417
0.2521666667,0.0000693132,0.0000696444,0.0001389575
0.2523333333,0.0000692870,0.0000696888,0.0001389758
0.2525000000,0.0000692567,0.0000697400,0.0001389968
0.2526666667,0.0000692219,0.0000697987,0.0001390206
0.2528333333,0.0000691822,0.0000698655,0.0001390477
0.2530000000,0.0000691373,0.0000699410,0.0001390783
0.2531666667,0.0000690871,0.0000700255,0.0001391127
0.2533333333,0.0000690312,0.0000701196,0.0001391508
0.2535000000,0.0000689695,0.0000702233,0.0001391929
0.2536666667,0.0000689019,0.0000703372,0.0001392390
0.2538333333,0.0000688280,0.0000704614,0.0001392894
0.2540000000,0.0000687479,0.0000705963,0.0001393443
0.2541666667,0.0000686613,0.0000707423,0.0001394037
0.2543333333,0.0000685681,0.0000708997,0.0001394678
0.2545000000,0.0000684680,0.0000710688,0.0001395368
0.2546666667,0.0000683608,0.0000712503,0.0001396111
0.2548333333,0.0000682463,0.0000714448,0.0001396912
0.2550000000,0.0000681243,0.0000716528,0.0001397770
0.2551666667,0.0000679943,0.0000718744,0.0001398687
0.2553333333,0.0000678564,0.0000721097,0.0001399660
0.2555000000,0.0000677102,0.0000723587,0.0001400689
0.2556666667,0.0000675557,0.0000726218,0.0001401775
0.2558333333,0.0000673927,0.0000728998,0.0001402924
0.2560000000,0.0000672211,0.0000731931,0.0001404142
0.2561666667,0.0000670410,0.0000735021,0.0001405431
0.2563333333,0.0000668521,0.0000738269,0.0001406790
0.2565000000,0.0000666544,0.0000741673,0.0001408217
0.2566666667,0.0000664479,0.0000745235,0.0001409713
0.2568333333,0.0000662324,0.0000748955,0.0001411279
0.2570000000,0.0000660079,0.0000752839,0.0001412917
0.2571666667,0.0000657742,0.0000756888,0.0001414630
0.2573333333,0.0000655312,0.0000761106,0.0001416418
0.2575000000,0.0000652789,0.0000765494,0.0001418283
0.2576666667,0.0000650172,0.0000770053,0.0001420226
0.2578333333,0.0000647462,0.0000774789,0.0001422251
0.2580000000,0.0000644658,0.0000779703,0.0001424361
0.2581666667,0.0000641761,0.0000784795,0.0001426556
0.2583333333,0.0000638772,0.0000790061,0.0001428833
0.2585000000,0.0000635690,0.0000795498,0.0001431188
0.2586666667,0.0000632517,0.0000801105,0.0001433622
0.2588333333,0.0000629252,0.0000806887,0.0001436139
0.2590000000,0.0000625896,0.0000812849,0.0001438745
0.2591666667,0.0000622450,0.0000818996,0.0001441446
0.2593333333,0.0000618913,0.0000825328,0.0001444241
0.2595000000,0.0000615286,0.0000831842,0.0001447128
0.2596666667,0.0000611571,0.0000838530,0.0001450102
0.2598333333,0.0000607770,0.0000845391,0.0001453161
0.2600000000,0.0000603883,0.0000852424,0.0001456308
0.2601666667,0.0000599914,0.0000859631,0.0001459545
0.2603333333,0.0000595863,0.0000867014,0.0001462877
0.2605000000,0.0000591731,0.0000874573,0.0001466304
0.2606666667,0.0000587521,0.0000882306,0.0001469828
0.2608333333,0.0000583234,0.0000890214,0.0001473448
0.2610000000,0.0000578871,0.0000898293,0.0001477164
0.2611666667,0.0000574435,0.0000906542,0.0001480977
0.2613333333,0.0000569928,0.0000914956,0.0001484884
0.2615000000,0.0000565353,0.0000923530,0.0001488883
0.2616666667,0.0000560712,0.0000932261,0.0001492973
0.2618333333,0.0000556009,0.0000941149,0.0001497158
0.2620000000,0.0000551245,0.0000950194,0.0001501440
0.2621666667,0.0000546425,0.0000959399,0.0001505824
0.2623333333,0.0000541549,0.0000968762,0.0001510311
0.2625000000,0.0000536622,0.0000978278,0.0001514899
0.2626666667,0.0000531645,0.0000987938,0.0001519583
0.2628333333,0.0000526622,0.0000997736,0.0001524358
0.2630000000,0.0000521558,0.0001007666,0.0001529223
0.2631666667,0.0000516455,0.0001017726,0.0001534181
0.2633333333,0.0000511318,0.0001027918,0.0001539236
0.2635000000,0.0000506149,0.0001038243,0.0001544392
0.2636666667,0.0000500954,0.0001048698,0.0001549652
0.2638333333,0.0000495734,0.0001059278,0.0001555012
0.2640000000,0.0000490494,0.0001069974,0.0001560468
0.2641666667,0.0000485238,0.0001080777,0.0001566015
0.2643333333,0.0000479970,0.0001091680,0.0001571650
0.2645000000,0.0000474695,0.0001102681,0.0001577376
0.2646666667,0.0000469416,0.0001113778,0.0001583195
0.2648333333,0.0000464140,0.0001124970,0.0001589110
0.2650000000,0.0000458869,0.0001136253,0.0001595122
0.2651666667,0.0000453609,0.0001147621,0.0001601229
0.2653333333,0.0000448363,0.0001159068,0.0001607430
0.2655000000,0.0000443136,0.0001170587,0.0001613723
0.2656666667,0.0000437933,0.0001182171,0.0001620104
0.2658333333,0.0000432759,0.0001193812,0.0001626571
0.2660000000,0.0000427620,0.0001205503,0.0001633123
0.2661666667,0.0000422520,0.0001217238,0.0001639758
0.2663333333,0.0000417464,0.0001229015,0.0001646479
0.2665000000,0.0000412457,0.0001240834,0.0001653291
0.2666666667,0.0000407504,0.0001252692,0.0001660196
0.2668333333,0.0000402611,0.0001264581,0.0001667192
0.2670000000,0.0000397781,0.0001276490,0.0001674271
0.2671666667,0.0000393021,0.0001288404,0.0001681425
0.2673333333,0.0000388337,0.0001300312,0.0001688650
0.2675000000,0.0000383734,0.0001312213,0.0001695947
0.2676666667,0.0000379217,0.0001324107,0.0001703324
0.2678333333,0.0000374791,0.0001335996,0.0001710787
0.2680000000,0.0000370462,0.0001347875,0.0001718336
0.2681666667,0.0000366234,0.0001359730,0.0001725965
0.2683333333,0.0000362114,0.0001371549,0.0001733663
0.2685000000,0.0000358108,0.0001383318,0.0001741426
0.2686666667,0.0000354220,0.0001395033,0.0001749253
0.2688333333,0.0000350457,0.0001406691,0.0001757148
0.2690000000,0.0000346824,0.0001418290,0.0001765114
0.2691666667,0.0000343326,0.0001429823,0.0001773149
0.2693333333,0.0000339969,0.0001441281,0.0001781251
0.2695000000,0.0000336758,0.0001452658,0.0001789416
0.2696666667,0.0000333699,0.0001463947,0.0001797646
0.2698333333,0.0000330798,0.0001475141,0.0001805939
0.2700000000,0.0000328059,0.0001486231,0.0001814291
0.2701666667,0.0000325490,0.0001497206,0.0001822696
0.2703333333,0.0000323094,0.0001508054,0.0001831148
0.2705000000,0.0000320878,0.0001518770,0.0001839648
0.2706666667,0.0000318845,0.0001529355,0.0001848201
0.2708333333,0.0000317003,0.0001539810,0.0001856814
0.2710000000,0.0000315357,0.0001550130,0.0001865487
0.2711666667,0.0000313911,0.0001560301,0.0001874211
0.2713333333,0.0000312671,0.0001570304,0.0001882976
0.2715000000,0.0000311643,0.0001580127,0.0001891770
0.2716666667,0.0000310830,0.0001589765,0.0001900595
0.2718333333,0.0000310238,0.0001599221,0.0001909459
0.2720000000,0.0000309873,0.0001608497,0.0001918370
0.2721666667,0.0000309739,0.0001617588,0.0001927327
0.2723333333,0.0000309841,0.0001626483,0.0001936324
0.2725000000,0.0000310184,0.0001635166,0.0001945350
0.2726666667,0.0000310773,0.0001643626,0.0001954399
0.2728333333,0.0000311612,0.0001651859,0.0001963471
0.2730000000,0.0000312705,0.0001659862,0.0001972567
0.2731666667,0.0000314057,0.0001667631,0.0001981689
0.2733333333,0.0000315673,0.0001675161,0.0001990834
0.2735000000,0.0000317557,0.0001682444,0.0002000001
0.2736666667,0.0000319713,0.0001689473,0.0002009186
0.2738333333,0.0000322146,0.0001696245,0.0002018391
0.2740000000,0.0000324858,0.0001702757,0.0002027614
0.2741666667,0.0000327853,0.0001708998,0.0002036851
0.2743333333,0.0000331137,0.0001714957,0.0002046094
0.2745000000,0.0000334711,0.0001720625,0.0002055336
0.2746666667,0.0000338581,0.0001725997,0.0002064578
0.2748333333,0.0000342749,0.0001731076,0.0002073824
0.2750000000,0.0000347218,0.0001735864,0.0002083082
0.2751666667,0.0000351991,0.0001740359,0.0002092351
0.2753333333,0.0000357072,0.0001744551,0.0002101623
0.2755000000,0.0000362463,0.0001748424,0.0002110886
0.2756666667,0.0000368167,0.0001751966,0.0002120133
0.2758333333,0.0000374187,0.0001755174,0.0002129361
0.2760000000,0.0000380524,0.0001758053,0.0002138578
0.2761666667,0.0000387182,0.0001760606,0.0002147788
0.2763333333,0.0000394163,0.0001762832,0.0002156995
0.2765000000,0.0000401467,0.0001764725,0.0002166192
0.2766666667,0.0000409098,0.0001766272,0.0002175370
0.2768333333,0.0000417056,0.0001767466,0.0002184523
0.2770000000,0.0000425344,0.0001768303,0.0002193647
0.2771666667,0.0000433963,0.0001768781,0.0002202744
0.2773333333,0.0000442913,0.0001768902,0.0002211815
0.2775000000,0.0000452196,0.0001768664,0.0002220860
0.2776666667,0.0000461812,0.0001768066,0.0002229878
0.2778333333,0.0000471763,0.0001767104,0.0002238867
0.2780000000,0.0000482048,0.0001765776,0.0002247824
0.2781666667,0.0000492669,0.0001764079,0.0002256748
0.2783333333,0.0000503624,0.0001762008,0.0002265632
0.2785000000,0.0000514915,0.0001759558,0.0002274473
0.2786666667,0.0000526540,0.0001756727,0.0002283267
0.2788333333,0.0000538500,0.0001753515,0.0002292015
0.2790000000,0.0000550793,0.0001749926,0.0002300720
0.2791666667,0.0000563420,0.0001745964,0.0002309384
0.2793333333,0.0000576378,0.0001741629,0.0002318007
0.2795000000,0.0000589668,0.0001736916,0.0002326583
0.2796666667,0.0000603286,0.0001731818,0.0002335104
0.2798333333,0.0000617233,0.0001726332,0.0002343564
0.2800000000,0.0000631505,0.0001720456,0.0002351962
0.2801666667,0.0000646103,0.0001714197,0.0002360299
0.2803333333,0.0000661022,0.0001707561,0.0002368582
0.2805000000,0.0000676261,0.0001700553,0.0002376813
0.2806666667,0.0000691817,0.0001693173,0.0002384990
0.2808333333,0.0000707687,0.0001685417,0.0002393104
0.2810000000,0.0000723870,0.0001677280,0.0002401149
0.2811666667,0.0000740361,0.0001668759,0.0002409120
0.2813333333,0.0000757157,0.0001659860,0.0002417017
0.2815000000,0.0000774255,0.0001650589,0.0002424844
0.2816666667,0.0000791651,0.0001640954,0.0002432606
0.2818333333,0.0000809341,0.0001630961,0.0002440302
0.2820000000,0.0000827322,0.0001620607,0.0002447929
0.2821666667,0.0000845589,0.0001609893,0.0002455482
0.2823333333,0.0000864137,0.0001598816,0.0002462954
0.2825000000,0.0000882962,0.0001587381,0.0002470343
0.2826666667,0.0000902060,0.0001575593,0.0002477652
0.2828333333,0.0000921424,0.0001563458,0.0002484882
0.2830000000,0.0000941050,0.0001550983,0.0002492033
0.2831666667,0.0000960933,0.0001538172,0.0002499104
0.2833333333,0.0000981066,0.0001525029,0.0002506095
0.2835000000,0.0001001445,0.0001511559,0.0002513004
0.2836666667,0.0001022063,0.0001497765,0.0002519828
0.2838333333,0.0001042914,0.0001483651,0.0002526565
0.2840000000,0.0001063992,0.0001469219,0.0002533211
0.2841666667,0.0001085291,0.0001454474,0.0002539765
0.2843333333,0.0001106803,0.0001439425,0.0002546228
0.2845000000,0.0001128522,0.0001424082,0.0002552605
0.2846666667,0.0001150442,0.0001408456,0.0002558898
0.2848333333,0.0001172554,0.0001392553,0.0002565106
0.2850000000,0.0001194851,0.0001376373,0.0002571225
0.2851666667,0.0001217327,0.0001359918,0.0002577245
0.2853333333,0.0001239974,0.0001343190,0.0002583164
0.2855000000,0.0001262783,0.0001326201,0.0002588984
0.2856666667,0.0001285746,0.0001308965,0.0002594712
0.2858333333,0.0001308856,0.0001291497,0.0002600353
0.2860000000,0.0001332105,0.0001273803,0.0002605908
0.2861666667,0.0001355484,0.0001255886,0.0002611370
0.2863333333,0.0001378984,0.0001237747,0.0002616731
0.2865000000,0.0001402598,0.0001219391,0.0002621989
0.2866666667,0.0001426315,0.0001200831,0.0002627146
0.2868333333,0.0001450127,0.0001182080,0.0002632207
0.2870000000,0.0001474026,0.0001163151,0.0002637177
0.2871666667,0.0001498001,0.0001144053,0.0002642054
0.2873333333,0.0001522045,0.0001124792,0.0002646836
0.2875000000,0.0001546146,0.0001105373,0.0002651519
0.2876666667,0.0001570296,0.0001085807,0.0002656103
0.2878333333,0.0001594485,0.0001066104,0.0002660589
0.2880000000,0.0001618704,0.0001046274,0.0002664978
0.2881666667,0.0001642943,0.0001026328,0.0002669270
0.2883333333,0.0001667191,0.0001006273,0.0002673464
0.2885000000,0.0001691438,0.0000986123,0.0002677561
0.2886666667,0.0001715676,0.0000965888,0.0002681564
0.2888333333,0.0001739893,0.0000945582,0.0002685474
0.2890000000,0.0001764079,0.0000925213,0.0002689292
0.2891666667,0.0001788224,0.0000904790,0.0002693014
0.2893333333,0.0001812317,0.0000884318,0.0002696635
0.2895000000,0.0001836349,0.0000863808,0.0002700157
0.2896666667,0.0001860308,0.0000843275,0.0002703583
0.2898333333,0.0001884184,0.0000822736,0.0002706920
0.2900000000,0.0001907966,0.0000802204,0.0002710171
0.2901666667,0.0001931645,0.0000781689,0.0002713334
0.2903333333,0.0001955208,0.0000761196,0.0002716404
0.2905000000,0.0001978646,0.0000740731,0.0002719377
0.2906666667,0.0002001948,0.0000720305,0.0002722254
0.2908333333,0.0002025103,0.0000699936,0.0002725039
0.2910000000,0.0002048100,0.0000679640,0.0002727740
0.2911666667,0.0002070929,0.0000659431,0.0002730360
0.2913333333,0.0002093578,0.0000639317,0.0002732895
0.2915000000,0.0002116037,0.0000619306,0.0002735344
0.2916666667,0.0002138296,0.0000599407,0.0002737703
0.2918333333,0.0002160343,0.0000579632,0.0002739975
0.2920000000,0.0002182168,0.0000559996,0.0002742164
0.2921666667,0.0002203760,0.0000540512,0.0002744272
0.2923333333,0.0002225108,0.0000521193,0.0002746301
0.2925000000,0.0002246202,0.0000502050,0.0002748252
0.2926666667,0.0002267031,0.0000483093,0.0002750124
0.2928333333,0.0002287585,0.0000464333,0.0002751919
0.2930000000,0.0002307853,0.0000445784,0.0002753638
0.2931666667,0.0002327825,0.0000427457,0.0002755282
0.2933333333,0.0002347490,0.0000409361,0.0002756851
0.2935000000,0.0002366839,0.0000391508,0.0002758347
0.2936666667,0.0002385860,0.0000373911,0.0002759771
0.2938333333,0.0002404543,0.0000356584,0.0002761127
0.2940000000,0.0002422880,0.0000339538,0.0002762418
0.2941666667,0.0002440859,0.0000322785,0.0002763644
0.2943333333,0.0002458471,0.0000306335,0.0002764806
0.2945000000,0.0002475707,0.0000290195,0.0002765902
0.2946666667,0.0002492555,0.0000274377,0.0002766933
0.2948333333,0.0002509008,0.0000258894,0.0002767902
0.2950000000,0.0002525055,0.0000243759,0.0002768814
0.2951666667,0.0002540687,0.0000228985,0.0002769672
0.2953333333,0.0002555896,0.0000214581,0.0002770477
0.2955000000,0.0002570671,0.0000200558,0.0002771229
0.2956666667,0.0002585005,0.0000186922,0.0002771927
0.2958333333,0.0002598888,0.0000173683,0.0002772572
0.2960000000,0.0002612313,0.0000160855,0.0002773167
0.2961666667,0.0002625269,0.0000148448,0.0002773717
0.2963333333,0.0002637750,0.0000136473,0.0002774224
0.2965000000,0.0002649748,0.0000124942,0.0002774689
0.2966666667,0.0002661253,0.0000113861,0.0002775114
0.2968333333,0.0002672260,0.0000103240,0.0002775500
0.2970000000,0.0002682760,0.0000093087,0.0002775846
0.2971666667,0.0002692745,0.0000083412,0.0002776157
0.2973333333,0.0002702209,0.0000074225,0.0002776434
0.2975000000,0.0002711145,0.0000065535,0.0002776681
0.2976666667,0.0002719547,0.0000057352,0.0002776898
0.2978333333,0.0002727407,0.0000049683,0.0002777089
0.2980000000,0.0002734719,0.0000042535,0.0002777255
0.2981666667,0.0002741479,0.0000035918,0.0002777397
0.2983333333,0.0002747679,0.0000029838,0.0002777517
0.2985000000,0.0002753314,0.0000024303,0.0002777618
0.2986666667,0.0002758380,0.0000019320,0.0002777700
0.2988333333,0.0002762872,0.0000014895,0.0002777767
0.2990000000,0.0002766785,0.0000011036,0.0002777821
0.2991666667,0.0002770114,0.0000007748,0.0002777862
0.2993333333,0.0002772857,0.0000005037,0.0002777894
0.2995000000,0.0002775009,0.0000002907,0.0002777916
0.2996666667,0.0002776569,0.0000001361,0.0002777930
0.2998333333,0.0002777533,0.0000000405,0.0002777938
0.3000000000,0.0002777899,0.0000000041,0.0002777940
0.3001666667,0.0002777666,0.0000000272,0.0002777938
0.3003333333,0.0002776834,0.0000001098,0.0002777932
0.3005000000,0.0002775403,0.0000002519,0.0002777922
0.3006666667,0.0002773372,0.0000004536,0.0002777908
0.3008333333,0.0002770744,0.0000007147,0.0002777890
0.3010000000,0.0002767520,0.0000010348,0.0002777868
0.3011666667,0.0002763703,0.0000014138,0.0002777840
0.3013333333,0.0002759296,0.0000018510,0.0002777806
0.3015000000,0.0002754304,0.0000023458,0.0002777762
0.3016666667,0.0002748732,0.0000028974,0.0002777706
0.3018333333,0.0002742586,0.0000035050,0.0002777636
0.3020000000,0.0002735872,0.0000041678,0.0002777550
0.3021666667,0.0002728597,0.0000048848,0.0002777444
0.3023333333,0.0002720767,0.0000056550,0.0002777317
0.3025000000,0.0002712391,0.0000064772,0.0002777163
0.3026666667,0.0002703476,0.0000073502,0.0002776978
0.3028333333,0.0002694031,0.0000082727,0.0002776758
0.3030000000,0.0002684063,0.0000092435,0.0002776498
0.3031666667,0.0002673580,0.0000102615,0.0002776195
0.3033333333,0.0002662590,0.0000113258,0.0002775848
0.3035000000,0.0002651101,0.0000124352,0.0002775453
0.3036666667,0.0002639121,0.0000135886,0.0002775007
0.3038333333,0.0002626657,0.0000147849,0.0002774505
0.3040000000,0.0002613717,0.0000160230,0.0002773946
0.3041666667,0.0002600309,0.0000173020,0.0002773328
0.3043333333,0.0002586441,0.0000186210,0.0002772651
0.3045000000,0.0002572122,0.0000199792,0.0002771914
0.3046666667,0.0002557361,0.0000213757,0.0002771117
0.3048333333,0.0002542166,0.0000228096,0.0002770262
0.3050000000,0.0002526548,0.0000242801,0.0002769349
0.3051666667,0.0002510515,0.0000257864,0.0002768379
0.3053333333,0.0002494078,0.0000273276,0.0002767354
0.3055000000,0.0002477247,0.0000289026,0.0002766273
0.3056666667,0.0002460031,0.0000305107,0.0002765138
0.3058333333,0.0002442439,0.0000321509,0.0002763948
0.3060000000,0.0002424482,0.0000338223,0.0002762705
0.3061666667,0.0002406168,0.0000355244,0.0002761412
0.3063333333,0.0002387506,0.0000372561,0.0002760068
0.3065000000,0.0002368506,0.0000390163,0.0002758669
0.3066666667,0.0002349177,0.0000408034,0.0002757211
0.3068333333,0.0002329528,0.0000426159,0.0002755687
0.3070000000,0.0002309570,0.0000444525,0.0002754095
0.3071666667,0.0002289313,0.0000463120,0.0002752434
0.3073333333,0.0002268768,0.0000481934,0.0002750702
0.3075000000,0.0002247945,0.0000500950,0.0002748895
0.3076666667,0.0002226855,0.0000520150,0.0002747005
0.3078333333,0.0002205510,0.0000539513,0.0002745023
0.3080000000,0.0002183922,0.0000559022,0.0002742943
0.3081666667,0.0002162100,0.0000578665,0.0002740764
0.3083333333,0.0002140055,0.0000598434,0.0002738489
0.3085000000,0.0002117799,0.0000618321,0.0002736120
0.3086666667,0.0002095342,0.0000638315,0.0002733656
0.3088333333,0.0002072694,0.0000658402,0.0002731096
0.3090000000,0.0002049866,0.0000678570,0.0002728436
0.3091666667,0.0002026869,0.0000698812,0.0002725680
0.3093333333,0.0002003714,0.0000719121,0.0002722834
0.3095000000,0.0001980412,0.0000739492,0.0002719904
0.3096666667,0.0001956974,0.0000759920,0.0002716894
0.3098333333,0.0001933411,0.0000780395,0.0002713806
0.3100000000,0.0001909733,0.0000800906,0.0002710639
0.3101666667,0.0001885951,0.0000821444,0.0002707395
0.3103333333,0.0001862076,0.0000841998,0.0002704074
0.3105000000,0.0001838116,0.0000862557,0.0002700673
0.3106666667,0.0001814082,0.0000883109,0.0002697191
0.3108333333,0.0001789984,0.0000903637,0.0002693621
0.3110000000,0.0001765834,0.0000924125,0.0002689958
0.3111666667,0.0001741640,0.0000944561,0.0002686201
0.3113333333,0.0001717414,0.0000964930,0.0002682345
0.3115000000,0.0001693167,0.0000985220,0.0002678387
0.3116666667,0.0001668909,0.0001005412,0.0002674321
0.3118333333,0.0001644651,0.0001025489,0.0002670140
0.3120000000,0.0001620402,0.0001045438,0.0002665840
0.3121666667,0.0001596172,0.0001065253,0.0002661426
0.3123333333,0.0001571972,0.0001084932,0.0002656904
0.3125000000,0.0001547810,0.0001104474,0.0002652284
0.3126666667,0.0001523696,0.0001123871,0.0002647567
0.3128333333,0.0001499640,0.0001143115,0.0002642754
0.3130000000,0.0001475651,0.0001162192,0.0002637843
0.3131666667,0.0001451739,0.0001181099,0.0002632838
0.3133333333,0.0001427914,0.0001199834,0.0002627748
0.3135000000,0.0001404184,0.0001218397,0.0002622582
0.3136666667,0.0001380558,0.0001236785,0.0002617343
0.3138333333,0.0001357044,0.0001254984,0.0002612028
0.3140000000,0.0001333650,0.0001272977,0.0002606627
0.3141666667,0.0001310385,0.0001290745,0.0002601131
0.3143333333,0.0001287257,0.0001308278,0.0002595535
0.3145000000,0.0001264275,0.0001325565,0.0002589841
0.3146666667,0.0001241447,0.0001342601,0.0002584048
0.3148333333,0.0001218782,0.0001359373,0.0002578155
0.3150000000,0.0001196287,0.0001375869,0.0002572156
0.3151666667,0.0001173970,0.0001392077,0.0002566047
0.3153333333,0.0001151838,0.0001407989,0.0002559827
0.3155000000,0.0001129899,0.0001423603,0.0002553502
0.3156666667,0.0001108159,0.0001438921,0.0002547080
0.3158333333,0.0001086626,0.0001453941,0.0002540567
0.3160000000,0.0001065306,0.0001468665,0.0002533971
0.3161666667,0.0001044207,0.0001483091,0.0002527298
0.3163333333,0.0001023335,0.0001497216,0.0002520551
0.3165000000,0.0001002697,0.0001511038,0.0002513735
0.3166666667,0.0000982297,0.0001524553,0.0002506850
0.3168333333,0.0000962142,0.0001537751,0.0002499894
0.3170000000,0.0000942237,0.0001550624,0.0002492862
0.3171666667,0.0000922588,0.0001563163,0.0002485751
0.3173333333,0.0000903201,0.0001575360,0.0002478560
0.3175000000,0.0000884080,0.0001587208,0.0002471288
0.3176666667,0.0000865230,0.0001598700,0.0002463931
0.3178333333,0.0000846658,0.0001609825,0.0002456483
0.3180000000,0.0000828368,0.0001620572,0.0002448940
0.3181666667,0.0000810363,0.0001630937,0.0002441300
0.3183333333,0.0000792648,0.0001640922,0.0002433571
0.3185000000,0.0000775228,0.0001650536,0.0002425764
0.3186666667,0.0000758105,0.0001659785,0.0002417891
0.3188333333,0.0000741285,0.0001668675,0.0002409959
0.3190000000,0.0000724769,0.0001677202,0.0002401971
0.3191666667,0.0000708563,0.0001685363,0.0002393926
0.3193333333,0.0000692668,0.0001693155,0.0002385823
0.3195000000,0.0000677088,0.0001700579,0.0002377668
0.3196666667,0.0000661825,0.0001707639,0.0002369465
0.3198333333,0.0000646882,0.0001714334,0.0002361216
0.3200000000,0.0000632260,0.0001720658,0.0002352917
0.3201666667,0.0000617962,0.0001726597,0.0002344559
0.3203333333,0.0000603990,0.0001732141,0.0002336131
0.3205000000,0.0000590347,0.0001737282,0.0002327628
0.3206666667,0.0000577033,0.0001742022,0.0002319055
0.3208333333,0.0000564050,0.0001746367,0.0002310417
0.3210000000,0.0000551399,0.0001750325,0.0002301725
0.3211666667,0.0000539081,0.0001753903,0.0002292985
0.3213333333,0.0000527097,0.0001757103,0.0002284200
0.3215000000,0.0000515448,0.0001759928,0.0002275375
0.3216666667,0.0000504133,0.0001762381,0.0002266514
0.3218333333,0.0000493154,0.0001764469,0.0002257623
0.3220000000,0.0000482511,0.0001766199,0.0002248710
0.3221666667,0.0000472202,0.0001767576,0.0002239778
0.3223333333,0.0000462228,0.0001768598,0.0002230826
0.3225000000,0.0000452589,0.0001769261,0.0002221850
0.3226666667,0.0000443282,0.0001769559,0.0002212841
0.3228333333,0.0000434309,0.0001769484,0.0002203793
0.3230000000,0.0000425668,0.0001769036,0.0002194704
0.3231666667,0.0000417358,0.0001768217,0.0002185575
0.3233333333,0.0000409378,0.0001767033,0.0002176411
0.3235000000,0.0000401726,0.0001765491,0.0002167217
0.3236666667,0.0000394400,0.0001763601,0.0002158000
0.3238333333,0.0000387398,0.0001761370,0.0002148768
0.3240000000,0.0000380719,0.0001758806,0.0002139525
0.3241666667,0.0000374361,0.0001755918,0.0002130278
0.3243333333,0.0000368321,0.0001752711,0.0002121032
0.3245000000,0.0000362597,0.0001749192,0.0002111789
0.3246666667,0.0000357187,0.0001745367,0.0002102553
0.3248333333,0.0000352086,0.0001741238,0.0002093324
0.3250000000,0.0000347294,0.0001736807,0.0002084100
0.3251666667,0.0000342806,0.0001732070,0.0002074876
0.3253333333,0.0000338620,0.0001727023,0.0002065643
0.3255000000,0.0000334733,0.0001721664,0.0002056396
0.3256666667,0.0000331141,0.0001715996,0.0002047137
0.3258333333,0.0000327840,0.0001710031,0.0002037872
0.3260000000,0.0000324828,0.0001703784,0.0002028612
0.3261666667,0.0000322099,0.0001697268,0.0002019367
0.3263333333,0.0000319651,0.0001690494,0.0002010145
0.3265000000,0.0000317479,0.0001683464,0.0002000944
0.3266666667,0.0000315580,0.0001676185,0.0001991766
0.3268333333,0.0000313950,0.0001668664,0.0001982613
0.3270000000,0.0000312583,0.0001660911,0.0001973494
0.3271666667,0.0000311476,0.0001652938,0.0001964414
0.3273333333,0.0000310623,0.0001644748,0.0001955371
0.3275000000,0.0000310022,0.0001636337,0.0001946359
0.3276666667,0.0000309666,0.0001627699,0.0001937365
0.3278333333,0.0000309552,0.0001618831,0.0001928383
0.3280000000,0.0000309675,0.0001609740,0.0001919415
0.3281666667,0.0000310029,0.0001600442,0.0001910471
0.3283333333,0.0000310610,0.0001590954,0.0001901564
0.3285000000,0.0000311412,0.0001581290,0.0001892702
0.3286666667,0.0000312431,0.0001571455,0.0001883886
0.3288333333,0.0000313661,0.0001561457,0.0001875118
0.3290000000,0.0000315098,0.0001551300,0.0001866399
0.3291666667,0.0000316737,0.0001540998,0.0001857734
0.3293333333,0.0000318571,0.0001530560,0.0001849130
0.3295000000,0.0000320595,0.0001519994,0.0001840589
0.3296666667,0.0000322804,0.0001509299,0.0001832104
0.3298333333,0.0000325194,0.0001498474,0.0001823668
0.3300000000,0.0000327758,0.0001487518,0.0001815275
0.3301666667,0.0000330491,0.0001476435,0.0001806926
0.3303333333,0.0000333387,0.0001465235,0.0001798622
0.3305000000,0.0000336442,0.0001453930,0.0001790371
0.3306666667,0.0000339648,0.0001442531,0.0001782179
0.3308333333,0.0000343002,0.0001431049,0.0001774050
0.3310000000,0.0000346496,0.0001419496,0.0001765993
0.3311666667,0.0000350127,0.0001407885,0.0001758012
0.3313333333,0.0000353888,0.0001396225,0.0001750113
0.3315000000,0.0000357773,0.0001384519,0.0001742293
0.3316666667,0.0000361778,0.0001372770,0.0001734548
0.3318333333,0.0000365897,0.0001360976,0.0001726873
0.3320000000,0.0000370124,0.0001349142,0.0001719265
0.3321666667,0.0000374453,0.0001337275,0.0001711728
0.3323333333,0.0000378880,0.0001325382,0.0001704263
0.3325000000,0.0000383399,0.0001313469,0.0001696868
0.3326666667,0.0000388004,0.0001301538,0.0001689542
0.3328333333,0.0000392690,0.0001289595,0.0001682285
0.3330000000,0.0000397452,0.0001277652,0.0001675103
0.3331666667,0.0000402283,0.0001265725,0.0001668008
0.3333333333,0.0000407180,0.0001253831,0.0001661011
0.3335000000,0.0000412136,0.0001241980,0.0001654116
0.3336666667,0.0000417147,0.0001230171,0.0001647319
0.3338333333,0.0000422208,0.0001218400,0.0001640607
0.3340000000,0.0000427313,0.0001206662,0.0001633974
0.3341666667,0.0000432457,0.0001194963,0.0001627420
0.3343333333,0.0000437636,0.0001183314,0.0001620950
0.3345000000,0.0000442845,0.0001171723,0.0001614567
0.3346666667,0.0000448078,0.0001160196,0.0001608274
0.3348333333,0.0000453331,0.0001148734,0.0001602064
0.3350000000,0.0000458599,0.0001137339,0.0001595938
0.3351666667,0.0000463877,0.0001126022,0.0001589899
0.3353333333,0.0000469161,0.0001114795,0.0001583956
0.3355000000,0.0000474447,0.0001103673,0.0001578120
0.3356666667,0.0000479730,0.0001092663,0.0001572393
0.3358333333,0.0000485007,0.0001081764,0.0001566770
0.3360000000,0.0000490271,0.0001070972,0.0001561243
0.3361666667,0.0000495520,0.0001060284,0.0001555805
0.3363333333,0.0000500750,0.0001049703,0.0001550453
0.3365000000,0.0000505957,0.0001039234,0.0001545191
0.3366666667,0.0000511136,0.0001028883,0.0001540019
0.3368333333,0.0000516284,0.0001018656,0.0001534941
0.3370000000,0.0000521398,0.0001008558,0.0001529955
0.3371666667,0.0000526472,0.0000998594,0.0001525066
0.3373333333,0.0000531505,0.0000988772,0.0001520277
0.3375000000,0.0000536493,0.0000979099,0.0001515592
0.3376666667,0.0000541432,0.0000969579,0.0001511012
0.3378333333,0.0000546320,0.0000960214,0.0001506534
0.3380000000,0.0000551154,0.0000951002,0.0001502156
0.3381666667,0.0000555930,0.0000941944,0.0001497874
0.3383333333,0.0000560645,0.0000933040,0.0001493686
0.3385000000,0.0000565299,0.0000924292,0.0001489590
0.3386666667,0.0000569886,0.0000915699,0.0001485585
0.3388333333,0.0000574406,0.0000907262,0.0001481668
0.3390000000,0.0000578855,0.0000898985,0.0001477840
0.3391666667,0.0000583231,0.0000890875,0.0001474106
0.3393333333,0.0000587532,0.0000882939,0.0001470471
0.3395000000,0.0000591756,0.0000875185,0.0001466941
0.3396666667,0.0000595901,0.0000867613,0.0001463514
0.3398333333,0.0000599967,0.0000860220,0.0001460186
0.3400000000,0.0000603950,0.0000853000,0.0001456950
0.3401666667,0.0000607849,0.0000845951,0.0001453800
0.3403333333,0.0000611663,0.0000839074,0.0001450737
0.3405000000,0.0000615391,0.0000832372,0.0001447764
0.3406666667,0.0000619032,0.0000825848,0.0001444880
0.3408333333,0.0000622583,0.0000819500,0.0001442083
0.3410000000,0.0000626045,0.0000813326,0.0001439371
0.3411666667,0.0000629416,0.0000807327,0.0001436743
0.3413333333,0.0000632696,0.0000801505,0.0001434201
0.3415000000,0.0000635883,0.0000795867,0.0001431751
0.3416666667,0.0000638978,0.0000790416,0.0001429394
0.3418333333,0.0000641981,0.0000785148,0.0001427129
0.3420000000,0.0000644890,0.0000780059,0.0001424950
0.3421666667,0.0000647707,0.0000775142,0.0001422849
0.3423333333,0.0000650430,0.0000770391,0.0001420822
0.3425000000,0.0000653061,0.0000765807,0.0001418868
0.3426666667,0.0000655598,0.0000761391,0.0001416989
0.3428333333,0.0000658043,0.0000757145,0.0001415187
0.3430000000,0.0000660395,0.0000753069,0.0001413464
0.3431666667,0.0000662655,0.0000749161,0.0001411816
0.3433333333,0.0000664824,0.0000745420,0.0001410243
0.3435000000,0.0000666902,0.0000741842,0.0001408744
0.3436666667,0.0000668891,0.0000738428,0.0001407319
0.3438333333,0.0000670791,0.0000735175,0.0001405966
0.3440000000,0.0000672603,0.0000732079,0.0001404682
0.3441666667,0.0000674330,0.0000729135,0.0001403464
0.3443333333,0.0000675971,0.0000726338,0.0001402308
0.3445000000,0.0000677527,0.0000723684,0.0001401212
0.3446666667,0.0000679002,0.0000721172,0.0001400173
0.3448333333,0.0000680395,0.0000718799,0.0001399194
0.3450000000,0.0000681708,0.0000716565,0.0001398273
0.3451666667,0.0000682942,0.0000714469,0.0001397412
0.3453333333,0.0000684101,0.0000712507,0.0001396609
0.3455000000,0.0000685186,0.0000710677,0.0001395863
0.3456666667,0.0000686198,0.0000708973,0.0001395171
0.3458333333,0.0000687140,0.0000707390,0.0001394530
0.3460000000,0.0000688014,0.0000705922,0.0001393936
0.3461666667,0.0000688821,0.0000704564,0.0001393386
0.3463333333,0.0000689565,0.0000703313,0.0001392878
0.3465000000,0.0000690247,0.0000702166,0.0001392413
0.3466666667,0.0000690869,0.0000701119,0.0001391989
0.3468333333,0.0000691434,0.0000700170,0.0001391604
0.3470000000,0.0000691945,0.0000699314,0.0001391259
0.3471666667,0.0000692403,0.0000698546,0.0001390949
0.3473333333,0.0000692812,0.0000697863,0.0001390675
0.3475000000,0.0000693174,0.0000697259,0.0001390433
0.3476666667,0.0000693492,0.0000696731,0.0001390223
0.3478333333,0.0000693769,0.0000696272,0.0001390041
0.3480000000,0.0000694007,0.0000695877,0.0001389884
0.3481666667,0.0000694209,0.0000695542,0.0001389750
0.3483333333,0.0000694377,0.0000695260,0.0001389637
0.3485000000,0.0000694515,0.0000695028,0.0001389543
0.3486666667,0.0000694625,0.0000694843,0.0001389468
0.3488333333,0.0000694709,0.0000694700,0.0001389409
0.3490000000,0.0000694771,0.0000694594,0.0001389366
0.3491666667,0.0000694814,0.0000694522,0.0001389336
0.3493333333,0.0000694839,0.0000694477,0.0001389316
0.3495000000,0.0000694850,0.0000694454,0.0001389304
0.3496666667,0.0000694849,0.0000694449,0.0001389297
0.3498333333,0.0000694837,0.0000694458,0.0001389295
0.3500000000,0.0000694818,0.0000694477,0.0001389295
0.3501666667,0.0000694792,0.0000694503,0.0001389295
0.3503333333,0.0000694761,0.0000694531,0.0001389293
0.3505000000,0.0000694727,0.0000694559,0.0001389287
0.3506666667,0.0000694691,0.0000694584,0.0001389275
0.3508333333,0.0000694653,0.0000694602,0.0001389255
0.3510000000,0.0000694613,0.0000694611,0.0001389225
0.3511666667,0.0000694573,0.0000694609,0.0001389181
0.3513333333,0.0000694530,0.0000694593,0.0001389123
0.3515000000,0.0000694485,0.0000694564,0.0001389049
0.3516666667,0.0000694436,0.0000694521,0.0001388957
0.3518333333,0.0000694383,0.0000694464,0.0001388847
0.3520000000,0.0000694322,0.0000694394,0.0001388716
0.3521666667,0.0000694252,0.0000694309,0.0001388561
0.3523333333,0.0000694171,0.0000694209,0.0001388380
0.3525000000,0.0000694077,0.0000694092,0.0001388169
0.3526666667,0.0000693968,0.0000693959,0.0001387927
0.3528333333,0.0000693843,0.0000693810,0.0001387653
0.3530000000,0.0000693698,0.0000693646,0.0001387344
0.3531666667,0.0000693534,0.0000693467,0.0001387001
0.3533333333,0.0000693348,0.0000693271,0.0001386619
0.3535000000,0.0000693140,0.0000693060,0.0001386200
0.3536666667,0.0000692909,0.0000692831,0.0001385740
0.3538333333,0.0000692655,0.0000692584,0.0001385239
0.3540000000,0.0000692376,0.0000692318,0.0001384694
0.3541666667,0.0000692074,0.0000692029,0.0001384103
0.3543333333,0.0000691748,0.0000691713,0.0001383461
0.3545000000,0.0000691398,0.0000691369,0.0001382767
0.3546666667,0.0000691024,0.0000690996,0.0001382019
0.3548333333,0.0000690624,0.0000690592,0.0001381216
0.3550000000,0.0000690199,0.0000690159,0.0001380358
0.3551666667,0.0000689747,0.0000689697,0.0001379444
0.3553333333,0.0000689267,0.0000689207,0.0001378474
0.3555000000,0.0000688757,0.0000688690,0.0001377447
0.3556666667,0.0000688215,0.0000688146,0.0001376361
0.3558333333,0.0000687641,0.0000687571,0.0001375212
0.3560000000,0.0000687034,0.0000686963,0.0001373996
0.3561666667,0.0000686391,0.0000686318,0.0001372710
0.3563333333,0.0000685714,0.0000685637,0.0001371351
0.3565000000,0.0000685001,0.0000684920,0.0001369921
0.3566666667,0.0000684253,0.0000684169,0.0001368422
0.3568333333,0.0000683468,0.0000683387,0.0001366855
0.3570000000,0.0000682648,0.0000682570,0.0001365218
0.3571666667,0.0000681790,0.0000681717,0.0001363508
0.3573333333,0.0000680896,0.0000680825,0.0001361721
0.3575000000,0.0000679964,0.0000679892,0.0001359856
0.3576666667,0.0000678994,0.0000678919,0.0001357913
0.3578333333,0.0000677984,0.0000677907,0.0001355891
0.3580000000,0.0000676934,0.0000676854,0.0001353788
0.3581666667,0.0000675842,0.0000675757,0.0001351599
0.3583333333,0.0000674708,0.0000674614,0.0001349322
0.3585000000,0.0000673531,0.0000673427,0.0001346958
0.3586666667,0.0000672311,0.0000672200,0.0001344511
0.3588333333,0.0000671048,0.0000670939,0.0001341987
0.3590000000,0.0000669741,0.0000669643,0.0001339384
0.3591666667,0.0000668390,0.0000668307,0.0001336697
0.3593333333,0.0000666996,0.0000666922,0.0001333918
0.3595000000,0.0000665557,0.0000665483,0.0001331041
0.3596666667,0.0000664075,0.0000663991,0.0001328066
0.3598333333,0.0000662547,0.0000662451,0.0001324998
0.3600000000,0.0000660974,0.0000660868,0.0001321842
0.3601666667,0.0000659354,0.0000659244,0.0001318598
0.3603333333,0.0000657688,0.0000657576,0.0001315264
0.3605000000,0.0000655974,0.0000655863,0.0001311836
0.3606666667,0.0000654212,0.0000654103,0.0001308315
0.3608333333,0.0000652403,0.0000652300,0.0001304702
0.3610000000,0.0000650546,0.0000650451,0.0001300997
0.3611666667,0.0000648642,0.0000648555,0.0001297197
0.3613333333,0.0000646691,0.0000646607,0.0001293298
0.3615000000,0.0000644692,0.0000644604,0.0001289296
0.3616666667,0.0000642646,0.0000642546,0.0001285192
0.3618333333,0.0000640552,0.0000640438,0.0001280990
0.3620000000,0.0000638409,0.0000638287,0.0001276696
0.3621666667,0.0000636217,0.0000636096,0.0001272313
0.3623333333,0.0000633977,0.0000633862,0.0001267839
0.3625000000,0.0000631687,0.0000631583,0.0001263271
0.3626666667,0.0000629349,0.0000629255,0.0001258604
0.3628333333,0.0000626962,0.0000626874,0.0001253836
0.3630000000,0.0000624527,0.0000624440,0.0001248967
0.3631666667,0.0000622044,0.0000621952,0.0001243996
0.3633333333,0.0000619513,0.0000619412,0.0001238925
0.3635000000,0.0000616934,0.0000616821,0.0001233755
0.3636666667,0.0000614308,0.0000614186,0.0001228494
0.3638333333,0.0000611633,0.0000611511,0.0001223144
0.3640000000,0.0000608910,0.0000608797,0.0001217707
0.3641666667,0.0000606138,0.0000606040,0.0001212178
0.3643333333,0.0000603319,0.0000603231,0.0001206550
0.3645000000,0.0000600452,0.0000600368,0.0001200820
0.3646666667,0.0000597539,0.0000597450,0.0001194989
0.3648333333,0.0000594580,0.0000594483,0.0001189063
0.3650000000,0.0000591575,0.0000591472,0.0001183047
0.3651666667,0.0000588523,0.0000588417,0.0001176941
0.3653333333,0.0000585426,0.0000585318,0.0001170744
0.3655000000,0.0000582283,0.0000582173,0.0001164456
0.3656666667,0.0000579095,0.0000578984,0.0001158079
0.3658333333,0.0000575862,0.0000575757,0.0001151618
0.3660000000,0.0000572583,0.0000572492,0.0001145075
0.3661666667,0.0000569262,0.0000569184,0.0001138446
0.3663333333,0.0000565897,0.0000565826,0.0001131722
0.3665000000,0.0000562489,0.0000562411,0.0001124900
0.3666666667,0.0000559039,0.0000558944,0.0001117983
0.3668333333,0.0000555548,0.0000555434,0.0001110982
0.3670000000,0.0000552014,0.0000551895,0.0001103909
0.3671666667,0.0000548440,0.0000548329,0.0001096769
0.3673333333,0.0000544824,0.0000544732,0.0001089557
0.3675000000,0.0000541169,0.0000541093,0.0001082262
0.3676666667,0.0000537474,0.0000537405,0.0001074879
0.3678333333,0.0000533741,0.0000533668,0.0001067409
0.3680000000,0.0000529970,0.0000529889,0.0001059859
0.3681666667,0.0000526162,0.0000526074,0.0001052236
0.3683333333,0.0000522318,0.0000522227,0.0001044544
0.3685000000,0.0000518437,0.0000518345,0.0001036782
0.3686666667,0.0000514521,0.0000514427,0.0001028948
0.3688333333,0.0000510569,0.0000510476,0.0001021045
0.3690000000,0.0000506584,0.0000506495,0.0001013079
0.3691666667,0.0000502565,0.0000502486,0.0001005051
0.3693333333,0.0000498514,0.0000498448,0.0000996962
0.3695000000,0.0000494432,0.0000494374,0.0000988806
0.3696666667,0.0000490319,0.0000490259,0.0000980578
0.3698333333,0.0000486176,0.0000486104,0.0000972280
0.3700000000,0.0000482003,0.0000481918,0.0000963921
0.3701666667,0.0000477801,0.0000477708,0.0000955509
0.3703333333,0.0000473572,0.0000473480,0.0000947052
0.3705000000,0.0000469316,0.0000469234,0.0000938550
0.3706666667,0.0000465033,0.0000464966,0.0000930000
0.3708333333,0.0000460726,0.0000460671,0.0000921397
0.3710000000,0.0000456395,0.0000456345,0.0000912741
0.3711666667,0.0000452041,0.0000451989,0.0000904030
0.3713333333,0.0000447664,0.0000447604,0.0000895268
0.3715000000,0.0000443265,0.0000443195,0.0000886460
0.3716666667,0.0000438845,0.0000438767,0.0000877612
0.3718333333,0.0000434405,0.0000434325,0.0000868730
0.3720000000,0.0000429947,0.0000429873,0.0000859819
0.3721666667,0.0000425471,0.0000425408,0.0000850879
0.3723333333,0.0000420978,0.0000420928,0.0000841906
0.3725000000,0.0000416470,0.0000416427,0.0000832897
0.3726666667,0.0000411946,0.0000411903,0.0000823849
0.3728333333,0.0000407408,0.0000407359,0.0000814767
0.3730000000,0.0000402857,0.0000402801,0.0000805658
0.3731666667,0.0000398293,0.0000398233,0.0000796526
0.3733333333,0.0000393718,0.0000393657,0.0000787376
0.3735000000,0.0000389134,0.0000389074,0.0000778208
0.3736666667,0.0000384541,0.0000384483,0.0000769024
0.3738333333,0.0000379940,0.0000379886,0.0000759826
0.3740000000,0.0000375331,0.0000375286,0.0000750617
0.3741666667,0.0000370716,0.0000370681,0.0000741397
0.3743333333,0.0000366096,0.0000366068,0.0000732164
0.3745000000,0.0000361472,0.0000361443,0.0000722915
0.3746666667,0.0000356845,0.0000356805,0.0000713650
0.3748333333,0.0000352215,0.0000352161,0.0000704377
0.3750000000,0.0000347585,0.0000347522,0.0000695107
0.3751666667,0.0000342956,0.0000342894,0.0000685850
0.3753333333,0.0000338327,0.0000338280,0.0000676606
0.3755000000,0.0000333699,0.0000333671,0.0000667370
0.3756666667,0.0000329075,0.0000329059,0.0000658134
0.3758333333,0.0000324454,0.0000324439,0.0000648893
0.3760000000,0.0000319839,0.0000319812,0.0000639651
0.3761666667,0.0000315230,0.0000315190,0.0000630420
0.3763333333,0.0000310628,0.0000310580,0.0000621208
0.3765000000,0.0000306034,0.0000305987,0.0000612021
0.3766666667,0.0000301449,0.0000301409,0.0000602859
0.3768333333,0.0000296874,0.0000296843,0.0000593717
0.3770000000,0.0000292310,0.0000292285,0.0000584595
0.3771666667,0.0000287758,0.0000287736,0.0000575495
0.3773333333,0.0000283219,0.0000283200,0.0000566419
0.3775000000,0.0000278695,0.0000278676,0.0000557371
0.3776666667,0.0000274185,0.0000274166,0.0000548351
0.3778333333,0.0000269691,0.0000269667,0.0000539358
0.3780000000,0.0000265214,0.0000265182,0.0000530396
0.3781666667,0.0000260755,0.0000260716,0.0000521471
0.3783333333,0.0000256314,0.0000256276,0.0000512590
0.3785000000,0.0000251893,0.0000251863,0.0000503756
0.3786666667,0.0000247493,0.0000247477,0.0000494970
0.3788333333,0.0000243115,0.0000243111,0.0000486225
0.3790000000,0.0000238759,0.0000238758,0.0000477516
0.3791666667,0.0000234426,0.0000234417,0.0000468843
0.3793333333,0.0000230117,0.0000230094,0.0000460211
0.3795000000,0.0000225833,0.0000225799,0.0000451632
0.3796666667,0.0000221575,0.0000221539,0.0000443114
0.3798333333,0.0000217345,0.0000217315,0.0000434660
0.3800000000,0.0000213142,0.0000213124,0.0000426266
0.3801666667,0.0000208967,0.0000208961,0.0000417928
0.3803333333,0.0000204822,0.0000204821,0.0000409643
0.3805000000,0.0000200706,0.0000200703,0.0000401410
0.3806666667,0.0000196622,0.0000196612,0.0000393234
0.3808333333,0.0000192569,0.0000192551,0.0000385120
0.3810000000,0.0000188549,0.0000188526,0.0000377075
0.3811666667,0.0000184562,0.0000184538,0.0000369099
0.3813333333,0.0000180609,0.0000180587,0.0000361196
0.3815000000,0.0000176690,0.0000176673,0.0000353363
0.3816666667,0.0000172806,0.0000172797,0.0000345603
0.3818333333,0.0000168959,0.0000168955,0.0000337914
0.3820000000,0.0000165148,0.0000165148,0.0000330296
0.3821666667,0.0000161375,0.0000161373,0.0000322748
0.3823333333,0.0000157640,0.0000157632,0.0000315272
0.3825000000,0.0000153944,0.0000153928,0.0000307872
0.3826666667,0.0000150286,0.0000150265,0.0000300551
0.3828333333,0.0000146668,0.0000146646,0.0000293314
0.3830000000,0.0000143091,0.0000143073,0.0000286164
0.3831666667,0.0000139554,0.0000139545,0.0000279099
0.3833333333,0.0000136059,0.0000136058,0.0000272117
0.3835000000,0.0000132606,0.0000132610,0.0000265217
0.3836666667,0.0000129196,0.0000129199,0.0000258395
0.3838333333,0.0000125829,0.0000125825,0.0000251653
0.3840000000,0.0000122504,0.0000122491,0.0000244995
0.3841666667,0.0000119224,0.0000119203,0.0000238427
0.3843333333,0.0000115988,0.0000115965,0.0000231953
0.3845000000,0.0000112797,0.0000112780,0.0000225576
0.3846666667,0.0000109650,0.0000109644,0.0000219295
0.3848333333,0.0000106550,0.0000106554,0.0000213104
0.3850000000,0.0000103495,0.0000103502,0.0000206997
0.3851666667,0.0000100486,0.0000100488,0.0000200974
0.3853333333,0.0000097523,0.0000097515,0.0000195038
0.3855000000,0.0000094607,0.0000094590,0.0000189197
0.3856666667,0.0000091739,0.0000091718,0.0000183457
0.3858333333,0.0000088917,0.0000088901,0.0000177818
0.3860000000,0.0000086143,0.0000086135,0.0000172277
0.3861666667,0.0000083416,0.0000083414,0.0000166830
0.3863333333,0.0000080737,0.0000080736,0.0000161473
0.3865000000,0.0000078106,0.0000078103,0.0000156210
0.3866666667,0.0000075524,0.0000075518,0.0000151042
0.3868333333,0.0000072989,0.0000072983,0.0000145972
0.3870000000,0.0000070503,0.0000070495,0.0000140998
0.3871666667,0.0000068065,0.0000068054,0.0000136119
0.3873333333,0.0000065675,0.0000065661,0.0000131336
0.3875000000,0.0000063334,0.0000063318,0.0000126652
0.3876666667,0.0000061042,0.0000061029,0.0000122070
0.3878333333,0.0000058798,0.0000058793,0.0000117591
0.3880000000,0.0000056603,0.0000056605,0.0000113208
0.3881666667,0.0000054456,0.0000054460,0.0000108916
0.3883333333,0.0000052357,0.0000052355,0.0000104712
0.3885000000,0.0000050306,0.0000050293,0.0000100599
0.3886666667,0.0000048303,0.0000048282,0.0000096585
0.3888333333,0.0000046349,0.0000046327,0.0000092675
0.3890000000,0.0000044442,0.0000044428,0.0000088870
0.3891666667,0.0000042583,0.0000042579,0.0000085162
0.3893333333,0.0000040771,0.0000040774,0.0000081545
0.3895000000,0.0000039007,0.0000039008,0.0000078015
0.3896666667,0.0000037289,0.0000037284,0.0000074573
0.3898333333,0.0000035619,0.0000035606,0.0000071224
0.3900000000,0.0000033994,0.0000033978,0.0000067972
0.3901666667,0.0000032416,0.0000032401,0.0000064817
0.3903333333,0.0000030883,0.0000030871,0.0000061755
0.3905000000,0.0000029396,0.0000029387,0.0000058783
0.3906666667,0.0000027954,0.0000027946,0.0000055901
0.3908333333,0.0000026557,0.0000026550,0.0000053107
0.3910000000,0.0000025204,0.0000025199,0.0000050403
0.3911666667,0.0000023896,0.0000023890,0.0000047785
0.3913333333,0.0000022630,0.0000022622,0.0000045252
0.3915000000,0.0000021407,0.0000021395,0.0000042803
0.3916666667,0.0000020227,0.0000020212,0.0000040438
0.3918333333,0.0000019089,0.0000019072,0.0000038161
0.3920000000,0.0000017992,0.0000017978,0.0000035971
0.3921666667,0.0000016937,0.0000016928,0.0000033864
0.3923333333,0.0000015921,0.0000015916,0.0000031838
0.3925000000,0.0000014946,0.0000014942,0.0000029888
0.3926666667,0.0000014010,0.0000014003,0.0000028013
0.3928333333,0.0000013112,0.0000013101,0.0000026214
0.3930000000,0.0000012253,0.0000012238,0.0000024491
0.3931666667,0.0000011430,0.0000011415,0.0000022845
0.3933333333,0.0000010645,0.0000010630,0.0000021275
0.3935000000,0.0000009895,0.0000009883,0.0000019778
0.3936666667,0.0000009181,0.0000009172,0.0000018353
0.3938333333,0.0000008502,0.0000008495,0.0000016997
0.3940000000,0.0000007856,0.0000007851,0.0000015707
0.3941666667,0.0000007244,0.0000007237,0.0000014481
0.3943333333,0.0000006665,0.0000006653,0.0000013318
0.3945000000,0.0000006116,0.0000006101,0.0000012217
0.3946666667,0.0000005599,0.0000005582,0.0000011181
0.3948333333,0.0000005112,0.0000005096,0.0000010208
0.3950000000,0.0000004654,0.0000004642,0.0000009296
0.3951666667,0.0000004225,0.0000004216,0.0000008441
0.3953333333,0.0000003824,0.0000003815,0.0000007638
0.3955000000,0.0000003449,0.0000003437,0.0000006886
0.3956666667,0.0000003100,0.0000003084,0.0000006184
0.3958333333,0.0000002776,0.0000002757,0.0000005534
0.3960000000,0.0000002476,0.0000002457,0.0000004934
0.3961666667,0.0000002200,0.0000002181,0.0000004382
0.3963333333,0.0000001946,0.0000001928,0.0000003874
0.3965000000,0.0000001714,0.0000001694,0.0000003408
0.3966666667,0.0000001502,0.0000001481,0.0000002983
0.3968333333,0.0000001310,0.0000001286,0.0000002596
0.3970000000,0.0000001136,0.0000001111,0.0000002247
0.3971666667,0.0000000980,0.0000000953,0.0000001933
0.3973333333,0.0000000841,0.0000000810,0.0000001651
0.3975000000,0.0000000717,0.0000000683,0.0000001400
0.3976666667,0.0000000608,0.0000000570,0.0000001178
0.3978333333,0.0000000512,0.0000000472,0.0000000985
0.3980000000,0.0000000430,0.0000000388,0.0000000818
0.3981666667,0.0000000358,0.0000000316,0.0000000675
0.3983333333,0.0000000298,0.0000000255,0.0000000552
0.3985000000,0.0000000247,0.0000000201,0.0000000448
0.3986666667,0.0000000204,0.0000000156,0.0000000360
0.3988333333,0.0000000169,0.0000000120,0.0000000289
0.3990000000,0.0000000140,0.0000000092,0.0000000232
0.3991666667,0.0000000116,0.0000000072,0.0000000189
0.3993333333,0.0000000098,0.0000000059,0.0000000156
0.3995000000,0.0000000083,0.0000000050,0.0000000133
0.3996666667,0.0000000071,0.0000000047,0.0000000117
0.3998333333,0.0000000061,0.0000000047,0.0000000108
0.4000000000,0.0000000054,0.0000000052,0.0000000105
0.4001666667,0.0000000047,0.0000000061,0.0000000108
0.4003333333,0.0000000042,0.0000000073,0.0000000114
0.4005000000,0.0000000037,0.0000000088,0.0000000125
0.4006666667,0.0000000034,0.0000000106,0.0000000140
0.4008333333,0.0000000032,0.0000000127,0.0000000159
0.4010000000,0.0000000033,0.0000000151,0.0000000183
0.4011666667,0.0000000036,0.0000000177,0.0000000213
0.4013333333,0.0000000044,0.0000000207,0.0000000250
0.4015000000,0.0000000056,0.0000000240,0.0000000296
0.4016666667,0.0000000076,0.0000000276,0.0000000352
0.4018333333,0.0000000104,0.0000000317,0.0000000421
0.4020000000,0.0000000143,0.0000000361,0.0000000504
0.4021666667,0.0000000194,0.0000000410,0.0000000604
0.4023333333,0.0000000260,0.0000000464,0.0000000725
0.4025000000,0.0000000343,0.0000000527,0.0000000870
0.4026666667,0.0000000445,0.0000000599,0.0000001044
0.4028333333,0.0000000567,0.0000000684,0.0000001251
0.4030000000,0.0000000712,0.0000000782,0.0000001494
0.4031666667,0.0000000879,0.0000000897,0.0000001776
0.4033333333,0.0000001071,0.0000001029,0.0000002100
0.4035000000,0.0000001287,0.0000001182,0.0000002470
0.4036666667,0.0000001530,0.0000001359,0.0000002889
0.4038333333,0.0000001797,0.0000001565,0.0000003362
0.4040000000,0.0000002090,0.0000001802,0.0000003893
0.4041666667,0.0000002408,0.0000002075,0.0000004483
0.4043333333,0.0000002751,0.0000002386,0.0000005137
0.4045000000,0.0000003117,0.0000002737,0.0000005855
0.4046666667,0.0000003507,0.0000003128,0.0000006636
0.4048333333,0.0000003922,0.0000003559,0.0000007480
0.4050000000,0.0000004360,0.0000004027,0.0000008387
0.4051666667,0.0000004822,0.0000004535,0.0000009357
0.4053333333,0.0000005311,0.0000005082,0.0000010393
0.4055000000,0.0000005826,0.0000005668,0.0000011494
0.4056666667,0.0000006369,0.0000006292,0.0000012661
0.4058333333,0.0000006942,0.0000006948,0.0000013890
0.4060000000,0.0000007545,0.0000007630,0.0000015175
0.4061666667,0.0000008182,0.0000008333,0.0000016515
0.4063333333,0.0000008852,0.0000009057,0.0000017909
0.4065000000,0.0000009557,0.0000009803,0.0000019360
0.4066666667,0.0000010299,0.0000010572,0.0000020871
0.4068333333,0.0000011077,0.0000011364,0.0000022441
0.4070000000,0.0000011892,0.0000012177,0.0000024070
0.4071666667,0.0000012745,0.0000013012,0.0000025757
0.4073333333,0.0000013637,0.0000013869,0.0000027506
0.4075000000,0.0000014567,0.0000014754,0.0000029321
0.4076666667,0.0000015536,0.0000015669,0.0000031205
0.4078333333,0.0000016545,0.0000016618,0.0000033164
0.4080000000,0.0000017595,0.0000017604,0.0000035199
0.4081666667,0.0000018687,0.0000018629,0.0000037316
0.4083333333,0.0000019822,0.0000019698,0.0000039520
0.4085000000,0.0000021000,0.0000020819,0.0000041819
0.4086666667,0.0000022222,0.0000021996,0.0000044218
0.4088333333,0.0000023489,0.0000023231,0.0000046720
0.4090000000,0.0000024800,0.0000024522,0.0000049322
0.4091666667,0.0000026156,0.0000025866,0.0000052022
0.4093333333,0.0000027556,0.0000027266,0.0000054822
0.4095000000,0.0000029000,0.0000028725,0.0000057725
0.4096666667,0.0000030488,0.0000030247,0.0000060735
0.4098333333,0.0000032020,0.0000031834,0.0000063854
0.4100000000,0.0000033595,0.0000033479,0.0000067074
0.4101666667,0.0000035215,0.0000035173,0.0000070388
0.4103333333,0.0000036881,0.0000036906,0.0000073786
0.4105000000,0.0000038592,0.0000038674,0.0000077266
0.4106666667,0.0000040350,0.0000040477,0.0000080827
0.4108333333,0.0000042155,0.0000042317,0.0000084473
0.4110000000,0.0000044008,0.0000044195,0.0000088203
0.4111666667,0.0000045910,0.0000046106,0.0000092016
0.4113333333,0.0000047859,0.0000048049,0.0000095908
0.4115000000,0.0000049857,0.0000050021,0.0000099878
0.4116666667,0.0000051903,0.0000052025,0.0000103928
0.4118333333,0.0000053997,0.0000054065,0.0000108062
0.4120000000,0.0000056139,0.0000056147,0.0000112286
0.4121666667,0.0000058330,0.0000058277,0.0000116607
0.4123333333,0.0000060570,0.0000060458,0.0000121028
0.4125000000,0.0000062859,0.0000062696,0.0000125555
0.4126666667,0.0000065197,0.0000064995,0.0000130192
0.4128333333,0.0000067585,0.0000067357,0.0000134942
0.4130000000,0.0000070022,0.0000069784,0.0000139806
0.4131666667,0.0000072507,0.0000072276,0.0000144783
0.4133333333,0.0000075040,0.0000074829,0.0000149869
0.4135000000,0.0000077621,0.0000077442,0.0000155063
0.4136666667,0.0000080250,0.0000080113,0.0000160363
0.4138333333,0.0000082925,0.0000082842,0.0000165766
0.4140000000,0.0000085647,0.0000085624,0.0000171271
0.4141666667,0.0000088416,0.0000088456,0.0000176872
0.4143333333,0.0000091232,0.0000091328,0.0000182560
0.4145000000,0.0000094095,0.0000094233,0.0000188328
0.4146666667,0.0000097006,0.0000097164,0.0000194170
0.4148333333,0.0000099964,0.0000100119,0.0000200083
0.4150000000,0.0000102968,0.0000103102,0.0000206070
0.4151666667,0.0000106019,0.0000106119,0.0000212138
0.4153333333,0.0000109116,0.0000109174,0.0000218290
0.4155000000,0.0000112258,0.0000112272,0.0000224530
0.4156666667,0.0000115445,0.0000115414,0.0000230858
0.4158333333,0.0000118676,0.0000118599,0.0000237275
0.4160000000,0.0000121952,0.0000121829,0.0000243781
0.4161666667,0.0000125273,0.0000125108,0.0000250382
0.4163333333,0.0000128638,0.0000128445,0.0000257083
0.4165000000,0.0000132046,0.0000131844,0.0000263890
0.4166666667,0.0000135497,0.0000135309,0.0000270806
0.4168333333,0.0000138990,0.0000138836,0.0000277826
0.4170000000,0.0000142523,0.0000142419,0.0000284942
0.4171666667,0.0000146097,0.0000146047,0.0000292144
0.4173333333,0.0000149711,0.0000149712,0.0000299422
0.4175000000,0.0000153363,0.0000153410,0.0000306773
0.4176666667,0.0000157055,0.0000157139,0.0000314194
0.4178333333,0.0000160786,0.0000160898,0.0000321684
0.4180000000,0.0000164555,0.0000164685,0.0000329240
0.4181666667,0.0000168362,0.0000168495,0.0000336857
0.4183333333,0.0000172206,0.0000172325,0.0000344531
0.4185000000,0.0000176085,0.0000176174,0.0000352260
0.4186666667,0.0000180000,0.0000180045,0.0000360045
0.4188333333,0.0000183950,0.0000183944,0.0000367893
0.4190000000,0.0000187933,0.0000187878,0.0000375811
0.4191666667,0.0000191950,0.0000191852,0.0000383802
0.4193333333,0.0000195999,0.0000195871,0.0000391870
0.4195000000,0.0000200081,0.0000199937,0.0000400018
0.4196666667,0.0000204194,0.0000204052,0.0000408245
0.4198333333,0.0000208337,0.0000208214,0.0000416550
0.4200000000,0.0000212509,0.0000212420,0.0000424928
0.4201666667,0.0000216709,0.0000216663,0.0000433372
0.4203333333,0.0000220936,0.0000220937,0.0000441873
0.4205000000,0.0000225190,0.0000225233,0.0000450423
0.4206666667,0.0000229470,0.0000229548,0.0000459018
0.4208333333,0.0000233775,0.0000233883,0.0000467658
0.4210000000,0.0000238105,0.0000238236,0.0000476340
0.4211666667,0.0000242458,0.0000242600,0.0000485058
0.4213333333,0.0000246834,0.0000246970,0.0000493804
0.4215000000,0.0000251231,0.0000251339,0.0000502570
0.4216666667,0.0000255649,0.0000255710,0.0000511359
0.4218333333,0.0000260086,0.0000260093,0.0000520179
0.4220000000,0.0000264543,0.0000264502,0.0000529044
0.4221666667,0.0000269017,0.0000268946,0.0000537963
0.4223333333,0.0000273508,0.0000273428,0.0000546936
0.4225000000,0.0000278016,0.0000277939,0.0000555955
0.4226666667,0.0000282539,0.0000282472,0.0000565011
0.4228333333,0.0000287075,0.0000287024,0.0000574099
0.4230000000,0.0000291625,0.0000291595,0.0000583220
0.4231666667,0.0000296187,0.0000296191,0.0000592377
0.4233333333,0.0000300759,0.0000300809,0.0000601568
0.4235000000,0.0000305341,0.0000305440,0.0000610781
0.4236666667,0.0000309932,0.0000310071,0.0000620003
0.4238333333,0.0000314532,0.0000314691,0.0000629224
0.4240000000,0.0000319139,0.0000319298,0.0000638437
0.4241666667,0.0000323753,0.0000323893,0.0000647646
0.4243333333,0.0000328371,0.0000328483,0.0000656855
0.4245000000,0.0000332994,0.0000333072,0.0000666066
0.4246666667,0.0000337619,0.0000337662,0.0000675281
0.4248333333,0.0000342246,0.0000342254,0.0000684500
0.4250000000,0.0000346874,0.0000346855,0.0000693729
0.4251666667,0.0000351503,0.0000351469,0.0000702972
0.4253333333,0.0000356131,0.0000356100,0.0000712231
0.4255000000,0.0000360757,0.0000360744,0.0000721500
0.4256666667,0.0000365379,0.0000365393,0.0000730773
0.4258333333,0.0000369998,0.0000370041,0.0000740039
0.4260000000,0.0000374611,0.0000374685,0.0000749297
0.4261666667,0.0000379218,0.0000379325,0.0000758544
0.4263333333,0.0000383819,0.0000383959,0.0000767778
0.4265000000,0.0000388411,0.0000388581,0.0000776992
0.4266666667,0.0000392995,0.0000393179,0.0000786174
0.4268333333,0.0000397568,0.0000397747,0.0000795315
0.4270000000,0.0000402131,0.0000402282,0.0000804413
0.4271666667,0.0000406681,0.0000406792,0.0000813474
0.4273333333,0.0000411219,0.0000411290,0.0000822509
0.4275000000,0.0000415742,0.0000415784,0.0000831526
0.4276666667,0.0000420250,0.0000420278,0.0000840527
0.4278333333,0.0000424742,0.0000424768,0.0000849510
0.4280000000,0.0000429218,0.0000429249,0.0000858467
0.4281666667,0.0000433676,0.0000433719,0.0000867395
0.4283333333,0.0000438115,0.0000438177,0.0000876292
0.4285000000,0.0000442534,0.0000442622,0.0000885156
0.4286666667,0.0000446933,0.0000447053,0.0000893985
0.4288333333,0.0000451310,0.0000451462,0.0000902772
0.4290000000,0.0000455665,0.0000455845,0.0000911510
0.4291666667,0.0000459996,0.0000460195,0.0000920191
0.4293333333,0.0000464304,0.0000464505,0.0000928809
0.4295000000,0.0000468587,0.0000468774,0.0000937361
0.4296666667,0.0000472844,0.0000473004,0.0000945847
0.4298333333,0.0000477073,0.0000477199,0.0000954272
0.4300000000,0.0000481275,0.0000481368,0.0000962643
0.4301666667,0.0000485448,0.0000485520,0.0000970968
0.4303333333,0.0000489592,0.0000489657,0.0000979249
0.4305000000,0.0000493706,0.0000493778,0.0000987483
0.4306666667,0.0000497789,0.0000497876,0.0000995665
0.4308333333,0.0000501841,0.0000501946,0.0001003787
0.4310000000,0.0000505860,0.0000505987,0.0001011847
0.4311666667,0.0000509846,0.0000509997,0.0001019843
0.4313333333,0.0000513798,0.0000513975,0.0001027773
0.4315000000,0.0000517716,0.0000517916,0.0001035632
0.4316666667,0.0000521599,0.0000521813,0.0001043412
0.4318333333,0.0000525445,0.0000525660,0.0001051106
0.4320000000,0.0000529256,0.0000529457,0.0001058713
0.4321666667,0.0000533028,0.0000533207,0.0001066236
0.4323333333,0.0000536763,0.0000536917,0.0001073680
0.4325000000,0.0000540458,0.0000540590,0.0001081048
0.4326666667,0.0000544115,0.0000544228,0.0001088343
0.4328333333,0.0000547731,0.0000547834,0.0001095565
0.4330000000,0.0000551308,0.0000551410,0.0001102718
0.4331666667,0.0000554844,0.0000554959,0.0001109803
0.4333333333,0.0000558338,0.0000558480,0.0001116817
0.4335000000,0.0000561790,0.0000561963,0.0001123753
0.4336666667,0.0000565200,0.0000565400,0.0001130600
0.4338333333,0.0000568567,0.0000568781,0.0001137348
0.4340000000,0.0000571891,0.0000572107,0.0001143998
0.4341666667,0.0000575171,0.0000575383,0.0001150554
0.4343333333,0.0000578407,0.0000578614,0.0001157021
0.4345000000,0.0000581598,0.0000581801,0.0001163399
0.4346666667,0.0000584744,0.0000584937,0.0001169681
0.4348333333,0.0000587845,0.0000588019,0.0001175863
0.4350000000,0.0000590899,0.0000591048,0.0001181947
0.4351666667,0.0000593907,0.0000594035,0.0001187942
0.4353333333,0.0000596869,0.0000596990,0.0001193859
0.4355000000,0.0000599785,0.0000599917,0.0001199702
0.4356666667,0.0000602653,0.0000602813,0.0001205466
0.4358333333,0.0000605475,0.0000605663,0.0001211138
0.4360000000,0.0000608249,0.0000608458,0.0001216707
0.4361666667,0.0000610976,0.0000611195,0.0001222170
0.4363333333,0.0000613655,0.0000613875,0.0001227530
0.4365000000,0.0000616286,0.0000616505,0.0001232791
0.4366666667,0.0000618869,0.0000619084,0.0001237953
0.4368333333,0.0000621404,0.0000621611,0.0001243015
0.4370000000,0.0000623891,0.0000624083,0.0001247974
0.4371666667,0.0000626329,0.0000626502,0.0001252831
0.4373333333,0.0000628718,0.0000628876,0.0001257594
0.4375000000,0.0000631059,0.0000631208,0.0001262267
0.4376666667,0.0000633351,0.0000633502,0.0001266853
0.4378333333,0.0000635595,0.0000635754,0.0001271349
0.4380000000,0.0000637791,0.0000637962,0.0001275753
0.4381666667,0.0000639939,0.0000640123,0.0001280061
0.4383333333,0.0000642038,0.0000642236,0.0001284274
0.4385000000,0.0000644089,0.0000644301,0.0001288390
0.4386666667,0.0000646092,0.0000646314,0.0001292407
0.4388333333,0.0000648048,0.0000648271,0.0001296319
0.4390000000,0.0000649956,0.0000650168,0.0001300123
0.4391666667,0.0000651816,0.0000652008,0.0001303824
0.4393333333,0.0000653628,0.0000653800,0.0001307428
0.4395000000,0.0000655393,0.0000655550,0.0001310943
0.4396666667,0.0000657110,0.0000657263,0.0001314374
0.4398333333,0.0000658782,0.0000658937,0.0001317719
0.4400000000,0.0000660407,0.0000660568,0.0001320975
0.4401666667,0.0000661986,0.0000662153,0.0001324138
0.4403333333,0.0000663519,0.0000663692,0.0001327211
0.4405000000,0.0000665006,0.0000665187,0.0001330193
0.4406666667,0.0000666449,0.0000666638,0.0001333087
0.4408333333,0.0000667847,0.0000668044,0.0001335892
0.4410000000,0.0000669202,0.0000669401,0.0001338603
0.4411666667,0.0000670512,0.0000670708,0.0001341220
0.4413333333,0.0000671779,0.0000671964,0.0001343743
0.4415000000,0.0000673003,0.0000673173,0.0001346176
0.4416666667,0.0000674184,0.0000674339,0.0001348523
0.4418333333,0.0000675323,0.0000675467,0.0001350790
0.4420000000,0.0000676420,0.0000676559,0.0001352979
0.4421666667,0.0000677477,0.0000677617,0.0001355093
0.4423333333,0.0000678493,0.0000678640,0.0001357133
0.4425000000,0.0000679469,0.0000679626,0.0001359096
0.4426666667,0.0000680407,0.0000680573,0.0001360979
0.4428333333,0.0000681306,0.0000681476,0.0001362782
0.4430000000,0.0000682167,0.0000682337,0.0001364503
0.4431666667,0.0000682991,0.0000683155,0.0001366146
0.4433333333,0.0000683778,0.0000683935,0.0001367713
0.4435000000,0.0000684529,0.0000684679,0.0001369208
0.4436666667,0.0000685244,0.0000685388,0.0001370632
0.4438333333,0.0000685925,0.0000686061,0.0001371986
0.4440000000,0.0000686571,0.0000686700,0.0001373271
0.4441666667,0.0000687185,0.0000687306,0.0001374490
0.4443333333,0.0000687766,0.0000687883,0.0001375649
0.4445000000,0.0000688315,0.0000688434,0.0001376749
0.4446666667,0.0000688833,0.0000688958,0.0001377791
0.4448333333,0.0000689322,0.0000689453,0.0001378775
0.4450000000,0.0000689781,0.0000689916,0.0001379697
0.4451666667,0.0000690212,0.0000690346,0.0001380557
0.4453333333,0.0000690615,0.0000690744,0.0001381359
0.4455000000,0.0000690992,0.0000691113,0.0001382105
0.4456666667,0.0000691342,0.0000691455,0.0001382798
0.4458333333,0.0000691667,0.0000691772,0.0001383440
0.4460000000,0.0000691968,0.0000692066,0.0001384034
0.4461666667,0.0000692245,0.0000692337,0.0001384582
0.4463333333,0.0000692499,0.0000692589,0.0001385088
0.4465000000,0.0000692732,0.0000692821,0.0001385554
0.4466666667,0.0000692945,0.0000693035,0.0001385980
0.4468333333,0.0000693138,0.0000693229,0.0001386367
0.4470000000,0.0000693312,0.0000693403,0.0001386714
0.4471666667,0.0000693468,0.0000693557,0.0001387025
0.4473333333,0.0000693607,0.0000693692,0.0001387300
0.4475000000,0.0000693731,0.0000693812,0.0001387543
0.4476666667,0.0000693839,0.0000693917,0.0001387756
0.4478333333,0.0000693933,0.0000694007,0.0001387940
0.4480000000,0.0000694013,0.0000694083,0.0001388096
0.4481666667,0.0000694081,0.0000694148,0.0001388228
0.4483333333,0.0000694137,0.0000694202,0.0001388339
0.4485000000,0.0000694182,0.0000694249,0.0001388430
0.4486666667,0.0000694217,0.0000694289,0.0001388506
0.4488333333,0.0000694243,0.0000694323,0.0001388566
0.4490000000,0.0000694261,0.0000694350,0.0001388612
0.4491666667,0.0000694272,0.0000694372,0.0001388644
0.4493333333,0.0000694276,0.0000694389,0.0001388665
0.4495000000,0.0000694272,0.0000694405,0.0001388677
0.4496666667,0.0000694262,0.0000694421,0.0001388683
0.4498333333,0.0000694245,0.0000694440,0.0001388686
0.4500000000,0.0000694222,0.0000694464,0.0001388686
0.4501666667,0.0000694192,0.0000694494,0.0001388686
0.4503333333,0.0000694155,0.0000694533,0.0001388689
0.4505000000,0.0000694110,0.0000694584,0.0001388695
0.4506666667,0.0000694057,0.0000694650,0.0001388707
0.4508333333,0.0000693994,0.0000694732,0.0001388726
0.4510000000,0.0000693920,0.0000694836,0.0001388755
0.4511666667,0.0000693832,0.0000694964,0.0001388796
0.4513333333,0.0000693729,0.0000695123,0.0001388852
0.4515000000,0.0000693608,0.0000695316,0.0001388924
0.4516666667,0.0000693467,0.0000695549,0.0001389015
0.4518333333,0.0000693301,0.0000695827,0.0001389127
0.4520000000,0.0000693107,0.0000696155,0.0001389262
0.4521666667,0.0000692883,0.0000696538,0.0001389421
0.4523333333,0.0000692623,0.0000696981,0.0001389605
0.4525000000,0.0000692325,0.0000697490,0.0001389815
0.4526666667,0.0000691985,0.0000698068,0.0001390054
0.4528333333,0.0000691599,0.0000698723,0.0001390322
0.4530000000,0.0000691163,0.0000699461,0.0001390624
0.4531666667,0.0000690674,0.0000700289,0.0001390963
0.4533333333,0.0000690129,0.0000701212,0.0001391341
0.4535000000,0.0000689524,0.0000702237,0.0001391761
0.4536666667,0.0000688858,0.0000703366,0.0001392224
0.4538333333,0.0000688127,0.0000704603,0.0001392730
0.4540000000,0.0000687330,0.0000705950,0.0001393279
0.4541666667,0.0000686464,0.0000707411,0.0001393875
0.4543333333,0.0000685530,0.0000708989,0.0001394519
0.4545000000,0.0000684525,0.0000710687,0.0001395212
0.4546666667,0.0000683448,0.0000712508,0.0001395956
0.4548333333,0.0000682298,0.0000714453,0.0001396751
0.4550000000,0.0000681074,0.0000716526,0.0001397600
0.4551666667,0.0000679774,0.0000718730,0.0001398505
0.4553333333,0.0000678397,0.0000721072,0.0001399469
0.4555000000,0.0000676941,0.0000723557,0.0001400498
0.4556666667,0.0000675405,0.0000726188,0.0001401593
0.4558333333,0.0000673785,0.0000728970,0.0001402755
0.4560000000,0.0000672079,0.0000731902,0.0001403982
0.4561666667,0.0000670287,0.0000734985,0.0001405272
0.4563333333,0.0000668407,0.0000738219,0.0001406626
0.4565000000,0.0000666437,0.0000741606,0.0001408043
0.4566666667,0.0000664376,0.0000745152,0.0001409529
0.4568333333,0.0000662224,0.0000748862,0.0001411086
0.4570000000,0.0000659979,0.0000752740,0.0001412720
0.4571666667,0.0000657643,0.0000756789,0.0001414432
0.4573333333,0.0000655213,0.0000761009,0.0001416223
0.4575000000,0.0000652692,0.0000765400,0.0001418092
0.4576666667,0.0000650078,0.0000769961,0.0001420039
0.4578333333,0.0000647372,0.0000774695,0.0001422067
0.4580000000,0.0000644574,0.0000779602,0.0001424176
0.4581666667,0.0000641684,0.0000784683,0.0001426367
0.4583333333,0.0000638702,0.0000789938,0.0001428640
0.4585000000,0.0000635628,0.0000795365,0.0001430992
0.4586666667,0.0000632461,0.0000800964,0.0001433424
0.4588333333,0.0000629201,0.0000806737,0.0001435938
0.4590000000,0.0000625850,0.0000812689,0.0001438539
0.4591666667,0.0000622407,0.0000818826,0.0001441233
0.4593333333,0.0000618874,0.0000825148,0.0001444022
0.4595000000,0.0000615251,0.0000831656,0.0001446907
0.4596666667,0.0000611540,0.0000838344,0.0001449884
0.4598333333,0.0000607742,0.0000845209,0.0001452951
0.4600000000,0.0000603860,0.0000852246,0.0001456106
0.4601666667,0.0000599894,0.0000859452,0.0001459347
0.4603333333,0.0000595847,0.0000866829,0.0001462676
0.4605000000,0.0000591721,0.0000874375,0.0001466096
0.4606666667,0.0000587516,0.0000882092,0.0001469608
0.4608333333,0.0000583234,0.0000889982,0.0001473216
0.4610000000,0.0000578877,0.0000898046,0.0001476923
0.4611666667,0.0000574447,0.0000906284,0.0001480730
0.4613333333,0.0000569945,0.0000914693,0.0001484638
0.4615000000,0.0000565374,0.0000923271,0.0001488645
0.4616666667,0.0000560737,0.0000932010,0.0001492746
0.4618333333,0.0000556036,0.0000940905,0.0001496941
0.4620000000,0.0000551275,0.0000949953,0.0001501228
0.4621666667,0.0000546457,0.0000959153,0.0001505609
0.4623333333,0.0000541584,0.0000968502,0.0001510086
0.4625000000,0.0000536661,0.0000977997,0.0001514658
0.4626666667,0.0000531689,0.0000987636,0.0001519325
0.4628333333,0.0000526672,0.0000997415,0.0001524087
0.4630000000,0.0000521613,0.0001007335,0.0001528948
0.4631666667,0.0000516515,0.0001017397,0.0001533913
0.4633333333,0.0000511382,0.0001027602,0.0001538983
0.4635000000,0.0000506216,0.0001037942,0.0001544158
0.4636666667,0.0000501021,0.0001048407,0.0001549428
0.4638333333,0.0000495803,0.0001058983,0.0001554786
0.4640000000,0.0000490565,0.0001069660,0.0001560225
0.4641666667,0.0000485312,0.0001080438,0.0001565751
0.4643333333,0.0000480048,0.0001091321,0.0001571369
0.4645000000,0.0000474776,0.0001102313,0.0001577089
0.4646666667,0.0000469502,0.0001113411,0.0001582914
0.4648333333,0.0000464229,0.0001124610,0.0001588839
0.4650000000,0.0000458961,0.0001135897,0.0001594858
0.4651666667,0.0000453702,0.0001147263,0.0001600966
0.4653333333,0.0000448458,0.0001158705,0.0001607163
0.4655000000,0.0000443233,0.0001170219,0.0001613451
0.4656666667,0.0000438031,0.0001181800,0.0001619832
0.4658333333,0.0000432859,0.0001193442,0.0001626301
0.4660000000,0.0000427721,0.0001205132,0.0001632853
0.4661666667,0.0000422623,0.0001216862,0.0001639485
0.4663333333,0.0000417569,0.0001228630,0.0001646199
0.4665000000,0.0000412564,0.0001240436,0.0001653000
0.4666666667,0.0000407613,0.0001252282,0.0001659895
0.4668333333,0.0000402721,0.0001264165,0.0001666885
0.4670000000,0.0000397892,0.0001276073,0.0001673966
0.4671666667,0.0000393133,0.0001287995,0.0001681129
0.4673333333,0.0000388449,0.0001299918,0.0001688367
0.4675000000,0.0000383845,0.0001311832,0.0001695677
0.4676666667,0.0000379328,0.0001323732,0.0001703060
0.4678333333,0.0000374902,0.0001335613,0.0001710515
0.4680000000,0.0000370573,0.0001347471,0.0001718044
0.4681666667,0.0000366346,0.0001359302,0.0001725648
0.4683333333,0.0000362227,0.0001371102,0.0001733328
0.4685000000,0.0000358221,0.0001382869,0.0001741089
0.4686666667,0.0000354332,0.0001394597,0.0001748930
0.4688333333,0.0000350568,0.0001406278,0.0001756846
0.4690000000,0.0000346933,0.0001417896,0.0001764829
0.4691666667,0.0000343433,0.0001429438,0.0001772871
0.4693333333,0.0000340075,0.0001440893,0.0001780968
0.4695000000,0.0000336863,0.0001452258,0.0001789121
0.4696666667,0.0000333803,0.0001463532,0.0001797335
0.4698333333,0.0000330901,0.0001474714,0.0001805615
0.4700000000,0.0000328161,0.0001485796,0.0001813957
0.4701666667,0.0000325589,0.0001496768,0.0001822358
0.4703333333,0.0000323191,0.0001507623,0.0001830814
0.4705000000,0.0000320972,0.0001518353,0.0001839325
0.4706666667,0.0000318937,0.0001528956,0.0001847893
0.4708333333,0.0000317092,0.0001539425,0.0001856517
0.4710000000,0.0000315442,0.0001549750,0.0001865193
0.4711666667,0.0000313994,0.0001559915,0.0001873909
0.4713333333,0.0000312752,0.0001569907,0.0001882659
0.4715000000,0.0000311720,0.0001579720,0.0001891439
0.4716666667,0.0000310904,0.0001589353,0.0001900257
0.4718333333,0.0000310309,0.0001598811,0.0001909120
0.4720000000,0.0000309940,0.0001608094,0.0001918034
0.4721666667,0.0000309801,0.0001617195,0.0001926996
0.4723333333,0.0000309899,0.0001626100,0.0001935999
0.4725000000,0.0000310238,0.0001634793,0.0001945031
0.4726666667,0.0000310822,0.0001643263,0.0001954085
0.4728333333,0.0000311657,0.0001651501,0.0001963158
0.4730000000,0.0000312746,0.0001659504,0.0001972250
0.4731666667,0.0000314094,0.0001667270,0.0001981364
0.4733333333,0.0000315705,0.0001674797,0.0001990502
0.4735000000,0.0000317584,0.0001682081,0.0001999665
0.4736666667,0.0000319734,0.0001689116,0.0002008849
0.4738333333,0.0000322160,0.0001695894,0.0002018054
0.4740000000,0.0000324867,0.0001702409,0.0002027276
0.4741666667,0.0000327858,0.0001708654,0.0002036512
0.4743333333,0.0000331136,0.0001714622,0.0002045758
0.4745000000,0.0000334705,0.0001720306,0.0002055011
0.4746666667,0.0000338569,0.0001725700,0.0002064268
0.4748333333,0.0000342730,0.0001730795,0.0002073525
0.4750000000,0.0000347193,0.0001735584,0.0002082777
0.4751666667,0.0000351959,0.0001740064,0.0002092023
0.4753333333,0.0000357033,0.0001744234,0.0002101268
0.4755000000,0.0000362418,0.0001748096,0.0002110514
0.4756666667,0.0000368116,0.0001751650,0.0002119766
0.4758333333,0.0000374129,0.0001754891,0.0002129020
0.4760000000,0.0000380460,0.0001757808,0.0002138268
0.4761666667,0.0000387111,0.0001760387,0.0002147498
0.4763333333,0.0000394084,0.0001762619,0.0002156703
0.4765000000,0.0000401381,0.0001764500,0.0002165881
0.4766666667,0.0000409004,0.0001766032,0.0002175036
0.4768333333,0.0000416956,0.0001767218,0.0002184173
0.4770000000,0.0000425236,0.0001768057,0.0002193294
0.4771666667,0.0000433847,0.0001768549,0.0002202396
0.4773333333,0.0000442790,0.0001768688,0.0002211478
0.4775000000,0.0000452066,0.0001768470,0.0002220536
0.4776666667,0.0000461674,0.0001767891,0.0002229566
0.4778333333,0.0000471617,0.0001766946,0.0002238562
0.4780000000,0.0000481894,0.0001765626,0.0002247521
0.4781666667,0.0000492507,0.0001763929,0.0002256435
0.4783333333,0.0000503455,0.0001761851,0.0002265306
0.4785000000,0.0000514737,0.0001759398,0.0002274136
0.4786666667,0.0000526355,0.0001756573,0.0002282928
0.4788333333,0.0000538307,0.0001753378,0.0002291685
0.4790000000,0.0000550592,0.0001749810,0.0002300402
0.4791666667,0.0000563210,0.0001745863,0.0002309073
0.4793333333,0.0000576160,0.0001741534,0.0002317694
0.4795000000,0.0000589441,0.0001736824,0.0002326265
0.4796666667,0.0000603052,0.0001731734,0.0002334785
0.4798333333,0.0000616990,0.0001726263,0.0002343254
0.4800000000,0.0000631255,0.0001720407,0.0002351662
0.4801666667,0.0000645844,0.0001714161,0.0002360005
0.4803333333,0.0000660755,0.0001707525,0.0002368279
0.4805000000,0.0000675985,0.0001700508,0.0002376493
0.4806666667,0.0000691533,0.0001693122,0.0002384655
0.4808333333,0.0000707395,0.0001685375,0.0002392770
0.4810000000,0.0000723570,0.0001677263,0.0002400832
0.4811666667,0.0000740053,0.0001668774,0.0002408827
0.4813333333,0.0000756841,0.0001659899,0.0002416740
0.4815000000,0.0000773931,0.0001650637,0.0002424568
0.4816666667,0.0000791319,0.0001640998,0.0002432317
0.4818333333,0.0000809001,0.0001630997,0.0002439999
0.4820000000,0.0000826974,0.0001620643,0.0002447617
0.4821666667,0.0000845232,0.0001609936,0.0002455169
0.4823333333,0.0000863773,0.0001598873,0.0002462646
0.4825000000,0.0000882591,0.0001587451,0.0002470042
0.4826666667,0.0000901680,0.0001575677,0.0002477357
0.4828333333,0.0000921037,0.0001563558,0.0002484595
0.4830000000,0.0000940655,0.0001551101,0.0002491756
0.4831666667,0.0000960530,0.0001538306,0.0002498836
0.4833333333,0.0000980656,0.0001525172,0.0002505828
0.4835000000,0.0001001028,0.0001511699,0.0002512727
0.4836666667,0.0001021639,0.0001497897,0.0002519535
0.4838333333,0.0001042483,0.0001483777,0.0002526260
0.4840000000,0.0001063554,0.0001469353,0.0002532907
0.4841666667,0.0001084846,0.0001454629,0.0002539475
0.4843333333,0.0001106351,0.0001439608,0.0002545958
0.4845000000,0.0001128063,0.0001424287,0.0002552350
0.4846666667,0.0001149976,0.0001408671,0.0002558647
0.4848333333,0.0001172082,0.0001392767,0.0002564849
0.4850000000,0.0001194373,0.0001376582,0.0002570956
0.4851666667,0.0001216843,0.0001360125,0.0002576969
0.4853333333,0.0001239483,0.0001343403,0.0002582887
0.4855000000,0.0001262286,0.0001326425,0.0002588711
0.4856666667,0.0001285244,0.0001309201,0.0002594445
0.4858333333,0.0001308348,0.0001291744,0.0002600092
0.4860000000,0.0001331591,0.0001274060,0.0002605652
0.4861666667,0.0001354965,0.0001256154,0.0002611119
0.4863333333,0.0001378460,0.0001238024,0.0002616485
0.4865000000,0.0001402069,0.0001219676,0.0002621744
0.4866666667,0.0001425781,0.0001201119,0.0002626900
0.4868333333,0.0001449589,0.0001182369,0.0002631957
0.4870000000,0.0001473483,0.0001163441,0.0002636924
0.4871666667,0.0001497454,0.0001144348,0.0002641802
0.4873333333,0.0001521493,0.0001125094,0.0002646587
0.4875000000,0.0001545591,0.0001105685,0.0002651275
0.4876666667,0.0001569737,0.0001086126,0.0002655864
0.4878333333,0.0001593923,0.0001066430,0.0002660353
0.4880000000,0.0001618138,0.0001046607,0.0002664745
0.4881666667,0.0001642373,0.0001026668,0.0002669041
0.4883333333,0.0001666618,0.0001006622,0.0002673240
0.4885000000,0.0001690864,0.0000986476,0.0002677340
0.4886666667,0.0001715099,0.0000966241,0.0002681339
0.4888333333,0.0001739313,0.0000945929,0.0002685242
0.4890000000,0.0001763497,0.0000925556,0.0002689053
0.4891666667,0.0001787639,0.0000905135,0.0002692774
0.4893333333,0.0001811731,0.0000884675,0.0002696405
0.4895000000,0.0001835761,0.0000864182,0.0002699943
0.4896666667,0.0001859719,0.0000843665,0.0002703384
0.4898333333,0.0001883594,0.0000823131,0.0002706726
0.4900000000,0.0001907376,0.0000802593,0.0002709969
0.4901666667,0.0001931054,0.0000782064,0.0002713118
0.4903333333,0.0001954617,0.0000761560,0.0002716177
0.4905000000,0.0001978054,0.0000741093,0.0002719148
0.4906666667,0.0002001356,0.0000720678,0.0002722034
0.4908333333,0.0002024511,0.0000700325,0.0002724836
0.4910000000,0.0002047509,0.0000680041,0.0002727550
0.4911666667,0.0002070339,0.0000659835,0.0002730174
0.4913333333,0.0002092989,0.0000639716,0.0002732705
0.4915000000,0.0002115450,0.0000619695,0.0002735145
0.4916666667,0.0002137710,0.0000599789,0.0002737499
0.4918333333,0.0002159758,0.0000580013,0.0002739771
0.4920000000,0.0002181585,0.0000560379,0.0002741965
0.4921666667,0.0002203179,0.0000540900,0.0002744079
0.4923333333,0.0002224530,0.0000521583,0.0002746113
0.4925000000,0.0002245627,0.0000502439,0.0002748065
0.4926666667,0.0002266459,0.0000483480,0.0002749938
0.4928333333,0.0002287016,0.0000464719,0.0002751735
0.4930000000,0.0002307287,0.0000446169,0.0002753456
0.4931666667,0.0002327263,0.0000427839,0.0002755102
0.4933333333,0.0002346932,0.0000409739,0.0002756672
0.4935000000,0.0002366285,0.0000391882,0.0002758167
0.4936666667,0.0002385310,0.0000374281,0.0002759590
0.4938333333,0.0002403998,0.0000356949,0.0002760947
0.4940000000,0.0002422339,0.0000339901,0.0002762240
0.4941666667,0.0002440323,0.0000323147,0.0002763470
0.4943333333,0.0002457941,0.0000306695,0.0002764636
0.4945000000,0.0002475182,0.0000290553,0.0002765735
0.4946666667,0.0002492037,0.0000274731,0.0002766768
0.4948333333,0.0002508495,0.0000259244,0.0002767740
0.4950000000,0.0002524549,0.0000244104,0.0002768653
0.4951666667,0.0002540187,0.0000229323,0.0002769510
0.4953333333,0.0002555403,0.0000214911,0.0002770314
0.4955000000,0.0002570186,0.0000200880,0.0002771066
0.4956666667,0.0002584527,0.0000187240,0.0002771767
0.4958333333,0.0002598418,0.0000174000,0.0002772418
0.4960000000,0.0002611850,0.0000161172,0.0002773021
0.4961666667,0.0002624815,0.0000148763,0.0002773578
0.4963333333,0.0002637305,0.0000136782,0.0002774087
0.4965000000,0.0002649311,0.0000125241,0.0002774552
0.4966666667,0.0002660826,0.0000114149,0.0002774976
0.4968333333,0.0002671842,0.0000103520,0.0002775362
0.4970000000,0.0002682352,0.0000093362,0.0002775714
0.4971666667,0.0002692347,0.0000083685,0.0002776032
0.4973333333,0.0002701823,0.0000074495,0.0002776318
0.4975000000,0.0002710771,0.0000065800,0.0002776571
0.4976666667,0.0002719184,0.0000057608,0.0002776793
0.4978333333,0.0002727057,0.0000049930,0.0002776987
0.4980000000,0.0002734384,0.0000042773,0.0002777157
0.4981666667,0.0002741157,0.0000036147,0.0002777304
0.4983333333,0.0002747372,0.0000030058,0.0002777430
0.4985000000,0.0002753024,0.0000024512,0.0002777536
0.4986666667,0.0002758108,0.0000019516,0.0002777624
0.4988333333,0.0002762618,0.0000015078,0.0002777696
0.4990000000,0.0002766550,0.0000011204,0.0002777754
0.4991666667,0.0002769901,0.0000007900,0.0002777801
0.4993333333,0.0002772667,0.0000005169,0.0002777836
0.4995000000,0.0002774844,0.0000003017,0.0002777861
0.4996666667,0.0002776430,0.0000001447,0.0002777877
0.4998333333,0.0002777423,0.0000000463,0.0002777886
0.5000000000,0.0002777820,0.0000000069,0.0002777889
0.5001666667,0.0002777620,0.0000000267,0.0002777887
0.5003333333,0.0002776822,0.0000001057,0.0002777879
0.5005000000,0.0002775426,0.0000002441,0.0002777867
0.5006666667,0.0002773434,0.0000004417,0.0002777850
0.5008333333,0.0002770845,0.0000006985,0.0002777830
0.5010000000,0.0002767661,0.0000010144,0.0002777805
0.5011666667,0.0002763885,0.0000013890,0.0002777774
0.5013333333,0.0002759519,0.0000018218,0.0002777737
0.5015000000,0.0002754567,0.0000023124,0.0002777691
0.5016666667,0.0002749034,0.0000028602,0.0002777635
0.5018333333,0.0002742924,0.0000034643,0.0002777567
0.5020000000,0.0002736244,0.0000041241,0.0002777486
0.5021666667,0.0002729000,0.0000048388,0.0002777387
0.5023333333,0.0002721197,0.0000056072,0.0002777269
0.5025000000,0.0002712844,0.0000064285,0.0002777129
0.5026666667,0.0002703949,0.0000073016,0.0002776965
0.5028333333,0.0002694518,0.0000082253,0.0002776771
0.5030000000,0.0002684561,0.0000091983,0.0002776545
0.5031666667,0.0002674086,0.0000102195,0.0002776281
0.5033333333,0.0002663101,0.0000112874,0.0002775974
0.5035000000,0.0002651614,0.0000124009,0.0002775623
0.5036666667,0.0002639635,0.0000135588,0.0002775223
0.5038333333,0.0002627172,0.0000147599,0.0002774771
0.5040000000,0.0002614234,0.0000160031,0.0002774265
0.5041666667,0.0002600828,0.0000172873,0.0002773702
0.5043333333,0.0002586963,0.0000186114,0.0002773077
0.5045000000,0.0002572648,0.0000199741,0.0002772389
0.5046666667,0.0002557891,0.0000213746,0.0002771636
0.5048333333,0.0002542700,0.0000228115,0.0002770815
0.5050000000,0.0002527084,0.0000242840,0.0002769924
0.5051666667,0.0002511053,0.0000257908,0.0002768961
0.5053333333,0.0002494616,0.0000273312,0.0002767928
0.5055000000,0.0002477781,0.0000289045,0.0002766826
0.5056666667,0.0002460560,0.0000305099,0.0002765658
0.5058333333,0.0002442961,0.0000321465,0.0002764427
0.5060000000,0.0002424996,0.0000338135,0.0002763130
0.5061666667,0.0002406674,0.0000355094,0.0002761768
0.5063333333,0.0002388005,0.0000372333,0.0002760339
0.5065000000,0.0002369001,0.0000389841,0.0002758843
0.5066666667,0.0002349672,0.0000407611,0.0002757284
0.5068333333,0.0002330028,0.0000425637,0.0002755665
0.5070000000,0.0002310079,0.0000443911,0.0002753990
0.5071666667,0.0002289835,0.0000462425,0.0002752260
0.5073333333,0.0002269305,0.0000481167,0.0002750471
0.5075000000,0.0002248498,0.0000500123,0.0002748622
0.5076666667,0.0002227426,0.0000519282,0.0002746708
0.5078333333,0.0002206097,0.0000538629,0.0002744726
0.5080000000,0.0002184522,0.0000558152,0.0002742674
0.5081666667,0.0002162710,0.0000577840,0.0002740551
0.5083333333,0.0002140673,0.0000597681,0.0002738353
0.5085000000,0.0002118420,0.0000617658,0.0002736078
0.5086666667,0.0002095964,0.0000637757,0.0002733721
0.5088333333,0.0002073316,0.0000657960,0.0002731276
0.5090000000,0.0002050486,0.0000678252,0.0002728737
0.5091666667,0.0002027486,0.0000698616,0.0002726101
0.5093333333,0.0002004327,0.0000719037,0.0002723365
0.5095000000,0.0001981021,0.0000739502,0.0002720524
0.5096666667,0.0001957579,0.0000759996,0.0002717575
0.5098333333,0.0001934010,0.0000780505,0.0002714515
0.5100000000,0.0001910327,0.0000801017,0.0002711344
0.5101666667,0.0001886539,0.0000821526,0.0002708065
0.5103333333,0.0001862656,0.0000842025,0.0002704682
0.5105000000,0.0001838690,0.0000862509,0.0002701199
0.5106666667,0.0001814650,0.0000882968,0.0002697619
0.5108333333,0.0001790548,0.0000903390,0.0002693938
0.5110000000,0.0001766394,0.0000923763,0.0002690157
0.5111666667,0.0001742198,0.0000944077,0.0002686276
0.5113333333,0.0001717972,0.0000964330,0.0002682302
0.5115000000,0.0001693726,0.0000984521,0.0002678246
0.5116666667,0.0001669470,0.0001004647,0.0002674116
0.5118333333,0.0001645214,0.0001024700,0.0002669914
0.5120000000,0.0001620967,0.0001044668,0.0002665635
0.5121666667,0.0001596739,0.0001064535,0.0002661274
0.5123333333,0.0001572540,0.0001084287,0.0002656827
0.5125000000,0.0001548378,0.0001103914,0.0002652292
0.5126666667,0.0001524263,0.0001123408,0.0002647671
0.5128333333,0.0001500204,0.0001142759,0.0002642962
0.5130000000,0.0001476210,0.0001161953,0.0002638164
0.5131666667,0.0001452292,0.0001180977,0.0002633270
0.5133333333,0.0001428459,0.0001199815,0.0002628274
0.5135000000,0.0001404720,0.0001218453,0.0002623173
0.5136666667,0.0001381084,0.0001236878,0.0002617962
0.5138333333,0.0001357561,0.0001255079,0.0002612640
0.5140000000,0.0001334160,0.0001273043,0.0002607203
0.5141666667,0.0001310888,0.0001290760,0.0002601649
0.5143333333,0.0001287755,0.0001308225,0.0002595979
0.5145000000,0.0001264767,0.0001325433,0.0002590200
0.5146666667,0.0001241934,0.0001342385,0.0002584318
0.5148333333,0.0001219262,0.0001359079,0.0002578341
0.5150000000,0.0001196761,0.0001375511,0.0002572272
0.5151666667,0.0001174437,0.0001391676,0.0002566113
0.5153333333,0.0001152299,0.0001407568,0.0002559867
0.5155000000,0.0001130354,0.0001423183,0.0002553537
0.5156666667,0.0001108609,0.0001438520,0.0002547129
0.5158333333,0.0001087071,0.0001453577,0.0002540648
0.5160000000,0.0001065748,0.0001468349,0.0002534097
0.5161666667,0.0001044644,0.0001482832,0.0002527476
0.5163333333,0.0001023766,0.0001497020,0.0002520786
0.5165000000,0.0001003120,0.0001510905,0.0002514025
0.5166666667,0.0000982712,0.0001524479,0.0002507191
0.5168333333,0.0000962548,0.0001537730,0.0002500279
0.5170000000,0.0000942635,0.0001550644,0.0002493278
0.5171666667,0.0000922977,0.0001563205,0.0002486182
0.5173333333,0.0000903580,0.0001575405,0.0002478985
0.5175000000,0.0000884451,0.0001587240,0.0002471692
0.5176666667,0.0000865594,0.0001598713,0.0002464308
0.5178333333,0.0000847015,0.0001609825,0.0002456840
0.5180000000,0.0000828716,0.0001620572,0.0002449288
0.5181666667,0.0000810704,0.0001630944,0.0002441648
0.5183333333,0.0000792981,0.0001640935,0.0002433915
0.5185000000,0.0000775552,0.0001650540,0.0002426092
0.5186666667,0.0000758421,0.0001659770,0.0002418190
0.5188333333,0.0000741592,0.0001668634,0.0002410226
0.5190000000,0.0000725068,0.0001677143,0.0002402211
0.5191666667,0.0000708854,0.0001685299,0.0002394153
0.5193333333,0.0000692951,0.0001693097,0.0002386048
0.5195000000,0.0000677363,0.0001700530,0.0002377894
0.5196666667,0.0000662093,0.0001707594,0.0002369687
0.5198333333,0.0000647142,0.0001714290,0.0002361432
0.5200000000,0.0000632513,0.0001720619,0.0002353132
0.5201666667,0.0000618207,0.0001726577,0.0002344784
0.5203333333,0.0000604227,0.0001732156,0.0002336384
0.5205000000,0.0000590575,0.0001737348,0.0002327923
0.5206666667,0.0000577252,0.0001742145,0.0002319397
0.5208333333,0.0000564260,0.0001746549,0.0002310809
0.5210000000,0.0000551601,0.0001750561,0.0002302162
0.5211666667,0.0000539275,0.0001754183,0.0002293458
0.5213333333,0.0000527284,0.0001757411,0.0002284695
0.5215000000,0.0000515627,0.0001760243,0.0002275870
0.5216666667,0.0000504304,0.0001762679,0.0002266983
0.5218333333,0.0000493317,0.0001764728,0.0002258044
0.5220000000,0.0000482664,0.0001766403,0.0002249067
0.5221666667,0.0000472347,0.0001767720,0.0002240067
0.5223333333,0.0000462365,0.0001768689,0.0002231054
0.5225000000,0.0000452718,0.0001769310,0.0002222029
0.5226666667,0.0000443405,0.0001769582,0.0002212987
0.5228333333,0.0000434425,0.0001769500,0.0002203926
0.5230000000,0.0000425778,0.0001769067,0.0002194845
0.5231666667,0.0000417461,0.0001768287,0.0002185747
0.5233333333,0.0000409473,0.0001767164,0.0002176637
0.5235000000,0.0000401813,0.0001765702,0.0002167514
0.5236666667,0.0000394479,0.0001763897,0.0002158376
0.5238333333,0.0000387470,0.0001761747,0.0002149217
0.5240000000,0.0000380784,0.0001759249,0.0002140032
0.5241666667,0.0000374419,0.0001756400,0.0002130819
0.5243333333,0.0000368373,0.0001753203,0.0002121576
0.5245000000,0.0000362642,0.0001749662,0.0002112305
0.5246666667,0.0000357225,0.0001745785,0.0002103010
0.5248333333,0.0000352119,0.0001741585,0.0002093703
0.5250000000,0.0000347320,0.0001737075,0.0002084395
0.5251666667,0.0000342826,0.0001732270,0.0002075096
0.5253333333,0.0000338633,0.0001727178,0.0002065811
0.5255000000,0.0000334740,0.0001721803,0.0002056542
0.5256666667,0.0000331142,0.0001716147,0.0002047289
0.5258333333,0.0000327836,0.0001710216,0.0002038051
0.5260000000,0.0000324818,0.0001704016,0.0002028834
0.5261666667,0.0000322084,0.0001697557,0.0002019641
0.5263333333,0.0000319631,0.0001690843,0.0002010474
0.5265000000,0.0000317454,0.0001683876,0.0002001330
0.5266666667,0.0000315549,0.0001676654,0.0001992203
0.5268333333,0.0000313913,0.0001669174,0.0001983088
0.5270000000,0.0000312542,0.0001661440,0.0001973982
0.5271666667,0.0000311430,0.0001653456,0.0001964886
0.5273333333,0.0000310574,0.0001645227,0.0001955801
0.5275000000,0.0000309969,0.0001636762,0.0001946731
0.5276666667,0.0000309609,0.0001628068,0.0001937677
0.5278333333,0.0000309491,0.0001619154,0.0001928646
0.5280000000,0.0000309609,0.0001610037,0.0001919647
0.5281666667,0.0000309959,0.0001600732,0.0001910692
0.5283333333,0.0000310536,0.0001591254,0.0001901790
0.5285000000,0.0000311335,0.0001581610,0.0001892945
0.5286666667,0.0000312351,0.0001571803,0.0001884153
0.5288333333,0.0000313578,0.0001561832,0.0001875411
0.5290000000,0.0000315012,0.0001551703,0.0001866715
0.5291666667,0.0000316648,0.0001541422,0.0001858069
0.5293333333,0.0000318478,0.0001531000,0.0001849478
0.5295000000,0.0000320500,0.0001520444,0.0001840944
0.5296666667,0.0000322708,0.0001509757,0.0001832464
0.5298333333,0.0000325095,0.0001498937,0.0001824032
0.5300000000,0.0000327657,0.0001487981,0.0001815638
0.5301666667,0.0000330389,0.0001476892,0.0001807280
0.5303333333,0.0000333284,0.0001465678,0.0001798962
0.5305000000,0.0000336337,0.0001454354,0.0001790691
0.5306666667,0.0000339542,0.0001442940,0.0001782482
0.5308333333,0.0000342894,0.0001431449,0.0001774343
0.5310000000,0.0000346387,0.0001419894,0.0001766281
0.5311666667,0.0000350017,0.0001408279,0.0001758296
0.5313333333,0.0000353777,0.0001396610,0.0001750387
0.5315000000,0.0000357662,0.0001384892,0.0001742554
0.5316666667,0.0000361666,0.0001373131,0.0001734797
0.5318333333,0.0000365784,0.0001361335,0.0001727120
0.5320000000,0.0000370011,0.0001349513,0.0001719524
0.5321666667,0.0000374340,0.0001337666,0.0001712006
0.5323333333,0.0000378767,0.0001325796,0.0001704563
0.5325000000,0.0000383286,0.0001313903,0.0001697189
0.5326666667,0.0000387892,0.0001301989,0.0001689881
0.5328333333,0.0000392579,0.0001290062,0.0001682641
0.5330000000,0.0000397342,0.0001278130,0.0001675472
0.5331666667,0.0000402175,0.0001266202,0.0001668377
0.5333333333,0.0000407073,0.0001254286,0.0001661359
0.5335000000,0.0000412030,0.0001242392,0.0001654422
0.5336666667,0.0000417042,0.0001230529,0.0001647571
0.5338333333,0.0000422104,0.0001218710,0.0001640814
0.5340000000,0.0000427210,0.0001206947,0.0001634158
0.5341666667,0.0000432356,0.0001195250,0.0001627606
0.5343333333,0.0000437537,0.0001183619,0.0001621156
0.5345000000,0.0000442747,0.0001172052,0.0001614799
0.5346666667,0.0000447982,0.0001160547,0.0001608528
0.5348333333,0.0000453236,0.0001149104,0.0001602341
0.5350000000,0.0000458507,0.0001137733,0.0001596239
0.5351666667,0.0000463788,0.0001126441,0.0001590229
0.5353333333,0.0000469076,0.0001115234,0.0001584310
0.5355000000,0.0000474365,0.0001104114,0.0001578480
0.5356666667,0.0000479652,0.0001093082,0.0001572734
0.5358333333,0.0000484931,0.0001082139,0.0001567071
0.5360000000,0.0000490199,0.0001071295,0.0001561494
0.5361666667,0.0000495451,0.0001060560,0.0001556011
0.5363333333,0.0000500683,0.0001049947,0.0001550630
0.5365000000,0.0000505892,0.0001039464,0.0001545356
0.5366666667,0.0000511075,0.0001029116,0.0001540190
0.5368333333,0.0000516226,0.0001018905,0.0001535131
0.5370000000,0.0000521342,0.0001008834,0.0001530176
0.5371666667,0.0000526420,0.0000998901,0.0001525322
0.5373333333,0.0000531457,0.0000989106,0.0001520563
0.5375000000,0.0000536449,0.0000979447,0.0001515896
0.5376666667,0.0000541393,0.0000969924,0.0001511317
0.5378333333,0.0000546285,0.0000960541,0.0001506826
0.5380000000,0.0000551123,0.0000951303,0.0001502427
0.5381666667,0.0000555904,0.0000942218,0.0001498122
0.5383333333,0.0000560625,0.0000933289,0.0001493914
0.5385000000,0.0000565282,0.0000924518,0.0001489799
0.5386666667,0.0000569873,0.0000915905,0.0001485778
0.5388333333,0.0000574396,0.0000907454,0.0001481850
0.5390000000,0.0000578849,0.0000899173,0.0001478021
0.5391666667,0.0000583229,0.0000891068,0.0001474297
0.5393333333,0.0000587534,0.0000883145,0.0001470680
0.5395000000,0.0000591763,0.0000875403,0.0001467166
0.5396666667,0.0000595913,0.0000867835,0.0001463748
0.5398333333,0.0000599983,0.0000860439,0.0001460421
0.5400000000,0.0000603971,0.0000853212,0.0001457182
0.5401666667,0.0000607875,0.0000846157,0.0001454031
0.5403333333,0.0000611694,0.0000839274,0.0001450968
0.5405000000,0.0000615427,0.0000832564,0.0001447991
0.5406666667,0.0000619073,0.0000826024,0.0001445097
0.5408333333,0.0000622629,0.0000819656,0.0001442285
0.5410000000,0.0000626095,0.0000813464,0.0001439559
0.5411666667,0.0000629470,0.0000807456,0.0001436926
0.5413333333,0.0000632754,0.0000801635,0.0001434389
0.5415000000,0.0000635946,0.0000796000,0.0001431946
0.5416666667,0.0000639046,0.0000790546,0.0001429592
0.5418333333,0.0000642054,0.0000785266,0.0001427320
0.5420000000,0.0000644968,0.0000780161,0.0001425129
0.5421666667,0.0000647788,0.0000775232,0.0001423020
0.5423333333,0.0000650516,0.0000770481,0.0001420998
0.5425000000,0.0000653151,0.0000765907,0.0001419058
0.5426666667,0.0000655693,0.0000761503,0.0001417196
0.5428333333,0.0000658143,0.0000757262,0.0001415404
0.5430000000,0.0000660500,0.0000753178,0.0001413678
0.5431666667,0.0000662765,0.0000749253,0.0001412018
0.5433333333,0.0000664939,0.0000745492,0.0001410431
0.5435000000,0.0000667021,0.0000741899,0.0001408920
0.5436666667,0.0000669014,0.0000738473,0.0001407486
0.5438333333,0.0000670918,0.0000735210,0.0001406128
0.5440000000,0.0000672734,0.0000732105,0.0001404839
0.5441666667,0.0000674464,0.0000729154,0.0001403618
0.5443333333,0.0000676109,0.0000726355,0.0001402464
0.5445000000,0.0000677669,0.0000723704,0.0001401374
0.5446666667,0.0000679147,0.0000721198,0.0001400346
0.5448333333,0.0000680544,0.0000718832,0.0001399376
0.5450000000,0.0000681862,0.0000716601,0.0001398463
0.5451666667,0.0000683101,0.0000714501,0.0001397603
0.5453333333,0.0000684265,0.0000712531,0.0001396796
0.5455000000,0.0000685353,0.0000710689,0.0001396042
0.5456666667,0.0000686369,0.0000708971,0.0001395340
0.5458333333,0.0000687314,0.0000707374,0.0001394688
0.5460000000,0.0000688191,0.0000705893,0.0001394085
0.5461666667,0.0000689001,0.0000704528,0.0001393529
0.5463333333,0.0000689747,0.0000703274,0.0001393022
0.5465000000,0.0000690432,0.0000702129,0.0001392561
0.5466666667,0.0000691057,0.0000701087,0.0001392143
0.5468333333,0.0000691625,0.0000700142,0.0001391766
0.5470000000,0.0000692138,0.0000699288,0.0001391426
0.5471666667,0.0000692599,0.0000698520,0.0001391120
0.5473333333,0.0000693011,0.0000697833,0.0001390845
0.5475000000,0.0000693377,0.0000697224,0.0001390600
0.5476666667,0.0000693697,0.0000696687,0.0001390385
0.5478333333,0.0000693975,0.0000696221,0.0001390196
0.5480000000,0.0000694214,0.0000695820,0.0001390034
0.5481666667,0.0000694417,0.0000695481,0.0001389897
0.5483333333,0.0000694585,0.0000695199,0.0001389784
0.5485000000,0.0000694723,0.0000694969,0.0001389692
0.5486666667,0.0000694832,0.0000694787,0.0001389619
0.5488333333,0.0000694916,0.0000694647,0.0001389563
0.5490000000,0.0000694977,0.0000694543,0.0001389520
0.5491666667,0.0000695017,0.0000694472,0.0001389489
0.5493333333,0.0000695039,0.0000694430,0.0001389469
0.5495000000,0.0000695046,0.0000694410,0.0001389457
0.5496666667,0.0000695040,0.0000694410,0.0001389451
0.5498333333,0.0000695024,0.0000694425,0.0001389448
0.5500000000,0.0000694997,0.0000694450,0.0001389448
0.5501666667,0.0000694964,0.0000694484,0.0001389448
0.5503333333,0.0000694924,0.0000694523,0.0001389446
0.5505000000,0.0000694879,0.0000694562,0.0001389441
0.5506666667,0.0000694831,0.0000694598,0.0001389429
0.5508333333,0.0000694781,0.0000694627,0.0001389408
0.5510000000,0.0000694730,0.0000694647,0.0001389377
0.5511666667,0.0000694677,0.0000694656,0.0001389333
0.5513333333,0.0000694622,0.0000694653,0.0001389275
0.5515000000,0.0000694566,0.0000694636,0.0001389202
0.5516666667,0.0000694507,0.0000694604,0.0001389111
0.5518333333,0.0000694445,0.0000694556,0.0001389001
0.5520000000,0.0000694377,0.0000694492,0.0001388869
0.5521666667,0.0000694303,0.0000694411,0.0001388714
0.5523333333,0.0000694220,0.0000694313,0.0001388533
0.5525000000,0.0000694126,0.0000694198,0.0001388325
0.5526666667,0.0000694020,0.0000694066,0.0001388086
0.5528333333,0.0000693900,0.0000693916,0.0001387816
0.5530000000,0.0000693763,0.0000693747,0.0001387511
0.5531666667,0.0000693608,0.0000693560,0.0001387168
0.5533333333,0.0000693433,0.0000693353,0.0001386786
0.5535000000,0.0000693235,0.0000693128,0.0001386363
0.5536666667,0.0000693015,0.0000692884,0.0001385899
0.5538333333,0.0000692769,0.0000692624,0.0001385393
0.5540000000,0.0000692499,0.0000692346,0.0001384845
0.5541666667,0.0000692203,0.0000692051,0.0001384253
0.5543333333,0.0000691879,0.0000691736,0.0001383615
0.5545000000,0.0000691529,0.0000691399,0.0001382928
0.5546666667,0.0000691151,0.0000691038,0.0001382189
0.5548333333,0.0000690745,0.0000690651,0.0001381396
0.5550000000,0.0000690313,0.0000690233,0.0001380546
0.5551666667,0.0000689853,0.0000689782,0.0001379635
0.5553333333,0.0000689366,0.0000689295,0.0001378661
0.5555000000,0.0000688850,0.0000688773,0.0001377624
0.5556666667,0.0000688306,0.0000688219,0.0001376526
0.5558333333,0.0000687733,0.0000687636,0.0001375368
0.5560000000,0.0000687128,0.0000687023,0.0001374151
0.5561666667,0.0000686492,0.0000686378,0.0001372870
0.5563333333,0.0000685822,0.0000685699,0.0001371521
0.5565000000,0.0000685118,0.0000684982,0.0001370100
0.5566666667,0.0000684377,0.0000684232,0.0001368609
0.5568333333,0.0000683599,0.0000683449,0.0001367048
0.5570000000,0.0000682783,0.0000682635,0.0001365418
0.5571666667,0.0000681928,0.0000681786,0.0001363714
0.5573333333,0.0000681033,0.0000680895,0.0001361929
0.5575000000,0.0000680099,0.0000679959,0.0001360058
0.5576666667,0.0000679124,0.0000678977,0.0001358101
0.5578333333,0.0000678110,0.0000677954,0.0001356064
0.5580000000,0.0000677056,0.0000676895,0.0001353952
0.5581666667,0.0000675962,0.0000675803,0.0001351765
0.5583333333,0.0000674828,0.0000674674,0.0001349502
0.5585000000,0.0000673652,0.0000673505,0.0001347158
0.5586666667,0.0000672436,0.0000672293,0.0001344728
0.5588333333,0.0000671177,0.0000671035,0.0001342212
0.5590000000,0.0000669875,0.0000669733,0.0001339608
0.5591666667,0.0000668529,0.0000668385,0.0001336914
0.5593333333,0.0000667139,0.0000666988,0.0001334127
0.5595000000,0.0000665703,0.0000665542,0.0001331245
0.5596666667,0.0000664222,0.0000664047,0.0001328269
0.5598333333,0.0000662693,0.0000662509,0.0001325202
0.5600000000,0.0000661119,0.0000660929,0.0001322048
0.5601666667,0.0000659497,0.0000659309,0.0001318806
0.5603333333,0.0000657829,0.0000657646,0.0001315475
0.5605000000,0.0000656114,0.0000655937,0.0001312051
0.5606666667,0.0000654353,0.0000654181,0.0001308534
0.5608333333,0.0000652545,0.0000652379,0.0001304925
0.5610000000,0.0000650691,0.0000650533,0.0001301224
0.5611666667,0.0000648790,0.0000648640,0.0001297430
0.5613333333,0.0000646841,0.0000646695,0.0001293536
0.5615000000,0.0000644845,0.0000644693,0.0001289538
0.5616666667,0.0000642800,0.0000642634,0.0001285435
0.5618333333,0.0000640707,0.0000640523,0.0001281230
0.5620000000,0.0000638565,0.0000638367,0.0001276931
0.5621666667,0.0000636374,0.0000636168,0.0001272542
0.5623333333,0.0000634133,0.0000633929,0.0001268063
0.5625000000,0.0000631844,0.0000631647,0.0001263491
0.5626666667,0.0000629506,0.0000629321,0.0001258827
0.5628333333,0.0000627120,0.0000626948,0.0001254068
0.5630000000,0.0000624685,0.0000624529,0.0001249214
0.5631666667,0.0000622203,0.0000622058,0.0001244261
0.5633333333,0.0000619673,0.0000619531,0.0001239204
0.5635000000,0.0000617096,0.0000616944,0.0001234039
0.5636666667,0.0000614470,0.0000614300,0.0001228770
0.5638333333,0.0000611797,0.0000611608,0.0001223405
0.5640000000,0.0000609075,0.0000608877,0.0001217952
0.5641666667,0.0000606305,0.0000606108,0.0001212413
0.5643333333,0.0000603487,0.0000603298,0.0001206785
0.5645000000,0.0000600621,0.0000600439,0.0001201061
0.5646666667,0.0000597708,0.0000597529,0.0001195238
0.5648333333,0.0000594749,0.0000594572,0.0001189321
0.5650000000,0.0000591743,0.0000591575,0.0001183317
0.5651666667,0.0000588691,0.0000588538,0.0001177229
0.5653333333,0.0000585594,0.0000585456,0.0001171051
0.5655000000,0.0000582453,0.0000582321,0.0001164773
0.5656666667,0.0000579266,0.0000579124,0.0001158390
0.5658333333,0.0000576034,0.0000575870,0.0001151904
0.5660000000,0.0000572758,0.0000572570,0.0001145328
0.5661666667,0.0000569438,0.0000569237,0.0001138675
0.5663333333,0.0000566073,0.0000565876,0.0001131949
0.5665000000,0.0000562665,0.0000562484,0.0001125149
0.5666666667,0.0000559215,0.0000559053,0.0001118268
0.5668333333,0.0000555722,0.0000555576,0.0001111299
0.5670000000,0.0000552188,0.0000552053,0.0001104241
0.5671666667,0.0000548614,0.0000548483,0.0001097097
0.5673333333,0.0000545000,0.0000544870,0.0001089870
0.5675000000,0.0000541346,0.0000541213,0.0001082559
0.5676666667,0.0000537653,0.0000537511,0.0001075164
0.5678333333,0.0000533921,0.0000533766,0.0001067687
0.5680000000,0.0000530151,0.0000529983,0.0001060134
0.5681666667,0.0000526343,0.0000526170,0.0001052513
0.5683333333,0.0000522498,0.0000522329,0.0001044827
0.5685000000,0.0000518616,0.0000518460,0.0001037076
0.5686666667,0.0000514700,0.0000514558,0.0001029257
0.5688333333,0.0000510748,0.0000510619,0.0001021367
0.5690000000,0.0000506763,0.0000506642,0.0001013406
0.5691666667,0.0000502746,0.0000502630,0.0001005375
0.5693333333,0.0000498696,0.0000498582,0.0000997278
0.5695000000,0.0000494615,0.0000494500,0.0000989115
0.5696666667,0.0000490502,0.0000490382,0.0000980884
0.5698333333,0.0000486358,0.0000486228,0.0000972587
0.5700000000,0.0000482185,0.0000482043,0.0000964228
0.5701666667,0.0000477983,0.0000477832,0.0000955816
0.5703333333,0.0000473754,0.0000473602,0.0000947356
0.5705000000,0.0000469498,0.0000469355,0.0000938853
0.5706666667,0.0000465216,0.0000465092,0.0000930307
0.5708333333,0.0000460909,0.0000460806,0.0000921715
0.5710000000,0.0000456578,0.0000456492,0.0000913070
0.5711666667,0.0000452223,0.0000452145,0.0000904368
0.5713333333,0.0000447847,0.0000447762,0.0000895609
0.5715000000,0.0000443448,0.0000443349,0.0000886797
0.5716666667,0.0000439028,0.0000438912,0.0000877940
0.5718333333,0.0000434588,0.0000434460,0.0000869048
0.5720000000,0.0000430129,0.0000430000,0.0000860129
0.5721666667,0.0000425653,0.0000425532,0.0000851185
0.5723333333,0.0000421160,0.0000421053,0.0000842212
0.5725000000,0.0000416651,0.0000416557,0.0000833207
0.5726666667,0.0000412127,0.0000412041,0.0000824168
0.5728333333,0.0000407589,0.0000407507,0.0000815097
0.5730000000,0.0000403039,0.0000402960,0.0000805998
0.5731666667,0.0000398475,0.0000398401,0.0000796876
0.5733333333,0.0000393901,0.0000393830,0.0000787731
0.5735000000,0.0000389316,0.0000389244,0.0000778560
0.5736666667,0.0000384721,0.0000384643,0.0000769364
0.5738333333,0.0000380119,0.0000380028,0.0000760147
0.5740000000,0.0000375510,0.0000375408,0.0000750918
0.5741666667,0.0000370895,0.0000370790,0.0000741685
0.5743333333,0.0000366275,0.0000366178,0.0000732454
0.5745000000,0.0000361652,0.0000361572,0.0000723223
0.5746666667,0.0000357024,0.0000356965,0.0000713989
0.5748333333,0.0000352395,0.0000352351,0.0000704746
0.5750000000,0.0000347764,0.0000347727,0.0000695490
0.5751666667,0.0000343133,0.0000343092,0.0000686225
0.5753333333,0.0000338503,0.0000338451,0.0000676953
0.5755000000,0.0000333875,0.0000333808,0.0000667683
0.5756666667,0.0000329250,0.0000329171,0.0000658421
0.5758333333,0.0000324630,0.0000324545,0.0000649175
0.5760000000,0.0000320015,0.0000319934,0.0000639948
0.5761666667,0.0000315405,0.0000315336,0.0000630741
0.5763333333,0.0000310803,0.0000310749,0.0000621552
0.5765000000,0.0000306208,0.0000306169,0.0000612376
0.5766666667,0.0000301622,0.0000301592,0.0000603214
0.5768333333,0.0000297046,0.0000297020,0.0000594066
0.5770000000,0.0000292481,0.0000292453,0.0000584935
0.5771666667,0.0000287929,0.0000287895,0.0000575824
0.5773333333,0.0000283390,0.0000283347,0.0000566737
0.5775000000,0.0000278865,0.0000278813,0.0000557678
0.5776666667,0.0000274355,0.0000274297,0.0000548652
0.5778333333,0.0000269860,0.0000269801,0.0000539661
0.5780000000,0.0000265382,0.0000265329,0.0000530711
0.5781666667,0.0000260922,0.0000260880,0.0000521801
0.5783333333,0.0000256480,0.0000256451,0.0000512931
0.5785000000,0.0000252058,0.0000252039,0.0000504098
0.5786666667,0.0000247658,0.0000247645,0.0000495302
0.5788333333,0.0000243279,0.0000243268,0.0000486546
0.5790000000,0.0000238922,0.0000238910,0.0000477832
0.5791666667,0.0000234589,0.0000234570,0.0000469159
0.5793333333,0.0000230279,0.0000230251,0.0000460530
0.5795000000,0.0000225995,0.0000225953,0.0000451948
0.5796666667,0.0000221736,0.0000221684,0.0000443420
0.5798333333,0.0000217504,0.0000217453,0.0000434957
0.5800000000,0.0000213300,0.0000213263,0.0000426563
0.5801666667,0.0000209124,0.0000209111,0.0000418235
0.5803333333,0.0000204978,0.0000204986,0.0000409965
0.5805000000,0.0000200863,0.0000200878,0.0000401741
0.5806666667,0.0000196778,0.0000196785,0.0000393563
0.5808333333,0.0000192724,0.0000192712,0.0000385437
0.5810000000,0.0000188703,0.0000188674,0.0000377377
0.5811666667,0.0000184714,0.0000184680,0.0000369394
0.5813333333,0.0000180760,0.0000180731,0.0000361491
0.5815000000,0.0000176840,0.0000176821,0.0000353661
0.5816666667,0.0000172956,0.0000172942,0.0000345899
0.5818333333,0.0000169108,0.0000169095,0.0000338204
0.5820000000,0.0000165297,0.0000165284,0.0000330581
0.5821666667,0.0000161523,0.0000161515,0.0000323038
0.5823333333,0.0000157787,0.0000157788,0.0000315574
0.5825000000,0.0000154089,0.0000154099,0.0000308188
0.5826666667,0.0000150430,0.0000150442,0.0000300872
0.5828333333,0.0000146812,0.0000146814,0.0000293625
0.5830000000,0.0000143233,0.0000143221,0.0000286454
0.5831666667,0.0000139696,0.0000139671,0.0000279367
0.5833333333,0.0000136200,0.0000136172,0.0000272373
0.5835000000,0.0000132747,0.0000132725,0.0000265471
0.5836666667,0.0000129335,0.0000129325,0.0000258660
0.5838333333,0.0000125966,0.0000125968,0.0000251934
0.5840000000,0.0000122641,0.0000122651,0.0000245292
0.5841666667,0.0000119360,0.0000119374,0.0000238733
0.5843333333,0.0000116123,0.0000116137,0.0000232260
0.5845000000,0.0000112931,0.0000112940,0.0000225871
0.5846666667,0.0000109784,0.0000109784,0.0000219569
0.5848333333,0.0000106682,0.0000106671,0.0000213353
0.5850000000,0.0000103626,0.0000103605,0.0000207231
0.5851666667,0.0000100616,0.0000100592,0.0000201208
0.5853333333,0.0000097652,0.0000097636,0.0000195288
0.5855000000,0.0000094735,0.0000094734,0.0000189469
0.5856666667,0.0000091865,0.0000091878,0.0000183743
0.5858333333,0.0000089043,0.0000089062,0.0000178105
0.5860000000,0.0000086268,0.0000086284,0.0000172553
0.5861666667,0.0000083541,0.0000083548,0.0000167089
0.5863333333,0.0000080861,0.0000080859,0.0000161720
0.5865000000,0.0000078229,0.0000078221,0.0000156450
0.5866666667,0.0000075645,0.0000075636,0.0000151281
0.5868333333,0.0000073109,0.0000073101,0.0000146210
0.5870000000,0.0000070622,0.0000070614,0.0000141237
0.5871666667,0.0000068184,0.0000068177,0.0000136361
0.5873333333,0.0000065793,0.0000065790,0.0000131584
0.5875000000,0.0000063452,0.0000063453,0.0000126905
0.5876666667,0.0000061158,0.0000061166,0.0000122324
0.5878333333,0.0000058913,0.0000058924,0.0000117837
0.5880000000,0.0000056717,0.0000056727,0.0000113443
0.5881666667,0.0000054569,0.0000054574,0.0000109143
0.5883333333,0.0000052469,0.0000052467,0.0000104936
0.5885000000,0.0000050418,0.0000050408,0.0000100826
0.5886666667,0.0000048414,0.0000048400,0.0000096814
0.5888333333,0.0000046459,0.0000046443,0.0000092902
0.5890000000,0.0000044551,0.0000044539,0.0000089090
0.5891666667,0.0000042691,0.0000042687,0.0000085378
0.5893333333,0.0000040878,0.0000040885,0.0000081763
0.5895000000,0.0000039113,0.0000039127,0.0000078240
0.5896666667,0.0000037395,0.0000037409,0.0000074804
0.5898333333,0.0000035723,0.0000035730,0.0000071454
0.5900000000,0.0000034098,0.0000034093,0.0000068191
0.5901666667,0.0000032519,0.0000032503,0.0000065022
0.5903333333,0.0000030986,0.0000030966,0.0000061951
0.5905000000,0.0000029497,0.0000029482,0.0000058980
0.5906666667,0.0000028054,0.0000028049,0.0000056103
0.5908333333,0.0000026656,0.0000026659,0.0000053315
0.5910000000,0.0000025303,0.0000025308,0.0000050611
0.5911666667,0.0000023993,0.0000023996,0.0000047990
0.5913333333,0.0000022727,0.0000022726,0.0000045454
0.5915000000,0.0000021504,0.0000021500,0.0000043004
0.5916666667,0.0000020323,0.0000020319,0.0000040642
0.5918333333,0.0000019184,0.0000019179,0.0000038363
0.5920000000,0.0000018086,0.0000018079,0.0000036166
0.5921666667,0.0000017030,0.0000017019,0.0000034049
0.5923333333,0.0000016014,0.0000016000,0.0000032014
0.5925000000,0.0000015038,0.0000015024,0.0000030063
0.5926666667,0.0000014101,0.0000014093,0.0000028194
0.5928333333,0.0000013203,0.0000013201,0.0000026403
0.5930000000,0.0000012342,0.0000012345,0.0000024687
0.5931666667,0.0000011520,0.0000011521,0.0000023041
0.5933333333,0.0000010734,0.0000010730,0.0000021464
0.5935000000,0.0000009984,0.0000009974,0.0000019958
0.5936666667,0.0000009269,0.0000009255,0.0000018525
0.5938333333,0.0000008589,0.0000008573,0.0000017162
0.5940000000,0.0000007943,0.0000007927,0.0000015870
0.5941666667,0.0000007330,0.0000007315,0.0000014645
0.5943333333,0.0000006749,0.0000006736,0.0000013485
0.5945000000,0.0000006200,0.0000006190,0.0000012390
0.5946666667,0.0000005682,0.0000005674,0.0000011357
0.5948333333,0.0000005195,0.0000005188,0.0000010383
0.5950000000,0.0000004737,0.0000004727,0.0000009464
0.5951666667,0.0000004307,0.0000004292,0.0000008599
0.5953333333,0.0000003905,0.0000003883,0.0000007788
0.5955000000,0.0000003529,0.0000003502,0.0000007031
0.5956666667,0.0000003179,0.0000003150,0.0000006329
0.5958333333,0.0000002854,0.0000002826,0.0000005680
0.5960000000,0.0000002554,0.0000002528,0.0000005082
0.5961666667,0.0000002277,0.0000002252,0.0000004529
0.5963333333,0.0000002022,0.0000001995,0.0000004017
0.5965000000,0.0000001789,0.0000001757,0.0000003546
0.5966666667,0.0000001575,0.0000001539,0.0000003114
0.5968333333,0.0000001382,0.0000001340,0.0000002722
0.5970000000,0.0000001207,0.0000001161,0.0000002368
0.5971666667,0.0000001049,0.0000001000,0.0000002049
0.5973333333,0.0000000908,0.0000000855,0.0000001763
0.5975000000,0.0000000782,0.0000000726,0.0000001508
0.5976666667,0.0000000671,0.0000000611,0.0000001282
0.5978333333,0.0000000573,0.0000000511,0.0000001084
0.5980000000,0.0000000488,0.0000000424,0.0000000912
0.5981666667,0.0000000414,0.0000000349,0.0000000763
0.5983333333,0.0000000351,0.0000000284,0.0000000635
0.5985000000,0.0000000298,0.0000000229,0.0000000526
0.5986666667,0.0000000252,0.0000000182,0.0000000434
0.5988333333,0.0000000214,0.0000000144,0.0000000358
0.5990000000,0.0000000182,0.0000000115,0.0000000297
0.5991666667,0.0000000155,0.0000000094,0.0000000249
0.5993333333,0.0000000133,0.0000000080,0.0000000213
0.5995000000,0.0000000116,0.0000000071,0.0000000187
0.5996666667,0.0000000101,0.0000000068,0.0000000170
0.5998333333,0.0000000090,0.0000000071,0.0000000160
0.6000000000,0.0000000080,0.0000000077,0.0000000157
0.6001666667,0.0000000071,0.0000000088,0.0000000159
0.6003333333,0.0000000064,0.0000000103,0.0000000167
0.6005000000,0.0000000057,0.0000000122,0.0000000180
0.6006666667,0.0000000053,0.0000000145,0.0000000197
0.6008333333,0.0000000049,0.0000000170,0.0000000219
0.6010000000,0.0000000048,0.0000000198,0.0000000246
0.6011666667,0.0000000048,0.0000000230,0.0000000278
0.6013333333,0.0000000053,0.0000000264,0.0000000317
0.6015000000,0.0000000062,0.0000000302,0.0000000364
0.6016666667,0.0000000077,0.0000000344,0.0000000421
0.6018333333,0.0000000100,0.0000000390,0.0000000490
0.6020000000,0.0000000132,0.0000000440,0.0000000572
0.6021666667,0.0000000174,0.0000000495,0.0000000669
0.6023333333,0.0000000229,0.0000000556,0.0000000785
0.6025000000,0.0000000299,0.0000000622,0.0000000921
0.6026666667,0.0000000386,0.0000000695,0.0000001081
0.6028333333,0.0000000492,0.0000000776,0.0000001268
0.6030000000,0.0000000619,0.0000000866,0.0000001486
0.6031666667,0.0000000769,0.0000000969,0.0000001738
0.6033333333,0.0000000944,0.0000001087,0.0000002031
0.6035000000,0.0000001144,0.0000001222,0.0000002366
0.6036666667,0.0000001371,0.0000001377,0.0000002748
0.6038333333,0.0000001626,0.0000001555,0.0000003181
0.6040000000,0.0000001909,0.0000001758,0.0000003668
0.6041666667,0.0000002222,0.0000001989,0.0000004211
0.6043333333,0.0000002563,0.0000002250,0.0000004813
0.6045000000,0.0000002932,0.0000002544,0.0000005476
0.6046666667,0.0000003330,0.0000002875,0.0000006205
0.6048333333,0.0000003756,0.0000003245,0.0000007001
0.6050000000,0.0000004209,0.0000003659,0.0000007868
0.6051666667,0.0000004690,0.0000004120,0.0000008809
0.6053333333,0.0000005197,0.0000004629,0.0000009826
0.6055000000,0.0000005730,0.0000005187,0.0000010917
0.6056666667,0.0000006291,0.0000005790,0.0000012081
0.6058333333,0.0000006878,0.0000006436,0.0000013314
0.6060000000,0.0000007494,0.0000007122,0.0000014616
0.6061666667,0.0000008139,0.0000007848,0.0000015986
0.6063333333,0.0000008814,0.0000008612,0.0000017426
0.6065000000,0.0000009521,0.0000009417,0.0000018937
0.6066666667,0.0000010261,0.0000010259,0.0000020520
0.6068333333,0.0000011035,0.0000011137,0.0000022172
0.6070000000,0.0000011845,0.0000012043,0.0000023889
0.6071666667,0.0000012693,0.0000012974,0.0000025667
0.6073333333,0.0000013578,0.0000013926,0.0000027504
0.6075000000,0.0000014504,0.0000014896,0.0000029400
0.6076666667,0.0000015469,0.0000015888,0.0000031357
0.6078333333,0.0000016475,0.0000016902,0.0000033377
0.6080000000,0.0000017522,0.0000017942,0.0000035464
0.6081666667,0.0000018610,0.0000019006,0.0000037616
0.6083333333,0.0000019740,0.0000020096,0.0000039836
0.6085000000,0.0000020912,0.0000021213,0.0000042125
0.6086666667,0.0000022127,0.0000022361,0.0000044488
0.6088333333,0.0000023385,0.0000023546,0.0000046931
0.6090000000,0.0000024686,0.0000024773,0.0000049458
0.6091666667,0.0000026031,0.0000026042,0.0000052073
0.6093333333,0.0000027422,0.0000027353,0.0000054775
0.6095000000,0.0000028859,0.0000028707,0.0000057566
0.6096666667,0.0000030343,0.0000030109,0.0000060451
0.6098333333,0.0000031874,0.0000031565,0.0000063439
0.6100000000,0.0000033452,0.0000033086,0.0000066538
0.6101666667,0.0000035079,0.0000034676,0.0000069754
0.6103333333,0.0000036752,0.0000036335,0.0000073087
0.6105000000,0.0000038473,0.0000038057,0.0000076530
0.6106666667,0.0000040240,0.0000039839,0.0000080079
0.6108333333,0.0000042054,0.0000041677,0.0000083732
0.6110000000,0.0000043914,0.0000043576,0.0000087490
0.6111666667,0.0000045820,0.0000045536,0.0000091357
0.6113333333,0.0000047772,0.0000047559,0.0000095330
0.6115000000,0.0000049770,0.0000049638,0.0000099408
0.6116666667,0.0000051814,0.0000051769,0.0000103583
0.6118333333,0.0000053906,0.0000053947,0.0000107853
0.6120000000,0.0000056045,0.0000056168,0.0000112213
0.6121666667,0.0000058232,0.0000058428,0.0000116660
0.6123333333,0.0000060468,0.0000060722,0.0000121190
0.6125000000,0.0000062752,0.0000063043,0.0000125796
0.6126666667,0.0000065086,0.0000065387,0.0000130473
0.6128333333,0.0000067469,0.0000067755,0.0000135224
0.6130000000,0.0000069901,0.0000070155,0.0000140056
0.6131666667,0.0000072381,0.0000072593,0.0000144975
0.6133333333,0.0000074910,0.0000075075,0.0000149985
0.6135000000,0.0000077487,0.0000077597,0.0000155084
0.6136666667,0.0000080111,0.0000080157,0.0000160269
0.6138333333,0.0000082784,0.0000082756,0.0000165540
0.6140000000,0.0000085505,0.0000085398,0.0000170903
0.6141666667,0.0000088274,0.0000088095,0.0000176369
0.6143333333,0.0000091091,0.0000090854,0.0000181945
0.6145000000,0.0000093957,0.0000093675,0.0000187632
0.6146666667,0.0000096870,0.0000096558,0.0000193428
0.6148333333,0.0000099831,0.0000099500,0.0000199331
0.6150000000,0.0000102839,0.0000102505,0.0000205344
0.6151666667,0.0000105893,0.0000105579,0.0000211471
0.6153333333,0.0000108991,0.0000108723,0.0000217714
0.6155000000,0.0000112134,0.0000111933,0.0000224067
0.6156666667,0.0000115322,0.0000115195,0.0000230517
0.6158333333,0.0000118552,0.0000118499,0.0000237052
0.6160000000,0.0000121827,0.0000121838,0.0000243665
0.6161666667,0.0000125144,0.0000125213,0.0000250357
0.6163333333,0.0000128505,0.0000128626,0.0000257131
0.6165000000,0.0000131909,0.0000132080,0.0000263989
0.6166666667,0.0000135356,0.0000135568,0.0000270923
0.6168333333,0.0000138845,0.0000139082,0.0000277927
0.6170000000,0.0000142376,0.0000142616,0.0000284992
0.6171666667,0.0000145949,0.0000146167,0.0000292116
0.6173333333,0.0000149561,0.0000149737,0.0000299298
0.6175000000,0.0000153214,0.0000153330,0.0000306543
0.6176666667,0.0000156905,0.0000156951,0.0000313857
0.6178333333,0.0000160635,0.0000160609,0.0000321244
0.6180000000,0.0000164403,0.0000164311,0.0000328714
0.6181666667,0.0000168209,0.0000168063,0.0000336272
0.6183333333,0.0000172052,0.0000171868,0.0000343920
0.6185000000,0.0000175932,0.0000175724,0.0000351656
0.6186666667,0.0000179847,0.0000179626,0.0000359473
0.6188333333,0.0000183797,0.0000183571,0.0000367369
0.6190000000,0.0000187782,0.0000187563,0.0000375345
0.6191666667,0.0000191800,0.0000191605,0.0000383405
0.6193333333,0.0000195849,0.0000195699,0.0000391549
0.6195000000,0.0000199930,0.0000199842,0.0000399771
0.6196666667,0.0000204040,0.0000204021,0.0000408062
0.6198333333,0.0000208181,0.0000208228,0.0000416409
0.6200000000,0.0000212350,0.0000212457,0.0000424808
0.6201666667,0.0000216548,0.0000216707,0.0000433255
0.6203333333,0.0000220774,0.0000220975,0.0000441749
0.6205000000,0.0000225027,0.0000225256,0.0000450283
0.6206666667,0.0000229307,0.0000229540,0.0000458847
0.6208333333,0.0000233612,0.0000233824,0.0000467436
0.6210000000,0.0000237941,0.0000238108,0.0000476049
0.6211666667,0.0000242294,0.0000242403,0.0000484697
0.6213333333,0.0000246669,0.0000246723,0.0000493392
0.6215000000,0.0000251065,0.0000251073,0.0000502138
0.6216666667,0.0000255482,0.0000255451,0.0000510933
0.6218333333,0.0000259918,0.0000259852,0.0000519770
0.6220000000,0.0000264374,0.0000264273,0.0000528647
0.6221666667,0.0000268848,0.0000268717,0.0000537565
0.6223333333,0.0000273339,0.0000273193,0.0000546532
0.6225000000,0.0000277847,0.0000277704,0.0000555551
0.6226666667,0.0000282369,0.0000282251,0.0000564620
0.6228333333,0.0000286906,0.0000286828,0.0000573733
0.6230000000,0.0000291455,0.0000291429,0.0000582883
0.6231666667,0.0000296015,0.0000296050,0.0000592065
0.6233333333,0.0000300586,0.0000300687,0.0000601274
0.6235000000,0.0000305168,0.0000305332,0.0000610499
0.6236666667,0.0000309758,0.0000309971,0.0000619730
0.6238333333,0.0000314357,0.0000314595,0.0000628953
0.6240000000,0.0000318964,0.0000319200,0.0000638164
0.6241666667,0.0000323577,0.0000323793,0.0000647370
0.6243333333,0.0000328196,0.0000328383,0.0000656579
0.6245000000,0.0000332818,0.0000332979,0.0000665797
0.6246666667,0.0000337443,0.0000337578,0.0000675021
0.6248333333,0.0000342070,0.0000342173,0.0000684242
0.6250000000,0.0000346697,0.0000346758,0.0000693455
0.6251666667,0.0000351325,0.0000351337,0.0000702662
0.6253333333,0.0000355952,0.0000355921,0.0000711872
0.6255000000,0.0000360577,0.0000360520,0.0000721097
0.6256666667,0.0000365199,0.0000365139,0.0000730339
0.6258333333,0.0000369818,0.0000369775,0.0000739593
0.6260000000,0.0000374432,0.0000374419,0.0000748850
0.6261666667,0.0000379039,0.0000379064,0.0000758103
0.6263333333,0.0000383639,0.0000383708,0.0000767348
0.6265000000,0.0000388231,0.0000388351,0.0000776582
0.6266666667,0.0000392813,0.0000392988,0.0000785802
0.6268333333,0.0000397386,0.0000397610,0.0000794996
0.6270000000,0.0000401948,0.0000402206,0.0000804154
0.6271666667,0.0000406498,0.0000406768,0.0000813267
0.6273333333,0.0000411036,0.0000411297,0.0000822333
0.6275000000,0.0000415560,0.0000415797,0.0000831357
0.6276666667,0.0000420069,0.0000420277,0.0000840345
0.6278333333,0.0000424561,0.0000424741,0.0000849302
0.6280000000,0.0000429037,0.0000429189,0.0000858226
0.6281666667,0.0000433494,0.0000433619,0.0000867113
0.6283333333,0.0000437933,0.0000438028,0.0000875961
0.6285000000,0.0000442351,0.0000442417,0.0000884769
0.6286666667,0.0000446750,0.0000446791,0.0000893541
0.6288333333,0.0000451127,0.0000451156,0.0000902283
0.6290000000,0.0000455482,0.0000455517,0.0000911000
0.6291666667,0.0000459814,0.0000459877,0.0000919691
0.6293333333,0.0000464121,0.0000464230,0.0000928351
0.6295000000,0.0000468403,0.0000468567,0.0000936970
0.6296666667,0.0000472659,0.0000472875,0.0000945534
0.6298333333,0.0000476889,0.0000477144,0.0000954032
0.6300000000,0.0000481091,0.0000481369,0.0000962460
0.6301666667,0.0000485265,0.0000485552,0.0000970817
0.6303333333,0.0000489410,0.0000489696,0.0000979106
0.6305000000,0.0000493525,0.0000493802,0.0000987327
0.6306666667,0.0000497609,0.0000497870,0.0000995479
0.6308333333,0.0000501662,0.0000501900,0.0001003561
0.6310000000,0.0000505681,0.0000505892,0.0001011573
0.6311666667,0.0000509667,0.0000509848,0.0001019515
0.6313333333,0.0000513619,0.0000513773,0.0001027392
0.6315000000,0.0000517537,0.0000517669,0.0001035205
0.6316666667,0.0000521419,0.0000521537,0.0001042956
0.6318333333,0.0000525266,0.0000525379,0.0001050644
0.6320000000,0.0000529076,0.0000529196,0.0001058271
0.6321666667,0.0000532848,0.0000532989,0.0001065838
0.6323333333,0.0000536583,0.0000536758,0.0001073341
0.6325000000,0.0000540279,0.0000540496,0.0001080775
0.6326666667,0.0000543936,0.0000544195,0.0001088131
0.6328333333,0.0000547553,0.0000547846,0.0001095399
0.6330000000,0.0000551131,0.0000551443,0.0001102574
0.6331666667,0.0000554667,0.0000554986,0.0001109654
0.6333333333,0.0000558163,0.0000558477,0.0001116640
0.6335000000,0.0000561617,0.0000561916,0.0001123533
0.6336666667,0.0000565028,0.0000565306,0.0001130333
0.6338333333,0.0000568396,0.0000568647,0.0001137042
0.6340000000,0.0000571720,0.0000571943,0.0001143662
0.6341666667,0.0000575000,0.0000575199,0.0001150199
0.6343333333,0.0000578235,0.0000578421,0.0001156656
0.6345000000,0.0000581426,0.0000581607,0.0001163033
0.6346666667,0.0000584573,0.0000584754,0.0001169326
0.6348333333,0.0000587674,0.0000587859,0.0001175533
0.6350000000,0.0000590729,0.0000590922,0.0001181651
0.6351666667,0.0000593738,0.0000593945,0.0001187683
0.6353333333,0.0000596701,0.0000596933,0.0001193634
0.6355000000,0.0000599617,0.0000599883,0.0001199500
0.6356666667,0.0000602486,0.0000602789,0.0001205275
0.6358333333,0.0000605309,0.0000605638,0.0001210946
0.6360000000,0.0000608084,0.0000608422,0.0001216507
0.6361666667,0.0000610813,0.0000611141,0.0001221954
0.6363333333,0.0000613493,0.0000613799,0.0001227292
0.6365000000,0.0000616126,0.0000616404,0.0001232530
0.6366666667,0.0000618709,0.0000618964,0.0001237673
0.6368333333,0.0000621245,0.0000621479,0.0001242724
0.6370000000,0.0000623731,0.0000623953,0.0001247684
0.6371666667,0.0000626170,0.0000626383,0.0001252552
0.6373333333,0.0000628560,0.0000628769,0.0001257329
0.6375000000,0.0000630902,0.0000631112,0.0001262013
0.6376666667,0.0000633195,0.0000633411,0.0001266606
0.6378333333,0.0000635440,0.0000635666,0.0001271106
0.6380000000,0.0000637637,0.0000637878,0.0001275514
0.6381666667,0.0000639785,0.0000640046,0.0001279831
0.6383333333,0.0000641885,0.0000642168,0.0001284053
0.6385000000,0.0000643937,0.0000644239,0.0001288176
0.6386666667,0.0000645942,0.0000646254,0.0001292195
0.6388333333,0.0000647899,0.0000648210,0.0001296108
0.6390000000,0.0000649808,0.0000650107,0.0001299915
0.6391666667,0.0000651669,0.0000651951,0.0001303621
0.6393333333,0.0000653483,0.0000653746,0.0001307229
0.6395000000,0.0000655249,0.0000655494,0.0001310743
0.6396666667,0.0000656968,0.0000657196,0.0001314163
0.6398333333,0.0000658640,0.0000658852,0.0001317492
0.6400000000,0.0000660265,0.0000660467,0.0001320732
0.6401666667,0.0000661845,0.0000662045,0.0001323890
0.6403333333,0.0000663379,0.0000663589,0.0001326968
0.6405000000,0.0000664868,0.0000665095,0.0001329963
0.6406666667,0.0000666311,0.0000666558,0.0001332869
0.6408333333,0.0000667711,0.0000667970,0.0001335680
0.6410000000,0.0000669066,0.0000669329,0.0001338395
0.6411666667,0.0000670377,0.0000670640,0.0001341017
0.6413333333,0.0000671645,0.0000671907,0.0001343552
0.6415000000,0.0000672871,0.0000673132,0.0001346002
0.6416666667,0.0000674054,0.0000674313,0.0001348367
0.6418333333,0.0000675195,0.0000675447,0.0001350641
0.6420000000,0.0000676294,0.0000676531,0.0001352825
0.6421666667,0.0000677352,0.0000677569,0.0001354921
0.6423333333,0.0000678369,0.0000678568,0.0001356937
0.6425000000,0.0000679346,0.0000679533,0.0001358879
0.6426666667,0.0000680284,0.0000680466,0.0001360750
0.6428333333,0.0000681183,0.0000681367,0.0001362551
0.6430000000,0.0000682045,0.0000682233,0.0001364279
0.6431666667,0.0000682869,0.0000683065,0.0001365935
0.6433333333,0.0000683657,0.0000683862,0.0001367519
0.6435000000,0.0000684409,0.0000684624,0.0001369033
0.6436666667,0.0000685126,0.0000685347,0.0001370473
0.6438333333,0.0000685808,0.0000686030,0.0001371838
0.6440000000,0.0000686457,0.0000686671,0.0001373128
0.6441666667,0.0000687073,0.0000687274,0.0001374347
0.6443333333,0.0000687655,0.0000687844,0.0001375499
0.6445000000,0.0000688206,0.0000688385,0.0001376591
0.6446666667,0.0000688726,0.0000688897,0.0001377623
0.6448333333,0.0000689215,0.0000689380,0.0001378595
0.6450000000,0.0000689675,0.0000689832,0.0001379507
0.6451666667,0.0000690107,0.0000690254,0.0001380360
0.6453333333,0.0000690510,0.0000690650,0.0001381161
0.6455000000,0.0000690887,0.0000691026,0.0001381913
0.6456666667,0.0000691238,0.0000691380,0.0001382618
0.6458333333,0.0000691564,0.0000691711,0.0001383275
0.6460000000,0.0000691866,0.0000692016,0.0001383882
0.6461666667,0.0000692144,0.0000692294,0.0001384439
0.6463333333,0.0000692401,0.0000692547,0.0001384948
0.6465000000,0.0000692636,0.0000692777,0.0001385412
0.6466666667,0.0000692850,0.0000692985,0.0001385835
0.6468333333,0.0000693044,0.0000693172,0.0001386216
0.6470000000,0.0000693219,0.0000693339,0.0001386558
0.6471666667,0.0000693376,0.0000693486,0.0001386862
0.6473333333,0.0000693516,0.0000693616,0.0001387132
0.6475000000,0.0000693638,0.0000693734,0.0001387372
0.6476666667,0.0000693746,0.0000693840,0.0001387586
0.6478333333,0.0000693839,0.0000693934,0.0001387774
0.6480000000,0.0000693920,0.0000694017,0.0001387937
0.6481666667,0.0000693987,0.0000694087,0.0001388074
0.6483333333,0.0000694043,0.0000694146,0.0001388189
0.6485000000,0.0000694088,0.0000694195,0.0001388283
0.6486666667,0.0000694122,0.0000694235,0.0001388358
0.6488333333,0.0000694147,0.0000694269,0.0001388416
0.6490000000,0.0000694164,0.0000694297,0.0001388461
0.6491666667,0.0000694172,0.0000694320,0.0001388492
0.6493333333,0.0000694172,0.0000694341,0.0001388513
0.6495000000,0.0000694164,0.0000694361,0.0001388525
0.6496666667,0.0000694149,0.0000694382,0.0001388531
0.6498333333,0.0000694126,0.0000694407,0.0001388533
0.6500000000,0.0000694096,0.0000694438,0.0001388534
0.6501666667,0.0000694058,0.0000694475,0.0001388534
0.6503333333,0.0000694013,0.0000694523,0.0001388536
0.6505000000,0.0000693959,0.0000694582,0.0001388541
0.6506666667,0.0000693896,0.0000694656,0.0001388552
0.6508333333,0.0000693823,0.0000694747,0.0001388571
0.6510000000,0.0000693739,0.0000694861,0.0001388599
0.6511666667,0.0000693641,0.0000695000,0.0001388641
0.6513333333,0.0000693528,0.0000695170,0.0001388698
0.6515000000,0.0000693397,0.0000695374,0.0001388771
0.6516666667,0.0000693246,0.0000695616,0.0001388862
0.6518333333,0.0000693072,0.0000695902,0.0001388974
0.6520000000,0.0000692871,0.0000696236,0.0001389108
0.6521666667,0.0000692642,0.0000696624,0.0001389266
0.6523333333,0.0000692379,0.0000697071,0.0001389450
0.6525000000,0.0000692081,0.0000697580,0.0001389661
0.6526666667,0.0000691742,0.0000698157,0.0001389899
0.6528333333,0.0000691360,0.0000698808,0.0001390168
0.6530000000,0.0000690931,0.0000699539,0.0001390470
0.6531666667,0.0000690450,0.0000700357,0.0001390807
0.6533333333,0.0000689915,0.0000701268,0.0001391183
0.6535000000,0.0000689322,0.0000702275,0.0001391598
0.6536666667,0.0000688668,0.0000703386,0.0001392054
0.6538333333,0.0000687950,0.0000704605,0.0001392555
0.6540000000,0.0000687166,0.0000705938,0.0001393104
0.6541666667,0.0000686312,0.0000707391,0.0001393702
0.6543333333,0.0000685386,0.0000708965,0.0001394351
0.6545000000,0.0000684387,0.0000710664,0.0001395051
0.6546666667,0.0000683314,0.0000712485,0.0001395799
0.6548333333,0.0000682165,0.0000714431,0.0001396596
0.6550000000,0.0000680940,0.0000716504,0.0001397445
0.6551666667,0.0000679638,0.0000718710,0.0001398347
0.6553333333,0.0000678257,0.0000721051,0.0001399308
0.6555000000,0.0000676796,0.0000723533,0.0001400329
0.6556666667,0.0000675255,0.0000726158,0.0001401414
0.6558333333,0.0000673633,0.0000728931,0.0001402564
0.6560000000,0.0000671928,0.0000731855,0.0001403783
0.6561666667,0.0000670139,0.0000734932,0.0001405071
0.6563333333,0.0000668264,0.0000738165,0.0001406429
0.6565000000,0.0000666301,0.0000741554,0.0001407856
0.6566666667,0.0000664250,0.0000745102,0.0001409351
0.6568333333,0.0000662108,0.0000748810,0.0001410918
0.6570000000,0.0000659875,0.0000752682,0.0001412557
0.6571666667,0.0000657549,0.0000756722,0.0001414271
0.6573333333,0.0000655129,0.0000760931,0.0001416060
0.6575000000,0.0000652615,0.0000765308,0.0001417923
0.6576666667,0.0000650007,0.0000769851,0.0001419858
0.6578333333,0.0000647304,0.0000774563,0.0001421868
0.6580000000,0.0000644508,0.0000779449,0.0001423957
0.6581666667,0.0000641618,0.0000784516,0.0001426134
0.6583333333,0.0000638635,0.0000789768,0.0001428403
0.6585000000,0.0000635560,0.0000795204,0.0001430764
0.6586666667,0.0000632393,0.0000800822,0.0001433215
0.6588333333,0.0000629135,0.0000806616,0.0001435751
0.6590000000,0.0000625787,0.0000812581,0.0001438368
0.6591666667,0.0000622350,0.0000818718,0.0001441068
0.6593333333,0.0000618824,0.0000825028,0.0001443852
0.6595000000,0.0000615210,0.0000831513,0.0001446723
0.6596666667,0.0000611508,0.0000838174,0.0001449683
0.6598333333,0.0000607720,0.0000845011,0.0001452731
0.6600000000,0.0000603846,0.0000852023,0.0001455869
0.6601666667,0.0000599887,0.0000859212,0.0001459099
0.6603333333,0.0000595844,0.0000866580,0.0001462425
0.6605000000,0.0000591720,0.0000874129,0.0001465849
0.6606666667,0.0000587517,0.0000881857,0.0001469374
0.6608333333,0.0000583236,0.0000889762,0.0001472998
0.6610000000,0.0000578879,0.0000897839,0.0001476718
0.6611666667,0.0000574450,0.0000906081,0.0001480531
0.6613333333,0.0000569950,0.0000914485,0.0001484436
0.6615000000,0.0000565384,0.0000923050,0.0001488434
0.6616666667,0.0000560752,0.0000931773,0.0001492526
0.6618333333,0.0000556059,0.0000940654,0.0001496713
0.6620000000,0.0000551305,0.0000949688,0.0001500993
0.6621666667,0.0000546493,0.0000958871,0.0001505365
0.6623333333,0.0000541627,0.0000968201,0.0001509828
0.6625000000,0.0000536708,0.0000977679,0.0001514387
0.6626666667,0.0000531740,0.0000987309,0.0001519050
0.6628333333,0.0000526726,0.0000997095,0.0001523821
0.6630000000,0.0000521669,0.0001007034,0.0001528703
0.6631666667,0.0000516572,0.0001017116,0.0001533688
0.6633333333,0.0000511439,0.0001027328,0.0001538767
0.6635000000,0.0000506276,0.0001037658,0.0001543934
0.6636666667,0.0000501085,0.0001048099,0.0001549184
0.6638333333,0.0000495870,0.0001058652,0.0001554522
0.6640000000,0.0000490637,0.0001069317,0.0001559954
0.6641666667,0.0000485388,0.0001080095,0.0001565483
0.6643333333,0.0000480128,0.0001090982,0.0001571110
0.6645000000,0.0000474861,0.0001101972,0.0001576832
0.6646666667,0.0000469589,0.0001113060,0.0001582649
0.6648333333,0.0000464318,0.0001124244,0.0001588562
0.6650000000,0.0000459052,0.0001135520,0.0001594573
0.6651666667,0.0000453796,0.0001146885,0.0001600681
0.6653333333,0.0000448553,0.0001158331,0.0001606883
0.6655000000,0.0000443329,0.0001169849,0.0001613178
0.6656666667,0.0000438129,0.0001181432,0.0001619561
0.6658333333,0.0000432959,0.0001193073,0.0001626031
0.6660000000,0.0000427823,0.0001204765,0.0001632587
0.6661666667,0.0000422726,0.0001216499,0.0001639225
0.6663333333,0.0000417673,0.0001228268,0.0001645942
0.6665000000,0.0000412670,0.0001240067,0.0001652736
0.6666666667,0.0000407720,0.0001251893,0.0001659613
0.6668333333,0.0000402830,0.0001263749,0.0001666579
0.6670000000,0.0000398003,0.0001275638,0.0001673641
0.6671666667,0.0000393245,0.0001287554,0.0001680799
0.6673333333,0.0000388562,0.0001299485,0.0001688047
0.6675000000,0.0000383958,0.0001311415,0.0001695374
0.6676666667,0.0000379440,0.0001323332,0.0001702772
0.6678333333,0.0000375013,0.0001335226,0.0001710239
0.6680000000,0.0000370683,0.0001347093,0.0001717776
0.6681666667,0.0000366456,0.0001358929,0.0001725385
0.6683333333,0.0000362337,0.0001370728,0.0001733065
0.6685000000,0.0000358331,0.0001382482,0.0001740812
0.6686666667,0.0000354443,0.0001394185,0.0001748627
0.6688333333,0.0000350679,0.0001405834,0.0001756513
0.6690000000,0.0000347044,0.0001417431,0.0001764475
0.6691666667,0.0000343544,0.0001428970,0.0001772514
0.6693333333,0.0000340184,0.0001440443,0.0001780626
0.6695000000,0.0000336969,0.0001451835,0.0001788804
0.6696666667,0.0000333907,0.0001463132,0.0001797039
0.6698333333,0.0000331001,0.0001474326,0.0001805328
0.6700000000,0.0000328259,0.0001485413,0.0001813672
0.6701666667,0.0000325686,0.0001496388,0.0001822074
0.6703333333,0.0000323286,0.0001507245,0.0001830532
0.6705000000,0.0000321066,0.0001517974,0.0001839040
0.6706666667,0.0000319030,0.0001528562,0.0001847592
0.6708333333,0.0000317183,0.0001539003,0.0001856186
0.6710000000,0.0000315531,0.0001549296,0.0001864827
0.6711666667,0.0000314079,0.0001559444,0.0001873522
0.6713333333,0.0000312832,0.0001569445,0.0001882277
0.6715000000,0.0000311796,0.0001579293,0.0001891089
0.6716666667,0.0000310976,0.0001588974,0.0001899950
0.6718333333,0.0000310377,0.0001598473,0.0001908850
0.6720000000,0.0000310005,0.0001607773,0.0001917778
0.6721666667,0.0000309864,0.0001616865,0.0001926729
0.6723333333,0.0000309958,0.0001625743,0.0001935701
0.6725000000,0.0000310294,0.0001634404,0.0001944698
0.6726666667,0.0000310874,0.0001642851,0.0001953725
0.6728333333,0.0000311703,0.0001651082,0.0001962786
0.6730000000,0.0000312787,0.0001659096,0.0001971883
0.6731666667,0.0000314129,0.0001666884,0.0001981013
0.6733333333,0.0000315735,0.0001674434,0.0001990169
0.6735000000,0.0000317609,0.0001681736,0.0001999344
0.6736666667,0.0000319754,0.0001688781,0.0002008535
0.6738333333,0.0000322176,0.0001695565,0.0002017742
0.6740000000,0.0000324878,0.0001702087,0.0002026965
0.6741666667,0.0000327863,0.0001708340,0.0002036203
0.6743333333,0.0000331136,0.0001714313,0.0002045449
0.6745000000,0.0000334699,0.0001719995,0.0002054694
0.6746666667,0.0000338556,0.0001725378,0.0002063934
0.6748333333,0.0000342711,0.0001730461,0.0002073172
0.6750000000,0.0000347167,0.0001735247,0.0002082414
0.6751666667,0.0000351927,0.0001739738,0.0002091666
0.6753333333,0.0000356995,0.0001743932,0.0002100927
0.6755000000,0.0000362374,0.0001747819,0.0002110192
0.6756666667,0.0000368065,0.0001751388,0.0002119453
0.6758333333,0.0000374072,0.0001754632,0.0002128704
0.6760000000,0.0000380396,0.0001757548,0.0002137944
0.6761666667,0.0000387040,0.0001760131,0.0002147171
0.6763333333,0.0000394006,0.0001762375,0.0002156381
0.6765000000,0.0000401296,0.0001764269,0.0002165565
0.6766666667,0.0000408912,0.0001765808,0.0002174720
0.6768333333,0.0000416855,0.0001766991,0.0002183846
0.6770000000,0.0000425128,0.0001767825,0.0002192953
0.6771666667,0.0000433732,0.0001768316,0.0002202048
0.6773333333,0.0000442667,0.0001768467,0.0002211134
0.6775000000,0.0000451935,0.0001768268,0.0002220203
0.6776666667,0.0000461537,0.0001767706,0.0002229243
0.6778333333,0.0000471472,0.0001766771,0.0002238243
0.6780000000,0.0000481741,0.0001765458,0.0002247199
0.6781666667,0.0000492346,0.0001763769,0.0002256115
0.6783333333,0.0000503285,0.0001761707,0.0002264992
0.6785000000,0.0000514559,0.0001759272,0.0002273831
0.6786666667,0.0000526169,0.0001756458,0.0002282627
0.6788333333,0.0000538113,0.0001753264,0.0002291376
0.6790000000,0.0000550390,0.0001749689,0.0002300079
0.6791666667,0.0000563001,0.0001745737,0.0002308738
0.6793333333,0.0000575943,0.0001741412,0.0002317355
0.6795000000,0.0000589216,0.0001736713,0.0002325929
0.6796666667,0.0000602818,0.0001731637,0.0002334455
0.6798333333,0.0000616748,0.0001726179,0.0002342927
0.6800000000,0.0000631004,0.0001720339,0.0002351343
0.6801666667,0.0000645584,0.0001714117,0.0002359701
0.6803333333,0.0000660487,0.0001707512,0.0002367999
0.6805000000,0.0000675710,0.0001700521,0.0002376231
0.6806666667,0.0000691251,0.0001693141,0.0002384392
0.6808333333,0.0000707105,0.0001685373,0.0002392478
0.6810000000,0.0000723271,0.0001677227,0.0002400498
0.6811666667,0.0000739745,0.0001668716,0.0002408461
0.6813333333,0.0000756525,0.0001659849,0.0002416374
0.6815000000,0.0000773606,0.0001650626,0.0002424232
0.6816666667,0.0000790986,0.0001641039,0.0002432025
0.6818333333,0.0000808661,0.0001631077,0.0002439738
0.6820000000,0.0000826626,0.0001620737,0.0002447363
0.6821666667,0.0000844877,0.0001610025,0.0002454902
0.6823333333,0.0000863410,0.0001598952,0.0002462362
0.6825000000,0.0000882220,0.0001587530,0.0002469750
0.6826666667,0.0000901301,0.0001575763,0.0002477064
0.6828333333,0.0000920650,0.0001563649,0.0002484299
0.6830000000,0.0000940260,0.0001551190,0.0002491451
0.6831666667,0.0000960128,0.0001538391,0.0002498519
0.6833333333,0.0000980247,0.0001525261,0.0002505508
0.6835000000,0.0001000611,0.0001511811,0.0002512422
0.6836666667,0.0001021215,0.0001498043,0.0002519258
0.6838333333,0.0001042052,0.0001483957,0.0002526009
0.6840000000,0.0001063116,0.0001469551,0.0002532667
0.6841666667,0.0001084401,0.0001454828,0.0002539229
0.6843333333,0.0001105899,0.0001439796,0.0002545695
0.6845000000,0.0001127605,0.0001424466,0.0002552071
0.6846666667,0.0001149511,0.0001408848,0.0002558359
0.6848333333,0.0001171610,0.0001392948,0.0002564558
0.6850000000,0.0001193895,0.0001376771,0.0002570666
0.6851666667,0.0001216359,0.0001360324,0.0002576683
0.6853333333,0.0001238993,0.0001343616,0.0002582608
0.6855000000,0.0001261790,0.0001326657,0.0002588447
0.6856666667,0.0001284742,0.0001309457,0.0002594198
0.6858333333,0.0001307840,0.0001292018,0.0002599858
0.6860000000,0.0001331078,0.0001274343,0.0002605420
0.6861666667,0.0001354446,0.0001256432,0.0002610878
0.6863333333,0.0001377937,0.0001238292,0.0002616229
0.6865000000,0.0001401540,0.0001219937,0.0002621477
0.6866666667,0.0001425248,0.0001201382,0.0002626630
0.6868333333,0.0001449051,0.0001182641,0.0002631692
0.6870000000,0.0001472940,0.0001163728,0.0002636668
0.6871666667,0.0001496907,0.0001144648,0.0002641554
0.6873333333,0.0001520941,0.0001125406,0.0002646348
0.6875000000,0.0001545035,0.0001106008,0.0002651042
0.6876666667,0.0001569177,0.0001086458,0.0002655636
0.6878333333,0.0001593360,0.0001066766,0.0002660126
0.6880000000,0.0001617573,0.0001046943,0.0002664515
0.6881666667,0.0001641805,0.0001027001,0.0002668806
0.6883333333,0.0001666047,0.0001006955,0.0002673001
0.6885000000,0.0001690289,0.0000986813,0.0002677102
0.6886666667,0.0001714521,0.0000966587,0.0002681107
0.6888333333,0.0001738732,0.0000946285,0.0002685017
0.6890000000,0.0001762914,0.0000925917,0.0002688831
0.6891666667,0.0001787055,0.0000905496,0.0002692551
0.6893333333,0.0001811145,0.0000885033,0.0002696179
0.6895000000,0.0001835174,0.0000864542,0.0002699716
0.6896666667,0.0001859130,0.0000844031,0.0002703161
0.6898333333,0.0001883004,0.0000823508,0.0002706512
0.6900000000,0.0001906785,0.0000802980,0.0002709766
0.6901666667,0.0001930462,0.0000782458,0.0002712920
0.6903333333,0.0001954025,0.0000761953,0.0002715978
0.6905000000,0.0001977463,0.0000741481,0.0002718944
0.6906666667,0.0002000765,0.0000721058,0.0002721823
0.6908333333,0.0002023921,0.0000700698,0.0002724618
0.6910000000,0.0002046919,0.0000680412,0.0002727330
0.6911666667,0.0002069749,0.0000660209,0.0002729958
0.6913333333,0.0002092400,0.0000640100,0.0002732499
0.6915000000,0.0002114861,0.0000620091,0.0002734952
0.6916666667,0.0002137123,0.0000600195,0.0002737317
0.6918333333,0.0002159174,0.0000580420,0.0002739594
0.6920000000,0.0002181003,0.0000560781,0.0002741784
0.6921666667,0.0002202599,0.0000541292,0.0002743891
0.6923333333,0.0002223952,0.0000521965,0.0002745917
0.6925000000,0.0002245052,0.0000502815,0.0002747867
0.6926666667,0.0002265886,0.0000483855,0.0002749741
0.6928333333,0.0002286446,0.0000465096,0.0002751542
0.6930000000,0.0002306721,0.0000446547,0.0002753268
0.6931666667,0.0002326700,0.0000428218,0.0002754918
0.6933333333,0.0002346373,0.0000410121,0.0002756494
0.6935000000,0.0002365730,0.0000392266,0.0002757996
0.6936666667,0.0002384760,0.0000374665,0.0002759426
0.6938333333,0.0002403453,0.0000357331,0.0002760785
0.6940000000,0.0002421800,0.0000340276,0.0002762075
0.6941666667,0.0002439789,0.0000323510,0.0002763299
0.6943333333,0.0002457411,0.0000307047,0.0002764459
0.6945000000,0.0002474658,0.0000290898,0.0002765556
0.6946666667,0.0002491518,0.0000275076,0.0002766594
0.6948333333,0.0002507983,0.0000259590,0.0002767573
0.6950000000,0.0002524043,0.0000244451,0.0002768494
0.6951666667,0.0002539689,0.0000229670,0.0002769359
0.6953333333,0.0002554911,0.0000215257,0.0002770168
0.6955000000,0.0002569701,0.0000201222,0.0002770923
0.6956666667,0.0002584050,0.0000187575,0.0002771625
0.6958333333,0.0002597949,0.0000174327,0.0002772276
0.6960000000,0.0002611390,0.0000161488,0.0002772878
0.6961666667,0.0002624363,0.0000149069,0.0002773432
0.6963333333,0.0002636862,0.0000137081,0.0002773943
0.6965000000,0.0002648877,0.0000125536,0.0002774413
0.6966666667,0.0002660401,0.0000114445,0.0002774846
0.6968333333,0.0002671427,0.0000103816,0.0002775243
0.6970000000,0.0002681947,0.0000093655,0.0002775602
0.6971666667,0.0002691955,0.0000083970,0.0002775925
0.6973333333,0.0002701442,0.0000074770,0.0002776212
0.6975000000,0.0002710402,0.0000066064,0.0002776466
0.6976666667,0.0002718828,0.0000057862,0.0002776690
0.6978333333,0.0002726714,0.0000050175,0.0002776889
0.6980000000,0.0002734054,0.0000043011,0.0002777064
0.6981666667,0.0002740842,0.0000036376,0.0002777218
0.6983333333,0.0002747073,0.0000030276,0.0002777349
0.6985000000,0.0002752742,0.0000024719,0.0002777460
0.6986666667,0.0002757843,0.0000019710,0.0002777553
0.6988333333,0.0002762371,0.0000015258,0.0002777630
0.6990000000,0.0002766323,0.0000011369,0.0002777692
0.6991666667,0.0002769695,0.0000008046,0.0002777741
0.6993333333,0.0002772483,0.0000005296,0.0002777779
0.6995000000,0.0002774685,0.0000003122,0.0002777806
0.6996666667,0.0002776296,0.0000001528,0.0002777824
0.6998333333,0.0002777315,0.0000000520,0.0002777834
0.7000000000,0.0002777740,0.0000000098,0.0002777838
0.7001666667,0.0002777569,0.0000000266,0.0002777835
0.7003333333,0.0002776802,0.0000001025,0.0002777827
0.7005000000,0.0002775439,0.0000002374,0.0002777814
0.7006666667,0.0002773480,0.0000004315,0.0002777795
0.7008333333,0.0002770926,0.0000006846,0.0002777772
0.7010000000,0.0002767778,0.0000009965,0.0002777744
0.7011666667,0.0002764039,0.0000013671,0.0002777710
0.7013333333,0.0002759710,0.0000017960,0.0002777670
0.7015000000,0.0002754795,0.0000022827,0.0002777622
0.7016666667,0.0002749298,0.0000028268,0.0002777566
0.7018333333,0.0002743224,0.0000034275,0.0002777499
0.7020000000,0.0002736577,0.0000040841,0.0002777418
0.7021666667,0.0002729365,0.0000047956,0.0002777321
0.7023333333,0.0002721593,0.0000055613,0.0002777206
0.7025000000,0.0002713268,0.0000063803,0.0002777071
0.7026666667,0.0002704397,0.0000072517,0.0002776914
0.7028333333,0.0002694988,0.0000081745,0.0002776733
0.7030000000,0.0002685049,0.0000091475,0.0002776524
0.7031666667,0.0002674589,0.0000101695,0.0002776283
0.7033333333,0.0002663616,0.0000112389,0.0002776005
0.7035000000,0.0002652138,0.0000123545,0.0002775683
0.7036666667,0.0002640165,0.0000135151,0.0002775316
0.7038333333,0.0002627706,0.0000147193,0.0002774899
0.7040000000,0.0002614770,0.0000159661,0.0002774431
0.7041666667,0.0002601366,0.0000172542,0.0002773908
0.7043333333,0.0002587502,0.0000185825,0.0002773328
0.7045000000,0.0002573188,0.0000199497,0.0002772685
0.7046666667,0.0002558433,0.0000213545,0.0002771978
0.7048333333,0.0002543245,0.0000227959,0.0002771204
0.7050000000,0.0002527632,0.0000242727,0.0002770359
0.7051666667,0.0002511604,0.0000257839,0.0002769443
0.7053333333,0.0002495170,0.0000273281,0.0002768452
0.7055000000,0.0002478339,0.0000289045,0.0002767384
0.7056666667,0.0002461121,0.0000305118,0.0002766239
0.7058333333,0.0002443525,0.0000321493,0.0002765018
0.7060000000,0.0002425560,0.0000338160,0.0002763720
0.7061666667,0.0002407237,0.0000355108,0.0002762345
0.7063333333,0.0002388566,0.0000372330,0.0002760896
0.7065000000,0.0002369557,0.0000389817,0.0002759374
0.7066666667,0.0002350221,0.0000407561,0.0002757782
0.7068333333,0.0002330568,0.0000425553,0.0002756121
0.7070000000,0.0002310611,0.0000443783,0.0002754393
0.7071666667,0.0002290358,0.0000462238,0.0002752596
0.7073333333,0.0002269821,0.0000480905,0.0002750726
0.7075000000,0.0002249010,0.0000499775,0.0002748785
0.7076666667,0.0002227937,0.0000518838,0.0002746775
0.7078333333,0.0002206611,0.0000538091,0.0002744702
0.7080000000,0.0002185042,0.0000557529,0.0002742571
0.7081666667,0.0002163241,0.0000577143,0.0002740384
0.7083333333,0.0002141217,0.0000596919,0.0002738136
0.7085000000,0.0002118980,0.0000616842,0.0002735821
0.7086666667,0.0002096539,0.0000636894,0.0002733433
0.7088333333,0.0002073905,0.0000657064,0.0002730969
0.7090000000,0.0002051088,0.0000677341,0.0002728430
0.7091666667,0.0002028100,0.0000697714,0.0002725814
0.7093333333,0.0002004949,0.0000718170,0.0002723119
0.7095000000,0.0001981648,0.0000738692,0.0002720340
0.7096666667,0.0001958207,0.0000759263,0.0002717470
0.7098333333,0.0001934637,0.0000779870,0.0002714507
0.7100000000,0.0001910951,0.0000800499,0.0002711449
0.7101666667,0.0001887158,0.0000821135,0.0002708293
0.7103333333,0.0001863271,0.0000841764,0.0002705035
0.7105000000,0.0001839299,0.0000862368,0.0002701667
0.7106666667,0.0001815255,0.0000882929,0.0002698185
0.7108333333,0.0001791149,0.0000903435,0.0002694584
0.7110000000,0.0001766991,0.0000923875,0.0002690866
0.7111666667,0.0001742791,0.0000944244,0.0002687035
0.7113333333,0.0001718560,0.0000964533,0.0002683093
0.7115000000,0.0001694308,0.0000984735,0.0002679043
0.7116666667,0.0001670044,0.0001004840,0.0002674883
0.7118333333,0.0001645779,0.0001024839,0.0002670617
0.7120000000,0.0001621522,0.0001044727,0.0002666249
0.7121666667,0.0001597284,0.0001064498,0.0002661782
0.7123333333,0.0001573075,0.0001084146,0.0002657221
0.7125000000,0.0001548905,0.0001103663,0.0002652568
0.7126666667,0.0001524784,0.0001123038,0.0002647822
0.7128333333,0.0001500722,0.0001142265,0.0002642986
0.7130000000,0.0001476727,0.0001161337,0.0002638065
0.7131666667,0.0001452810,0.0001180254,0.0002633064
0.7133333333,0.0001428979,0.0001199011,0.0002627991
0.7135000000,0.0001405243,0.0001217605,0.0002622848
0.7136666667,0.0001381611,0.0001236024,0.0002617635
0.7138333333,0.0001358089,0.0001254256,0.0002612345
0.7140000000,0.0001334687,0.0001272285,0.0002606972
0.7141666667,0.0001311413,0.0001290096,0.0002601509
0.7143333333,0.0001288275,0.0001307675,0.0002595950
0.7145000000,0.0001265282,0.0001325013,0.0002590294
0.7146666667,0.0001242441,0.0001342102,0.0002584543
0.7148333333,0.0001219762,0.0001358936,0.0002578698
0.7150000000,0.0001197253,0.0001375508,0.0002572761
0.7151666667,0.0001174921,0.0001391805,0.0002566726
0.7153333333,0.0001152774,0.0001407811,0.0002560585
0.7155000000,0.0001130820,0.0001423511,0.0002554331
0.7156666667,0.0001109065,0.0001438894,0.0002547959
0.7158333333,0.0001087518,0.0001453955,0.0002541473
0.7160000000,0.0001066184,0.0001468696,0.0002534880
0.7161666667,0.0001045071,0.0001483117,0.0002528188
0.7163333333,0.0001024183,0.0001497216,0.0002521399
0.7165000000,0.0001003528,0.0001510988,0.0002514515
0.7166666667,0.0000983111,0.0001524427,0.0002507538
0.7168333333,0.0000962940,0.0001537535,0.0002500475
0.7170000000,0.0000943019,0.0001550316,0.0002493335
0.7171666667,0.0000923355,0.0001562776,0.0002486131
0.7173333333,0.0000903953,0.0001574913,0.0002478866
0.7175000000,0.0000884819,0.0001586719,0.0002471538
0.7176666667,0.0000865957,0.0001598186,0.0002464143
0.7178333333,0.0000847372,0.0001609308,0.0002456680
0.7180000000,0.0000829068,0.0001620085,0.0002449153
0.7181666667,0.0000811050,0.0001630519,0.0002441569
0.7183333333,0.0000793321,0.0001640611,0.0002433932
0.7185000000,0.0000775885,0.0001650354,0.0002426239
0.7186666667,0.0000758747,0.0001659739,0.0002418486
0.7188333333,0.0000741909,0.0001668756,0.0002410665
0.7190000000,0.0000725376,0.0001677399,0.0002402774
0.7191666667,0.0000709151,0.0001685658,0.0002394809
0.7193333333,0.0000693238,0.0001693527,0.0002386764
0.7195000000,0.0000677640,0.0001700995,0.0002378635
0.7196666667,0.0000662359,0.0001708058,0.0002370417
0.7198333333,0.0000647399,0.0001714716,0.0002362114
0.7200000000,0.0000632761,0.0001720976,0.0002353737
0.7201666667,0.0000618447,0.0001726849,0.0002345296
0.7203333333,0.0000604460,0.0001732339,0.0002336799
0.7205000000,0.0000590800,0.0001737444,0.0002328244
0.7206666667,0.0000577469,0.0001742160,0.0002319630
0.7208333333,0.0000564469,0.0001746485,0.0002310954
0.7210000000,0.0000551802,0.0001750425,0.0002302226
0.7211666667,0.0000539467,0.0001753990,0.0002293457
0.7213333333,0.0000527468,0.0001757192,0.0002284659
0.7215000000,0.0000515803,0.0001760036,0.0002275838
0.7216666667,0.0000504473,0.0001762522,0.0002266995
0.7218333333,0.0000493480,0.0001764650,0.0002258130
0.7220000000,0.0000482821,0.0001766424,0.0002249245
0.7221666667,0.0000472497,0.0001767846,0.0002240343
0.7223333333,0.0000462508,0.0001768916,0.0002231424
0.7225000000,0.0000452853,0.0001769626,0.0002222479
0.7226666667,0.0000443531,0.0001769967,0.0002213498
0.7228333333,0.0000434542,0.0001769934,0.0002204476
0.7230000000,0.0000425885,0.0001769528,0.0002195414
0.7231666667,0.0000417560,0.0001768757,0.0002186317
0.7233333333,0.0000409564,0.0001767628,0.0002177192
0.7235000000,0.0000401898,0.0001766139,0.0002168037
0.7236666667,0.0000394558,0.0001764287,0.0002158846
0.7238333333,0.0000387543,0.0001762073,0.0002149616
0.7240000000,0.0000380851,0.0001759504,0.0002140355
0.7241666667,0.0000374479,0.0001756596,0.0002131074
0.7243333333,0.0000368425,0.0001753361,0.0002121786
0.7245000000,0.0000362687,0.0001749806,0.0002112493
0.7246666667,0.0000357263,0.0001745931,0.0002103194
0.7248333333,0.0000352149,0.0001741736,0.0002093885
0.7250000000,0.0000347344,0.0001737231,0.0002084575
0.7251666667,0.0000342844,0.0001732437,0.0002075281
0.7253333333,0.0000338647,0.0001727372,0.0002066019
0.7255000000,0.0000334748,0.0001722048,0.0002056796
0.7256666667,0.0000331145,0.0001716459,0.0002047604
0.7258333333,0.0000327833,0.0001710593,0.0002038425
0.7260000000,0.0000324809,0.0001704439,0.0002029248
0.7261666667,0.0000322069,0.0001697999,0.0002020068
0.7263333333,0.0000319609,0.0001691286,0.0002010895
0.7265000000,0.0000317427,0.0001684312,0.0002001739
0.7266666667,0.0000315518,0.0001677084,0.0001992601
0.7268333333,0.0000313877,0.0001669601,0.0001983478
0.7270000000,0.0000312501,0.0001661862,0.0001974363
0.7271666667,0.0000311386,0.0001653868,0.0001965253
0.7273333333,0.0000310525,0.0001645627,0.0001956152
0.7275000000,0.0000309916,0.0001637151,0.0001947067
0.7276666667,0.0000309552,0.0001628451,0.0001938003
0.7278333333,0.0000309430,0.0001619536,0.0001928965
0.7280000000,0.0000309544,0.0001610415,0.0001919959
0.7281666667,0.0000309890,0.0001601101,0.0001910990
0.7283333333,0.0000310463,0.0001591608,0.0001902070
0.7285000000,0.0000311258,0.0001581950,0.0001893208
0.7286666667,0.0000312270,0.0001572136,0.0001884406
0.7288333333,0.0000313495,0.0001562171,0.0001875666
0.7290000000,0.0000314926,0.0001552056,0.0001866982
0.7291666667,0.0000316559,0.0001541794,0.0001858353
0.7293333333,0.0000318387,0.0001531389,0.0001849776
0.7295000000,0.0000320406,0.0001520844,0.0001841250
0.7296666667,0.0000322611,0.0001510162,0.0001832772
0.7298333333,0.0000324996,0.0001499345,0.0001824341
0.7300000000,0.0000327556,0.0001488398,0.0001815954
0.7301666667,0.0000330285,0.0001477327,0.0001807612
0.7303333333,0.0000333179,0.0001466141,0.0001799320
0.7305000000,0.0000336231,0.0001454849,0.0001791079
0.7306666667,0.0000339435,0.0001443456,0.0001782891
0.7308333333,0.0000342787,0.0001431970,0.0001774757
0.7310000000,0.0000346280,0.0001420399,0.0001766678
0.7311666667,0.0000349908,0.0001408752,0.0001758660
0.7313333333,0.0000353667,0.0001397042,0.0001750709
0.7315000000,0.0000357551,0.0001385282,0.0001742833
0.7316666667,0.0000361554,0.0001373484,0.0001735038
0.7318333333,0.0000365672,0.0001361658,0.0001727330
0.7320000000,0.0000369899,0.0001349813,0.0001719712
0.7321666667,0.0000374228,0.0001337958,0.0001712186
0.7323333333,0.0000378655,0.0001326096,0.0001704751
0.7325000000,0.0000383174,0.0001314226,0.0001697400
0.7326666667,0.0000387779,0.0001302344,0.0001690123
0.7328333333,0.0000392466,0.0001290449,0.0001682915
0.7330000000,0.0000397229,0.0001278545,0.0001675774
0.7331666667,0.0000402063,0.0001266642,0.0001668706
0.7333333333,0.0000406962,0.0001254753,0.0001661716
0.7335000000,0.0000411922,0.0001242886,0.0001654808
0.7336666667,0.0000416937,0.0001231046,0.0001647982
0.7338333333,0.0000422001,0.0001219233,0.0001641234
0.7340000000,0.0000427110,0.0001207450,0.0001634560
0.7341666667,0.0000432258,0.0001195705,0.0001627963
0.7343333333,0.0000437440,0.0001184009,0.0001621449
0.7345000000,0.0000442651,0.0001172378,0.0001615029
0.7346666667,0.0000447888,0.0001160821,0.0001608709
0.7348333333,0.0000453144,0.0001149348,0.0001602492
0.7350000000,0.0000458417,0.0001137964,0.0001596380
0.7351666667,0.0000463700,0.0001126673,0.0001590373
0.7353333333,0.0000468989,0.0001115478,0.0001584467
0.7355000000,0.0000474280,0.0001104380,0.0001578661
0.7356666667,0.0000479569,0.0001093382,0.0001572951
0.7358333333,0.0000484851,0.0001082482,0.0001567333
0.7360000000,0.0000490122,0.0001071683,0.0001561804
0.7361666667,0.0000495378,0.0001060986,0.0001556363
0.7363333333,0.0000500614,0.0001050395,0.0001551009
0.7365000000,0.0000505828,0.0001039913,0.0001545741
0.7366666667,0.0000511015,0.0001029544,0.0001540559
0.7368333333,0.0000516170,0.0001019295,0.0001535465
0.7370000000,0.0000521291,0.0001009174,0.0001530465
0.7371666667,0.0000526373,0.0000999191,0.0001525564
0.7373333333,0.0000531413,0.0000989351,0.0001520764
0.7375000000,0.0000536408,0.0000979658,0.0001516066
0.7376666667,0.0000541355,0.0000970112,0.0001511467
0.7378333333,0.0000546250,0.0000960716,0.0001506966
0.7380000000,0.0000551092,0.0000951472,0.0001502564
0.7381666667,0.0000555876,0.0000942391,0.0001498267
0.7383333333,0.0000560599,0.0000933480,0.0001494079
0.7385000000,0.0000565260,0.0000924740,0.0001490000
0.7386666667,0.0000569855,0.0000916168,0.0001486024
0.7388333333,0.0000574383,0.0000907758,0.0001482141
0.7390000000,0.0000578841,0.0000899503,0.0001478344
0.7391666667,0.0000583227,0.0000891402,0.0001474629
0.7393333333,0.0000587538,0.0000883459,0.0001470997
0.7395000000,0.0000591772,0.0000875681,0.0001467454
0.7396666667,0.0000595928,0.0000868073,0.0001464001
0.7398333333,0.0000600003,0.0000860636,0.0001460639
0.7400000000,0.0000603995,0.0000853375,0.0001457370
0.7401666667,0.0000607903,0.0000846291,0.0001454194
0.7403333333,0.0000611726,0.0000839387,0.0001451113
0.7405000000,0.0000615462,0.0000832666,0.0001448129
0.7406666667,0.0000619111,0.0000826128,0.0001445239
0.7408333333,0.0000622672,0.0000819772,0.0001442444
0.7410000000,0.0000626142,0.0000813597,0.0001439739
0.7411666667,0.0000629522,0.0000807603,0.0001437125
0.7413333333,0.0000632811,0.0000801790,0.0001434602
0.7415000000,0.0000636008,0.0000796160,0.0001432168
0.7416666667,0.0000639113,0.0000790710,0.0001429822
0.7418333333,0.0000642125,0.0000785434,0.0001427559
0.7420000000,0.0000645045,0.0000780329,0.0001425374
0.7421666667,0.0000647871,0.0000775391,0.0001423262
0.7423333333,0.0000650605,0.0000770618,0.0001421223
0.7425000000,0.0000653245,0.0000766012,0.0001419257
0.7426666667,0.0000655791,0.0000761575,0.0001417367
0.7428333333,0.0000658245,0.0000757310,0.0001415555
0.7430000000,0.0000660605,0.0000753216,0.0001413821
0.7431666667,0.0000662874,0.0000749292,0.0001412166
0.7433333333,0.0000665051,0.0000745537,0.0001410587
0.7435000000,0.0000667138,0.0000741947,0.0001409085
0.7436666667,0.0000669135,0.0000738523,0.0001407658
0.7438333333,0.0000671043,0.0000735261,0.0001406305
0.7440000000,0.0000672864,0.0000732158,0.0001405022
0.7441666667,0.0000674598,0.0000729209,0.0001403808
0.7443333333,0.0000676247,0.0000726409,0.0001402656
0.7445000000,0.0000677812,0.0000723752,0.0001401564
0.7446666667,0.0000679294,0.0000721235,0.0001400529
0.7448333333,0.0000680696,0.0000718857,0.0001399552
0.7450000000,0.0000682017,0.0000716616,0.0001398634
0.7451666667,0.0000683261,0.0000714512,0.0001397772
0.7453333333,0.0000684428,0.0000712538,0.0001396966
0.7455000000,0.0000685520,0.0000710691,0.0001396211
0.7456666667,0.0000686540,0.0000708965,0.0001395505
0.7458333333,0.0000687488,0.0000707358,0.0001394846
0.7460000000,0.0000688367,0.0000705871,0.0001394238
0.7461666667,0.0000689180,0.0000704501,0.0001393681
0.7463333333,0.0000689929,0.0000703246,0.0001393176
0.7465000000,0.0000690617,0.0000702101,0.0001392718
0.7466666667,0.0000691245,0.0000701059,0.0001392303
0.7468333333,0.0000691815,0.0000700112,0.0001391927
0.7470000000,0.0000692331,0.0000699255,0.0001391586
0.7471666667,0.0000692795,0.0000698483,0.0001391278
0.7473333333,0.0000693209,0.0000697794,0.0001391003
0.7475000000,0.0000693576,0.0000697183,0.0001390759
0.7476666667,0.0000693899,0.0000696645,0.0001390544
0.7478333333,0.0000694179,0.0000696177,0.0001390356
0.7480000000,0.0000694420,0.0000695774,0.0001390194
0.7481666667,0.0000694623,0.0000695433,0.0001390056
0.7483333333,0.0000694792,0.0000695149,0.0001389941
0.7485000000,0.0000694930,0.0000694917,0.0001389847
0.7486666667,0.0000695039,0.0000694733,0.0001389772
0.7488333333,0.0000695121,0.0000694592,0.0001389714
0.7490000000,0.0000695180,0.0000694490,0.0001389670
0.7491666667,0.0000695218,0.0000694421,0.0001389639
0.7493333333,0.0000695237,0.0000694382,0.0001389619
0.7495000000,0.0000695240,0.0000694367,0.0001389607
0.7496666667,0.0000695229,0.0000694372,0.0001389601
0.7498333333,0.0000695207,0.0000694392,0.0001389599
0.7500000000,0.0000695175,0.0000694424,0.0001389599
0.7501666667,0.0000695134,0.0000694464,0.0001389599
0.7503333333,0.0000695088,0.0000694509,0.0001389597
0.7505000000,0.0000695036,0.0000694555,0.0001389591
0.7506666667,0.0000694980,0.0000694600,0.0001389580
0.7508333333,0.0000694920,0.0000694642,0.0001389562
0.7510000000,0.0000694858,0.0000694676,0.0001389534
0.7511666667,0.0000694794,0.0000694699,0.0001389493
0.7513333333,0.0000694728,0.0000694709,0.0001389437
0.7515000000,0.0000694661,0.0000694703,0.0001389364
0.7516666667,0.0000694591,0.0000694680,0.0001389271
0.7518333333,0.0000694519,0.0000694639,0.0001389158
0.7520000000,0.0000694442,0.0000694581,0.0001389024
0.7521666667,0.0000694361,0.0000694506,0.0001388866
0.7523333333,0.0000694273,0.0000694411,0.0001388683
0.7525000000,0.0000694176,0.0000694296,0.0001388472
0.7526666667,0.0000694069,0.0000694162,0.0001388231
0.7528333333,0.0000693951,0.0000694009,0.0001387960
0.7530000000,0.0000693817,0.0000693839,0.0001387657
0.7531666667,0.0000693667,0.0000693653,0.0001387320
0.7533333333,0.0000693499,0.0000693447,0.0001386946
0.7535000000,0.0000693309,0.0000693223,0.0001386532
0.7536666667,0.0000693097,0.0000692980,0.0001386077
0.7538333333,0.0000692861,0.0000692717,0.0001385578
0.7540000000,0.0000692600,0.0000692433,0.0001385034
0.7541666667,0.0000692312,0.0000692128,0.0001384440
0.7543333333,0.0000691997,0.0000691796,0.0001383793
0.7545000000,0.0000691653,0.0000691439,0.0001383092
0.7546666667,0.0000691280,0.0000691057,0.0001382337
0.7548333333,0.0000690879,0.0000690654,0.0001381533
0.7550000000,0.0000690448,0.0000690232,0.0001380680
0.7551666667,0.0000689987,0.0000689789,0.0001379776
0.7553333333,0.0000689497,0.0000689320,0.0001378817
0.7555000000,0.0000688977,0.0000688820,0.0001377797
0.7556666667,0.0000688426,0.0000688286,0.0001376712
0.7558333333,0.0000687845,0.0000687717,0.0001375562
0.7560000000,0.0000687234,0.0000687115,0.0001374349
0.7561666667,0.0000686592,0.0000686479,0.0001373071
0.7563333333,0.0000685918,0.0000685806,0.0001371724
0.7565000000,0.0000685212,0.0000685091,0.0001370303
0.7566666667,0.0000684472,0.0000684333,0.0001368805
0.7568333333,0.0000683698,0.0000683534,0.0001367232
0.7570000000,0.0000682887,0.0000682699,0.0001365586
0.7571666667,0.0000682039,0.0000681829,0.0001363868
0.7573333333,0.0000681153,0.0000680926,0.0001362079
0.7575000000,0.0000680228,0.0000679986,0.0001360214
0.7576666667,0.0000679261,0.0000679010,0.0001358272
0.7578333333,0.0000678254,0.0000677998,0.0001356251
0.7580000000,0.0000677203,0.0000676950,0.0001354154
0.7581666667,0.0000676110,0.0000675868,0.0001351979
0.7583333333,0.0000674975,0.0000674750,0.0001349724
0.7585000000,0.0000673796,0.0000673589,0.0001347385
0.7586666667,0.0000672574,0.0000672383,0.0001344957
0.7588333333,0.0000671310,0.0000671126,0.0001342436
0.7590000000,0.0000670003,0.0000669818,0.0001339821
0.7591666667,0.0000668654,0.0000668459,0.0001337112
0.7593333333,0.0000667261,0.0000667050,0.0001334311
0.7595000000,0.0000665826,0.0000665595,0.0001331421
0.7596666667,0.0000664347,0.0000664100,0.0001328447
0.7598333333,0.0000662823,0.0000662567,0.0001325390
0.7600000000,0.0000661255,0.0000660996,0.0001322251
0.7601666667,0.0000659640,0.0000659385,0.0001319025
0.7603333333,0.0000657978,0.0000657728,0.0001315706
0.7605000000,0.0000656268,0.0000656021,0.0001312289
0.7606666667,0.0000654510,0.0000654264,0.0001308774
0.7608333333,0.0000652704,0.0000652460,0.0001305164
0.7610000000,0.0000650849,0.0000650611,0.0001301460
0.7611666667,0.0000648946,0.0000648715,0.0001297661
0.7613333333,0.0000646994,0.0000646768,0.0001293763
0.7615000000,0.0000644994,0.0000644768,0.0001289762
0.7616666667,0.0000642946,0.0000642713,0.0001285660
0.7618333333,0.0000640851,0.0000640607,0.0001281458
0.7620000000,0.0000638709,0.0000638454,0.0001277163
0.7621666667,0.0000636519,0.0000636255,0.0001272774
0.7623333333,0.0000634282,0.0000634012,0.0001268294
0.7625000000,0.0000631997,0.0000631724,0.0001263722
0.7626666667,0.0000629664,0.0000629394,0.0001259058
0.7628333333,0.0000627283,0.0000627022,0.0001254304
0.7630000000,0.0000624852,0.0000624608,0.0001249459
0.7631666667,0.0000622371,0.0000622145,0.0001244517
0.7633333333,0.0000619842,0.0000619627,0.0001239469
0.7635000000,0.0000617263,0.0000617048,0.0001234311
0.7636666667,0.0000614636,0.0000614408,0.0001229044
0.7638333333,0.0000611960,0.0000611717,0.0001223677
0.7640000000,0.0000609236,0.0000608981,0.0001218218
0.7641666667,0.0000606465,0.0000606206,0.0001212671
0.7643333333,0.0000603647,0.0000603387,0.0001207035
0.7645000000,0.0000600783,0.0000600522,0.0001201305
0.7646666667,0.0000597872,0.0000597610,0.0001195482
0.7648333333,0.0000594916,0.0000594654,0.0001189570
0.7650000000,0.0000591913,0.0000591660,0.0001183573
0.7651666667,0.0000588865,0.0000588627,0.0001177491
0.7653333333,0.0000585769,0.0000585549,0.0001171318
0.7655000000,0.0000582628,0.0000582418,0.0001165046
0.7656666667,0.0000579441,0.0000579231,0.0001158672
0.7658333333,0.0000576209,0.0000575993,0.0001152202
0.7660000000,0.0000572932,0.0000572710,0.0001145641
0.7661666667,0.0000569610,0.0000569387,0.0001138996
0.7663333333,0.0000566245,0.0000566021,0.0001132266
0.7665000000,0.0000562837,0.0000562610,0.0001125447
0.7666666667,0.0000559387,0.0000559151,0.0001118538
0.7668333333,0.0000555896,0.0000555647,0.0001111543
0.7670000000,0.0000552364,0.0000552108,0.0001104472
0.7671666667,0.0000548792,0.0000548540,0.0001097332
0.7673333333,0.0000545179,0.0000544944,0.0001090123
0.7675000000,0.0000541526,0.0000541314,0.0001082840
0.7676666667,0.0000537834,0.0000537644,0.0001075477
0.7678333333,0.0000534102,0.0000533928,0.0001068029
0.7680000000,0.0000530331,0.0000530164,0.0001060495
0.7681666667,0.0000526522,0.0000526353,0.0001052875
0.7683333333,0.0000522677,0.0000522495,0.0001045172
0.7685000000,0.0000518795,0.0000518595,0.0001037390
0.7686666667,0.0000514878,0.0000514659,0.0001029537
0.7688333333,0.0000510927,0.0000510696,0.0001021624
0.7690000000,0.0000506943,0.0000506714,0.0001013657
0.7691666667,0.0000502926,0.0000502710,0.0001005637
0.7693333333,0.0000498877,0.0000498680,0.0000997557
0.7695000000,0.0000494797,0.0000494613,0.0000989410
0.7696666667,0.0000490684,0.0000490507,0.0000981191
0.7698333333,0.0000486541,0.0000486366,0.0000972908
0.7700000000,0.0000482369,0.0000482199,0.0000964568
0.7701666667,0.0000478167,0.0000478010,0.0000956177
0.7703333333,0.0000473937,0.0000473795,0.0000947732
0.7705000000,0.0000469680,0.0000469546,0.0000939226
0.7706666667,0.0000465397,0.0000465256,0.0000930653
0.7708333333,0.0000461090,0.0000460929,0.0000922019
0.7710000000,0.0000456759,0.0000456577,0.0000913336
0.7711666667,0.0000452404,0.0000452212,0.0000904616
0.7713333333,0.0000448028,0.0000447837,0.0000895865
0.7715000000,0.0000443630,0.0000443449,0.0000887079
0.7716666667,0.0000439211,0.0000439044,0.0000878255
0.7718333333,0.0000434772,0.0000434618,0.0000869390
0.7720000000,0.0000430314,0.0000430174,0.0000860487
0.7721666667,0.0000425837,0.0000425715,0.0000851552
0.7723333333,0.0000421343,0.0000421240,0.0000842583
0.7725000000,0.0000416833,0.0000416743,0.0000833576
0.7726666667,0.0000412308,0.0000412217,0.0000824525
0.7728333333,0.0000407769,0.0000407661,0.0000815431
0.7730000000,0.0000403218,0.0000403085,0.0000806303
0.7731666667,0.0000398655,0.0000398500,0.0000797155
0.7733333333,0.0000394081,0.0000393917,0.0000787998
0.7735000000,0.0000389497,0.0000389339,0.0000778836
0.7736666667,0.0000384904,0.0000384762,0.0000769665
0.7738333333,0.0000380302,0.0000380178,0.0000760480
0.7740000000,0.0000375692,0.0000375586,0.0000751278
0.7741666667,0.0000371075,0.0000370985,0.0000742060
0.7743333333,0.0000366454,0.0000366376,0.0000732830
0.7745000000,0.0000361829,0.0000361759,0.0000723588
0.7746666667,0.0000357201,0.0000357133,0.0000714334
0.7748333333,0.0000352571,0.0000352498,0.0000705069
0.7750000000,0.0000347941,0.0000347856,0.0000695797
0.7751666667,0.0000343310,0.0000343214,0.0000686524
0.7753333333,0.0000338681,0.0000338576,0.0000677257
0.7755000000,0.0000334053,0.0000333946,0.0000667998
0.7756666667,0.0000329428,0.0000329322,0.0000658749
0.7758333333,0.0000324806,0.0000324704,0.0000649510
0.7760000000,0.0000320189,0.0000320092,0.0000640282
0.7761666667,0.0000315579,0.0000315491,0.0000631070
0.7763333333,0.0000310975,0.0000310904,0.0000621878
0.7765000000,0.0000306380,0.0000306329,0.0000612709
0.7766666667,0.0000301794,0.0000301764,0.0000603557
0.7768333333,0.0000297218,0.0000297199,0.0000594418
0.7770000000,0.0000292654,0.0000292631,0.0000585285
0.7771666667,0.0000288102,0.0000288059,0.0000576161
0.7773333333,0.0000283562,0.0000283493,0.0000567055
0.7775000000,0.0000279035,0.0000278944,0.0000557980
0.7776666667,0.0000274524,0.0000274424,0.0000548948
0.7778333333,0.0000270028,0.0000269937,0.0000539965
0.7780000000,0.0000265549,0.0000265479,0.0000531028
0.7781666667,0.0000261088,0.0000261043,0.0000522131
0.7783333333,0.0000256646,0.0000256620,0.0000513266
0.7785000000,0.0000252224,0.0000252207,0.0000504431
0.7786666667,0.0000247823,0.0000247806,0.0000495629
0.7788333333,0.0000243444,0.0000243424,0.0000486868
0.7790000000,0.0000239086,0.0000239065,0.0000478151
0.7791666667,0.0000234752,0.0000234729,0.0000469481
0.7793333333,0.0000230441,0.0000230414,0.0000460855
0.7795000000,0.0000226156,0.0000226120,0.0000452275
0.7796666667,0.0000221896,0.0000221850,0.0000443746
0.7798333333,0.0000217663,0.0000217610,0.0000435273
0.7800000000,0.0000213458,0.0000213406,0.0000426865
0.7801666667,0.0000209282,0.0000209240,0.0000418522
0.7803333333,0.0000205136,0.0000205108,0.0000410243
0.7805000000,0.0000201019,0.0000201005,0.0000402024
0.7806666667,0.0000196933,0.0000196929,0.0000393862
0.7808333333,0.0000192879,0.0000192880,0.0000385759
0.7810000000,0.0000188856,0.0000188861,0.0000377717
0.7811666667,0.0000184867,0.0000184873,0.0000369740
0.7813333333,0.0000180912,0.0000180915,0.0000361827
0.7815000000,0.0000176991,0.0000176987,0.0000353978
0.7816666667,0.0000173106,0.0000173089,0.0000346195
0.7818333333,0.0000169257,0.0000169226,0.0000338483
0.7820000000,0.0000165445,0.0000165405,0.0000330850
0.7821666667,0.0000161670,0.0000161630,0.0000323300
0.7823333333,0.0000157933,0.0000157903,0.0000315837
0.7825000000,0.0000154235,0.0000154223,0.0000308458
0.7826666667,0.0000150575,0.0000150585,0.0000301159
0.7828333333,0.0000146955,0.0000146981,0.0000293936
0.7830000000,0.0000143376,0.0000143409,0.0000286784
0.7831666667,0.0000139837,0.0000139866,0.0000279704
0.7833333333,0.0000136341,0.0000136355,0.0000272696
0.7835000000,0.0000132887,0.0000132882,0.0000265768
0.7836666667,0.0000129474,0.0000129453,0.0000258928
0.7838333333,0.0000126105,0.0000126077,0.0000252182
0.7840000000,0.0000122779,0.0000122754,0.0000245533
0.7841666667,0.0000119496,0.0000119483,0.0000238980
0.7843333333,0.0000116258,0.0000116258,0.0000232516
0.7845000000,0.0000113064,0.0000113073,0.0000226138
0.7846666667,0.0000109916,0.0000109929,0.0000219845
0.7848333333,0.0000106813,0.0000106827,0.0000213640
0.7850000000,0.0000103757,0.0000103772,0.0000207529
0.7851666667,0.0000100746,0.0000100765,0.0000201511
0.7853333333,0.0000097783,0.0000097802,0.0000195585
0.7855000000,0.0000094865,0.0000094881,0.0000189747
0.7856666667,0.0000091994,0.0000092002,0.0000183997
0.7858333333,0.0000089170,0.0000089167,0.0000178338
0.7860000000,0.0000086393,0.0000086382,0.0000172775
0.7861666667,0.0000083665,0.0000083649,0.0000167314
0.7863333333,0.0000080984,0.0000080971,0.0000161955
0.7865000000,0.0000078351,0.0000078346,0.0000156698
0.7866666667,0.0000075767,0.0000075773,0.0000151539
0.7868333333,0.0000073230,0.0000073247,0.0000146478
0.7870000000,0.0000070743,0.0000070768,0.0000141511
0.7871666667,0.0000068303,0.0000068333,0.0000136636
0.7873333333,0.0000065912,0.0000065940,0.0000131851
0.7875000000,0.0000063569,0.0000063587,0.0000127156
0.7876666667,0.0000061274,0.0000061278,0.0000122552
0.7878333333,0.0000059028,0.0000059019,0.0000118047
0.7880000000,0.0000056831,0.0000056814,0.0000113645
0.7881666667,0.0000054682,0.0000054666,0.0000109348
0.7883333333,0.0000052581,0.0000052574,0.0000105155
0.7885000000,0.0000050529,0.0000050532,0.0000101061
0.7886666667,0.0000048525,0.0000048537,0.0000097061
0.7888333333,0.0000046568,0.0000046585,0.0000093153
0.7890000000,0.0000044659,0.0000044679,0.0000089338
0.7891666667,0.0000042798,0.0000042818,0.0000085616
0.7893333333,0.0000040985,0.0000041002,0.0000081987
0.7895000000,0.0000039219,0.0000039230,0.0000078449
0.7896666667,0.0000037501,0.0000037503,0.0000075003
0.7898333333,0.0000035828,0.0000035822,0.0000071650
0.7900000000,0.0000034202,0.0000034190,0.0000068392
0.7901666667,0.0000032622,0.0000032610,0.0000065232
0.7903333333,0.0000031087,0.0000031081,0.0000062168
0.7905000000,0.0000029598,0.0000029599,0.0000059197
0.7906666667,0.0000028155,0.0000028161,0.0000056316
0.7908333333,0.0000026756,0.0000026765,0.0000053521
0.7910000000,0.0000025402,0.0000025411,0.0000050813
0.7911666667,0.0000024092,0.0000024100,0.0000048192
0.7913333333,0.0000022825,0.0000022832,0.0000045657
0.7915000000,0.0000021601,0.0000021606,0.0000043207
0.7916666667,0.0000020419,0.0000020422,0.0000040841
0.7918333333,0.0000019279,0.0000019278,0.0000038557
0.7920000000,0.0000018181,0.0000018173,0.0000036354
0.7921666667,0.0000017123,0.0000017110,0.0000034233
0.7923333333,0.0000016107,0.0000016090,0.0000032197
0.7925000000,0.0000015130,0.0000015115,0.0000030245
0.7926666667,0.0000014192,0.0000014185,0.0000028378
0.7928333333,0.0000013294,0.0000013296,0.0000026590
0.7930000000,0.0000012433,0.0000012443,0.0000024876
0.7931666667,0.0000011609,0.0000011621,0.0000023230
0.7933333333,0.0000010823,0.0000010828,0.0000021651
0.7935000000,0.0000010072,0.0000010066,0.0000020138
0.7936666667,0.0000009356,0.0000009340,0.0000018697
0.7938333333,0.0000008676,0.0000008653,0.0000017329
0.7940000000,0.0000008029,0.0000008006,0.0000016035
0.7941666667,0.0000007415,0.0000007396,0.0000014811
0.7943333333,0.0000006834,0.0000006819,0.0000013653
0.7945000000,0.0000006284,0.0000006271,0.0000012555
0.7946666667,0.0000005766,0.0000005751,0.0000011517
0.7948333333,0.0000005277,0.0000005261,0.0000010538
0.7950000000,0.0000004818,0.0000004800,0.0000009618
0.7951666667,0.0000004387,0.0000004368,0.0000008755
0.7953333333,0.0000003984,0.0000003963,0.0000007947
0.7955000000,0.0000003608,0.0000003581,0.0000007189
0.7956666667,0.0000003258,0.0000003224,0.0000006481
0.7958333333,0.0000002932,0.0000002891,0.0000005823
0.7960000000,0.0000002630,0.0000002585,0.0000005215
0.7961666667,0.0000002351,0.0000002304,0.0000004655
0.7963333333,0.0000002095,0.0000002046,0.0000004141
0.7965000000,0.0000001860,0.0000001809,0.0000003669
0.7966666667,0.0000001646,0.0000001592,0.0000003237
0.7968333333,0.0000001451,0.0000001392,0.0000002843
0.7970000000,0.0000001274,0.0000001212,0.0000002486
0.7971666667,0.0000001115,0.0000001049,0.0000002164
0.7973333333,0.0000000972,0.0000000902,0.0000001874
0.7975000000,0.0000000845,0.0000000769,0.0000001613
0.7976666667,0.0000000731,0.0000000649,0.0000001380
0.7978333333,0.0000000631,0.0000000543,0.0000001174
0.7980000000,0.0000000544,0.0000000451,0.0000000995
0.7981666667,0.0000000468,0.0000000373,0.0000000841
0.7983333333,0.0000000402,0.0000000308,0.0000000709
0.7985000000,0.0000000345,0.0000000253,0.0000000598
0.7986666667,0.0000000297,0.0000000207,0.0000000504
0.7988333333,0.0000000256,0.0000000170,0.0000000426
0.7990000000,0.0000000222,0.0000000140,0.0000000362
0.7991666667,0.0000000193,0.0000000118,0.0000000311
0.7993333333,0.0000000169,0.0000000102,0.0000000271
0.7995000000,0.0000000150,0.0000000093,0.0000000242
0.7996666667,0.0000000133,0.0000000090,0.0000000223
0.7998333333,0.0000000118,0.0000000093,0.0000000211
0.8000000000,0.0000000105,0.0000000102,0.0000000207
0.8001666667,0.0000000094,0.0000000115,0.0000000210
0.8003333333,0.0000000085,0.0000000133,0.0000000218
0.8005000000,0.0000000078,0.0000000154,0.0000000231
0.8006666667,0.0000000071,0.0000000179,0.0000000250
0.8008333333,0.0000000067,0.0000000208,0.0000000275
0.8010000000,0.0000000064,0.0000000241,0.0000000305
0.8011666667,0.0000000063,0.0000000278,0.0000000341
0.8013333333,0.0000000066,0.0000000318,0.0000000383
0.8015000000,0.0000000072,0.0000000361,0.0000000433
0.8016666667,0.0000000083,0.0000000408,0.0000000492
0.8018333333,0.0000000102,0.0000000460,0.0000000562
0.8020000000,0.0000000129,0.0000000515,0.0000000644
0.8021666667,0.0000000165,0.0000000575,0.0000000740
0.8023333333,0.0000000212,0.0000000638,0.0000000851
0.8025000000,0.0000000274,0.0000000706,0.0000000980
0.8026666667,0.0000000350,0.0000000781,0.0000001131
0.8028333333,0.0000000445,0.0000000863,0.0000001308
0.8030000000,0.0000000559,0.0000000955,0.0000001514
0.8031666667,0.0000000695,0.0000001059,0.0000001754
0.8033333333,0.0000000855,0.0000001175,0.0000002029
0.8035000000,0.0000001039,0.0000001305,0.0000002344
0.8036666667,0.0000001250,0.0000001451,0.0000002701
0.8038333333,0.0000001489,0.0000001614,0.0000003104
0.8040000000,0.0000001758,0.0000001796,0.0000003553
0.8041666667,0.0000002057,0.0000001997,0.0000004054
0.8043333333,0.0000002387,0.0000002223,0.0000004610
0.8045000000,0.0000002749,0.0000002480,0.0000005229
0.8046666667,0.0000003142,0.0000002773,0.0000005915
0.8048333333,0.0000003567,0.0000003107,0.0000006673
0.8050000000,0.0000004022,0.0000003481,0.0000007503
0.8051666667,0.0000004508,0.0000003897,0.0000008405
0.8053333333,0.0000005023,0.0000004355,0.0000009378
0.8055000000,0.0000005569,0.0000004856,0.0000010425
0.8056666667,0.0000006144,0.0000005405,0.0000011549
0.8058333333,0.0000006748,0.0000006004,0.0000012752
0.8060000000,0.0000007381,0.0000006654,0.0000014035
0.8061666667,0.0000008042,0.0000007353,0.0000015396
0.8063333333,0.0000008733,0.0000008100,0.0000016833
0.8065000000,0.0000009454,0.0000008894,0.0000018348
0.8066666667,0.0000010205,0.0000009738,0.0000019943
0.8068333333,0.0000010988,0.0000010631,0.0000021619
0.8070000000,0.0000011804,0.0000011570,0.0000023375
0.8071666667,0.0000012654,0.0000012549,0.0000025203
0.8073333333,0.0000013539,0.0000013560,0.0000027099
0.8075000000,0.0000014462,0.0000014599,0.0000029060
0.8076666667,0.0000015422,0.0000015665,0.0000031088
0.8078333333,0.0000016423,0.0000016761,0.0000033184
0.8080000000,0.0000017464,0.0000017886,0.0000035350
0.8081666667,0.0000018547,0.0000019036,0.0000037583
0.8083333333,0.0000019672,0.0000020207,0.0000039879
0.8085000000,0.0000020841,0.0000021397,0.0000042238
0.8086666667,0.0000022053,0.0000022610,0.0000044663
0.8088333333,0.0000023308,0.0000023850,0.0000047158
0.8090000000,0.0000024607,0.0000025122,0.0000049729
0.8091666667,0.0000025950,0.0000026425,0.0000052375
0.8093333333,0.0000027337,0.0000027758,0.0000055095
0.8095000000,0.0000028769,0.0000029116,0.0000057885
0.8096666667,0.0000030246,0.0000030502,0.0000060748
0.8098333333,0.0000031769,0.0000031921,0.0000063690
0.8100000000,0.0000033338,0.0000033382,0.0000066720
0.8101666667,0.0000034954,0.0000034893,0.0000069847
0.8103333333,0.0000036618,0.0000036459,0.0000073077
0.8105000000,0.0000038330,0.0000038084,0.0000076414
0.8106666667,0.0000040091,0.0000039768,0.0000079859
0.8108333333,0.0000041901,0.0000041512,0.0000083413
0.8110000000,0.0000043760,0.0000043315,0.0000087075
0.8111666667,0.0000045668,0.0000045178,0.0000090845
0.8113333333,0.0000047625,0.0000047100,0.0000094725
0.8115000000,0.0000049630,0.0000049086,0.0000098716
0.8116666667,0.0000051684,0.0000051137,0.0000102822
0.8118333333,0.0000053786,0.0000053258,0.0000107044
0.8120000000,0.0000055935,0.0000055451,0.0000111386
0.8121666667,0.0000058130,0.0000057712,0.0000115843
0.8123333333,0.0000060372,0.0000060038,0.0000120411
0.8125000000,0.0000062660,0.0000062422,0.0000125083
0.8126666667,0.0000064995,0.0000064859,0.0000129854
0.8128333333,0.0000067376,0.0000067344,0.0000134720
0.8130000000,0.0000069805,0.0000069873,0.0000139678
0.8131666667,0.0000072281,0.0000072443,0.0000144724
0.8133333333,0.0000074806,0.0000075049,0.0000149855
0.8135000000,0.0000077379,0.0000077687,0.0000155065
0.8136666667,0.0000080000,0.0000080353,0.0000160353
0.8138333333,0.0000082670,0.0000083046,0.0000165716
0.8140000000,0.0000085389,0.0000085767,0.0000171156
0.8141666667,0.0000088156,0.0000088517,0.0000176673
0.8143333333,0.0000090971,0.0000091300,0.0000182271
0.8145000000,0.0000093833,0.0000094118,0.0000187951
0.8146666667,0.0000096742,0.0000096973,0.0000193714
0.8148333333,0.0000099697,0.0000099862,0.0000199558
0.8150000000,0.0000102698,0.0000102784,0.0000205482
0.8151666667,0.0000105746,0.0000105741,0.0000211487
0.8153333333,0.0000108839,0.0000108738,0.0000217577
0.8155000000,0.0000111979,0.0000111783,0.0000223763
0.8156666667,0.0000115165,0.0000114888,0.0000230053
0.8158333333,0.0000118396,0.0000118058,0.0000236454
0.8160000000,0.0000121673,0.0000121295,0.0000242968
0.8161666667,0.0000124994,0.0000124597,0.0000249591
0.8163333333,0.0000128359,0.0000127960,0.0000256319
0.8165000000,0.0000131768,0.0000131382,0.0000263150
0.8166666667,0.0000135219,0.0000134863,0.0000270082
0.8168333333,0.0000138711,0.0000138401,0.0000277112
0.8170000000,0.0000142244,0.0000141993,0.0000284237
0.8171666667,0.0000145817,0.0000145633,0.0000291450
0.8173333333,0.0000149429,0.0000149317,0.0000298746
0.8175000000,0.0000153079,0.0000153045,0.0000306124
0.8176666667,0.0000156769,0.0000156816,0.0000313584
0.8178333333,0.0000160497,0.0000160629,0.0000321126
0.8180000000,0.0000164262,0.0000164478,0.0000328741
0.8181666667,0.0000168066,0.0000168350,0.0000336416
0.8183333333,0.0000171906,0.0000172233,0.0000344139
0.8185000000,0.0000175783,0.0000176120,0.0000351903
0.8186666667,0.0000179696,0.0000180014,0.0000359710
0.8188333333,0.0000183644,0.0000183923,0.0000367567
0.8190000000,0.0000187626,0.0000187856,0.0000375482
0.8191666667,0.0000191641,0.0000191817,0.0000383458
0.8193333333,0.0000195689,0.0000195803,0.0000391492
0.8195000000,0.0000199767,0.0000199813,0.0000399581
0.8196666667,0.0000203876,0.0000203849,0.0000407725
0.8198333333,0.0000208016,0.0000207916,0.0000415932
0.8200000000,0.0000212185,0.0000212024,0.0000424209
0.8201666667,0.0000216384,0.0000216178,0.0000432562
0.8203333333,0.0000220610,0.0000220378,0.0000440988
0.8205000000,0.0000224865,0.0000224618,0.0000449483
0.8206666667,0.0000229145,0.0000228895,0.0000458040
0.8208333333,0.0000233451,0.0000233208,0.0000466659
0.8210000000,0.0000237781,0.0000237558,0.0000475339
0.8211666667,0.0000242134,0.0000241951,0.0000484084
0.8213333333,0.0000246509,0.0000246385,0.0000492894
0.8215000000,0.0000250905,0.0000250858,0.0000501762
0.8216666667,0.0000255320,0.0000255362,0.0000510682
0.8218333333,0.0000259755,0.0000259886,0.0000519642
0.8220000000,0.0000264209,0.0000264420,0.0000528628
0.8221666667,0.0000268681,0.0000268951,0.0000537632
0.8223333333,0.0000273170,0.0000273474,0.0000546644
0.8225000000,0.0000277676,0.0000277988,0.0000555664
0.8226666667,0.0000282197,0.0000282497,0.0000564694
0.8228333333,0.0000286733,0.0000287008,0.0000573741
0.8230000000,0.0000291282,0.0000291526,0.0000582807
0.8231666667,0.0000295842,0.0000296052,0.0000591894
0.8233333333,0.0000300414,0.0000300583,0.0000600997
0.8235000000,0.0000304995,0.0000305116,0.0000610111
0.8236666667,0.0000309585,0.0000309650,0.0000619235
0.8238333333,0.0000314183,0.0000314189,0.0000628373
0.8240000000,0.0000318789,0.0000318741,0.0000637529
0.8241666667,0.0000323400,0.0000323310,0.0000646710
0.8243333333,0.0000328018,0.0000327898,0.0000655916
0.8245000000,0.0000332640,0.0000332507,0.0000665147
0.8246666667,0.0000337265,0.0000337137,0.0000674402
0.8248333333,0.0000341892,0.0000341790,0.0000683682
0.8250000000,0.0000346521,0.0000346463,0.0000692984
0.8251666667,0.0000351149,0.0000351154,0.0000702303
0.8253333333,0.0000355775,0.0000355853,0.0000711628
0.8255000000,0.0000360399,0.0000360549,0.0000720948
0.8256666667,0.0000365020,0.0000365232,0.0000730252
0.8258333333,0.0000369638,0.0000369898,0.0000739536
0.8260000000,0.0000374250,0.0000374548,0.0000748798
0.8261666667,0.0000378857,0.0000379181,0.0000758038
0.8263333333,0.0000383457,0.0000383795,0.0000767252
0.8265000000,0.0000388050,0.0000388385,0.0000776434
0.8266666667,0.0000392634,0.0000392949,0.0000785582
0.8268333333,0.0000397207,0.0000397489,0.0000794696
0.8270000000,0.0000401770,0.0000402011,0.0000803780
0.8271666667,0.0000406320,0.0000406519,0.0000812839
0.8273333333,0.0000410856,0.0000411016,0.0000821872
0.8275000000,0.0000415378,0.0000415499,0.0000830877
0.8276666667,0.0000419886,0.0000419965,0.0000839851
0.8278333333,0.0000424377,0.0000424417,0.0000848795
0.8280000000,0.0000428853,0.0000428862,0.0000857714
0.8281666667,0.0000433310,0.0000433306,0.0000866617
0.8283333333,0.0000437749,0.0000437755,0.0000875505
0.8285000000,0.0000442169,0.0000442207,0.0000884376
0.8286666667,0.0000446568,0.0000446655,0.0000893223
0.8288333333,0.0000450945,0.0000451091,0.0000902036
0.8290000000,0.0000455299,0.0000455507,0.0000910806
0.8291666667,0.0000459631,0.0000459897,0.0000919527
0.8293333333,0.0000463938,0.0000464253,0.0000928191
0.8295000000,0.0000468220,0.0000468570,0.0000936790
0.8296666667,0.0000472476,0.0000472843,0.0000945320
0.8298333333,0.0000476707,0.0000477075,0.0000953781
0.8300000000,0.0000480910,0.0000481269,0.0000962179
0.8301666667,0.0000485085,0.0000485433,0.0000970518
0.8303333333,0.0000489230,0.0000489567,0.0000978797
0.8305000000,0.0000493346,0.0000493666,0.0000987012
0.8306666667,0.0000497429,0.0000497722,0.0000995151
0.8308333333,0.0000501481,0.0000501731,0.0001003213
0.8310000000,0.0000505500,0.0000505700,0.0001011200
0.8311666667,0.0000509486,0.0000509639,0.0001019125
0.8313333333,0.0000513439,0.0000513562,0.0001027000
0.8315000000,0.0000517356,0.0000517473,0.0001034830
0.8316666667,0.0000521239,0.0000521369,0.0001042608
0.8318333333,0.0000525086,0.0000525238,0.0001050324
0.8320000000,0.0000528896,0.0000529076,0.0001057972
0.8321666667,0.0000532669,0.0000532880,0.0001065550
0.8323333333,0.0000536404,0.0000536654,0.0001073059
0.8325000000,0.0000540101,0.0000540399,0.0001080499
0.8326666667,0.0000543758,0.0000544107,0.0001087865
0.8328333333,0.0000547376,0.0000547767,0.0001095143
0.8330000000,0.0000550954,0.0000551369,0.0001102322
0.8331666667,0.0000554491,0.0000554908,0.0001109400
0.8333333333,0.0000557988,0.0000558391,0.0001116378
0.8335000000,0.0000561442,0.0000561824,0.0001123267
0.8336666667,0.0000564854,0.0000565216,0.0001130070
0.8338333333,0.0000568223,0.0000568566,0.0001136789
0.8340000000,0.0000571548,0.0000571871,0.0001143418
0.8341666667,0.0000574828,0.0000575126,0.0001149955
0.8343333333,0.0000578065,0.0000578333,0.0001156398
0.8345000000,0.0000581256,0.0000581497,0.0001162753
0.8346666667,0.0000584403,0.0000584623,0.0001169026
0.8348333333,0.0000587504,0.0000587715,0.0001175219
0.8350000000,0.0000590560,0.0000590774,0.0001181333
0.8351666667,0.0000593569,0.0000593796,0.0001187366
0.8353333333,0.0000596533,0.0000596783,0.0001193316
0.8355000000,0.0000599450,0.0000599732,0.0001199182
0.8356666667,0.0000602319,0.0000602642,0.0001204961
0.8358333333,0.0000605142,0.0000605507,0.0001210649
0.8360000000,0.0000607918,0.0000608319,0.0001216237
0.8361666667,0.0000610647,0.0000611070,0.0001221716
0.8363333333,0.0000613328,0.0000613756,0.0001227084
0.8365000000,0.0000615962,0.0000616378,0.0001232340
0.8366666667,0.0000618547,0.0000618943,0.0001237491
0.8368333333,0.0000621085,0.0000621458,0.0001242542
0.8370000000,0.0000623573,0.0000623925,0.0001247499
0.8371666667,0.0000626013,0.0000626347,0.0001252360
0.8373333333,0.0000628404,0.0000628721,0.0001257125
0.8375000000,0.0000630747,0.0000631046,0.0001261793
0.8376666667,0.0000633041,0.0000633323,0.0001266363
0.8378333333,0.0000635286,0.0000635554,0.0001270840
0.8380000000,0.0000637484,0.0000637742,0.0001275226
0.8381666667,0.0000639633,0.0000639890,0.0001279523
0.8383333333,0.0000641733,0.0000642000,0.0001283734
0.8385000000,0.0000643786,0.0000644071,0.0001287857
0.8386666667,0.0000645791,0.0000646101,0.0001291891
0.8388333333,0.0000647747,0.0000648085,0.0001295832
0.8390000000,0.0000649657,0.0000650019,0.0001299676
0.8391666667,0.0000651518,0.0000651900,0.0001303419
0.8393333333,0.0000653333,0.0000653725,0.0001307059
0.8395000000,0.0000655102,0.0000655494,0.0001310595
0.8396666667,0.0000656823,0.0000657207,0.0001314030
0.8398333333,0.0000658498,0.0000658867,0.0001317365
0.8400000000,0.0000660126,0.0000660476,0.0001320602
0.8401666667,0.0000661708,0.0000662034,0.0001323742
0.8403333333,0.0000663243,0.0000663545,0.0001326788
0.8405000000,0.0000664732,0.0000665012,0.0001329745
0.8406666667,0.0000666177,0.0000666440,0.0001332617
0.8408333333,0.0000667576,0.0000667832,0.0001335408
0.8410000000,0.0000668932,0.0000669189,0.0001338120
0.8411666667,0.0000670243,0.0000670507,0.0001340750
0.8413333333,0.0000671512,0.0000671785,0.0001343296
0.8415000000,0.0000672738,0.0000673018,0.0001345756
0.8416666667,0.0000673921,0.0000674208,0.0001348129
0.8418333333,0.0000675062,0.0000675357,0.0001350419
0.8420000000,0.0000676162,0.0000676465,0.0001352627
0.8421666667,0.0000677221,0.0000677533,0.0001354754
0.8423333333,0.0000678240,0.0000678561,0.0001356801
0.8425000000,0.0000679220,0.0000679544,0.0001358765
0.8426666667,0.0000680161,0.0000680481,0.0001360643
0.8428333333,0.0000681064,0.0000681371,0.0001362435
0.8430000000,0.0000681928,0.0000682216,0.0001364144
0.8431666667,0.0000682754,0.0000683020,0.0001365774
0.8433333333,0.0000683542,0.0000683787,0.0001367329
0.8435000000,0.0000684295,0.0000684521,0.0001368816
0.8436666667,0.0000685011,0.0000685226,0.0001370238
0.8438333333,0.0000685694,0.0000685904,0.0001371598
0.8440000000,0.0000686342,0.0000686553,0.0001372895
0.8441666667,0.0000686958,0.0000687172,0.0001374130
0.8443333333,0.0000687541,0.0000687760,0.0001375301
0.8445000000,0.0000688093,0.0000688315,0.0001376408
0.8446666667,0.0000688613,0.0000688839,0.0001377453
0.8448333333,0.0000689104,0.0000689333,0.0001378437
0.8450000000,0.0000689566,0.0000689796,0.0001379362
0.8451666667,0.0000689999,0.0000690228,0.0001380227
0.8453333333,0.0000690405,0.0000690630,0.0001381035
0.8455000000,0.0000690784,0.0000691001,0.0001381785
0.8456666667,0.0000691138,0.0000691343,0.0001382481
0.8458333333,0.0000691466,0.0000691659,0.0001383125
0.8460000000,0.0000691769,0.0000691951,0.0001383719
0.8461666667,0.0000692048,0.0000692219,0.0001384267
0.8463333333,0.0000692304,0.0000692465,0.0001384769
0.8465000000,0.0000692539,0.0000692689,0.0001385229
0.8466666667,0.0000692753,0.0000692895,0.0001385648
0.8468333333,0.0000692947,0.0000693083,0.0001386029
0.8470000000,0.0000693122,0.0000693255,0.0001386377
0.8471666667,0.0000693279,0.0000693413,0.0001386692
0.8473333333,0.0000693419,0.0000693555,0.0001386974
0.8475000000,0.0000693542,0.0000693682,0.0001387224
0.8476666667,0.0000693651,0.0000693792,0.0001387443
0.8478333333,0.0000693745,0.0000693887,0.0001387633
0.8480000000,0.0000693826,0.0000693968,0.0001387794
0.8481666667,0.0000693894,0.0000694036,0.0001387931
0.8483333333,0.0000693950,0.0000694093,0.0001388043
0.8485000000,0.0000693995,0.0000694139,0.0001388134
0.8486666667,0.0000694029,0.0000694178,0.0001388206
0.8488333333,0.0000694052,0.0000694210,0.0001388262
0.8490000000,0.0000694065,0.0000694239,0.0001388304
0.8491666667,0.0000694069,0.0000694265,0.0001388335
0.8493333333,0.0000694065,0.0000694291,0.0001388356
0.8495000000,0.0000694052,0.0000694317,0.0001388369
0.8496666667,0.0000694032,0.0000694344,0.0001388376
0.8498333333,0.0000694005,0.0000694374,0.0001388379
0.8500000000,0.0000693969,0.0000694410,0.0001388379
0.8501666667,0.0000693925,0.0000694454,0.0001388379
0.8503333333,0.0000693873,0.0000694509,0.0001388381
0.8505000000,0.0000693811,0.0000694575,0.0001388386
0.8506666667,0.0000693741,0.0000694656,0.0001388397
0.8508333333,0.0000693660,0.0000694756,0.0001388416
0.8510000000,0.0000693567,0.0000694878,0.0001388445
0.8511666667,0.0000693460,0.0000695028,0.0001388488
0.8513333333,0.0000693338,0.0000695208,0.0001388546
0.8515000000,0.0000693197,0.0000695424,0.0001388621
0.8516666667,0.0000693037,0.0000695677,0.0001388714
0.8518333333,0.0000692853,0.0000695973,0.0001388826
0.8520000000,0.0000692645,0.0000696314,0.0001388959
0.8521666667,0.0000692409,0.0000696706,0.0001389115
0.8523333333,0.0000692142,0.0000697154,0.0001389296
0.8525000000,0.0000691840,0.0000697663,0.0001389503
0.8526666667,0.0000691500,0.0000698239,0.0001389739
0.8528333333,0.0000691119,0.0000698887,0.0001390006
0.8530000000,0.0000690692,0.0000699614,0.0001390306
0.8531666667,0.0000690217,0.0000700425,0.0001390642
0.8533333333,0.0000689688,0.0000701328,0.0001391016
0.8535000000,0.0000689104,0.0000702328,0.0001391432
0.8536666667,0.0000688461,0.0000703431,0.0001391892
0.8538333333,0.0000687754,0.0000704642,0.0001392395
0.8540000000,0.0000686980,0.0000705964,0.0001392944
0.8541666667,0.0000686138,0.0000707403,0.0001393541
0.8543333333,0.0000685224,0.0000708962,0.0001394186
0.8545000000,0.0000684236,0.0000710646,0.0001394882
0.8546666667,0.0000683173,0.0000712457,0.0001395630
0.8548333333,0.0000682033,0.0000714397,0.0001396430
0.8550000000,0.0000680814,0.0000716468,0.0001397282
0.8551666667,0.0000679515,0.0000718672,0.0001398187
0.8553333333,0.0000678136,0.0000721012,0.0001399148
0.8555000000,0.0000676676,0.0000723492,0.0001400168
0.8556666667,0.0000675133,0.0000726114,0.0001401247
0.8558333333,0.0000673508,0.0000728881,0.0001402389
0.8560000000,0.0000671800,0.0000731797,0.0001403597
0.8561666667,0.0000670007,0.0000734868,0.0001404875
0.8563333333,0.0000668130,0.0000738097,0.0001406227
0.8565000000,0.0000666167,0.0000741489,0.0001407656
0.8566666667,0.0000664116,0.0000745044,0.0001409160
0.8568333333,0.0000661977,0.0000748760,0.0001410736
0.8570000000,0.0000659747,0.0000752634,0.0001412382
0.8571666667,0.0000657428,0.0000756667,0.0001414095
0.8573333333,0.0000655017,0.0000760863,0.0001415879
0.8575000000,0.0000652513,0.0000765225,0.0001417738
0.8576666667,0.0000649916,0.0000769760,0.0001419676
0.8578333333,0.0000647225,0.0000774468,0.0001421693
0.8580000000,0.0000644439,0.0000779349,0.0001423788
0.8581666667,0.0000641558,0.0000784405,0.0001425963
0.8583333333,0.0000638582,0.0000789637,0.0001428220
0.8585000000,0.0000635513,0.0000795050,0.0001430563
0.8586666667,0.0000632350,0.0000800645,0.0001432995
0.8588333333,0.0000629094,0.0000806421,0.0001435516
0.8590000000,0.0000625747,0.0000812378,0.0001438125
0.8591666667,0.0000622309,0.0000818515,0.0001440824
0.8593333333,0.0000618782,0.0000824833,0.0001443615
0.8595000000,0.0000615167,0.0000831333,0.0001446501
0.8596666667,0.0000611466,0.0000838016,0.0001449482
0.8598333333,0.0000607679,0.0000844874,0.0001452553
0.8600000000,0.0000603808,0.0000851898,0.0001455706
0.8601666667,0.0000599855,0.0000859083,0.0001458938
0.8603333333,0.0000595820,0.0000866431,0.0001462251
0.8605000000,0.0000591705,0.0000873950,0.0001465655
0.8606666667,0.0000587511,0.0000881645,0.0001469156
0.8608333333,0.0000583239,0.0000889521,0.0001472760
0.8610000000,0.0000578892,0.0000897572,0.0001476464
0.8611666667,0.0000574470,0.0000905794,0.0001480264
0.8613333333,0.0000569977,0.0000914183,0.0001484160
0.8615000000,0.0000565414,0.0000922742,0.0001488156
0.8616666667,0.0000560785,0.0000931471,0.0001492256
0.8618333333,0.0000556091,0.0000940369,0.0001496460
0.8620000000,0.0000551336,0.0000949427,0.0001500763
0.8621666667,0.0000546524,0.0000958634,0.0001505157
0.8623333333,0.0000541657,0.0000967980,0.0001509638
0.8625000000,0.0000536740,0.0000977464,0.0001514204
0.8626666667,0.0000531775,0.0000987089,0.0001518864
0.8628333333,0.0000526766,0.0000996855,0.0001523621
0.8630000000,0.0000521715,0.0001006763,0.0001528478
0.8631666667,0.0000516625,0.0001016807,0.0001533432
0.8633333333,0.0000511501,0.0001026982,0.0001538482
0.8635000000,0.0000506344,0.0001037283,0.0001543627
0.8636666667,0.0000501160,0.0001047710,0.0001548870
0.8638333333,0.0000495950,0.0001058261,0.0001554211
0.8640000000,0.0000490720,0.0001068935,0.0001559655
0.8641666667,0.0000485472,0.0001079728,0.0001565200
0.8643333333,0.0000480212,0.0001090635,0.0001570847
0.8645000000,0.0000474943,0.0001101651,0.0001576594
0.8646666667,0.0000469670,0.0001112766,0.0001582437
0.8648333333,0.0000464399,0.0001123969,0.0001588368
0.8650000000,0.0000459134,0.0001135245,0.0001594379
0.8651666667,0.0000453880,0.0001146586,0.0001600467
0.8653333333,0.0000448642,0.0001157991,0.0001606632
0.8655000000,0.0000443423,0.0001169463,0.0001612886
0.8656666667,0.0000438228,0.0001181009,0.0001619237
0.8658333333,0.0000433062,0.0001192628,0.0001625690
0.8660000000,0.0000427930,0.0001204312,0.0001632242
0.8661666667,0.0000422836,0.0001216051,0.0001638887
0.8663333333,0.0000417784,0.0001227835,0.0001645619
0.8665000000,0.0000412781,0.0001239657,0.0001652438
0.8666666667,0.0000407830,0.0001251516,0.0001659346
0.8668333333,0.0000402938,0.0001263404,0.0001666342
0.8670000000,0.0000398110,0.0001275311,0.0001673420
0.8671666667,0.0000393351,0.0001287222,0.0001680574
0.8673333333,0.0000388668,0.0001299129,0.0001687797
0.8675000000,0.0000384066,0.0001311028,0.0001695093
0.8676666667,0.0000379550,0.0001322918,0.0001702467
0.8678333333,0.0000375125,0.0001334796,0.0001709922
0.8680000000,0.0000370797,0.0001346656,0.0001717453
0.8681666667,0.0000366571,0.0001358484,0.0001725055
0.8683333333,0.0000362452,0.0001370273,0.0001732725
0.8685000000,0.0000358445,0.0001382021,0.0001740466
0.8686666667,0.0000354556,0.0001393732,0.0001748288
0.8688333333,0.0000350790,0.0001405406,0.0001756196
0.8690000000,0.0000347153,0.0001417032,0.0001764185
0.8691666667,0.0000343651,0.0001428594,0.0001772245
0.8693333333,0.0000340288,0.0001440074,0.0001780362
0.8695000000,0.0000337072,0.0001451459,0.0001788532
0.8696666667,0.0000334009,0.0001462746,0.0001796755
0.8698333333,0.0000331103,0.0001473932,0.0001805035
0.8700000000,0.0000328360,0.0001485012,0.0001813372
0.8701666667,0.0000325785,0.0001495975,0.0001821760
0.8703333333,0.0000323384,0.0001506811,0.0001830195
0.8705000000,0.0000321161,0.0001517517,0.0001838678
0.8706666667,0.0000319122,0.0001528095,0.0001847218
0.8708333333,0.0000317273,0.0001538549,0.0001855821
0.8710000000,0.0000315618,0.0001548874,0.0001864492
0.8711666667,0.0000314162,0.0001559060,0.0001873222
0.8713333333,0.0000312912,0.0001569087,0.0001881999
0.8715000000,0.0000311872,0.0001578939,0.0001890811
0.8716666667,0.0000311049,0.0001588607,0.0001899656
0.8718333333,0.0000310446,0.0001598087,0.0001908533
0.8720000000,0.0000310070,0.0001607374,0.0001917444
0.8721666667,0.0000309926,0.0001616464,0.0001926389
0.8723333333,0.0000310017,0.0001625348,0.0001935365
0.8725000000,0.0000310348,0.0001634022,0.0001944370
0.8726666667,0.0000310924,0.0001642480,0.0001953405
0.8728333333,0.0000311750,0.0001650720,0.0001962469
0.8730000000,0.0000312829,0.0001658734,0.0001971563
0.8731666667,0.0000314166,0.0001666516,0.0001980682
0.8733333333,0.0000315767,0.0001674057,0.0001989824
0.8735000000,0.0000317635,0.0001681353,0.0001998988
0.8736666667,0.0000319775,0.0001688404,0.0002008179
0.8738333333,0.0000322191,0.0001695207,0.0002017398
0.8740000000,0.0000324887,0.0001701755,0.0002026642
0.8741666667,0.0000327867,0.0001708030,0.0002035897
0.8743333333,0.0000331134,0.0001714016,0.0002045150
0.8745000000,0.0000334692,0.0001719699,0.0002054391
0.8746666667,0.0000338545,0.0001725076,0.0002063620
0.8748333333,0.0000342694,0.0001730153,0.0002072847
0.8750000000,0.0000347144,0.0001734938,0.0002082082
0.8751666667,0.0000351897,0.0001739432,0.0002091329
0.8753333333,0.0000356958,0.0001743628,0.0002100586
0.8755000000,0.0000362329,0.0001747517,0.0002109846
0.8756666667,0.0000368013,0.0001751091,0.0002119104
0.8758333333,0.0000374012,0.0001754342,0.0002128355
0.8760000000,0.0000380330,0.0001757268,0.0002137598
0.8761666667,0.0000386968,0.0001759862,0.0002146830
0.8763333333,0.0000393928,0.0001762120,0.0002156048
0.8765000000,0.0000401211,0.0001764033,0.0002165244
0.8766666667,0.0000408820,0.0001765594,0.0002174414
0.8768333333,0.0000416757,0.0001766799,0.0002183555
0.8770000000,0.0000425022,0.0001767646,0.0002192668
0.8771666667,0.0000433617,0.0001768138,0.0002201755
0.8773333333,0.0000442544,0.0001768275,0.0002210819
0.8775000000,0.0000451803,0.0001768058,0.0002219862
0.8776666667,0.0000461397,0.0001767485,0.0002228882
0.8778333333,0.0000471325,0.0001766551,0.0002237876
0.8780000000,0.0000481588,0.0001765250,0.0002246837
0.8781666667,0.0000492185,0.0001763578,0.0002255763
0.8783333333,0.0000503117,0.0001761535,0.0002264652
0.8785000000,0.0000514384,0.0001759120,0.0002273504
0.8786666667,0.0000525985,0.0001756334,0.0002282319
0.8788333333,0.0000537920,0.0001753172,0.0002291092
0.8790000000,0.0000550189,0.0001749625,0.0002299813
0.8791666667,0.0000562791,0.0001745686,0.0002308476
0.8793333333,0.0000575724,0.0001741354,0.0002317078
0.8795000000,0.0000588989,0.0001736633,0.0002325622
0.8796666667,0.0000602584,0.0001731533,0.0002334117
0.8798333333,0.0000616506,0.0001726063,0.0002342569
0.8800000000,0.0000630755,0.0001720223,0.0002350978
0.8801666667,0.0000645327,0.0001714012,0.0002359339
0.8803333333,0.0000660222,0.0001707425,0.0002367647
0.8805000000,0.0000675436,0.0001700460,0.0002375896
0.8806666667,0.0000690967,0.0001693118,0.0002384084
0.8808333333,0.0000706812,0.0001685395,0.0002392207
0.8810000000,0.0000722970,0.0001677290,0.0002400259
0.8811666667,0.0000739436,0.0001668797,0.0002408233
0.8813333333,0.0000756209,0.0001659917,0.0002416126
0.8815000000,0.0000773283,0.0001650659,0.0002423943
0.8816666667,0.0000790656,0.0001641037,0.0002431692
0.8818333333,0.0000808322,0.0001631060,0.0002439382
0.8820000000,0.0000826279,0.0001620733,0.0002447012
0.8821666667,0.0000844522,0.0001610051,0.0002454573
0.8823333333,0.0000863046,0.0001599008,0.0002462054
0.8825000000,0.0000881847,0.0001587604,0.0002469451
0.8826666667,0.0000900921,0.0001575846,0.0002476767
0.8828333333,0.0000920262,0.0001563746,0.0002484008
0.8830000000,0.0000939865,0.0001551312,0.0002491177
0.8831666667,0.0000959726,0.0001538542,0.0002498268
0.8833333333,0.0000979838,0.0001525435,0.0002505273
0.8835000000,0.0001000196,0.0001511988,0.0002512183
0.8836666667,0.0001020792,0.0001498204,0.0002518996
0.8838333333,0.0001041622,0.0001484095,0.0002525717
0.8840000000,0.0001062678,0.0001469673,0.0002532352
0.8841666667,0.0001083955,0.0001454949,0.0002538905
0.8843333333,0.0001105447,0.0001439930,0.0002545377
0.8845000000,0.0001127145,0.0001424621,0.0002551766
0.8846666667,0.0001149045,0.0001409026,0.0002558071
0.8848333333,0.0001171138,0.0001393151,0.0002564289
0.8850000000,0.0001193417,0.0001377001,0.0002570418
0.8851666667,0.0001215875,0.0001360578,0.0002576453
0.8853333333,0.0001238503,0.0001343886,0.0002582389
0.8855000000,0.0001261294,0.0001326930,0.0002588224
0.8856666667,0.0001284240,0.0001309718,0.0002593958
0.8858333333,0.0001307333,0.0001292260,0.0002599594
0.8860000000,0.0001330565,0.0001274569,0.0002605134
0.8861666667,0.0001353928,0.0001256653,0.0002610581
0.8863333333,0.0001377412,0.0001238522,0.0002615935
0.8865000000,0.0001401011,0.0001220186,0.0002621197
0.8866666667,0.0001424714,0.0001201656,0.0002626369
0.8868333333,0.0001448512,0.0001182941,0.0002631453
0.8870000000,0.0001472398,0.0001164048,0.0002636446
0.8871666667,0.0001496360,0.0001144980,0.0002641340
0.8873333333,0.0001520390,0.0001125740,0.0002646130
0.8875000000,0.0001544480,0.0001106334,0.0002650814
0.8876666667,0.0001568619,0.0001086776,0.0002655394
0.8878333333,0.0001592797,0.0001067080,0.0002659877
0.8880000000,0.0001617006,0.0001047261,0.0002664267
0.8881666667,0.0001641235,0.0001027329,0.0002668565
0.8883333333,0.0001665475,0.0001007291,0.0002672766
0.8885000000,0.0001689714,0.0000987155,0.0002676869
0.8886666667,0.0001713944,0.0000966929,0.0002680873
0.8888333333,0.0001738153,0.0000946629,0.0002684782
0.8890000000,0.0001762332,0.0000926268,0.0002688600
0.8891666667,0.0001786471,0.0000905858,0.0002692328
0.8893333333,0.0001810559,0.0000885408,0.0002695966
0.8895000000,0.0001834586,0.0000864925,0.0002699510
0.8896666667,0.0001858542,0.0000844416,0.0002702957
0.8898333333,0.0001882415,0.0000823890,0.0002706305
0.8900000000,0.0001906196,0.0000803358,0.0002709553
0.8901666667,0.0001929873,0.0000782832,0.0002712705
0.8903333333,0.0001953435,0.0000762327,0.0002715762
0.8905000000,0.0001976872,0.0000741856,0.0002718728
0.8906666667,0.0002000173,0.0000721436,0.0002721609
0.8908333333,0.0002023328,0.0000701079,0.0002724407
0.8910000000,0.0002046327,0.0000680797,0.0002727124
0.8911666667,0.0002069158,0.0000660600,0.0002729758
0.8913333333,0.0002091811,0.0000640493,0.0002732304
0.8915000000,0.0002114274,0.0000620485,0.0002734759
0.8916666667,0.0002136537,0.0000600587,0.0002737124
0.8918333333,0.0002158590,0.0000580812,0.0002739401
0.8920000000,0.0002180420,0.0000561173,0.0002741594
0.8921666667,0.0002202019,0.0000541685,0.0002743703
0.8923333333,0.0002223374,0.0000522359,0.0002745733
0.8925000000,0.0002244476,0.0000503207,0.0002747683
0.8926666667,0.0002265314,0.0000484242,0.0002749556
0.8928333333,0.0002285878,0.0000465477,0.0002751354
0.8930000000,0.0002306156,0.0000446923,0.0002753079
0.8931666667,0.0002326139,0.0000428593,0.0002754732
0.8933333333,0.0002345815,0.0000410495,0.0002756311
0.8935000000,0.0002365176,0.0000392641,0.0002757817
0.8936666667,0.0002384210,0.0000375042,0.0002759251
0.8938333333,0.0002402908,0.0000357708,0.0002760616
0.8940000000,0.0002421259,0.0000340652,0.0002761912
0.8941666667,0.0002439254,0.0000323886,0.0002763141
0.8943333333,0.0002456883,0.0000307420,0.0002764303
0.8945000000,0.0002474136,0.0000291265,0.0002765401
0.8946666667,0.0002491002,0.0000275433,0.0002766435
0.8948333333,0.0002507473,0.0000259938,0.0002767411
0.8950000000,0.0002523539,0.0000244792,0.0002768331
0.8951666667,0.0002539191,0.0000230007,0.0002769197
0.8953333333,0.0002554420,0.0000215592,0.0002770011
0.8955000000,0.0002569217,0.0000201555,0.0002770773
0.8956666667,0.0002583574,0.0000187907,0.0002771481
0.8958333333,0.0002597481,0.0000174657,0.0002772139
0.8960000000,0.0002610931,0.0000161816,0.0002772747
0.8961666667,0.0002623913,0.0000149395,0.0002773308
0.8963333333,0.0002636421,0.0000137404,0.0002773825
0.8965000000,0.0002648446,0.0000125852,0.0002774298
0.8966666667,0.0002659980,0.0000114748,0.0002774729
0.8968333333,0.0002671017,0.0000104105,0.0002775121
0.8970000000,0.0002681547,0.0000093932,0.0002775479
0.8971666667,0.0002691566,0.0000084239,0.0002775805
0.8973333333,0.0002701064,0.0000075036,0.0002776100
0.8975000000,0.0002710036,0.0000066330,0.0002776366
0.8976666667,0.0002718475,0.0000058126,0.0002776602
0.8978333333,0.0002726375,0.0000050433,0.0002776808
0.8980000000,0.0002733730,0.0000043256,0.0002776986
0.8981666667,0.0002740533,0.0000036607,0.0002777140
0.8983333333,0.0002746780,0.0000030493,0.0002777273
0.8985000000,0.0002752465,0.0000024922,0.0002777387
0.8986666667,0.0002757583,0.0000019900,0.0002777484
0.8988333333,0.0002762131,0.0000015434,0.0002777565
0.8990000000,0.0002766102,0.0000011528,0.0002777630
0.8991666667,0.0002769495,0.0000008187,0.0002777682
0.8993333333,0.0002772304,0.0000005418,0.0002777721
0.8995000000,0.0002774527,0.0000003224,0.0002777751
0.8996666667,0.0002776162,0.0000001609,0.0002777771
0.8998333333,0.0002777207,0.0000000576,0.0002777783
0.9000000000,0.0002777659,0.0000000128,0.0002777787
0.9001666667,0.0002777517,0.0000000267,0.0002777784
0.9003333333,0.0002776780,0.0000000996,0.0002777776
0.9005000000,0.0002775447,0.0000002315,0.0002777762
0.9006666667,0.0002773519,0.0000004223,0.0002777742
0.9008333333,0.0002770996,0.0000006721,0.0002777718
0.9010000000,0.0002767881,0.0000009807,0.0002777688
0.9011666667,0.0002764175,0.0000013476,0.0002777651
0.9013333333,0.0002759880,0.0000017728,0.0002777607
0.9015000000,0.0002754999,0.0000022557,0.0002777556
0.9016666667,0.0002749537,0.0000027958,0.0002777495
0.9018333333,0.0002743497,0.0000033927,0.0002777424
0.9020000000,0.0002736884,0.0000040457,0.0002777341
0.9021666667,0.0002729704,0.0000047542,0.0002777246
0.9023333333,0.0002721962,0.0000055174,0.0002777137
0.9025000000,0.0002713666,0.0000063344,0.0002777010
0.9026666667,0.0002704822,0.0000072041,0.0002776863
0.9028333333,0.0002695437,0.0000081253,0.0002776690
0.9030000000,0.0002685520,0.0000090969,0.0002776489
0.9031666667,0.0002675079,0.0000101177,0.0002776256
0.9033333333,0.0002664122,0.0000111867,0.0002775989
0.9035000000,0.0002652657,0.0000123027,0.0002775684
0.9036666667,0.0002640696,0.0000134643,0.0002775338
0.9038333333,0.0002628245,0.0000146702,0.0002774947
0.9040000000,0.0002615316,0.0000159193,0.0002774509
0.9041666667,0.0002601917,0.0000172103,0.0002774020
0.9043333333,0.0002588056,0.0000185422,0.0002773478
0.9045000000,0.0002573744,0.0000199134,0.0002772878
0.9046666667,0.0002558989,0.0000213225,0.0002772214
0.9048333333,0.0002543801,0.0000227680,0.0002771481
0.9050000000,0.0002528189,0.0000242487,0.0002770676
0.9051666667,0.0002512163,0.0000257635,0.0002769798
0.9053333333,0.0002495732,0.0000273115,0.0002768847
0.9055000000,0.0002478904,0.0000288916,0.0002767819
0.9056666667,0.0002461689,0.0000305025,0.0002766714
0.9058333333,0.0002444096,0.0000321432,0.0002765527
0.9060000000,0.0002426134,0.0000338124,0.0002764258
0.9061666667,0.0002407814,0.0000355094,0.0002762908
0.9063333333,0.0002389145,0.0000372334,0.0002761479
0.9065000000,0.0002370138,0.0000389834,0.0002759972
0.9066666667,0.0002350802,0.0000407584,0.0002758386
0.9068333333,0.0002331148,0.0000425571,0.0002756719
0.9070000000,0.0002311186,0.0000443784,0.0002754970
0.9071666667,0.0002290928,0.0000462213,0.0002753141
0.9073333333,0.0002270384,0.0000480849,0.0002751234
0.9075000000,0.0002249566,0.0000499684,0.0002749249
0.9076666667,0.0002228483,0.0000518706,0.0002747189
0.9078333333,0.0002207149,0.0000537907,0.0002745056
0.9080000000,0.0002185573,0.0000557280,0.0002742853
0.9081666667,0.0002163766,0.0000576820,0.0002740586
0.9083333333,0.0002141739,0.0000596521,0.0002738260
0.9085000000,0.0002119501,0.0000616372,0.0002735873
0.9086666667,0.0002097062,0.0000636357,0.0002733419
0.9088333333,0.0002074434,0.0000656459,0.0002730892
0.9090000000,0.0002051626,0.0000676663,0.0002728289
0.9091666667,0.0002028648,0.0000696962,0.0002725609
0.9093333333,0.0002005510,0.0000717349,0.0002722859
0.9095000000,0.0001982223,0.0000737819,0.0002720042
0.9096666667,0.0001958795,0.0000758360,0.0002717155
0.9098333333,0.0001935238,0.0000778956,0.0002714194
0.9100000000,0.0001911561,0.0000799592,0.0002711153
0.9101666667,0.0001887776,0.0000820250,0.0002708026
0.9103333333,0.0001863893,0.0000840917,0.0002704810
0.9105000000,0.0001839924,0.0000861580,0.0002701503
0.9106666667,0.0001815879,0.0000882223,0.0002698101
0.9108333333,0.0001791769,0.0000902829,0.0002694598
0.9110000000,0.0001767605,0.0000923382,0.0002690988
0.9111666667,0.0001743399,0.0000943867,0.0002687266
0.9113333333,0.0001719162,0.0000964270,0.0002683431
0.9115000000,0.0001694903,0.0000984579,0.0002679482
0.9116666667,0.0001670633,0.0001004783,0.0002675416
0.9118333333,0.0001646363,0.0001024872,0.0002671235
0.9120000000,0.0001622103,0.0001044837,0.0002666940
0.9121666667,0.0001597861,0.0001064672,0.0002662533
0.9123333333,0.0001573648,0.0001084367,0.0002658015
0.9125000000,0.0001549472,0.0001103913,0.0002653386
0.9126666667,0.0001525344,0.0001123299,0.0002648643
0.9128333333,0.0001501273,0.0001142513,0.0002643786
0.9130000000,0.0001477269,0.0001161551,0.0002638820
0.9131666667,0.0001453341,0.0001180410,0.0002633752
0.9133333333,0.0001429499,0.0001199089,0.0002628587
0.9135000000,0.0001405751,0.0001217580,0.0002623331
0.9136666667,0.0001382107,0.0001235878,0.0002617986
0.9138333333,0.0001358577,0.0001253976,0.0002612553
0.9140000000,0.0001335168,0.0001271871,0.0002607039
0.9141666667,0.0001311890,0.0001289565,0.0002601455
0.9143333333,0.0001288751,0.0001307054,0.0002595805
0.9145000000,0.0001265758,0.0001324331,0.0002590090
0.9146666667,0.0001242920,0.0001341380,0.0002584299
0.9148333333,0.0001220243,0.0001358181,0.0002578424
0.9150000000,0.0001197735,0.0001374724,0.0002572459
0.9151666667,0.0001175403,0.0001391005,0.0002566407
0.9153333333,0.0001153254,0.0001407024,0.0002560279
0.9155000000,0.0001131297,0.0001422782,0.0002554079
0.9156666667,0.0001109537,0.0001438269,0.0002547806
0.9158333333,0.0001087983,0.0001453468,0.0002541451
0.9160000000,0.0001066640,0.0001468364,0.0002535004
0.9161666667,0.0001045517,0.0001482942,0.0002528459
0.9163333333,0.0001024619,0.0001497193,0.0002521813
0.9165000000,0.0001003955,0.0001511111,0.0002515066
0.9166666667,0.0000983529,0.0001524686,0.0002508216
0.9168333333,0.0000963349,0.0001537909,0.0002501258
0.9170000000,0.0000943421,0.0001550771,0.0002494192
0.9171666667,0.0000923749,0.0001563271,0.0002487020
0.9173333333,0.0000904338,0.0001575412,0.0002479750
0.9175000000,0.0000885194,0.0001587196,0.0002472390
0.9176666667,0.0000866322,0.0001598620,0.0002464942
0.9178333333,0.0000847726,0.0001609681,0.0002457406
0.9180000000,0.0000829411,0.0001620375,0.0002449785
0.9181666667,0.0000811381,0.0001630704,0.0002442085
0.9183333333,0.0000793642,0.0001640674,0.0002434315
0.9185000000,0.0000776196,0.0001650288,0.0002426485
0.9186666667,0.0000759050,0.0001659548,0.0002418597
0.9188333333,0.0000742205,0.0001668447,0.0002410652
0.9190000000,0.0000725667,0.0001676982,0.0002402648
0.9191666667,0.0000709437,0.0001685150,0.0002394587
0.9193333333,0.0000693520,0.0001692956,0.0002386476
0.9195000000,0.0000677918,0.0001700406,0.0002378324
0.9196666667,0.0000662632,0.0001707505,0.0002370138
0.9198333333,0.0000647666,0.0001714252,0.0002361918
0.9200000000,0.0000633020,0.0001720639,0.0002353659
0.9201666667,0.0000618698,0.0001726655,0.0002345353
0.9203333333,0.0000604702,0.0001732289,0.0002336991
0.9205000000,0.0000591033,0.0001737535,0.0002328567
0.9206666667,0.0000577693,0.0001742384,0.0002320077
0.9208333333,0.0000564684,0.0001746835,0.0002311519
0.9210000000,0.0000552007,0.0001750890,0.0002302897
0.9211666667,0.0000539664,0.0001754552,0.0002294216
0.9213333333,0.0000527655,0.0001757823,0.0002285479
0.9215000000,0.0000515982,0.0001760705,0.0002276687
0.9216666667,0.0000504644,0.0001763195,0.0002267840
0.9218333333,0.0000493642,0.0001765294,0.0002258936
0.9220000000,0.0000482975,0.0001767002,0.0002249977
0.9221666667,0.0000472642,0.0001768326,0.0002240969
0.9223333333,0.0000462645,0.0001769273,0.0002231918
0.9225000000,0.0000452981,0.0001769848,0.0002222830
0.9226666667,0.0000443652,0.0001770056,0.0002213707
0.9228333333,0.0000434655,0.0001769901,0.0002204556
0.9230000000,0.0000425992,0.0001769394,0.0002195386
0.9231666667,0.0000417659,0.0001768550,0.0002186210
0.9233333333,0.0000409657,0.0001767382,0.0002177039
0.9235000000,0.0000401984,0.0001765893,0.0002167877
0.9236666667,0.0000394638,0.0001764081,0.0002158719
0.9238333333,0.0000387616,0.0001761940,0.0002149557
0.9240000000,0.0000380917,0.0001759468,0.0002140386
0.9241666667,0.0000374539,0.0001756668,0.0002131207
0.9243333333,0.0000368479,0.0001753548,0.0002122027
0.9245000000,0.0000362734,0.0001750112,0.0002112846
0.9246666667,0.0000357303,0.0001746359,0.0002103661
0.9248333333,0.0000352182,0.0001742283,0.0002094465
0.9250000000,0.0000347369,0.0001737882,0.0002085252
0.9251666667,0.0000342863,0.0001733159,0.0002076022
0.9253333333,0.0000338659,0.0001728122,0.0002066782
0.9255000000,0.0000334755,0.0001722780,0.0002057535
0.9256666667,0.0000331146,0.0001717137,0.0002048283
0.9258333333,0.0000327829,0.0001711197,0.0002039026
0.9260000000,0.0000324800,0.0001704962,0.0002029762
0.9261666667,0.0000322056,0.0001698441,0.0002020496
0.9263333333,0.0000319592,0.0001691642,0.0002011234
0.9265000000,0.0000317404,0.0001684575,0.0002001980
0.9266666667,0.0000315489,0.0001677250,0.0001992739
0.9268333333,0.0000313843,0.0001669676,0.0001983519
0.9270000000,0.0000312461,0.0001661872,0.0001974333
0.9271666667,0.0000311339,0.0001653854,0.0001965193
0.9273333333,0.0000310474,0.0001645638,0.0001956112
0.9275000000,0.0000309860,0.0001637228,0.0001947087
0.9276666667,0.0000309492,0.0001628617,0.0001938109
0.9278333333,0.0000309366,0.0001619796,0.0001929163
0.9280000000,0.0000309477,0.0001610765,0.0001920242
0.9281666667,0.0000309820,0.0001601533,0.0001911353
0.9283333333,0.0000310389,0.0001592118,0.0001902507
0.9285000000,0.0000311180,0.0001582531,0.0001893712
0.9286666667,0.0000312189,0.0001572776,0.0001884965
0.9288333333,0.0000313410,0.0001562846,0.0001876256
0.9290000000,0.0000314838,0.0001552736,0.0001867574
0.9291666667,0.0000316469,0.0001542451,0.0001858920
0.9293333333,0.0000318296,0.0001532004,0.0001850300
0.9295000000,0.0000320314,0.0001521409,0.0001841723
0.9296666667,0.0000322518,0.0001510670,0.0001833188
0.9298333333,0.0000324901,0.0001499790,0.0001824691
0.9300000000,0.0000327460,0.0001488771,0.0001816231
0.9301666667,0.0000330187,0.0001477627,0.0001807814
0.9303333333,0.0000333077,0.0001466378,0.0001799456
0.9305000000,0.0000336126,0.0001455046,0.0001791172
0.9306666667,0.0000339327,0.0001443643,0.0001782970
0.9308333333,0.0000342676,0.0001432170,0.0001774846
0.9310000000,0.0000346168,0.0001420629,0.0001766797
0.9311666667,0.0000349796,0.0001409024,0.0001758820
0.9313333333,0.0000353554,0.0001397368,0.0001750922
0.9315000000,0.0000357438,0.0001385672,0.0001743110
0.9316666667,0.0000361441,0.0001373943,0.0001735385
0.9318333333,0.0000365559,0.0001362179,0.0001727737
0.9320000000,0.0000369785,0.0001350372,0.0001720157
0.9321666667,0.0000374114,0.0001338524,0.0001712638
0.9323333333,0.0000378541,0.0001326643,0.0001705184
0.9325000000,0.0000383061,0.0001314745,0.0001697806
0.9326666667,0.0000387668,0.0001302839,0.0001690506
0.9328333333,0.0000392356,0.0001290927,0.0001683283
0.9330000000,0.0000397121,0.0001279009,0.0001676130
0.9331666667,0.0000401957,0.0001267084,0.0001669040
0.9333333333,0.0000406858,0.0001255159,0.0001662017
0.9335000000,0.0000411819,0.0001243250,0.0001655068
0.9336666667,0.0000416834,0.0001231368,0.0001648201
0.9338333333,0.0000421898,0.0001219522,0.0001641420
0.9340000000,0.0000427007,0.0001207720,0.0001634727
0.9341666667,0.0000432155,0.0001195968,0.0001628123
0.9343333333,0.0000437339,0.0001184279,0.0001621618
0.9345000000,0.0000442553,0.0001172667,0.0001615219
0.9346666667,0.0000447791,0.0001161142,0.0001608933
0.9348333333,0.0000453050,0.0001149706,0.0001602756
0.9350000000,0.0000458325,0.0001138355,0.0001596680
0.9351666667,0.0000463611,0.0001127084,0.0001590694
0.9353333333,0.0000468903,0.0001115891,0.0001584794
0.9355000000,0.0000474197,0.0001104783,0.0001578980
0.9356666667,0.0000479488,0.0001093768,0.0001573256
0.9358333333,0.0000484773,0.0001082852,0.0001567625
0.9360000000,0.0000490047,0.0001072040,0.0001562087
0.9361666667,0.0000495306,0.0001061334,0.0001556640
0.9363333333,0.0000500547,0.0001050735,0.0001551282
0.9365000000,0.0000505765,0.0001040247,0.0001546012
0.9366666667,0.0000510955,0.0001029872,0.0001540827
0.9368333333,0.0000516114,0.0001019614,0.0001535728
0.9370000000,0.0000521238,0.0001009478,0.0001530716
0.9371666667,0.0000526324,0.0000999474,0.0001525798
0.9373333333,0.0000531367,0.0000989614,0.0001520981
0.9375000000,0.0000536365,0.0000979905,0.0001516270
0.9376666667,0.0000541316,0.0000970354,0.0001511669
0.9378333333,0.0000546215,0.0000960959,0.0001507174
0.9380000000,0.0000551060,0.0000951720,0.0001502780
0.9381666667,0.0000555848,0.0000942640,0.0001498488
0.9383333333,0.0000560576,0.0000933724,0.0001494300
0.9385000000,0.0000565241,0.0000924978,0.0001490218
0.9386666667,0.0000569840,0.0000916402,0.0001486242
0.9388333333,0.0000574372,0.0000907991,0.0001482363
0.9390000000,0.0000578834,0.0000899737,0.0001478572
0.9391666667,0.0000583224,0.0000891637,0.0001474861
0.9393333333,0.0000587540,0.0000883692,0.0001471231
0.9395000000,0.0000591779,0.0000875909,0.0001467688
0.9396666667,0.0000595939,0.0000868298,0.0001464237
0.9398333333,0.0000600019,0.0000860862,0.0001460881
0.9400000000,0.0000604017,0.0000853600,0.0001457617
0.9401666667,0.0000607931,0.0000846512,0.0001454442
0.9403333333,0.0000611759,0.0000839596,0.0001451355
0.9405000000,0.0000615500,0.0000832857,0.0001448357
0.9406666667,0.0000619153,0.0000826298,0.0001445451
0.9408333333,0.0000622717,0.0000819922,0.0001442639
0.9410000000,0.0000626192,0.0000813729,0.0001439921
0.9411666667,0.0000629577,0.0000807718,0.0001437295
0.9413333333,0.0000632870,0.0000801891,0.0001434761
0.9415000000,0.0000636071,0.0000796250,0.0001432321
0.9416666667,0.0000639180,0.0000790794,0.0001429974
0.9418333333,0.0000642196,0.0000785521,0.0001427717
0.9420000000,0.0000645120,0.0000780424,0.0001425544
0.9421666667,0.0000647950,0.0000775498,0.0001423448
0.9423333333,0.0000650688,0.0000770737,0.0001421425
0.9425000000,0.0000653333,0.0000766140,0.0001419473
0.9426666667,0.0000655885,0.0000761707,0.0001417592
0.9428333333,0.0000658344,0.0000757440,0.0001415784
0.9430000000,0.0000660710,0.0000753338,0.0001414049
0.9431666667,0.0000662985,0.0000749402,0.0001412387
0.9433333333,0.0000665167,0.0000745632,0.0001410799
0.9435000000,0.0000667258,0.0000742027,0.0001409285
0.9436666667,0.0000669260,0.0000738586,0.0001407845
0.9438333333,0.0000671172,0.0000735306,0.0001406478
0.9440000000,0.0000672996,0.0000732184,0.0001405180
0.9441666667,0.0000674734,0.0000729217,0.0001403951
0.9443333333,0.0000676387,0.0000726401,0.0001402788
0.9445000000,0.0000677955,0.0000723736,0.0001401692
0.9446666667,0.0000679440,0.0000721221,0.0001400662
0.9448333333,0.0000680844,0.0000718851,0.0001399695
0.9450000000,0.0000682169,0.0000716621,0.0001398789
0.9451666667,0.0000683415,0.0000714524,0.0001397939
0.9453333333,0.0000684586,0.0000712555,0.0001397141
0.9455000000,0.0000685683,0.0000710711,0.0001396393
0.9456666667,0.0000686707,0.0000708988,0.0001395694
0.9458333333,0.0000687660,0.0000707384,0.0001395044
0.9460000000,0.0000688545,0.0000705896,0.0001394440
0.9461666667,0.0000689363,0.0000704518,0.0001393881
0.9463333333,0.0000690116,0.0000703249,0.0001393364
0.9465000000,0.0000690806,0.0000702084,0.0001392890
0.9466666667,0.0000691436,0.0000701022,0.0001392458
0.9468333333,0.0000692008,0.0000700059,0.0001392068
0.9470000000,0.0000692526,0.0000699193,0.0001391719
0.9471666667,0.0000692991,0.0000698419,0.0001391409
0.9473333333,0.0000693406,0.0000697730,0.0001391137
0.9475000000,0.0000693774,0.0000697123,0.0001390897
0.9476666667,0.0000694097,0.0000696590,0.0001390688
0.9478333333,0.0000694378,0.0000696127,0.0001390506
0.9480000000,0.0000694619,0.0000695729,0.0001390349
0.9481666667,0.0000694824,0.0000695391,0.0001390215
0.9483333333,0.0000694994,0.0000695108,0.0001390102
0.9485000000,0.0000695133,0.0000694877,0.0001390009
0.9486666667,0.0000695242,0.0000694692,0.0001389935
0.9488333333,0.0000695325,0.0000694551,0.0001389876
0.9490000000,0.0000695384,0.0000694448,0.0001389832
0.9491666667,0.0000695421,0.0000694379,0.0001389800
0.9493333333,0.0000695438,0.0000694340,0.0001389777
0.9495000000,0.0000695437,0.0000694326,0.0001389763
0.9496666667,0.0000695422,0.0000694333,0.0001389755
0.9498333333,0.0000695394,0.0000694359,0.0001389752
0.9500000000,0.0000695354,0.0000694397,0.0001389752
0.9501666667,0.0000695306,0.0000694445,0.0001389752
0.9503333333,0.0000695252,0.0000694498,0.0001389749
0.9505000000,0.0000695191,0.0000694551,0.0001389742
0.9506666667,0.0000695126,0.0000694603,0.0001389729
0.9508333333,0.0000695058,0.0000694650,0.0001389708
0.9510000000,0.0000694987,0.0000694690,0.0001389677
0.9511666667,0.0000694915,0.0000694720,0.0001389635
0.9513333333,0.0000694841,0.0000694737,0.0001389578
0.9515000000,0.0000694765,0.0000694741,0.0001389506
0.9516666667,0.0000694687,0.0000694730,0.0001389417
0.9518333333,0.0000694607,0.0000694703,0.0001389310
0.9520000000,0.0000694522,0.0000694660,0.0001389182
0.9521666667,0.0000694433,0.0000694598,0.0001389031
0.9523333333,0.0000694338,0.0000694515,0.0001388853
0.9525000000,0.0000694235,0.0000694410,0.0001388645
0.9526666667,0.0000694123,0.0000694283,0.0001388406
0.9528333333,0.0000694001,0.0000694134,0.0001388135
0.9530000000,0.0000693867,0.0000693964,0.0001387830
0.9531666667,0.0000693717,0.0000693773,0.0001387490
0.9533333333,0.0000693551,0.0000693559,0.0001387111
0.9535000000,0.0000693367,0.0000693322,0.0001386689
0.9536666667,0.0000693162,0.0000693062,0.0001386224
0.9538333333,0.0000692934,0.0000692782,0.0001385716
0.9540000000,0.0000692682,0.0000692483,0.0001385165
0.9541666667,0.0000692405,0.0000692167,0.0001384572
0.9543333333,0.0000692100,0.0000691833,0.0001383932
0.9545000000,0.0000691766,0.0000691478,0.0001383244
0.9546666667,0.0000691403,0.0000691102,0.0001382505
0.9548333333,0.0000691008,0.0000690706,0.0001381714
0.9550000000,0.0000690583,0.0000690289,0.0001380872
0.9551666667,0.0000690125,0.0000689851,0.0001379976
0.9553333333,0.0000689635,0.0000689386,0.0001379021
0.9555000000,0.0000689114,0.0000688888,0.0001378002
0.9556666667,0.0000688561,0.0000688352,0.0001376913
0.9558333333,0.0000687977,0.0000687776,0.0001375753
0.9560000000,0.0000687361,0.0000687163,0.0001374524
0.9561666667,0.0000686713,0.0000686515,0.0001373229
0.9563333333,0.0000686034,0.0000685836,0.0001371869
0.9565000000,0.0000685322,0.0000685124,0.0001370446
0.9566666667,0.0000684578,0.0000684377,0.0001368954
0.9568333333,0.0000683800,0.0000683593,0.0001367393
0.9570000000,0.0000682987,0.0000682771,0.0001365759
0.9571666667,0.0000682140,0.0000681911,0.0001364051
0.9573333333,0.0000681256,0.0000681013,0.0001362269
0.9575000000,0.0000680334,0.0000680078,0.0001360412
0.9576666667,0.0000679372,0.0000679106,0.0001358478
0.9578333333,0.0000678371,0.0000678096,0.0001356467
0.9580000000,0.0000677328,0.0000677049,0.0001354376
0.9581666667,0.0000676242,0.0000675961,0.0001352203
0.9583333333,0.0000675113,0.0000674832,0.0001349945
0.9585000000,0.0000673940,0.0000673656,0.0001347596
0.9586666667,0.0000672724,0.0000672431,0.0001345155
0.9588333333,0.0000671462,0.0000671159,0.0001342621
0.9590000000,0.0000670156,0.0000669841,0.0001339997
0.9591666667,0.0000668805,0.0000668481,0.0001337286
0.9593333333,0.0000667410,0.0000667082,0.0001334492
0.9595000000,0.0000665970,0.0000665644,0.0001331614
0.9596666667,0.0000664487,0.0000664165,0.0001328651
0.9598333333,0.0000662959,0.0000662643,0.0001325602
0.9600000000,0.0000661386,0.0000661079,0.0001322466
0.9601666667,0.0000659769,0.0000659473,0.0001319242
0.9603333333,0.0000658106,0.0000657822,0.0001315928
0.9605000000,0.0000656397,0.0000656125,0.0001312522
0.9606666667,0.0000654643,0.0000654376,0.0001309019
0.9608333333,0.0000652841,0.0000652573,0.0001305414
0.9610000000,0.0000650992,0.0000650713,0.0001301706
0.9611666667,0.0000649095,0.0000648799,0.0001297895
0.9613333333,0.0000647150,0.0000646833,0.0001293983
0.9615000000,0.0000645155,0.0000644819,0.0001289974
0.9616666667,0.0000643112,0.0000642760,0.0001285872
0.9618333333,0.0000641018,0.0000640659,0.0001281677
0.9620000000,0.0000638875,0.0000638515,0.0001277391
0.9621666667,0.0000636684,0.0000636328,0.0001273011
0.9623333333,0.0000634443,0.0000634094,0.0001268537
0.9625000000,0.0000632154,0.0000631813,0.0001263967
0.9626666667,0.0000629818,0.0000629484,0.0001259302
0.9628333333,0.0000627433,0.0000627109,0.0001254542
0.9630000000,0.0000625000,0.0000624690,0.0001249690
0.9631666667,0.0000622520,0.0000622226,0.0001244746
0.9633333333,0.0000619993,0.0000619714,0.0001239706
0.9635000000,0.0000617418,0.0000617149,0.0001234566
0.9636666667,0.0000614795,0.0000614527,0.0001229322
0.9638333333,0.0000612124,0.0000611848,0.0001223972
0.9640000000,0.0000609406,0.0000609111,0.0001218516
0.9641666667,0.0000606638,0.0000606320,0.0001212958
0.9643333333,0.0000603823,0.0000603480,0.0001207303
0.9645000000,0.0000600959,0.0000600597,0.0001201556
0.9646666667,0.0000598048,0.0000597676,0.0001195723
0.9648333333,0.0000595089,0.0000594718,0.0001189808
0.9650000000,0.0000592084,0.0000591727,0.0001183811
0.9651666667,0.0000589032,0.0000588698,0.0001177730
0.9653333333,0.0000585935,0.0000585629,0.0001171563
0.9655000000,0.0000582792,0.0000582512,0.0001165304
0.9656666667,0.0000579605,0.0000579344,0.0001158949
0.9658333333,0.0000576374,0.0000576123,0.0001152497
0.9660000000,0.0000573099,0.0000572848,0.0001145947
0.9661666667,0.0000569781,0.0000569522,0.0001139303
0.9663333333,0.0000566420,0.0000566150,0.0001132570
0.9665000000,0.0000563016,0.0000562734,0.0001125750
0.9666666667,0.0000559569,0.0000559276,0.0001118845
0.9668333333,0.0000556079,0.0000555778,0.0001111857
0.9670000000,0.0000552546,0.0000552239,0.0001104785
0.9671666667,0.0000548972,0.0000548658,0.0001097630
0.9673333333,0.0000545357,0.0000545037,0.0001090394
0.9675000000,0.0000541702,0.0000541381,0.0001083083
0.9676666667,0.0000538008,0.0000537695,0.0001075704
0.9678333333,0.0000534275,0.0000533983,0.0001068258
0.9680000000,0.0000530505,0.0000530240,0.0001060745
0.9681666667,0.0000526697,0.0000526461,0.0001053158
0.9683333333,0.0000522854,0.0000522636,0.0001045490
0.9685000000,0.0000518975,0.0000518765,0.0001037739
0.9686666667,0.0000515061,0.0000514848,0.0001029909
0.9688333333,0.0000511112,0.0000510892,0.0001022004
0.9690000000,0.0000507129,0.0000506902,0.0001014031
0.9691666667,0.0000503112,0.0000502877,0.0001005989
0.9693333333,0.0000499062,0.0000498815,0.0000997876
0.9695000000,0.0000494979,0.0000494714,0.0000989693
0.9696666667,0.0000490865,0.0000490582,0.0000981447
0.9698333333,0.0000486721,0.0000486427,0.0000973148
0.9700000000,0.0000482548,0.0000482260,0.0000964807
0.9701666667,0.0000478346,0.0000478083,0.0000956429
0.9703333333,0.0000474117,0.0000473890,0.0000948007
0.9705000000,0.0000469861,0.0000469671,0.0000939531
0.9706666667,0.0000465580,0.0000465414,0.0000930993
0.9708333333,0.0000461274,0.0000461116,0.0000922389
0.9710000000,0.0000456943,0.0000456780,0.0000913723
0.9711666667,0.0000452590,0.0000452414,0.0000905004
0.9713333333,0.0000448213,0.0000448026,0.0000896239
0.9715000000,0.0000443815,0.0000443619,0.0000887434
0.9716666667,0.0000439395,0.0000439195,0.0000878590
0.9718333333,0.0000434954,0.0000434753,0.0000869707
0.9720000000,0.0000430494,0.0000430292,0.0000860787
0.9721666667,0.0000426017,0.0000425813,0.0000851830
0.9723333333,0.0000421523,0.0000421317,0.0000842840
0.9725000000,0.0000417013,0.0000416808,0.0000833821
0.9726666667,0.0000412489,0.0000412291,0.0000824780
0.9728333333,0.0000407951,0.0000407768,0.0000815719
0.9730000000,0.0000403400,0.0000403238,0.0000806638
0.9731666667,0.0000398838,0.0000398698,0.0000797535
0.9733333333,0.0000394263,0.0000394144,0.0000788407
0.9735000000,0.0000389679,0.0000389573,0.0000779252
0.9736666667,0.0000385085,0.0000384983,0.0000770068
0.9738333333,0.0000380482,0.0000380376,0.0000760858
0.9740000000,0.0000375872,0.0000375754,0.0000751625
0.9741666667,0.0000371255,0.0000371119,0.0000742374
0.9743333333,0.0000366633,0.0000366477,0.0000733109
0.9745000000,0.0000362007,0.0000361834,0.0000723841
0.9746666667,0.0000357379,0.0000357200,0.0000714579
0.9748333333,0.0000352749,0.0000352579,0.0000705328
0.9750000000,0.0000348118,0.0000347970,0.0000696088
0.9751666667,0.0000343488,0.0000343366,0.0000686853
0.9753333333,0.0000338858,0.0000338759,0.0000677617
0.9755000000,0.0000334230,0.0000334147,0.0000668377
0.9756666667,0.0000329604,0.0000329531,0.0000659135
0.9758333333,0.0000324982,0.0000324916,0.0000649898
0.9760000000,0.0000320365,0.0000320303,0.0000640668
0.9761666667,0.0000315754,0.0000315691,0.0000631445
0.9763333333,0.0000311149,0.0000311079,0.0000622228
0.9765000000,0.0000306553,0.0000306466,0.0000613019
0.9766666667,0.0000301966,0.0000301862,0.0000603828
0.9768333333,0.0000297389,0.0000297275,0.0000594665
0.9770000000,0.0000292824,0.0000292711,0.0000585535
0.9771666667,0.0000288272,0.0000288168,0.0000576439
0.9773333333,0.0000283732,0.0000283640,0.0000567372
0.9775000000,0.0000279206,0.0000279123,0.0000558329
0.9776666667,0.0000274694,0.0000274619,0.0000549313
0.9778333333,0.0000270197,0.0000270134,0.0000540331
0.9780000000,0.0000265717,0.0000265672,0.0000531389
0.9781666667,0.0000261255,0.0000261230,0.0000522485
0.9783333333,0.0000256812,0.0000256801,0.0000513613
0.9785000000,0.0000252389,0.0000252380,0.0000504769
0.9786666667,0.0000247987,0.0000247966,0.0000495953
0.9788333333,0.0000243606,0.0000243569,0.0000487176
0.9790000000,0.0000239249,0.0000239197,0.0000478445
0.9791666667,0.0000234914,0.0000234852,0.0000469766
0.9793333333,0.0000230604,0.0000230534,0.0000461137
0.9795000000,0.0000226318,0.0000226240,0.0000452558
0.9796666667,0.0000222058,0.0000221975,0.0000444033
0.9798333333,0.0000217824,0.0000217749,0.0000435573
0.9800000000,0.0000213618,0.0000213569,0.0000427186
0.9801666667,0.0000209440,0.0000209429,0.0000418869
0.9803333333,0.0000205291,0.0000205317,0.0000410608
0.9805000000,0.0000201173,0.0000201216,0.0000402389
0.9806666667,0.0000197087,0.0000197120,0.0000394207
0.9808333333,0.0000193033,0.0000193038,0.0000386070
0.9810000000,0.0000189011,0.0000188987,0.0000377997
0.9811666667,0.0000185021,0.0000184982,0.0000370003
0.9813333333,0.0000181065,0.0000181025,0.0000362090
0.9815000000,0.0000177144,0.0000177110,0.0000354254
0.9816666667,0.0000173257,0.0000173229,0.0000346486
0.9818333333,0.0000169407,0.0000169379,0.0000338785
0.9820000000,0.0000165593,0.0000165565,0.0000331158
0.9821666667,0.0000161816,0.0000161795,0.0000323611
0.9823333333,0.0000158078,0.0000158069,0.0000316147
0.9825000000,0.0000154379,0.0000154386,0.0000308764
0.9826666667,0.0000150719,0.0000150738,0.0000301457
0.9828333333,0.0000147099,0.0000147124,0.0000294223
0.9830000000,0.0000143520,0.0000143546,0.0000287065
0.9831666667,0.0000139981,0.0000140005,0.0000279986
0.9833333333,0.0000136483,0.0000136503,0.0000272986
0.9835000000,0.0000133027,0.0000133038,0.0000266065
0.9836666667,0.0000129613,0.0000129611,0.0000259224
0.9838333333,0.0000126242,0.0000126226,0.0000252468
0.9840000000,0.0000122915,0.0000122890,0.0000245805
0.9841666667,0.0000119631,0.0000119607,0.0000239239
0.9843333333,0.0000116393,0.0000116377,0.0000232770
0.9845000000,0.0000113199,0.0000113196,0.0000226395
0.9846666667,0.0000110050,0.0000110059,0.0000220109
0.9848333333,0.0000106947,0.0000106965,0.0000213912
0.9850000000,0.0000103889,0.0000103918,0.0000207807
0.9851666667,0.0000100877,0.0000100917,0.0000201793
0.9853333333,0.0000097911,0.0000097958,0.0000195870
0.9855000000,0.0000094993,0.0000095037,0.0000190030
0.9856666667,0.0000092121,0.0000092150,0.0000184271
0.9858333333,0.0000089296,0.0000089303,0.0000178599
0.9860000000,0.0000086519,0.0000086505,0.0000173024
0.9861666667,0.0000083790,0.0000083766,0.0000167555
0.9863333333,0.0000081108,0.0000081088,0.0000162196
0.9865000000,0.0000078475,0.0000078467,0.0000156942
0.9866666667,0.0000075889,0.0000075895,0.0000151785
0.9868333333,0.0000073351,0.0000073368,0.0000146720
0.9870000000,0.0000070862,0.0000070886,0.0000141748
0.9871666667,0.0000068421,0.0000068451,0.0000136872
0.9873333333,0.0000066028,0.0000066064,0.0000132093
0.9875000000,0.0000063685,0.0000063723,0.0000127407
0.9876666667,0.0000061390,0.0000061423,0.0000122813
0.9878333333,0.0000059144,0.0000059165,0.0000118309
0.9880000000,0.0000056946,0.0000056954,0.0000113900
0.9881666667,0.0000054796,0.0000054795,0.0000109591
0.9883333333,0.0000052695,0.0000052692,0.0000105386
0.9885000000,0.0000050641,0.0000050641,0.0000101282
0.9886666667,0.0000048635,0.0000048639,0.0000097274
0.9888333333,0.0000046678,0.0000046681,0.0000093359
0.9890000000,0.0000044768,0.0000044770,0.0000089538
0.9891666667,0.0000042906,0.0000042909,0.0000085815
0.9893333333,0.0000041092,0.0000041101,0.0000082193
0.9895000000,0.0000039325,0.0000039346,0.0000078671
0.9896666667,0.0000037605,0.0000037637,0.0000075243
0.9898333333,0.0000035933,0.0000035969,0.0000071902
0.9900000000,0.0000034306,0.0000034338,0.0000068644
0.9901666667,0.0000032726,0.0000032745,0.0000065471
0.9903333333,0.0000031190,0.0000031195,0.0000062386
0.9905000000,0.0000029700,0.0000029693,0.0000059393
0.9906666667,0.0000028255,0.0000028241,0.0000056496
0.9908333333,0.0000026855,0.0000026840,0.0000053695
0.9910000000,0.0000025500,0.0000025489,0.0000050989
0.9911666667,0.0000024189,0.0000024187,0.0000048376
0.9913333333,0.0000022921,0.0000022929,0.0000045851
0.9915000000,0.0000021697,0.0000021713,0.0000043410
0.9916666667,0.0000020514,0.0000020535,0.0000041049
0.9918333333,0.0000019374,0.0000019393,0.0000038767
0.9920000000,0.0000018275,0.0000018290,0.0000036565
0.9921666667,0.0000017217,0.0000017226,0.0000034443
0.9923333333,0.0000016200,0.0000016202,0.0000032402
0.9925000000,0.0000015222,0.0000015219,0.0000030441
0.9926666667,0.0000014284,0.0000014275,0.0000028559
0.9928333333,0.0000013385,0.0000013371,0.0000026755
0.9930000000,0.0000012523,0.0000012506,0.0000025029
0.9931666667,0.0000011699,0.0000011682,0.0000023380
0.9933333333,0.0000010911,0.0000010897,0.0000021808
0.9935000000,0.0000010159,0.0000010150,0.0000020309
0.9936666667,0.0000009442,0.0000009438,0.0000018880
0.9938333333,0.0000008761,0.0000008759,0.0000017519
0.9940000000,0.0000008113,0.0000008110,0.0000016223
0.9941666667,0.0000007500,0.0000007492,0.0000014992
0.9943333333,0.0000006918,0.0000006906,0.0000013824
0.9945000000,0.0000006368,0.0000006349,0.0000012718
0.9946666667,0.0000005849,0.0000005824,0.0000011673
0.9948333333,0.0000005360,0.0000005328,0.0000010688
0.9950000000,0.0000004899,0.0000004863,0.0000009762
0.9951666667,0.0000004467,0.0000004427,0.0000008894
0.9953333333,0.0000004062,0.0000004020,0.0000008082
0.9955000000,0.0000003685,0.0000003639,0.0000007324
0.9956666667,0.0000003333,0.0000003284,0.0000006617
0.9958333333,0.0000003006,0.0000002955,0.0000005962
0.9960000000,0.0000002704,0.0000002651,0.0000005355
0.9961666667,0.0000002425,0.0000002371,0.0000004796
0.9963333333,0.0000002167,0.0000002112,0.0000004279
0.9965000000,0.0000001932,0.0000001870,0.0000003802
0.9966666667,0.0000001716,0.0000001646,0.0000003361
0.9968333333,0.0000001519,0.0000001438,0.0000002956
0.9970000000,0.0000001340,0.0000001248,0.0000002588
0.9971666667,0.0000001178,0.0000001079,0.0000002257
0.9973333333,0.0000001033,0.0000000929,0.0000001963
0.9975000000,0.0000000904,0.0000000798,0.0000001702
0.9976666667,0.0000000789,0.0000000682,0.0000001471
0.9978333333,0.0000000687,0.0000000579,0.0000001266
0.9980000000,0.0000000597,0.0000000488,0.0000001084
0.9981666667,0.0000000518,0.0000000407,0.0000000926
0.9983333333,0.0000000450,0.0000000339,0.0000000789
0.9985000000,0.0000000391,0.0000000280,0.0000000671
0.9986666667,0.0000000341,0.0000000231,0.0000000572
0.9988333333,0.0000000298,0.0000000191,0.0000000489
0.9990000000,0.0000000262,0.0000000159,0.0000000421
0.9991666667,0.0000000230,0.0000000136,0.0000000367
0.9993333333,0.0000000204,0.0000000122,0.0000000325
0.9995000000,0.0000000181,0.0000000114,0.0000000295
0.9996666667,0.0000000161,0.0000000113,0.0000000274
0.9998333333,0.0000000145,0.0000000118,0.0000000263
1.0000000000,0.0000000131,0.0000000127,0.0000000258
1.0001666667,0.0000000119,0.0000000142,0.0000000261
1.0003333333,0.0000000108,0.0000000161,0.0000000270
1.0005000000,0.0000000099,0.0000000185,0.0000000284
1.0006666667,0.0000000092,0.0000000213,0.0000000304
1.0008333333,0.0000000086,0.0000000245,0.0000000330
1.0010000000,0.0000000081,0.0000000281,0.0000000362
1.0011666667,0.0000000079,0.0000000323,0.0000000401
1.0013333333,0.0000000079,0.0000000369,0.0000000448
1.0015000000,0.0000000083,0.0000000418,0.0000000501
1.0016666667,0.0000000092,0.0000000470,0.0000000562
1.0018333333,0.0000000108,0.0000000525,0.0000000632
1.0020000000,0.0000000130,0.0000000582,0.0000000713
1.0021666667,0.0000000162,0.0000000644,0.0000000806
1.0023333333,0.0000000204,0.0000000711,0.0000000915
1.0025000000,0.0000000259,0.0000000784,0.0000001043
1.0026666667,0.0000000328,0.0000000864,0.0000001192
1.0028333333,0.0000000414,0.0000000951,0.0000001365
1.0030000000,0.0000000518,0.0000001047,0.0000001565
1.0031666667,0.0000000642,0.0000001152,0.0000001795
1.0033333333,0.0000000789,0.0000001268,0.0000002057
1.0035000000,0.0000000960,0.0000001396,0.0000002355
1.0036666667,0.0000001157,0.0000001536,0.0000002693
1.0038333333,0.0000001381,0.0000001691,0.0000003072
1.0040000000,0.0000001635,0.0000001861,0.0000003496
1.0041666667,0.0000001920,0.0000002049,0.0000003968
1.0043333333,0.0000002236,0.0000002258,0.0000004494
1.0045000000,0.0000002586,0.0000002493,0.0000005079
1.0046666667,0.0000002969,0.0000002760,0.0000005729
1.0048333333,0.0000003385,0.0000003063,0.0000006448
1.0050000000,0.0000003835,0.0000003403,0.0000007238
1.0051666667,0.0000004318,0.0000003781,0.0000008099
1.0053333333,0.0000004834,0.0000004199,0.0000009032
1.0055000000,0.0000005382,0.0000004657,0.0000010039
1.0056666667,0.0000005963,0.0000005160,0.0000011123
1.0058333333,0.0000006575,0.0000005712,0.0000012287
1.0060000000,0.0000007220,0.0000006314,0.0000013534
1.0061666667,0.0000007895,0.0000006970,0.0000014865
1.0063333333,0.0000008601,0.0000007678,0.0000016279
1.0065000000,0.0000009337,0.0000008440,0.0000017777
1.0066666667,0.0000010103,0.0000009253,0.0000019357
1.0068333333,0.0000010901,0.0000010119,0.0000021020
1.0070000000,0.0000011730,0.0000011037,0.0000022767
1.0071666667,0.0000012592,0.0000012007,0.0000024598
1.0073333333,0.0000013487,0.0000013027,0.0000026514
1.0075000000,0.0000014416,0.0000014095,0.0000028511
1.0076666667,0.0000015380,0.0000015208,0.0000030588
1.0078333333,0.0000016382,0.0000016359,0.0000032741
1.0080000000,0.0000017422,0.0000017541,0.0000034963
1.0081666667,0.0000018501,0.0000018749,0.0000037250
1.0083333333,0.0000019621,0.0000019982,0.0000039603
1.0085000000,0.0000020784,0.0000021240,0.0000042024
1.0086666667,0.0000021991,0.0000022526,0.0000044517
1.0088333333,0.0000023241,0.0000023843,0.0000047084
1.0090000000,0.0000024536,0.0000025191,0.0000049727
1.0091666667,0.0000025876,0.0000026565,0.0000052441
1.0093333333,0.0000027260,0.0000027963,0.0000055223
1.0095000000,0.0000028690,0.0000029383,0.0000058073
1.0096666667,0.0000030165,0.0000030827,0.0000060992
1.0098333333,0.0000031685,0.0000032296,0.0000063982
1.0100000000,0.0000033252,0.0000033792,0.0000067044
1.0101666667,0.0000034865,0.0000035316,0.0000070181
1.0103333333,0.0000036525,0.0000036872,0.0000073396
1.0105000000,0.0000038231,0.0000038464,0.0000076695
1.0106666667,0.0000039984,0.0000040101,0.0000080086
1.0108333333,0.0000041786,0.0000041789,0.0000083575
1.0110000000,0.0000043635,0.0000043531,0.0000087166
1.0111666667,0.0000045534,0.0000045327,0.0000090861
1.0113333333,0.0000047482,0.0000047178,0.0000094660
1.0115000000,0.0000049480,0.0000049084,0.0000098565
1.0116666667,0.0000051528,0.0000051051,0.0000102579
1.0118333333,0.0000053626,0.0000053080,0.0000106707
1.0120000000,0.0000055774,0.0000055175,0.0000110949
1.0121666667,0.0000057972,0.0000057334,0.0000115306
1.0123333333,0.0000060219,0.0000059557,0.0000119776
1.0125000000,0.0000062515,0.0000061846,0.0000124361
1.0126666667,0.0000064859,0.0000064205,0.0000129064
1.0128333333,0.0000067250,0.0000066636,0.0000133886
1.0130000000,0.0000069689,0.0000069138,0.0000138827
1.0131666667,0.0000072173,0.0000071707,0.0000143880
1.0133333333,0.0000074704,0.0000074336,0.0000149040
1.0135000000,0.0000077281,0.0000077022,0.0000154303
1.0136666667,0.0000079903,0.0000079763,0.0000159666
1.0138333333,0.0000082572,0.0000082555,0.0000165127
1.0140000000,0.0000085288,0.0000085393,0.0000170681
1.0141666667,0.0000088051,0.0000088267,0.0000176318
1.0143333333,0.0000090861,0.0000091168,0.0000182029
1.0145000000,0.0000093719,0.0000094091,0.0000187810
1.0146666667,0.0000096623,0.0000097039,0.0000193663
1.0148333333,0.0000099576,0.0000100019,0.0000199594
1.0150000000,0.0000102576,0.0000103032,0.0000205608
1.0151666667,0.0000105622,0.0000106078,0.0000211701
1.0153333333,0.0000108715,0.0000109154,0.0000217869
1.0155000000,0.0000111854,0.0000112255,0.0000224109
1.0156666667,0.0000115038,0.0000115383,0.0000230421
1.0158333333,0.0000118265,0.0000118542,0.0000236808
1.0160000000,0.0000121537,0.0000121733,0.0000243271
1.0161666667,0.0000124853,0.0000124955,0.0000249808
1.0163333333,0.0000128212,0.0000128207,0.0000256419
1.0165000000,0.0000131614,0.0000131494,0.0000263108
1.0166666667,0.0000135060,0.0000134828,0.0000269888
1.0168333333,0.0000138548,0.0000138225,0.0000276773
1.0170000000,0.0000142079,0.0000141693,0.0000283772
1.0171666667,0.0000145652,0.0000145231,0.0000290883
1.0173333333,0.0000149265,0.0000148828,0.0000298094
1.0175000000,0.0000152920,0.0000152473,0.0000305393
1.0176666667,0.0000156614,0.0000156162,0.0000312776
1.0178333333,0.0000160346,0.0000159903,0.0000320249
1.0180000000,0.0000164117,0.0000163705,0.0000327822
1.0181666667,0.0000167925,0.0000167573,0.0000335498
1.0183333333,0.0000171768,0.0000171499,0.0000343267
1.0185000000,0.0000175645,0.0000175469,0.0000351114
1.0186666667,0.0000179557,0.0000179470,0.0000359027
1.0188333333,0.0000183502,0.0000183499,0.0000367001
1.0190000000,0.0000187481,0.0000187561,0.0000375042
1.0191666667,0.0000191494,0.0000191659,0.0000383153
1.0193333333,0.0000195538,0.0000195792,0.0000391331
1.0195000000,0.0000199615,0.0000199949,0.0000399564
1.0196666667,0.0000203723,0.0000204116,0.0000407839
1.0198333333,0.0000207861,0.0000208285,0.0000416146
1.0200000000,0.0000212030,0.0000212453,0.0000424483
1.0201666667,0.0000216228,0.0000216627,0.0000432854
1.0203333333,0.0000220453,0.0000220808,0.0000441261
1.0205000000,0.0000224705,0.0000225001,0.0000449707
1.0206666667,0.0000228984,0.0000229206,0.0000458190
1.0208333333,0.0000233287,0.0000233426,0.0000466713
1.0210000000,0.0000237614,0.0000237668,0.0000475282
1.0211666667,0.0000241963,0.0000241939,0.0000483903
1.0213333333,0.0000246336,0.0000246245,0.0000492581
1.0215000000,0.0000250730,0.0000250586,0.0000501317
1.0216666667,0.0000255146,0.0000254960,0.0000510106
1.0218333333,0.0000259582,0.0000259363,0.0000518945
1.0220000000,0.0000264037,0.0000263794,0.0000527831
1.0221666667,0.0000268511,0.0000268254,0.0000536765
1.0223333333,0.0000273002,0.0000272745,0.0000545747
1.0225000000,0.0000277509,0.0000277267,0.0000554776
1.0226666667,0.0000282030,0.0000281823,0.0000563854
1.0228333333,0.0000286566,0.0000286413,0.0000572979
1.0230000000,0.0000291114,0.0000291036,0.0000582149
1.0231666667,0.0000295673,0.0000295687,0.0000591360
1.0233333333,0.0000300243,0.0000300358,0.0000600601
1.0235000000,0.0000304823,0.0000305035,0.0000609858
1.0236666667,0.0000309411,0.0000309707,0.0000619118
1.0238333333,0.0000314008,0.0000314365,0.0000628373
1.0240000000,0.0000318613,0.0000319006,0.0000637619
1.0241666667,0.0000323225,0.0000323633,0.0000646858
1.0243333333,0.0000327842,0.0000328248,0.0000656091
1.0245000000,0.0000332464,0.0000332854,0.0000665319
1.0246666667,0.0000337089,0.0000337451,0.0000674541
1.0248333333,0.0000341716,0.0000342039,0.0000683756
1.0250000000,0.0000346344,0.0000346619,0.0000692963
1.0251666667,0.0000350971,0.0000351192,0.0000702163
1.0253333333,0.0000355597,0.0000355759,0.0000711356
1.0255000000,0.0000360221,0.0000360324,0.0000720545
1.0256666667,0.0000364842,0.0000364888,0.0000729729
1.0258333333,0.0000369458,0.0000369455,0.0000738913
1.0260000000,0.0000374070,0.0000374028,0.0000748099
1.0261666667,0.0000378677,0.0000378611,0.0000757288
1.0263333333,0.0000383276,0.0000383202,0.0000766479
1.0265000000,0.0000387868,0.0000387799,0.0000775668
1.0266666667,0.0000392452,0.0000392400,0.0000784852
1.0268333333,0.0000397025,0.0000397005,0.0000794030
1.0270000000,0.0000401587,0.0000401615,0.0000803202
1.0271666667,0.0000406137,0.0000406231,0.0000812368
1.0273333333,0.0000410673,0.0000410849,0.0000821521
1.0275000000,0.0000415194,0.0000415458,0.0000830652
1.0276666667,0.0000419702,0.0000420044,0.0000839746
1.0278333333,0.0000424193,0.0000424598,0.0000848791
1.0280000000,0.0000428668,0.0000429111,0.0000857780
1.0281666667,0.0000433127,0.0000433584,0.0000866711
1.0283333333,0.0000437566,0.0000438020,0.0000875586
1.0285000000,0.0000441987,0.0000442423,0.0000884410
1.0286666667,0.0000446386,0.0000446797,0.0000893184
1.0288333333,0.0000450765,0.0000451145,0.0000901910
1.0290000000,0.0000455121,0.0000455469,0.0000910589
1.0291666667,0.0000459453,0.0000459767,0.0000919220
1.0293333333,0.0000463760,0.0000464038,0.0000927798
1.0295000000,0.0000468042,0.0000468279,0.0000936321
1.0296666667,0.0000472297,0.0000472489,0.0000944786
1.0298333333,0.0000476526,0.0000476672,0.0000953198
1.0300000000,0.0000480728,0.0000480835,0.0000961563
1.0301666667,0.0000484901,0.0000484986,0.0000969887
1.0303333333,0.0000489046,0.0000489129,0.0000978175
1.0305000000,0.0000493161,0.0000493263,0.0000986423
1.0306666667,0.0000497245,0.0000497381,0.0000994626
1.0308333333,0.0000501297,0.0000501480,0.0001002777
1.0310000000,0.0000505317,0.0000505553,0.0001010869
1.0311666667,0.0000509303,0.0000509598,0.0001018901
1.0313333333,0.0000513255,0.0000513614,0.0001026869
1.0315000000,0.0000517174,0.0000517591,0.0001034765
1.0316666667,0.0000521057,0.0000521522,0.0001042579
1.0318333333,0.0000524905,0.0000525399,0.0001050304
1.0320000000,0.0000528717,0.0000529219,0.0001057936
1.0321666667,0.0000532491,0.0000532988,0.0001065479
1.0323333333,0.0000536228,0.0000536709,0.0001072937
1.0325000000,0.0000539927,0.0000540388,0.0001080314
1.0326666667,0.0000543586,0.0000544024,0.0001087610
1.0328333333,0.0000547205,0.0000547615,0.0001094820
1.0330000000,0.0000550783,0.0000551158,0.0001101941
1.0331666667,0.0000554320,0.0000554655,0.0001108975
1.0333333333,0.0000557815,0.0000558112,0.0001115927
1.0335000000,0.0000561268,0.0000561534,0.0001122802
1.0336666667,0.0000564678,0.0000564925,0.0001129603
1.0338333333,0.0000568046,0.0000568284,0.0001136330
1.0340000000,0.0000571372,0.0000571609,0.0001142980
1.0341666667,0.0000574653,0.0000574897,0.0001149550
1.0343333333,0.0000577890,0.0000578148,0.0001156038
1.0345000000,0.0000581082,0.0000581365,0.0001162447
1.0346666667,0.0000584229,0.0000584548,0.0001168778
1.0348333333,0.0000587331,0.0000587697,0.0001175028
1.0350000000,0.0000590388,0.0000590807,0.0001181194
1.0351666667,0.0000593398,0.0000593869,0.0001187268
1.0353333333,0.0000596363,0.0000596875,0.0001193238
1.0355000000,0.0000599282,0.0000599817,0.0001199099
1.0356666667,0.0000602154,0.0000602690,0.0001204844
1.0358333333,0.0000604979,0.0000605498,0.0001210477
1.0360000000,0.0000607757,0.0000608246,0.0001216003
1.0361666667,0.0000610488,0.0000610944,0.0001221432
1.0363333333,0.0000613170,0.0000613598,0.0001226768
1.0365000000,0.0000615803,0.0000616210,0.0001232014
1.0366666667,0.0000618389,0.0000618777,0.0001237166
1.0368333333,0.0000620925,0.0000621295,0.0001242220
1.0370000000,0.0000623413,0.0000623762,0.0001247175
1.0371666667,0.0000625853,0.0000626180,0.0001252033
1.0373333333,0.0000628244,0.0000628555,0.0001256800
1.0375000000,0.0000630588,0.0000630891,0.0001261479
1.0376666667,0.0000632883,0.0000633189,0.0001266072
1.0378333333,0.0000635129,0.0000635449,0.0001270579
1.0380000000,0.0000637328,0.0000637668,0.0001274996
1.0381666667,0.0000639477,0.0000639844,0.0001279321
1.0383333333,0.0000641579,0.0000641976,0.0001283556
1.0385000000,0.0000643633,0.0000644063,0.0001287696
1.0386666667,0.0000645639,0.0000646100,0.0001291739
1.0388333333,0.0000647598,0.0000648081,0.0001295679
1.0390000000,0.0000649509,0.0000650003,0.0001299512
1.0391666667,0.0000651373,0.0000651863,0.0001303236
1.0393333333,0.0000653190,0.0000653666,0.0001306856
1.0395000000,0.0000654960,0.0000655416,0.0001310376
1.0396666667,0.0000656682,0.0000657117,0.0001313799
1.0398333333,0.0000658358,0.0000658768,0.0001317125
1.0400000000,0.0000659986,0.0000660369,0.0001320355
1.0401666667,0.0000661568,0.0000661923,0.0001323491
1.0403333333,0.0000663103,0.0000663435,0.0001326538
1.0405000000,0.0000664593,0.0000664909,0.0001329502
1.0406666667,0.0000666038,0.0000666349,0.0001332387
1.0408333333,0.0000667439,0.0000667754,0.0001335193
1.0410000000,0.0000668796,0.0000669118,0.0001337914
1.0411666667,0.0000670109,0.0000670439,0.0001340548
1.0413333333,0.0000671379,0.0000671715,0.0001343094
1.0415000000,0.0000672605,0.0000672948,0.0001345553
1.0416666667,0.0000673789,0.0000674142,0.0001347932
1.0418333333,0.0000674931,0.0000675299,0.0001350231
1.0420000000,0.0000676033,0.0000676416,0.0001352449
1.0421666667,0.0000677093,0.0000677489,0.0001354582
1.0423333333,0.0000678114,0.0000678514,0.0001356628
1.0425000000,0.0000679096,0.0000679492,0.0001358588
1.0426666667,0.0000680038,0.0000680424,0.0001360462
1.0428333333,0.0000680942,0.0000681313,0.0001362255
1.0430000000,0.0000681807,0.0000682161,0.0001363968
1.0431666667,0.0000682635,0.0000682967,0.0001365602
1.0433333333,0.0000683425,0.0000683732,0.0001367158
1.0435000000,0.0000684179,0.0000684461,0.0001368640
1.0436666667,0.0000684896,0.0000685159,0.0001370055
1.0438333333,0.0000685579,0.0000685829,0.0001371409
1.0440000000,0.0000686228,0.0000686475,0.0001372703
1.0441666667,0.0000686845,0.0000687094,0.0001373939
1.0443333333,0.0000687429,0.0000687685,0.0001375114
1.0445000000,0.0000687982,0.0000688243,0.0001376225
1.0446666667,0.0000688503,0.0000688769,0.0001377272
1.0448333333,0.0000688995,0.0000689262,0.0001378257
1.0450000000,0.0000689458,0.0000689726,0.0001379183
1.0451666667,0.0000689892,0.0000690160,0.0001380052
1.0453333333,0.0000690298,0.0000690565,0.0001380864
1.0455000000,0.0000690679,0.0000690942,0.0001381620
1.0456666667,0.0000691033,0.0000691290,0.0001382323
1.0458333333,0.0000691362,0.0000691611,0.0001382974
1.0460000000,0.0000691668,0.0000691905,0.0001383573
1.0461666667,0.0000691949,0.0000692173,0.0001384122
1.0463333333,0.0000692207,0.0000692416,0.0001384624
1.0465000000,0.0000692443,0.0000692637,0.0001385081
1.0466666667,0.0000692658,0.0000692838,0.0001385496
1.0468333333,0.0000692853,0.0000693022,0.0001385874
1.0470000000,0.0000693028,0.0000693190,0.0001386218
1.0471666667,0.0000693185,0.0000693344,0.0001386528
1.0473333333,0.0000693325,0.0000693482,0.0001386807
1.0475000000,0.0000693449,0.0000693605,0.0001387054
1.0476666667,0.0000693557,0.0000693714,0.0001387271
1.0478333333,0.0000693650,0.0000693811,0.0001387461
1.0480000000,0.0000693730,0.0000693897,0.0001387627
1.0481666667,0.0000693796,0.0000693972,0.0001387768
1.0483333333,0.0000693851,0.0000694036,0.0001387887
1.0485000000,0.0000693895,0.0000694088,0.0001387983
1.0486666667,0.0000693928,0.0000694130,0.0001388058
1.0488333333,0.0000693951,0.0000694165,0.0001388116
1.0490000000,0.0000693963,0.0000694194,0.0001388158
1.0491666667,0.0000693966,0.0000694221,0.0001388187
1.0493333333,0.0000693960,0.0000694248,0.0001388208
1.0495000000,0.0000693944,0.0000694276,0.0001388220
1.0496666667,0.0000693920,0.0000694307,0.0001388227
1.0498333333,0.0000693887,0.0000694342,0.0001388229
1.0500000000,0.0000693845,0.0000694384,0.0001388229
1.0501666667,0.0000693795,0.0000694434,0.0001388230
1.0503333333,0.0000693736,0.0000694496,0.0001388232
1.0505000000,0.0000693668,0.0000694570,0.0001388238
1.0506666667,0.0000693589,0.0000694660,0.0001388249
1.0508333333,0.0000693499,0.0000694769,0.0001388267
1.0510000000,0.0000693396,0.0000694900,0.0001388296
1.0511666667,0.0000693280,0.0000695055,0.0001388335
1.0513333333,0.0000693148,0.0000695240,0.0001388388
1.0515000000,0.0000692999,0.0000695458,0.0001388457
1.0516666667,0.0000692832,0.0000695712,0.0001388544
1.0518333333,0.0000692643,0.0000696010,0.0001388653
1.0520000000,0.0000692429,0.0000696356,0.0001388785
1.0521666667,0.0000692188,0.0000696756,0.0001388944
1.0523333333,0.0000691916,0.0000697214,0.0001389131
1.0525000000,0.0000691611,0.0000697735,0.0001389346
1.0526666667,0.0000691267,0.0000698322,0.0001389590
1.0528333333,0.0000690884,0.0000698980,0.0001389864
1.0530000000,0.0000690457,0.0000699712,0.0001390169
1.0531666667,0.0000689982,0.0000700525,0.0001390508
1.0533333333,0.0000689457,0.0000701425,0.0001390882
1.0535000000,0.0000688877,0.0000702417,0.0001391295
1.0536666667,0.0000688239,0.0000703508,0.0001391747
1.0538333333,0.0000687540,0.0000704701,0.0001392242
1.0540000000,0.0000686776,0.0000706004,0.0001392781
1.0541666667,0.0000685944,0.0000707422,0.0001393366
1.0543333333,0.0000685042,0.0000708959,0.0001394002
1.0545000000,0.0000684067,0.0000710622,0.0001394688
1.0546666667,0.0000683016,0.0000712413,0.0001395429
1.0548333333,0.0000681888,0.0000714337,0.0001396225
1.0550000000,0.0000680680,0.0000716398,0.0001397078
1.0551666667,0.0000679391,0.0000718600,0.0001397991
1.0553333333,0.0000678019,0.0000720944,0.0001398964
1.0555000000,0.0000676564,0.0000723434,0.0001399998
1.0556666667,0.0000675025,0.0000726069,0.0001401094
1.0558333333,0.0000673401,0.0000728851,0.0001402252
1.0560000000,0.0000671692,0.0000731780,0.0001403472
1.0561666667,0.0000669897,0.0000734858,0.0001404755
1.0563333333,0.0000668016,0.0000738086,0.0001406102
1.0565000000,0.0000666049,0.0000741465,0.0001407514
1.0566666667,0.0000663995,0.0000744999,0.0001408994
1.0568333333,0.0000661853,0.0000748689,0.0001410542
1.0570000000,0.0000659623,0.0000752539,0.0001412162
1.0571666667,0.0000657304,0.0000756553,0.0001413857
1.0573333333,0.0000654896,0.0000760735,0.0001415632
1.0575000000,0.0000652398,0.0000765091,0.0001417489
1.0576666667,0.0000649808,0.0000769625,0.0001419432
1.0578333333,0.0000647125,0.0000774339,0.0001421464
1.0580000000,0.0000644349,0.0000779233,0.0001423582
1.0581666667,0.0000641479,0.0000784304,0.0001425783
1.0583333333,0.0000638514,0.0000789548,0.0001428062
1.0585000000,0.0000635455,0.0000794962,0.0001430417
1.0586666667,0.0000632301,0.0000800548,0.0001432848
1.0588333333,0.0000629054,0.0000806308,0.0001435362
1.0590000000,0.0000625714,0.0000812249,0.0001437963
1.0591666667,0.0000622282,0.0000818373,0.0001440655
1.0593333333,0.0000618759,0.0000824678,0.0001443437
1.0595000000,0.0000615146,0.0000831160,0.0001446306
1.0596666667,0.0000611444,0.0000837814,0.0001449258
1.0598333333,0.0000607657,0.0000844638,0.0001452295
1.0600000000,0.0000603785,0.0000851635,0.0001455421
1.0601666667,0.0000599832,0.0000858811,0.0001458643
1.0603333333,0.0000595797,0.0000866170,0.0001461967
1.0605000000,0.0000591684,0.0000873710,0.0001465394
1.0606666667,0.0000587493,0.0000881429,0.0001468922
1.0608333333,0.0000583225,0.0000889321,0.0001472547
1.0610000000,0.0000578884,0.0000897383,0.0001476266
1.0611666667,0.0000574469,0.0000905612,0.0001480082
1.0613333333,0.0000569984,0.0000914009,0.0001483993
1.0615000000,0.0000565430,0.0000922568,0.0001487998
1.0616666667,0.0000560809,0.0000931285,0.0001492094
1.0618333333,0.0000556124,0.0000940153,0.0001496277
1.0620000000,0.0000551377,0.0000949168,0.0001500545
1.0621666667,0.0000546571,0.0000958331,0.0001504902
1.0623333333,0.0000541709,0.0000967646,0.0001509354
1.0625000000,0.0000536793,0.0000977113,0.0001513906
1.0626666667,0.0000531829,0.0000986733,0.0001518562
1.0628333333,0.0000526819,0.0000996502,0.0001523321
1.0630000000,0.0000521767,0.0001006416,0.0001528183
1.0631666667,0.0000516677,0.0001016470,0.0001533147
1.0633333333,0.0000511553,0.0001026661,0.0001538214
1.0635000000,0.0000506398,0.0001036985,0.0001543383
1.0636666667,0.0000501216,0.0001047434,0.0001548649
1.0638333333,0.0000496010,0.0001058000,0.0001554010
1.0640000000,0.0000490784,0.0001068677,0.0001559461
1.0641666667,0.0000485543,0.0001079459,0.0001565002
1.0643333333,0.0000480290,0.0001090344,0.0001570634
1.0645000000,0.0000475029,0.0001101327,0.0001576356
1.0646666667,0.0000469763,0.0001112406,0.0001582169
1.0648333333,0.0000464497,0.0001123575,0.0001588072
1.0650000000,0.0000459235,0.0001134829,0.0001594064
1.0651666667,0.0000453982,0.0001146165,0.0001600147
1.0653333333,0.0000448743,0.0001157579,0.0001606322
1.0655000000,0.0000443522,0.0001169068,0.0001612590
1.0656666667,0.0000438326,0.0001180625,0.0001618951
1.0658333333,0.0000433158,0.0001192247,0.0001625405
1.0660000000,0.0000428025,0.0001203929,0.0001631954
1.0661666667,0.0000422931,0.0001215667,0.0001638598
1.0663333333,0.0000417881,0.0001227458,0.0001645339
1.0665000000,0.0000412880,0.0001239296,0.0001652176
1.0666666667,0.0000407933,0.0001251169,0.0001659102
1.0668333333,0.0000403046,0.0001263060,0.0001666106
1.0670000000,0.0000398222,0.0001274955,0.0001673177
1.0671666667,0.0000393467,0.0001286844,0.0001680311
1.0673333333,0.0000388787,0.0001298724,0.0001687511
1.0675000000,0.0000384185,0.0001310599,0.0001694785
1.0676666667,0.0000379669,0.0001322472,0.0001702140
1.0678333333,0.0000375242,0.0001334340,0.0001709582
1.0680000000,0.0000370911,0.0001346199,0.0001717110
1.0681666667,0.0000366681,0.0001358039,0.0001724720
1.0683333333,0.0000362559,0.0001369851,0.0001732410
1.0685000000,0.0000358550,0.0001381624,0.0001740174
1.0686666667,0.0000354660,0.0001393350,0.0001748011
1.0688333333,0.0000350894,0.0001405024,0.0001755918
1.0690000000,0.0000347258,0.0001416637,0.0001763895
1.0691666667,0.0000343757,0.0001428183,0.0001771940
1.0693333333,0.0000340397,0.0001439654,0.0001780051
1.0695000000,0.0000337182,0.0001451041,0.0001788223
1.0696666667,0.0000334119,0.0001462333,0.0001796451
1.0698333333,0.0000331211,0.0001473521,0.0001804732
1.0700000000,0.0000328466,0.0001484598,0.0001813064
1.0701666667,0.0000325887,0.0001495558,0.0001821445
1.0703333333,0.0000323481,0.0001506399,0.0001829880
1.0705000000,0.0000321254,0.0001517115,0.0001838368
1.0706666667,0.0000319210,0.0001527702,0.0001846913
1.0708333333,0.0000317357,0.0001538155,0.0001855512
1.0710000000,0.0000315699,0.0001548468,0.0001864167
1.0711666667,0.0000314242,0.0001558634,0.0001872876
1.0713333333,0.0000312990,0.0001568649,0.0001881639
1.0715000000,0.0000311950,0.0001578502,0.0001890452
1.0716666667,0.0000311125,0.0001588184,0.0001899309
1.0718333333,0.0000310520,0.0001597686,0.0001908206
1.0720000000,0.0000310141,0.0001606995,0.0001917136
1.0721666667,0.0000309992,0.0001616105,0.0001926097
1.0723333333,0.0000310078,0.0001625006,0.0001935084
1.0725000000,0.0000310403,0.0001633687,0.0001944091
1.0726666667,0.0000310974,0.0001642141,0.0001953115
1.0728333333,0.0000311793,0.0001650363,0.0001962156
1.0730000000,0.0000312867,0.0001658354,0.0001971221
1.0731666667,0.0000314199,0.0001666121,0.0001980320
1.0733333333,0.0000315796,0.0001673665,0.0001989461
1.0735000000,0.0000317660,0.0001680982,0.0001998642
1.0736666667,0.0000319796,0.0001688055,0.0002007852
1.0738333333,0.0000322209,0.0001694867,0.0002017075
1.0740000000,0.0000324900,0.0001701402,0.0002026302
1.0741666667,0.0000327875,0.0001707659,0.0002035533
1.0743333333,0.0000331136,0.0001713639,0.0002044775
1.0745000000,0.0000334687,0.0001719344,0.0002054031
1.0746666667,0.0000338532,0.0001724765,0.0002063297
1.0748333333,0.0000342674,0.0001729888,0.0002072563
1.0750000000,0.0000347118,0.0001734700,0.0002081818
1.0751666667,0.0000351865,0.0001739196,0.0002091061
1.0753333333,0.0000356919,0.0001743379,0.0002100298
1.0755000000,0.0000362284,0.0001747253,0.0002109537
1.0756666667,0.0000367962,0.0001750816,0.0002118778
1.0758333333,0.0000373955,0.0001754059,0.0002128014
1.0760000000,0.0000380266,0.0001756969,0.0002137236
1.0761666667,0.0000386898,0.0001759544,0.0002146442
1.0763333333,0.0000393850,0.0001761789,0.0002155640
1.0765000000,0.0000401127,0.0001763712,0.0002164838
1.0766666667,0.0000408728,0.0001765310,0.0002174038
1.0768333333,0.0000416657,0.0001766571,0.0002183228
1.0770000000,0.0000424914,0.0001767474,0.0002192388
1.0771666667,0.0000433501,0.0001768002,0.0002201503
1.0773333333,0.0000442421,0.0001768150,0.0002210571
1.0775000000,0.0000451673,0.0001767925,0.0002219598
1.0776666667,0.0000461259,0.0001767335,0.0002228594
1.0778333333,0.0000471180,0.0001766385,0.0002237564
1.0780000000,0.0000481434,0.0001765072,0.0002246506
1.0781666667,0.0000492024,0.0001763392,0.0002255416
1.0783333333,0.0000502948,0.0001761343,0.0002264291
1.0785000000,0.0000514207,0.0001758926,0.0002273134
1.0786666667,0.0000525801,0.0001756143,0.0002281944
1.0788333333,0.0000537728,0.0001752991,0.0002290719
1.0790000000,0.0000549988,0.0001749464,0.0002299452
1.0791666667,0.0000562581,0.0001745555,0.0002308136
1.0793333333,0.0000575506,0.0001741262,0.0002316768
1.0795000000,0.0000588762,0.0001736584,0.0002325346
1.0796666667,0.0000602349,0.0001731521,0.0002333869
1.0798333333,0.0000616263,0.0001726070,0.0002342333
1.0800000000,0.0000630504,0.0001720229,0.0002350733
1.0801666667,0.0000645069,0.0001713998,0.0002359068
1.0803333333,0.0000659956,0.0001707385,0.0002367341
1.0805000000,0.0000675162,0.0001700398,0.0002375560
1.0806666667,0.0000690685,0.0001693044,0.0002383729
1.0808333333,0.0000706522,0.0001685320,0.0002391843
1.0810000000,0.0000722671,0.0001677221,0.0002399893
1.0811666667,0.0000739129,0.0001668743,0.0002407872
1.0813333333,0.0000755892,0.0001659888,0.0002415780
1.0815000000,0.0000772958,0.0001650665,0.0002423623
1.0816666667,0.0000790322,0.0001641084,0.0002431406
1.0818333333,0.0000807981,0.0001631146,0.0002439127
1.0820000000,0.0000825930,0.0001620845,0.0002446776
1.0821666667,0.0000844166,0.0001610174,0.0002454340
1.0823333333,0.0000862684,0.0001599129,0.0002461813
1.0825000000,0.0000881478,0.0001587718,0.0002469196
1.0826666667,0.0000900544,0.0001575950,0.0002476494
1.0828333333,0.0000919877,0.0001563835,0.0002483713
1.0830000000,0.0000939472,0.0001551382,0.0002490854
1.0831666667,0.0000959324,0.0001538594,0.0002497918
1.0833333333,0.0000979427,0.0001525480,0.0002504907
1.0835000000,0.0000999777,0.0001512047,0.0002511824
1.0836666667,0.0001020366,0.0001498302,0.0002518668
1.0838333333,0.0001041190,0.0001484245,0.0002525435
1.0840000000,0.0001062240,0.0001469873,0.0002532113
1.0841666667,0.0001083511,0.0001455180,0.0002538691
1.0843333333,0.0001104996,0.0001440171,0.0002545167
1.0845000000,0.0001126689,0.0001424856,0.0002551545
1.0846666667,0.0001148581,0.0001409251,0.0002557832
1.0848333333,0.0001170667,0.0001393365,0.0002564033
1.0850000000,0.0001192939,0.0001377206,0.0002570145
1.0851666667,0.0001215390,0.0001360774,0.0002576164
1.0853333333,0.0001238012,0.0001344073,0.0002582085
1.0855000000,0.0001260797,0.0001327115,0.0002587912
1.0856666667,0.0001283738,0.0001309911,0.0002593649
1.0858333333,0.0001306826,0.0001292474,0.0002599300
1.0860000000,0.0001330053,0.0001274810,0.0002604863
1.0861666667,0.0001353410,0.0001256922,0.0002610332
1.0863333333,0.0001376890,0.0001238815,0.0002615704
1.0865000000,0.0001400482,0.0001220496,0.0002620978
1.0866666667,0.0001424179,0.0001201976,0.0002626156
1.0868333333,0.0001447973,0.0001183266,0.0002631239
1.0870000000,0.0001471854,0.0001164370,0.0002636224
1.0871666667,0.0001495813,0.0001145294,0.0002641107
1.0873333333,0.0001519840,0.0001126043,0.0002645883
1.0875000000,0.0001543926,0.0001106629,0.0002650556
1.0876666667,0.0001568062,0.0001087068,0.0002655130
1.0878333333,0.0001592237,0.0001067376,0.0002659612
1.0880000000,0.0001616441,0.0001047564,0.0002664005
1.0881666667,0.0001640666,0.0001027641,0.0002668307
1.0883333333,0.0001664902,0.0001007615,0.0002672516
1.0885000000,0.0001689138,0.0000987494,0.0002676632
1.0886666667,0.0001713364,0.0000967289,0.0002680654
1.0888333333,0.0001737572,0.0000947010,0.0002684582
1.0890000000,0.0001761749,0.0000926664,0.0002688414
1.0891666667,0.0001785887,0.0000906258,0.0002692145
1.0893333333,0.0001809975,0.0000885798,0.0002695773
1.0895000000,0.0001834001,0.0000865297,0.0002699298
1.0896666667,0.0001857955,0.0000844771,0.0002702726
1.0898333333,0.0001881826,0.0000824235,0.0002706061
1.0900000000,0.0001905605,0.0000803702,0.0002709307
1.0901666667,0.0001929280,0.0000783184,0.0002712464
1.0903333333,0.0001952842,0.0000762692,0.0002715533
1.0905000000,0.0001976279,0.0000742236,0.0002718515
1.0906666667,0.0001999581,0.0000721830,0.0002721411
1.0908333333,0.0002022737,0.0000701484,0.0002724221
1.0910000000,0.0002045737,0.0000681208,0.0002726945
1.0911666667,0.0002068569,0.0000661007,0.0002729576
1.0913333333,0.0002091223,0.0000640892,0.0002732115
1.0915000000,0.0002113687,0.0000620874,0.0002734561
1.0916666667,0.0002135951,0.0000600968,0.0002736919
1.0918333333,0.0002158005,0.0000581192,0.0002739196
1.0920000000,0.0002179837,0.0000561557,0.0002741395
1.0921666667,0.0002201438,0.0000542076,0.0002743513
1.0923333333,0.0002222796,0.0000522754,0.0002745550
1.0925000000,0.0002243901,0.0000503601,0.0002747502
1.0926666667,0.0002264743,0.0000484631,0.0002749373
1.0928333333,0.0002285309,0.0000465857,0.0002751167
1.0930000000,0.0002305591,0.0000447298,0.0002752889
1.0931666667,0.0002325577,0.0000428967,0.0002754544
1.0933333333,0.0002345257,0.0000410874,0.0002756131
1.0935000000,0.0002364621,0.0000393027,0.0002757648
1.0936666667,0.0002383660,0.0000375431,0.0002759091
1.0938333333,0.0002402363,0.0000358097,0.0002760460
1.0940000000,0.0002420720,0.0000341034,0.0002761754
1.0941666667,0.0002438721,0.0000324257,0.0002762978
1.0943333333,0.0002456355,0.0000307781,0.0002764137
1.0945000000,0.0002473613,0.0000291621,0.0002765234
1.0946666667,0.0002490485,0.0000275787,0.0002766273
1.0948333333,0.0002506962,0.0000260292,0.0002767254
1.0950000000,0.0002523035,0.0000245145,0.0002768180
1.0951666667,0.0002538694,0.0000230355,0.0002769049
1.0953333333,0.0002553930,0.0000215934,0.0002769864
1.0955000000,0.0002568735,0.0000201893,0.0002770628
1.0956666667,0.0002583100,0.0000188242,0.0002771342
1.0958333333,0.0002597016,0.0000174990,0.0002772006
1.0960000000,0.0002610474,0.0000162146,0.0002772620
1.0961666667,0.0002623466,0.0000149719,0.0002773185
1.0963333333,0.0002635983,0.0000137719,0.0002773702
1.0965000000,0.0002648017,0.0000126160,0.0002774177
1.0966666667,0.0002659562,0.0000115051,0.0002774613
1.0968333333,0.0002670608,0.0000104403,0.0002775012
1.0970000000,0.0002681150,0.0000094226,0.0002775376
1.0971666667,0.0002691179,0.0000084526,0.0002775705
1.0973333333,0.0002700690,0.0000075311,0.0002776001
1.0975000000,0.0002709675,0.0000066592,0.0002776267
1.0976666667,0.0002718127,0.0000058377,0.0002776505
1.0978333333,0.0002726041,0.0000050675,0.0002776716
1.0980000000,0.0002733409,0.0000043493,0.0002776902
1.0981666667,0.0002740227,0.0000036837,0.0002777064
1.0983333333,0.0002746490,0.0000030713,0.0002777202
1.0985000000,0.0002752192,0.0000025129,0.0002777320
1.0986666667,0.0002757328,0.0000020092,0.0002777420
1.0988333333,0.0002761894,0.0000015609,0.0002777503
1.0990000000,0.0002765885,0.0000011686,0.0002777571
1.0991666667,0.0002769297,0.0000008327,0.0002777625
1.0993333333,0.0002772128,0.0000005538,0.0002777667
1.0995000000,0.0002774374,0.0000003323,0.0002777697
1.0996666667,0.0002776032,0.0000001686,0.0002777718
1.0998333333,0.0002777100,0.0000000631,0.0002777731
1.1000000000,0.0002777576,0.0000000159,0.0002777735
1.1001666667,0.0002777460,0.0000000272,0.0002777732
1.1003333333,0.0002776751,0.0000000972,0.0002777723
1.1005000000,0.0002775447,0.0000002260,0.0002777707
1.1006666667,0.0002773550,0.0000004136,0.0002777686
1.1008333333,0.0002771059,0.0000006601,0.0002777660
1.1010000000,0.0002767975,0.0000009653,0.0002777628
1.1011666667,0.0002764300,0.0000013291,0.0002777591
1.1013333333,0.0002760037,0.0000017510,0.0002777547
1.1015000000,0.0002755189,0.0000022307,0.0002777495
1.1016666667,0.0002749758,0.0000027676,0.0002777434
1.1018333333,0.0002743750,0.0000033611,0.0002777362
1.1020000000,0.0002737169,0.0000040107,0.0002777277
1.1021666667,0.0002730021,0.0000047157,0.0002777178
1.1023333333,0.0002722310,0.0000054755,0.0002777065
1.1025000000,0.0002714042,0.0000062894,0.0002776936
1.1026666667,0.0002705226,0.0000071565,0.0002776790
1.1028333333,0.0002695867,0.0000080756,0.0002776623
1.1030000000,0.0002685973,0.0000090457,0.0002776430
1.1031666667,0.0002675554,0.0000100655,0.0002776208
1.1033333333,0.0002664616,0.0000111338,0.0002775954
1.1035000000,0.0002653169,0.0000122496,0.0002775666
1.1036666667,0.0002641222,0.0000134117,0.0002775339
1.1038333333,0.0002628784,0.0000146187,0.0002774970
1.1040000000,0.0002615863,0.0000158693,0.0002774556
1.1041666667,0.0002602471,0.0000171621,0.0002774092
1.1043333333,0.0002588615,0.0000184957,0.0002773573
1.1045000000,0.0002574306,0.0000198689,0.0002772995
1.1046666667,0.0002559554,0.0000212802,0.0002772356
1.1048333333,0.0002544369,0.0000227284,0.0002771653
1.1050000000,0.0002528759,0.0000242124,0.0002770884
1.1051666667,0.0002512735,0.0000257313,0.0002770047
1.1053333333,0.0002496304,0.0000272837,0.0002769141
1.1055000000,0.0002479477,0.0000288684,0.0002768161
1.1056666667,0.0002462263,0.0000304839,0.0002767102
1.1058333333,0.0002444671,0.0000321288,0.0002765959
1.1060000000,0.0002426712,0.0000338019,0.0002764731
1.1061666667,0.0002408395,0.0000355022,0.0002763417
1.1063333333,0.0002389729,0.0000372287,0.0002762016
1.1065000000,0.0002370725,0.0000389805,0.0002760530
1.1066666667,0.0002351391,0.0000407565,0.0002758957
1.1068333333,0.0002331739,0.0000425556,0.0002757296
1.1070000000,0.0002311779,0.0000443769,0.0002755548
1.1071666667,0.0002291521,0.0000462196,0.0002753717
1.1073333333,0.0002270975,0.0000480830,0.0002751806
1.1075000000,0.0002250154,0.0000499663,0.0002749817
1.1076666667,0.0002229067,0.0000518684,0.0002747751
1.1078333333,0.0002207726,0.0000537879,0.0002745606
1.1080000000,0.0002186142,0.0000557237,0.0002743379
1.1081666667,0.0002164326,0.0000576745,0.0002741071
1.1083333333,0.0002142289,0.0000596392,0.0002738681
1.1085000000,0.0002120042,0.0000616171,0.0002736213
1.1086666667,0.0002097597,0.0000636074,0.0002733671
1.1088333333,0.0002074963,0.0000656098,0.0002731060
1.1090000000,0.0002052151,0.0000676234,0.0002728385
1.1091666667,0.0002029173,0.0000696475,0.0002725648
1.1093333333,0.0002006037,0.0000716809,0.0002722846
1.1095000000,0.0001982754,0.0000737222,0.0002719976
1.1096666667,0.0001959333,0.0000757701,0.0002717034
1.1098333333,0.0001935785,0.0000778233,0.0002714018
1.1100000000,0.0001912118,0.0000798809,0.0002710927
1.1101666667,0.0001888344,0.0000819420,0.0002707764
1.1103333333,0.0001864473,0.0000840053,0.0002704526
1.1105000000,0.0001840514,0.0000860694,0.0002701209
1.1106666667,0.0001816479,0.0000881327,0.0002697806
1.1108333333,0.0001792377,0.0000901936,0.0002694313
1.1110000000,0.0001768218,0.0000922508,0.0002690727
1.1111666667,0.0001744015,0.0000943033,0.0002687047
1.1113333333,0.0001719777,0.0000963498,0.0002683275
1.1115000000,0.0001695515,0.0000983890,0.0002679405
1.1116666667,0.0001671240,0.0001004191,0.0002675432
1.1118333333,0.0001646964,0.0001024387,0.0002671351
1.1120000000,0.0001622696,0.0001044464,0.0002667160
1.1121666667,0.0001598447,0.0001064411,0.0002662858
1.1123333333,0.0001574226,0.0001084217,0.0002658443
1.1125000000,0.0001550044,0.0001103867,0.0002653911
1.1126666667,0.0001525910,0.0001123344,0.0002649255
1.1128333333,0.0001501834,0.0001142634,0.0002644469
1.1130000000,0.0001477825,0.0001161730,0.0002639555
1.1131666667,0.0001453893,0.0001180629,0.0002634522
1.1133333333,0.0001430045,0.0001199336,0.0002629381
1.1135000000,0.0001406292,0.0001217848,0.0002624140
1.1136666667,0.0001382641,0.0001236160,0.0002618801
1.1138333333,0.0001359102,0.0001254260,0.0002613362
1.1140000000,0.0001335683,0.0001272138,0.0002607821
1.1141666667,0.0001312393,0.0001289786,0.0002602179
1.1143333333,0.0001289241,0.0001307199,0.0002596440
1.1145000000,0.0001266235,0.0001324374,0.0002590609
1.1146666667,0.0001243385,0.0001341305,0.0002584690
1.1148333333,0.0001220697,0.0001357989,0.0002578687
1.1150000000,0.0001198181,0.0001374424,0.0002572605
1.1151666667,0.0001175843,0.0001390606,0.0002566449
1.1153333333,0.0001153691,0.0001406535,0.0002560226
1.1155000000,0.0001131731,0.0001422205,0.0002553937
1.1156666667,0.0001109972,0.0001437611,0.0002547583
1.1158333333,0.0001088418,0.0001452745,0.0002541163
1.1160000000,0.0001067077,0.0001467599,0.0002534676
1.1161666667,0.0001045954,0.0001482166,0.0002528121
1.1163333333,0.0001025056,0.0001496438,0.0002521494
1.1165000000,0.0001004389,0.0001510402,0.0002514791
1.1166666667,0.0000983959,0.0001524044,0.0002508003
1.1168333333,0.0000963772,0.0001537352,0.0002501124
1.1170000000,0.0000943834,0.0001550322,0.0002494157
1.1171666667,0.0000924151,0.0001562951,0.0002487102
1.1173333333,0.0000904730,0.0001575234,0.0002479964
1.1175000000,0.0000885576,0.0001587164,0.0002472740
1.1176666667,0.0000866693,0.0001598730,0.0002465423
1.1178333333,0.0000848088,0.0001609919,0.0002458007
1.1180000000,0.0000829765,0.0001620728,0.0002450493
1.1181666667,0.0000811727,0.0001631156,0.0002442883
1.1183333333,0.0000793980,0.0001641204,0.0002435185
1.1185000000,0.0000776527,0.0001650873,0.0002427400
1.1186666667,0.0000759373,0.0001660155,0.0002419528
1.1188333333,0.0000742519,0.0001669045,0.0002411565
1.1190000000,0.0000725971,0.0001677542,0.0002403513
1.1191666667,0.0000709731,0.0001685649,0.0002395379
1.1193333333,0.0000693801,0.0001693374,0.0002387175
1.1195000000,0.0000678186,0.0001700722,0.0002378908
1.1196666667,0.0000662889,0.0001707697,0.0002370586
1.1198333333,0.0000647911,0.0001714302,0.0002362213
1.1200000000,0.0000633257,0.0001720543,0.0002353800
1.1201666667,0.0000618928,0.0001726429,0.0002345357
1.1203333333,0.0000604926,0.0001731964,0.0002336889
1.1205000000,0.0000591252,0.0001737143,0.0002328395
1.1206666667,0.0000577908,0.0001741953,0.0002319861
1.1208333333,0.0000564895,0.0001746383,0.0002311277
1.1210000000,0.0000552214,0.0001750428,0.0002302642
1.1211666667,0.0000539865,0.0001754101,0.0002293966
1.1213333333,0.0000527850,0.0001757415,0.0002285265
1.1215000000,0.0000516169,0.0001760380,0.0002276549
1.1216666667,0.0000504822,0.0001762990,0.0002267812
1.1218333333,0.0000493810,0.0001765231,0.0002259041
1.1220000000,0.0000483133,0.0001767088,0.0002250221
1.1221666667,0.0000472791,0.0001768558,0.0002241349
1.1223333333,0.0000462784,0.0001769645,0.0002232429
1.1225000000,0.0000453112,0.0001770356,0.0002223468
1.1226666667,0.0000443775,0.0001770691,0.0002214466
1.1228333333,0.0000434772,0.0001770643,0.0002205416
1.1230000000,0.0000426102,0.0001770207,0.0002196309
1.1231666667,0.0000417764,0.0001769384,0.0002187147
1.1233333333,0.0000409755,0.0001768186,0.0002177941
1.1235000000,0.0000402074,0.0001766631,0.0002168705
1.1236666667,0.0000394719,0.0001764731,0.0002159450
1.1238333333,0.0000387689,0.0001762490,0.0002150179
1.1240000000,0.0000380982,0.0001759909,0.0002140890
1.1241666667,0.0000374595,0.0001756990,0.0002131585
1.1243333333,0.0000368527,0.0001753745,0.0002122273
1.1245000000,0.0000362776,0.0001750188,0.0002112964
1.1246666667,0.0000357338,0.0001746331,0.0002103669
1.1248333333,0.0000352212,0.0001742177,0.0002094389
1.1250000000,0.0000347395,0.0001737726,0.0002085121
1.1251666667,0.0000342883,0.0001732976,0.0002075860
1.1253333333,0.0000338674,0.0001727934,0.0002066609
1.1255000000,0.0000334764,0.0001722610,0.0002057374
1.1256666667,0.0000331149,0.0001717014,0.0002048163
1.1258333333,0.0000327826,0.0001711154,0.0002038979
1.1260000000,0.0000324790,0.0001705030,0.0002029820
1.1261666667,0.0000322039,0.0001698641,0.0002020680
1.1263333333,0.0000319569,0.0001691987,0.0002011555
1.1265000000,0.0000317375,0.0001685068,0.0002002443
1.1266666667,0.0000315455,0.0001677885,0.0001993340
1.1268333333,0.0000313805,0.0001670437,0.0001984242
1.1270000000,0.0000312419,0.0001662725,0.0001975144
1.1271666667,0.0000311294,0.0001654750,0.0001966044
1.1273333333,0.0000310425,0.0001646520,0.0001956945
1.1275000000,0.0000309808,0.0001638048,0.0001947856
1.1276666667,0.0000309437,0.0001629348,0.0001938785
1.1278333333,0.0000309307,0.0001620434,0.0001929741
1.1280000000,0.0000309415,0.0001611314,0.0001920729
1.1281666667,0.0000309754,0.0001601998,0.0001911752
1.1283333333,0.0000310320,0.0001592497,0.0001902816
1.1285000000,0.0000311107,0.0001582818,0.0001893925
1.1286666667,0.0000312112,0.0001572969,0.0001885081
1.1288333333,0.0000313329,0.0001562955,0.0001876284
1.1290000000,0.0000314754,0.0001552782,0.0001867536
1.1291666667,0.0000316381,0.0001542458,0.0001858838
1.1293333333,0.0000318204,0.0001531994,0.0001850198
1.1295000000,0.0000320219,0.0001521408,0.0001841627
1.1296666667,0.0000322419,0.0001510713,0.0001833132
1.1298333333,0.0000324800,0.0001499916,0.0001824716
1.1300000000,0.0000327355,0.0001489017,0.0001816372
1.1301666667,0.0000330080,0.0001478010,0.0001808089
1.1303333333,0.0000332968,0.0001466890,0.0001799858
1.1305000000,0.0000336016,0.0001455660,0.0001791676
1.1306666667,0.0000339217,0.0001444328,0.0001783544
1.1308333333,0.0000342565,0.0001432903,0.0001775468
1.1310000000,0.0000346056,0.0001421395,0.0001767451
1.1311666667,0.0000349684,0.0001409806,0.0001759490
1.1313333333,0.0000353444,0.0001398138,0.0001751581
1.1315000000,0.0000357329,0.0001386392,0.0001743721
1.1316666667,0.0000361333,0.0001374577,0.0001735910
1.1318333333,0.0000365452,0.0001362706,0.0001728158
1.1320000000,0.0000369679,0.0001350797,0.0001720476
1.1321666667,0.0000374008,0.0001338865,0.0001712874
1.1323333333,0.0000378435,0.0001326922,0.0001705357
1.1325000000,0.0000382954,0.0001314972,0.0001697926
1.1326666667,0.0000387559,0.0001303020,0.0001690579
1.1328333333,0.0000392247,0.0001291069,0.0001683316
1.1330000000,0.0000397010,0.0001279126,0.0001676137
1.1331666667,0.0000401845,0.0001267199,0.0001669045
1.1333333333,0.0000406746,0.0001255298,0.0001662044
1.1335000000,0.0000411707,0.0001243433,0.0001655140
1.1336666667,0.0000416723,0.0001231611,0.0001648334
1.1338333333,0.0000421788,0.0001219838,0.0001641627
1.1340000000,0.0000426899,0.0001208118,0.0001635017
1.1341666667,0.0000432050,0.0001196452,0.0001628502
1.1343333333,0.0000437236,0.0001184842,0.0001622078
1.1345000000,0.0000442452,0.0001173285,0.0001615737
1.1346666667,0.0000447693,0.0001161782,0.0001609475
1.1348333333,0.0000452956,0.0001150331,0.0001603287
1.1350000000,0.0000458235,0.0001138939,0.0001597173
1.1351666667,0.0000463525,0.0001127611,0.0001591135
1.1353333333,0.0000468821,0.0001116357,0.0001585179
1.1355000000,0.0000474120,0.0001105188,0.0001579307
1.1356666667,0.0000479415,0.0001094111,0.0001573526
1.1358333333,0.0000484703,0.0001083135,0.0001567838
1.1360000000,0.0000489979,0.0001072268,0.0001562248
1.1361666667,0.0000495240,0.0001061518,0.0001556758
1.1363333333,0.0000500481,0.0001050889,0.0001551370
1.1365000000,0.0000505700,0.0001040385,0.0001546084
1.1366666667,0.0000510891,0.0001030009,0.0001540901
1.1368333333,0.0000516053,0.0001019764,0.0001535817
1.1370000000,0.0000521179,0.0001009655,0.0001530834
1.1371666667,0.0000526268,0.0000999687,0.0001525955
1.1373333333,0.0000531316,0.0000989867,0.0001521182
1.1375000000,0.0000536318,0.0000980199,0.0001516517
1.1376666667,0.0000541273,0.0000970685,0.0001511957
1.1378333333,0.0000546176,0.0000961323,0.0001507500
1.1380000000,0.0000551026,0.0000952112,0.0001503138
1.1381666667,0.0000555818,0.0000943049,0.0001498867
1.1383333333,0.0000560551,0.0000934132,0.0001494683
1.1385000000,0.0000565222,0.0000925365,0.0001490587
1.1386666667,0.0000569827,0.0000916750,0.0001486577
1.1388333333,0.0000574366,0.0000908291,0.0001482657
1.1390000000,0.0000578834,0.0000899990,0.0001478824
1.1391666667,0.0000583229,0.0000891849,0.0001475078
1.1393333333,0.0000587549,0.0000883872,0.0001471421
1.1395000000,0.0000591791,0.0000876061,0.0001467852
1.1396666667,0.0000595955,0.0000868423,0.0001464377
1.1398333333,0.0000600037,0.0000860964,0.0001461001
1.1400000000,0.0000604037,0.0000853689,0.0001457726
1.1401666667,0.0000607954,0.0000846601,0.0001454555
1.1403333333,0.0000611785,0.0000839699,0.0001451485
1.1405000000,0.0000615531,0.0000832981,0.0001448512
1.1406666667,0.0000619189,0.0000826444,0.0001445634
1.1408333333,0.0000622759,0.0000820088,0.0001442847
1.1410000000,0.0000626239,0.0000813912,0.0001440151
1.1411666667,0.0000629628,0.0000807915,0.0001437543
1.1413333333,0.0000632926,0.0000802095,0.0001435022
1.1415000000,0.0000636132,0.0000796452,0.0001432584
1.1416666667,0.0000639247,0.0000790984,0.0001430230
1.1418333333,0.0000642268,0.0000785691,0.0001427960
1.1420000000,0.0000645198,0.0000780575,0.0001425772
1.1421666667,0.0000648034,0.0000775632,0.0001423665
1.1423333333,0.0000650777,0.0000770857,0.0001421634
1.1425000000,0.0000653427,0.0000766247,0.0001419674
1.1426666667,0.0000655984,0.0000761796,0.0001417780
1.1428333333,0.0000658447,0.0000757508,0.0001415955
1.1430000000,0.0000660817,0.0000753386,0.0001414203
1.1431666667,0.0000663094,0.0000749436,0.0001412530
1.1433333333,0.0000665280,0.0000745659,0.0001410939
1.1435000000,0.0000667374,0.0000742055,0.0001409429
1.1436666667,0.0000669380,0.0000738616,0.0001407996
1.1438333333,0.0000671296,0.0000735339,0.0001406635
1.1440000000,0.0000673125,0.0000732219,0.0001405344
1.1441666667,0.0000674867,0.0000729254,0.0001404121
1.1443333333,0.0000676524,0.0000726444,0.0001402967
1.1445000000,0.0000678096,0.0000723784,0.0001401880
1.1446666667,0.0000679585,0.0000721271,0.0001400856
1.1448333333,0.0000680994,0.0000718897,0.0001399891
1.1450000000,0.0000682323,0.0000716657,0.0001398980
1.1451666667,0.0000683574,0.0000714548,0.0001398122
1.1453333333,0.0000684749,0.0000712568,0.0001397316
1.1455000000,0.0000685849,0.0000710714,0.0001396563
1.1456666667,0.0000686877,0.0000708983,0.0001395860
1.1458333333,0.0000687834,0.0000707373,0.0001395207
1.1460000000,0.0000688722,0.0000705879,0.0001394601
1.1461666667,0.0000689542,0.0000704498,0.0001394040
1.1463333333,0.0000690298,0.0000703225,0.0001393523
1.1465000000,0.0000690991,0.0000702058,0.0001393049
1.1466666667,0.0000691624,0.0000700993,0.0001392616
1.1468333333,0.0000692198,0.0000700027,0.0001392226
1.1470000000,0.0000692718,0.0000699157,0.0001391875
1.1471666667,0.0000693186,0.0000698378,0.0001391564
1.1473333333,0.0000693603,0.0000697686,0.0001391289
1.1475000000,0.0000693972,0.0000697075,0.0001391047
1.1476666667,0.0000694297,0.0000696540,0.0001390837
1.1478333333,0.0000694578,0.0000696077,0.0001390655
1.1480000000,0.0000694820,0.0000695680,0.0001390500
1.1481666667,0.0000695025,0.0000695344,0.0001390369
1.1483333333,0.0000695196,0.0000695064,0.0001390260
1.1485000000,0.0000695335,0.0000694834,0.0001390169
1.1486666667,0.0000695445,0.0000694649,0.0001390094
1.1488333333,0.0000695527,0.0000694506,0.0001390034
1.1490000000,0.0000695585,0.0000694402,0.0001389987
1.1491666667,0.0000695619,0.0000694333,0.0001389953
1.1493333333,0.0000695634,0.0000694296,0.0001389930
1.1495000000,0.0000695631,0.0000694285,0.0001389916
1.1496666667,0.0000695611,0.0000694297,0.0001389908
1.1498333333,0.0000695579,0.0000694327,0.0001389905
1.1500000000,0.0000695534,0.0000694371,0.0001389905
1.1501666667,0.0000695481,0.0000694424,0.0001389905
1.1503333333,0.0000695420,0.0000694483,0.0001389903
1.1505000000,0.0000695353,0.0000694544,0.0001389897
1.1506666667,0.0000695280,0.0000694605,0.0001389885
1.1508333333,0.0000695204,0.0000694662,0.0001389865
1.1510000000,0.0000695124,0.0000694711,0.0001389834
1.1511666667,0.0000695042,0.0000694749,0.0001389791
1.1513333333,0.0000694958,0.0000694774,0.0001389732
1.1515000000,0.0000694873,0.0000694784,0.0001389657
1.1516666667,0.0000694786,0.0000694779,0.0001389565
1.1518333333,0.0000694697,0.0000694758,0.0001389455
1.1520000000,0.0000694606,0.0000694720,0.0001389326
1.1521666667,0.0000694510,0.0000694664,0.0001389174
1.1523333333,0.0000694409,0.0000694589,0.0001388997
1.1525000000,0.0000694301,0.0000694492,0.0001388793
1.1526666667,0.0000694185,0.0000694375,0.0001388560
1.1528333333,0.0000694059,0.0000694236,0.0001388295
1.1530000000,0.0000693921,0.0000694075,0.0001387996
1.1531666667,0.0000693771,0.0000693889,0.0001387660
1.1533333333,0.0000693605,0.0000693678,0.0001387283
1.1535000000,0.0000693423,0.0000693442,0.0001386865
1.1536666667,0.0000693221,0.0000693182,0.0001386403
1.1538333333,0.0000692998,0.0000692899,0.0001385897
1.1540000000,0.0000692753,0.0000692593,0.0001385346
1.1541666667,0.0000692482,0.0000692266,0.0001384747
1.1543333333,0.0000692184,0.0000691916,0.0001384100
1.1545000000,0.0000691859,0.0000691545,0.0001383404
1.1546666667,0.0000691504,0.0000691155,0.0001382659
1.1548333333,0.0000691119,0.0000690747,0.0001381866
1.1550000000,0.0000690702,0.0000690319,0.0001381021
1.1551666667,0.0000690253,0.0000689867,0.0001380120
1.1553333333,0.0000689771,0.0000689389,0.0001379160
1.1555000000,0.0000689255,0.0000688883,0.0001378138
1.1556666667,0.0000688705,0.0000688350,0.0001377055
1.1558333333,0.0000688121,0.0000687791,0.0001375912
1.1560000000,0.0000687505,0.0000687204,0.0001374708
1.1561666667,0.0000686854,0.0000686585,0.0001373439
1.1563333333,0.0000686170,0.0000685927,0.0001372098
1.1565000000,0.0000685453,0.0000685228,0.0001370681
1.1566666667,0.0000684702,0.0000684485,0.0001369187
1.1568333333,0.0000683917,0.0000683700,0.0001367617
1.1570000000,0.0000683099,0.0000682873,0.0001365972
1.1571666667,0.0000682246,0.0000682004,0.0001364249
1.1573333333,0.0000681357,0.0000681093,0.0001362450
1.1575000000,0.0000680433,0.0000680140,0.0001360574
1.1576666667,0.0000679472,0.0000679152,0.0001358624
1.1578333333,0.0000678473,0.0000678131,0.0001356604
1.1580000000,0.0000677434,0.0000677079,0.0001354513
1.1581666667,0.0000676355,0.0000675993,0.0001352347
1.1583333333,0.0000675233,0.0000674867,0.0001350100
1.1585000000,0.0000674068,0.0000673699,0.0001347767
1.1586666667,0.0000672858,0.0000672487,0.0001345346
1.1588333333,0.0000671604,0.0000671232,0.0001342836
1.1590000000,0.0000670304,0.0000669934,0.0001340238
1.1591666667,0.0000668958,0.0000668591,0.0001337549
1.1593333333,0.0000667566,0.0000667199,0.0001334765
1.1595000000,0.0000666128,0.0000665758,0.0001331886
1.1596666667,0.0000664644,0.0000664270,0.0001328914
1.1598333333,0.0000663114,0.0000662739,0.0001325853
1.1600000000,0.0000661538,0.0000661166,0.0001322703
1.1601666667,0.0000659916,0.0000659548,0.0001319463
1.1603333333,0.0000658248,0.0000657879,0.0001316127
1.1605000000,0.0000656535,0.0000656156,0.0001312691
1.1606666667,0.0000654777,0.0000654382,0.0001309159
1.1608333333,0.0000652974,0.0000652565,0.0001305539
1.1610000000,0.0000651125,0.0000650713,0.0001301838
1.1611666667,0.0000649230,0.0000648826,0.0001298056
1.1613333333,0.0000647287,0.0000646899,0.0001294186
1.1615000000,0.0000645296,0.0000644923,0.0001290219
1.1616666667,0.0000643257,0.0000642890,0.0001286147
1.1618333333,0.0000641169,0.0000640802,0.0001281971
1.1620000000,0.0000639032,0.0000638662,0.0001277695
1.1621666667,0.0000636846,0.0000636476,0.0001273321
1.1623333333,0.0000634610,0.0000634241,0.0001268851
1.1625000000,0.0000632324,0.0000631955,0.0001264279
1.1626666667,0.0000629988,0.0000629611,0.0001259599
1.1628333333,0.0000627603,0.0000627208,0.0001254811
1.1630000000,0.0000625169,0.0000624752,0.0001249920
1.1631666667,0.0000622686,0.0000622249,0.0001244935
1.1633333333,0.0000620155,0.0000619708,0.0001239863
1.1635000000,0.0000617577,0.0000617132,0.0001234709
1.1636666667,0.0000614951,0.0000614521,0.0001229473
1.1638333333,0.0000612279,0.0000611870,0.0001224149
1.1640000000,0.0000609559,0.0000609173,0.0001218732
1.1641666667,0.0000606793,0.0000606424,0.0001213217
1.1643333333,0.0000603980,0.0000603623,0.0001207602
1.1645000000,0.0000601119,0.0000600769,0.0001201888
1.1646666667,0.0000598212,0.0000597864,0.0001196076
1.1648333333,0.0000595258,0.0000594909,0.0001190167
1.1650000000,0.0000592258,0.0000591905,0.0001184163
1.1651666667,0.0000589210,0.0000588853,0.0001178063
1.1653333333,0.0000586115,0.0000585753,0.0001171868
1.1655000000,0.0000582973,0.0000582606,0.0001165580
1.1656666667,0.0000579786,0.0000579414,0.0001159200
1.1658333333,0.0000576553,0.0000576176,0.0001152729
1.1660000000,0.0000573275,0.0000572891,0.0001146166
1.1661666667,0.0000569954,0.0000569559,0.0001139513
1.1663333333,0.0000566590,0.0000566184,0.0001132774
1.1665000000,0.0000563183,0.0000562773,0.0001125956
1.1666666667,0.0000559735,0.0000559331,0.0001119066
1.1668333333,0.0000556246,0.0000555861,0.0001112107
1.1670000000,0.0000552716,0.0000552361,0.0001105076
1.1671666667,0.0000549145,0.0000548822,0.0001097967
1.1673333333,0.0000545533,0.0000545237,0.0001090770
1.1675000000,0.0000541882,0.0000541601,0.0001083483
1.1676666667,0.0000538191,0.0000537914,0.0001076105
1.1678333333,0.0000534461,0.0000534180,0.0001068640
1.1680000000,0.0000530692,0.0000530401,0.0001061093
1.1681666667,0.0000526885,0.0000526579,0.0001053464
1.1683333333,0.0000523040,0.0000522717,0.0001045756
1.1685000000,0.0000519158,0.0000518817,0.0001037975
1.1686666667,0.0000515241,0.0000514886,0.0001030126
1.1688333333,0.0000511289,0.0000510929,0.0001022217
1.1690000000,0.0000507304,0.0000506949,0.0001014252
1.1691666667,0.0000503286,0.0000502944,0.0001006230
1.1693333333,0.0000499236,0.0000498912,0.0000998148
1.1695000000,0.0000495156,0.0000494849,0.0000990005
1.1696666667,0.0000491044,0.0000490755,0.0000981799
1.1698333333,0.0000486903,0.0000486631,0.0000973534
1.1700000000,0.0000482732,0.0000482477,0.0000965209
1.1701666667,0.0000478533,0.0000478292,0.0000956824
1.1703333333,0.0000474305,0.0000474073,0.0000948378
1.1705000000,0.0000470050,0.0000469822,0.0000939872
1.1706666667,0.0000465768,0.0000465539,0.0000931307
1.1708333333,0.0000461460,0.0000461228,0.0000922687
1.1710000000,0.0000457127,0.0000456888,0.0000914015
1.1711666667,0.0000452770,0.0000452523,0.0000905293
1.1713333333,0.0000448392,0.0000448133,0.0000896524
1.1715000000,0.0000443991,0.0000443722,0.0000887713
1.1716666667,0.0000439571,0.0000439295,0.0000878867
1.1718333333,0.0000435132,0.0000434856,0.0000869988
1.1720000000,0.0000430674,0.0000430406,0.0000861080
1.1721666667,0.0000426200,0.0000425942,0.0000852141
1.1723333333,0.0000421708,0.0000421464,0.0000843172
1.1725000000,0.0000417200,0.0000416976,0.0000834175
1.1726666667,0.0000412676,0.0000412478,0.0000825153
1.1728333333,0.0000408137,0.0000407970,0.0000816107
1.1730000000,0.0000403585,0.0000403447,0.0000807032
1.1731666667,0.0000399021,0.0000398901,0.0000797921
1.1733333333,0.0000394444,0.0000394324,0.0000788769
1.1735000000,0.0000389858,0.0000389719,0.0000779577
1.1736666667,0.0000385262,0.0000385094,0.0000770356
1.1738333333,0.0000380658,0.0000380461,0.0000761119
1.1740000000,0.0000376048,0.0000375830,0.0000751878
1.1741666667,0.0000371432,0.0000371207,0.0000742638
1.1743333333,0.0000366811,0.0000366592,0.0000733403
1.1745000000,0.0000362187,0.0000361983,0.0000724171
1.1746666667,0.0000357560,0.0000357379,0.0000714939
1.1748333333,0.0000352930,0.0000352774,0.0000705705
1.1750000000,0.0000348299,0.0000348164,0.0000696463
1.1751666667,0.0000343667,0.0000343545,0.0000687212
1.1753333333,0.0000339036,0.0000338920,0.0000677956
1.1755000000,0.0000334406,0.0000334295,0.0000668701
1.1756666667,0.0000329779,0.0000329678,0.0000659456
1.1758333333,0.0000325155,0.0000325070,0.0000650226
1.1760000000,0.0000320537,0.0000320466,0.0000641004
1.1761666667,0.0000315926,0.0000315858,0.0000631784
1.1763333333,0.0000311322,0.0000311240,0.0000622561
1.1765000000,0.0000306726,0.0000306618,0.0000613344
1.1766666667,0.0000302140,0.0000302006,0.0000604145
1.1768333333,0.0000297563,0.0000297415,0.0000594978
1.1770000000,0.0000292998,0.0000292851,0.0000585849
1.1771666667,0.0000288445,0.0000288308,0.0000576753
1.1773333333,0.0000283903,0.0000283781,0.0000567684
1.1775000000,0.0000279376,0.0000279266,0.0000558642
1.1776666667,0.0000274863,0.0000274769,0.0000549631
1.1778333333,0.0000270365,0.0000270294,0.0000540659
1.1780000000,0.0000265884,0.0000265843,0.0000531727
1.1781666667,0.0000261421,0.0000261409,0.0000522830
1.1783333333,0.0000256977,0.0000256981,0.0000513959
1.1785000000,0.0000252554,0.0000252555,0.0000505109
1.1786666667,0.0000248152,0.0000248134,0.0000496287
1.1788333333,0.0000243772,0.0000243729,0.0000487501
1.1790000000,0.0000239413,0.0000239349,0.0000478762
1.1791666667,0.0000235078,0.0000234996,0.0000470074
1.1793333333,0.0000230766,0.0000230673,0.0000461440
1.1795000000,0.0000226479,0.0000226381,0.0000452860
1.1796666667,0.0000222218,0.0000222123,0.0000444342
1.1798333333,0.0000217983,0.0000217904,0.0000435887
1.1800000000,0.0000213776,0.0000213723,0.0000427499
1.1801666667,0.0000209597,0.0000209574,0.0000419171
1.1803333333,0.0000205448,0.0000205449,0.0000410897
1.1805000000,0.0000201329,0.0000201344,0.0000402673
1.1806666667,0.0000197242,0.0000197261,0.0000394503
1.1808333333,0.0000193187,0.0000193204,0.0000386391
1.1810000000,0.0000189164,0.0000189176,0.0000378340
1.1811666667,0.0000185174,0.0000185178,0.0000370352
1.1813333333,0.0000181218,0.0000181209,0.0000362427
1.1815000000,0.0000177296,0.0000177272,0.0000354568
1.1816666667,0.0000173408,0.0000173374,0.0000346783
1.1818333333,0.0000169556,0.0000169520,0.0000339077
1.1820000000,0.0000165741,0.0000165711,0.0000331452
1.1821666667,0.0000161964,0.0000161941,0.0000323905
1.1823333333,0.0000158224,0.0000158205,0.0000316429
1.1825000000,0.0000154524,0.0000154502,0.0000309026
1.1826666667,0.0000150863,0.0000150840,0.0000301703
1.1828333333,0.0000147242,0.0000147229,0.0000294471
1.1830000000,0.0000143662,0.0000143670,0.0000287331
1.1831666667,0.0000140122,0.0000140157,0.0000280279
1.1833333333,0.0000136624,0.0000136679,0.0000273303
1.1835000000,0.0000133168,0.0000133227,0.0000266395
1.1836666667,0.0000129753,0.0000129802,0.0000259555
1.1838333333,0.0000126381,0.0000126412,0.0000252793
1.1840000000,0.0000123053,0.0000123065,0.0000246117
1.1841666667,0.0000119768,0.0000119765,0.0000239532
1.1843333333,0.0000116528,0.0000116511,0.0000233039
1.1845000000,0.0000113332,0.0000113305,0.0000226637
1.1846666667,0.0000110183,0.0000110150,0.0000220333
1.1848333333,0.0000107078,0.0000107052,0.0000214131
1.1850000000,0.0000104020,0.0000104013,0.0000208034
1.1851666667,0.0000101008,0.0000101028,0.0000202035
1.1853333333,0.0000098041,0.0000098085,0.0000196126
1.1855000000,0.0000095121,0.0000095177,0.0000190298
1.1856666667,0.0000092248,0.0000092302,0.0000184550
1.1858333333,0.0000089423,0.0000089467,0.0000178889
1.1860000000,0.0000086644,0.0000086681,0.0000173325
1.1861666667,0.0000083914,0.0000083947,0.0000167860
1.1863333333,0.0000081231,0.0000081262,0.0000162493
1.1865000000,0.0000078597,0.0000078621,0.0000157218
1.1866666667,0.0000076011,0.0000076023,0.0000152034
1.1868333333,0.0000073473,0.0000073471,0.0000146944
1.1870000000,0.0000070983,0.0000070971,0.0000141954
1.1871666667,0.0000068541,0.0000068529,0.0000137070
1.1873333333,0.0000066148,0.0000066144,0.0000132291
1.1875000000,0.0000063803,0.0000063813,0.0000127615
1.1876666667,0.0000061506,0.0000061531,0.0000123037
1.1878333333,0.0000059257,0.0000059294,0.0000118551
1.1880000000,0.0000057058,0.0000057100,0.0000114158
1.1881666667,0.0000054907,0.0000054950,0.0000109858
1.1883333333,0.0000052805,0.0000052846,0.0000105651
1.1885000000,0.0000050752,0.0000050788,0.0000101540
1.1886666667,0.0000048747,0.0000048778,0.0000097525
1.1888333333,0.0000046789,0.0000046816,0.0000093606
1.1890000000,0.0000044879,0.0000044901,0.0000089780
1.1891666667,0.0000043016,0.0000043030,0.0000086046
1.1893333333,0.0000041200,0.0000041203,0.0000082403
1.1895000000,0.0000039432,0.0000039423,0.0000078854
1.1896666667,0.0000037710,0.0000037695,0.0000075405
1.1898333333,0.0000036035,0.0000036024,0.0000072059
1.1900000000,0.0000034407,0.0000034409,0.0000068816
1.1901666667,0.0000032826,0.0000032845,0.0000065671
1.1903333333,0.0000031291,0.0000031324,0.0000062615
1.1905000000,0.0000029801,0.0000029842,0.0000059643
1.1906666667,0.0000028357,0.0000028397,0.0000056754
1.1908333333,0.0000026957,0.0000026992,0.0000053949
1.1910000000,0.0000025601,0.0000025628,0.0000051229
1.1911666667,0.0000024289,0.0000024306,0.0000048594
1.1913333333,0.0000023019,0.0000023025,0.0000046044
1.1915000000,0.0000021793,0.0000021787,0.0000043580
1.1916666667,0.0000020609,0.0000020595,0.0000041204
1.1918333333,0.0000019468,0.0000019451,0.0000038919
1.1920000000,0.0000018369,0.0000018357,0.0000036725
1.1921666667,0.0000017310,0.0000017306,0.0000034617
1.1923333333,0.0000016292,0.0000016295,0.0000032588
1.1925000000,0.0000015314,0.0000015320,0.0000030635
1.1926666667,0.0000014375,0.0000014381,0.0000028756
1.1928333333,0.0000013474,0.0000013480,0.0000026955
1.1930000000,0.0000012612,0.0000012618,0.0000025230
1.1931666667,0.0000011786,0.0000011793,0.0000023580
1.1933333333,0.0000010998,0.0000011002,0.0000022000
1.1935000000,0.0000010247,0.0000010243,0.0000020490
1.1936666667,0.0000009530,0.0000009517,0.0000019048
1.1938333333,0.0000008848,0.0000008828,0.0000017676
1.1940000000,0.0000008200,0.0000008175,0.0000016375
1.1941666667,0.0000007585,0.0000007556,0.0000015141
1.1943333333,0.0000007002,0.0000006969,0.0000013971
1.1945000000,0.0000006450,0.0000006411,0.0000012862
1.1946666667,0.0000005929,0.0000005885,0.0000011815
1.1948333333,0.0000005438,0.0000005394,0.0000010832
1.1950000000,0.0000004977,0.0000004936,0.0000009913
1.1951666667,0.0000004544,0.0000004509,0.0000009053
1.1953333333,0.0000004139,0.0000004106,0.0000008246
1.1955000000,0.0000003762,0.0000003723,0.0000007485
1.1956666667,0.0000003410,0.0000003360,0.0000006770
1.1958333333,0.0000003083,0.0000003019,0.0000006102
1.1960000000,0.0000002779,0.0000002704,0.0000005482
1.1961666667,0.0000002497,0.0000002415,0.0000004912
1.1963333333,0.0000002238,0.0000002150,0.0000004387
1.1965000000,0.0000001999,0.0000001905,0.0000003905
1.1966666667,0.0000001781,0.0000001680,0.0000003461
1.1968333333,0.0000001583,0.0000001474,0.0000003057
1.1970000000,0.0000001403,0.0000001288,0.0000002691
1.1971666667,0.0000001240,0.0000001123,0.0000002363
1.1973333333,0.0000001093,0.0000000975,0.0000002069
1.1975000000,0.0000000962,0.0000000842,0.0000001805
1.1976666667,0.0000000845,0.0000000722,0.0000001567
1.1978333333,0.0000000741,0.0000000614,0.0000001355
1.1980000000,0.0000000649,0.0000000517,0.0000001167
1.1981666667,0.0000000569,0.0000000434,0.0000001002
1.1983333333,0.0000000498,0.0000000362,0.0000000860
1.1985000000,0.0000000437,0.0000000301,0.0000000738
1.1986666667,0.0000000384,0.0000000250,0.0000000634
1.1988333333,0.0000000338,0.0000000210,0.0000000548
1.1990000000,0.0000000299,0.0000000179,0.0000000478
1.1991666667,0.0000000266,0.0000000157,0.0000000423
1.1993333333,0.0000000237,0.0000000144,0.0000000381
1.1995000000,0.0000000212,0.0000000137,0.0000000349
1.1996666667,0.0000000191,0.0000000136,0.0000000327
1.1998333333,0.0000000172,0.0000000142,0.0000000314
1.2000000000,0.0000000156,0.0000000153,0.0000000309
1.2001666667,0.0000000143,0.0000000169,0.0000000312
1.2003333333,0.0000000132,0.0000000190,0.0000000321
1.2005000000,0.0000000121,0.0000000215,0.0000000337
1.2006666667,0.0000000113,0.0000000246,0.0000000359
1.2008333333,0.0000000105,0.0000000282,0.0000000387
1.2010000000,0.0000000099,0.0000000323,0.0000000421
1.2011666667,0.0000000094,0.0000000368,0.0000000462
1.2013333333,0.0000000093,0.0000000417,0.0000000510
1.2015000000,0.0000000095,0.0000000469,0.0000000565
1.2016666667,0.0000000102,0.0000000525,0.0000000627
1.2018333333,0.0000000115,0.0000000583,0.0000000698
1.2020000000,0.0000000135,0.0000000644,0.0000000779
1.2021666667,0.0000000163,0.0000000709,0.0000000872
1.2023333333,0.0000000202,0.0000000779,0.0000000980
1.2025000000,0.0000000252,0.0000000856,0.0000001107
1.2026666667,0.0000000315,0.0000000942,0.0000001256
1.2028333333,0.0000000393,0.0000001037,0.0000001430
1.2030000000,0.0000000488,0.0000001139,0.0000001627
1.2031666667,0.0000000602,0.0000001248,0.0000001851
1.2033333333,0.0000000738,0.0000001364,0.0000002102
1.2035000000,0.0000000898,0.0000001488,0.0000002386
1.2036666667,0.0000001083,0.0000001624,0.0000002707
1.2038333333,0.0000001295,0.0000001774,0.0000003069
1.2040000000,0.0000001535,0.0000001939,0.0000003474
1.2041666667,0.0000001806,0.0000002119,0.0000003925
1.2043333333,0.0000002109,0.0000002317,0.0000004426
1.2045000000,0.0000002445,0.0000002539,0.0000004984
1.2046666667,0.0000002815,0.0000002789,0.0000005605
1.2048333333,0.0000003220,0.0000003072,0.0000006292
1.2050000000,0.0000003661,0.0000003388,0.0000007049
1.2051666667,0.0000004136,0.0000003738,0.0000007874
1.2053333333,0.0000004647,0.0000004123,0.0000008770
1.2055000000,0.0000005192,0.0000004546,0.0000009738
1.2056666667,0.0000005772,0.0000005012,0.0000010784
1.2058333333,0.0000006387,0.0000005525,0.0000011912
1.2060000000,0.0000007035,0.0000006088,0.0000013123
1.2061666667,0.0000007718,0.0000006700,0.0000014417
1.2063333333,0.0000008433,0.0000007362,0.0000015795
1.2065000000,0.0000009180,0.0000008078,0.0000017258
1.2066666667,0.0000009961,0.0000008848,0.0000018808
1.2068333333,0.0000010773,0.0000009675,0.0000020448
1.2070000000,0.0000011617,0.0000010562,0.0000022179
1.2071666667,0.0000012493,0.0000011508,0.0000024000
1.2073333333,0.0000013400,0.0000012510,0.0000025911
1.2075000000,0.0000014341,0.0000013568,0.0000027909
1.2076666667,0.0000015316,0.0000014677,0.0000029993
1.2078333333,0.0000016326,0.0000015834,0.0000032160
1.2080000000,0.0000017372,0.0000017035,0.0000034407
1.2081666667,0.0000018456,0.0000018277,0.0000036733
1.2083333333,0.0000019578,0.0000019556,0.0000039135
1.2085000000,0.0000020740,0.0000020872,0.0000041612
1.2086666667,0.0000021943,0.0000022220,0.0000044164
1.2088333333,0.0000023189,0.0000023598,0.0000046787
1.2090000000,0.0000024478,0.0000025002,0.0000049480
1.2091666667,0.0000025812,0.0000026430,0.0000052242
1.2093333333,0.0000027191,0.0000027887,0.0000055078
1.2095000000,0.0000028617,0.0000029374,0.0000057992
1.2096666667,0.0000030089,0.0000030895,0.0000060984
1.2098333333,0.0000031607,0.0000032446,0.0000064053
1.2100000000,0.0000033171,0.0000034021,0.0000067192
1.2101666667,0.0000034781,0.0000035613,0.0000070394
1.2103333333,0.0000036439,0.0000037219,0.0000073658
1.2105000000,0.0000038143,0.0000038844,0.0000076987
1.2106666667,0.0000039895,0.0000040497,0.0000080391
1.2108333333,0.0000041693,0.0000042185,0.0000083878
1.2110000000,0.0000043540,0.0000043916,0.0000087455
1.2111666667,0.0000045434,0.0000045691,0.0000091125
1.2113333333,0.0000047376,0.0000047514,0.0000094890
1.2115000000,0.0000049367,0.0000049384,0.0000098751
1.2116666667,0.0000051406,0.0000051305,0.0000102712
1.2118333333,0.0000053495,0.0000053279,0.0000106774
1.2120000000,0.0000055634,0.0000055307,0.0000110941
1.2121666667,0.0000057823,0.0000057391,0.0000115214
1.2123333333,0.0000060063,0.0000059534,0.0000119597
1.2125000000,0.0000062354,0.0000061740,0.0000124094
1.2126666667,0.0000064695,0.0000064011,0.0000128707
1.2128333333,0.0000067086,0.0000066351,0.0000133437
1.2130000000,0.0000069526,0.0000068759,0.0000138285
1.2131666667,0.0000072015,0.0000071232,0.0000143248
1.2133333333,0.0000074553,0.0000073772,0.0000148325
1.2135000000,0.0000077138,0.0000076380,0.0000153517
1.2136666667,0.0000079770,0.0000079059,0.0000158829
1.2138333333,0.0000082449,0.0000081811,0.0000164260
1.2140000000,0.0000085173,0.0000084635,0.0000169808
1.2141666667,0.0000087942,0.0000087524,0.0000175466
1.2143333333,0.0000090757,0.0000090469,0.0000181226
1.2145000000,0.0000093616,0.0000093463,0.0000187080
1.2146666667,0.0000096521,0.0000096501,0.0000193022
1.2148333333,0.0000099471,0.0000099578,0.0000199049
1.2150000000,0.0000102467,0.0000102691,0.0000205157
1.2151666667,0.0000105509,0.0000105835,0.0000211344
1.2153333333,0.0000108597,0.0000109007,0.0000217604
1.2155000000,0.0000111731,0.0000112204,0.0000223936
1.2156666667,0.0000114911,0.0000115427,0.0000230338
1.2158333333,0.0000118137,0.0000118675,0.0000236812
1.2160000000,0.0000121407,0.0000121953,0.0000243361
1.2161666667,0.0000124722,0.0000125262,0.0000249984
1.2163333333,0.0000128081,0.0000128599,0.0000256680
1.2165000000,0.0000131483,0.0000131961,0.0000263445
1.2166666667,0.0000134928,0.0000135345,0.0000270272
1.2168333333,0.0000138414,0.0000138748,0.0000277162
1.2170000000,0.0000141941,0.0000142174,0.0000284116
1.2171666667,0.0000145510,0.0000145628,0.0000291138
1.2173333333,0.0000149118,0.0000149118,0.0000298236
1.2175000000,0.0000152766,0.0000152649,0.0000305415
1.2176666667,0.0000156454,0.0000156226,0.0000312680
1.2178333333,0.0000160181,0.0000159856,0.0000320037
1.2180000000,0.0000163948,0.0000163542,0.0000327490
1.2181666667,0.0000167753,0.0000167290,0.0000335043
1.2183333333,0.0000171596,0.0000171100,0.0000342696
1.2185000000,0.0000175475,0.0000174968,0.0000350443
1.2186666667,0.0000179390,0.0000178887,0.0000358278
1.2188333333,0.0000183340,0.0000182851,0.0000366192
1.2190000000,0.0000187324,0.0000186860,0.0000374184
1.2191666667,0.0000191341,0.0000190917,0.0000382259
1.2193333333,0.0000195390,0.0000195027,0.0000390417
1.2195000000,0.0000199469,0.0000199189,0.0000398659
1.2196666667,0.0000203579,0.0000203397,0.0000406975
1.2198333333,0.0000207717,0.0000207639,0.0000415356
1.2200000000,0.0000211883,0.0000211909,0.0000423792
1.2201666667,0.0000216077,0.0000216202,0.0000432279
1.2203333333,0.0000220299,0.0000220520,0.0000440819
1.2205000000,0.0000224548,0.0000224862,0.0000449410
1.2206666667,0.0000228823,0.0000229221,0.0000458044
1.2208333333,0.0000233124,0.0000233587,0.0000466711
1.2210000000,0.0000237450,0.0000237952,0.0000475402
1.2211666667,0.0000241800,0.0000242314,0.0000484114
1.2213333333,0.0000246174,0.0000246676,0.0000492850
1.2215000000,0.0000250569,0.0000251043,0.0000501611
1.2216666667,0.0000254984,0.0000255411,0.0000510395
1.2218333333,0.0000259419,0.0000259778,0.0000519197
1.2220000000,0.0000263873,0.0000264141,0.0000528014
1.2221666667,0.0000268344,0.0000268507,0.0000536851
1.2223333333,0.0000272832,0.0000272892,0.0000545724
1.2225000000,0.0000277336,0.0000277312,0.0000554648
1.2226666667,0.0000281855,0.0000281773,0.0000563628
1.2228333333,0.0000286388,0.0000286268,0.0000572656
1.2230000000,0.0000290934,0.0000290784,0.0000581718
1.2231666667,0.0000295493,0.0000295309,0.0000590802
1.2233333333,0.0000300063,0.0000299842,0.0000599905
1.2235000000,0.0000304645,0.0000304392,0.0000609037
1.2236666667,0.0000309237,0.0000308972,0.0000618209
1.2238333333,0.0000313836,0.0000313589,0.0000627425
1.2240000000,0.0000318443,0.0000318239,0.0000636682
1.2241666667,0.0000323055,0.0000322914,0.0000645969
1.2243333333,0.0000327671,0.0000327606,0.0000655277
1.2245000000,0.0000332291,0.0000332310,0.0000664601
1.2246666667,0.0000336914,0.0000337025,0.0000673939
1.2248333333,0.0000341538,0.0000341748,0.0000683286
1.2250000000,0.0000346164,0.0000346472,0.0000692636
1.2251666667,0.0000350790,0.0000351187,0.0000701977
1.2253333333,0.0000355415,0.0000355882,0.0000711297
1.2255000000,0.0000360039,0.0000360552,0.0000720590
1.2256666667,0.0000364660,0.0000365193,0.0000729853
1.2258333333,0.0000369278,0.0000369806,0.0000739084
1.2260000000,0.0000373891,0.0000374395,0.0000748287
1.2261666667,0.0000378499,0.0000378965,0.0000757464
1.2263333333,0.0000383100,0.0000383519,0.0000766619
1.2265000000,0.0000387692,0.0000388062,0.0000775754
1.2266666667,0.0000392275,0.0000392593,0.0000784868
1.2268333333,0.0000396847,0.0000397111,0.0000793958
1.2270000000,0.0000401408,0.0000401614,0.0000803021
1.2271666667,0.0000405956,0.0000406102,0.0000812057
1.2273333333,0.0000410491,0.0000410580,0.0000821071
1.2275000000,0.0000415013,0.0000415054,0.0000830067
1.2276666667,0.0000419520,0.0000419529,0.0000839050
1.2278333333,0.0000424012,0.0000424006,0.0000848018
1.2280000000,0.0000428488,0.0000428480,0.0000856968
1.2281666667,0.0000432945,0.0000432948,0.0000865893
1.2283333333,0.0000437384,0.0000437408,0.0000874792
1.2285000000,0.0000441804,0.0000441862,0.0000883666
1.2286666667,0.0000446203,0.0000446312,0.0000892514
1.2288333333,0.0000450580,0.0000450756,0.0000901336
1.2290000000,0.0000454934,0.0000455191,0.0000910125
1.2291666667,0.0000459265,0.0000459608,0.0000918873
1.2293333333,0.0000463571,0.0000463997,0.0000927569
1.2295000000,0.0000467853,0.0000468352,0.0000936205
1.2296666667,0.0000472110,0.0000472664,0.0000944774
1.2298333333,0.0000476340,0.0000476929,0.0000953269
1.2300000000,0.0000480544,0.0000481142,0.0000961685
1.2301666667,0.0000484720,0.0000485303,0.0000970023
1.2303333333,0.0000488866,0.0000489418,0.0000978285
1.2305000000,0.0000492983,0.0000493494,0.0000986477
1.2306666667,0.0000497068,0.0000497537,0.0000994605
1.2308333333,0.0000501122,0.0000501552,0.0001002673
1.2310000000,0.0000505142,0.0000505538,0.0001010680
1.2311666667,0.0000509129,0.0000509493,0.0001018621
1.2313333333,0.0000513081,0.0000513411,0.0001026492
1.2315000000,0.0000516999,0.0000517290,0.0001034289
1.2316666667,0.0000520882,0.0000521133,0.0001042015
1.2318333333,0.0000524729,0.0000524944,0.0001049673
1.2320000000,0.0000528539,0.0000528729,0.0001057268
1.2321666667,0.0000532313,0.0000532492,0.0001064804
1.2323333333,0.0000536048,0.0000536236,0.0001072284
1.2325000000,0.0000539745,0.0000539961,0.0001079706
1.2326666667,0.0000543404,0.0000543663,0.0001087067
1.2328333333,0.0000547022,0.0000547336,0.0001094359
1.2330000000,0.0000550600,0.0000550975,0.0001101575
1.2331666667,0.0000554137,0.0000554574,0.0001108711
1.2333333333,0.0000557633,0.0000558128,0.0001115760
1.2335000000,0.0000561087,0.0000561633,0.0001122720
1.2336666667,0.0000564499,0.0000565085,0.0001129585
1.2338333333,0.0000567869,0.0000568482,0.0001136352
1.2340000000,0.0000571197,0.0000571821,0.0001143018
1.2341666667,0.0000574481,0.0000575102,0.0001149583
1.2343333333,0.0000577721,0.0000578326,0.0001156047
1.2345000000,0.0000580916,0.0000581494,0.0001162410
1.2346666667,0.0000584066,0.0000584609,0.0001168675
1.2348333333,0.0000587170,0.0000587672,0.0001174842
1.2350000000,0.0000590227,0.0000590689,0.0001180916
1.2351666667,0.0000593238,0.0000593662,0.0001186900
1.2353333333,0.0000596203,0.0000596597,0.0001192799
1.2355000000,0.0000599120,0.0000599493,0.0001198613
1.2356666667,0.0000601991,0.0000602350,0.0001204341
1.2358333333,0.0000604814,0.0000605163,0.0001209977
1.2360000000,0.0000607591,0.0000607931,0.0001215521
1.2361666667,0.0000610320,0.0000610655,0.0001220975
1.2363333333,0.0000613001,0.0000613341,0.0001226343
1.2365000000,0.0000615635,0.0000615993,0.0001231628
1.2366666667,0.0000618221,0.0000618609,0.0001236830
1.2368333333,0.0000620758,0.0000621186,0.0001241944
1.2370000000,0.0000623248,0.0000623718,0.0001246965
1.2371666667,0.0000625689,0.0000626200,0.0001251888
1.2373333333,0.0000628081,0.0000628630,0.0001256712
1.2375000000,0.0000630426,0.0000631008,0.0001261434
1.2376666667,0.0000632724,0.0000633330,0.0001266054
1.2378333333,0.0000634974,0.0000635592,0.0001270566
1.2380000000,0.0000637176,0.0000637790,0.0001274966
1.2381666667,0.0000639329,0.0000639923,0.0001279252
1.2383333333,0.0000641434,0.0000641994,0.0001283428
1.2385000000,0.0000643490,0.0000644010,0.0001287500
1.2386666667,0.0000645498,0.0000645978,0.0001291476
1.2388333333,0.0000647457,0.0000647904,0.0001295361
1.2390000000,0.0000649367,0.0000649790,0.0001299157
1.2391666667,0.0000651230,0.0000651636,0.0001302866
1.2393333333,0.0000653045,0.0000653441,0.0001306486
1.2395000000,0.0000654813,0.0000655203,0.0001310017
1.2396666667,0.0000656535,0.0000656921,0.0001313456
1.2398333333,0.0000658210,0.0000658593,0.0001316803
1.2400000000,0.0000659839,0.0000660220,0.0001320059
1.2401666667,0.0000661422,0.0000661804,0.0001323226
1.2403333333,0.0000662959,0.0000663350,0.0001326309
1.2405000000,0.0000664450,0.0000664861,0.0001329311
1.2406666667,0.0000665897,0.0000666335,0.0001332232
1.2408333333,0.0000667299,0.0000667768,0.0001335067
1.2410000000,0.0000668657,0.0000669152,0.0001337809
1.2411666667,0.0000669972,0.0000670481,0.0001340453
1.2413333333,0.0000671245,0.0000671755,0.0001343000
1.2415000000,0.0000672474,0.0000672980,0.0001345454
1.2416666667,0.0000673662,0.0000674158,0.0001347820
1.2418333333,0.0000674808,0.0000675291,0.0001350099
1.2420000000,0.0000675912,0.0000676379,0.0001352291
1.2421666667,0.0000676974,0.0000677419,0.0001354394
1.2423333333,0.0000677996,0.0000678412,0.0001356408
1.2425000000,0.0000678977,0.0000679362,0.0001358339
1.2426666667,0.0000679918,0.0000680275,0.0001360193
1.2428333333,0.0000680820,0.0000681155,0.0001361975
1.2430000000,0.0000681684,0.0000682006,0.0001363690
1.2431666667,0.0000682511,0.0000682827,0.0001365338
1.2433333333,0.0000683301,0.0000683616,0.0001366918
1.2435000000,0.0000684056,0.0000684373,0.0001368429
1.2436666667,0.0000684775,0.0000685097,0.0001369873
1.2438333333,0.0000685460,0.0000685789,0.0001371249
1.2440000000,0.0000686112,0.0000686449,0.0001372560
1.2441666667,0.0000686730,0.0000687074,0.0001373804
1.2443333333,0.0000687315,0.0000687665,0.0001374980
1.2445000000,0.0000687869,0.0000688221,0.0001376090
1.2446666667,0.0000688393,0.0000688742,0.0001377134
1.2448333333,0.0000688887,0.0000689230,0.0001378117
1.2450000000,0.0000689351,0.0000689688,0.0001379040
1.2451666667,0.0000689788,0.0000690117,0.0001379905
1.2453333333,0.0000690197,0.0000690516,0.0001380714
1.2455000000,0.0000690579,0.0000690886,0.0001381465
1.2456666667,0.0000690935,0.0000691225,0.0001382160
1.2458333333,0.0000691265,0.0000691535,0.0001382800
1.2460000000,0.0000691569,0.0000691819,0.0001383389
1.2461666667,0.0000691850,0.0000692081,0.0001383931
1.2463333333,0.0000692107,0.0000692323,0.0001384430
1.2465000000,0.0000692343,0.0000692548,0.0001384891
1.2466666667,0.0000692558,0.0000692756,0.0001385314
1.2468333333,0.0000692753,0.0000692948,0.0001385701
1.2470000000,0.0000692929,0.0000693123,0.0001386052
1.2471666667,0.0000693086,0.0000693283,0.0001386369
1.2473333333,0.0000693227,0.0000693426,0.0001386653
1.2475000000,0.0000693351,0.0000693555,0.0001386906
1.2476666667,0.0000693460,0.0000693669,0.0001387129
1.2478333333,0.0000693554,0.0000693768,0.0001387321
1.2480000000,0.0000693634,0.0000693851,0.0001387486
1.2481666667,0.0000693701,0.0000693922,0.0001387623
1.2483333333,0.0000693756,0.0000693981,0.0001387737
1.2485000000,0.0000693799,0.0000694030,0.0001387829
1.2486666667,0.0000693831,0.0000694073,0.0001387903
1.2488333333,0.0000693851,0.0000694110,0.0001387961
1.2490000000,0.0000693862,0.0000694143,0.0001388005
1.2491666667,0.0000693862,0.0000694174,0.0001388035
1.2493333333,0.0000693852,0.0000694204,0.0001388056
1.2495000000,0.0000693832,0.0000694235,0.0001388068
1.2496666667,0.0000693803,0.0000694270,0.0001388074
1.2498333333,0.0000693766,0.0000694310,0.0001388076
1.2500000000,0.0000693720,0.0000694357,0.0001388076
1.2501666667,0.0000693664,0.0000694413,0.0001388077
1.2503333333,0.0000693599,0.0000694479,0.0001388078
1.2505000000,0.0000693524,0.0000694560,0.0001388084
1.2506666667,0.0000693438,0.0000694657,0.0001388094
1.2508333333,0.0000693341,0.0000694772,0.0001388112
1.2510000000,0.0000693231,0.0000694909,0.0001388140
1.2511666667,0.0000693107,0.0000695072,0.0001388179
1.2513333333,0.0000692968,0.0000695264,0.0001388231
1.2515000000,0.0000692812,0.0000695489,0.0001388301
1.2516666667,0.0000692637,0.0000695752,0.0001388388
1.2518333333,0.0000692440,0.0000696057,0.0001388497
1.2520000000,0.0000692220,0.0000696409,0.0001388629
1.2521666667,0.0000691973,0.0000696815,0.0001388787
1.2523333333,0.0000691695,0.0000697279,0.0001388974
1.2525000000,0.0000691385,0.0000697806,0.0001389190
1.2526666667,0.0000691038,0.0000698399,0.0001389436
1.2528333333,0.0000690651,0.0000699060,0.0001389711
1.2530000000,0.0000690222,0.0000699793,0.0001390016
1.2531666667,0.0000689748,0.0000700604,0.0001390352
1.2533333333,0.0000689224,0.0000701499,0.0001390723
1.2535000000,0.0000688648,0.0000702486,0.0001391134
1.2536666667,0.0000688015,0.0000703572,0.0001391587
1.2538333333,0.0000687323,0.0000704762,0.0001392084
1.2540000000,0.0000686566,0.0000706060,0.0001392626
1.2541666667,0.0000685742,0.0000707469,0.0001393211
1.2543333333,0.0000684849,0.0000708994,0.0001393843
1.2545000000,0.0000683885,0.0000710639,0.0001394524
1.2546666667,0.0000682845,0.0000712413,0.0001395258
1.2548333333,0.0000681728,0.0000714320,0.0001396048
1.2550000000,0.0000680531,0.0000716365,0.0001396896
1.2551666667,0.0000679253,0.0000718551,0.0001397805
1.2553333333,0.0000677892,0.0000720883,0.0001398775
1.2555000000,0.0000676446,0.0000723362,0.0001399808
1.2556666667,0.0000674914,0.0000725991,0.0001400906
1.2558333333,0.0000673296,0.0000728772,0.0001402068
1.2560000000,0.0000671591,0.0000731704,0.0001403295
1.2561666667,0.0000669798,0.0000734786,0.0001404585
1.2563333333,0.0000667918,0.0000738019,0.0001405937
1.2565000000,0.0000665950,0.0000741404,0.0001407354
1.2566666667,0.0000663894,0.0000744941,0.0001408835
1.2568333333,0.0000661751,0.0000748634,0.0001410385
1.2570000000,0.0000659518,0.0000752485,0.0001412003
1.2571666667,0.0000657197,0.0000756497,0.0001413694
1.2573333333,0.0000654786,0.0000760674,0.0001415460
1.2575000000,0.0000652287,0.0000765021,0.0001417308
1.2576666667,0.0000649697,0.0000769543,0.0001419239
1.2578333333,0.0000647017,0.0000774240,0.0001421257
1.2580000000,0.0000644245,0.0000779115,0.0001423360
1.2581666667,0.0000641382,0.0000784165,0.0001425546
1.2583333333,0.0000638425,0.0000789391,0.0001427817
1.2585000000,0.0000635376,0.0000794797,0.0001430173
1.2586666667,0.0000632233,0.0000800385,0.0001432618
1.2588333333,0.0000628997,0.0000806155,0.0001435152
1.2590000000,0.0000625667,0.0000812104,0.0001437771
1.2591666667,0.0000622245,0.0000818228,0.0001440472
1.2593333333,0.0000618731,0.0000824523,0.0001443254
1.2595000000,0.0000615126,0.0000830992,0.0001446119
1.2596666667,0.0000611433,0.0000837639,0.0001449072
1.2598333333,0.0000607650,0.0000844467,0.0001452117
1.2600000000,0.0000603782,0.0000851473,0.0001455255
1.2601666667,0.0000599829,0.0000858653,0.0001458482
1.2603333333,0.0000595794,0.0000866003,0.0001461796
1.2605000000,0.0000591679,0.0000873519,0.0001465198
1.2606666667,0.0000587486,0.0000881207,0.0001468693
1.2608333333,0.0000583217,0.0000889070,0.0001472287
1.2610000000,0.0000578876,0.0000897109,0.0001475985
1.2611666667,0.0000574463,0.0000905324,0.0001479787
1.2613333333,0.0000569981,0.0000913708,0.0001483689
1.2615000000,0.0000565432,0.0000922261,0.0001487693
1.2616666667,0.0000560817,0.0000930981,0.0001491798
1.2618333333,0.0000556139,0.0000939867,0.0001496006
1.2620000000,0.0000551400,0.0000948914,0.0001500314
1.2621666667,0.0000546602,0.0000958112,0.0001504714
1.2623333333,0.0000541749,0.0000967449,0.0001509198
1.2625000000,0.0000536842,0.0000976919,0.0001513761
1.2626666667,0.0000531885,0.0000986521,0.0001518407
1.2628333333,0.0000526882,0.0000996262,0.0001523143
1.2630000000,0.0000521835,0.0001006145,0.0001527980
1.2631666667,0.0000516747,0.0001016172,0.0001532920
1.2633333333,0.0000511624,0.0001026339,0.0001537963
1.2635000000,0.0000506468,0.0001036638,0.0001543107
1.2636666667,0.0000501285,0.0001047065,0.0001548350
1.2638333333,0.0000496078,0.0001057613,0.0001553692
1.2640000000,0.0000490852,0.0001068280,0.0001559132
1.2641666667,0.0000485611,0.0001079059,0.0001564670
1.2643333333,0.0000480358,0.0001089946,0.0001570304
1.2645000000,0.0000475099,0.0001100936,0.0001576034
1.2646666667,0.0000469836,0.0001112028,0.0001581864
1.2648333333,0.0000464575,0.0001123221,0.0001587796
1.2650000000,0.0000459319,0.0001134506,0.0001593825
1.2651666667,0.0000454072,0.0001145869,0.0001599942
1.2653333333,0.0000448840,0.0001157298,0.0001606138
1.2655000000,0.0000443625,0.0001168783,0.0001612409
1.2656666667,0.0000438434,0.0001180325,0.0001618759
1.2658333333,0.0000433270,0.0001191929,0.0001625198
1.2660000000,0.0000428138,0.0001203594,0.0001631732
1.2661666667,0.0000423044,0.0001215313,0.0001638356
1.2663333333,0.0000417992,0.0001227073,0.0001645065
1.2665000000,0.0000412988,0.0001238863,0.0001651851
1.2666666667,0.0000408039,0.0001250680,0.0001658718
1.2668333333,0.0000403149,0.0001262528,0.0001665677
1.2670000000,0.0000398324,0.0001274413,0.0001672737
1.2671666667,0.0000393569,0.0001286331,0.0001679900
1.2673333333,0.0000388889,0.0001298266,0.0001687155
1.2675000000,0.0000384289,0.0001310201,0.0001694490
1.2676666667,0.0000379775,0.0001322122,0.0001701897
1.2678333333,0.0000375351,0.0001334021,0.0001709372
1.2680000000,0.0000371024,0.0001345894,0.0001716918
1.2681666667,0.0000366798,0.0001357737,0.0001724535
1.2683333333,0.0000362679,0.0001369538,0.0001732216
1.2685000000,0.0000358670,0.0001381286,0.0001739957
1.2686666667,0.0000354780,0.0001392976,0.0001747756
1.2688333333,0.0000351011,0.0001404608,0.0001755619
1.2690000000,0.0000347372,0.0001416186,0.0001763557
1.2691666667,0.0000343866,0.0001427708,0.0001771574
1.2693333333,0.0000340501,0.0001439167,0.0001779668
1.2695000000,0.0000337282,0.0001450547,0.0001787830
1.2696666667,0.0000334215,0.0001461838,0.0001796053
1.2698333333,0.0000331305,0.0001473030,0.0001804336
1.2700000000,0.0000328559,0.0001484123,0.0001812682
1.2701666667,0.0000325981,0.0001495112,0.0001821093
1.2703333333,0.0000323576,0.0001505988,0.0001829564
1.2705000000,0.0000321349,0.0001516739,0.0001838088
1.2706666667,0.0000319306,0.0001527353,0.0001846659
1.2708333333,0.0000317452,0.0001537824,0.0001855276
1.2710000000,0.0000315793,0.0001548149,0.0001863942
1.2711666667,0.0000314332,0.0001558323,0.0001872655
1.2713333333,0.0000313076,0.0001568335,0.0001881412
1.2715000000,0.0000312030,0.0001578172,0.0001890202
1.2716666667,0.0000311198,0.0001587819,0.0001899018
1.2718333333,0.0000310587,0.0001597271,0.0001907859
1.2720000000,0.0000310202,0.0001606530,0.0001916732
1.2721666667,0.0000310048,0.0001615599,0.0001925647
1.2723333333,0.0000310130,0.0001624483,0.0001934613
1.2725000000,0.0000310452,0.0001633178,0.0001943631
1.2726666667,0.0000311021,0.0001641675,0.0001952696
1.2728333333,0.0000311839,0.0001649959,0.0001961798
1.2730000000,0.0000312911,0.0001658017,0.0001970928
1.2731666667,0.0000314241,0.0001665837,0.0001980078
1.2733333333,0.0000315833,0.0001673409,0.0001989242
1.2735000000,0.0000317692,0.0001680726,0.0001998418
1.2736666667,0.0000319822,0.0001687783,0.0002007605
1.2738333333,0.0000322227,0.0001694577,0.0002016804
1.2740000000,0.0000324911,0.0001701102,0.0002026013
1.2741666667,0.0000327877,0.0001707352,0.0002035229
1.2743333333,0.0000331131,0.0001713318,0.0002044449
1.2745000000,0.0000334676,0.0001718995,0.0002053671
1.2746666667,0.0000338515,0.0001724384,0.0002062899
1.2748333333,0.0000342652,0.0001729486,0.0002072139
1.2750000000,0.0000347091,0.0001734301,0.0002081392
1.2751666667,0.0000351834,0.0001738823,0.0002090657
1.2753333333,0.0000356884,0.0001743043,0.0002099927
1.2755000000,0.0000362244,0.0001746949,0.0002109193
1.2756666667,0.0000367916,0.0001750537,0.0002118453
1.2758333333,0.0000373902,0.0001753805,0.0002127707
1.2760000000,0.0000380205,0.0001756749,0.0002136954
1.2761666667,0.0000386827,0.0001759364,0.0002146191
1.2763333333,0.0000393771,0.0001761638,0.0002155409
1.2765000000,0.0000401039,0.0001763562,0.0002164600
1.2766666667,0.0000408632,0.0001765132,0.0002173764
1.2768333333,0.0000416554,0.0001766350,0.0002182904
1.2770000000,0.0000424805,0.0001767220,0.0002192024
1.2771666667,0.0000433386,0.0001767738,0.0002201124
1.2773333333,0.0000442299,0.0001767894,0.0002210194
1.2775000000,0.0000451545,0.0001767681,0.0002219226
1.2776666667,0.0000461124,0.0001767095,0.0002228219
1.2778333333,0.0000471037,0.0001766145,0.0002237182
1.2780000000,0.0000481284,0.0001764842,0.0002246126
1.2781666667,0.0000491865,0.0001763193,0.0002255058
1.2783333333,0.0000502780,0.0001761193,0.0002263973
1.2785000000,0.0000514030,0.0001758827,0.0002272857
1.2786666667,0.0000525614,0.0001756081,0.0002281695
1.2788333333,0.0000537532,0.0001752945,0.0002290477
1.2790000000,0.0000549785,0.0001749415,0.0002299200
1.2791666667,0.0000562371,0.0001745495,0.0002307865
1.2793333333,0.0000575289,0.0001741185,0.0002316474
1.2795000000,0.0000588538,0.0001736488,0.0002325027
1.2796666667,0.0000602117,0.0001731406,0.0002333523
1.2798333333,0.0000616024,0.0001725942,0.0002341966
1.2800000000,0.0000630256,0.0001720104,0.0002350360
1.2801666667,0.0000644812,0.0001713893,0.0002358705
1.2803333333,0.0000659690,0.0001707310,0.0002367000
1.2805000000,0.0000674887,0.0001700352,0.0002375239
1.2806666667,0.0000690401,0.0001693017,0.0002383418
1.2808333333,0.0000706230,0.0001685306,0.0002391536
1.2810000000,0.0000722371,0.0001677223,0.0002399594
1.2811666667,0.0000738821,0.0001668768,0.0002407589
1.2813333333,0.0000755576,0.0001659940,0.0002415516
1.2815000000,0.0000772634,0.0001650735,0.0002423370
1.2816666667,0.0000789991,0.0001641154,0.0002431145
1.2818333333,0.0000807642,0.0001631201,0.0002438844
1.2820000000,0.0000825585,0.0001620884,0.0002446469
1.2821666667,0.0000843813,0.0001610209,0.0002454022
1.2823333333,0.0000862322,0.0001599175,0.0002461497
1.2825000000,0.0000881107,0.0001587780,0.0002468887
1.2826666667,0.0000900165,0.0001576024,0.0002476189
1.2828333333,0.0000919490,0.0001563915,0.0002483405
1.2830000000,0.0000939077,0.0001551467,0.0002490544
1.2831666667,0.0000958922,0.0001538694,0.0002497615
1.2833333333,0.0000979018,0.0001525602,0.0002504620
1.2835000000,0.0000999360,0.0001512193,0.0002511553
1.2836666667,0.0001019943,0.0001498461,0.0002518403
1.2838333333,0.0001040759,0.0001484405,0.0002525164
1.2840000000,0.0001061802,0.0001470030,0.0002531832
1.2841666667,0.0001083067,0.0001455342,0.0002538409
1.2843333333,0.0001104545,0.0001440349,0.0002544894
1.2845000000,0.0001126231,0.0001425056,0.0002551287
1.2846666667,0.0001148117,0.0001409466,0.0002557583
1.2848333333,0.0001170196,0.0001393585,0.0002563782
1.2850000000,0.0001192462,0.0001377421,0.0002569882
1.2851666667,0.0001214906,0.0001360981,0.0002575887
1.2853333333,0.0001237522,0.0001344279,0.0002581801
1.2855000000,0.0001260301,0.0001327325,0.0002587626
1.2856666667,0.0001283236,0.0001310130,0.0002593366
1.2858333333,0.0001306318,0.0001292704,0.0002599022
1.2860000000,0.0001329540,0.0001275055,0.0002604594
1.2861666667,0.0001352892,0.0001257185,0.0002610078
1.2863333333,0.0001376367,0.0001239098,0.0002615465
1.2865000000,0.0001399955,0.0001220794,0.0002620749
1.2866666667,0.0001423647,0.0001202278,0.0002625926
1.2868333333,0.0001447436,0.0001183562,0.0002630998
1.2870000000,0.0001471311,0.0001164658,0.0002635969
1.2871666667,0.0001495265,0.0001145580,0.0002640846
1.2873333333,0.0001519288,0.0001126340,0.0002645628
1.2875000000,0.0001543370,0.0001106944,0.0002650314
1.2876666667,0.0001567502,0.0001087400,0.0002654902
1.2878333333,0.0001591674,0.0001067719,0.0002659393
1.2880000000,0.0001615876,0.0001047910,0.0002663786
1.2881666667,0.0001640099,0.0001027984,0.0002668083
1.2883333333,0.0001664331,0.0001007953,0.0002672284
1.2885000000,0.0001688565,0.0000987826,0.0002676391
1.2886666667,0.0001712788,0.0000967615,0.0002680403
1.2888333333,0.0001736992,0.0000947334,0.0002684326
1.2890000000,0.0001761167,0.0000926993,0.0002688160
1.2891666667,0.0001785302,0.0000906602,0.0002691904
1.2893333333,0.0001809387,0.0000886166,0.0002695553
1.2895000000,0.0001833412,0.0000865687,0.0002699099
1.2896666667,0.0001857366,0.0000845175,0.0002702540
1.2898333333,0.0001881237,0.0000824640,0.0002705878
1.2900000000,0.0001905016,0.0000804102,0.0002709118
1.2901666667,0.0001928692,0.0000783576,0.0002712268
1.2903333333,0.0001952253,0.0000763077,0.0002715330
1.2905000000,0.0001975689,0.0000742616,0.0002718305
1.2906666667,0.0001998990,0.0000722203,0.0002721192
1.2908333333,0.0002022145,0.0000701848,0.0002723994
1.2910000000,0.0002045145,0.0000681566,0.0002726711
1.2911666667,0.0002067977,0.0000661369,0.0002729346
1.2913333333,0.0002090632,0.0000641267,0.0002731899
1.2915000000,0.0002113098,0.0000621266,0.0002734364
1.2916666667,0.0002135365,0.0000601375,0.0002736739
1.2918333333,0.0002157421,0.0000581603,0.0002739024
1.2920000000,0.0002179256,0.0000561966,0.0002741222
1.2921666667,0.0002200859,0.0000542478,0.0002743337
1.2923333333,0.0002222219,0.0000523151,0.0002745370
1.2925000000,0.0002243326,0.0000503997,0.0002747324
1.2926666667,0.0002264170,0.0000485027,0.0002749197
1.2928333333,0.0002284740,0.0000466253,0.0002750993
1.2930000000,0.0002305025,0.0000447689,0.0002752714
1.2931666667,0.0002325015,0.0000429350,0.0002754365
1.2933333333,0.0002344700,0.0000411247,0.0002755947
1.2935000000,0.0002364070,0.0000393390,0.0002757460
1.2936666667,0.0002383113,0.0000375789,0.0002758903
1.2938333333,0.0002401820,0.0000358454,0.0002760274
1.2940000000,0.0002420181,0.0000341396,0.0002761577
1.2941666667,0.0002438186,0.0000324627,0.0002762813
1.2943333333,0.0002455825,0.0000308160,0.0002763985
1.2945000000,0.0002473089,0.0000292005,0.0002765094
1.2946666667,0.0002489968,0.0000276172,0.0002766140
1.2948333333,0.0002506453,0.0000260671,0.0002767124
1.2950000000,0.0002522533,0.0000245514,0.0002768048
1.2951666667,0.0002538200,0.0000230713,0.0002768914
1.2953333333,0.0002553445,0.0000216281,0.0002769726
1.2955000000,0.0002568257,0.0000202228,0.0002770486
1.2956666667,0.0002582629,0.0000188566,0.0002771195
1.2958333333,0.0002596552,0.0000175305,0.0002771856
1.2960000000,0.0002610017,0.0000162455,0.0002772472
1.2961666667,0.0002623017,0.0000150028,0.0002773044
1.2963333333,0.0002635543,0.0000138031,0.0002773574
1.2965000000,0.0002647588,0.0000126475,0.0002774063
1.2966666667,0.0002659143,0.0000115366,0.0002774510
1.2968333333,0.0002670202,0.0000104715,0.0002774917
1.2970000000,0.0002680756,0.0000094530,0.0002775286
1.2971666667,0.0002690798,0.0000084820,0.0002775618
1.2973333333,0.0002700321,0.0000075595,0.0002775916
1.2975000000,0.0002709318,0.0000066863,0.0002776182
1.2976666667,0.0002717783,0.0000058635,0.0002776417
1.2978333333,0.0002725709,0.0000050918,0.0002776627
1.2980000000,0.0002733092,0.0000043722,0.0002776813
1.2981666667,0.0002739925,0.0000037054,0.0002776979
1.2983333333,0.0002746203,0.0000030921,0.0002777124
1.2985000000,0.0002751922,0.0000025328,0.0002777250
1.2986666667,0.0002757075,0.0000020280,0.0002777355
1.2988333333,0.0002761659,0.0000015782,0.0002777442
1.2990000000,0.0002765669,0.0000011843,0.0002777512
1.2991666667,0.0002769101,0.0000008467,0.0002777568
1.2993333333,0.0002771953,0.0000005660,0.0002777612
1.2995000000,0.0002774220,0.0000003425,0.0002777645
1.2996666667,0.0002775901,0.0000001767,0.0002777668
1.2998333333,0.0002776994,0.0000000687,0.0002777681
1.3000000000,0.0002777496,0.0000000190,0.0002777686
1.3001666667,0.0002777406,0.0000000278,0.0002777683
1.3003333333,0.0002776723,0.0000000952,0.0002777674
1.3005000000,0.0002775446,0.0000002212,0.0002777658
1.3006666667,0.0002773576,0.0000004060,0.0002777636
1.3008333333,0.0002771112,0.0000006494,0.0002777607
1.3010000000,0.0002768058,0.0000009514,0.0002777572
1.3011666667,0.0002764413,0.0000013118,0.0002777530
1.3013333333,0.0002760181,0.0000017301,0.0002777482
1.3015000000,0.0002755364,0.0000022062,0.0002777426
1.3016666667,0.0002749966,0.0000027395,0.0002777361
1.3018333333,0.0002743990,0.0000033297,0.0002777287
1.3020000000,0.0002737441,0.0000039763,0.0002777204
1.3021666667,0.0002730323,0.0000046786,0.0002777109
1.3023333333,0.0002722641,0.0000054359,0.0002777001
1.3025000000,0.0002714402,0.0000062474,0.0002776876
1.3026666667,0.0002705612,0.0000071120,0.0002776733
1.3028333333,0.0002696279,0.0000080288,0.0002776567
1.3030000000,0.0002686410,0.0000089968,0.0002776377
1.3031666667,0.0002676013,0.0000100147,0.0002776160
1.3033333333,0.0002665096,0.0000110815,0.0002775912
1.3035000000,0.0002653668,0.0000121960,0.0002775628
1.3036666667,0.0002641738,0.0000133570,0.0002775307
1.3038333333,0.0002629314,0.0000145633,0.0002774947
1.3040000000,0.0002616406,0.0000158139,0.0002774546
1.3041666667,0.0002603024,0.0000171076,0.0002774101
1.3043333333,0.0002589178,0.0000184431,0.0002773609
1.3045000000,0.0002574876,0.0000198189,0.0002773065
1.3046666667,0.0002560129,0.0000212334,0.0002772463
1.3048333333,0.0002544946,0.0000226852,0.0002771798
1.3050000000,0.0002529338,0.0000241728,0.0002771066
1.3051666667,0.0002513314,0.0000256949,0.0002770263
1.3053333333,0.0002496884,0.0000272502,0.0002769386
1.3055000000,0.0002480057,0.0000288374,0.0002768432
1.3056666667,0.0002462844,0.0000304555,0.0002767399
1.3058333333,0.0002445253,0.0000321031,0.0002766285
1.3060000000,0.0002427295,0.0000337794,0.0002765089
1.3061666667,0.0002408980,0.0000354832,0.0002763812
1.3063333333,0.0002390317,0.0000372134,0.0002762451
1.3065000000,0.0002371315,0.0000389689,0.0002761004
1.3066666667,0.0002351985,0.0000407484,0.0002759469
1.3068333333,0.0002332336,0.0000425506,0.0002757842
1.3070000000,0.0002312378,0.0000443747,0.0002756124
1.3071666667,0.0002292121,0.0000462195,0.0002754316
1.3073333333,0.0002271577,0.0000480844,0.0002752420
1.3075000000,0.0002250755,0.0000499682,0.0002750437
1.3076666667,0.0002229667,0.0000518699,0.0002748366
1.3078333333,0.0002208323,0.0000537882,0.0002746206
1.3080000000,0.0002186735,0.0000557221,0.0002743956
1.3081666667,0.0002164914,0.0000576704,0.0002741618
1.3083333333,0.0002142871,0.0000596325,0.0002739196
1.3085000000,0.0002120617,0.0000616076,0.0002736693
1.3086666667,0.0002098163,0.0000635951,0.0002734114
1.3088333333,0.0002075521,0.0000655940,0.0002731461
1.3090000000,0.0002052701,0.0000676034,0.0002728735
1.3091666667,0.0002029714,0.0000696225,0.0002725939
1.3093333333,0.0002006571,0.0000716506,0.0002723077
1.3095000000,0.0001983283,0.0000736865,0.0002720148
1.3096666667,0.0001959859,0.0000757290,0.0002717149
1.3098333333,0.0001936310,0.0000777765,0.0002714075
1.3100000000,0.0001912646,0.0000798275,0.0002710921
1.3101666667,0.0001888876,0.0000818809,0.0002707685
1.3103333333,0.0001865011,0.0000839362,0.0002704373
1.3105000000,0.0001841061,0.0000859929,0.0002700990
1.3106666667,0.0001817034,0.0000880506,0.0002697540
1.3108333333,0.0001792942,0.0000901078,0.0002694020
1.3110000000,0.0001768794,0.0000921632,0.0002690426
1.3111666667,0.0001744600,0.0000942149,0.0002686749
1.3113333333,0.0001720371,0.0000962617,0.0002682988
1.3115000000,0.0001696115,0.0000983024,0.0002679139
1.3116666667,0.0001671844,0.0001003358,0.0002675203
1.3118333333,0.0001647569,0.0001023604,0.0002671172
1.3120000000,0.0001623299,0.0001043742,0.0002667041
1.3121666667,0.0001599045,0.0001063756,0.0002662801
1.3123333333,0.0001574819,0.0001083629,0.0002658448
1.3125000000,0.0001550630,0.0001103350,0.0002653980
1.3126666667,0.0001526489,0.0001122910,0.0002649399
1.3128333333,0.0001502405,0.0001142299,0.0002644705
1.3130000000,0.0001478389,0.0001161506,0.0002639895
1.3131666667,0.0001454448,0.0001180521,0.0002634969
1.3133333333,0.0001430594,0.0001199335,0.0002629928
1.3135000000,0.0001406834,0.0001217941,0.0002624775
1.3136666667,0.0001383178,0.0001236332,0.0002619509
1.3138333333,0.0001359633,0.0001254497,0.0002614130
1.3140000000,0.0001336209,0.0001272422,0.0002608631
1.3141666667,0.0001312914,0.0001290098,0.0002603012
1.3143333333,0.0001289756,0.0001307520,0.0002597276
1.3145000000,0.0001266744,0.0001324690,0.0002591433
1.3146666667,0.0001243884,0.0001341609,0.0002585493
1.3148333333,0.0001221186,0.0001358275,0.0002579461
1.3150000000,0.0001198658,0.0001374679,0.0002573336
1.3151666667,0.0001176307,0.0001390809,0.0002567115
1.3153333333,0.0001154141,0.0001406658,0.0002560800
1.3155000000,0.0001132169,0.0001422228,0.0002554397
1.3156666667,0.0001110398,0.0001437523,0.0002547921
1.3158333333,0.0001088834,0.0001452550,0.0002541384
1.3160000000,0.0001067485,0.0001467307,0.0002534791
1.3161666667,0.0001046356,0.0001481786,0.0002528142
1.3163333333,0.0001025453,0.0001495976,0.0002521429
1.3165000000,0.0001004783,0.0001509863,0.0002514647
1.3166666667,0.0000984352,0.0001523440,0.0002507792
1.3168333333,0.0000964165,0.0001536700,0.0002500865
1.3170000000,0.0000944228,0.0001549638,0.0002493866
1.3171666667,0.0000924546,0.0001562250,0.0002486796
1.3173333333,0.0000905123,0.0001574533,0.0002479656
1.3175000000,0.0000885965,0.0001586483,0.0002472448
1.3176666667,0.0000867077,0.0001598096,0.0002465173
1.3178333333,0.0000848464,0.0001609366,0.0002457830
1.3180000000,0.0000830131,0.0001620285,0.0002450417
1.3181666667,0.0000812083,0.0001630844,0.0002442927
1.3183333333,0.0000794325,0.0001641032,0.0002435357
1.3185000000,0.0000776861,0.0001650840,0.0002427701
1.3186666667,0.0000759695,0.0001660260,0.0002419955
1.3188333333,0.0000742832,0.0001669280,0.0002412112
1.3190000000,0.0000726274,0.0001677895,0.0002404170
1.3191666667,0.0000710026,0.0001686103,0.0002396129
1.3193333333,0.0000694089,0.0001693909,0.0002387998
1.3195000000,0.0000678467,0.0001701321,0.0002379788
1.3196666667,0.0000663163,0.0001708345,0.0002371508
1.3198333333,0.0000648179,0.0001714981,0.0002363160
1.3200000000,0.0000633516,0.0001721225,0.0002354741
1.3201666667,0.0000619177,0.0001727071,0.0002346249
1.3203333333,0.0000605164,0.0001732525,0.0002337689
1.3205000000,0.0000591478,0.0001737595,0.0002329074
1.3206666667,0.0000578122,0.0001742295,0.0002320417
1.3208333333,0.0000565097,0.0001746629,0.0002311726
1.3210000000,0.0000552404,0.0001750597,0.0002303001
1.3211666667,0.0000540046,0.0001754190,0.0002294236
1.3213333333,0.0000528023,0.0001757408,0.0002285430
1.3215000000,0.0000516335,0.0001760255,0.0002276590
1.3216666667,0.0000504983,0.0001762743,0.0002267725
1.3218333333,0.0000493966,0.0001764881,0.0002258847
1.3220000000,0.0000483286,0.0001766672,0.0002249958
1.3221666667,0.0000472940,0.0001768113,0.0002241053
1.3223333333,0.0000462929,0.0001769200,0.0002232129
1.3225000000,0.0000453252,0.0001769935,0.0002223187
1.3226666667,0.0000443908,0.0001770322,0.0002214230
1.3228333333,0.0000434897,0.0001770364,0.0002205261
1.3230000000,0.0000426218,0.0001770058,0.0002196275
1.3231666667,0.0000417869,0.0001769393,0.0002187262
1.3233333333,0.0000409849,0.0001768361,0.0002178210
1.3235000000,0.0000402159,0.0001766958,0.0002169117
1.3236666667,0.0000394795,0.0001765188,0.0002159984
1.3238333333,0.0000387758,0.0001763059,0.0002150817
1.3240000000,0.0000381044,0.0001760574,0.0002141618
1.3241666667,0.0000374652,0.0001757737,0.0002132389
1.3243333333,0.0000368580,0.0001754549,0.0002123128
1.3245000000,0.0000362824,0.0001751018,0.0002113842
1.3246666667,0.0000357382,0.0001747156,0.0002104537
1.3248333333,0.0000352250,0.0001742976,0.0002095226
1.3250000000,0.0000347426,0.0001738486,0.0002085913
1.3251666667,0.0000342907,0.0001733689,0.0002076596
1.3253333333,0.0000338690,0.0001728583,0.0002067274
1.3255000000,0.0000334772,0.0001723171,0.0002057943
1.3256666667,0.0000331150,0.0001717460,0.0002048610
1.3258333333,0.0000327820,0.0001711463,0.0002039282
1.3260000000,0.0000324778,0.0001705194,0.0002029972
1.3261666667,0.0000322022,0.0001698670,0.0002020691
1.3263333333,0.0000319547,0.0001691902,0.0002011448
1.3265000000,0.0000317350,0.0001684901,0.0002002251
1.3266666667,0.0000315426,0.0001677674,0.0001993100
1.3268333333,0.0000313772,0.0001670224,0.0001983995
1.3270000000,0.0000312382,0.0001662546,0.0001974928
1.3271666667,0.0000311252,0.0001654637,0.0001965889
1.3273333333,0.0000310377,0.0001646497,0.0001956875
1.3275000000,0.0000309753,0.0001638134,0.0001947888
1.3276666667,0.0000309376,0.0001629558,0.0001938934
1.3278333333,0.0000309240,0.0001620776,0.0001930016
1.3280000000,0.0000309342,0.0001611791,0.0001921133
1.3281666667,0.0000309677,0.0001602599,0.0001912276
1.3283333333,0.0000310239,0.0001593195,0.0001903435
1.3285000000,0.0000311025,0.0001583584,0.0001894609
1.3286666667,0.0000312029,0.0001573776,0.0001885805
1.3288333333,0.0000313246,0.0001563785,0.0001877031
1.3290000000,0.0000314670,0.0001553625,0.0001868295
1.3291666667,0.0000316295,0.0001543303,0.0001859598
1.3293333333,0.0000318117,0.0001532824,0.0001850941
1.3295000000,0.0000320130,0.0001522194,0.0001842324
1.3296666667,0.0000322329,0.0001511422,0.0001833750
1.3298333333,0.0000324707,0.0001500519,0.0001825226
1.3300000000,0.0000327260,0.0001489494,0.0001816754
1.3301666667,0.0000329982,0.0001478355,0.0001808338
1.3303333333,0.0000332869,0.0001467110,0.0001799979
1.3305000000,0.0000335914,0.0001455772,0.0001791685
1.3306666667,0.0000339112,0.0001444355,0.0001783467
1.3308333333,0.0000342459,0.0001432875,0.0001775334
1.3310000000,0.0000345948,0.0001421342,0.0001767290
1.3311666667,0.0000349575,0.0001409760,0.0001759335
1.3313333333,0.0000353332,0.0001398131,0.0001751463
1.3315000000,0.0000357214,0.0001386457,0.0001743671
1.3316666667,0.0000361216,0.0001374742,0.0001735959
1.3318333333,0.0000365333,0.0001362992,0.0001728325
1.3320000000,0.0000369558,0.0001351207,0.0001720765
1.3321666667,0.0000373887,0.0001339384,0.0001713271
1.3323333333,0.0000378314,0.0001327522,0.0001705836
1.3325000000,0.0000382835,0.0001315625,0.0001698459
1.3326666667,0.0000387442,0.0001303705,0.0001691147
1.3328333333,0.0000392132,0.0001291777,0.0001683909
1.3330000000,0.0000396899,0.0001279852,0.0001676751
1.3331666667,0.0000401737,0.0001267936,0.0001669673
1.3333333333,0.0000406641,0.0001256028,0.0001662668
1.3335000000,0.0000411605,0.0001244127,0.0001655732
1.3336666667,0.0000416624,0.0001232242,0.0001648866
1.3338333333,0.0000421692,0.0001220385,0.0001642078
1.3340000000,0.0000426805,0.0001208569,0.0001635374
1.3341666667,0.0000431958,0.0001196803,0.0001628760
1.3343333333,0.0000437144,0.0001185091,0.0001622235
1.3345000000,0.0000442361,0.0001173438,0.0001615799
1.3346666667,0.0000447603,0.0001161852,0.0001609455
1.3348333333,0.0000452866,0.0001150347,0.0001603212
1.3350000000,0.0000458144,0.0001138935,0.0001597079
1.3351666667,0.0000463434,0.0001127626,0.0001591061
1.3353333333,0.0000468731,0.0001116422,0.0001585153
1.3355000000,0.0000474030,0.0001105320,0.0001579350
1.3356666667,0.0000479327,0.0001094319,0.0001573646
1.3358333333,0.0000484617,0.0001083420,0.0001568036
1.3360000000,0.0000489896,0.0001072626,0.0001562521
1.3361666667,0.0000495160,0.0001061940,0.0001557100
1.3363333333,0.0000500406,0.0001051366,0.0001551772
1.3365000000,0.0000505629,0.0001040904,0.0001546533
1.3366666667,0.0000510826,0.0001030557,0.0001541382
1.3368333333,0.0000515992,0.0001020325,0.0001536317
1.3370000000,0.0000521125,0.0001010213,0.0001531338
1.3371666667,0.0000526220,0.0001000223,0.0001526443
1.3373333333,0.0000531273,0.0000990360,0.0001521634
1.3375000000,0.0000536282,0.0000980630,0.0001516912
1.3376666667,0.0000541242,0.0000971041,0.0001512284
1.3378333333,0.0000546151,0.0000961604,0.0001507755
1.3380000000,0.0000551004,0.0000952325,0.0001503329
1.3381666667,0.0000555799,0.0000943207,0.0001499007
1.3383333333,0.0000560535,0.0000934248,0.0001494783
1.3385000000,0.0000565207,0.0000925445,0.0001490653
1.3386666667,0.0000569815,0.0000916800,0.0001486615
1.3388333333,0.0000574355,0.0000908318,0.0001482673
1.3390000000,0.0000578825,0.0000900010,0.0001478834
1.3391666667,0.0000583222,0.0000891883,0.0001475105
1.3393333333,0.0000587544,0.0000883942,0.0001471487
1.3395000000,0.0000591790,0.0000876186,0.0001467977
1.3396666667,0.0000595958,0.0000868611,0.0001464569
1.3398333333,0.0000600045,0.0000861213,0.0001461258
1.3400000000,0.0000604051,0.0000853987,0.0001458038
1.3401666667,0.0000607973,0.0000846931,0.0001454904
1.3403333333,0.0000611811,0.0000840044,0.0001451855
1.3405000000,0.0000615563,0.0000833324,0.0001448888
1.3406666667,0.0000619228,0.0000826772,0.0001446000
1.3408333333,0.0000622805,0.0000820387,0.0001443192
1.3410000000,0.0000626292,0.0000814174,0.0001440466
1.3411666667,0.0000629688,0.0000808135,0.0001437823
1.3413333333,0.0000632992,0.0000802273,0.0001435266
1.3415000000,0.0000636204,0.0000796590,0.0001432794
1.3416666667,0.0000639323,0.0000791084,0.0001430407
1.3418333333,0.0000642349,0.0000785756,0.0001428105
1.3420000000,0.0000645281,0.0000780605,0.0001425886
1.3421666667,0.0000648119,0.0000775632,0.0001423751
1.3423333333,0.0000650864,0.0000770838,0.0001421701
1.3425000000,0.0000653515,0.0000766221,0.0001419736
1.3426666667,0.0000656074,0.0000761781,0.0001417855
1.3428333333,0.0000658541,0.0000757515,0.0001416056
1.3430000000,0.0000660915,0.0000753421,0.0001414336
1.3431666667,0.0000663197,0.0000749496,0.0001412693
1.3433333333,0.0000665387,0.0000745740,0.0001411126
1.3435000000,0.0000667486,0.0000742150,0.0001409636
1.3436666667,0.0000669496,0.0000738724,0.0001408221
1.3438333333,0.0000671418,0.0000735459,0.0001406877
1.3440000000,0.0000673252,0.0000732346,0.0001405599
1.3441666667,0.0000675000,0.0000729381,0.0001404381
1.3443333333,0.0000676663,0.0000726558,0.0001403221
1.3445000000,0.0000678241,0.0000723876,0.0001402118
1.3446666667,0.0000679737,0.0000721336,0.0001401073
1.3448333333,0.0000681151,0.0000718936,0.0001400087
1.3450000000,0.0000682485,0.0000716674,0.0001399159
1.3451666667,0.0000683740,0.0000714546,0.0001398285
1.3453333333,0.0000684918,0.0000712546,0.0001397464
1.3455000000,0.0000686020,0.0000710673,0.0001396693
1.3456666667,0.0000687048,0.0000708928,0.0001395976
1.3458333333,0.0000688006,0.0000707309,0.0001395315
1.3460000000,0.0000688894,0.0000705816,0.0001394710
1.3461666667,0.0000689716,0.0000704441,0.0001394157
1.3463333333,0.0000690474,0.0000703179,0.0001393653
1.3465000000,0.0000691170,0.0000702022,0.0001393192
1.3466666667,0.0000691806,0.0000700965,0.0001392771
1.3468333333,0.0000692384,0.0000700006,0.0001392390
1.3470000000,0.0000692907,0.0000699141,0.0001392048
1.3471666667,0.0000693376,0.0000698365,0.0001391742
1.3473333333,0.0000693796,0.0000697674,0.0001391469
1.3475000000,0.0000694168,0.0000697060,0.0001391228
1.3476666667,0.0000694495,0.0000696520,0.0001391014
1.3478333333,0.0000694780,0.0000696049,0.0001390829
1.3480000000,0.0000695024,0.0000695645,0.0001390669
1.3481666667,0.0000695231,0.0000695303,0.0001390534
1.3483333333,0.0000695403,0.0000695018,0.0001390421
1.3485000000,0.0000695542,0.0000694783,0.0001390326
1.3486666667,0.0000695651,0.0000694596,0.0001390247
1.3488333333,0.0000695731,0.0000694453,0.0001390184
1.3490000000,0.0000695786,0.0000694349,0.0001390135
1.3491666667,0.0000695817,0.0000694283,0.0001390100
1.3493333333,0.0000695828,0.0000694249,0.0001390077
1.3495000000,0.0000695820,0.0000694243,0.0001390063
1.3496666667,0.0000695796,0.0000694260,0.0001390056
1.3498333333,0.0000695759,0.0000694294,0.0001390054
1.3500000000,0.0000695711,0.0000694343,0.0001390053
1.3501666667,0.0000695652,0.0000694401,0.0001390053
1.3503333333,0.0000695586,0.0000694465,0.0001390051
1.3505000000,0.0000695512,0.0000694532,0.0001390044
1.3506666667,0.0000695433,0.0000694598,0.0001390032
1.3508333333,0.0000695350,0.0000694661,0.0001390011
1.3510000000,0.0000695264,0.0000694717,0.0001389981
1.3511666667,0.0000695175,0.0000694763,0.0001389938
1.3513333333,0.0000695084,0.0000694798,0.0001389882
1.3515000000,0.0000694992,0.0000694819,0.0001389811
1.3516666667,0.0000694897,0.0000694827,0.0001389724
1.3518333333,0.0000694800,0.0000694819,0.0001389619
1.3520000000,0.0000694699,0.0000694794,0.0001389493
1.3521666667,0.0000694594,0.0000694748,0.0001389342
1.3523333333,0.0000694485,0.0000694680,0.0001389165
1.3525000000,0.0000694369,0.0000694589,0.0001388959
1.3526666667,0.0000694247,0.0000694476,0.0001388723
1.3528333333,0.0000694117,0.0000694339,0.0001388456
1.3530000000,0.0000693977,0.0000694179,0.0001388156
1.3531666667,0.0000693824,0.0000693995,0.0001387819
1.3533333333,0.0000693658,0.0000693785,0.0001387443
1.3535000000,0.0000693476,0.0000693548,0.0001387024
1.3536666667,0.0000693276,0.0000693286,0.0001386562
1.3538333333,0.0000693057,0.0000692998,0.0001386055
1.3540000000,0.0000692815,0.0000692686,0.0001385501
1.3541666667,0.0000692550,0.0000692351,0.0001384901
1.3543333333,0.0000692260,0.0000691993,0.0001384253
1.3545000000,0.0000691943,0.0000691616,0.0001383558
1.3546666667,0.0000691597,0.0000691219,0.0001382815
1.3548333333,0.0000691221,0.0000690803,0.0001382024
1.3550000000,0.0000690813,0.0000690368,0.0001381181
1.3551666667,0.0000690372,0.0000689912,0.0001380285
1.3553333333,0.0000689897,0.0000689436,0.0001379333
1.3555000000,0.0000689387,0.0000688936,0.0001378323
1.3556666667,0.0000688842,0.0000688410,0.0001377253
1.3558333333,0.0000688262,0.0000687854,0.0001376117
1.3560000000,0.0000687647,0.0000687263,0.0001374910
1.3561666667,0.0000686997,0.0000686632,0.0001373630
1.3563333333,0.0000686313,0.0000685962,0.0001372275
1.3565000000,0.0000685594,0.0000685254,0.0001370847
1.3566666667,0.0000684840,0.0000684510,0.0001369350
1.3568333333,0.0000684052,0.0000683733,0.0001367785
1.3570000000,0.0000683228,0.0000682920,0.0001366148
1.3571666667,0.0000682370,0.0000682066,0.0001364436
1.3573333333,0.0000681476,0.0000681169,0.0001362645
1.3575000000,0.0000680547,0.0000680228,0.0001360775
1.3576666667,0.0000679581,0.0000679246,0.0001358827
1.3578333333,0.0000678579,0.0000678225,0.0001356804
1.3580000000,0.0000677539,0.0000677165,0.0001354704
1.3581666667,0.0000676459,0.0000676066,0.0001352526
1.3583333333,0.0000675340,0.0000674929,0.0001350269
1.3585000000,0.0000674179,0.0000673755,0.0001347933
1.3586666667,0.0000672975,0.0000672544,0.0001345518
1.3588333333,0.0000671726,0.0000671296,0.0001343023
1.3590000000,0.0000670433,0.0000670008,0.0001340441
1.3591666667,0.0000669094,0.0000668673,0.0001337767
1.3593333333,0.0000667709,0.0000667285,0.0001334994
1.3595000000,0.0000666277,0.0000665846,0.0001332123
1.3596666667,0.0000664798,0.0000664356,0.0001329154
1.3598333333,0.0000663272,0.0000662821,0.0001326093
1.3600000000,0.0000661699,0.0000661241,0.0001322940
1.3601666667,0.0000660078,0.0000659615,0.0001319693
1.3603333333,0.0000658409,0.0000657939,0.0001316348
1.3605000000,0.0000656694,0.0000656214,0.0001312907
1.3606666667,0.0000654932,0.0000654441,0.0001309373
1.3608333333,0.0000653125,0.0000652627,0.0001305752
1.3610000000,0.0000651272,0.0000650775,0.0001302047
1.3611666667,0.0000649372,0.0000648886,0.0001298258
1.3613333333,0.0000647426,0.0000646957,0.0001294382
1.3615000000,0.0000645433,0.0000644981,0.0001290414
1.3616666667,0.0000643393,0.0000642957,0.0001286350
1.3618333333,0.0000641306,0.0000640882,0.0001282189
1.3620000000,0.0000639171,0.0000638755,0.0001277927
1.3621666667,0.0000636988,0.0000636575,0.0001273563
1.3623333333,0.0000634757,0.0000634338,0.0001269095
1.3625000000,0.0000632477,0.0000632046,0.0001264523
1.3626666667,0.0000630147,0.0000629702,0.0001259849
1.3628333333,0.0000627768,0.0000627309,0.0001255077
1.3630000000,0.0000625339,0.0000624869,0.0001250208
1.3631666667,0.0000622860,0.0000622385,0.0001245245
1.3633333333,0.0000620331,0.0000619852,0.0001240183
1.3635000000,0.0000617753,0.0000617268,0.0001235021
1.3636666667,0.0000615126,0.0000614633,0.0001229759
1.3638333333,0.0000612450,0.0000611948,0.0001224399
1.3640000000,0.0000609728,0.0000609217,0.0001218945
1.3641666667,0.0000606958,0.0000606444,0.0001213402
1.3643333333,0.0000604142,0.0000603632,0.0001207773
1.3645000000,0.0000601279,0.0000600782,0.0001202061
1.3646666667,0.0000598370,0.0000597897,0.0001196267
1.3648333333,0.0000595415,0.0000594973,0.0001190388
1.3650000000,0.0000592415,0.0000592006,0.0001184421
1.3651666667,0.0000589368,0.0000588988,0.0001178356
1.3653333333,0.0000586277,0.0000585912,0.0001172188
1.3655000000,0.0000583140,0.0000582775,0.0001165915
1.3656666667,0.0000579957,0.0000579581,0.0001159539
1.3658333333,0.0000576730,0.0000576336,0.0001153066
1.3660000000,0.0000573457,0.0000573044,0.0001146501
1.3661666667,0.0000570139,0.0000569707,0.0001139846
1.3663333333,0.0000566776,0.0000566326,0.0001133101
1.3665000000,0.0000563369,0.0000562899,0.0001126268
1.3666666667,0.0000559919,0.0000559434,0.0001119353
1.3668333333,0.0000556427,0.0000555936,0.0001112363
1.3670000000,0.0000552894,0.0000552412,0.0001105306
1.3671666667,0.0000549319,0.0000548861,0.0001098180
1.3673333333,0.0000545705,0.0000545276,0.0001090981
1.3675000000,0.0000542051,0.0000541649,0.0001083700
1.3676666667,0.0000538359,0.0000537974,0.0001076334
1.3678333333,0.0000534630,0.0000534254,0.0001068884
1.3680000000,0.0000530862,0.0000530496,0.0001061358
1.3681666667,0.0000527058,0.0000526705,0.0001053762
1.3683333333,0.0000523216,0.0000522882,0.0001046098
1.3685000000,0.0000519339,0.0000519021,0.0001038360
1.3686666667,0.0000515426,0.0000515116,0.0001030542
1.3688333333,0.0000511478,0.0000511162,0.0001022640
1.3690000000,0.0000507494,0.0000507162,0.0001014656
1.3691666667,0.0000503477,0.0000503122,0.0001006599
1.3693333333,0.0000499425,0.0000499053,0.0000998478
1.3695000000,0.0000495342,0.0000494959,0.0000990301
1.3696666667,0.0000491227,0.0000490842,0.0000982069
1.3698333333,0.0000487082,0.0000486701,0.0000973783
1.3700000000,0.0000482909,0.0000482531,0.0000965440
1.3701666667,0.0000478707,0.0000478334,0.0000957041
1.3703333333,0.0000474479,0.0000474111,0.0000948590
1.3705000000,0.0000470224,0.0000469867,0.0000940092
1.3706666667,0.0000465944,0.0000465609,0.0000931552
1.3708333333,0.0000461638,0.0000461336,0.0000922974
1.3710000000,0.0000457309,0.0000457044,0.0000914353
1.3711666667,0.0000452956,0.0000452727,0.0000905683
1.3713333333,0.0000448580,0.0000448375,0.0000896955
1.3715000000,0.0000444182,0.0000443983,0.0000888165
1.3716666667,0.0000439762,0.0000439552,0.0000879315
1.3718333333,0.0000435322,0.0000435089,0.0000870411
1.3720000000,0.0000430862,0.0000430602,0.0000861464
1.3721666667,0.0000426384,0.0000426098,0.0000852482
1.3723333333,0.0000421888,0.0000421584,0.0000843472
1.3725000000,0.0000417377,0.0000417064,0.0000834442
1.3726666667,0.0000412851,0.0000412542,0.0000825393
1.3728333333,0.0000408312,0.0000408018,0.0000816329
1.3730000000,0.0000403760,0.0000403488,0.0000807248
1.3731666667,0.0000399197,0.0000398950,0.0000798146
1.3733333333,0.0000394623,0.0000394396,0.0000789019
1.3735000000,0.0000390039,0.0000389826,0.0000779865
1.3736666667,0.0000385446,0.0000385242,0.0000770687
1.3738333333,0.0000380844,0.0000380650,0.0000761493
1.3740000000,0.0000376234,0.0000376055,0.0000752289
1.3741666667,0.0000371617,0.0000371457,0.0000743075
1.3743333333,0.0000366995,0.0000366853,0.0000733849
1.3745000000,0.0000362369,0.0000362237,0.0000724606
1.3746666667,0.0000357739,0.0000357606,0.0000715345
1.3748333333,0.0000353106,0.0000352965,0.0000706071
1.3750000000,0.0000348473,0.0000348318,0.0000696790
1.3751666667,0.0000343839,0.0000343670,0.0000687509
1.3753333333,0.0000339207,0.0000339024,0.0000678232
1.3755000000,0.0000334578,0.0000334381,0.0000668959
1.3756666667,0.0000329952,0.0000329743,0.0000659696
1.3758333333,0.0000325331,0.0000325117,0.0000650448
1.3760000000,0.0000320715,0.0000320509,0.0000641224
1.3761666667,0.0000316105,0.0000315922,0.0000632027
1.3763333333,0.0000311500,0.0000311353,0.0000622853
1.3765000000,0.0000306904,0.0000306793,0.0000613697
1.3766666667,0.0000302316,0.0000302234,0.0000604550
1.3768333333,0.0000297737,0.0000297676,0.0000595413
1.3770000000,0.0000293169,0.0000293121,0.0000586290
1.3771666667,0.0000288613,0.0000288572,0.0000577186
1.3773333333,0.0000284070,0.0000284032,0.0000568102
1.3775000000,0.0000279542,0.0000279496,0.0000559038
1.3776666667,0.0000275028,0.0000274963,0.0000549992
1.3778333333,0.0000270531,0.0000270437,0.0000540968
1.3780000000,0.0000266052,0.0000265928,0.0000531979
1.3781666667,0.0000261590,0.0000261447,0.0000523037
1.3783333333,0.0000257147,0.0000257002,0.0000514149
1.3785000000,0.0000252723,0.0000252592,0.0000505315
1.3786666667,0.0000248320,0.0000248208,0.0000496528
1.3788333333,0.0000243938,0.0000243846,0.0000487784
1.3790000000,0.0000239578,0.0000239504,0.0000479082
1.3791666667,0.0000235240,0.0000235186,0.0000470427
1.3793333333,0.0000230926,0.0000230896,0.0000461823
1.3795000000,0.0000226637,0.0000226632,0.0000453269
1.3796666667,0.0000222375,0.0000222387,0.0000444762
1.3798333333,0.0000218140,0.0000218156,0.0000436295
1.3800000000,0.0000213933,0.0000213939,0.0000427873
1.3801666667,0.0000209755,0.0000209746,0.0000419501
1.3803333333,0.0000205607,0.0000205583,0.0000411190
1.3805000000,0.0000201488,0.0000201457,0.0000402946
1.3806666667,0.0000197400,0.0000197367,0.0000394767
1.3808333333,0.0000193344,0.0000193306,0.0000386650
1.3810000000,0.0000189319,0.0000189272,0.0000378591
1.3811666667,0.0000185327,0.0000185269,0.0000370596
1.3813333333,0.0000181369,0.0000181304,0.0000362673
1.3815000000,0.0000177445,0.0000177383,0.0000354828
1.3816666667,0.0000173556,0.0000173508,0.0000347064
1.3818333333,0.0000169703,0.0000169676,0.0000339379
1.3820000000,0.0000165887,0.0000165884,0.0000331771
1.3821666667,0.0000162110,0.0000162129,0.0000324238
1.3823333333,0.0000158370,0.0000158412,0.0000316782
1.3825000000,0.0000154670,0.0000154731,0.0000309401
1.3826666667,0.0000151009,0.0000151082,0.0000302091
1.3828333333,0.0000147388,0.0000147458,0.0000294846
1.3830000000,0.0000143807,0.0000143856,0.0000287663
1.3831666667,0.0000140266,0.0000140280,0.0000280547
1.3833333333,0.0000136766,0.0000136744,0.0000273510
1.3835000000,0.0000133307,0.0000133261,0.0000266569
1.3836666667,0.0000129891,0.0000129841,0.0000259732
1.3838333333,0.0000126517,0.0000126481,0.0000252998
1.3840000000,0.0000123188,0.0000123173,0.0000246361
1.3841666667,0.0000119902,0.0000119907,0.0000239810
1.3843333333,0.0000116662,0.0000116679,0.0000233341
1.3845000000,0.0000113466,0.0000113490,0.0000226956
1.3846666667,0.0000110316,0.0000110345,0.0000220661
1.3848333333,0.0000107211,0.0000107249,0.0000214460
1.3850000000,0.0000104152,0.0000104201,0.0000208353
1.3851666667,0.0000101139,0.0000101198,0.0000202337
1.3853333333,0.0000098171,0.0000098234,0.0000196406
1.3855000000,0.0000095251,0.0000095308,0.0000190559
1.3856666667,0.0000092377,0.0000092421,0.0000184798
1.3858333333,0.0000089550,0.0000089579,0.0000179129
1.3860000000,0.0000086770,0.0000086785,0.0000173555
1.3861666667,0.0000084038,0.0000084043,0.0000168081
1.3863333333,0.0000081354,0.0000081355,0.0000162708
1.3865000000,0.0000078719,0.0000078719,0.0000157438
1.3866666667,0.0000076132,0.0000076135,0.0000152267
1.3868333333,0.0000073593,0.0000073600,0.0000147193
1.3870000000,0.0000071103,0.0000071113,0.0000142216
1.3871666667,0.0000068660,0.0000068676,0.0000137336
1.3873333333,0.0000066266,0.0000066289,0.0000132555
1.3875000000,0.0000063919,0.0000063955,0.0000127874
1.3876666667,0.0000061622,0.0000061672,0.0000123294
1.3878333333,0.0000059373,0.0000059436,0.0000118808
1.3880000000,0.0000057173,0.0000057241,0.0000114414
1.3881666667,0.0000055021,0.0000055086,0.0000110107
1.3883333333,0.0000052918,0.0000052971,0.0000105889
1.3885000000,0.0000050864,0.0000050900,0.0000101764
1.3886666667,0.0000048858,0.0000048877,0.0000097734
1.3888333333,0.0000046899,0.0000046905,0.0000093804
1.3890000000,0.0000044988,0.0000044983,0.0000089971
1.3891666667,0.0000043124,0.0000043113,0.0000086237
1.3893333333,0.0000041307,0.0000041294,0.0000082601
1.3895000000,0.0000039538,0.0000039528,0.0000079066
1.3896666667,0.0000037815,0.0000037818,0.0000075633
1.3898333333,0.0000036139,0.0000036161,0.0000072300
1.3900000000,0.0000034510,0.0000034553,0.0000069063
1.3901666667,0.0000032928,0.0000032986,0.0000065913
1.3903333333,0.0000031392,0.0000031454,0.0000062846
1.3905000000,0.0000029902,0.0000029956,0.0000059858
1.3906666667,0.0000028457,0.0000028497,0.0000056954
1.3908333333,0.0000027057,0.0000027080,0.0000054137
1.3910000000,0.0000025701,0.0000025710,0.0000051411
1.3911666667,0.0000024387,0.0000024388,0.0000048776
1.3913333333,0.0000023117,0.0000023113,0.0000046230
1.3915000000,0.0000021890,0.0000021883,0.0000043773
1.3916666667,0.0000020705,0.0000020698,0.0000041402
1.3918333333,0.0000019562,0.0000019557,0.0000039119
1.3920000000,0.0000018462,0.0000018460,0.0000036921
1.3921666667,0.0000017402,0.0000017404,0.0000034807
1.3923333333,0.0000016384,0.0000016389,0.0000032773
1.3925000000,0.0000015405,0.0000015411,0.0000030816
1.3926666667,0.0000014466,0.0000014471,0.0000028936
1.3928333333,0.0000013565,0.0000013568,0.0000027133
1.3930000000,0.0000012702,0.0000012705,0.0000025407
1.3931666667,0.0000011876,0.0000011880,0.0000023756
1.3933333333,0.0000011087,0.0000011091,0.0000022178
1.3935000000,0.0000010334,0.0000010335,0.0000020669
1.3936666667,0.0000009616,0.0000009610,0.0000019226
1.3938333333,0.0000008933,0.0000008915,0.0000017848
1.3940000000,0.0000008284,0.0000008253,0.0000016537
1.3941666667,0.0000007668,0.0000007625,0.0000015293
1.3943333333,0.0000007084,0.0000007032,0.0000014116
1.3945000000,0.0000006532,0.0000006475,0.0000013007
1.3946666667,0.0000006011,0.0000005953,0.0000011964
1.3948333333,0.0000005519,0.0000005464,0.0000010983
1.3950000000,0.0000005057,0.0000005005,0.0000010062
1.3951666667,0.0000004623,0.0000004573,0.0000009196
1.3953333333,0.0000004216,0.0000004167,0.0000008382
1.3955000000,0.0000003836,0.0000003783,0.0000007619
1.3956666667,0.0000003483,0.0000003421,0.0000006904
1.3958333333,0.0000003154,0.0000003082,0.0000006236
1.3960000000,0.0000002850,0.0000002765,0.0000005615
1.3961666667,0.0000002568,0.0000002472,0.0000005040
1.3963333333,0.0000002308,0.0000002200,0.0000004508
1.3965000000,0.0000002069,0.0000001950,0.0000004019
1.3966666667,0.0000001849,0.0000001721,0.0000003570
1.3968333333,0.0000001648,0.0000001513,0.0000003161
1.3970000000,0.0000001466,0.0000001325,0.0000002790
1.3971666667,0.0000001300,0.0000001157,0.0000002457
1.3973333333,0.0000001151,0.0000001006,0.0000002157
1.3975000000,0.0000001017,0.0000000872,0.0000001890
1.3976666667,0.0000000898,0.0000000752,0.0000001650
1.3978333333,0.0000000793,0.0000000644,0.0000001437
1.3980000000,0.0000000700,0.0000000547,0.0000001247
1.3981666667,0.0000000618,0.0000000462,0.0000001080
1.3983333333,0.0000000546,0.0000000387,0.0000000933
1.3985000000,0.0000000482,0.0000000325,0.0000000807
1.3986666667,0.0000000427,0.0000000274,0.0000000700
1.3988333333,0.0000000378,0.0000000233,0.0000000612
1.3990000000,0.0000000336,0.0000000203,0.0000000539
1.3991666667,0.0000000300,0.0000000181,0.0000000481
1.3993333333,0.0000000270,0.0000000166,0.0000000436
1.3995000000,0.0000000243,0.0000000159,0.0000000402
1.3996666667,0.0000000221,0.0000000158,0.0000000379
1.3998333333,0.0000000201,0.0000000164,0.0000000365
1.4000000000,0.0000000184,0.0000000176,0.0000000360
1.4001666667,0.0000000168,0.0000000194,0.0000000362
1.4003333333,0.0000000154,0.0000000218,0.0000000372
1.4005000000,0.0000000142,0.0000000246,0.0000000387
1.4006666667,0.0000000131,0.0000000279,0.0000000410
1.4008333333,0.0000000122,0.0000000317,0.0000000439
1.4010000000,0.0000000116,0.0000000359,0.0000000475
1.4011666667,0.0000000111,0.0000000407,0.0000000518
1.4013333333,0.0000000110,0.0000000459,0.0000000568
1.4015000000,0.0000000111,0.0000000515,0.0000000626
1.4016666667,0.0000000116,0.0000000577,0.0000000693
1.4018333333,0.0000000126,0.0000000642,0.0000000768
1.4020000000,0.0000000143,0.0000000711,0.0000000854
1.4021666667,0.0000000167,0.0000000783,0.0000000950
1.4023333333,0.0000000201,0.0000000858,0.0000001059
1.4025000000,0.0000000245,0.0000000937,0.0000001183
1.4026666667,0.0000000303,0.0000001021,0.0000001324
1.4028333333,0.0000000376,0.0000001111,0.0000001487
1.4030000000,0.0000000465,0.0000001210,0.0000001675
1.4031666667,0.0000000573,0.0000001319,0.0000001892
1.4033333333,0.0000000701,0.0000001438,0.0000002140
1.4035000000,0.0000000851,0.0000001569,0.0000002420
1.4036666667,0.0000001025,0.0000001711,0.0000002736
1.4038333333,0.0000001225,0.0000001865,0.0000003090
1.4040000000,0.0000001453,0.0000002031,0.0000003484
1.4041666667,0.0000001711,0.0000002211,0.0000003922
1.4043333333,0.0000002000,0.0000002407,0.0000004407
1.4045000000,0.0000002324,0.0000002621,0.0000004944
1.4046666667,0.0000002681,0.0000002857,0.0000005538
1.4048333333,0.0000003074,0.0000003119,0.0000006193
1.4050000000,0.0000003502,0.0000003410,0.0000006912
1.4051666667,0.0000003967,0.0000003733,0.0000007700
1.4053333333,0.0000004469,0.0000004088,0.0000008557
1.4055000000,0.0000005007,0.0000004481,0.0000009488
1.4056666667,0.0000005583,0.0000004915,0.0000010498
1.4058333333,0.0000006195,0.0000005395,0.0000011590
1.4060000000,0.0000006844,0.0000005924,0.0000012769
1.4061666667,0.0000007529,0.0000006506,0.0000014034
1.4063333333,0.0000008249,0.0000007138,0.0000015386
1.4065000000,0.0000009003,0.0000007820,0.0000016823
1.4066666667,0.0000009792,0.0000008553,0.0000018345
1.4068333333,0.0000010614,0.0000009341,0.0000019955
1.4070000000,0.0000011469,0.0000010187,0.0000021656
1.4071666667,0.0000012357,0.0000011094,0.0000023451
1.4073333333,0.0000013278,0.0000012060,0.0000025338
1.4075000000,0.0000014233,0.0000013083,0.0000027316
1.4076666667,0.0000015221,0.0000014160,0.0000029381
1.4078333333,0.0000016243,0.0000015291,0.0000031534
1.4080000000,0.0000017301,0.0000016475,0.0000033776
1.4081666667,0.0000018394,0.0000017716,0.0000036110
1.4083333333,0.0000019524,0.0000019013,0.0000038537
1.4085000000,0.0000020691,0.0000020361,0.0000041052
1.4086666667,0.0000021897,0.0000021754,0.0000043651
1.4088333333,0.0000023143,0.0000023185,0.0000046328
1.4090000000,0.0000024430,0.0000024649,0.0000049079
1.4091666667,0.0000025761,0.0000026144,0.0000051905
1.4093333333,0.0000027136,0.0000027667,0.0000054803
1.4095000000,0.0000028556,0.0000029214,0.0000057771
1.4096666667,0.0000030022,0.0000030783,0.0000060805
1.4098333333,0.0000031535,0.0000032370,0.0000063905
1.4100000000,0.0000033094,0.0000033979,0.0000067073
1.4101666667,0.0000034701,0.0000035615,0.0000070316
1.4103333333,0.0000036356,0.0000037286,0.0000073642
1.4105000000,0.0000038058,0.0000038994,0.0000077053
1.4106666667,0.0000039808,0.0000040736,0.0000080545
1.4108333333,0.0000041605,0.0000042504,0.0000084110
1.4110000000,0.0000043450,0.0000044291,0.0000087741
1.4111666667,0.0000045343,0.0000046096,0.0000091438
1.4113333333,0.0000047283,0.0000047925,0.0000095208
1.4115000000,0.0000049271,0.0000049789,0.0000099060
1.4116666667,0.0000051307,0.0000051696,0.0000103003
1.4118333333,0.0000053391,0.0000053649,0.0000107040
1.4120000000,0.0000055524,0.0000055647,0.0000111171
1.4121666667,0.0000057706,0.0000057690,0.0000115396
1.4123333333,0.0000059938,0.0000059779,0.0000119717
1.4125000000,0.0000062220,0.0000061921,0.0000124141
1.4126666667,0.0000064553,0.0000064122,0.0000128675
1.4128333333,0.0000066936,0.0000066389,0.0000133325
1.4130000000,0.0000069370,0.0000068723,0.0000138092
1.4131666667,0.0000071854,0.0000071124,0.0000142978
1.4133333333,0.0000074387,0.0000073592,0.0000147980
1.4135000000,0.0000076971,0.0000076128,0.0000153099
1.4136666667,0.0000079603,0.0000078733,0.0000158336
1.4138333333,0.0000082285,0.0000081406,0.0000163691
1.4140000000,0.0000085014,0.0000084147,0.0000169162
1.4141666667,0.0000087791,0.0000086953,0.0000174744
1.4143333333,0.0000090614,0.0000089823,0.0000180436
1.4145000000,0.0000093482,0.0000092755,0.0000186237
1.4146666667,0.0000096395,0.0000095751,0.0000192147
1.4148333333,0.0000099353,0.0000098811,0.0000198164
1.4150000000,0.0000102354,0.0000101932,0.0000204286
1.4151666667,0.0000105400,0.0000105110,0.0000210510
1.4153333333,0.0000108490,0.0000108343,0.0000216832
1.4155000000,0.0000111623,0.0000111626,0.0000223249
1.4156666667,0.0000114801,0.0000114954,0.0000229754
1.4158333333,0.0000118023,0.0000118320,0.0000236342
1.4160000000,0.0000121289,0.0000121715,0.0000243004
1.4161666667,0.0000124599,0.0000125131,0.0000249730
1.4163333333,0.0000127953,0.0000128561,0.0000256514
1.4165000000,0.0000131351,0.0000132004,0.0000263355
1.4166666667,0.0000134792,0.0000135461,0.0000270254
1.4168333333,0.0000138276,0.0000138937,0.0000277213
1.4170000000,0.0000141803,0.0000142433,0.0000284236
1.4171666667,0.0000145371,0.0000145955,0.0000291326
1.4173333333,0.0000148981,0.0000149502,0.0000298483
1.4175000000,0.0000152630,0.0000153077,0.0000305707
1.4176666667,0.0000156317,0.0000156682,0.0000313000
1.4178333333,0.0000160043,0.0000160320,0.0000320363
1.4180000000,0.0000163806,0.0000163989,0.0000327795
1.4181666667,0.0000167606,0.0000167691,0.0000335298
1.4183333333,0.0000171443,0.0000171425,0.0000342868
1.4185000000,0.0000175317,0.0000175191,0.0000350508
1.4186666667,0.0000179226,0.0000178992,0.0000358218
1.4188333333,0.0000183171,0.0000182831,0.0000366002
1.4190000000,0.0000187151,0.0000186714,0.0000373865
1.4191666667,0.0000191166,0.0000190648,0.0000381814
1.4193333333,0.0000195213,0.0000194640,0.0000389854
1.4195000000,0.0000199293,0.0000198695,0.0000397988
1.4196666667,0.0000203405,0.0000202811,0.0000406216
1.4198333333,0.0000207547,0.0000206984,0.0000414531
1.4200000000,0.0000211719,0.0000211205,0.0000422924
1.4201666667,0.0000215918,0.0000215468,0.0000431387
1.4203333333,0.0000220145,0.0000219770,0.0000439915
1.4205000000,0.0000224397,0.0000224109,0.0000448506
1.4206666667,0.0000228674,0.0000228489,0.0000457162
1.4208333333,0.0000232975,0.0000232906,0.0000465881
1.4210000000,0.0000237299,0.0000237356,0.0000474655
1.4211666667,0.0000241646,0.0000241827,0.0000483473
1.4213333333,0.0000246015,0.0000246308,0.0000492323
1.4215000000,0.0000250406,0.0000250789,0.0000501194
1.4216666667,0.0000254818,0.0000255267,0.0000510085
1.4218333333,0.0000259251,0.0000259746,0.0000518996
1.4220000000,0.0000263703,0.0000264229,0.0000527932
1.4221666667,0.0000268174,0.0000268722,0.0000536896
1.4223333333,0.0000272663,0.0000273224,0.0000545887
1.4225000000,0.0000277167,0.0000277731,0.0000554899
1.4226666667,0.0000281687,0.0000282237,0.0000563924
1.4228333333,0.0000286221,0.0000286735,0.0000572957
1.4230000000,0.0000290768,0.0000291223,0.0000581991
1.4231666667,0.0000295327,0.0000295699,0.0000591027
1.4233333333,0.0000299897,0.0000300171,0.0000600068
1.4235000000,0.0000304476,0.0000304644,0.0000609121
1.4236666667,0.0000309064,0.0000309127,0.0000618191
1.4238333333,0.0000313659,0.0000313625,0.0000627284
1.4240000000,0.0000318262,0.0000318143,0.0000636405
1.4241666667,0.0000322872,0.0000322685,0.0000645557
1.4243333333,0.0000327487,0.0000327255,0.0000654743
1.4245000000,0.0000332108,0.0000331855,0.0000663963
1.4246666667,0.0000336732,0.0000336482,0.0000673214
1.4248333333,0.0000341359,0.0000341130,0.0000682489
1.4250000000,0.0000345987,0.0000345794,0.0000691781
1.4251666667,0.0000350615,0.0000350468,0.0000701082
1.4253333333,0.0000355241,0.0000355150,0.0000710391
1.4255000000,0.0000359865,0.0000359841,0.0000719706
1.4256666667,0.0000364486,0.0000364538,0.0000729024
1.4258333333,0.0000369102,0.0000369238,0.0000738340
1.4260000000,0.0000373713,0.0000373934,0.0000747647
1.4261666667,0.0000378318,0.0000378621,0.0000756938
1.4263333333,0.0000382915,0.0000383296,0.0000766211
1.4265000000,0.0000387505,0.0000387960,0.0000775465
1.4266666667,0.0000392086,0.0000392614,0.0000784700
1.4268333333,0.0000396658,0.0000397251,0.0000793909
1.4270000000,0.0000401220,0.0000401861,0.0000803081
1.4271666667,0.0000405771,0.0000406434,0.0000812205
1.4273333333,0.0000410309,0.0000410965,0.0000821274
1.4275000000,0.0000414833,0.0000415457,0.0000830290
1.4276666667,0.0000419343,0.0000419916,0.0000839259
1.4278333333,0.0000423836,0.0000424350,0.0000848186
1.4280000000,0.0000428312,0.0000428760,0.0000857073
1.4281666667,0.0000432770,0.0000433149,0.0000865918
1.4283333333,0.0000437207,0.0000437514,0.0000874722
1.4285000000,0.0000441625,0.0000441860,0.0000883485
1.4286666667,0.0000446022,0.0000446191,0.0000892213
1.4288333333,0.0000450399,0.0000450512,0.0000900911
1.4290000000,0.0000454753,0.0000454827,0.0000909580
1.4291666667,0.0000459084,0.0000459136,0.0000918220
1.4293333333,0.0000463391,0.0000463439,0.0000926830
1.4295000000,0.0000467673,0.0000467736,0.0000935409
1.4296666667,0.0000471930,0.0000472027,0.0000943957
1.4298333333,0.0000476160,0.0000476306,0.0000952466
1.4300000000,0.0000480363,0.0000480566,0.0000960929
1.4301666667,0.0000484537,0.0000484797,0.0000969334
1.4303333333,0.0000488682,0.0000488995,0.0000977677
1.4305000000,0.0000492797,0.0000493162,0.0000985958
1.4306666667,0.0000496880,0.0000497302,0.0000994182
1.4308333333,0.0000500931,0.0000501418,0.0001002349
1.4310000000,0.0000504951,0.0000505504,0.0001010455
1.4311666667,0.0000508938,0.0000509551,0.0001018489
1.4313333333,0.0000512892,0.0000513552,0.0001026445
1.4315000000,0.0000516813,0.0000517505,0.0001034318
1.4316666667,0.0000520699,0.0000521412,0.0001042110
1.4318333333,0.0000524549,0.0000525270,0.0001049820
1.4320000000,0.0000528363,0.0000529077,0.0001057440
1.4321666667,0.0000532140,0.0000532822,0.0001064962
1.4323333333,0.0000535878,0.0000536502,0.0001072379
1.4325000000,0.0000539576,0.0000540122,0.0001079699
1.4326666667,0.0000543235,0.0000543700,0.0001086935
1.4328333333,0.0000546854,0.0000547251,0.0001094105
1.4330000000,0.0000550431,0.0000550786,0.0001101217
1.4331666667,0.0000553968,0.0000554300,0.0001108269
1.4333333333,0.0000557464,0.0000557784,0.0001115248
1.4335000000,0.0000560917,0.0000561227,0.0001122145
1.4336666667,0.0000564329,0.0000564629,0.0001128958
1.4338333333,0.0000567698,0.0000567996,0.0001135694
1.4340000000,0.0000571024,0.0000571335,0.0001142359
1.4341666667,0.0000574306,0.0000574646,0.0001148952
1.4343333333,0.0000577545,0.0000577925,0.0001155470
1.4345000000,0.0000580739,0.0000581165,0.0001161903
1.4346666667,0.0000583887,0.0000584360,0.0001168248
1.4348333333,0.0000586991,0.0000587510,0.0001174501
1.4350000000,0.0000590048,0.0000590614,0.0001180662
1.4351666667,0.0000593059,0.0000593670,0.0001186729
1.4353333333,0.0000596025,0.0000596674,0.0001192699
1.4355000000,0.0000598945,0.0000599624,0.0001198569
1.4356666667,0.0000601819,0.0000602519,0.0001204338
1.4358333333,0.0000604646,0.0000605360,0.0001210006
1.4360000000,0.0000607426,0.0000608145,0.0001215571
1.4361666667,0.0000610159,0.0000610871,0.0001221030
1.4363333333,0.0000612844,0.0000613535,0.0001226379
1.4365000000,0.0000615481,0.0000616136,0.0001231617
1.4366666667,0.0000618069,0.0000618678,0.0001236747
1.4368333333,0.0000620608,0.0000621167,0.0001241776
1.4370000000,0.0000623099,0.0000623612,0.0001246710
1.4371666667,0.0000625540,0.0000626013,0.0001251553
1.4373333333,0.0000627933,0.0000628373,0.0001256305
1.4375000000,0.0000630277,0.0000630690,0.0001260967
1.4376666667,0.0000632573,0.0000632968,0.0001265541
1.4378333333,0.0000634820,0.0000635211,0.0001270031
1.4380000000,0.0000637020,0.0000637420,0.0001274439
1.4381666667,0.0000639171,0.0000639593,0.0001278764
1.4383333333,0.0000641275,0.0000641726,0.0001283001
1.4385000000,0.0000643330,0.0000643814,0.0001287144
1.4386666667,0.0000645338,0.0000645855,0.0001291193
1.4388333333,0.0000647298,0.0000647847,0.0001295145
1.4390000000,0.0000649210,0.0000649789,0.0001298998
1.4391666667,0.0000651074,0.0000651677,0.0001302751
1.4393333333,0.0000652892,0.0000653509,0.0001306401
1.4395000000,0.0000654663,0.0000655285,0.0001309948
1.4396666667,0.0000656388,0.0000657010,0.0001313397
1.4398333333,0.0000658066,0.0000658689,0.0001316755
1.4400000000,0.0000659699,0.0000660324,0.0001320023
1.4401666667,0.0000661285,0.0000661910,0.0001323196
1.4403333333,0.0000662826,0.0000663441,0.0001326267
1.4405000000,0.0000664321,0.0000664912,0.0001329233
1.4406666667,0.0000665770,0.0000666325,0.0001332095
1.4408333333,0.0000667174,0.0000667688,0.0001334862
1.4410000000,0.0000668533,0.0000669010,0.0001337543
1.4411666667,0.0000669848,0.0000670294,0.0001340142
1.4413333333,0.0000671119,0.0000671541,0.0001342659
1.4415000000,0.0000672346,0.0000672748,0.0001345095
1.4416666667,0.0000673532,0.0000673919,0.0001347451
1.4418333333,0.0000674675,0.0000675057,0.0001349732
1.4420000000,0.0000675777,0.0000676166,0.0001351943
1.4421666667,0.0000676839,0.0000677244,0.0001354083
1.4423333333,0.0000677861,0.0000678285,0.0001356146
1.4425000000,0.0000678843,0.0000679285,0.0001358128
1.4426666667,0.0000679786,0.0000680240,0.0001360025
1.4428333333,0.0000680690,0.0000681152,0.0001361842
1.4430000000,0.0000681556,0.0000682028,0.0001363584
1.4431666667,0.0000682386,0.0000682868,0.0001365254
1.4433333333,0.0000683179,0.0000683670,0.0001366849
1.4435000000,0.0000683937,0.0000684429,0.0001368366
1.4436666667,0.0000684660,0.0000685141,0.0001369801
1.4438333333,0.0000685349,0.0000685810,0.0001371159
1.4440000000,0.0000686004,0.0000686440,0.0001372444
1.4441666667,0.0000686625,0.0000687039,0.0001373664
1.4443333333,0.0000687213,0.0000687608,0.0001374821
1.4445000000,0.0000687768,0.0000688146,0.0001375914
1.4446666667,0.0000688292,0.0000688651,0.0001376943
1.4448333333,0.0000688785,0.0000689124,0.0001377910
1.4450000000,0.0000689249,0.0000689569,0.0001378819
1.4451666667,0.0000689684,0.0000689989,0.0001379673
1.4453333333,0.0000690092,0.0000690385,0.0001380476
1.4455000000,0.0000690472,0.0000690756,0.0001381228
1.4456666667,0.0000690826,0.0000691102,0.0001381928
1.4458333333,0.0000691155,0.0000691423,0.0001382579
1.4460000000,0.0000691460,0.0000691724,0.0001383184
1.4461666667,0.0000691742,0.0000692005,0.0001383747
1.4463333333,0.0000692000,0.0000692269,0.0001384270
1.4465000000,0.0000692238,0.0000692514,0.0001384751
1.4466666667,0.0000692454,0.0000692737,0.0001385191
1.4468333333,0.0000692651,0.0000692937,0.0001385588
1.4470000000,0.0000692829,0.0000693113,0.0001385943
1.4471666667,0.0000692990,0.0000693268,0.0001386258
1.4473333333,0.0000693133,0.0000693403,0.0001386536
1.4475000000,0.0000693260,0.0000693520,0.0001386780
1.4476666667,0.0000693371,0.0000693620,0.0001386991
1.4478333333,0.0000693466,0.0000693707,0.0001387173
1.4480000000,0.0000693546,0.0000693783,0.0001387329
1.4481666667,0.0000693612,0.0000693850,0.0001387461
1.4483333333,0.0000693664,0.0000693908,0.0001387572
1.4485000000,0.0000693703,0.0000693960,0.0001387664
1.4486666667,0.0000693731,0.0000694006,0.0001387737
1.4488333333,0.0000693748,0.0000694047,0.0001387795
1.4490000000,0.0000693754,0.0000694085,0.0001387839
1.4491666667,0.0000693750,0.0000694121,0.0001387871
1.4493333333,0.0000693737,0.0000694157,0.0001387894
1.4495000000,0.0000693714,0.0000694194,0.0001387908
1.4496666667,0.0000693683,0.0000694233,0.0001387916
1.4498333333,0.0000693641,0.0000694277,0.0001387919
1.4500000000,0.0000693590,0.0000694329,0.0001387919
1.4501666667,0.0000693530,0.0000694389,0.0001387919
1.4503333333,0.0000693460,0.0000694461,0.0001387921
1.4505000000,0.0000693380,0.0000694545,0.0001387925
1.4506666667,0.0000693290,0.0000694645,0.0001387935
1.4508333333,0.0000693188,0.0000694766,0.0001387953
1.4510000000,0.0000693073,0.0000694910,0.0001387983
1.4511666667,0.0000692944,0.0000695081,0.0001388025
1.4513333333,0.0000692799,0.0000695284,0.0001388083
1.4515000000,0.0000692636,0.0000695521,0.0001388157
1.4516666667,0.0000692452,0.0000695797,0.0001388249
1.4518333333,0.0000692247,0.0000696114,0.0001388361
1.4520000000,0.0000692017,0.0000696478,0.0001388495
1.4521666667,0.0000691761,0.0000696893,0.0001388654
1.4523333333,0.0000691476,0.0000697361,0.0001388837
1.4525000000,0.0000691159,0.0000697889,0.0001389048
1.4526666667,0.0000690808,0.0000698479,0.0001389287
1.4528333333,0.0000690419,0.0000699136,0.0001389555
1.4530000000,0.0000689988,0.0000699864,0.0001389852
1.4531666667,0.0000689513,0.0000700668,0.0001390182
1.4533333333,0.0000688990,0.0000701557,0.0001390547
1.4535000000,0.0000688416,0.0000702536,0.0001390952
1.4536666667,0.0000687787,0.0000703613,0.0001391400
1.4538333333,0.0000687099,0.0000704795,0.0001391894
1.4540000000,0.0000686350,0.0000706085,0.0001392435
1.4541666667,0.0000685535,0.0000707489,0.0001393024
1.4543333333,0.0000684652,0.0000709011,0.0001393663
1.4545000000,0.0000683697,0.0000710656,0.0001394353
1.4546666667,0.0000682668,0.0000712429,0.0001395097
1.4548333333,0.0000681561,0.0000714333,0.0001395895
1.4550000000,0.0000680375,0.0000716373,0.0001396748
1.4551666667,0.0000679107,0.0000718552,0.0001397659
1.4553333333,0.0000677755,0.0000720874,0.0001398629
1.4555000000,0.0000676318,0.0000723342,0.0001399660
1.4556666667,0.0000674795,0.0000725961,0.0001400756
1.4558333333,0.0000673184,0.0000728731,0.0001401915
1.4560000000,0.0000671485,0.0000731651,0.0001403137
1.4561666667,0.0000669698,0.0000734720,0.0001404419
1.4563333333,0.0000667822,0.0000737938,0.0001405761
1.4565000000,0.0000665857,0.0000741308,0.0001407165
1.4566666667,0.0000663803,0.0000744832,0.0001408635
1.4568333333,0.0000661659,0.0000748515,0.0001410174
1.4570000000,0.0000659426,0.0000752360,0.0001411786
1.4571666667,0.0000657104,0.0000756371,0.0001413475
1.4573333333,0.0000654692,0.0000760552,0.0001415244
1.4575000000,0.0000652191,0.0000764905,0.0001417096
1.4576666667,0.0000649601,0.0000769434,0.0001419035
1.4578333333,0.0000646921,0.0000774140,0.0001421061
1.4580000000,0.0000644150,0.0000779021,0.0001423171
1.4581666667,0.0000641287,0.0000784077,0.0001425364
1.4583333333,0.0000638334,0.0000789307,0.0001427641
1.4585000000,0.0000635288,0.0000794713,0.0001430001
1.4586666667,0.0000632151,0.0000800295,0.0001432446
1.4588333333,0.0000628922,0.0000806053,0.0001434975
1.4590000000,0.0000625601,0.0000811984,0.0001437586
1.4591666667,0.0000622189,0.0000818089,0.0001440278
1.4593333333,0.0000618685,0.0000824367,0.0001443052
1.4595000000,0.0000615091,0.0000830822,0.0001445913
1.4596666667,0.0000611408,0.0000837455,0.0001448863
1.4598333333,0.0000607635,0.0000844267,0.0001451902
1.4600000000,0.0000603776,0.0000851255,0.0001455030
1.4601666667,0.0000599830,0.0000858418,0.0001458247
1.4603333333,0.0000595800,0.0000865755,0.0001461555
1.4605000000,0.0000591689,0.0000873270,0.0001464958
1.4606666667,0.0000587498,0.0000880962,0.0001468461
1.4608333333,0.0000583231,0.0000888832,0.0001472063
1.4610000000,0.0000578890,0.0000896875,0.0001475764
1.4611666667,0.0000574476,0.0000905088,0.0001479564
1.4613333333,0.0000569993,0.0000913469,0.0001483462
1.4615000000,0.0000565442,0.0000922019,0.0001487462
1.4616666667,0.0000560827,0.0000930739,0.0001491566
1.4618333333,0.0000556150,0.0000939623,0.0001495773
1.4620000000,0.0000551413,0.0000948663,0.0001500075
1.4621666667,0.0000546619,0.0000957850,0.0001504468
1.4623333333,0.0000541771,0.0000967178,0.0001508949
1.4625000000,0.0000536871,0.0000976648,0.0001513519
1.4626666667,0.0000531922,0.0000986260,0.0001518182
1.4628333333,0.0000526927,0.0000996011,0.0001522938
1.4630000000,0.0000521888,0.0001005895,0.0001527784
1.4631666667,0.0000516809,0.0001015906,0.0001532715
1.4633333333,0.0000511693,0.0001026039,0.0001537733
1.4635000000,0.0000506544,0.0001036300,0.0001542844
1.4636666667,0.0000501366,0.0001046694,0.0001548060
1.4638333333,0.0000496163,0.0001057226,0.0001553389
1.4640000000,0.0000490939,0.0001067893,0.0001558832
1.4641666667,0.0000485698,0.0001078684,0.0001564382
1.4643333333,0.0000480444,0.0001089588,0.0001570033
1.4645000000,0.0000475183,0.0001100594,0.0001575777
1.4646666667,0.0000469918,0.0001111694,0.0001581612
1.4648333333,0.0000464655,0.0001122882,0.0001587537
1.4650000000,0.0000459398,0.0001134153,0.0001593551
1.4651666667,0.0000454152,0.0001145501,0.0001599652
1.4653333333,0.0000448920,0.0001156920,0.0001605840
1.4655000000,0.0000443709,0.0001168408,0.0001612117
1.4656666667,0.0000438522,0.0001179964,0.0001618486
1.4658333333,0.0000433363,0.0001191584,0.0001624947
1.4660000000,0.0000428238,0.0001203259,0.0001631497
1.4661666667,0.0000423150,0.0001214977,0.0001638126
1.4663333333,0.0000418104,0.0001226725,0.0001644829
1.4665000000,0.0000413105,0.0001238500,0.0001651604
1.4666666667,0.0000408158,0.0001250301,0.0001658459
1.4668333333,0.0000403269,0.0001262135,0.0001665404
1.4670000000,0.0000398444,0.0001274002,0.0001672446
1.4671666667,0.0000393687,0.0001285898,0.0001679585
1.4673333333,0.0000389005,0.0001297813,0.0001686817
1.4675000000,0.0000384402,0.0001309733,0.0001694135
1.4676666667,0.0000379884,0.0001321648,0.0001701532
1.4678333333,0.0000375458,0.0001333551,0.0001709009
1.4680000000,0.0000371128,0.0001345436,0.0001716563
1.4681666667,0.0000366900,0.0001357297,0.0001724197
1.4683333333,0.0000362780,0.0001369126,0.0001731906
1.4685000000,0.0000358773,0.0001380910,0.0001739683
1.4686666667,0.0000354884,0.0001392636,0.0001747520
1.4688333333,0.0000351119,0.0001404291,0.0001755410
1.4690000000,0.0000347483,0.0001415868,0.0001763350
1.4691666667,0.0000343980,0.0001427366,0.0001771346
1.4693333333,0.0000340616,0.0001438787,0.0001779404
1.4695000000,0.0000337398,0.0001450135,0.0001787533
1.4696666667,0.0000334329,0.0001461405,0.0001795734
1.4698333333,0.0000331416,0.0001472588,0.0001804004
1.4700000000,0.0000328665,0.0001483672,0.0001812337
1.4701666667,0.0000326081,0.0001494648,0.0001820729
1.4703333333,0.0000323670,0.0001505512,0.0001829183
1.4705000000,0.0000321439,0.0001516262,0.0001837700
1.4706666667,0.0000319391,0.0001526892,0.0001846283
1.4708333333,0.0000317534,0.0001537391,0.0001854924
1.4710000000,0.0000315871,0.0001547740,0.0001863611
1.4711666667,0.0000314408,0.0001557924,0.0001872332
1.4713333333,0.0000313151,0.0001567933,0.0001881084
1.4715000000,0.0000312105,0.0001577767,0.0001889872
1.4716666667,0.0000311274,0.0001587428,0.0001898701
1.4718333333,0.0000310663,0.0001596913,0.0001907576
1.4720000000,0.0000310277,0.0001606213,0.0001916490
1.4721666667,0.0000310120,0.0001615315,0.0001925435
1.4723333333,0.0000310197,0.0001624205,0.0001934402
1.4725000000,0.0000310513,0.0001632880,0.0001943393
1.4726666667,0.0000311074,0.0001641337,0.0001952411
1.4728333333,0.0000311884,0.0001649576,0.0001961461
1.4730000000,0.0000312948,0.0001657594,0.0001970543
1.4731666667,0.0000314271,0.0001665384,0.0001979655
1.4733333333,0.0000315858,0.0001672937,0.0001988795
1.4735000000,0.0000317712,0.0001680252,0.0001997963
1.4736666667,0.0000319837,0.0001687325,0.0002007163
1.4738333333,0.0000322239,0.0001694153,0.0002016392
1.4740000000,0.0000324920,0.0001700726,0.0002025646
1.4741666667,0.0000327884,0.0001707029,0.0002034913
1.4743333333,0.0000331134,0.0001713046,0.0002044181
1.4745000000,0.0000334675,0.0001718767,0.0002053442
1.4746666667,0.0000338510,0.0001724184,0.0002062694
1.4748333333,0.0000342641,0.0001729294,0.0002071935
1.4750000000,0.0000347072,0.0001734094,0.0002081166
1.4751666667,0.0000351806,0.0001738585,0.0002090391
1.4753333333,0.0000356847,0.0001742767,0.0002099613
1.4755000000,0.0000362197,0.0001746643,0.0002108840
1.4756666667,0.0000367860,0.0001750214,0.0002118074
1.4758333333,0.0000373838,0.0001753477,0.0002127315
1.4760000000,0.0000380135,0.0001756422,0.0002136556
1.4761666667,0.0000386752,0.0001759036,0.0002145787
1.4763333333,0.0000393691,0.0001761310,0.0002155001
1.4765000000,0.0000400954,0.0001763242,0.0002164197
1.4766666667,0.0000408543,0.0001764833,0.0002173376
1.4768333333,0.0000416459,0.0001766084,0.0002182543
1.4770000000,0.0000424703,0.0001766991,0.0002191693
1.4771666667,0.0000433276,0.0001767544,0.0002200821
1.4773333333,0.0000442180,0.0001767736,0.0002209916
1.4775000000,0.0000451417,0.0001767557,0.0002218974
1.4776666667,0.0000460987,0.0001767005,0.0002227992
1.4778333333,0.0000470890,0.0001766081,0.0002236971
1.4780000000,0.0000481127,0.0001764784,0.0002245911
1.4781666667,0.0000491700,0.0001763113,0.0002254813
1.4783333333,0.0000502607,0.0001761069,0.0002263676
1.4785000000,0.0000513850,0.0001758653,0.0002272503
1.4786666667,0.0000525428,0.0001755867,0.0002281295
1.4788333333,0.0000537341,0.0001752710,0.0002290050
1.4790000000,0.0000549587,0.0001749179,0.0002298766
1.4791666667,0.0000562166,0.0001745272,0.0002307438
1.4793333333,0.0000575076,0.0001740988,0.0002316064
1.4795000000,0.0000588316,0.0001736327,0.0002324643
1.4796666667,0.0000601885,0.0001731293,0.0002333179
1.4798333333,0.0000615782,0.0001725888,0.0002341670
1.4800000000,0.0000630004,0.0001720108,0.0002350112
1.4801666667,0.0000644551,0.0001713944,0.0002358495
1.4803333333,0.0000659420,0.0001707389,0.0002366809
1.4805000000,0.0000674609,0.0001700437,0.0002375046
1.4806666667,0.0000690117,0.0001693090,0.0002383207
1.4808333333,0.0000705939,0.0001685352,0.0002391291
1.4810000000,0.0000722073,0.0001677231,0.0002399305
1.4811666667,0.0000738517,0.0001668736,0.0002407252
1.4813333333,0.0000755265,0.0001659875,0.0002415140
1.4815000000,0.0000772315,0.0001650656,0.0002422971
1.4816666667,0.0000789663,0.0001641083,0.0002430746
1.4818333333,0.0000807305,0.0001631156,0.0002438460
1.4820000000,0.0000825237,0.0001620871,0.0002446108
1.4821666667,0.0000843456,0.0001610225,0.0002453681
1.4823333333,0.0000861956,0.0001599219,0.0002461175
1.4825000000,0.0000880733,0.0001587856,0.0002468589
1.4826666667,0.0000899783,0.0001576142,0.0002475925
1.4828333333,0.0000919101,0.0001564080,0.0002483181
1.4830000000,0.0000938682,0.0001551669,0.0002490351
1.4831666667,0.0000958521,0.0001538910,0.0002497430
1.4833333333,0.0000978611,0.0001525806,0.0002504417
1.4835000000,0.0000998948,0.0001512368,0.0002511316
1.4836666667,0.0001019523,0.0001498609,0.0002518132
1.4838333333,0.0001040332,0.0001484539,0.0002524870
1.4840000000,0.0001061367,0.0001470159,0.0002531526
1.4841666667,0.0001082623,0.0001455468,0.0002538092
1.4843333333,0.0001104094,0.0001440469,0.0002544562
1.4845000000,0.0001125772,0.0001425167,0.0002550939
1.4846666667,0.0001147650,0.0001409576,0.0002557227
1.4848333333,0.0001169723,0.0001393711,0.0002563434
1.4850000000,0.0001191982,0.0001377580,0.0002569562
1.4851666667,0.0001214420,0.0001361187,0.0002575608
1.4853333333,0.0001237031,0.0001344534,0.0002581565
1.4855000000,0.0001259805,0.0001327623,0.0002587427
1.4856666667,0.0001282735,0.0001310457,0.0002593192
1.4858333333,0.0001305812,0.0001293044,0.0002598856
1.4860000000,0.0001329029,0.0001275390,0.0002604418
1.4861666667,0.0001352376,0.0001257500,0.0002609875
1.4863333333,0.0001375845,0.0001239382,0.0002615227
1.4865000000,0.0001399428,0.0001221048,0.0002620476
1.4866666667,0.0001423115,0.0001202514,0.0002625629
1.4868333333,0.0001446898,0.0001183793,0.0002630691
1.4870000000,0.0001470769,0.0001164897,0.0002635666
1.4871666667,0.0001494718,0.0001145832,0.0002640550
1.4873333333,0.0001518736,0.0001126603,0.0002645339
1.4875000000,0.0001542815,0.0001107219,0.0002650034
1.4876666667,0.0001566943,0.0001087692,0.0002654635
1.4878333333,0.0001591111,0.0001068034,0.0002659145
1.4880000000,0.0001615310,0.0001048255,0.0002663565
1.4881666667,0.0001639529,0.0001028360,0.0002667889
1.4883333333,0.0001663759,0.0001008353,0.0002672111
1.4885000000,0.0001687989,0.0000988238,0.0002676227
1.4886666667,0.0001712211,0.0000968026,0.0002680237
1.4888333333,0.0001736414,0.0000947732,0.0002684145
1.4890000000,0.0001760587,0.0000927370,0.0002687957
1.4891666667,0.0001784720,0.0000906953,0.0002691673
1.4893333333,0.0001808803,0.0000886493,0.0002695296
1.4895000000,0.0001832826,0.0000865999,0.0002698825
1.4896666667,0.0001856778,0.0000845484,0.0002702262
1.4898333333,0.0001880648,0.0000824962,0.0002705609
1.4900000000,0.0001904425,0.0000804445,0.0002708870
1.4901666667,0.0001928100,0.0000783944,0.0002712044
1.4903333333,0.0001951660,0.0000763468,0.0002715128
1.4905000000,0.0001975097,0.0000743023,0.0002718119
1.4906666667,0.0001998398,0.0000722618,0.0002721016
1.4908333333,0.0002021554,0.0000702267,0.0002723821
1.4910000000,0.0002044554,0.0000681983,0.0002726537
1.4911666667,0.0002067387,0.0000661781,0.0002729168
1.4913333333,0.0002090043,0.0000641672,0.0002731716
1.4915000000,0.0002112511,0.0000621667,0.0002734178
1.4916666667,0.0002134780,0.0000601772,0.0002736552
1.4918333333,0.0002156838,0.0000581998,0.0002738836
1.4920000000,0.0002178675,0.0000562354,0.0002741030
1.4921666667,0.0002200281,0.0000542855,0.0002743135
1.4923333333,0.0002221643,0.0000523516,0.0002745159
1.4925000000,0.0002242752,0.0000504355,0.0002747107
1.4926666667,0.0002263597,0.0000485387,0.0002748984
1.4928333333,0.0002284170,0.0000466623,0.0002750793
1.4930000000,0.0002304458,0.0000448075,0.0002752533
1.4931666667,0.0002324452,0.0000429749,0.0002754201
1.4933333333,0.0002344141,0.0000411653,0.0002755794
1.4935000000,0.0002363515,0.0000393797,0.0002757312
1.4936666667,0.0002382564,0.0000376192,0.0002758756
1.4938333333,0.0002401277,0.0000358851,0.0002760128
1.4940000000,0.0002419644,0.0000341786,0.0002761431
1.4941666667,0.0002437655,0.0000325010,0.0002762665
1.4943333333,0.0002455300,0.0000308533,0.0002763833
1.4945000000,0.0002472570,0.0000292366,0.0002764935
1.4946666667,0.0002489454,0.0000276521,0.0002765975
1.4948333333,0.0002505944,0.0000261012,0.0002766956
1.4950000000,0.0002522030,0.0000245852,0.0002767882
1.4951666667,0.0002537704,0.0000231052,0.0002768756
1.4953333333,0.0002552955,0.0000216623,0.0002769579
1.4955000000,0.0002567776,0.0000202574,0.0002770350
1.4956666667,0.0002582157,0.0000188913,0.0002771071
1.4958333333,0.0002596089,0.0000175651,0.0002771740
1.4960000000,0.0002609564,0.0000162797,0.0002772361
1.4961666667,0.0002622573,0.0000150362,0.0002772935
1.4963333333,0.0002635109,0.0000138357,0.0002773466
1.4965000000,0.0002647163,0.0000126792,0.0002773955
1.4966666667,0.0002658729,0.0000115674,0.0002774403
1.4968333333,0.0002669798,0.0000105013,0.0002774811
1.4970000000,0.0002680363,0.0000094818,0.0002775181
1.4971666667,0.0002690417,0.0000085098,0.0002775515
1.4973333333,0.0002699952,0.0000075865,0.0002775817
1.4975000000,0.0002708962,0.0000067126,0.0002776088
1.4976666667,0.0002717441,0.0000058891,0.0002776332
1.4978333333,0.0002725381,0.0000051167,0.0002776548
1.4980000000,0.0002732778,0.0000043961,0.0002776739
1.4981666667,0.0002739626,0.0000037281,0.0002776907
1.4983333333,0.0002745919,0.0000031134,0.0002777053
1.4985000000,0.0002751654,0.0000025527,0.0002777180
1.4986666667,0.0002756824,0.0000020465,0.0002777289
1.4988333333,0.0002761426,0.0000015954,0.0002777380
1.4990000000,0.0002765455,0.0000011999,0.0002777454
1.4991666667,0.0002768908,0.0000008605,0.0002777513
1.4993333333,0.0002771781,0.0000005778,0.0002777559
1.4995000000,0.0002774070,0.0000003523,0.0002777593
1.4996666667,0.0002775774,0.0000001843,0.0002777617
1.4998333333,0.0002776889,0.0000000742,0.0002777631
1.5000000000,0.0002777414,0.0000000222,0.0002777636
1.5001666667,0.0002777348,0.0000000286,0.0002777633
1.5003333333,0.0002776689,0.0000000935,0.0002777624
1.5005000000,0.0002775438,0.0000002169,0.0002777607
1.5006666667,0.0002773596,0.0000003988,0.0002777584
1.5008333333,0.0002771161,0.0000006392,0.0002777553
1.5010000000,0.0002768136,0.0000009379,0.0002777514
1.5011666667,0.0002764521,0.0000012949,0.0002777470
1.5013333333,0.0002760319,0.0000017100,0.0002777419
1.5015000000,0.0002755532,0.0000021829,0.0002777361
1.5016666667,0.0002750164,0.0000027133,0.0002777297
1.5018333333,0.0002744217,0.0000033006,0.0002777223
1.5020000000,0.0002737697,0.0000039442,0.0002777139
1.5021666667,0.0002730608,0.0000046435,0.0002777043
1.5023333333,0.0002722956,0.0000053978,0.0002776935
1.5025000000,0.0002714746,0.0000062064,0.0002776810
1.5026666667,0.0002705984,0.0000070681,0.0002776665
1.5028333333,0.0002696678,0.0000079822,0.0002776500
1.5030000000,0.0002686834,0.0000089476,0.0002776310
1.5031666667,0.0002676460,0.0000099636,0.0002776096
1.5033333333,0.0002665565,0.0000110290,0.0002775856
1.5035000000,0.0002654157,0.0000121428,0.0002775584
1.5036666667,0.0002642244,0.0000133034,0.0002775277
1.5038333333,0.0002629836,0.0000145095,0.0002774930
1.5040000000,0.0002616942,0.0000157598,0.0002774541
1.5041666667,0.0002603573,0.0000170534,0.0002774107
1.5043333333,0.0002589737,0.0000183890,0.0002773627
1.5045000000,0.0002575444,0.0000197654,0.0002773099
1.5046666667,0.0002560705,0.0000211811,0.0002772516
1.5048333333,0.0002545527,0.0000226346,0.0002771874
1.5050000000,0.0002529923,0.0000241246,0.0002771169
1.5051666667,0.0002513901,0.0000256498,0.0002770399
1.5053333333,0.0002497472,0.0000272089,0.0002769561
1.5055000000,0.0002480646,0.0000288003,0.0002768649
1.5056666667,0.0002463433,0.0000304223,0.0002767656
1.5058333333,0.0002445843,0.0000320736,0.0002766579
1.5060000000,0.0002427886,0.0000337529,0.0002765416
1.5061666667,0.0002409572,0.0000354594,0.0002764166
1.5063333333,0.0002390909,0.0000371924,0.0002762833
1.5065000000,0.0002371909,0.0000389506,0.0002761415
1.5066666667,0.0002352580,0.0000407330,0.0002759909
1.5068333333,0.0002332932,0.0000425380,0.0002758312
1.5070000000,0.0002312977,0.0000443645,0.0002756622
1.5071666667,0.0002292723,0.0000462118,0.0002754841
1.5073333333,0.0002272181,0.0000480791,0.0002752972
1.5075000000,0.0002251361,0.0000499653,0.0002751015
1.5076666667,0.0002230275,0.0000518691,0.0002748965
1.5078333333,0.0002208932,0.0000537889,0.0002746820
1.5080000000,0.0002187343,0.0000557234,0.0002744577
1.5081666667,0.0002165519,0.0000576717,0.0002742237
1.5083333333,0.0002143472,0.0000596330,0.0002739803
1.5085000000,0.0002121213,0.0000616068,0.0002737281
1.5086666667,0.0002098752,0.0000635921,0.0002734674
1.5088333333,0.0002076103,0.0000655883,0.0002731986
1.5090000000,0.0002053275,0.0000675945,0.0002729220
1.5091666667,0.0002030280,0.0000696100,0.0002726380
1.5093333333,0.0002007129,0.0000716338,0.0002723467
1.5095000000,0.0001983832,0.0000736648,0.0002720481
1.5096666667,0.0001960401,0.0000757019,0.0002717420
1.5098333333,0.0001936845,0.0000777438,0.0002714283
1.5100000000,0.0001913175,0.0000797896,0.0002711072
1.5101666667,0.0001889402,0.0000818386,0.0002707788
1.5103333333,0.0001865535,0.0000838898,0.0002704433
1.5105000000,0.0001841585,0.0000859421,0.0002701006
1.5106666667,0.0001817562,0.0000879942,0.0002697504
1.5108333333,0.0001793475,0.0000900449,0.0002693924
1.5110000000,0.0001769333,0.0000920935,0.0002690268
1.5111666667,0.0001745147,0.0000941392,0.0002686539
1.5113333333,0.0001720926,0.0000961813,0.0002682739
1.5115000000,0.0001696679,0.0000982186,0.0002678865
1.5116666667,0.0001672416,0.0001002493,0.0002674910
1.5118333333,0.0001648148,0.0001022718,0.0002670866
1.5120000000,0.0001623884,0.0001042847,0.0002666731
1.5121666667,0.0001599635,0.0001062870,0.0002662505
1.5123333333,0.0001575411,0.0001082779,0.0002658191
1.5125000000,0.0001551222,0.0001102564,0.0002653786
1.5126666667,0.0001527078,0.0001122208,0.0002649286
1.5128333333,0.0001502989,0.0001141691,0.0002644680
1.5130000000,0.0001478966,0.0001160995,0.0002639961
1.5131666667,0.0001455017,0.0001180104,0.0002635122
1.5133333333,0.0001431154,0.0001199006,0.0002630159
1.5135000000,0.0001407384,0.0001217688,0.0002625073
1.5136666667,0.0001383719,0.0001236145,0.0002619864
1.5138333333,0.0001360166,0.0001254371,0.0002614537
1.5140000000,0.0001336735,0.0001272364,0.0002609098
1.5141666667,0.0001313434,0.0001290122,0.0002603556
1.5143333333,0.0001290271,0.0001307640,0.0002597910
1.5145000000,0.0001267253,0.0001324905,0.0002592158
1.5146666667,0.0001244388,0.0001341902,0.0002586290
1.5148333333,0.0001221684,0.0001358616,0.0002580301
1.5150000000,0.0001199150,0.0001375043,0.0002574192
1.5151666667,0.0001176791,0.0001391183,0.0002567974
1.5153333333,0.0001154618,0.0001407038,0.0002561656
1.5155000000,0.0001132636,0.0001422607,0.0002555243
1.5156666667,0.0001110854,0.0001437882,0.0002548736
1.5158333333,0.0001089277,0.0001452857,0.0002542134
1.5160000000,0.0001067915,0.0001467528,0.0002535443
1.5161666667,0.0001046772,0.0001481900,0.0002528673
1.5163333333,0.0001025857,0.0001495979,0.0002521837
1.5165000000,0.0001005176,0.0001509766,0.0002514942
1.5166666667,0.0000984734,0.0001523254,0.0002507988
1.5168333333,0.0000964538,0.0001536434,0.0002500972
1.5170000000,0.0000944594,0.0001549297,0.0002493891
1.5171666667,0.0000924906,0.0001561843,0.0002486750
1.5173333333,0.0000905481,0.0001574071,0.0002479552
1.5175000000,0.0000886321,0.0001585978,0.0002472299
1.5176666667,0.0000867432,0.0001597555,0.0002464987
1.5178333333,0.0000848819,0.0001608789,0.0002457607
1.5180000000,0.0000830485,0.0001619671,0.0002450156
1.5181666667,0.0000812435,0.0001630201,0.0002442636
1.5183333333,0.0000794673,0.0001640383,0.0002435056
1.5185000000,0.0000777204,0.0001650217,0.0002427420
1.5186666667,0.0000760031,0.0001659694,0.0002419725
1.5188333333,0.0000743159,0.0001668801,0.0002411960
1.5190000000,0.0000726591,0.0001677525,0.0002404116
1.5191666667,0.0000710332,0.0001685859,0.0002396190
1.5193333333,0.0000694383,0.0001693803,0.0002388186
1.5195000000,0.0000678750,0.0001701359,0.0002380109
1.5196666667,0.0000663434,0.0001708527,0.0002371961
1.5198333333,0.0000648439,0.0001715297,0.0002363736
1.5200000000,0.0000633767,0.0001721661,0.0002355429
1.5201666667,0.0000619421,0.0001727614,0.0002347035
1.5203333333,0.0000605401,0.0001733155,0.0002338556
1.5205000000,0.0000591709,0.0001738286,0.0002329995
1.5206666667,0.0000578347,0.0001743012,0.0002321359
1.5208333333,0.0000565316,0.0001747338,0.0002312653
1.5210000000,0.0000552616,0.0001751268,0.0002303883
1.5211666667,0.0000540249,0.0001754811,0.0002295059
1.5213333333,0.0000528215,0.0001757976,0.0002286191
1.5215000000,0.0000516516,0.0001760773,0.0002277289
1.5216666667,0.0000505152,0.0001763207,0.0002268359
1.5218333333,0.0000494124,0.0001765280,0.0002259404
1.5220000000,0.0000483432,0.0001766993,0.0002250425
1.5221666667,0.0000473076,0.0001768345,0.0002241421
1.5223333333,0.0000463055,0.0001769338,0.0002232393
1.5225000000,0.0000453371,0.0001769970,0.0002223341
1.5226666667,0.0000444021,0.0001770245,0.0002214266
1.5228333333,0.0000435004,0.0001770167,0.0002205171
1.5230000000,0.0000426321,0.0001769745,0.0002196066
1.5231666667,0.0000417969,0.0001768993,0.0002186962
1.5233333333,0.0000409947,0.0001767920,0.0002177867
1.5235000000,0.0000402253,0.0001766528,0.0002168780
1.5236666667,0.0000394884,0.0001764811,0.0002159695
1.5238333333,0.0000387840,0.0001762762,0.0002150602
1.5240000000,0.0000381118,0.0001760376,0.0002141495
1.5241666667,0.0000374717,0.0001757655,0.0002132372
1.5243333333,0.0000368634,0.0001754603,0.0002123237
1.5245000000,0.0000362868,0.0001751220,0.0002114088
1.5246666667,0.0000357416,0.0001747503,0.0002104919
1.5248333333,0.0000352276,0.0001743447,0.0002095723
1.5250000000,0.0000347446,0.0001739053,0.0002086498
1.5251666667,0.0000342921,0.0001734329,0.0002077250
1.5253333333,0.0000338700,0.0001729288,0.0002067988
1.5255000000,0.0000334778,0.0001723941,0.0002058719
1.5256666667,0.0000331152,0.0001718292,0.0002049444
1.5258333333,0.0000327819,0.0001712340,0.0002040158
1.5260000000,0.0000324774,0.0001706086,0.0002030860
1.5261666667,0.0000322014,0.0001699542,0.0002021556
1.5263333333,0.0000319534,0.0001692726,0.0002012260
1.5265000000,0.0000317331,0.0001685655,0.0002002987
1.5266666667,0.0000315401,0.0001678343,0.0001993744
1.5268333333,0.0000313739,0.0001670793,0.0001984532
1.5270000000,0.0000312342,0.0001663002,0.0001975344
1.5271666667,0.0000311205,0.0001654973,0.0001966179
1.5273333333,0.0000310325,0.0001646714,0.0001957039
1.5275000000,0.0000309698,0.0001638237,0.0001947935
1.5276666667,0.0000309317,0.0001629559,0.0001938876
1.5278333333,0.0000309179,0.0001620690,0.0001929869
1.5280000000,0.0000309279,0.0001611640,0.0001920918
1.5281666667,0.0000309611,0.0001602415,0.0001912026
1.5283333333,0.0000310171,0.0001593021,0.0001903191
1.5285000000,0.0000310952,0.0001583460,0.0001894413
1.5286666667,0.0000311951,0.0001573735,0.0001885686
1.5288333333,0.0000313162,0.0001563846,0.0001877008
1.5290000000,0.0000314580,0.0001553795,0.0001868375
1.5291666667,0.0000316200,0.0001543588,0.0001859788
1.5293333333,0.0000318017,0.0001533229,0.0001851246
1.5295000000,0.0000320026,0.0001522719,0.0001842745
1.5296666667,0.0000322222,0.0001512056,0.0001834278
1.5298333333,0.0000324599,0.0001501240,0.0001825839
1.5300000000,0.0000327152,0.0001490274,0.0001817426
1.5301666667,0.0000329875,0.0001479169,0.0001809044
1.5303333333,0.0000332763,0.0001467945,0.0001800708
1.5305000000,0.0000335810,0.0001456621,0.0001792431
1.5306666667,0.0000339011,0.0001445209,0.0001784220
1.5308333333,0.0000342358,0.0001433715,0.0001776074
1.5310000000,0.0000345848,0.0001422141,0.0001767989
1.5311666667,0.0000349473,0.0001410488,0.0001759961
1.5313333333,0.0000353229,0.0001398763,0.0001751992
1.5315000000,0.0000357109,0.0001386975,0.0001744084
1.5316666667,0.0000361110,0.0001375135,0.0001736245
1.5318333333,0.0000365225,0.0001363256,0.0001728481
1.5320000000,0.0000369450,0.0001351349,0.0001720799
1.5321666667,0.0000373779,0.0001339428,0.0001713207
1.5323333333,0.0000378206,0.0001327504,0.0001705710
1.5325000000,0.0000382726,0.0001315586,0.0001698311
1.5326666667,0.0000387333,0.0001303677,0.0001691010
1.5328333333,0.0000392022,0.0001291780,0.0001683802
1.5330000000,0.0000396787,0.0001279895,0.0001676682
1.5331666667,0.0000401624,0.0001268028,0.0001669651
1.5333333333,0.0000406526,0.0001256184,0.0001662710
1.5335000000,0.0000411488,0.0001244369,0.0001655857
1.5336666667,0.0000416507,0.0001232585,0.0001649092
1.5338333333,0.0000421575,0.0001220830,0.0001642406
1.5340000000,0.0000426690,0.0001209104,0.0001635794
1.5341666667,0.0000431845,0.0001197411,0.0001629256
1.5343333333,0.0000437036,0.0001185756,0.0001622793
1.5345000000,0.0000442258,0.0001174150,0.0001616408
1.5346666667,0.0000447506,0.0001162595,0.0001610101
1.5348333333,0.0000452774,0.0001151096,0.0001603871
1.5350000000,0.0000458059,0.0001139657,0.0001597716
1.5351666667,0.0000463354,0.0001128287,0.0001591641
1.5353333333,0.0000468655,0.0001117000,0.0001585655
1.5355000000,0.0000473957,0.0001105810,0.0001579768
1.5356666667,0.0000479257,0.0001094727,0.0001573984
1.5358333333,0.0000484549,0.0001083753,0.0001568301
1.5360000000,0.0000489830,0.0001072885,0.0001562715
1.5361666667,0.0000495097,0.0001062125,0.0001557222
1.5363333333,0.0000500345,0.0001051478,0.0001551823
1.5365000000,0.0000505570,0.0001040954,0.0001546523
1.5366666667,0.0000510768,0.0001030562,0.0001541330
1.5368333333,0.0000515936,0.0001020309,0.0001536245
1.5370000000,0.0000521069,0.0001010198,0.0001531267
1.5371666667,0.0000526165,0.0001000232,0.0001526397
1.5373333333,0.0000531219,0.0000990413,0.0001521633
1.5375000000,0.0000536229,0.0000980747,0.0001516977
1.5376666667,0.0000541191,0.0000971237,0.0001512428
1.5378333333,0.0000546102,0.0000961882,0.0001507984
1.5380000000,0.0000550960,0.0000952676,0.0001503636
1.5381666667,0.0000555760,0.0000943614,0.0001499374
1.5383333333,0.0000560502,0.0000934692,0.0001495194
1.5385000000,0.0000565181,0.0000925915,0.0001491096
1.5386666667,0.0000569796,0.0000917286,0.0001487082
1.5388333333,0.0000574344,0.0000908811,0.0001483155
1.5390000000,0.0000578821,0.0000900495,0.0001479316
1.5391666667,0.0000583226,0.0000892338,0.0001475565
1.5393333333,0.0000587556,0.0000884346,0.0001471902
1.5395000000,0.0000591809,0.0000876521,0.0001468330
1.5396666667,0.0000595982,0.0000868870,0.0001464851
1.5398333333,0.0000600074,0.0000861397,0.0001461471
1.5400000000,0.0000604083,0.0000854106,0.0001458189
1.5401666667,0.0000608008,0.0000846996,0.0001455004
1.5403333333,0.0000611849,0.0000840065,0.0001451914
1.5405000000,0.0000615603,0.0000833314,0.0001448917
1.5406666667,0.0000619270,0.0000826743,0.0001446013
1.5408333333,0.0000622848,0.0000820354,0.0001443203
1.5410000000,0.0000626337,0.0000814150,0.0001440487
1.5411666667,0.0000629735,0.0000808132,0.0001437867
1.5413333333,0.0000633042,0.0000802298,0.0001435340
1.5415000000,0.0000636257,0.0000796649,0.0001432906
1.5416666667,0.0000639379,0.0000791182,0.0001430561
1.5418333333,0.0000642409,0.0000785894,0.0001428303
1.5420000000,0.0000645347,0.0000780782,0.0001426129
1.5421666667,0.0000648191,0.0000775842,0.0001424034
1.5423333333,0.0000650943,0.0000771071,0.0001422014
1.5425000000,0.0000653601,0.0000766465,0.0001420066
1.5426666667,0.0000656167,0.0000762023,0.0001418190
1.5428333333,0.0000658641,0.0000757745,0.0001416387
1.5430000000,0.0000661023,0.0000753632,0.0001414655
1.5431666667,0.0000663312,0.0000749682,0.0001412994
1.5433333333,0.0000665510,0.0000745893,0.0001411403
1.5435000000,0.0000667616,0.0000742262,0.0001409878
1.5436666667,0.0000669631,0.0000738788,0.0001408419
1.5438333333,0.0000671556,0.0000735471,0.0001407027
1.5440000000,0.0000673393,0.0000732313,0.0001405705
1.5441666667,0.0000675142,0.0000729314,0.0001404456
1.5443333333,0.0000676805,0.0000726475,0.0001403280
1.5445000000,0.0000678384,0.0000723791,0.0001402176
1.5446666667,0.0000679881,0.0000721259,0.0001401140
1.5448333333,0.0000681296,0.0000718873,0.0001400169
1.5450000000,0.0000682631,0.0000716626,0.0001399258
1.5451666667,0.0000683889,0.0000714515,0.0001398404
1.5453333333,0.0000685069,0.0000712534,0.0001397604
1.5455000000,0.0000686175,0.0000710681,0.0001396856
1.5456666667,0.0000687208,0.0000708952,0.0001396160
1.5458333333,0.0000688170,0.0000707344,0.0001395514
1.5460000000,0.0000689063,0.0000705855,0.0001394918
1.5461666667,0.0000689890,0.0000704481,0.0001394371
1.5463333333,0.0000690652,0.0000703217,0.0001393869
1.5465000000,0.0000691353,0.0000702056,0.0001393409
1.5466666667,0.0000691994,0.0000700992,0.0001392986
1.5468333333,0.0000692577,0.0000700020,0.0001392598
1.5470000000,0.0000693105,0.0000699139,0.0001392243
1.5471666667,0.0000693579,0.0000698345,0.0001391924
1.5473333333,0.0000694002,0.0000697637,0.0001391638
1.5475000000,0.0000694375,0.0000697010,0.0001391385
1.5476666667,0.0000694703,0.0000696460,0.0001391163
1.5478333333,0.0000694986,0.0000695981,0.0001390968
1.5480000000,0.0000695228,0.0000695571,0.0001390799
1.5481666667,0.0000695433,0.0000695225,0.0001390657
1.5483333333,0.0000695602,0.0000694939,0.0001390541
1.5485000000,0.0000695738,0.0000694710,0.0001390448
1.5486666667,0.0000695844,0.0000694531,0.0001390375
1.5488333333,0.0000695922,0.0000694397,0.0001390320
1.5490000000,0.0000695975,0.0000694302,0.0001390278
1.5491666667,0.0000696005,0.0000694242,0.0001390247
1.5493333333,0.0000696014,0.0000694213,0.0001390227
1.5495000000,0.0000696005,0.0000694210,0.0001390215
1.5496666667,0.0000695980,0.0000694229,0.0001390209
1.5498333333,0.0000695941,0.0000694266,0.0001390207
1.5500000000,0.0000695890,0.0000694317,0.0001390207
1.5501666667,0.0000695829,0.0000694378,0.0001390207
1.5503333333,0.0000695759,0.0000694446,0.0001390205
1.5505000000,0.0000695681,0.0000694519,0.0001390200
1.5506666667,0.0000695597,0.0000694592,0.0001390189
1.5508333333,0.0000695508,0.0000694663,0.0001390171
1.5510000000,0.0000695415,0.0000694728,0.0001390143
1.5511666667,0.0000695318,0.0000694787,0.0001390104
1.5513333333,0.0000695217,0.0000694835,0.0001390052
1.5515000000,0.0000695114,0.0000694870,0.0001389985
1.5516666667,0.0000695009,0.0000694890,0.0001389899
1.5518333333,0.0000694901,0.0000694891,0.0001389793
1.5520000000,0.0000694791,0.0000694872,0.0001389663
1.5521666667,0.0000694678,0.0000694831,0.0001389509
1.5523333333,0.0000694561,0.0000694767,0.0001389329
1.5525000000,0.0000694440,0.0000694679,0.0001389119
1.5526666667,0.0000694312,0.0000694566,0.0001388878
1.5528333333,0.0000694176,0.0000694426,0.0001388603
1.5530000000,0.0000694032,0.0000694261,0.0001388292
1.5531666667,0.0000693877,0.0000694069,0.0001387946
1.5533333333,0.0000693710,0.0000693852,0.0001387562
1.5535000000,0.0000693528,0.0000693611,0.0001387139
1.5536666667,0.0000693331,0.0000693347,0.0001386678
1.5538333333,0.0000693116,0.0000693061,0.0001386177
1.5540000000,0.0000692880,0.0000692756,0.0001385637
1.5541666667,0.0000692621,0.0000692434,0.0001385055
1.5543333333,0.0000692337,0.0000692093,0.0001384430
1.5545000000,0.0000692026,0.0000691732,0.0001383757
1.5546666667,0.0000691685,0.0000691347,0.0001383032
1.5548333333,0.0000691314,0.0000690937,0.0001382251
1.5550000000,0.0000690912,0.0000690498,0.0001381410
1.5551666667,0.0000690477,0.0000690031,0.0001380508
1.5553333333,0.0000690008,0.0000689537,0.0001379545
1.5555000000,0.0000689505,0.0000689014,0.0001378519
1.5556666667,0.0000688967,0.0000688464,0.0001377431
1.5558333333,0.0000688394,0.0000687886,0.0001376280
1.5560000000,0.0000687785,0.0000687279,0.0001375063
1.5561666667,0.0000687139,0.0000686642,0.0001373781
1.5563333333,0.0000686457,0.0000685971,0.0001372428
1.5565000000,0.0000685739,0.0000685265,0.0001371004
1.5566666667,0.0000684984,0.0000684521,0.0001369505
1.5568333333,0.0000684194,0.0000683739,0.0001367933
1.5570000000,0.0000683368,0.0000682920,0.0001366288
1.5571666667,0.0000682507,0.0000682066,0.0001364574
1.5573333333,0.0000681611,0.0000681180,0.0001362791
1.5575000000,0.0000680678,0.0000680260,0.0001360938
1.5576666667,0.0000679708,0.0000679304,0.0001359012
1.5578333333,0.0000678701,0.0000678309,0.0001357010
1.5580000000,0.0000677656,0.0000677273,0.0001354929
1.5581666667,0.0000676572,0.0000676195,0.0001352767
1.5583333333,0.0000675449,0.0000675073,0.0001350523
1.5585000000,0.0000674286,0.0000673908,0.0001348193
1.5586666667,0.0000673081,0.0000672696,0.0001345777
1.5588333333,0.0000671835,0.0000671437,0.0001343272
1.5590000000,0.0000670546,0.0000670129,0.0001340675
1.5591666667,0.0000669212,0.0000668772,0.0001337984
1.5593333333,0.0000667833,0.0000667363,0.0001335196
1.5595000000,0.0000666408,0.0000665903,0.0001332311
1.5596666667,0.0000664936,0.0000664393,0.0001329329
1.5598333333,0.0000663417,0.0000662836,0.0001326252
1.5600000000,0.0000661850,0.0000661237,0.0001323087
1.5601666667,0.0000660235,0.0000659602,0.0001319837
1.5603333333,0.0000658572,0.0000657934,0.0001316506
1.5605000000,0.0000656860,0.0000656230,0.0001313091
1.5606666667,0.0000655101,0.0000654487,0.0001309587
1.5608333333,0.0000653293,0.0000652699,0.0001305992
1.5610000000,0.0000651437,0.0000650865,0.0001302302
1.5611666667,0.0000649534,0.0000648986,0.0001298521
1.5613333333,0.0000647584,0.0000647064,0.0001294647
1.5615000000,0.0000645586,0.0000645095,0.0001290681
1.5616666667,0.0000643541,0.0000643076,0.0001286617
1.5618333333,0.0000641449,0.0000641001,0.0001282450
1.5620000000,0.0000639311,0.0000638868,0.0001278179
1.5621666667,0.0000637126,0.0000636678,0.0001273804
1.5623333333,0.0000634894,0.0000634436,0.0001269330
1.5625000000,0.0000632616,0.0000632144,0.0001264760
1.5626666667,0.0000630289,0.0000629805,0.0001260094
1.5628333333,0.0000627914,0.0000627415,0.0001255328
1.5630000000,0.0000625489,0.0000624970,0.0001250459
1.5631666667,0.0000623016,0.0000622470,0.0001245486
1.5633333333,0.0000620493,0.0000619918,0.0001240411
1.5635000000,0.0000617921,0.0000617317,0.0001235238
1.5636666667,0.0000615299,0.0000614672,0.0001229971
1.5638333333,0.0000612629,0.0000611985,0.0001224614
1.5640000000,0.0000609909,0.0000609261,0.0001219170
1.5641666667,0.0000607140,0.0000606501,0.0001213642
1.5643333333,0.0000604323,0.0000603710,0.0001208033
1.5645000000,0.0000601458,0.0000600885,0.0001202344
1.5646666667,0.0000598546,0.0000598023,0.0001196569
1.5648333333,0.0000595587,0.0000595113,0.0001190700
1.5650000000,0.0000592581,0.0000592148,0.0001184729
1.5651666667,0.0000589531,0.0000589121,0.0001178652
1.5653333333,0.0000586436,0.0000586034,0.0001172470
1.5655000000,0.0000583297,0.0000582891,0.0001166189
1.5656666667,0.0000580115,0.0000579696,0.0001159811
1.5658333333,0.0000576888,0.0000576451,0.0001153339
1.5660000000,0.0000573618,0.0000573155,0.0001146773
1.5661666667,0.0000570304,0.0000569811,0.0001140115
1.5663333333,0.0000566946,0.0000566424,0.0001133371
1.5665000000,0.0000563545,0.0000563000,0.0001126544
1.5666666667,0.0000560100,0.0000559542,0.0001119641
1.5668333333,0.0000556612,0.0000556051,0.0001112662
1.5670000000,0.0000553081,0.0000552524,0.0001105605
1.5671666667,0.0000549508,0.0000548958,0.0001098467
1.5673333333,0.0000545895,0.0000545355,0.0001091249
1.5675000000,0.0000542240,0.0000541717,0.0001083957
1.5676666667,0.0000538546,0.0000538049,0.0001076595
1.5678333333,0.0000534812,0.0000534351,0.0001069163
1.5680000000,0.0000531040,0.0000530619,0.0001061659
1.5681666667,0.0000527232,0.0000526847,0.0001054079
1.5683333333,0.0000523388,0.0000523029,0.0001046416
1.5685000000,0.0000519508,0.0000519163,0.0001038671
1.5686666667,0.0000515595,0.0000515250,0.0001030845
1.5688333333,0.0000511647,0.0000511295,0.0001022943
1.5690000000,0.0000507667,0.0000507303,0.0001014969
1.5691666667,0.0000503652,0.0000503277,0.0001006929
1.5693333333,0.0000499606,0.0000499219,0.0000998825
1.5695000000,0.0000495526,0.0000495130,0.0000990656
1.5696666667,0.0000491415,0.0000491005,0.0000982420
1.5698333333,0.0000487273,0.0000486842,0.0000974115
1.5700000000,0.0000483101,0.0000482644,0.0000965745
1.5701666667,0.0000478900,0.0000478419,0.0000957319
1.5703333333,0.0000474670,0.0000474181,0.0000948851
1.5705000000,0.0000470412,0.0000469940,0.0000940353
1.5706666667,0.0000466129,0.0000465698,0.0000931826
1.5708333333,0.0000461820,0.0000461445,0.0000923265
1.5710000000,0.0000457487,0.0000457168,0.0000914655
1.5711666667,0.0000453131,0.0000452857,0.0000905988
1.5713333333,0.0000448753,0.0000448507,0.0000897261
1.5715000000,0.0000444355,0.0000444124,0.0000888478
1.5716666667,0.0000439936,0.0000439711,0.0000879647
1.5718333333,0.0000435498,0.0000435270,0.0000870769
1.5720000000,0.0000431042,0.0000430801,0.0000861844
1.5721666667,0.0000426568,0.0000426303,0.0000852871
1.5723333333,0.0000422076,0.0000421781,0.0000843856
1.5725000000,0.0000417567,0.0000417244,0.0000834811
1.5726666667,0.0000413042,0.0000412702,0.0000825745
1.5728333333,0.0000408502,0.0000408161,0.0000816663
1.5730000000,0.0000403949,0.0000403616,0.0000807564
1.5731666667,0.0000399382,0.0000399062,0.0000798445
1.5733333333,0.0000394805,0.0000394497,0.0000789302
1.5735000000,0.0000390218,0.0000389921,0.0000780139
1.5736666667,0.0000385622,0.0000385342,0.0000770964
1.5738333333,0.0000381017,0.0000380761,0.0000761778
1.5740000000,0.0000376406,0.0000376176,0.0000752583
1.5741666667,0.0000371790,0.0000371584,0.0000743374
1.5743333333,0.0000367169,0.0000366983,0.0000734152
1.5745000000,0.0000362544,0.0000362374,0.0000724918
1.5746666667,0.0000357917,0.0000357761,0.0000715678
1.5748333333,0.0000353287,0.0000353147,0.0000706434
1.5750000000,0.0000348656,0.0000348527,0.0000697183
1.5751666667,0.0000344024,0.0000343897,0.0000687921
1.5753333333,0.0000339392,0.0000339255,0.0000678647
1.5755000000,0.0000334761,0.0000334604,0.0000669365
1.5756666667,0.0000330133,0.0000329950,0.0000660082
1.5758333333,0.0000325508,0.0000325301,0.0000650809
1.5760000000,0.0000320888,0.0000320663,0.0000641551
1.5761666667,0.0000316274,0.0000316041,0.0000632315
1.5763333333,0.0000311668,0.0000311439,0.0000623106
1.5765000000,0.0000307070,0.0000306858,0.0000613928
1.5766666667,0.0000302483,0.0000302298,0.0000604781
1.5768333333,0.0000297905,0.0000297755,0.0000595660
1.5770000000,0.0000293339,0.0000293222,0.0000586561
1.5771666667,0.0000288785,0.0000288693,0.0000577478
1.5773333333,0.0000284244,0.0000284169,0.0000568412
1.5775000000,0.0000279716,0.0000279655,0.0000559371
1.5776666667,0.0000275203,0.0000275157,0.0000550360
1.5778333333,0.0000270705,0.0000270675,0.0000541380
1.5780000000,0.0000266224,0.0000266201,0.0000532424
1.5781666667,0.0000261759,0.0000261728,0.0000523487
1.5783333333,0.0000257314,0.0000257255,0.0000514569
1.5785000000,0.0000252887,0.0000252793,0.0000505680
1.5786666667,0.0000248481,0.0000248358,0.0000496839
1.5788333333,0.0000244097,0.0000243961,0.0000488058
1.5790000000,0.0000239736,0.0000239605,0.0000479341
1.5791666667,0.0000235399,0.0000235282,0.0000470681
1.5793333333,0.0000231086,0.0000230986,0.0000462072
1.5795000000,0.0000226800,0.0000226712,0.0000453512
1.5796666667,0.0000222539,0.0000222464,0.0000445003
1.5798333333,0.0000218304,0.0000218247,0.0000436551
1.5800000000,0.0000214096,0.0000214061,0.0000428157
1.5801666667,0.0000209917,0.0000209901,0.0000419817
1.5803333333,0.0000205766,0.0000205762,0.0000411528
1.5805000000,0.0000201645,0.0000201647,0.0000403291
1.5806666667,0.0000197554,0.0000197559,0.0000395113
1.5808333333,0.0000193496,0.0000193507,0.0000387002
1.5810000000,0.0000189469,0.0000189491,0.0000378960
1.5811666667,0.0000185476,0.0000185506,0.0000370983
1.5813333333,0.0000181518,0.0000181546,0.0000363064
1.5815000000,0.0000177594,0.0000177606,0.0000355201
1.5816666667,0.0000173707,0.0000173692,0.0000347398
1.5818333333,0.0000169855,0.0000169811,0.0000339666
1.5820000000,0.0000166040,0.0000165974,0.0000332014
1.5821666667,0.0000162261,0.0000162185,0.0000324447
1.5823333333,0.0000158521,0.0000158446,0.0000316967
1.5825000000,0.0000154818,0.0000154756,0.0000309575
1.5826666667,0.0000151155,0.0000151116,0.0000302271
1.5828333333,0.0000147531,0.0000147525,0.0000295056
1.5830000000,0.0000143946,0.0000143979,0.0000287926
1.5831666667,0.0000140403,0.0000140471,0.0000280874
1.5833333333,0.0000136902,0.0000136991,0.0000273893
1.5835000000,0.0000133443,0.0000133537,0.0000266980
1.5836666667,0.0000130028,0.0000130111,0.0000260138
1.5838333333,0.0000126656,0.0000126718,0.0000253374
1.5840000000,0.0000123327,0.0000123369,0.0000246696
1.5841666667,0.0000120042,0.0000120066,0.0000240108
1.5843333333,0.0000116801,0.0000116810,0.0000233611
1.5845000000,0.0000113605,0.0000113601,0.0000227205
1.5846666667,0.0000110452,0.0000110437,0.0000220889
1.5848333333,0.0000107345,0.0000107322,0.0000214667
1.5850000000,0.0000104283,0.0000104259,0.0000208542
1.5851666667,0.0000101268,0.0000101251,0.0000202518
1.5853333333,0.0000098298,0.0000098298,0.0000196596
1.5855000000,0.0000095376,0.0000095398,0.0000190774
1.5856666667,0.0000092501,0.0000092546,0.0000185047
1.5858333333,0.0000089673,0.0000089736,0.0000179409
1.5860000000,0.0000086894,0.0000086964,0.0000173857
1.5861666667,0.0000084162,0.0000084232,0.0000168394
1.5863333333,0.0000081479,0.0000081543,0.0000163022
1.5865000000,0.0000078844,0.0000078902,0.0000157746
1.5866666667,0.0000076256,0.0000076312,0.0000152568
1.5868333333,0.0000073716,0.0000073771,0.0000147487
1.5870000000,0.0000071224,0.0000071275,0.0000142499
1.5871666667,0.0000068780,0.0000068820,0.0000137601
1.5873333333,0.0000066384,0.0000066409,0.0000132794
1.5875000000,0.0000064036,0.0000064047,0.0000128083
1.5876666667,0.0000061737,0.0000061739,0.0000123476
1.5878333333,0.0000059487,0.0000059487,0.0000118974
1.5880000000,0.0000057286,0.0000057291,0.0000114576
1.5881666667,0.0000055134,0.0000055145,0.0000110279
1.5883333333,0.0000053030,0.0000053048,0.0000106078
1.5885000000,0.0000050975,0.0000050999,0.0000101974
1.5886666667,0.0000048967,0.0000049001,0.0000097968
1.5888333333,0.0000047008,0.0000047053,0.0000094060
1.5890000000,0.0000045096,0.0000045153,0.0000090249
1.5891666667,0.0000043231,0.0000043298,0.0000086529
1.5893333333,0.0000041414,0.0000041484,0.0000082898
1.5895000000,0.0000039644,0.0000039712,0.0000079356
1.5896666667,0.0000037922,0.0000037981,0.0000075903
1.5898333333,0.0000036246,0.0000036293,0.0000072538
1.5900000000,0.0000034616,0.0000034646,0.0000069263
1.5901666667,0.0000033033,0.0000033042,0.0000066075
1.5903333333,0.0000031495,0.0000031484,0.0000062980
1.5905000000,0.0000030004,0.0000029977,0.0000059981
1.5906666667,0.0000028557,0.0000028528,0.0000057086
1.5908333333,0.0000027155,0.0000027138,0.0000054293
1.5910000000,0.0000025797,0.0000025802,0.0000051599
1.5911666667,0.0000024483,0.0000024509,0.0000048992
1.5913333333,0.0000023212,0.0000023251,0.0000046464
1.5915000000,0.0000021984,0.0000022027,0.0000044011
1.5916666667,0.0000020799,0.0000020838,0.0000041638
1.5918333333,0.0000019657,0.0000019691,0.0000039347
1.5920000000,0.0000018556,0.0000018585,0.0000037140
1.5921666667,0.0000017496,0.0000017519,0.0000035015
1.5923333333,0.0000016477,0.0000016491,0.0000032969
1.5925000000,0.0000015498,0.0000015500,0.0000030999
1.5926666667,0.0000014558,0.0000014549,0.0000029107
1.5928333333,0.0000013656,0.0000013640,0.0000027296
1.5930000000,0.0000012792,0.0000012772,0.0000025564
1.5931666667,0.0000011965,0.0000011943,0.0000023908
1.5933333333,0.0000011174,0.0000011149,0.0000022323
1.5935000000,0.0000010420,0.0000010388,0.0000020808
1.5936666667,0.0000009700,0.0000009663,0.0000019363
1.5938333333,0.0000009016,0.0000008976,0.0000017992
1.5940000000,0.0000008365,0.0000008328,0.0000016694
1.5941666667,0.0000007748,0.0000007717,0.0000015466
1.5943333333,0.0000007164,0.0000007137,0.0000014302
1.5945000000,0.0000006612,0.0000006584,0.0000013196
1.5946666667,0.0000006091,0.0000006055,0.0000012147
1.5948333333,0.0000005600,0.0000005554,0.0000011153
1.5950000000,0.0000005137,0.0000005080,0.0000010217
1.5951666667,0.0000004702,0.0000004636,0.0000009338
1.5953333333,0.0000004295,0.0000004218,0.0000008513
1.5955000000,0.0000003913,0.0000003826,0.0000007739
1.5956666667,0.0000003557,0.0000003459,0.0000007016
1.5958333333,0.0000003226,0.0000003116,0.0000006341
1.5960000000,0.0000002919,0.0000002798,0.0000005717
1.5961666667,0.0000002635,0.0000002506,0.0000005141
1.5963333333,0.0000002373,0.0000002238,0.0000004611
1.5965000000,0.0000002133,0.0000001993,0.0000004126
1.5966666667,0.0000001912,0.0000001769,0.0000003681
1.5968333333,0.0000001710,0.0000001565,0.0000003275
1.5970000000,0.0000001527,0.0000001379,0.0000002905
1.5971666667,0.0000001360,0.0000001209,0.0000002569
1.5973333333,0.0000001210,0.0000001054,0.0000002263
1.5975000000,0.0000001075,0.0000000912,0.0000001987
1.5976666667,0.0000000954,0.0000000784,0.0000001738
1.5978333333,0.0000000846,0.0000000670,0.0000001515
1.5980000000,0.0000000750,0.0000000569,0.0000001319
1.5981666667,0.0000000665,0.0000000481,0.0000001146
1.5983333333,0.0000000591,0.0000000405,0.0000000996
1.5985000000,0.0000000525,0.0000000342,0.0000000867
1.5986666667,0.0000000468,0.0000000291,0.0000000759
1.5988333333,0.0000000417,0.0000000252,0.0000000669
1.5990000000,0.0000000373,0.0000000223,0.0000000596
1.5991666667,0.0000000335,0.0000000202,0.0000000537
1.5993333333,0.0000000302,0.0000000189,0.0000000491
1.5995000000,0.0000000274,0.0000000182,0.0000000456
1.5996666667,0.0000000249,0.0000000183,0.0000000431
1.5998333333,0.0000000228,0.0000000189,0.0000000417
1.6000000000,0.0000000209,0.0000000202,0.0000000411
1.6001666667,0.0000000193,0.0000000221,0.0000000414
1.6003333333,0.0000000179,0.0000000245,0.0000000424
1.6005000000,0.0000000166,0.0000000275,0.0000000441
1.6006666667,0.0000000154,0.0000000311,0.0000000465
1.6008333333,0.0000000144,0.0000000353,0.0000000496
1.6010000000,0.0000000134,0.0000000400,0.0000000534
1.6011666667,0.0000000127,0.0000000451,0.0000000578
1.6013333333,0.0000000123,0.0000000506,0.0000000629
1.6015000000,0.0000000123,0.0000000564,0.0000000687
1.6016666667,0.0000000127,0.0000000627,0.0000000754
1.6018333333,0.0000000136,0.0000000695,0.0000000830
1.6020000000,0.0000000151,0.0000000766,0.0000000917
1.6021666667,0.0000000173,0.0000000840,0.0000001014
1.6023333333,0.0000000204,0.0000000918,0.0000001123
1.6025000000,0.0000000246,0.0000001000,0.0000001246
1.6026666667,0.0000000299,0.0000001088,0.0000001387
1.6028333333,0.0000000367,0.0000001184,0.0000001551
1.6030000000,0.0000000450,0.0000001290,0.0000001740
1.6031666667,0.0000000550,0.0000001406,0.0000001957
1.6033333333,0.0000000670,0.0000001533,0.0000002203
1.6035000000,0.0000000811,0.0000001668,0.0000002479
1.6036666667,0.0000000976,0.0000001812,0.0000002787
1.6038333333,0.0000001166,0.0000001963,0.0000003129
1.6040000000,0.0000001384,0.0000002124,0.0000003507
1.6041666667,0.0000001631,0.0000002296,0.0000003927
1.6043333333,0.0000001908,0.0000002484,0.0000004392
1.6045000000,0.0000002218,0.0000002690,0.0000004908
1.6046666667,0.0000002563,0.0000002918,0.0000005480
1.6048333333,0.0000002942,0.0000003170,0.0000006113
1.6050000000,0.0000003359,0.0000003450,0.0000006809
1.6051666667,0.0000003813,0.0000003757,0.0000007570
1.6053333333,0.0000004305,0.0000004096,0.0000008401
1.6055000000,0.0000004835,0.0000004470,0.0000009305
1.6056666667,0.0000005404,0.0000004882,0.0000010286
1.6058333333,0.0000006011,0.0000005338,0.0000011349
1.6060000000,0.0000006655,0.0000005840,0.0000012495
1.6061666667,0.0000007337,0.0000006389,0.0000013726
1.6063333333,0.0000008056,0.0000006986,0.0000015042
1.6065000000,0.0000008812,0.0000007630,0.0000016442
1.6066666667,0.0000009605,0.0000008322,0.0000017927
1.6068333333,0.0000010433,0.0000009067,0.0000019500
1.6070000000,0.0000011297,0.0000009868,0.0000021165
1.6071666667,0.0000012197,0.0000010730,0.0000022926
1.6073333333,0.0000013130,0.0000011655,0.0000024785
1.6075000000,0.0000014097,0.0000012643,0.0000026741
1.6076666667,0.0000015099,0.0000013695,0.0000028793
1.6078333333,0.0000016134,0.0000014807,0.0000030941
1.6080000000,0.0000017203,0.0000015978,0.0000033181
1.6081666667,0.0000018307,0.0000017208,0.0000035515
1.6083333333,0.0000019447,0.0000018494,0.0000037941
1.6085000000,0.0000020623,0.0000019835,0.0000040458
1.6086666667,0.0000021836,0.0000021229,0.0000043065
1.6088333333,0.0000023089,0.0000022672,0.0000045760
1.6090000000,0.0000024380,0.0000024160,0.0000048541
1.6091666667,0.0000025713,0.0000025689,0.0000051403
1.6093333333,0.0000027088,0.0000027254,0.0000054342
1.6095000000,0.0000028506,0.0000028850,0.0000057356
1.6096666667,0.0000029968,0.0000030474,0.0000060442
1.6098333333,0.0000031475,0.0000032124,0.0000063599
1.6100000000,0.0000033029,0.0000033800,0.0000066829
1.6101666667,0.0000034631,0.0000035503,0.0000070134
1.6103333333,0.0000036280,0.0000037234,0.0000073514
1.6105000000,0.0000037979,0.0000038992,0.0000076970
1.6106666667,0.0000039725,0.0000040778,0.0000080504
1.6108333333,0.0000041520,0.0000042595,0.0000084115
1.6110000000,0.0000043362,0.0000044443,0.0000087805
1.6111666667,0.0000045253,0.0000046320,0.0000091572
1.6113333333,0.0000047191,0.0000048221,0.0000095411
1.6115000000,0.0000049177,0.0000050141,0.0000099318
1.6116666667,0.0000051212,0.0000052080,0.0000103291
1.6118333333,0.0000053294,0.0000054040,0.0000107335
1.6120000000,0.0000055426,0.0000056031,0.0000111457
1.6121666667,0.0000057605,0.0000058061,0.0000115667
1.6123333333,0.0000059834,0.0000060137,0.0000119971
1.6125000000,0.0000062111,0.0000062261,0.0000124372
1.6126666667,0.0000064438,0.0000064434,0.0000128872
1.6128333333,0.0000066814,0.0000066661,0.0000133475
1.6130000000,0.0000069239,0.0000068946,0.0000138185
1.6131666667,0.0000071714,0.0000071293,0.0000143008
1.6133333333,0.0000074240,0.0000073705,0.0000147945
1.6135000000,0.0000076816,0.0000076177,0.0000152993
1.6136666667,0.0000079442,0.0000078707,0.0000158150
1.6138333333,0.0000082119,0.0000081295,0.0000163413
1.6140000000,0.0000084845,0.0000083944,0.0000168789
1.6141666667,0.0000087621,0.0000086662,0.0000174282
1.6143333333,0.0000090445,0.0000089454,0.0000179898
1.6145000000,0.0000093316,0.0000092319,0.0000185635
1.6146666667,0.0000096234,0.0000095253,0.0000191487
1.6148333333,0.0000099198,0.0000098251,0.0000197449
1.6150000000,0.0000102207,0.0000101312,0.0000203518
1.6151666667,0.0000105260,0.0000104437,0.0000209697
1.6153333333,0.0000108358,0.0000107630,0.0000215988
1.6155000000,0.0000111499,0.0000110890,0.0000222388
1.6156666667,0.0000114683,0.0000114212,0.0000228894
1.6158333333,0.0000117909,0.0000117589,0.0000235498
1.6160000000,0.0000121177,0.0000121018,0.0000242194
1.6161666667,0.0000124487,0.0000124492,0.0000248979
1.6163333333,0.0000127839,0.0000128008,0.0000255846
1.6165000000,0.0000131233,0.0000131556,0.0000262790
1.6166666667,0.0000134670,0.0000135129,0.0000269799
1.6168333333,0.0000138150,0.0000138718,0.0000276868
1.6170000000,0.0000141672,0.0000142321,0.0000283992
1.6171666667,0.0000145236,0.0000145938,0.0000291174
1.6173333333,0.0000148841,0.0000149574,0.0000298415
1.6175000000,0.0000152487,0.0000153230,0.0000305718
1.6176666667,0.0000156174,0.0000156906,0.0000313079
1.6178333333,0.0000159899,0.0000160599,0.0000320498
1.6180000000,0.0000163663,0.0000164311,0.0000327974
1.6181666667,0.0000167464,0.0000168045,0.0000335509
1.6183333333,0.0000171302,0.0000171806,0.0000343108
1.6185000000,0.0000175175,0.0000175594,0.0000350770
1.6186666667,0.0000179084,0.0000179410,0.0000358494
1.6188333333,0.0000183027,0.0000183252,0.0000366279
1.6190000000,0.0000187004,0.0000187120,0.0000374123
1.6191666667,0.0000191013,0.0000191014,0.0000382027
1.6193333333,0.0000195055,0.0000194937,0.0000389993
1.6195000000,0.0000199129,0.0000198891,0.0000398020
1.6196666667,0.0000203235,0.0000202877,0.0000406112
1.6198333333,0.0000207372,0.0000206902,0.0000414275
1.6200000000,0.0000211540,0.0000210977,0.0000422516
1.6201666667,0.0000215738,0.0000215111,0.0000430849
1.6203333333,0.0000219964,0.0000219313,0.0000439277
1.6205000000,0.0000224218,0.0000223580,0.0000447798
1.6206666667,0.0000228498,0.0000227901,0.0000456400
1.6208333333,0.0000232804,0.0000232264,0.0000465068
1.6210000000,0.0000237133,0.0000236658,0.0000473791
1.6211666667,0.0000241484,0.0000241081,0.0000482565
1.6213333333,0.0000245857,0.0000245535,0.0000491392
1.6215000000,0.0000250250,0.0000250023,0.0000500274
1.6216666667,0.0000254664,0.0000254545,0.0000509209
1.6218333333,0.0000259097,0.0000259098,0.0000518195
1.6220000000,0.0000263547,0.0000263674,0.0000527221
1.6221666667,0.0000268015,0.0000268264,0.0000536279
1.6223333333,0.0000272499,0.0000272860,0.0000545359
1.6225000000,0.0000276999,0.0000277456,0.0000554455
1.6226666667,0.0000281515,0.0000282047,0.0000563563
1.6228333333,0.0000286047,0.0000286637,0.0000572683
1.6230000000,0.0000290592,0.0000291227,0.0000581819
1.6231666667,0.0000295150,0.0000295820,0.0000590970
1.6233333333,0.0000299720,0.0000300412,0.0000600132
1.6235000000,0.0000304301,0.0000304992,0.0000609293
1.6236666667,0.0000308891,0.0000309554,0.0000618445
1.6238333333,0.0000313489,0.0000314098,0.0000627587
1.6240000000,0.0000318094,0.0000318629,0.0000636723
1.6241666667,0.0000322705,0.0000323156,0.0000645861
1.6243333333,0.0000327320,0.0000327686,0.0000655006
1.6245000000,0.0000331938,0.0000332213,0.0000664152
1.6246666667,0.0000336560,0.0000336733,0.0000673293
1.6248333333,0.0000341183,0.0000341245,0.0000682428
1.6250000000,0.0000345808,0.0000345760,0.0000691567
1.6251666667,0.0000350433,0.0000350294,0.0000700727
1.6253333333,0.0000355057,0.0000354863,0.0000709921
1.6255000000,0.0000359680,0.0000359468,0.0000719148
1.6256666667,0.0000364301,0.0000364095,0.0000728396
1.6258333333,0.0000368918,0.0000368731,0.0000737649
1.6260000000,0.0000373530,0.0000373367,0.0000746897
1.6261666667,0.0000378137,0.0000378004,0.0000756141
1.6263333333,0.0000382737,0.0000382649,0.0000765387
1.6265000000,0.0000387329,0.0000387304,0.0000774633
1.6266666667,0.0000391912,0.0000391962,0.0000783873
1.6268333333,0.0000396484,0.0000396612,0.0000793095
1.6270000000,0.0000401044,0.0000401249,0.0000802292
1.6271666667,0.0000405591,0.0000405874,0.0000811465
1.6273333333,0.0000410125,0.0000410492,0.0000820618
1.6275000000,0.0000414646,0.0000415107,0.0000829753
1.6276666667,0.0000419152,0.0000419710,0.0000838862
1.6278333333,0.0000423643,0.0000424288,0.0000847932
1.6280000000,0.0000428119,0.0000428830,0.0000856949
1.6281666667,0.0000432577,0.0000433331,0.0000865908
1.6283333333,0.0000437017,0.0000437792,0.0000874810
1.6285000000,0.0000441439,0.0000442218,0.0000883656
1.6286666667,0.0000445839,0.0000446605,0.0000892444
1.6288333333,0.0000450219,0.0000450949,0.0000901168
1.6290000000,0.0000454576,0.0000455246,0.0000909822
1.6291666667,0.0000458909,0.0000459499,0.0000918408
1.6293333333,0.0000463217,0.0000463719,0.0000926936
1.6295000000,0.0000467500,0.0000467918,0.0000935418
1.6296666667,0.0000471756,0.0000472103,0.0000943859
1.6298333333,0.0000475985,0.0000476274,0.0000952259
1.6300000000,0.0000480186,0.0000480428,0.0000960614
1.6301666667,0.0000484359,0.0000484561,0.0000968919
1.6303333333,0.0000488502,0.0000488674,0.0000977176
1.6305000000,0.0000492616,0.0000492770,0.0000985387
1.6306666667,0.0000496700,0.0000496852,0.0000993552
1.6308333333,0.0000500753,0.0000500916,0.0001001669
1.6310000000,0.0000504774,0.0000504961,0.0001009735
1.6311666667,0.0000508762,0.0000508984,0.0001017746
1.6313333333,0.0000512716,0.0000512984,0.0001025700
1.6315000000,0.0000516635,0.0000516961,0.0001033596
1.6316666667,0.0000520518,0.0000520912,0.0001041431
1.6318333333,0.0000524366,0.0000524832,0.0001049198
1.6320000000,0.0000528176,0.0000528713,0.0001056890
1.6321666667,0.0000531950,0.0000532551,0.0001064501
1.6323333333,0.0000535686,0.0000536342,0.0001072029
1.6325000000,0.0000539385,0.0000540089,0.0001079473
1.6326666667,0.0000543045,0.0000543792,0.0001086836
1.6328333333,0.0000546666,0.0000547451,0.0001094117
1.6330000000,0.0000550247,0.0000551065,0.0001101312
1.6331666667,0.0000553788,0.0000554627,0.0001108415
1.6333333333,0.0000557288,0.0000558130,0.0001115418
1.6335000000,0.0000560746,0.0000561568,0.0001122314
1.6336666667,0.0000564162,0.0000564938,0.0001129099
1.6338333333,0.0000567534,0.0000568243,0.0001135777
1.6340000000,0.0000570862,0.0000571494,0.0001142356
1.6341666667,0.0000574146,0.0000574702,0.0001148847
1.6343333333,0.0000577384,0.0000577876,0.0001155260
1.6345000000,0.0000580577,0.0000581022,0.0001161599
1.6346666667,0.0000583724,0.0000584140,0.0001167865
1.6348333333,0.0000586827,0.0000587227,0.0001174054
1.6350000000,0.0000589884,0.0000590278,0.0001180162
1.6351666667,0.0000592896,0.0000593292,0.0001186188
1.6353333333,0.0000595862,0.0000596267,0.0001192128
1.6355000000,0.0000598781,0.0000599202,0.0001197983
1.6356666667,0.0000601654,0.0000602097,0.0001203751
1.6358333333,0.0000604480,0.0000604952,0.0001209431
1.6360000000,0.0000607258,0.0000607764,0.0001215023
1.6361666667,0.0000609989,0.0000610535,0.0001220524
1.6363333333,0.0000612671,0.0000613262,0.0001225933
1.6365000000,0.0000615306,0.0000615942,0.0001231248
1.6366666667,0.0000617893,0.0000618572,0.0001236465
1.6368333333,0.0000620433,0.0000621150,0.0001241583
1.6370000000,0.0000622925,0.0000623676,0.0001246601
1.6371666667,0.0000625370,0.0000626148,0.0001251518
1.6373333333,0.0000627767,0.0000628566,0.0001256333
1.6375000000,0.0000630116,0.0000630925,0.0001261041
1.6376666667,0.0000632417,0.0000633221,0.0001265638
1.6378333333,0.0000634669,0.0000635454,0.0001270123
1.6380000000,0.0000636873,0.0000637625,0.0001274498
1.6381666667,0.0000639029,0.0000639739,0.0001278767
1.6383333333,0.0000641135,0.0000641800,0.0001282935
1.6385000000,0.0000643193,0.0000643812,0.0001287004
1.6386666667,0.0000645201,0.0000645777,0.0001290978
1.6388333333,0.0000647160,0.0000647697,0.0001294858
1.6390000000,0.0000649072,0.0000649576,0.0001298648
1.6391666667,0.0000650936,0.0000651417,0.0001302352
1.6393333333,0.0000652752,0.0000653219,0.0001305971
1.6395000000,0.0000654522,0.0000654984,0.0001309506
1.6396666667,0.0000656246,0.0000656709,0.0001312955
1.6398333333,0.0000657923,0.0000658395,0.0001316318
1.6400000000,0.0000659553,0.0000660044,0.0001319598
1.6401666667,0.0000661138,0.0000661656,0.0001322794
1.6403333333,0.0000662677,0.0000663229,0.0001325906
1.6405000000,0.0000664171,0.0000664755,0.0001328926
1.6406666667,0.0000665620,0.0000666231,0.0001331851
1.6408333333,0.0000667025,0.0000667652,0.0001334677
1.6410000000,0.0000668385,0.0000669022,0.0001337408
1.6411666667,0.0000669703,0.0000670346,0.0001340049
1.6413333333,0.0000670977,0.0000671627,0.0001342604
1.6415000000,0.0000672209,0.0000672863,0.0001345072
1.6416666667,0.0000673399,0.0000674050,0.0001347449
1.6418333333,0.0000674548,0.0000675185,0.0001349733
1.6420000000,0.0000675655,0.0000676271,0.0001351925
1.6421666667,0.0000676720,0.0000677312,0.0001354033
1.6423333333,0.0000677745,0.0000678314,0.0001356059
1.6425000000,0.0000678730,0.0000679277,0.0001358007
1.6426666667,0.0000679675,0.0000680199,0.0001359874
1.6428333333,0.0000680580,0.0000681076,0.0001361657
1.6430000000,0.0000681447,0.0000681910,0.0001363357
1.6431666667,0.0000682276,0.0000682704,0.0001364980
1.6433333333,0.0000683067,0.0000683467,0.0001366534
1.6435000000,0.0000683823,0.0000684204,0.0001368027
1.6436666667,0.0000684544,0.0000684917,0.0001369461
1.6438333333,0.0000685230,0.0000685606,0.0001370836
1.6440000000,0.0000685883,0.0000686267,0.0001372150
1.6441666667,0.0000686503,0.0000686899,0.0001373401
1.6443333333,0.0000687090,0.0000687500,0.0001374590
1.6445000000,0.0000687646,0.0000688068,0.0001375714
1.6446666667,0.0000688170,0.0000688602,0.0001376772
1.6448333333,0.0000688666,0.0000689100,0.0001377766
1.6450000000,0.0000689132,0.0000689565,0.0001378697
1.6451666667,0.0000689570,0.0000689998,0.0001379568
1.6453333333,0.0000689981,0.0000690402,0.0001380383
1.6455000000,0.0000690365,0.0000690778,0.0001381143
1.6456666667,0.0000690723,0.0000691125,0.0001381849
1.6458333333,0.0000691057,0.0000691443,0.0001382499
1.6460000000,0.0000691365,0.0000691732,0.0001383097
1.6461666667,0.0000691650,0.0000691995,0.0001383645
1.6463333333,0.0000691912,0.0000692236,0.0001384148
1.6465000000,0.0000692151,0.0000692458,0.0001384608
1.6466666667,0.0000692368,0.0000692659,0.0001385027
1.6468333333,0.0000692564,0.0000692842,0.0001385406
1.6470000000,0.0000692741,0.0000693007,0.0001385747
1.6471666667,0.0000692898,0.0000693155,0.0001386054
1.6473333333,0.0000693038,0.0000693291,0.0001386329
1.6475000000,0.0000693162,0.0000693413,0.0001386575
1.6476666667,0.0000693269,0.0000693522,0.0001386792
1.6478333333,0.0000693362,0.0000693619,0.0001386981
1.6480000000,0.0000693440,0.0000693704,0.0001387144
1.6481666667,0.0000693504,0.0000693779,0.0001387284
1.6483333333,0.0000693555,0.0000693847,0.0001387402
1.6485000000,0.0000693594,0.0000693908,0.0001387502
1.6486666667,0.0000693621,0.0000693963,0.0001387584
1.6488333333,0.0000693637,0.0000694011,0.0001387648
1.6490000000,0.0000693643,0.0000694054,0.0001387697
1.6491666667,0.0000693639,0.0000694092,0.0001387731
1.6493333333,0.0000693626,0.0000694127,0.0001387753
1.6495000000,0.0000693603,0.0000694164,0.0001387767
1.6496666667,0.0000693571,0.0000694203,0.0001387774
1.6498333333,0.0000693528,0.0000694248,0.0001387776
1.6500000000,0.0000693475,0.0000694301,0.0001387776
1.6501666667,0.0000693411,0.0000694365,0.0001387777
1.6503333333,0.0000693336,0.0000694443,0.0001387779
1.6505000000,0.0000693250,0.0000694536,0.0001387786
1.6506666667,0.0000693151,0.0000694647,0.0001387799
1.6508333333,0.0000693040,0.0000694779,0.0001387819
1.6510000000,0.0000692916,0.0000694933,0.0001387849
1.6511666667,0.0000692776,0.0000695114,0.0001387890
1.6513333333,0.0000692621,0.0000695322,0.0001387944
1.6515000000,0.0000692449,0.0000695562,0.0001388012
1.6516666667,0.0000692259,0.0000695839,0.0001388098
1.6518333333,0.0000692047,0.0000696157,0.0001388204
1.6520000000,0.0000691811,0.0000696521,0.0001388332
1.6521666667,0.0000691549,0.0000696935,0.0001388484
1.6523333333,0.0000691259,0.0000697402,0.0001388661
1.6525000000,0.0000690938,0.0000697925,0.0001388863
1.6526666667,0.0000690583,0.0000698510,0.0001389093
1.6528333333,0.0000690191,0.0000699163,0.0001389354
1.6530000000,0.0000689760,0.0000699890,0.0001389651
1.6531666667,0.0000689286,0.0000700699,0.0001389985
1.6533333333,0.0000688765,0.0000701594,0.0001390359
1.6535000000,0.0000688194,0.0000702581,0.0001390775
1.6536666667,0.0000687568,0.0000703667,0.0001391235
1.6538333333,0.0000686884,0.0000704857,0.0001391742
1.6540000000,0.0000686139,0.0000706158,0.0001392297
1.6541666667,0.0000685329,0.0000707571,0.0001392900
1.6543333333,0.0000684450,0.0000709099,0.0001393549
1.6545000000,0.0000683501,0.0000710744,0.0001394245
1.6546666667,0.0000682478,0.0000712510,0.0001394988
1.6548333333,0.0000681380,0.0000714402,0.0001395782
1.6550000000,0.0000680202,0.0000716426,0.0001396628
1.6551666667,0.0000678944,0.0000718585,0.0001397528
1.6553333333,0.0000677602,0.0000720881,0.0001398483
1.6555000000,0.0000676175,0.0000723319,0.0001399494
1.6556666667,0.0000674662,0.0000725901,0.0001400563
1.6558333333,0.0000673062,0.0000728633,0.0001401694
1.6560000000,0.0000671373,0.0000731520,0.0001402893
1.6561666667,0.0000669595,0.0000734565,0.0001404160
1.6563333333,0.0000667726,0.0000737771,0.0001405498
1.6565000000,0.0000665768,0.0000741138,0.0001406906
1.6566666667,0.0000663719,0.0000744668,0.0001408387
1.6568333333,0.0000661580,0.0000748365,0.0001409944
1.6570000000,0.0000659350,0.0000752232,0.0001411581
1.6571666667,0.0000657029,0.0000756270,0.0001413299
1.6573333333,0.0000654617,0.0000760479,0.0001415096
1.6575000000,0.0000652114,0.0000764855,0.0001416969
1.6576666667,0.0000649520,0.0000769397,0.0001418917
1.6578333333,0.0000646836,0.0000774104,0.0001420940
1.6580000000,0.0000644061,0.0000778980,0.0001423041
1.6581666667,0.0000641197,0.0000784025,0.0001425222
1.6583333333,0.0000638243,0.0000789244,0.0001427487
1.6585000000,0.0000635199,0.0000794637,0.0001429837
1.6586666667,0.0000632065,0.0000800206,0.0001432271
1.6588333333,0.0000628840,0.0000805949,0.0001434789
1.6590000000,0.0000625525,0.0000811862,0.0001437387
1.6591666667,0.0000622120,0.0000817943,0.0001440063
1.6593333333,0.0000618624,0.0000824191,0.0001442815
1.6595000000,0.0000615040,0.0000830611,0.0001445651
1.6596666667,0.0000611366,0.0000837210,0.0001448577
1.6598333333,0.0000607605,0.0000843996,0.0001451601
1.6600000000,0.0000603757,0.0000850972,0.0001454728
1.6601666667,0.0000599822,0.0000858135,0.0001457957
1.6603333333,0.0000595803,0.0000865482,0.0001461285
1.6605000000,0.0000591701,0.0000873011,0.0001464713
1.6606666667,0.0000587518,0.0000880722,0.0001468240
1.6608333333,0.0000583256,0.0000888614,0.0001471870
1.6610000000,0.0000578917,0.0000896683,0.0001475600
1.6611666667,0.0000574504,0.0000904920,0.0001479424
1.6613333333,0.0000570020,0.0000913316,0.0001483336
1.6615000000,0.0000565468,0.0000921867,0.0001487334
1.6616666667,0.0000560850,0.0000930570,0.0001491421
1.6618333333,0.0000556171,0.0000939427,0.0001495598
1.6620000000,0.0000551433,0.0000948436,0.0001499869
1.6621666667,0.0000546639,0.0000957591,0.0001504230
1.6623333333,0.0000541792,0.0000966887,0.0001508679
1.6625000000,0.0000536894,0.0000976326,0.0001513220
1.6626666667,0.0000531949,0.0000985911,0.0001517860
1.6628333333,0.0000526958,0.0000995648,0.0001522606
1.6630000000,0.0000521925,0.0001005533,0.0001527459
1.6631666667,0.0000516854,0.0001015557,0.0001532411
1.6633333333,0.0000511746,0.0001025707,0.0001537453
1.6635000000,0.0000506606,0.0001035976,0.0001542582
1.6636666667,0.0000501437,0.0001046370,0.0001547807
1.6638333333,0.0000496243,0.0001056897,0.0001553140
1.6640000000,0.0000491026,0.0001067562,0.0001558588
1.6641666667,0.0000485790,0.0001078356,0.0001564146
1.6643333333,0.0000480540,0.0001089262,0.0001569803
1.6645000000,0.0000475281,0.0001100266,0.0001575547
1.6646666667,0.0000470017,0.0001111360,0.0001581377
1.6648333333,0.0000464753,0.0001122545,0.0001587298
1.6650000000,0.0000459494,0.0001133821,0.0001593316
1.6651666667,0.0000454246,0.0001145181,0.0001599427
1.6653333333,0.0000449012,0.0001156609,0.0001605621
1.6655000000,0.0000443798,0.0001168091,0.0001611889
1.6656666667,0.0000438609,0.0001179622,0.0001618231
1.6658333333,0.0000433449,0.0001191205,0.0001624654
1.6660000000,0.0000428324,0.0001202846,0.0001631170
1.6661666667,0.0000423238,0.0001214543,0.0001637781
1.6663333333,0.0000418196,0.0001226285,0.0001644480
1.6665000000,0.0000413202,0.0001238060,0.0001651262
1.6666666667,0.0000408261,0.0001249863,0.0001658124
