t,e1,e2,e3,b1,b2,b3,d1,d2,d3
0.0000000000,0.0246731091,0.0986816139,0.2219930518,0.0100000000,0.0100000000,0.0100000000,0.0000000000,0.0000000000,0.0000000000
0.0001666667,0.0246731007,0.0986814799,0.2219923793,0.0099998629,0.0099994517,0.0099987664,-0.0016346270,-0.0065381935,-0.0147097560
0.0003333333,0.0246730347,0.0986804268,0.2219870656,0.0099994568,0.0099978274,0.0099951120,-0.0032285992,-0.0129132413,-0.0290504601
0.0005000000,0.0246728495,0.0986774676,0.2219721183,0.0099987884,0.0099951539,0.0099890978,-0.0047828832,-0.0191285018,-0.0430277647
0.0006666667,0.0246724880,0.0986716906,0.2219429295,0.0099978641,0.0099914576,0.0099807838,-0.0062984227,-0.0251872675,-0.0566472712
0.0008333333,0.0246718976,0.0986622549,0.2218952574,0.0099966905,0.0099867644,0.0099702294,-0.0077761389,-0.0310927660,-0.0699145295
0.0010000000,0.0246710296,0.0986483866,0.2218252101,0.0099952736,0.0099810995,0.0099574927,-0.0092169312,-0.0368481614,-0.0828350378
0.0011666667,0.0246698395,0.0986293758,0.2217292284,0.0099936196,0.0099744876,0.0099426311,-0.0106216777,-0.0424565558,-0.0954142429
0.0013333333,0.0246682863,0.0986045728,0.2216040704,0.0099917345,0.0099669531,0.0099257010,-0.0119912357,-0.0479209901,-0.1076575399
0.0015000000,0.0246663325,0.0985733846,0.2214467959,0.0099896240,0.0099585196,0.0099067579,-0.0133264421,-0.0532444452,-0.1195702723
0.0016666667,0.0246639438,0.0985352725,0.2212547518,0.0099872937,0.0099492105,0.0098858566,-0.0146281138,-0.0584298435,-0.1311577318
0.0018333333,0.0246610891,0.0984897484,0.2210255578,0.0099847493,0.0099390484,0.0098630507,-0.0158970486,-0.0634800498,-0.1424251583
0.0020000000,0.0246577400,0.0984363725,0.2207570922,0.0099819960,0.0099280557,0.0098383931,-0.0171340252,-0.0683978725,-0.1533777403
0.0021666667,0.0246538711,0.0983747502,0.2204474793,0.0099790392,0.0099162542,0.0098119361,-0.0183398039,-0.0731860644,-0.1640206142
0.0023333333,0.0246494594,0.0983045301,0.2200950761,0.0099758840,0.0099036653,0.0097837306,-0.0195151268,-0.0778473245,-0.1743588650
0.0025000000,0.0246444841,0.0982254009,0.2196984601,0.0099725354,0.0098903099,0.0097538271,-0.0206607187,-0.0823842981,-0.1843975259
0.0026666667,0.0246389271,0.0981370895,0.2192564173,0.0099689983,0.0098762085,0.0097222751,-0.0217772869,-0.0867995786,-0.1941415787
0.0028333333,0.0246327720,0.0980393586,0.2187679310,0.0099652775,0.0098613813,0.0096891233,-0.0228655220,-0.0910957082,-0.2035959534
0.0030000000,0.0246260047,0.0979320046,0.2182321706,0.0099613776,0.0098458477,0.0096544196,-0.0239260984,-0.0952751788,-0.2127655289
0.0031666667,0.0246186127,0.0978148558,0.2176484811,0.0099573032,0.0098296272,0.0096182109,-0.0249596742,-0.0993404334,-0.2216551323
0.0033333333,0.0246105854,0.0976877700,0.2170163728,0.0099530588,0.0098127385,0.0095805437,-0.0259668921,-0.1032938663,-0.2302695396
0.0035000000,0.0246019138,0.0975506332,0.2163355115,0.0099486486,0.0097952000,0.0095414633,-0.0269483795,-0.1071378249,-0.2386134759
0.0036666667,0.0245925905,0.0974033576,0.2156057092,0.0099440770,0.0097770298,0.0095010145,-0.0279047489,-0.1108746100,-0.2466916147
0.0038333333,0.0245826095,0.0972458799,0.2148269152,0.0099393480,0.0097582456,0.0094592411,-0.0288365983,-0.1145064771,-0.2545085789
0.0040000000,0.0245719660,0.0970781599,0.2139992069,0.0099344658,0.0097388648,0.0094161863,-0.0297445114,-0.1180356369,-0.2620689406
0.0041666667,0.0245606566,0.0969001787,0.2131227820,0.0099294341,0.0097189041,0.0093718926,-0.0306290581,-0.1214642564,-0.2693772211
0.0043333333,0.0245486790,0.0967119378,0.2121979502,0.0099242570,0.0096983802,0.0093264015,-0.0314907950,-0.1247944598,-0.2764378911
0.0045000000,0.0245360320,0.0965134571,0.2112251259,0.0099189381,0.0096773094,0.0092797539,-0.0323302651,-0.1280283293,-0.2832553712
0.0046666667,0.0245227154,0.0963047743,0.2102048204,0.0099134811,0.0096557074,0.0092319900,-0.0331479989,-0.1311679057,-0.2898340316
0.0048333333,0.0245087299,0.0960859429,0.2091376350,0.0099078896,0.0096335900,0.0091831493,-0.0339445140,-0.1342151895,-0.2961781925
0.0050000000,0.0244940772,0.0958570319,0.2080242548,0.0099021671,0.0096109722,0.0091332705,-0.0347203159,-0.1371721415,-0.3022921244
0.0051666667,0.0244787597,0.0956181240,0.2068654414,0.0098963170,0.0095878690,0.0090823916,-0.0354758981,-0.1400406837,-0.3081800479
0.0053333333,0.0244627805,0.0953693149,0.2056620275,0.0098903426,0.0095642949,0.0090305499,-0.0362117422,-0.1428227000,-0.3138461344
0.0055000000,0.0244461435,0.0951107121,0.2044149106,0.0098842471,0.0095402643,0.0089777820,-0.0369283187,-0.1455200367,-0.3192945060
0.0056666667,0.0244288532,0.0948424344,0.2031250474,0.0098780339,0.0095157910,0.0089241240,-0.0376260866,-0.1481345037,-0.3245292356
0.0058333333,0.0244109146,0.0945646104,0.2017934488,0.0098717058,0.0094908888,0.0088696110,-0.0383054943,-0.1506678749,-0.3295543476
0.0060000000,0.0243923334,0.0942773780,0.2004211743,0.0098652661,0.0094655710,0.0088142777,-0.0389669794,-0.1531218889,-0.3343738175
0.0061666667,0.0243731156,0.0939808838,0.1990093277,0.0098587175,0.0094398507,0.0087581580,-0.0396109691,-0.1554982499,-0.3389915727
0.0063333333,0.0243532679,0.0936752819,0.1975590519,0.0098520631,0.0094137407,0.0087012852,-0.0402378805,-0.1577986281,-0.3434114923
0.0065000000,0.0243327971,0.0933607333,0.1960715249,0.0098453055,0.0093872535,0.0086436920,-0.0408481208,-0.1600246605,-0.3476374077
0.0066666667,0.0243117105,0.0930374056,0.1945479552,0.0098384477,0.0093604015,0.0085854104,-0.0414420876,-0.1621779516,-0.3516731025
0.0068333333,0.0242900160,0.0927054718,0.1929895785,0.0098314921,0.0093331965,0.0085264718,-0.0420201690,-0.1642600738,-0.3555223130
0.0070000000,0.0242677214,0.0923651102,0.1913976530,0.0098244415,0.0093056502,0.0084669069,-0.0425827439,-0.1662725684,-0.3591887286
0.0071666667,0.0242448351,0.0920165033,0.1897734567,0.0098172985,0.0092777743,0.0084067460,-0.0431301822,-0.1682169459,-0.3626759915
0.0073333333,0.0242213654,0.0916598379,0.1881182834,0.0098100654,0.0092495799,0.0083460185,-0.0436628450,-0.1700946866,-0.3659876976
0.0075000000,0.0241973212,0.0912953041,0.1864334397,0.0098027447,0.0092210780,0.0082847534,-0.0441810850,-0.1719072416,-0.3691273965
0.0076666667,0.0241727113,0.0909230949,0.1847202421,0.0097953389,0.0091922794,0.0082229792,-0.0446852463,-0.1736560326,-0.3720985916
0.0078333333,0.0241475448,0.0905434059,0.1829800137,0.0097878502,0.0091631945,0.0081607236,-0.0451756649,-0.1753424533,-0.3749047408
0.0080000000,0.0241218310,0.0901564348,0.1812140820,0.0097802808,0.0091338336,0.0080980138,-0.0456526688,-0.1769678694,-0.3775492563
0.0081666667,0.0240955791,0.0897623810,0.1794237759,0.0097726331,0.0091042069,0.0080348765,-0.0461165785,-0.1785336194,-0.3800355055
0.0083333333,0.0240687986,0.0893614452,0.1776104238,0.0097649091,0.0090743240,0.0079713379,-0.0465677065,-0.1800410150,-0.3823668107
0.0085000000,0.0240414991,0.0889538292,0.1757753507,0.0097571110,0.0090441948,0.0079074233,-0.0470063581,-0.1814913416,-0.3845464496
0.0086666667,0.0240136901,0.0885397353,0.1739198766,0.0097492408,0.0090138284,0.0078431579,-0.0474328314,-0.1828858590,-0.3865776559
0.0088333333,0.0239853813,0.0881193661,0.1720453142,0.0097413005,0.0089832342,0.0077785661,-0.0478474171,-0.1842258018,-0.3884636191
0.0090000000,0.0239565824,0.0876929243,0.1701529674,0.0097332921,0.0089524212,0.0077136719,-0.0482503995,-0.1855123798,-0.3902074853
0.0091666667,0.0239273031,0.0872606126,0.1682441291,0.0097252175,0.0089213981,0.0076484987,-0.0486420557,-0.1867467785,-0.3918123570
0.0093333333,0.0238975530,0.0868226329,0.1663200799,0.0097170785,0.0088901735,0.0075830694,-0.0490226565,-0.1879301598,-0.3932812941
0.0095000000,0.0238673420,0.0863791864,0.1643820865,0.0097088770,0.0088587559,0.0075174064,-0.0493924662,-0.1890636621,-0.3946173133
0.0096666667,0.0238366797,0.0859304737,0.1624314003,0.0097006147,0.0088271535,0.0074515317,-0.0497517428,-0.1901484012,-0.3958233895
0.0098333333,0.0238055758,0.0854766938,0.1604692562,0.0096922934,0.0087953742,0.0073854665,-0.0501007382,-0.1911854703,-0.3969024550
0.0100000000,0.0237740399,0.0850180448,0.1584968713,0.0096839148,0.0087634261,0.0073192319,-0.0504396982,-0.1921759407,-0.3978574009
0.0101666667,0.0237420816,0.0845547231,0.1565154437,0.0096754805,0.0087313166,0.0072528483,-0.0507688631,-0.1931208621,-0.3986910765
0.0103333333,0.0237097104,0.0840869233,0.1545261518,0.0096669922,0.0086990534,0.0071863357,-0.0510884671,-0.1940212631,-0.3994062903
0.0105000000,0.0236769359,0.0836148385,0.1525301532,0.0096584514,0.0086666438,0.0071197136,-0.0513987391,-0.1948781518,-0.4000058099
0.0106666667,0.0236437674,0.0831386596,0.1505285838,0.0096498596,0.0086340949,0.0070530010,-0.0516999025,-0.1956925157,-0.4004923627
0.0108333333,0.0236102143,0.0826585755,0.1485225572,0.0096412184,0.0086014138,0.0069862166,-0.0519921754,-0.1964653226,-0.4008686358
0.0110000000,0.0235762859,0.0821747729,0.1465131639,0.0096325292,0.0085686072,0.0069193785,-0.0522757706,-0.1971975206,-0.4011372768
0.0111666667,0.0235419913,0.0816874361,0.1445014709,0.0096237934,0.0085356820,0.0068525044,-0.0525508960,-0.1978900389,-0.4013008937
0.0113333333,0.0235073395,0.0811967473,0.1424885208,0.0096150125,0.0085026446,0.0067856116,-0.0528177546,-0.1985437879,-0.4013620558
0.0115000000,0.0234723396,0.0807028858,0.1404753317,0.0096061878,0.0084695014,0.0067187170,-0.0530765445,-0.1991596593,-0.4013232932
0.0116666667,0.0234370005,0.0802060287,0.1384628967,0.0095973206,0.0084362587,0.0066518371,-0.0533274590,-0.1997385272,-0.4011870981
0.0118333333,0.0234013310,0.0797063502,0.1364521833,0.0095884122,0.0084029225,0.0065849878,-0.0535706871,-0.2002812478,-0.4009559244
0.0120000000,0.0233653397,0.0792040219,0.1344441334,0.0095794639,0.0083694988,0.0065181848,-0.0538064129,-0.2007886599,-0.4006321885
0.0121666667,0.0233290352,0.0786992126,0.1324396631,0.0095704770,0.0083359934,0.0064514434,-0.0540348166,-0.2012615854,-0.4002182692
0.0123333333,0.0232924260,0.0781920885,0.1304396623,0.0095614526,0.0083024121,0.0063847782,-0.0542560737,-0.2017008297,-0.3997165086
0.0125000000,0.0232555204,0.0776828126,0.1284449946,0.0095523919,0.0082687603,0.0063182039,-0.0544703558,-0.2021071816,-0.3991292120
0.0126666667,0.0232183267,0.0771715452,0.1264564974,0.0095432960,0.0082350434,0.0062517345,-0.0546778304,-0.2024814139,-0.3984586484
0.0128333333,0.0231808529,0.0766584437,0.1244749816,0.0095341661,0.0082012668,0.0061853836,-0.0548786608,-0.2028242840,-0.3977070509
0.0130000000,0.0231431071,0.0761436626,0.1225012318,0.0095250033,0.0081674357,0.0061191647,-0.0550730068,-0.2031365335,-0.3968766170
0.0131666667,0.0231050971,0.0756273532,0.1205360062,0.0095158087,0.0081335550,0.0060530905,-0.0552610241,-0.2034188892,-0.3959695088
0.0133333333,0.0230668307,0.0751096640,0.1185800368,0.0095065832,0.0080996297,0.0059871738,-0.0554428648,-0.2036720629,-0.3949878536
0.0135000000,0.0230283155,0.0745907406,0.1166340293,0.0094973279,0.0080656645,0.0059214268,-0.0556186774,-0.2038967522,-0.3939337442
0.0136666667,0.0229895590,0.0740707253,0.1146986635,0.0094880438,0.0080316643,0.0058558615,-0.0557886069,-0.2040936401,-0.3928092390
0.0138333333,0.0229505687,0.0735497577,0.1127745933,0.0094787319,0.0079976335,0.0057904892,-0.0559527948,-0.2042633959,-0.3916163626
0.0140000000,0.0229113517,0.0730279742,0.1108624468,0.0094693930,0.0079635767,0.0057253214,-0.0561113792,-0.2044066751,-0.3903571061
0.0141666667,0.0228719153,0.0725055082,0.1089628268,0.0094600282,0.0079294981,0.0056603688,-0.0562644952,-0.2045241200,-0.3890334273
0.0143333333,0.0228322663,0.0719824903,0.1070763108,0.0094506384,0.0078954021,0.0055956421,-0.0564122743,-0.2046163595,-0.3876472513
0.0145000000,0.0227924119,0.0714590478,0.1052034514,0.0094412243,0.0078612927,0.0055311516,-0.0565548451,-0.2046840098,-0.3862004706
0.0146666667,0.0227523586,0.0709353053,0.1033447765,0.0094317869,0.0078271741,0.0054669071,-0.0566923332,-0.2047276744,-0.3846949456
0.0148333333,0.0227121131,0.0704113843,0.1015007897,0.0094223270,0.0077930502,0.0054029183,-0.0568248610,-0.2047479444,-0.3831325048
0.0150000000,0.0226716821,0.0698874035,0.0996719706,0.0094128454,0.0077589248,0.0053391946,-0.0569525482,-0.2047453989,-0.3815149453
0.0151666667,0.0226310718,0.0693634785,0.0978587750,0.0094033429,0.0077248017,0.0052757450,-0.0570755115,-0.2047206049,-0.3798440330
0.0153333333,0.0225902887,0.0688397221,0.0960616355,0.0093938204,0.0076906846,0.0052125782,-0.0571938650,-0.2046741179,-0.3781215032
0.0155000000,0.0225493387,0.0683162441,0.0942809618,0.0093842784,0.0076565770,0.0051497026,-0.0573077200,-0.2046064819,-0.3763490604
0.0156666667,0.0225082281,0.0677931518,0.0925171408,0.0093747179,0.0076224823,0.0050871266,-0.0574171851,-0.2045182297,-0.3745283793
0.0158333333,0.0224669627,0.0672705492,0.0907705376,0.0093651395,0.0075884041,0.0050248579,-0.0575223664,-0.2044098830,-0.3726611047
0.0160000000,0.0224255483,0.0667485380,0.0890414953,0.0093555439,0.0075543456,0.0049629042,-0.0576233675,-0.2042819529,-0.3707488520
0.0161666667,0.0223839907,0.0662272166,0.0873303357,0.0093459318,0.0075203100,0.0049012729,-0.0577202894,-0.2041349399,-0.3687932074
0.0163333333,0.0223422954,0.0657066812,0.0856373597,0.0093363039,0.0074863004,0.0048399711,-0.0578132309,-0.2039693340,-0.3667957284
0.0165000000,0.0223004680,0.0651870250,0.0839628478,0.0093266608,0.0074523200,0.0047790056,-0.0579022884,-0.2037856153,-0.3647579442
0.0166666667,0.0222585137,0.0646683385,0.0823070602,0.0093170032,0.0074183717,0.0047183830,-0.0579875558,-0.2035842538,-0.3626813555
0.0168333333,0.0222164379,0.0641507097,0.0806702378,0.0093073317,0.0073844584,0.0046581096,-0.0580691250,-0.2033657097,-0.3605674357
0.0170000000,0.0221742456,0.0636342241,0.0790526023,0.0092976469,0.0073505829,0.0045981916,-0.0581470857,-0.2031304336,-0.3584176305
0.0171666667,0.0221319420,0.0631189644,0.0774543566,0.0092879494,0.0073167480,0.0045386348,-0.0582215255,-0.2028788670,-0.3562333584
0.0173333333,0.0220895319,0.0626050110,0.0758756852,0.0092782398,0.0072829563,0.0044794448,-0.0582925296,-0.2026114420,-0.3540160113
0.0175000000,0.0220470202,0.0620924416,0.0743167552,0.0092685187,0.0072492106,0.0044206271,-0.0583601817,-0.2023285816,-0.3517669546
0.0176666667,0.0220044117,0.0615813316,0.0727777161,0.0092587865,0.0072155132,0.0043621868,-0.0584245631,-0.2020307003,-0.3494875274
0.0178333333,0.0219617108,0.0610717541,0.0712587006,0.0092490439,0.0071818667,0.0043041288,-0.0584857532,-0.2017182035,-0.3471790432
0.0180000000,0.0219189222,0.0605637796,0.0697598249,0.0092392913,0.0071482734,0.0042464580,-0.0585438298,-0.2013914885,-0.3448427897
0.0181666667,0.0218760503,0.0600574763,0.0682811893,0.0092295293,0.0071147358,0.0041891788,-0.0585988686,-0.2010509442,-0.3424800298
0.0183333333,0.0218330995,0.0595529104,0.0668228787,0.0092197584,0.0070812561,0.0041322955,-0.0586509435,-0.2006969511,-0.3400920011
0.0185000000,0.0217900739,0.0590501454,0.0653849627,0.0092099791,0.0070478365,0.0040758123,-0.0587001269,-0.2003298820,-0.3376799170
0.0186666667,0.0217469776,0.0585492430,0.0639674966,0.0092001918,0.0070144791,0.0040197330,-0.0587464891,-0.1999501017,-0.3352449666
0.0188333333,0.0217038148,0.0580502626,0.0625705213,0.0091903970,0.0069811860,0.0039640614,-0.0587900990,-0.1995579675,-0.3327883147
0.0190000000,0.0216605894,0.0575532612,0.0611940641,0.0091805951,0.0069479593,0.0039088010,-0.0588310238,-0.1991538290,-0.3303111031
0.0191666667,0.0216173053,0.0570582942,0.0598381391,0.0091707867,0.0069148010,0.0038539551,-0.0588693290,-0.1987380284,-0.3278144496
0.0193333333,0.0215739663,0.0565654146,0.0585027476,0.0091609720,0.0068817129,0.0037995269,-0.0589050788,-0.1983109008,-0.3252994496
0.0195000000,0.0215305759,0.0560746734,0.0571878782,0.0091511517,0.0068486969,0.0037455193,-0.0589383357,-0.1978727741,-0.3227671754
0.0196666667,0.0214871380,0.0555861199,0.0558935080,0.0091413260,0.0068157548,0.0036919351,-0.0589691606,-0.1974239693,-0.3202186771
0.0198333333,0.0214436559,0.0550998011,0.0546196024,0.0091314953,0.0067828884,0.0036387770,-0.0589976131,-0.1969648007,-0.3176549825
0.0200000000,0.0214001331,0.0546157624,0.0533661154,0.0091216601,0.0067500994,0.0035860474,-0.0590237514,-0.1964955758,-0.3150770977
0.0201666667,0.0213565730,0.0541340473,0.0521329908,0.0091118208,0.0067173894,0.0035337486,-0.0590476323,-0.1960165954,-0.3124860073
0.0203333333,0.0213129789,0.0536546972,0.0509201618,0.0091019776,0.0066847600,0.0034818827,-0.0590693113,-0.1955281543,-0.3098826747
0.0205000000,0.0212693540,0.0531777522,0.0497275519,0.0090921310,0.0066522128,0.0034304517,-0.0590888423,-0.1950305405,-0.3072680423
0.0206666667,0.0212257014,0.0527032503,0.0485550749,0.0090822813,0.0066197493,0.0033794573,-0.0591062784,-0.1945240363,-0.3046430318
0.0208333333,0.0211820241,0.0522312279,0.0474026356,0.0090724289,0.0065873710,0.0033289012,-0.0591216709,-0.1940089178,-0.3020085448
0.0210000000,0.0211383253,0.0517617197,0.0462701303,0.0090625741,0.0065550791,0.0032787850,-0.0591350704,-0.1934854550,-0.2993654625
0.0211666667,0.0210946077,0.0512947590,0.0451574466,0.0090527173,0.0065228753,0.0032291100,-0.0591465259,-0.1929539123,-0.2967146464
0.0213333333,0.0210508742,0.0508303772,0.0440644645,0.0090428586,0.0064907606,0.0031798773,-0.0591560853,-0.1924145483,-0.2940569388
0.0215000000,0.0210071276,0.0503686043,0.0429910563,0.0090329986,0.0064587365,0.0031310882,-0.0591637957,-0.1918676163,-0.2913931623
0.0216666667,0.0209633706,0.0499094688,0.0419370868,0.0090231374,0.0064268042,0.0030827435,-0.0591697026,-0.1913133637,-0.2887241209
0.0218333333,0.0209196059,0.0494529976,0.0409024143,0.0090132753,0.0063949648,0.0030348440,-0.0591738508,-0.1907520328,-0.2860505997
0.0220000000,0.0208758360,0.0489992164,0.0398868904,0.0090034128,0.0063632196,0.0029873905,-0.0591762838,-0.1901838607,-0.2833733656
0.0221666667,0.0208320634,0.0485481492,0.0388903604,0.0089935499,0.0063315696,0.0029403834,-0.0591770441,-0.1896090792,-0.2806931671
0.0223333333,0.0207882906,0.0480998187,0.0379126638,0.0089836871,0.0063000159,0.0028938233,-0.0591761734,-0.1890279152,-0.2780107351
0.0225000000,0.0207445200,0.0476542465,0.0369536346,0.0089738245,0.0062685597,0.0028477104,-0.0591737121,-0.1884405906,-0.2753267827
0.0226666667,0.0207007539,0.0472114525,0.0360131016,0.0089639625,0.0062372018,0.0028020449,-0.0591696998,-0.1878473224,-0.2726420057
0.0228333333,0.0206569945,0.0467714556,0.0350908885,0.0089541013,0.0062059433,0.0027568269,-0.0591641751,-0.1872483230,-0.2699570829
0.0230000000,0.0206132442,0.0463342734,0.0341868143,0.0089442411,0.0061747850,0.0027120564,-0.0591571759,-0.1866437999,-0.2672726761
0.0231666667,0.0205695050,0.0458999222,0.0333006941,0.0089343822,0.0061437280,0.0026677332,-0.0591487388,-0.1860339564,-0.2645894307
0.0233333333,0.0205257790,0.0454684172,0.0324323384,0.0089245249,0.0061127731,0.0026238571,-0.0591388999,-0.1854189910,-0.2619079757
0.0235000000,0.0204820684,0.0450397723,0.0315815542,0.0089146692,0.0060819210,0.0025804277,-0.0591276943,-0.1847990980,-0.2592289242
0.0236666667,0.0204383751,0.0446140006,0.0307481450,0.0089048156,0.0060511727,0.0025374446,-0.0591151562,-0.1841744674,-0.2565528731
0.0238333333,0.0203947010,0.0441911137,0.0299319110,0.0088949642,0.0060205289,0.0024949073,-0.0591013191,-0.1835452849,-0.2538804041
0.0240000000,0.0203510481,0.0437711225,0.0291326493,0.0088851152,0.0059899903,0.0024528150,-0.0590862155,-0.1829117322,-0.2512120834
0.0241666667,0.0203074182,0.0433540367,0.0283501544,0.0088752688,0.0059595577,0.0024111671,-0.0590698775,-0.1822739869,-0.2485484621
0.0243333333,0.0202638131,0.0429398648,0.0275842184,0.0088654252,0.0059292316,0.0023699628,-0.0590523360,-0.1816322227,-0.2458900766
0.0245000000,0.0202202345,0.0425286148,0.0268346307,0.0088555846,0.0058990129,0.0023292010,-0.0590336216,-0.1809866093,-0.2432374487
0.0246666667,0.0201766842,0.0421202932,0.0261011792,0.0088457473,0.0058689021,0.0022888808,-0.0590137637,-0.1803373127,-0.2405910855
0.0248333333,0.0201331638,0.0417149061,0.0253836495,0.0088359133,0.0058388998,0.0022490012,-0.0589927914,-0.1796844952,-0.2379514802
0.0250000000,0.0200896749,0.0413124582,0.0246818259,0.0088260830,0.0058090066,0.0022095609,-0.0589707330,-0.1790283154,-0.2353191123
0.0251666667,0.0200462192,0.0409129537,0.0239954911,0.0088162564,0.0057792230,0.0021705587,-0.0589476160,-0.1783689284,-0.2326944472
0.0253333333,0.0200027980,0.0405163959,0.0233244268,0.0088064338,0.0057495496,0.0021319934,-0.0589234673,-0.1777064856,-0.2300779371
0.0255000000,0.0199594131,0.0401227870,0.0226684135,0.0087966152,0.0057199868,0.0020938634,-0.0588983133,-0.1770411351,-0.2274700210
0.0256666667,0.0199160657,0.0397321288,0.0220272310,0.0087868010,0.0056905352,0.0020561673,-0.0588721795,-0.1763730218,-0.2248711246
0.0258333333,0.0198727573,0.0393444220,0.0214006582,0.0087769911,0.0056611951,0.0020189036,-0.0588450911,-0.1757022871,-0.2222816612
0.0260000000,0.0198294892,0.0389596667,0.0207884740,0.0087671859,0.0056319670,0.0019820707,-0.0588170725,-0.1750290691,-0.2197020312
0.0261666667,0.0197862629,0.0385778623,0.0201904565,0.0087573854,0.0056028514,0.0019456669,-0.0587881476,-0.1743535030,-0.2171326229
0.0263333333,0.0197430796,0.0381990075,0.0196063840,0.0087475898,0.0055738485,0.0019096905,-0.0587583397,-0.1736757207,-0.2145738122
0.0265000000,0.0196999405,0.0378231001,0.0190360346,0.0087377993,0.0055449587,0.0018741396,-0.0587276715,-0.1729958510,-0.2120259632
0.0266666667,0.0196568469,0.0374501375,0.0184791866,0.0087280139,0.0055161825,0.0018390125,-0.0586961652,-0.1723140200,-0.2094894282
0.0268333333,0.0196138000,0.0370801163,0.0179356187,0.0087182339,0.0054875200,0.0018043071,-0.0586638425,-0.1716303507,-0.2069645481
0.0270000000,0.0195708010,0.0367130326,0.0174051100,0.0087084593,0.0054589716,0.0017700216,-0.0586307247,-0.1709449633,-0.2044516524
0.0271666667,0.0195278509,0.0363488818,0.0168874401,0.0086986902,0.0054305376,0.0017361540,-0.0585968322,-0.1702579751,-0.2019510595
0.0273333333,0.0194849509,0.0359876588,0.0163823893,0.0086889269,0.0054022183,0.0017027020,-0.0585621854,-0.1695695007,-0.1994630767
0.0275000000,0.0194421021,0.0356293578,0.0158897389,0.0086791695,0.0053740138,0.0016696637,-0.0585268039,-0.1688796521,-0.1969880009
0.0276666667,0.0193993054,0.0352739727,0.0154092708,0.0086694180,0.0053459243,0.0016370368,-0.0584907068,-0.1681885387,-0.1945261181
0.0278333333,0.0193565618,0.0349214966,0.0149407683,0.0086596725,0.0053179502,0.0016048191,-0.0584539131,-0.1674962671,-0.1920777042
0.0280000000,0.0193138725,0.0345719223,0.0144840156,0.0086499333,0.0052900915,0.0015730083,-0.0584164409,-0.1668029416,-0.1896430249
0.0281666667,0.0192712382,0.0342252420,0.0140387983,0.0086402004,0.0052623485,0.0015416022,-0.0583783082,-0.1661086639,-0.1872223359
0.0283333333,0.0192286599,0.0338814474,0.0136049033,0.0086304738,0.0052347212,0.0015105983,-0.0583395323,-0.1654135333,-0.1848158832
0.0285000000,0.0191861385,0.0335405299,0.0131821188,0.0086207538,0.0052072099,0.0014799944,-0.0583001304,-0.1647176468,-0.1824239030
0.0286666667,0.0191436749,0.0332024804,0.0127702348,0.0086110404,0.0051798146,0.0014497879,-0.0582601191,-0.1640210989,-0.1800466222
0.0288333333,0.0191012699,0.0328672892,0.0123690426,0.0086013337,0.0051525355,0.0014199763,-0.0582195146,-0.1633239820,-0.1776842586
0.0290000000,0.0190589243,0.0325349465,0.0119783355,0.0085916339,0.0051253726,0.0013905573,-0.0581783327,-0.1626263863,-0.1753370207
0.0291666667,0.0190166389,0.0322054420,0.0115979082,0.0085819409,0.0050983259,0.0013615282,-0.0581365889,-0.1619283996,-0.1730051083
0.0293333333,0.0189744145,0.0318787647,0.0112275575,0.0085722549,0.0050713957,0.0013328865,-0.0580942983,-0.1612301077,-0.1706887123
0.0295000000,0.0189322518,0.0315549038,0.0108670820,0.0085625761,0.0050445818,0.0013046296,-0.0580514757,-0.1605315942,-0.1683880152
0.0296666667,0.0188901516,0.0312338478,0.0105162822,0.0085529044,0.0050178844,0.0012767548,-0.0580081353,-0.1598329409,-0.1661031910
0.0298333333,0.0188481145,0.0309155849,0.0101749608,0.0085432400,0.0049913035,0.0012492594,-0.0579642914,-0.1591342273,-0.1638344056
0.0300000000,0.0188061411,0.0306001030,0.0098429222,0.0085335829,0.0049648390,0.0012221409,-0.0579199575,-0.1584355310,-0.1615818168
0.0301666667,0.0187642323,0.0302873897,0.0095199732,0.0085239333,0.0049384909,0.0011953965,-0.0578751470,-0.1577369278,-0.1593455744
0.0303333333,0.0187223885,0.0299774324,0.0092059227,0.0085142912,0.0049122592,0.0011690234,-0.0578298731,-0.1570384914,-0.1571258207
0.0305000000,0.0186806105,0.0296702182,0.0089005818,0.0085046566,0.0048861440,0.0011430189,-0.0577841484,-0.1563402939,-0.1549226902
0.0306666667,0.0186388987,0.0293657337,0.0086037638,0.0084950297,0.0048601451,0.0011173802,-0.0577379854,-0.1556424054,-0.1527363102
0.0308333333,0.0185972538,0.0290639655,0.0083152842,0.0084854106,0.0048342625,0.0010921045,-0.0576913963,-0.1549448942,-0.1505668005
0.0310000000,0.0185556764,0.0287648999,0.0080349610,0.0084757992,0.0048084961,0.0010671890,-0.0576443929,-0.1542478270,-0.1484142739
0.0311666667,0.0185141669,0.0284685229,0.0077626144,0.0084661957,0.0047828458,0.0010426308,-0.0575969868,-0.1535512688,-0.1462788362
0.0313333333,0.0184727259,0.0281748204,0.0074980670,0.0084566002,0.0047573116,0.0010184271,-0.0575491892,-0.1528552828,-0.1441605865
0.0315000000,0.0184313538,0.0278837779,0.0072411437,0.0084470126,0.0047318933,0.0009945751,-0.0575010112,-0.1521599306,-0.1420596171
0.0316666667,0.0183900513,0.0275953809,0.0069916720,0.0084374331,0.0047065909,0.0009710718,-0.0574524636,-0.1514652722,-0.1399760137
0.0318333333,0.0183488186,0.0273096145,0.0067494816,0.0084278617,0.0046814041,0.0009479142,-0.0574035569,-0.1507713661,-0.1379098559
0.0320000000,0.0183076564,0.0270264638,0.0065144048,0.0084182986,0.0046563330,0.0009250996,-0.0573543013,-0.1500782693,-0.1358612168
0.0321666667,0.0182665649,0.0267459137,0.0062862765,0.0084087436,0.0046313773,0.0009026250,-0.0573047068,-0.1493860371,-0.1338301633
0.0323333333,0.0182255447,0.0264679489,0.0060649336,0.0083991969,0.0046065369,0.0008804875,-0.0572547833,-0.1486947236,-0.1318167567
0.0325000000,0.0181845961,0.0261925539,0.0058502160,0.0083896586,0.0045818117,0.0008586840,-0.0572045402,-0.1480043812,-0.1298210521
0.0326666667,0.0181437196,0.0259197131,0.0056419658,0.0083801287,0.0045572014,0.0008372117,-0.0571539868,-0.1473150610,-0.1278430990
0.0328333333,0.0181029154,0.0256494108,0.0054400276,0.0083706072,0.0045327060,0.0008160676,-0.0571031323,-0.1466268127,-0.1258829415
0.0330000000,0.0180621840,0.0253816312,0.0052442487,0.0083610943,0.0045083251,0.0007952487,-0.0570519854,-0.1459396848,-0.1239406178
0.0331666667,0.0180215258,0.0251163583,0.0050544785,0.0083515899,0.0044840587,0.0007747520,-0.0570005549,-0.1452537242,-0.1220161613
0.0333333333,0.0179809409,0.0248535759,0.0048705694,0.0083420940,0.0044599065,0.0007545746,-0.0569488493,-0.1445689768,-0.1201095999
0.0335000000,0.0179404299,0.0245932680,0.0046923758,0.0083326068,0.0044358683,0.0007347135,-0.0568968766,-0.1438854869,-0.1182209563
0.0336666667,0.0178999929,0.0243354182,0.0045197550,0.0083231283,0.0044119439,0.0007151657,-0.0568446451,-0.1432032979,-0.1163502487
0.0338333333,0.0178596302,0.0240800102,0.0043525666,0.0083136586,0.0043881332,0.0006959281,-0.0567921625,-0.1425224517,-0.1144974899
0.0340000000,0.0178193423,0.0238270275,0.0041906725,0.0083041976,0.0043644357,0.0006769979,-0.0567394366,-0.1418429892,-0.1126626883
0.0341666667,0.0177791292,0.0235764537,0.0040339375,0.0082947454,0.0043408514,0.0006583720,-0.0566864747,-0.1411649501,-0.1108458477
0.0343333333,0.0177389913,0.0233282720,0.0038822285,0.0082853020,0.0043173800,0.0006400474,-0.0566332843,-0.1404883728,-0.1090469673
0.0345000000,0.0176989289,0.0230824659,0.0037354148,0.0082758676,0.0042940213,0.0006220211,-0.0565798724,-0.1398132949,-0.1072660419
0.0346666667,0.0176589422,0.0228390187,0.0035933686,0.0082664420,0.0042707749,0.0006042902,-0.0565262460,-0.1391397525,-0.1055030621
0.0348333333,0.0176190313,0.0225979136,0.0034559639,0.0082570254,0.0042476407,0.0005868516,-0.0564724118,-0.1384677810,-0.1037580144
0.0350000000,0.0175791966,0.0223591338,0.0033230775,0.0082476178,0.0042246183,0.0005697024,-0.0564183766,-0.1377974146,-0.1020308810
0.0351666667,0.0175394381,0.0221226625,0.0031945886,0.0082382192,0.0042017075,0.0005528395,-0.0563641468,-0.1371286864,-0.1003216404
0.0353333333,0.0174997563,0.0218884828,0.0030703785,0.0082288297,0.0041789080,0.0005362600,-0.0563097286,-0.1364616286,-0.0986302670
0.0355000000,0.0174601511,0.0216565779,0.0029503311,0.0082194493,0.0041562196,0.0005199610,-0.0562551283,-0.1357962724,-0.0969567318
0.0356666667,0.0174206228,0.0214269308,0.0028343324,0.0082100779,0.0041336419,0.0005039394,-0.0562003518,-0.1351326480,-0.0953010019
0.0358333333,0.0173811716,0.0211995247,0.0027222710,0.0082007158,0.0041111747,0.0004881922,-0.0561454051,-0.1344707848,-0.0936630407
0.0360000000,0.0173417975,0.0209743425,0.0026140376,0.0081913628,0.0040888176,0.0004727166,-0.0560902939,-0.1338107110,-0.0920428086
0.0361666667,0.0173025009,0.0207513674,0.0025095251,0.0081820189,0.0040665704,0.0004575096,-0.0560350237,-0.1331524542,-0.0904402623
0.0363333333,0.0172632818,0.0205305824,0.0024086289,0.0081726844,0.0040444328,0.0004425682,-0.0559796000,-0.1324960410,-0.0888553553
0.0365000000,0.0172241403,0.0203119706,0.0023112462,0.0081633590,0.0040224044,0.0004278895,-0.0559240281,-0.1318414971,-0.0872880379
0.0366666667,0.0171850766,0.0200955150,0.0022172769,0.0081540430,0.0040004849,0.0004134706,-0.0558683132,-0.1311888473,-0.0857382575
0.0368333333,0.0171460908,0.0198811987,0.0021266227,0.0081447362,0.0039786741,0.0003993085,-0.0558124605,-0.1305381158,-0.0842059584
0.0370000000,0.0171071830,0.0196690049,0.0020391876,0.0081354387,0.0039569715,0.0003854003,-0.0557564747,-0.1298893257,-0.0826910818
0.0371666667,0.0170683534,0.0194589167,0.0019548777,0.0081261506,0.0039353769,0.0003717432,-0.0557003609,-0.1292424997,-0.0811935665
0.0373333333,0.0170296019,0.0192509171,0.0018736012,0.0081168719,0.0039138900,0.0003583342,-0.0556441236,-0.1285976592,-0.0797133482
0.0375000000,0.0169909288,0.0190449894,0.0017952683,0.0081076025,0.0038925104,0.0003451706,-0.0555877675,-0.1279548254,-0.0782503601
0.0376666667,0.0169523340,0.0188411167,0.0017197913,0.0080983426,0.0038712377,0.0003322493,-0.0555312970,-0.1273140184,-0.0768045329
0.0378333333,0.0169138177,0.0186392823,0.0016470845,0.0080890920,0.0038500717,0.0003195675,-0.0554747167,-0.1266752576,-0.0753757947
0.0380000000,0.0168753799,0.0184394695,0.0015770642,0.0080798509,0.0038290120,0.0003071225,-0.0554180306,-0.1260385619,-0.0739640712
0.0381666667,0.0168370207,0.0182416616,0.0015096487,0.0080706193,0.0038080582,0.0002949114,-0.0553612430,-0.1254039493,-0.0725692859
0.0383333333,0.0167987402,0.0180458419,0.0014447581,0.0080613971,0.0037872100,0.0002829313,-0.0553043580,-0.1247714373,-0.0711913599
0.0385000000,0.0167605384,0.0178519938,0.0013823146,0.0080521845,0.0037664670,0.0002711795,-0.0552473795,-0.1241410425,-0.0698302122
0.0386666667,0.0167224154,0.0176601007,0.0013222420,0.0080429813,0.0037458290,0.0002596531,-0.0551903113,-0.1235127810,-0.0684857597
0.0388333333,0.0166843711,0.0174701463,0.0012644662,0.0080337876,0.0037252955,0.0002483495,-0.0551331574,-0.1228866684,-0.0671579173
0.0390000000,0.0166464057,0.0172821139,0.0012089147,0.0080246035,0.0037048661,0.0002372658,-0.0550759214,-0.1222627195,-0.0658465978
0.0391666667,0.0166085191,0.0170959873,0.0011555170,0.0080154289,0.0036845406,0.0002263993,-0.0550186068,-0.1216409484,-0.0645517122
0.0393333333,0.0165707114,0.0169117501,0.0011042043,0.0080062639,0.0036643185,0.0002157472,-0.0549612172,-0.1210213690,-0.0632731699
0.0395000000,0.0165329826,0.0167293860,0.0010549094,0.0079971085,0.0036441995,0.0002053069,-0.0549037560,-0.1204039941,-0.0620108781
0.0396666667,0.0164953327,0.0165488789,0.0010075668,0.0079879626,0.0036241832,0.0001950756,-0.0548462266,-0.1197888364,-0.0607647427
0.0398333333,0.0164577617,0.0163702125,0.0009621129,0.0079788263,0.0036042692,0.0001850507,-0.0547886322,-0.1191759078,-0.0595346679
0.0400000000,0.0164202697,0.0161933708,0.0009184856,0.0079696997,0.0035844572,0.0001752294,-0.0547309760,-0.1185652196,-0.0583205561
0.0401666667,0.0163828566,0.0160183378,0.0008766243,0.0079605826,0.0035647468,0.0001656092,-0.0546732611,-0.1179567829,-0.0571223085
0.0403333333,0.0163455224,0.0158450975,0.0008364701,0.0079514752,0.0035451377,0.0001561874,-0.0546154905,-0.1173506079,-0.0559398247
0.0405000000,0.0163082672,0.0156736342,0.0007979657,0.0079423774,0.0035256293,0.0001469614,-0.0545576672,-0.1167467046,-0.0547730031
0.0406666667,0.0162710908,0.0155039320,0.0007610553,0.0079332892,0.0035062215,0.0001379285,-0.0544997942,-0.1161450822,-0.0536217406
0.0408333333,0.0162339933,0.0153359752,0.0007256846,0.0079242107,0.0034869137,0.0001290863,-0.0544418741,-0.1155457497,-0.0524859329
0.0410000000,0.0161969747,0.0151697481,0.0006918006,0.0079151419,0.0034677056,0.0001204320,-0.0543839097,-0.1149487156,-0.0513654745
0.0411666667,0.0161600349,0.0150052353,0.0006593520,0.0079060827,0.0034485968,0.0001119633,-0.0543259038,-0.1143539877,-0.0502602588
0.0413333333,0.0161231740,0.0148424212,0.0006282887,0.0078970332,0.0034295870,0.0001036775,-0.0542678589,-0.1137615736,-0.0491701782
0.0415000000,0.0160863918,0.0146812905,0.0005985621,0.0078879933,0.0034106757,0.0000955721,-0.0542097775,-0.1131714803,-0.0480951237
0.0416666667,0.0160496884,0.0145218278,0.0005701251,0.0078789632,0.0033918625,0.0000876446,-0.0541516623,-0.1125837146,-0.0470349859
0.0418333333,0.0160130636,0.0143640179,0.0005429315,0.0078699427,0.0033731471,0.0000798926,-0.0540935155,-0.1119982826,-0.0459896538
0.0420000000,0.0159765175,0.0142078457,0.0005169369,0.0078609320,0.0033545291,0.0000723137,-0.0540353396,-0.1114151901,-0.0449590162
0.0421666667,0.0159400500,0.0140532962,0.0004920978,0.0078519309,0.0033360081,0.0000649052,-0.0539771369,-0.1108344426,-0.0439429604
0.0423333333,0.0159036611,0.0139003543,0.0004683722,0.0078429395,0.0033175837,0.0000576649,-0.0539189096,-0.1102560451,-0.0429413735
0.0425000000,0.0158673507,0.0137490052,0.0004457192,0.0078339579,0.0032992555,0.0000505904,-0.0538606599,-0.1096800023,-0.0419541414
0.0426666667,0.0158311188,0.0135992341,0.0004240990,0.0078249859,0.0032810231,0.0000436792,-0.0538023900,-0.1091063183,-0.0409811497
0.0428333333,0.0157949652,0.0134510264,0.0004034732,0.0078160237,0.0032628861,0.0000369290,-0.0537441019,-0.1085349972,-0.0400222831
0.0430000000,0.0157588900,0.0133043674,0.0003838044,0.0078070711,0.0032448442,0.0000303374,-0.0536857977,-0.1079660425,-0.0390774257
0.0431666667,0.0157228931,0.0131592425,0.0003650564,0.0077981283,0.0032268969,0.0000239022,-0.0536274794,-0.1073994574,-0.0381464612
0.0433333333,0.0156869743,0.0130156375,0.0003471940,0.0077891953,0.0032090438,0.0000176210,-0.0535691489,-0.1068352447,-0.0372292727
0.0435000000,0.0156511337,0.0128735379,0.0003301831,0.0077802719,0.0031912845,0.0000114915,-0.0535108081,-0.1062734071,-0.0363257429
0.0436666667,0.0156153711,0.0127329295,0.0003139906,0.0077713583,0.0031736187,0.0000055115,-0.0534524589,-0.1057139467,-0.0354357538
0.0438333333,0.0155796866,0.0125937982,0.0002985846,0.0077624544,0.0031560460,-0.0000003213,-0.0533941031,-0.1051568654,-0.0345591873
0.0440000000,0.0155440799,0.0124561299,0.0002839340,0.0077535602,0.0031385659,-0.0000060092,-0.0533357423,-0.1046021649,-0.0336959249
0.0441666667,0.0155085510,0.0123199108,0.0002700088,0.0077446757,0.0031211780,-0.0000115542,-0.0532773784,-0.1040498464,-0.0328458476
0.0443333333,0.0154731000,0.0121851269,0.0002567798,0.0077358010,0.0031038820,-0.0000169587,-0.0532190130,-0.1034999109,-0.0320088364
0.0445000000,0.0154377265,0.0120517645,0.0002442190,0.0077269360,0.0030866774,-0.0000222247,-0.0531606476,-0.1029523593,-0.0311847719
0.0446666667,0.0154024307,0.0119198099,0.0002322990,0.0077180807,0.0030695640,-0.0000273545,-0.0531022840,-0.1024071918,-0.0303735343
0.0448333333,0.0153672123,0.0117892496,0.0002209934,0.0077092352,0.0030525411,-0.0000323501,-0.0530439237,-0.1018644088,-0.0295750041
0.0450000000,0.0153320714,0.0116600701,0.0002102768,0.0077003993,0.0030356086,-0.0000372136,-0.0529855681,-0.1013240100,-0.0287890611
0.0451666667,0.0152970077,0.0115322580,0.0002001244,0.0076915732,0.0030187659,-0.0000419472,-0.0529272187,-0.1007859952,-0.0280155856
0.0453333333,0.0152620213,0.0114058001,0.0001905123,0.0076827569,0.0030020127,-0.0000465529,-0.0528688770,-0.1002503638,-0.0272544572
0.0455000000,0.0152271119,0.0112806832,0.0001814176,0.0076739502,0.0029853486,-0.0000510328,-0.0528105444,-0.0997171149,-0.0265055560
0.0456666667,0.0151922796,0.0111568942,0.0001728179,0.0076651533,0.0029687731,-0.0000553889,-0.0527522222,-0.0991862474,-0.0257687617
0.0458333333,0.0151575242,0.0110344202,0.0001646916,0.0076563661,0.0029522859,-0.0000596232,-0.0526939118,-0.0986577601,-0.0250439541
0.0460000000,0.0151228456,0.0109132482,0.0001570180,0.0076475886,0.0029358866,-0.0000637377,-0.0526356144,-0.0981316513,-0.0243310134
0.0461666667,0.0150882438,0.0107933655,0.0001497770,0.0076388208,0.0029195748,-0.0000677343,-0.0525773314,-0.0976079194,-0.0236298193
0.0463333333,0.0150537185,0.0106747594,0.0001429492,0.0076300628,0.0029033501,-0.0000716150,-0.0525190639,-0.0970865623,-0.0229402519
0.0465000000,0.0150192698,0.0105574174,0.0001365158,0.0076213144,0.0028872121,-0.0000753817,-0.0524608132,-0.0965675779,-0.0222621916
0.0466666667,0.0149848974,0.0104413268,0.0001304590,0.0076125758,0.0028711604,-0.0000790364,-0.0524025804,-0.0960509637,-0.0215955187
0.0468333333,0.0149506014,0.0103264755,0.0001247612,0.0076038468,0.0028551946,-0.0000825809,-0.0523443666,-0.0955367173,-0.0209401136
0.0470000000,0.0149163815,0.0102128509,0.0001194056,0.0075951276,0.0028393143,-0.0000860171,-0.0522861731,-0.0950248357,-0.0202958573
0.0471666667,0.0148822377,0.0101004411,0.0001143762,0.0075864180,0.0028235191,-0.0000893469,-0.0522280008,-0.0945153160,-0.0196626306
0.0473333333,0.0148481698,0.0099892338,0.0001096573,0.0075777182,0.0028078086,-0.0000925720,-0.0521698508,-0.0940081552,-0.0190403147
0.0475000000,0.0148141778,0.0098792171,0.0001052339,0.0075690280,0.0027921825,-0.0000956943,-0.0521117241,-0.0935033497,-0.0184287913
0.0476666667,0.0147802615,0.0097703791,0.0001010916,0.0075603475,0.0027766403,-0.0000987156,-0.0520536219,-0.0930008962,-0.0178279421
0.0478333333,0.0147464208,0.0096627079,0.0000972165,0.0075516767,0.0027611817,-0.0001016376,-0.0519955449,-0.0925007910,-0.0172376492
0.0480000000,0.0147126556,0.0095561920,0.0000935951,0.0075430156,0.0027458062,-0.0001044621,-0.0519374942,-0.0920030301,-0.0166577951
0.0481666667,0.0146789658,0.0094508196,0.0000902147,0.0075343642,0.0027305135,-0.0001071908,-0.0518794708,-0.0915076097,-0.0160882626
0.0483333333,0.0146453512,0.0093465792,0.0000870629,0.0075257224,0.0027153031,-0.0001098254,-0.0518214755,-0.0910145255,-0.0155289350
0.0485000000,0.0146118118,0.0092434595,0.0000841278,0.0075170903,0.0027001748,-0.0001123677,-0.0517635091,-0.0905237732,-0.0149796958
0.0486666667,0.0145783473,0.0091414491,0.0000813978,0.0075084679,0.0026851280,-0.0001148192,-0.0517055727,-0.0900353485,-0.0144404291
0.0488333333,0.0145449578,0.0090405368,0.0000788622,0.0074998551,0.0026701625,-0.0001171817,-0.0516476669,-0.0895492466,-0.0139110193
0.0490000000,0.0145116430,0.0089407114,0.0000765103,0.0074912519,0.0026552778,-0.0001194568,-0.0515897926,-0.0890654629,-0.0133913513
0.0491666667,0.0144784028,0.0088419620,0.0000743320,0.0074826584,0.0026404735,-0.0001216460,-0.0515319506,-0.0885839925,-0.0128813106
0.0493333333,0.0144452372,0.0087442776,0.0000723177,0.0074740745,0.0026257493,-0.0001237511,-0.0514741417,-0.0881048303,-0.0123807831
0.0495000000,0.0144121459,0.0086476474,0.0000704580,0.0074655003,0.0026111047,-0.0001257735,-0.0514163667,-0.0876279713,-0.0118896550
0.0496666667,0.0143791289,0.0085520606,0.0000687440,0.0074569357,0.0025965395,-0.0001277148,-0.0513586262,-0.0871534102,-0.0114078133
0.0498333333,0.0143461861,0.0084575065,0.0000671672,0.0074483807,0.0025820531,-0.0001295766,-0.0513009209,-0.0866811416,-0.0109351454
0.0500000000,0.0143133172,0.0083639746,0.0000657194,0.0074398353,0.0025676452,-0.0001313603,-0.0512432517,-0.0862111600,-0.0104715393
0.0501666667,0.0142805222,0.0082714544,0.0000643928,0.0074312995,0.0025533155,-0.0001330676,-0.0511856191,-0.0857434599,-0.0100168835
0.0503333333,0.0142478009,0.0081799355,0.0000631798,0.0074227734,0.0025390636,-0.0001346998,-0.0511280238,-0.0852780354,-0.0095710671
0.0505000000,0.0142151533,0.0080894077,0.0000620734,0.0074142568,0.0025248890,-0.0001362584,-0.0510704665,-0.0848148809,-0.0091339799
0.0506666667,0.0141825791,0.0079998608,0.0000610667,0.0074057498,0.0025107915,-0.0001377449,-0.0510129477,-0.0843539903,-0.0087055121
0.0508333333,0.0141500782,0.0079112847,0.0000601531,0.0073972524,0.0024967706,-0.0001391607,-0.0509554681,-0.0838953577,-0.0082855547
0.0510000000,0.0141176506,0.0078236692,0.0000593264,0.0073887646,0.0024828259,-0.0001405072,-0.0508980283,-0.0834389769,-0.0078739992
0.0511666667,0.0140852961,0.0077370046,0.0000585807,0.0073802864,0.0024689571,-0.0001417858,-0.0508406289,-0.0829848418,-0.0074707377
0.0513333333,0.0140530145,0.0076512810,0.0000579102,0.0073718177,0.0024551638,-0.0001429978,-0.0507832704,-0.0825329459,-0.0070756631
0.0515000000,0.0140208057,0.0075664887,0.0000573096,0.0073633585,0.0024414456,-0.0001441447,-0.0507259533,-0.0820832830,-0.0066886688
0.0516666667,0.0139886696,0.0074826180,0.0000567737,0.0073549090,0.0024278022,-0.0001452278,-0.0506686783,-0.0816358466,-0.0063096490
0.0518333333,0.0139566060,0.0073996593,0.0000562976,0.0073464689,0.0024142332,-0.0001462483,-0.0506114457,-0.0811906300,-0.0059384985
0.0520000000,0.0139246148,0.0073176031,0.0000558766,0.0073380384,0.0024007382,-0.0001472077,-0.0505542562,-0.0807476267,-0.0055751127
0.0521666667,0.0138926959,0.0072364401,0.0000555063,0.0073296174,0.0023873169,-0.0001481071,-0.0504971101,-0.0803068300,-0.0052193880
0.0523333333,0.0138608492,0.0071561610,0.0000551824,0.0073212060,0.0023739688,-0.0001489478,-0.0504400081,-0.0798682331,-0.0048712210
0.0525000000,0.0138290744,0.0070767565,0.0000549010,0.0073128040,0.0023606937,-0.0001497312,-0.0503829505,-0.0794318291,-0.0045305096
0.0526666667,0.0137973715,0.0069982176,0.0000546582,0.0073044116,0.0023474911,-0.0001504584,-0.0503259377,-0.0789976111,-0.0041971519
0.0528333333,0.0137657403,0.0069205351,0.0000544505,0.0072960287,0.0023343607,-0.0001511306,-0.0502689704,-0.0785655720,-0.0038710470
0.0530000000,0.0137341806,0.0068437001,0.0000542744,0.0072876552,0.0023213021,-0.0001517491,-0.0502120487,-0.0781357050,-0.0035520947
0.0531666667,0.0137026925,0.0067677038,0.0000541268,0.0072792913,0.0023083150,-0.0001523150,-0.0501551733,-0.0777080027,-0.0032401955
0.0533333333,0.0136712756,0.0066925373,0.0000540045,0.0072709368,0.0022953990,-0.0001528294,-0.0500983444,-0.0772824582,-0.0029352506
0.0535000000,0.0136399299,0.0066181919,0.0000539047,0.0072625918,0.0022825537,-0.0001532937,-0.0500415625,-0.0768590640,-0.0026371620
0.0536666667,0.0136086552,0.0065446591,0.0000538247,0.0072542562,0.0022697789,-0.0001537088,-0.0499848279,-0.0764378130,-0.0023458325
0.0538333333,0.0135774514,0.0064719302,0.0000537619,0.0072459301,0.0022570740,-0.0001540759,-0.0499281410,-0.0760186978,-0.0020611656
0.0540000000,0.0135463183,0.0063999968,0.0000537139,0.0072376134,0.0022444389,-0.0001543962,-0.0498715022,-0.0756017111,-0.0017830654
0.0541666667,0.0135152558,0.0063288504,0.0000536785,0.0072293062,0.0022318730,-0.0001546706,-0.0498149119,-0.0751868453,-0.0015114372
0.0543333333,0.0134842638,0.0062584829,0.0000536535,0.0072210084,0.0022193762,-0.0001549003,-0.0497583703,-0.0747740930,-0.0012461867
0.0545000000,0.0134533421,0.0061888860,0.0000536369,0.0072127200,0.0022069479,-0.0001550862,-0.0497018778,-0.0743634466,-0.0009872204
0.0546666667,0.0134224906,0.0061200515,0.0000536268,0.0072044410,0.0021945879,-0.0001552296,-0.0496454346,-0.0739548987,-0.0007344458
0.0548333333,0.0133917092,0.0060519714,0.0000536216,0.0071961715,0.0021822958,-0.0001553313,-0.0495890413,-0.0735484415,-0.0004877710
0.0550000000,0.0133609976,0.0059846377,0.0000536195,0.0071879113,0.0021700713,-0.0001553924,-0.0495326979,-0.0731440675,-0.0002471050
0.0551666667,0.0133303558,0.0059180425,0.0000536191,0.0071796605,0.0021579141,-0.0001554139,-0.0494764048,-0.0727417689,-0.0000123574
0.0553333333,0.0132997836,0.0058521779,0.0000536190,0.0071714191,0.0021458237,-0.0001553968,-0.0494201624,-0.0723415381,0.0002165613
0.0555000000,0.0132692808,0.0057870361,0.0000536178,0.0071631871,0.0021337998,-0.0001553420,-0.0493639708,-0.0719433672,0.0004397396
0.0556666667,0.0132388475,0.0057226096,0.0000536143,0.0071549644,0.0021218421,-0.0001552505,-0.0493078304,-0.0715472485,0.0006572655
0.0558333333,0.0132084832,0.0056588907,0.0000536075,0.0071467511,0.0021099503,-0.0001551231,-0.0492517413,-0.0711531741,0.0008692262
0.0560000000,0.0131781881,0.0055958719,0.0000535962,0.0071385471,0.0020981240,-0.0001549609,-0.0491957039,-0.0707611363,0.0010757078
0.0561666667,0.0131479618,0.0055335456,0.0000535796,0.0071303524,0.0020863628,-0.0001547648,-0.0491397184,-0.0703711271,0.0012767959
0.0563333333,0.0131178043,0.0054719046,0.0000535568,0.0071221671,0.0020746665,-0.0001545355,-0.0490837850,-0.0699831387,0.0014725751
0.0565000000,0.0130877155,0.0054109416,0.0000535270,0.0071139911,0.0020630347,-0.0001542741,-0.0490279040,-0.0695971630,0.0016631295
0.0566666667,0.0130576951,0.0053506492,0.0000534894,0.0071058244,0.0020514671,-0.0001539814,-0.0489720756,-0.0692131923,0.0018485420
0.0568333333,0.0130277430,0.0052910203,0.0000534435,0.0070976670,0.0020399633,-0.0001536581,-0.0489162999,-0.0688312185,0.0020288949
0.0570000000,0.0129978591,0.0052320478,0.0000533886,0.0070895189,0.0020285229,-0.0001533052,-0.0488605773,-0.0684512336,0.0022042697
0.0571666667,0.0129680433,0.0051737248,0.0000533243,0.0070813801,0.0020171458,-0.0001529236,-0.0488049079,-0.0680732296,0.0023747472
0.0573333333,0.0129382954,0.0051160441,0.0000532500,0.0070732506,0.0020058315,-0.0001525138,-0.0487492918,-0.0676971985,0.0025404071
0.0575000000,0.0129086153,0.0050589991,0.0000531655,0.0070651303,0.0019945797,-0.0001520769,-0.0486937294,-0.0673231323,0.0027013285
0.0576666667,0.0128790027,0.0050025827,0.0000530703,0.0070570193,0.0019833900,-0.0001516136,-0.0486382207,-0.0669510229,0.0028575897
0.0578333333,0.0128494577,0.0049467884,0.0000529641,0.0070489175,0.0019722623,-0.0001511246,-0.0485827659,-0.0665808622,0.0030092682
0.0580000000,0.0128199800,0.0048916094,0.0000528467,0.0070408250,0.0019611960,-0.0001506106,-0.0485273653,-0.0662126422,0.0031564407
0.0581666667,0.0127905695,0.0048370391,0.0000527179,0.0070327417,0.0019501910,-0.0001500726,-0.0484720190,-0.0658463548,0.0032991829
0.0583333333,0.0127612260,0.0047830709,0.0000525776,0.0070246676,0.0019392469,-0.0001495111,-0.0484167271,-0.0654819918,0.0034375700
0.0585000000,0.0127319495,0.0047296985,0.0000524255,0.0070166027,0.0019283633,-0.0001489268,-0.0483614898,-0.0651195453,0.0035716762
0.0586666667,0.0127027397,0.0046769152,0.0000522617,0.0070085470,0.0019175400,-0.0001483206,-0.0483063072,-0.0647590070,0.0037015751
0.0588333333,0.0126735965,0.0046247149,0.0000520860,0.0070005005,0.0019067766,-0.0001476931,-0.0482511795,-0.0644003689,0.0038273392
0.0590000000,0.0126445199,0.0045730913,0.0000518986,0.0069924632,0.0018960728,-0.0001470450,-0.0481961069,-0.0640436228,0.0039490405
0.0591666667,0.0126155095,0.0045220380,0.0000516993,0.0069844351,0.0018854283,-0.0001463769,-0.0481410894,-0.0636887605,0.0040667500
0.0593333333,0.0125865654,0.0044715490,0.0000514882,0.0069764161,0.0018748428,-0.0001456895,-0.0480861271,-0.0633357741,0.0041805381
0.0595000000,0.0125576873,0.0044216182,0.0000512655,0.0069684063,0.0018643160,-0.0001449835,-0.0480312203,-0.0629846552,0.0042904743
0.0596666667,0.0125288751,0.0043722394,0.0000510311,0.0069604057,0.0018538476,-0.0001442595,-0.0479763691,-0.0626353959,0.0043966274
0.0598333333,0.0125001287,0.0043234069,0.0000507853,0.0069524142,0.0018434372,-0.0001435181,-0.0479215734,-0.0622879879,0.0044990653
0.0600000000,0.0124714480,0.0042751146,0.0000505281,0.0069444318,0.0018330846,-0.0001427599,-0.0478668336,-0.0619424231,0.0045978551
0.0601666667,0.0124428327,0.0042273566,0.0000502598,0.0069364585,0.0018227894,-0.0001419856,-0.0478121496,-0.0615986934,0.0046930634
0.0603333333,0.0124142828,0.0041801273,0.0000499805,0.0069284943,0.0018125513,-0.0001411956,-0.0477575215,-0.0612567906,0.0047847557
0.0605000000,0.0123857981,0.0041334209,0.0000496904,0.0069205393,0.0018023701,-0.0001403907,-0.0477029495,-0.0609167067,0.0048729969
0.0606666667,0.0123573784,0.0040872317,0.0000493897,0.0069125933,0.0017922454,-0.0001395714,-0.0476484337,-0.0605784334,0.0049578511
0.0608333333,0.0123290237,0.0040415541,0.0000490787,0.0069046564,0.0017821769,-0.0001387382,-0.0475939741,-0.0602419627,0.0050393816
0.0610000000,0.0123007337,0.0039963825,0.0000487576,0.0068967286,0.0017721644,-0.0001378917,-0.0475395709,-0.0599072865,0.0051176511
0.0611666667,0.0122725084,0.0039517115,0.0000484267,0.0068888098,0.0017622075,-0.0001370324,-0.0474852240,-0.0595743966,0.0051927213
0.0613333333,0.0122443476,0.0039075356,0.0000480862,0.0068809001,0.0017523059,-0.0001361609,-0.0474309337,-0.0592432850,0.0052646534
0.0615000000,0.0122162511,0.0038638494,0.0000477364,0.0068729994,0.0017424594,-0.0001352776,-0.0473766999,-0.0589139435,0.0053335077
0.0616666667,0.0121882189,0.0038206477,0.0000473775,0.0068651078,0.0017326676,-0.0001343831,-0.0473225228,-0.0585863640,0.0053993436
0.0618333333,0.0121602507,0.0037779250,0.0000470100,0.0068572252,0.0017229302,-0.0001334779,-0.0472684023,-0.0582605385,0.0054622202
0.0620000000,0.0121323465,0.0037356763,0.0000466340,0.0068493516,0.0017132471,-0.0001325624,-0.0472143387,-0.0579364590,0.0055221955
0.0621666667,0.0121045061,0.0036938963,0.0000462500,0.0068414870,0.0017036177,-0.0001316372,-0.0471603319,-0.0576141172,0.0055793268
0.0623333333,0.0120767293,0.0036525800,0.0000458581,0.0068336315,0.0016940420,-0.0001307027,-0.0471063819,-0.0572935053,0.0056336708
0.0625000000,0.0120490160,0.0036117223,0.0000454587,0.0068257849,0.0016845196,-0.0001297594,-0.0470524890,-0.0569746152,0.0056852835
0.0626666667,0.0120213662,0.0035713181,0.0000450521,0.0068179472,0.0016750501,-0.0001288077,-0.0469986530,-0.0566574387,0.0057342201
0.0628333333,0.0119937795,0.0035313626,0.0000446387,0.0068101186,0.0016656334,-0.0001278480,-0.0469448741,-0.0563419680,0.0057805349
0.0630000000,0.0119662560,0.0034918508,0.0000442187,0.0068022989,0.0016562691,-0.0001268809,-0.0468911523,-0.0560281951,0.0058242819
0.0631666667,0.0119387954,0.0034527779,0.0000437925,0.0067944881,0.0016469570,-0.0001259066,-0.0468374877,-0.0557161119,0.0058655140
0.0633333333,0.0119113977,0.0034141392,0.0000433603,0.0067866863,0.0016376968,-0.0001249257,-0.0467838802,-0.0554057104,0.0059042837
0.0635000000,0.0118840626,0.0033759297,0.0000429226,0.0067788935,0.0016284881,-0.0001239386,-0.0467303300,-0.0550969828,0.0059406426
0.0636666667,0.0118567900,0.0033381450,0.0000424797,0.0067711095,0.0016193308,-0.0001229456,-0.0466768371,-0.0547899210,0.0059746417
0.0638333333,0.0118295799,0.0033007802,0.0000420318,0.0067633345,0.0016102245,-0.0001219471,-0.0466234014,-0.0544845172,0.0060063313
0.0640000000,0.0118024321,0.0032638309,0.0000415792,0.0067555683,0.0016011690,-0.0001209435,-0.0465700231,-0.0541807634,0.0060357610
0.0641666667,0.0117753463,0.0032272924,0.0000411224,0.0067478111,0.0015921639,-0.0001199352,-0.0465167021,-0.0538786518,0.0060629797
0.0643333333,0.0117483226,0.0031911603,0.0000406616,0.0067400627,0.0015832091,-0.0001189225,-0.0464634386,-0.0535781744,0.0060880356
0.0645000000,0.0117213607,0.0031554301,0.0000401970,0.0067323232,0.0015743042,-0.0001179058,-0.0464102324,-0.0532793235,0.0061109765
0.0646666667,0.0116944605,0.0031200974,0.0000397291,0.0067245926,0.0015654490,-0.0001168855,-0.0463570837,-0.0529820911,0.0061318491
0.0648333333,0.0116676219,0.0030851578,0.0000392581,0.0067168708,0.0015566432,-0.0001158619,-0.0463039925,-0.0526864695,0.0061506998
0.0650000000,0.0116408448,0.0030506071,0.0000387843,0.0067091578,0.0015478866,-0.0001148353,-0.0462509587,-0.0523924509,0.0061675741
0.0651666667,0.0116141289,0.0030164410,0.0000383080,0.0067014537,0.0015391788,-0.0001138061,-0.0461979825,-0.0521000274,0.0061825171
0.0653333333,0.0115874742,0.0029826552,0.0000378296,0.0066937585,0.0015305196,-0.0001127745,-0.0461450637,-0.0518091913,0.0061955730
0.0655000000,0.0115608806,0.0029492456,0.0000373492,0.0066860720,0.0015219087,-0.0001117409,-0.0460922025,-0.0515199349,0.0062067855
0.0656666667,0.0115343478,0.0029162080,0.0000368671,0.0066783943,0.0015133460,-0.0001107056,-0.0460393988,-0.0512322504,0.0062161977
0.0658333333,0.0115078758,0.0028835384,0.0000363838,0.0066707255,0.0015048310,-0.0001096688,-0.0459866527,-0.0509461301,0.0062238520
0.0660000000,0.0114814644,0.0028512326,0.0000358993,0.0066630654,0.0014963636,-0.0001086310,-0.0459339641,-0.0506615664,0.0062297902
0.0661666667,0.0114551135,0.0028192868,0.0000354140,0.0066554141,0.0014879435,-0.0001075922,-0.0458813331,-0.0503785516,0.0062340535
0.0663333333,0.0114288230,0.0027876969,0.0000349281,0.0066477716,0.0014795705,-0.0001065530,-0.0458287596,-0.0500970781,0.0062366824
0.0665000000,0.0114025927,0.0027564591,0.0000344419,0.0066401378,0.0014712442,-0.0001055134,-0.0457762437,-0.0498171382,0.0062377169
0.0666666667,0.0113764224,0.0027255694,0.0000339557,0.0066325128,0.0014629645,-0.0001044737,-0.0457237854,-0.0495387243,0.0062371963
0.0668333333,0.0113503121,0.0026950240,0.0000334696,0.0066248965,0.0014547310,-0.0001034343,-0.0456713846,-0.0492618289,0.0062351594
0.0670000000,0.0113242617,0.0026648192,0.0000329839,0.0066172889,0.0014465436,-0.0001023953,-0.0456190414,-0.0489864444,0.0062316445
0.0671666667,0.0112982709,0.0026349511,0.0000324988,0.0066096901,0.0014384019,-0.0001013571,-0.0455667558,-0.0487125633,0.0062266889
0.0673333333,0.0112723396,0.0026054161,0.0000320146,0.0066020999,0.0014303058,-0.0001003198,-0.0455145277,-0.0484401781,0.0062203299
0.0675000000,0.0112464678,0.0025762105,0.0000315315,0.0065945185,0.0014222549,-0.0000992836,-0.0454623571,-0.0481692812,0.0062126037
0.0676666667,0.0112206552,0.0025473306,0.0000310496,0.0065869458,0.0014142491,-0.0000982489,-0.0454102441,-0.0478998654,0.0062035463
0.0678333333,0.0111949018,0.0025187729,0.0000305693,0.0065793817,0.0014062880,-0.0000972158,-0.0453581886,-0.0476319230,0.0061931930
0.0680000000,0.0111692074,0.0024905339,0.0000300906,0.0065718263,0.0013983715,-0.0000961845,-0.0453061906,-0.0473654468,0.0061815784
0.0681666667,0.0111435718,0.0024626099,0.0000296137,0.0065642796,0.0013904992,-0.0000951552,-0.0452542501,-0.0471004292,0.0061687368
0.0683333333,0.0111179951,0.0024349975,0.0000291389,0.0065567415,0.0013826710,-0.0000941282,-0.0452023672,-0.0468368630,0.0061547018
0.0685000000,0.0110924769,0.0024076933,0.0000286664,0.0065492121,0.0013748867,-0.0000931036,-0.0451505417,-0.0465747409,0.0061395065
0.0686666667,0.0110670172,0.0023806939,0.0000281962,0.0065416913,0.0013671459,-0.0000920817,-0.0450987736,-0.0463140554,0.0061231834
0.0688333333,0.0110416159,0.0023539959,0.0000277286,0.0065341791,0.0013594484,-0.0000910626,-0.0450470630,-0.0460547994,0.0061057646
0.0690000000,0.0110162727,0.0023275960,0.0000272637,0.0065266755,0.0013517940,-0.0000900464,-0.0449954098,-0.0457969656,0.0060872815
0.0691666667,0.0109909877,0.0023014909,0.0000268017,0.0065191806,0.0013441825,-0.0000890334,-0.0449438141,-0.0455405467,0.0060677652
0.0693333333,0.0109657606,0.0022756772,0.0000263427,0.0065116942,0.0013366135,-0.0000880238,-0.0448922757,-0.0452855355,0.0060472460
0.0695000000,0.0109405914,0.0022501519,0.0000258869,0.0065042164,0.0013290870,-0.0000870177,-0.0448407947,-0.0450319248,0.0060257539
0.0696666667,0.0109154798,0.0022249117,0.0000254344,0.0064967472,0.0013216026,-0.0000860152,-0.0447893710,-0.0447797076,0.0060033185
0.0698333333,0.0108904258,0.0021999534,0.0000249852,0.0064892866,0.0013141602,-0.0000850165,-0.0447380046,-0.0445288765,0.0059799685
0.0700000000,0.0108654292,0.0021752740,0.0000245397,0.0064818345,0.0013067594,-0.0000840219,-0.0446866955,-0.0442794246,0.0059557324
0.0701666667,0.0108404900,0.0021508703,0.0000240977,0.0064743910,0.0012994001,-0.0000830313,-0.0446354437,-0.0440313448,0.0059306383
0.0703333333,0.0108156079,0.0021267393,0.0000236596,0.0064669560,0.0012920820,-0.0000820450,-0.0445842492,-0.0437846300,0.0059047135
0.0705000000,0.0107907829,0.0021028780,0.0000232253,0.0064595295,0.0012848050,-0.0000810630,-0.0445331118,-0.0435392732,0.0058779851
0.0706666667,0.0107660147,0.0020792833,0.0000227950,0.0064521115,0.0012775687,-0.0000800856,-0.0444820316,-0.0432952673,0.0058504796
0.0708333333,0.0107413034,0.0020559524,0.0000223688,0.0064447021,0.0012703730,-0.0000791128,-0.0444310086,-0.0430526055,0.0058222230
0.0710000000,0.0107166487,0.0020328823,0.0000219467,0.0064373011,0.0012632176,-0.0000781448,-0.0443800427,-0.0428112807,0.0057932409
0.0711666667,0.0106920506,0.0020100701,0.0000215288,0.0064299087,0.0012561023,-0.0000771817,-0.0443291339,-0.0425712861,0.0057635585
0.0713333333,0.0106675088,0.0019875130,0.0000211153,0.0064225247,0.0012490269,-0.0000762236,-0.0442782822,-0.0423326147,0.0057332004
0.0715000000,0.0106430234,0.0019652081,0.0000207061,0.0064151492,0.0012419912,-0.0000752706,-0.0442274875,-0.0420952597,0.0057021909
0.0716666667,0.0106185940,0.0019431526,0.0000203014,0.0064077822,0.0012349949,-0.0000743228,-0.0441767498,-0.0418592143,0.0056705537
0.0718333333,0.0105942207,0.0019213438,0.0000199013,0.0064004236,0.0012280378,-0.0000733804,-0.0441260691,-0.0416244716,0.0056383122
0.0720000000,0.0105699033,0.0018997789,0.0000195057,0.0063930734,0.0012211198,-0.0000724434,-0.0440754453,-0.0413910248,0.0056054893
0.0721666667,0.0105456416,0.0018784553,0.0000191147,0.0063857317,0.0012142406,-0.0000715119,-0.0440248784,-0.0411588672,0.0055721075
0.0723333333,0.0105214356,0.0018573701,0.0000187284,0.0063783984,0.0012073999,-0.0000705860,-0.0439743683,-0.0409279921,0.0055381888
0.0725000000,0.0104972851,0.0018365209,0.0000183469,0.0063710735,0.0012005977,-0.0000696658,-0.0439239151,-0.0406983928,0.0055037551
0.0726666667,0.0104731900,0.0018159050,0.0000179701,0.0063637570,0.0011938336,-0.0000687513,-0.0438735186,-0.0404700625,0.0054688273
0.0728333333,0.0104491502,0.0017955197,0.0000175981,0.0063564490,0.0011871074,-0.0000678428,-0.0438231790,-0.0402429947,0.0054334265
0.0730000000,0.0104251654,0.0017753625,0.0000172309,0.0063491493,0.0011804190,-0.0000669402,-0.0437728960,-0.0400171827,0.0053975730
0.0731666667,0.0104012357,0.0017554309,0.0000168686,0.0063418579,0.0011737681,-0.0000660436,-0.0437226697,-0.0397926199,0.0053612869
0.0733333333,0.0103773609,0.0017357224,0.0000165112,0.0063345750,0.0011671546,-0.0000651530,-0.0436725000,-0.0395692998,0.0053245878
0.0735000000,0.0103535408,0.0017162345,0.0000161587,0.0063273004,0.0011605781,-0.0000642687,-0.0436223869,-0.0393472158,0.0052874949
0.0736666667,0.0103297754,0.0016969648,0.0000158112,0.0063200341,0.0011540386,-0.0000633905,-0.0435723303,-0.0391263615,0.0052500272
0.0738333333,0.0103060645,0.0016779108,0.0000154685,0.0063127762,0.0011475358,-0.0000625186,-0.0435223303,-0.0389067303,0.0052122032
0.0740000000,0.0102824079,0.0016590700,0.0000151309,0.0063055266,0.0011410695,-0.0000616531,-0.0434723867,-0.0386883157,0.0051740409
0.0741666667,0.0102588057,0.0016404403,0.0000147981,0.0062982854,0.0011346394,-0.0000607939,-0.0434224996,-0.0384711114,0.0051355582
0.0743333333,0.0102352575,0.0016220191,0.0000144704,0.0062910524,0.0011282455,-0.0000599412,-0.0433726688,-0.0382551110,0.0050967724
0.0745000000,0.0102117634,0.0016038042,0.0000141475,0.0062838278,0.0011218875,-0.0000590949,-0.0433228944,-0.0380403081,0.0050577005
0.0746666667,0.0101883232,0.0015857933,0.0000138297,0.0062766114,0.0011155652,-0.0000582552,-0.0432731763,-0.0378266963,0.0050183594
0.0748333333,0.0101649367,0.0015679841,0.0000135168,0.0062694033,0.0011092784,-0.0000574221,-0.0432235144,-0.0376142694,0.0049787652
0.0750000000,0.0101416039,0.0015503744,0.0000132088,0.0062622035,0.0011030269,-0.0000565956,-0.0431739087,-0.0374030210,0.0049389340
0.0751666667,0.0101183247,0.0015329620,0.0000129058,0.0062550120,0.0010968105,-0.0000557757,-0.0431243592,-0.0371929448,0.0048988814
0.0753333333,0.0100950988,0.0015157445,0.0000126077,0.0062478287,0.0010906290,-0.0000549626,-0.0430748659,-0.0369840348,0.0048586228
0.0755000000,0.0100719262,0.0014987200,0.0000123145,0.0062406536,0.0010844823,-0.0000541562,-0.0430254285,-0.0367762846,0.0048181732
0.0756666667,0.0100488067,0.0014818862,0.0000120262,0.0062334868,0.0010783700,-0.0000533565,-0.0429760472,-0.0365696880,0.0047775471
0.0758333333,0.0100257404,0.0014652410,0.0000117427,0.0062263282,0.0010722922,-0.0000525636,-0.0429267219,-0.0363642390,0.0047367590
0.0760000000,0.0100027269,0.0014487823,0.0000114641,0.0062191779,0.0010662484,-0.0000517775,-0.0428774525,-0.0361599314,0.0046958229
0.0761666667,0.0099797662,0.0014325080,0.0000111903,0.0062120357,0.0010602386,-0.0000509983,-0.0428282390,-0.0359567591,0.0046547525
0.0763333333,0.0099568582,0.0014164161,0.0000109213,0.0062049017,0.0010542626,-0.0000502259,-0.0427790814,-0.0357547161,0.0046135612
0.0765000000,0.0099340027,0.0014005046,0.0000106571,0.0061977760,0.0010483202,-0.0000494604,-0.0427299795,-0.0355537963,0.0045722621
0.0766666667,0.0099111997,0.0013847713,0.0000103976,0.0061906584,0.0010424111,-0.0000487018,-0.0426809334,-0.0353539937,0.0045308680
0.0768333333,0.0098884491,0.0013692144,0.0000101427,0.0061835489,0.0010365353,-0.0000479501,-0.0426319429,-0.0351553023,0.0044893914
0.0770000000,0.0098657506,0.0013538319,0.0000098926,0.0061764477,0.0010306925,-0.0000472053,-0.0425830081,-0.0349577161,0.0044478445
0.0771666667,0.0098431041,0.0013386218,0.0000096471,0.0061693545,0.0010248825,-0.0000464674,-0.0425341289,-0.0347612293,0.0044062394
0.0773333333,0.0098205097,0.0013235823,0.0000094061,0.0061622696,0.0010191052,-0.0000457365,-0.0424853053,-0.0345658360,0.0043645875
0.0775000000,0.0097979671,0.0013087113,0.0000091697,0.0061551927,0.0010133604,-0.0000450125,-0.0424365371,-0.0343715302,0.0043229003
0.0776666667,0.0097754762,0.0012940070,0.0000089378,0.0061481240,0.0010076478,-0.0000442955,-0.0423878244,-0.0341783061,0.0042811889
0.0778333333,0.0097530369,0.0012794676,0.0000087104,0.0061410634,0.0010019674,-0.0000435854,-0.0423391671,-0.0339861579,0.0042394642
0.0780000000,0.0097306491,0.0012650913,0.0000084875,0.0061340109,0.0009963189,-0.0000428823,-0.0422905651,-0.0337950798,0.0041977366
0.0781666667,0.0097083127,0.0012508761,0.0000082689,0.0061269665,0.0009907022,-0.0000421861,-0.0422420184,-0.0336050661,0.0041560164
0.0783333333,0.0096860275,0.0012368203,0.0000080546,0.0061199302,0.0009851170,-0.0000414969,-0.0421935269,-0.0334161110,0.0041143138
0.0785000000,0.0096637935,0.0012229222,0.0000078446,0.0061129019,0.0009795633,-0.0000408146,-0.0421450907,-0.0332282088,0.0040726385
0.0786666667,0.0096416104,0.0012091799,0.0000076389,0.0061058818,0.0009740408,-0.0000401393,-0.0420967096,-0.0330413538,0.0040310001
0.0788333333,0.0096194783,0.0011955918,0.0000074374,0.0060988696,0.0009685493,-0.0000394709,-0.0420483835,-0.0328555404,0.0039894078
0.0790000000,0.0095973970,0.0011821560,0.0000072400,0.0060918656,0.0009630887,-0.0000388094,-0.0420001125,-0.0326707629,0.0039478707
0.0791666667,0.0095753663,0.0011688710,0.0000070468,0.0060848696,0.0009576589,-0.0000381549,-0.0419518965,-0.0324870158,0.0039063976
0.0793333333,0.0095533862,0.0011557349,0.0000068575,0.0060778816,0.0009522595,-0.0000375073,-0.0419037354,-0.0323042934,0.0038649971
0.0795000000,0.0095314565,0.0011427463,0.0000066723,0.0060709016,0.0009468906,-0.0000368665,-0.0418556292,-0.0321225903,0.0038236775
0.0796666667,0.0095095772,0.0011299033,0.0000064911,0.0060639296,0.0009415518,-0.0000362327,-0.0418075778,-0.0319419008,0.0037824470
0.0798333333,0.0094877480,0.0011172044,0.0000063137,0.0060569657,0.0009362431,-0.0000356057,-0.0417595812,-0.0317622195,0.0037413134
0.0800000000,0.0094659690,0.0011046480,0.0000061402,0.0060500097,0.0009309642,-0.0000349855,-0.0417116393,-0.0315835410,0.0037002845
0.0801666667,0.0094442399,0.0010922325,0.0000059705,0.0060430618,0.0009257150,-0.0000343722,-0.0416637521,-0.0314058598,0.0036593676
0.0803333333,0.0094225607,0.0010799562,0.0000058045,0.0060361218,0.0009204954,-0.0000337657,-0.0416159195,-0.0312291704,0.0036185701
0.0805000000,0.0094009312,0.0010678177,0.0000056422,0.0060291897,0.0009153051,-0.0000331660,-0.0415681414,-0.0310534676,0.0035778989
0.0806666667,0.0093793514,0.0010558154,0.0000054836,0.0060222657,0.0009101441,-0.0000325730,-0.0415204179,-0.0308787458,0.0035373609
0.0808333333,0.0093578211,0.0010439478,0.0000053285,0.0060153495,0.0009050120,-0.0000319868,-0.0414727488,-0.0307049999,0.0034969628
0.0810000000,0.0093363402,0.0010322134,0.0000051770,0.0060084414,0.0008999089,-0.0000314073,-0.0414251341,-0.0305322245,0.0034567110
0.0811666667,0.0093149086,0.0010206107,0.0000050289,0.0060015411,0.0008948344,-0.0000308345,-0.0413775737,-0.0303604142,0.0034166116
0.0813333333,0.0092935262,0.0010091382,0.0000048843,0.0059946488,0.0008897886,-0.0000302684,-0.0413300676,-0.0301895639,0.0033766708
0.0815000000,0.0092721929,0.0009977944,0.0000047431,0.0059877644,0.0008847711,-0.0000297089,-0.0412826158,-0.0300196684,0.0033368943
0.0816666667,0.0092509085,0.0009865780,0.0000046051,0.0059808879,0.0008797818,-0.0000291561,-0.0412352181,-0.0298507223,0.0032972880
0.0818333333,0.0092296730,0.0009754874,0.0000044705,0.0059740192,0.0008748207,-0.0000286098,-0.0411878746,-0.0296827206,0.0032578572
0.0820000000,0.0092084862,0.0009645213,0.0000043390,0.0059671585,0.0008698874,-0.0000280701,-0.0411405851,-0.0295156580,0.0032186072
0.0821666667,0.0091873480,0.0009536784,0.0000042107,0.0059603057,0.0008649819,-0.0000275369,-0.0410933497,-0.0293495295,0.0031795432
0.0823333333,0.0091662583,0.0009429571,0.0000040855,0.0059534607,0.0008601041,-0.0000270102,-0.0410461682,-0.0291843300,0.0031406702
0.0825000000,0.0091452170,0.0009323562,0.0000039634,0.0059466236,0.0008552537,-0.0000264899,-0.0409990406,-0.0290200543,0.0031019929
0.0826666667,0.0091242241,0.0009218744,0.0000038442,0.0059397943,0.0008504305,-0.0000259761,-0.0409519669,-0.0288566975,0.0030635159
0.0828333333,0.0091032793,0.0009115102,0.0000037280,0.0059329729,0.0008456346,-0.0000254687,-0.0409049469,-0.0286942545,0.0030252438
0.0830000000,0.0090823825,0.0009012623,0.0000036147,0.0059261593,0.0008408656,-0.0000249677,-0.0408579807,-0.0285327202,0.0029871807
0.0831666667,0.0090615338,0.0008911295,0.0000035042,0.0059193535,0.0008361235,-0.0000244730,-0.0408110682,-0.0283720898,0.0029493309
0.0833333333,0.0090407328,0.0008811105,0.0000033965,0.0059125555,0.0008314081,-0.0000239845,-0.0407642093,-0.0282123582,0.0029116983
0.0835000000,0.0090199797,0.0008712040,0.0000032916,0.0059057654,0.0008267192,-0.0000235024,-0.0407174040,-0.0280535206,0.0028742868
0.0836666667,0.0089992741,0.0008614087,0.0000031893,0.0058989830,0.0008220567,-0.0000230264,-0.0406706522,-0.0278955721,0.0028371000
0.0838333333,0.0089786161,0.0008517234,0.0000030897,0.0058922084,0.0008174205,-0.0000225566,-0.0406239538,-0.0277385077,0.0028001414
0.0840000000,0.0089580055,0.0008421468,0.0000029927,0.0058854416,0.0008128104,-0.0000220930,-0.0405773089,-0.0275823227,0.0027634145
0.0841666667,0.0089374421,0.0008326778,0.0000028982,0.0058786826,0.0008082263,-0.0000216354,-0.0405307173,-0.0274270121,0.0027269226
0.0843333333,0.0089169260,0.0008233152,0.0000028061,0.0058719314,0.0008036679,-0.0000211840,-0.0404841790,-0.0272725712,0.0026906686
0.0845000000,0.0088964570,0.0008140577,0.0000027166,0.0058651878,0.0007991352,-0.0000207385,-0.0404376939,-0.0271189953,0.0026546556
0.0846666667,0.0088760349,0.0008049041,0.0000026294,0.0058584521,0.0007946281,-0.0000202990,-0.0403912620,-0.0269662795,0.0026188865
0.0848333333,0.0088556598,0.0007958534,0.0000025445,0.0058517240,0.0007901463,-0.0000198655,-0.0403448833,-0.0268144192,0.0025833639
0.0850000000,0.0088353313,0.0007869043,0.0000024620,0.0058450037,0.0007856898,-0.0000194379,-0.0402985576,-0.0266634096,0.0025480904
0.0851666667,0.0088150496,0.0007780557,0.0000023816,0.0058382911,0.0007812584,-0.0000190161,-0.0402522849,-0.0265132460,0.0025130686
0.0853333333,0.0087948144,0.0007693065,0.0000023035,0.0058315863,0.0007768519,-0.0000186002,-0.0402060652,-0.0263639239,0.0024783006
0.0855000000,0.0087746256,0.0007606556,0.0000022275,0.0058248891,0.0007724702,-0.0000181900,-0.0401598983,-0.0262154385,0.0024437888
0.0856666667,0.0087544832,0.0007521019,0.0000021537,0.0058181996,0.0007681133,-0.0000177855,-0.0401137844,-0.0260677853,0.0024095353
0.0858333333,0.0087343870,0.0007436442,0.0000020819,0.0058115178,0.0007637808,-0.0000173868,-0.0400677232,-0.0259209596,0.0023755419
0.0860000000,0.0087143369,0.0007352816,0.0000020121,0.0058048436,0.0007594728,-0.0000169936,-0.0400217147,-0.0257749570,0.0023418107
0.0861666667,0.0086943329,0.0007270129,0.0000019443,0.0057981771,0.0007551890,-0.0000166061,-0.0399757589,-0.0256297729,0.0023083433
0.0863333333,0.0086743747,0.0007188370,0.0000018784,0.0057915183,0.0007509294,-0.0000162242,-0.0399298557,-0.0254854027,0.0022751414
0.0865000000,0.0086544624,0.0007107531,0.0000018144,0.0057848671,0.0007466937,-0.0000158477,-0.0398840051,-0.0253418420,0.0022422065
0.0866666667,0.0086345958,0.0007027599,0.0000017523,0.0057782236,0.0007424819,-0.0000154767,-0.0398382069,-0.0251990863,0.0022095402
0.0868333333,0.0086147747,0.0006948566,0.0000016919,0.0057715877,0.0007382939,-0.0000151112,-0.0397924613,-0.0250571312,0.0021771436
0.0870000000,0.0085949992,0.0006870420,0.0000016333,0.0057649594,0.0007341294,-0.0000147510,-0.0397467680,-0.0249159723,0.0021450181
0.0871666667,0.0085752690,0.0006793153,0.0000015764,0.0057583387,0.0007299884,-0.0000143961,-0.0397011270,-0.0247756050,0.0021131649
0.0873333333,0.0085555842,0.0006716753,0.0000015213,0.0057517256,0.0007258707,-0.0000140466,-0.0396555383,-0.0246360252,0.0020815849
0.0875000000,0.0085359445,0.0006641212,0.0000014677,0.0057451202,0.0007217763,-0.0000137022,-0.0396100019,-0.0244972284,0.0020502791
0.0876666667,0.0085163499,0.0006566520,0.0000014158,0.0057385223,0.0007177048,-0.0000133631,-0.0395645176,-0.0243592103,0.0020192483
0.0878333333,0.0084968003,0.0006492667,0.0000013654,0.0057319319,0.0007136564,-0.0000130291,-0.0395190854,-0.0242219666,0.0019884934
0.0880000000,0.0084772955,0.0006419644,0.0000013165,0.0057253492,0.0007096307,-0.0000127002,-0.0394737053,-0.0240854930,0.0019580151
0.0881666667,0.0084578356,0.0006347442,0.0000012692,0.0057187740,0.0007056277,-0.0000123764,-0.0394283771,-0.0239497852,0.0019278138
0.0883333333,0.0084384203,0.0006276051,0.0000012232,0.0057122063,0.0007016473,-0.0000120576,-0.0393831009,-0.0238148391,0.0018978903
0.0885000000,0.0084190495,0.0006205462,0.0000011787,0.0057056462,0.0006976893,-0.0000117437,-0.0393378766,-0.0236806503,0.0018682448
0.0886666667,0.0083997232,0.0006135666,0.0000011356,0.0056990937,0.0006937536,-0.0000114348,-0.0392927041,-0.0235472148,0.0018388778
0.0888333333,0.0083804413,0.0006066655,0.0000010939,0.0056925486,0.0006898401,-0.0000111308,-0.0392475833,-0.0234145283,0.0018097895
0.0890000000,0.0083612036,0.0005998419,0.0000010534,0.0056860111,0.0006859486,-0.0000108315,-0.0392025143,-0.0232825867,0.0017809801
0.0891666667,0.0083420101,0.0005930950,0.0000010142,0.0056794811,0.0006820791,-0.0000105371,-0.0391574969,-0.0231513858,0.0017524499
0.0893333333,0.0083228607,0.0005864240,0.0000009763,0.0056729585,0.0006782314,-0.0000102473,-0.0391125311,-0.0230209216,0.0017241987
0.0895000000,0.0083037552,0.0005798279,0.0000009396,0.0056664435,0.0006744053,-0.0000099623,-0.0390676168,-0.0228911899,0.0016962267
0.0896666667,0.0082846935,0.0005733059,0.0000009041,0.0056599360,0.0006706008,-0.0000096819,-0.0390227541,-0.0227621867,0.0016685338
0.0898333333,0.0082656756,0.0005668573,0.0000008697,0.0056534359,0.0006668178,-0.0000094061,-0.0389779427,-0.0226339080,0.0016411197
0.0900000000,0.0082467014,0.0005604811,0.0000008365,0.0056469433,0.0006630561,-0.0000091348,-0.0389331827,-0.0225063498,0.0016139844
0.0901666667,0.0082277707,0.0005541766,0.0000008043,0.0056404581,0.0006593155,-0.0000088681,-0.0388884741,-0.0223795079,0.0015871275
0.0903333333,0.0082088834,0.0005479430,0.0000007732,0.0056339804,0.0006555961,-0.0000086058,-0.0388438167,-0.0222533786,0.0015605486
0.0905000000,0.0081900396,0.0005417794,0.0000007432,0.0056275101,0.0006518976,-0.0000083479,-0.0387992104,-0.0221279578,0.0015342475
0.0906666667,0.0081712389,0.0005356851,0.0000007141,0.0056210473,0.0006482200,-0.0000080943,-0.0387546554,-0.0220032415,0.0015082237
0.0908333333,0.0081524815,0.0005296593,0.0000006861,0.0056145919,0.0006445631,-0.0000078451,-0.0387101514,-0.0218792259,0.0014824766
0.0910000000,0.0081337670,0.0005237012,0.0000006589,0.0056081438,0.0006409268,-0.0000076001,-0.0386656984,-0.0217559071,0.0014570056
0.0911666667,0.0081150956,0.0005178102,0.0000006328,0.0056017032,0.0006373110,-0.0000073594,-0.0386212964,-0.0216332811,0.0014318103
0.0913333333,0.0080964670,0.0005119853,0.0000006075,0.0055952700,0.0006337156,-0.0000071228,-0.0385769453,-0.0215113442,0.0014068898
0.0915000000,0.0080778811,0.0005062259,0.0000005830,0.0055888442,0.0006301404,-0.0000068904,-0.0385326451,-0.0213900926,0.0013822436
0.0916666667,0.0080593380,0.0005005313,0.0000005595,0.0055824258,0.0006265854,-0.0000066621,-0.0384883957,-0.0212695223,0.0013578707
0.0918333333,0.0080408373,0.0004949007,0.0000005367,0.0055760147,0.0006230504,-0.0000064378,-0.0384441970,-0.0211496297,0.0013337704
0.0920000000,0.0080223792,0.0004893334,0.0000005148,0.0055696110,0.0006195354,-0.0000062175,-0.0384000491,-0.0210304109,0.0013099419
0.0921666667,0.0080039634,0.0004838286,0.0000004936,0.0055632146,0.0006160402,-0.0000060011,-0.0383559517,-0.0209118622,0.0012863842
0.0923333333,0.0079855899,0.0004783858,0.0000004732,0.0055568256,0.0006125647,-0.0000057886,-0.0383119049,-0.0207939798,0.0012630963
0.0925000000,0.0079672586,0.0004730041,0.0000004536,0.0055504440,0.0006091087,-0.0000055800,-0.0382679087,-0.0206767602,0.0012400773
0.0926666667,0.0079489693,0.0004676830,0.0000004346,0.0055440696,0.0006056723,-0.0000053753,-0.0382239629,-0.0205601994,0.0012173262
0.0928333333,0.0079307220,0.0004624217,0.0000004163,0.0055377026,0.0006022552,-0.0000051742,-0.0381800675,-0.0204442940,0.0011948418
0.0930000000,0.0079125166,0.0004572195,0.0000003987,0.0055313429,0.0005988574,-0.0000049769,-0.0381362224,-0.0203290403,0.0011726231
0.0931666667,0.0078943530,0.0004520758,0.0000003818,0.0055249905,0.0005954787,-0.0000047833,-0.0380924277,-0.0202144345,0.0011506688
0.0933333333,0.0078762311,0.0004469900,0.0000003655,0.0055186454,0.0005921191,-0.0000045934,-0.0380486832,-0.0201004732,0.0011289779
0.0935000000,0.0078581508,0.0004419613,0.0000003498,0.0055123075,0.0005887785,-0.0000044070,-0.0380049888,-0.0199871527,0.0011075491
0.0936666667,0.0078401120,0.0004369892,0.0000003347,0.0055059770,0.0005854566,-0.0000042242,-0.0379613446,-0.0198744695,0.0010863811
0.0938333333,0.0078221146,0.0004320730,0.0000003201,0.0054996537,0.0005821535,-0.0000040448,-0.0379177505,-0.0197624199,0.0010654726
0.0940000000,0.0078041585,0.0004272120,0.0000003061,0.0054933377,0.0005788690,-0.0000038690,-0.0378742064,-0.0196510005,0.0010448223
0.0941666667,0.0077862437,0.0004224058,0.0000002927,0.0054870289,0.0005756031,-0.0000036965,-0.0378307122,-0.0195402078,0.0010244289
0.0943333333,0.0077683699,0.0004176535,0.0000002798,0.0054807274,0.0005723555,-0.0000035275,-0.0377872679,-0.0194300382,0.0010042910
0.0945000000,0.0077505372,0.0004129547,0.0000002674,0.0054744331,0.0005691263,-0.0000033618,-0.0377438735,-0.0193204883,0.0009844071
0.0946666667,0.0077327454,0.0004083087,0.0000002554,0.0054681461,0.0005659152,-0.0000031993,-0.0377005288,-0.0192115546,0.0009647759
0.0948333333,0.0077149945,0.0004037150,0.0000002440,0.0054618662,0.0005627223,-0.0000030401,-0.0376572339,-0.0191032336,0.0009453959
0.0950000000,0.0076972843,0.0003991730,0.0000002330,0.0054555936,0.0005595474,-0.0000028842,-0.0376139887,-0.0189955221,0.0009262655
0.0951666667,0.0076796147,0.0003946820,0.0000002224,0.0054493282,0.0005563904,-0.0000027314,-0.0375707931,-0.0188884165,0.0009073833
0.0953333333,0.0076619857,0.0003902415,0.0000002123,0.0054430700,0.0005532511,-0.0000025817,-0.0375276470,-0.0187819135,0.0008887478
0.0955000000,0.0076443972,0.0003858509,0.0000002025,0.0054368189,0.0005501296,-0.0000024351,-0.0374845505,-0.0186760097,0.0008703573
0.0956666667,0.0076268491,0.0003815097,0.0000001932,0.0054305751,0.0005470257,-0.0000022916,-0.0374415034,-0.0185707018,0.0008522103
0.0958333333,0.0076093412,0.0003772174,0.0000001843,0.0054243384,0.0005439393,-0.0000021510,-0.0373985057,-0.0184659864,0.0008343052
0.0960000000,0.0075918735,0.0003729733,0.0000001757,0.0054181089,0.0005408702,-0.0000020134,-0.0373555573,-0.0183618603,0.0008166404
0.0961666667,0.0075744460,0.0003687769,0.0000001675,0.0054118865,0.0005378185,-0.0000018788,-0.0373126583,-0.0182583200,0.0007992142
0.0963333333,0.0075570584,0.0003646277,0.0000001597,0.0054056713,0.0005347840,-0.0000017470,-0.0372698084,-0.0181553625,0.0007820250
0.0965000000,0.0075397107,0.0003605252,0.0000001521,0.0053994632,0.0005317666,-0.0000016181,-0.0372270078,-0.0180529843,0.0007650712
0.0966666667,0.0075224029,0.0003564689,0.0000001449,0.0053932622,0.0005287663,-0.0000014920,-0.0371842562,-0.0179511824,0.0007483509
0.0968333333,0.0075051348,0.0003524581,0.0000001381,0.0053870684,0.0005257828,-0.0000013686,-0.0371415537,-0.0178499534,0.0007318625
0.0970000000,0.0074879063,0.0003484925,0.0000001315,0.0053808817,0.0005228162,-0.0000012480,-0.0370989002,-0.0177492941,0.0007156044
0.0971666667,0.0074707174,0.0003445714,0.0000001252,0.0053747020,0.0005198663,-0.0000011301,-0.0370562957,-0.0176492014,0.0006995747
0.0973333333,0.0074535679,0.0003406945,0.0000001192,0.0053685295,0.0005169330,-0.0000010148,-0.0370137401,-0.0175496721,0.0006837717
0.0975000000,0.0074364578,0.0003368611,0.0000001134,0.0053623641,0.0005140163,-0.0000009021,-0.0369712333,-0.0174507030,0.0006681937
0.0976666667,0.0074193870,0.0003330709,0.0000001079,0.0053562057,0.0005111160,-0.0000007920,-0.0369287753,-0.0173522910,0.0006528389
0.0978333333,0.0074023554,0.0003293233,0.0000001027,0.0053500544,0.0005082321,-0.0000006845,-0.0368863660,-0.0172544331,0.0006377055
0.0980000000,0.0073853628,0.0003256179,0.0000000977,0.0053439102,0.0005053644,-0.0000005795,-0.0368440054,-0.0171571260,0.0006227917
0.0981666667,0.0073684093,0.0003219541,0.0000000929,0.0053377731,0.0005025129,-0.0000004769,-0.0368016934,-0.0170603667,0.0006080957
0.0983333333,0.0073514947,0.0003183315,0.0000000884,0.0053316429,0.0004996775,-0.0000003767,-0.0367594299,-0.0169641522,0.0005936157
0.0985000000,0.0073346189,0.0003147497,0.0000000841,0.0053255199,0.0004968581,-0.0000002790,-0.0367172150,-0.0168684794,0.0005793500
0.0986666667,0.0073177818,0.0003112082,0.0000000800,0.0053194038,0.0004940546,-0.0000001836,-0.0366750486,-0.0167733452,0.0005652966
0.0988333333,0.0073009834,0.0003077065,0.0000000760,0.0053132948,0.0004912669,-0.0000000906,-0.0366329305,-0.0166787467,0.0005514537
0.0990000000,0.0072842236,0.0003042442,0.0000000723,0.0053071928,0.0004884949,0.0000000002,-0.0365908608,-0.0165846808,0.0005378196
0.0991666667,0.0072675022,0.0003008208,0.0000000688,0.0053010978,0.0004857386,0.0000000887,-0.0365488394,-0.0164911446,0.0005243923
0.0993333333,0.0072508192,0.0002974359,0.0000000654,0.0052950098,0.0004829978,0.0000001750,-0.0365068662,-0.0163981351,0.0005111700
0.0995000000,0.0072341745,0.0002940891,0.0000000622,0.0052889288,0.0004802724,0.0000002591,-0.0364649412,-0.0163056494,0.0004981509
0.0996666667,0.0072175681,0.0002907800,0.0000000591,0.0052828548,0.0004775625,0.0000003411,-0.0364230643,-0.0162136845,0.0004853331
0.0998333333,0.0072009997,0.0002875081,0.0000000563,0.0052767877,0.0004748678,0.0000004209,-0.0363812354,-0.0161222375,0.0004727147
0.1000000000,0.0071844694,0.0002842730,0.0000000535,0.0052707277,0.0004721883,0.0000004987,-0.0363394546,-0.0160313055,0.0004602940
0.1001666667,0.0071679770,0.0002810742,0.0000000509,0.0052646746,0.0004695239,0.0000005744,-0.0362977218,-0.0159408855,0.0004480689
0.1003333333,0.0071515225,0.0002779115,0.0000000485,0.0052586284,0.0004668746,0.0000006480,-0.0362560369,-0.0158509749,0.0004360378
0.1005000000,0.0071351057,0.0002747843,0.0000000461,0.0052525892,0.0004642402,0.0000007197,-0.0362143998,-0.0157615706,0.0004241986
0.1006666667,0.0071187266,0.0002716923,0.0000000439,0.0052465569,0.0004616206,0.0000007895,-0.0361728105,-0.0156726699,0.0004125495
0.1008333333,0.0071023852,0.0002686351,0.0000000418,0.0052405315,0.0004590158,0.0000008573,-0.0361312689,-0.0155842699,0.0004010887
0.1010000000,0.0070860812,0.0002656123,0.0000000399,0.0052345131,0.0004564258,0.0000009232,-0.0360897751,-0.0154963679,0.0003898143
0.1011666667,0.0070698147,0.0002626235,0.0000000380,0.0052285015,0.0004538503,0.0000009872,-0.0360483289,-0.0154089609,0.0003787244
0.1013333333,0.0070535855,0.0002596683,0.0000000363,0.0052224969,0.0004512893,0.0000010494,-0.0360069302,-0.0153220464,0.0003678172
0.1015000000,0.0070373936,0.0002567463,0.0000000346,0.0052164992,0.0004487428,0.0000011098,-0.0359655791,-0.0152356214,0.0003570907
0.1016666667,0.0070212388,0.0002538573,0.0000000331,0.0052105084,0.0004462107,0.0000011685,-0.0359242755,-0.0151496833,0.0003465432
0.1018333333,0.0070051211,0.0002510007,0.0000000316,0.0052045244,0.0004436929,0.0000012254,-0.0358830192,-0.0150642293,0.0003361728
0.1020000000,0.0069890404,0.0002481762,0.0000000302,0.0051985473,0.0004411892,0.0000012805,-0.0358418104,-0.0149792567,0.0003259776
0.1021666667,0.0069729967,0.0002453836,0.0000000289,0.0051925771,0.0004386997,0.0000013340,-0.0358006488,-0.0148947628,0.0003159558
0.1023333333,0.0069569897,0.0002426223,0.0000000277,0.0051866137,0.0004362242,0.0000013859,-0.0357595345,-0.0148107449,0.0003061054
0.1025000000,0.0069410195,0.0002398921,0.0000000265,0.0051806572,0.0004337627,0.0000014361,-0.0357184674,-0.0147272004,0.0002964248
0.1026666667,0.0069250860,0.0002371927,0.0000000255,0.0051747075,0.0004313151,0.0000014847,-0.0356774475,-0.0146441265,0.0002869120
0.1028333333,0.0069091890,0.0002345235,0.0000000245,0.0051687647,0.0004288812,0.0000015317,-0.0356364746,-0.0145615208,0.0002775651
0.1030000000,0.0068933286,0.0002318845,0.0000000235,0.0051628286,0.0004264611,0.0000015772,-0.0355955488,-0.0144793804,0.0002683824
0.1031666667,0.0068775045,0.0002292751,0.0000000227,0.0051568994,0.0004240547,0.0000016212,-0.0355546700,-0.0143977029,0.0002593621
0.1033333333,0.0068617168,0.0002266950,0.0000000218,0.0051509770,0.0004216618,0.0000016637,-0.0355138381,-0.0143164856,0.0002505022
0.1035000000,0.0068459653,0.0002241440,0.0000000211,0.0051450615,0.0004192824,0.0000017047,-0.0354730530,-0.0142357259,0.0002418011
0.1036666667,0.0068302499,0.0002216217,0.0000000204,0.0051391527,0.0004169165,0.0000017443,-0.0354323149,-0.0141554213,0.0002332568
0.1038333333,0.0068145707,0.0002191278,0.0000000197,0.0051332506,0.0004145639,0.0000017825,-0.0353916234,-0.0140755691,0.0002248676
0.1040000000,0.0067989274,0.0002166619,0.0000000191,0.0051273554,0.0004122245,0.0000018192,-0.0353509787,-0.0139961670,0.0002166318
0.1041666667,0.0067833200,0.0002142238,0.0000000185,0.0051214669,0.0004098984,0.0000018547,-0.0353103807,-0.0139172123,0.0002085474
0.1043333333,0.0067677485,0.0002118131,0.0000000180,0.0051155852,0.0004075854,0.0000018888,-0.0352698293,-0.0138387025,0.0002006127
0.1045000000,0.0067522127,0.0002094295,0.0000000175,0.0051097103,0.0004052854,0.0000019216,-0.0352293244,-0.0137606352,0.0001928259
0.1046666667,0.0067367126,0.0002070727,0.0000000170,0.0051038421,0.0004029984,0.0000019531,-0.0351888661,-0.0136830078,0.0001851854
0.1048333333,0.0067212480,0.0002047425,0.0000000166,0.0050979806,0.0004007243,0.0000019833,-0.0351484542,-0.0136058179,0.0001776892
0.1050000000,0.0067058190,0.0002024385,0.0000000162,0.0050921259,0.0003984631,0.0000020123,-0.0351080887,-0.0135290630,0.0001703357
0.1051666667,0.0066904254,0.0002001604,0.0000000159,0.0050862779,0.0003962146,0.0000020401,-0.0350677695,-0.0134527407,0.0001631232
0.1053333333,0.0066750671,0.0001979079,0.0000000156,0.0050804366,0.0003939787,0.0000020667,-0.0350274966,-0.0133768486,0.0001560498
0.1055000000,0.0066597440,0.0001956807,0.0000000153,0.0050746020,0.0003917555,0.0000020921,-0.0349872700,-0.0133013842,0.0001491139
0.1056666667,0.0066444562,0.0001934787,0.0000000150,0.0050687741,0.0003895449,0.0000021164,-0.0349470896,-0.0132263451,0.0001423138
0.1058333333,0.0066292034,0.0001913014,0.0000000148,0.0050629529,0.0003873467,0.0000021395,-0.0349069553,-0.0131517289,0.0001356477
0.1060000000,0.0066139857,0.0001891486,0.0000000145,0.0050571384,0.0003851609,0.0000021616,-0.0348668671,-0.0130775333,0.0001291140
0.1061666667,0.0065988029,0.0001870200,0.0000000143,0.0050513306,0.0003829874,0.0000021826,-0.0348268249,-0.0130037559,0.0001227109
0.1063333333,0.0065836549,0.0001849154,0.0000000142,0.0050455294,0.0003808262,0.0000022025,-0.0347868287,-0.0129303944,0.0001164368
0.1065000000,0.0065685417,0.0001828344,0.0000000140,0.0050397350,0.0003786772,0.0000022214,-0.0347468784,-0.0128574463,0.0001102900
0.1066666667,0.0065534632,0.0001807769,0.0000000138,0.0050339471,0.0003765403,0.0000022393,-0.0347069740,-0.0127849095,0.0001042690
0.1068333333,0.0065384193,0.0001787425,0.0000000137,0.0050281659,0.0003744155,0.0000022562,-0.0346671154,-0.0127127815,0.0000983719
0.1070000000,0.0065234099,0.0001767310,0.0000000136,0.0050223914,0.0003723027,0.0000022721,-0.0346273025,-0.0126410602,0.0000925972
0.1071666667,0.0065084351,0.0001747421,0.0000000135,0.0050166234,0.0003702017,0.0000022870,-0.0345875354,-0.0125697431,0.0000869433
0.1073333333,0.0064934945,0.0001727756,0.0000000134,0.0050108621,0.0003681127,0.0000023011,-0.0345478140,-0.0124988280,0.0000814085
0.1075000000,0.0064785883,0.0001708312,0.0000000133,0.0050051075,0.0003660354,0.0000023142,-0.0345081381,-0.0124283127,0.0000759913
0.1076666667,0.0064637163,0.0001689088,0.0000000133,0.0049993594,0.0003639698,0.0000023264,-0.0344685079,-0.0123581949,0.0000706900
0.1078333333,0.0064488784,0.0001670079,0.0000000132,0.0049936179,0.0003619159,0.0000023378,-0.0344289231,-0.0122884724,0.0000655031
0.1080000000,0.0064340746,0.0001651284,0.0000000132,0.0049878830,0.0003598736,0.0000023482,-0.0343893838,-0.0122191430,0.0000604290
0.1081666667,0.0064193048,0.0001632701,0.0000000131,0.0049821547,0.0003578428,0.0000023579,-0.0343498898,-0.0121502044,0.0000554662
0.1083333333,0.0064045689,0.0001614327,0.0000000131,0.0049764330,0.0003558235,0.0000023667,-0.0343104413,-0.0120816544,0.0000506130
0.1085000000,0.0063898668,0.0001596160,0.0000000130,0.0049707179,0.0003538155,0.0000023748,-0.0342710380,-0.0120134909,0.0000458680
0.1086666667,0.0063751984,0.0001578197,0.0000000130,0.0049650093,0.0003518189,0.0000023820,-0.0342316800,-0.0119457117,0.0000412296
0.1088333333,0.0063605638,0.0001560436,0.0000000130,0.0049593073,0.0003498335,0.0000023885,-0.0341923671,-0.0118783147,0.0000366964
0.1090000000,0.0063459627,0.0001542875,0.0000000130,0.0049536118,0.0003478594,0.0000023943,-0.0341530994,-0.0118112976,0.0000322668
0.1091666667,0.0063313951,0.0001525512,0.0000000130,0.0049479229,0.0003458964,0.0000023993,-0.0341138768,-0.0117446584,0.0000279393
0.1093333333,0.0063168610,0.0001508344,0.0000000130,0.0049422405,0.0003439444,0.0000024036,-0.0340746993,-0.0116783948,0.0000237125
0.1095000000,0.0063023602,0.0001491369,0.0000000130,0.0049365646,0.0003420035,0.0000024072,-0.0340355667,-0.0116125049,0.0000195849
0.1096666667,0.0062878928,0.0001474585,0.0000000130,0.0049308953,0.0003400735,0.0000024101,-0.0339964791,-0.0115469865,0.0000155550
0.1098333333,0.0062734585,0.0001457990,0.0000000130,0.0049252324,0.0003381544,0.0000024124,-0.0339574363,-0.0114818375,0.0000116215
0.1100000000,0.0062590574,0.0001441582,0.0000000130,0.0049195761,0.0003362462,0.0000024140,-0.0339184384,-0.0114170559,0.0000077828
0.1101666667,0.0062446893,0.0001425358,0.0000000130,0.0049139262,0.0003343487,0.0000024150,-0.0338794853,-0.0113526395,0.0000040375
0.1103333333,0.0062303543,0.0001409317,0.0000000130,0.0049082829,0.0003324619,0.0000024153,-0.0338405768,-0.0112885863,0.0000003844
0.1105000000,0.0062160521,0.0001393457,0.0000000130,0.0049026460,0.0003305858,0.0000024151,-0.0338017131,-0.0112248943,-0.0000031782
0.1106666667,0.0062017827,0.0001377775,0.0000000130,0.0048970156,0.0003287202,0.0000024143,-0.0337628940,-0.0111615614,-0.0000066514
0.1108333333,0.0061875461,0.0001362269,0.0000000129,0.0048913917,0.0003268652,0.0000024129,-0.0337241195,-0.0110985857,-0.0000100367
0.1110000000,0.0061733422,0.0001346938,0.0000000129,0.0048857742,0.0003250206,0.0000024109,-0.0336853895,-0.0110359651,-0.0000133354
0.1111666667,0.0061591709,0.0001331779,0.0000000129,0.0048801631,0.0003231864,0.0000024085,-0.0336467040,-0.0109736975,-0.0000165490
0.1113333333,0.0061450322,0.0001316791,0.0000000129,0.0048745586,0.0003213626,0.0000024054,-0.0336080629,-0.0109117811,-0.0000196786
0.1115000000,0.0061309259,0.0001301972,0.0000000129,0.0048689604,0.0003195491,0.0000024019,-0.0335694661,-0.0108502139,-0.0000227256
0.1116666667,0.0061168519,0.0001287319,0.0000000129,0.0048633687,0.0003177458,0.0000023979,-0.0335309137,-0.0107889938,-0.0000256914
0.1118333333,0.0061028103,0.0001272832,0.0000000129,0.0048577834,0.0003159527,0.0000023933,-0.0334924056,-0.0107281190,-0.0000285772
0.1120000000,0.0060888009,0.0001258507,0.0000000129,0.0048522045,0.0003141697,0.0000023883,-0.0334539417,-0.0106675874,-0.0000313843
0.1121666667,0.0060748237,0.0001244343,0.0000000129,0.0048466321,0.0003123968,0.0000023829,-0.0334155219,-0.0106073972,-0.0000341140
0.1123333333,0.0060608785,0.0001230339,0.0000000129,0.0048410660,0.0003106339,0.0000023770,-0.0333771463,-0.0105475464,-0.0000367675
0.1125000000,0.0060469654,0.0001216493,0.0000000129,0.0048355063,0.0003088809,0.0000023706,-0.0333388147,-0.0104880332,-0.0000393460
0.1126666667,0.0060330842,0.0001202802,0.0000000128,0.0048299530,0.0003071378,0.0000023639,-0.0333005272,-0.0104288555,-0.0000418509
0.1128333333,0.0060192349,0.0001189265,0.0000000128,0.0048244061,0.0003054045,0.0000023567,-0.0332622836,-0.0103700116,-0.0000442832
0.1130000000,0.0060054173,0.0001175881,0.0000000128,0.0048188655,0.0003036811,0.0000023491,-0.0332240840,-0.0103114996,-0.0000466443
0.1131666667,0.0059916315,0.0001162647,0.0000000128,0.0048133313,0.0003019673,0.0000023411,-0.0331859282,-0.0102533175,-0.0000489352
0.1133333333,0.0059778773,0.0001149562,0.0000000127,0.0048078035,0.0003002632,0.0000023328,-0.0331478162,-0.0101954636,-0.0000511573
0.1135000000,0.0059641547,0.0001136625,0.0000000127,0.0048022820,0.0002985688,0.0000023241,-0.0331097480,-0.0101379359,-0.0000533116
0.1136666667,0.0059504636,0.0001123833,0.0000000127,0.0047967669,0.0002968839,0.0000023150,-0.0330717235,-0.0100807327,-0.0000553993
0.1138333333,0.0059368040,0.0001111185,0.0000000126,0.0047912581,0.0002952085,0.0000023056,-0.0330337427,-0.0100238521,-0.0000574216
0.1140000000,0.0059231757,0.0001098679,0.0000000126,0.0047857556,0.0002935425,0.0000022959,-0.0329958055,-0.0099672923,-0.0000593796
0.1141666667,0.0059095786,0.0001086314,0.0000000125,0.0047802594,0.0002918860,0.0000022858,-0.0329579118,-0.0099110515,-0.0000612743
0.1143333333,0.0058960128,0.0001074088,0.0000000125,0.0047747696,0.0002902388,0.0000022755,-0.0329200617,-0.0098551279,-0.0000631070
0.1145000000,0.0058824781,0.0001062000,0.0000000124,0.0047692861,0.0002886009,0.0000022648,-0.0328822551,-0.0097995197,-0.0000648786
0.1146666667,0.0058689745,0.0001050048,0.0000000124,0.0047638088,0.0002869722,0.0000022538,-0.0328444918,-0.0097442251,-0.0000665903
0.1148333333,0.0058555019,0.0001038230,0.0000000123,0.0047583378,0.0002853527,0.0000022426,-0.0328067719,-0.0096892424,-0.0000682432
0.1150000000,0.0058420602,0.0001026546,0.0000000123,0.0047528732,0.0002837424,0.0000022311,-0.0327690954,-0.0096345698,-0.0000698383
0.1151666667,0.0058286494,0.0001014992,0.0000000122,0.0047474148,0.0002821412,0.0000022193,-0.0327314621,-0.0095802056,-0.0000713766
0.1153333333,0.0058152694,0.0001003569,0.0000000121,0.0047419626,0.0002805489,0.0000022073,-0.0326938720,-0.0095261480,-0.0000728592
0.1155000000,0.0058019201,0.0000992274,0.0000000121,0.0047365168,0.0002789657,0.0000021950,-0.0326563251,-0.0094723953,-0.0000742871
0.1156666667,0.0057886014,0.0000981107,0.0000000120,0.0047310772,0.0002773914,0.0000021825,-0.0326188213,-0.0094189458,-0.0000756614
0.1158333333,0.0057753133,0.0000970065,0.0000000119,0.0047256438,0.0002758260,0.0000021698,-0.0325813606,-0.0093657978,-0.0000769829
0.1160000000,0.0057620557,0.0000959147,0.0000000119,0.0047202167,0.0002742694,0.0000021569,-0.0325439429,-0.0093129495,-0.0000782527
0.1161666667,0.0057488285,0.0000948353,0.0000000118,0.0047147958,0.0002727216,0.0000021437,-0.0325065681,-0.0092603994,-0.0000794718
0.1163333333,0.0057356317,0.0000937679,0.0000000117,0.0047093811,0.0002711826,0.0000021304,-0.0324692363,-0.0092081456,-0.0000806412
0.1165000000,0.0057224652,0.0000927126,0.0000000116,0.0047039727,0.0002696522,0.0000021169,-0.0324319474,-0.0091561866,-0.0000817617
0.1166666667,0.0057093289,0.0000916692,0.0000000115,0.0046985704,0.0002681305,0.0000021031,-0.0323947012,-0.0091045207,-0.0000828343
0.1168333333,0.0056962228,0.0000906375,0.0000000114,0.0046931744,0.0002666173,0.0000020892,-0.0323574979,-0.0090531462,-0.0000838599
0.1170000000,0.0056831467,0.0000896174,0.0000000114,0.0046877846,0.0002651127,0.0000020752,-0.0323203373,-0.0090020615,-0.0000848396
0.1171666667,0.0056701007,0.0000886088,0.0000000113,0.0046824009,0.0002636166,0.0000020610,-0.0322832193,-0.0089512649,-0.0000857740
0.1173333333,0.0056570846,0.0000876115,0.0000000112,0.0046770234,0.0002621289,0.0000020466,-0.0322461440,-0.0089007549,-0.0000866643
0.1175000000,0.0056440984,0.0000866255,0.0000000111,0.0046716522,0.0002606496,0.0000020321,-0.0322091113,-0.0088505298,-0.0000875112
0.1176666667,0.0056311420,0.0000856506,0.0000000110,0.0046662870,0.0002591787,0.0000020174,-0.0321721210,-0.0088005880,-0.0000883155
0.1178333333,0.0056182154,0.0000846866,0.0000000109,0.0046609281,0.0002577160,0.0000020026,-0.0321351733,-0.0087509279,-0.0000890783
0.1180000000,0.0056053184,0.0000837335,0.0000000108,0.0046555753,0.0002562616,0.0000019877,-0.0320982680,-0.0087015479,-0.0000898002
0.1181666667,0.0055924510,0.0000827911,0.0000000107,0.0046502286,0.0002548154,0.0000019727,-0.0320614051,-0.0086524465,-0.0000904822
0.1183333333,0.0055796132,0.0000818593,0.0000000106,0.0046448881,0.0002533774,0.0000019576,-0.0320245845,-0.0086036221,-0.0000911251
0.1185000000,0.0055668048,0.0000809380,0.0000000105,0.0046395537,0.0002519475,0.0000019423,-0.0319878062,-0.0085550731,-0.0000917296
0.1186666667,0.0055540259,0.0000800271,0.0000000104,0.0046342255,0.0002505257,0.0000019270,-0.0319510701,-0.0085067980,-0.0000922967
0.1188333333,0.0055412762,0.0000791264,0.0000000103,0.0046289033,0.0002491119,0.0000019116,-0.0319143762,-0.0084587952,-0.0000928270
0.1190000000,0.0055285559,0.0000782358,0.0000000102,0.0046235873,0.0002477060,0.0000018961,-0.0318777245,-0.0084110631,-0.0000933214
0.1191666667,0.0055158647,0.0000773553,0.0000000100,0.0046182774,0.0002463081,0.0000018805,-0.0318411148,-0.0083636004,-0.0000937806
0.1193333333,0.0055032027,0.0000764847,0.0000000099,0.0046129735,0.0002449181,0.0000018648,-0.0318045472,-0.0083164054,-0.0000942055
0.1195000000,0.0054905698,0.0000756239,0.0000000098,0.0046076758,0.0002435360,0.0000018491,-0.0317680216,-0.0082694766,-0.0000945967
0.1196666667,0.0054779658,0.0000747728,0.0000000097,0.0046023842,0.0002421616,0.0000018333,-0.0317315379,-0.0082228126,-0.0000949549
0.1198333333,0.0054653908,0.0000739312,0.0000000096,0.0045970986,0.0002407950,0.0000018174,-0.0316950961,-0.0081764118,-0.0000952810
0.1200000000,0.0054528446,0.0000730991,0.0000000095,0.0045918191,0.0002394361,0.0000018015,-0.0316586962,-0.0081302728,-0.0000955756
0.1201666667,0.0054403273,0.0000722764,0.0000000094,0.0045865457,0.0002380848,0.0000017856,-0.0316223381,-0.0080843940,-0.0000958395
0.1203333333,0.0054278386,0.0000714630,0.0000000093,0.0045812783,0.0002367412,0.0000017696,-0.0315860217,-0.0080387741,-0.0000960733
0.1205000000,0.0054153787,0.0000706587,0.0000000091,0.0045760169,0.0002354052,0.0000017535,-0.0315497471,-0.0079934116,-0.0000962778
0.1206666667,0.0054029473,0.0000698634,0.0000000090,0.0045707617,0.0002340767,0.0000017375,-0.0315135141,-0.0079483049,-0.0000964535
0.1208333333,0.0053905445,0.0000690771,0.0000000089,0.0045655124,0.0002327557,0.0000017214,-0.0314773227,-0.0079034528,-0.0000966013
0.1210000000,0.0053781702,0.0000682997,0.0000000088,0.0045602692,0.0002314422,0.0000017053,-0.0314411728,-0.0078588536,-0.0000967217
0.1211666667,0.0053658242,0.0000675310,0.0000000087,0.0045550320,0.0002301360,0.0000016891,-0.0314050645,-0.0078145061,-0.0000968154
0.1213333333,0.0053535066,0.0000667709,0.0000000086,0.0045498008,0.0002288373,0.0000016730,-0.0313689977,-0.0077704087,-0.0000968830
0.1215000000,0.0053412173,0.0000660194,0.0000000084,0.0045445756,0.0002275459,0.0000016568,-0.0313329722,-0.0077265602,-0.0000969252
0.1216666667,0.0053289562,0.0000652764,0.0000000083,0.0045393564,0.0002262617,0.0000016407,-0.0312969882,-0.0076829590,-0.0000969426
0.1218333333,0.0053167232,0.0000645417,0.0000000082,0.0045341432,0.0002249848,0.0000016245,-0.0312610455,-0.0076396038,-0.0000969358
0.1220000000,0.0053045184,0.0000638153,0.0000000081,0.0045289360,0.0002237151,0.0000016084,-0.0312251440,-0.0075964932,-0.0000969054
0.1221666667,0.0052923415,0.0000630971,0.0000000080,0.0045237348,0.0002224526,0.0000015922,-0.0311892838,-0.0075536258,-0.0000968520
0.1223333333,0.0052801926,0.0000623869,0.0000000079,0.0045185396,0.0002211972,0.0000015761,-0.0311534647,-0.0075110002,-0.0000967761
0.1225000000,0.0052680716,0.0000616848,0.0000000077,0.0045133503,0.0002199489,0.0000015600,-0.0311176868,-0.0074686152,-0.0000966784
0.1226666667,0.0052559784,0.0000609905,0.0000000076,0.0045081670,0.0002187076,0.0000015439,-0.0310819500,-0.0074264692,-0.0000965595
0.1228333333,0.0052439129,0.0000603041,0.0000000075,0.0045029896,0.0002174734,0.0000015278,-0.0310462542,-0.0073845611,-0.0000964198
0.1230000000,0.0052318752,0.0000596254,0.0000000074,0.0044978182,0.0002162461,0.0000015117,-0.0310105995,-0.0073428894,-0.0000962600
0.1231666667,0.0052198651,0.0000589543,0.0000000073,0.0044926527,0.0002150257,0.0000014957,-0.0309749856,-0.0073014527,-0.0000960805
0.1233333333,0.0052078825,0.0000582908,0.0000000072,0.0044874932,0.0002138122,0.0000014797,-0.0309394127,-0.0072602499,-0.0000958819
0.1235000000,0.0051959275,0.0000576347,0.0000000070,0.0044823395,0.0002126056,0.0000014637,-0.0309038806,-0.0072192795,-0.0000956648
0.1236666667,0.0051839999,0.0000569860,0.0000000069,0.0044771918,0.0002114057,0.0000014478,-0.0308683893,-0.0071785403,-0.0000954296
0.1238333333,0.0051720997,0.0000563447,0.0000000068,0.0044720500,0.0002102127,0.0000014319,-0.0308329388,-0.0071380310,-0.0000951768
0.1240000000,0.0051602268,0.0000557105,0.0000000067,0.0044669141,0.0002090264,0.0000014161,-0.0307975290,-0.0070977501,-0.0000949070
0.1241666667,0.0051483812,0.0000550835,0.0000000066,0.0044617841,0.0002078467,0.0000014003,-0.0307621598,-0.0070576966,-0.0000946206
0.1243333333,0.0051365628,0.0000544635,0.0000000065,0.0044566600,0.0002066737,0.0000013845,-0.0307268313,-0.0070178690,-0.0000943181
0.1245000000,0.0051247714,0.0000538505,0.0000000064,0.0044515418,0.0002055074,0.0000013688,-0.0306915434,-0.0069782662,-0.0000940001
0.1246666667,0.0051130072,0.0000532445,0.0000000063,0.0044464295,0.0002043476,0.0000013532,-0.0306562959,-0.0069388867,-0.0000936668
0.1248333333,0.0051012700,0.0000526452,0.0000000061,0.0044413230,0.0002031944,0.0000013376,-0.0306210890,-0.0068997295,-0.0000933189
0.1250000000,0.0050895597,0.0000520527,0.0000000060,0.0044362224,0.0002020477,0.0000013221,-0.0305859225,-0.0068607932,-0.0000929568
0.1251666667,0.0050778763,0.0000514668,0.0000000059,0.0044311277,0.0002009074,0.0000013066,-0.0305507964,-0.0068220766,-0.0000925808
0.1253333333,0.0050662197,0.0000508876,0.0000000058,0.0044260388,0.0001997736,0.0000012912,-0.0305157106,-0.0067835784,-0.0000921916
0.1255000000,0.0050545898,0.0000503148,0.0000000057,0.0044209557,0.0001986462,0.0000012759,-0.0304806651,-0.0067452974,-0.0000917893
0.1256666667,0.0050429867,0.0000497485,0.0000000056,0.0044158785,0.0001975251,0.0000012606,-0.0304456598,-0.0067072325,-0.0000913746
0.1258333333,0.0050314102,0.0000491886,0.0000000055,0.0044108072,0.0001964104,0.0000012455,-0.0304106948,-0.0066693822,-0.0000909477
0.1260000000,0.0050198603,0.0000486350,0.0000000054,0.0044057416,0.0001953020,0.0000012303,-0.0303757699,-0.0066317456,-0.0000905092
0.1261666667,0.0050083368,0.0000480876,0.0000000053,0.0044006819,0.0001941998,0.0000012153,-0.0303408851,-0.0065943213,-0.0000900594
0.1263333333,0.0049968399,0.0000475464,0.0000000052,0.0043956279,0.0001931038,0.0000012003,-0.0303060404,-0.0065571082,-0.0000895986
0.1265000000,0.0049853693,0.0000470113,0.0000000051,0.0043905798,0.0001920140,0.0000011854,-0.0302712357,-0.0065201050,-0.0000891274
0.1266666667,0.0049739251,0.0000464821,0.0000000050,0.0043855375,0.0001909304,0.0000011706,-0.0302364709,-0.0064833106,-0.0000886460
0.1268333333,0.0049625071,0.0000459590,0.0000000049,0.0043805010,0.0001898529,0.0000011559,-0.0302017461,-0.0064467238,-0.0000881548
0.1270000000,0.0049511154,0.0000454417,0.0000000048,0.0043754702,0.0001887815,0.0000011412,-0.0301670612,-0.0064103435,-0.0000876542
0.1271666667,0.0049397498,0.0000449303,0.0000000047,0.0043704452,0.0001877161,0.0000011266,-0.0301324161,-0.0063741684,-0.0000871446
0.1273333333,0.0049284102,0.0000444246,0.0000000046,0.0043654260,0.0001866567,0.0000011122,-0.0300978108,-0.0063381974,-0.0000866262
0.1275000000,0.0049170968,0.0000439246,0.0000000045,0.0043604126,0.0001856033,0.0000010978,-0.0300632452,-0.0063024294,-0.0000860995
0.1276666667,0.0049058092,0.0000434302,0.0000000044,0.0043554049,0.0001845559,0.0000010835,-0.0300287194,-0.0062668633,-0.0000855648
0.1278333333,0.0048945476,0.0000429414,0.0000000043,0.0043504030,0.0001835143,0.0000010692,-0.0299942331,-0.0062314978,-0.0000850224
0.1280000000,0.0048833119,0.0000424581,0.0000000043,0.0043454068,0.0001824787,0.0000010551,-0.0299597865,-0.0061963318,-0.0000844726
0.1281666667,0.0048721019,0.0000419802,0.0000000042,0.0043404164,0.0001814488,0.0000010411,-0.0299253795,-0.0061613643,-0.0000839157
0.1283333333,0.0048609177,0.0000415077,0.0000000041,0.0043354316,0.0001804248,0.0000010272,-0.0298910119,-0.0061265940,-0.0000833521
0.1285000000,0.0048497592,0.0000410406,0.0000000040,0.0043304526,0.0001794066,0.0000010133,-0.0298566838,-0.0060920200,-0.0000827821
0.1286666667,0.0048386262,0.0000405786,0.0000000039,0.0043254794,0.0001783941,0.0000009996,-0.0298223952,-0.0060576410,-0.0000822060
0.1288333333,0.0048275188,0.0000401219,0.0000000038,0.0043205118,0.0001773874,0.0000009859,-0.0297881459,-0.0060234561,-0.0000816240
0.1290000000,0.0048164370,0.0000396704,0.0000000037,0.0043155500,0.0001763863,0.0000009723,-0.0297539360,-0.0059894640,-0.0000810364
0.1291666667,0.0048053805,0.0000392239,0.0000000037,0.0043105938,0.0001753908,0.0000009589,-0.0297197653,-0.0059556637,-0.0000804436
0.1293333333,0.0047943495,0.0000387824,0.0000000036,0.0043056433,0.0001744010,0.0000009455,-0.0296856339,-0.0059220541,-0.0000798458
0.1295000000,0.0047833437,0.0000383459,0.0000000035,0.0043006985,0.0001734168,0.0000009323,-0.0296515417,-0.0058886342,-0.0000792432
0.1296666667,0.0047723632,0.0000379143,0.0000000034,0.0042957594,0.0001724381,0.0000009191,-0.0296174887,-0.0058554029,-0.0000786362
0.1298333333,0.0047614080,0.0000374876,0.0000000033,0.0042908260,0.0001714649,0.0000009061,-0.0295834747,-0.0058223590,-0.0000780250
0.1300000000,0.0047504778,0.0000370657,0.0000000033,0.0042858983,0.0001704973,0.0000008931,-0.0295494998,-0.0057895016,-0.0000774099
0.1301666667,0.0047395728,0.0000366485,0.0000000032,0.0042809761,0.0001695351,0.0000008803,-0.0295155640,-0.0057568297,-0.0000767911
0.1303333333,0.0047286928,0.0000362360,0.0000000031,0.0042760597,0.0001685783,0.0000008675,-0.0294816671,-0.0057243420,-0.0000761688
0.1305000000,0.0047178378,0.0000358282,0.0000000030,0.0042711489,0.0001676269,0.0000008549,-0.0294478091,-0.0056920377,-0.0000755432
0.1306666667,0.0047070077,0.0000354249,0.0000000030,0.0042662437,0.0001666809,0.0000008423,-0.0294139900,-0.0056599157,-0.0000749148
0.1308333333,0.0046962025,0.0000350262,0.0000000029,0.0042613442,0.0001657403,0.0000008299,-0.0293802098,-0.0056279749,-0.0000742835
0.1310000000,0.0046854220,0.0000346320,0.0000000028,0.0042564503,0.0001648049,0.0000008176,-0.0293464683,-0.0055962144,-0.0000736497
0.1311666667,0.0046746663,0.0000342422,0.0000000028,0.0042515620,0.0001638748,0.0000008053,-0.0293127656,-0.0055646331,-0.0000730137
0.1313333333,0.0046639353,0.0000338568,0.0000000027,0.0042466793,0.0001629500,0.0000007932,-0.0292791016,-0.0055332300,-0.0000723755
0.1315000000,0.0046532290,0.0000334757,0.0000000026,0.0042418023,0.0001620304,0.0000007812,-0.0292454763,-0.0055020040,-0.0000717354
0.1316666667,0.0046425472,0.0000330990,0.0000000026,0.0042369308,0.0001611159,0.0000007693,-0.0292118895,-0.0054709543,-0.0000710936
0.1318333333,0.0046318899,0.0000327264,0.0000000025,0.0042320649,0.0001602067,0.0000007575,-0.0291783414,-0.0054400798,-0.0000704504
0.1320000000,0.0046212571,0.0000323581,0.0000000025,0.0042272047,0.0001593026,0.0000007458,-0.0291448318,-0.0054093795,-0.0000698058
0.1321666667,0.0046106487,0.0000319939,0.0000000024,0.0042223500,0.0001584035,0.0000007343,-0.0291113606,-0.0053788524,-0.0000691602
0.1323333333,0.0046000647,0.0000316338,0.0000000023,0.0042175008,0.0001575096,0.0000007228,-0.0290779280,-0.0053484976,-0.0000685136
0.1325000000,0.0045895049,0.0000312777,0.0000000023,0.0042126573,0.0001566207,0.0000007114,-0.0290445337,-0.0053183141,-0.0000678663
0.1326666667,0.0045789694,0.0000309257,0.0000000022,0.0042078193,0.0001557368,0.0000007002,-0.0290111777,-0.0052883009,-0.0000672185
0.1328333333,0.0045684581,0.0000305776,0.0000000022,0.0042029868,0.0001548579,0.0000006890,-0.0289778601,-0.0052584571,-0.0000665703
0.1330000000,0.0045579709,0.0000302335,0.0000000021,0.0041981600,0.0001539839,0.0000006780,-0.0289445807,-0.0052287816,-0.0000659218
0.1331666667,0.0045475078,0.0000298932,0.0000000021,0.0041933386,0.0001531149,0.0000006670,-0.0289113395,-0.0051992737,-0.0000652733
0.1333333333,0.0045370687,0.0000295567,0.0000000020,0.0041885228,0.0001522508,0.0000006562,-0.0288781365,-0.0051699322,-0.0000646249
0.1335000000,0.0045266536,0.0000292241,0.0000000019,0.0041837125,0.0001513916,0.0000006455,-0.0288449717,-0.0051407563,-0.0000639768
0.1336666667,0.0045162623,0.0000288952,0.0000000019,0.0041789078,0.0001505372,0.0000006349,-0.0288118449,-0.0051117450,-0.0000633290
0.1338333333,0.0045058950,0.0000285699,0.0000000018,0.0041741086,0.0001496876,0.0000006244,-0.0287787562,-0.0050828974,-0.0000626819
0.1340000000,0.0044955514,0.0000282484,0.0000000018,0.0041693148,0.0001488429,0.0000006140,-0.0287457055,-0.0050542127,-0.0000620354
0.1341666667,0.0044852316,0.0000279304,0.0000000018,0.0041645266,0.0001480029,0.0000006037,-0.0287126927,-0.0050256898,-0.0000613898
0.1343333333,0.0044749354,0.0000276161,0.0000000017,0.0041597439,0.0001471676,0.0000005935,-0.0286797179,-0.0049973278,-0.0000607452
0.1345000000,0.0044646629,0.0000273053,0.0000000017,0.0041549667,0.0001463370,0.0000005834,-0.0286467809,-0.0049691259,-0.0000601018
0.1346666667,0.0044544140,0.0000269979,0.0000000016,0.0041501949,0.0001455112,0.0000005735,-0.0286138817,-0.0049410831,-0.0000594595
0.1348333333,0.0044441886,0.0000266941,0.0000000016,0.0041454287,0.0001446900,0.0000005636,-0.0285810204,-0.0049131986,-0.0000588187
0.1350000000,0.0044339867,0.0000263936,0.0000000015,0.0041406679,0.0001438734,0.0000005539,-0.0285481967,-0.0048854714,-0.0000581793
0.1351666667,0.0044238082,0.0000260966,0.0000000015,0.0041359126,0.0001430615,0.0000005442,-0.0285154108,-0.0048579007,-0.0000575416
0.1353333333,0.0044136530,0.0000258028,0.0000000014,0.0041311627,0.0001422541,0.0000005347,-0.0284826625,-0.0048304855,-0.0000569056
0.1355000000,0.0044035212,0.0000255124,0.0000000014,0.0041264183,0.0001414513,0.0000005253,-0.0284499518,-0.0048032251,-0.0000562714
0.1356666667,0.0043934126,0.0000252253,0.0000000014,0.0041216794,0.0001406530,0.0000005159,-0.0284172787,-0.0047761185,-0.0000556392
0.1358333333,0.0043833273,0.0000249414,0.0000000013,0.0041169459,0.0001398592,0.0000005067,-0.0283846431,-0.0047491649,-0.0000550091
0.1360000000,0.0043732651,0.0000246606,0.0000000013,0.0041122178,0.0001390699,0.0000004976,-0.0283520450,-0.0047223633,-0.0000543811
0.1361666667,0.0043632260,0.0000243831,0.0000000013,0.0041074952,0.0001382851,0.0000004886,-0.0283194843,-0.0046957130,-0.0000537554
0.1363333333,0.0043532099,0.0000241086,0.0000000012,0.0041027779,0.0001375046,0.0000004797,-0.0282869611,-0.0046692131,-0.0000531321
0.1365000000,0.0043432168,0.0000238373,0.0000000012,0.0040980661,0.0001367286,0.0000004709,-0.0282544751,-0.0046428627,-0.0000525112
0.1366666667,0.0043332467,0.0000235690,0.0000000011,0.0040933597,0.0001359570,0.0000004622,-0.0282220265,-0.0046166610,-0.0000518929
0.1368333333,0.0043232994,0.0000233037,0.0000000011,0.0040886588,0.0001351897,0.0000004536,-0.0281896152,-0.0045906072,-0.0000512772
0.1370000000,0.0043133750,0.0000230414,0.0000000011,0.0040839632,0.0001344268,0.0000004451,-0.0281572410,-0.0045647004,-0.0000506643
0.1371666667,0.0043034734,0.0000227821,0.0000000010,0.0040792730,0.0001336681,0.0000004367,-0.0281249041,-0.0045389398,-0.0000500541
0.1373333333,0.0042935945,0.0000225257,0.0000000010,0.0040745882,0.0001329138,0.0000004284,-0.0280926043,-0.0045133246,-0.0000494469
0.1375000000,0.0042837383,0.0000222722,0.0000000010,0.0040699087,0.0001321637,0.0000004202,-0.0280603416,-0.0044878539,-0.0000488426
0.1376666667,0.0042739047,0.0000220215,0.0000000010,0.0040652347,0.0001314178,0.0000004121,-0.0280281159,-0.0044625269,-0.0000482413
0.1378333333,0.0042640936,0.0000217736,0.0000000009,0.0040605660,0.0001306761,0.0000004041,-0.0279959272,-0.0044373429,-0.0000476431
0.1380000000,0.0042543051,0.0000215286,0.0000000009,0.0040559027,0.0001299386,0.0000003962,-0.0279637756,-0.0044123010,-0.0000470482
0.1381666667,0.0042445391,0.0000212862,0.0000000009,0.0040512447,0.0001292053,0.0000003884,-0.0279316608,-0.0043874004,-0.0000464564
0.1383333333,0.0042347955,0.0000210467,0.0000000008,0.0040465921,0.0001284761,0.0000003808,-0.0278995829,-0.0043626403,-0.0000458680
0.1385000000,0.0042250742,0.0000208098,0.0000000008,0.0040419448,0.0001277511,0.0000003732,-0.0278675419,-0.0043380199,-0.0000452830
0.1386666667,0.0042153753,0.0000205756,0.0000000008,0.0040373029,0.0001270301,0.0000003657,-0.0278355376,-0.0043135385,-0.0000447014
0.1388333333,0.0042056986,0.0000203440,0.0000000008,0.0040326663,0.0001263132,0.0000003583,-0.0278035701,-0.0042891952,-0.0000441232
0.1390000000,0.0041960442,0.0000201150,0.0000000007,0.0040280350,0.0001256004,0.0000003509,-0.0277716393,-0.0042649893,-0.0000435487
0.1391666667,0.0041864119,0.0000198886,0.0000000007,0.0040234090,0.0001248915,0.0000003437,-0.0277397452,-0.0042409200,-0.0000429777
0.1393333333,0.0041768017,0.0000196648,0.0000000007,0.0040187884,0.0001241867,0.0000003366,-0.0277078877,-0.0042169865,-0.0000424104
0.1395000000,0.0041672136,0.0000194434,0.0000000007,0.0040141730,0.0001234858,0.0000003296,-0.0276760669,-0.0041931881,-0.0000418467
0.1396666667,0.0041576475,0.0000192246,0.0000000007,0.0040095630,0.0001227889,0.0000003227,-0.0276442825,-0.0041695240,-0.0000412868
0.1398333333,0.0041481033,0.0000190082,0.0000000006,0.0040049582,0.0001220960,0.0000003158,-0.0276125347,-0.0041459934,-0.0000407307
0.1400000000,0.0041385811,0.0000187943,0.0000000006,0.0040003588,0.0001214069,0.0000003091,-0.0275808233,-0.0041225956,-0.0000401784
0.1401666667,0.0041290807,0.0000185827,0.0000000006,0.0039957646,0.0001207217,0.0000003024,-0.0275491483,-0.0040993299,-0.0000396300
0.1403333333,0.0041196021,0.0000183736,0.0000000006,0.0039911757,0.0001200404,0.0000002959,-0.0275175097,-0.0040761954,-0.0000390855
0.1405000000,0.0041101453,0.0000181668,0.0000000006,0.0039865921,0.0001193630,0.0000002894,-0.0274859075,-0.0040531915,-0.0000385450
0.1406666667,0.0041007102,0.0000179623,0.0000000005,0.0039820137,0.0001186894,0.0000002830,-0.0274543415,-0.0040303174,-0.0000380084
0.1408333333,0.0040912968,0.0000177601,0.0000000005,0.0039774406,0.0001180195,0.0000002767,-0.0274228118,-0.0040075724,-0.0000374758
0.1410000000,0.0040819049,0.0000175602,0.0000000005,0.0039728727,0.0001173535,0.0000002705,-0.0273913183,-0.0039849557,-0.0000369473
0.1411666667,0.0040725347,0.0000173626,0.0000000005,0.0039683101,0.0001166912,0.0000002644,-0.0273598609,-0.0039624667,-0.0000364229
0.1413333333,0.0040631859,0.0000171672,0.0000000005,0.0039637527,0.0001160326,0.0000002584,-0.0273284397,-0.0039401046,-0.0000359025
0.1415000000,0.0040538586,0.0000169740,0.0000000005,0.0039592006,0.0001153778,0.0000002525,-0.0272970546,-0.0039178687,-0.0000353863
0.1416666667,0.0040445527,0.0000167829,0.0000000004,0.0039546537,0.0001147267,0.0000002466,-0.0272657055,-0.0038957582,-0.0000348742
0.1418333333,0.0040352682,0.0000165940,0.0000000004,0.0039501120,0.0001140792,0.0000002408,-0.0272343925,-0.0038737726,-0.0000343663
0.1420000000,0.0040260049,0.0000164072,0.0000000004,0.0039455755,0.0001134354,0.0000002351,-0.0272031153,-0.0038519110,-0.0000338626
0.1421666667,0.0040167630,0.0000162226,0.0000000004,0.0039410442,0.0001127952,0.0000002295,-0.0271718742,-0.0038301727,-0.0000333631
0.1423333333,0.0040075422,0.0000160400,0.0000000004,0.0039365182,0.0001121586,0.0000002240,-0.0271406688,-0.0038085572,-0.0000328678
0.1425000000,0.0039983427,0.0000158595,0.0000000004,0.0039319973,0.0001115257,0.0000002186,-0.0271094994,-0.0037870636,-0.0000323768
0.1426666667,0.0039891642,0.0000156810,0.0000000004,0.0039274817,0.0001108963,0.0000002132,-0.0270783657,-0.0037656913,-0.0000318901
0.1428333333,0.0039800068,0.0000155045,0.0000000003,0.0039229712,0.0001102704,0.0000002080,-0.0270472678,-0.0037444397,-0.0000314076
0.1430000000,0.0039708705,0.0000153300,0.0000000003,0.0039184659,0.0001096481,0.0000002028,-0.0270162055,-0.0037233079,-0.0000309294
0.1431666667,0.0039617551,0.0000151574,0.0000000003,0.0039139657,0.0001090293,0.0000001977,-0.0269851790,-0.0037022954,-0.0000304555
0.1433333333,0.0039526606,0.0000149868,0.0000000003,0.0039094708,0.0001084140,0.0000001926,-0.0269541881,-0.0036814015,-0.0000299859
0.1435000000,0.0039435870,0.0000148181,0.0000000003,0.0039049810,0.0001078021,0.0000001877,-0.0269232328,-0.0036606255,-0.0000295206
0.1436666667,0.0039345343,0.0000146513,0.0000000003,0.0039004963,0.0001071937,0.0000001828,-0.0268923130,-0.0036399668,-0.0000290596
0.1438333333,0.0039255023,0.0000144864,0.0000000003,0.0038960168,0.0001065888,0.0000001780,-0.0268614288,-0.0036194246,-0.0000286030
0.1440000000,0.0039164910,0.0000143234,0.0000000003,0.0038915425,0.0001059872,0.0000001732,-0.0268305800,-0.0035989984,-0.0000281507
0.1441666667,0.0039075005,0.0000141622,0.0000000003,0.0038870733,0.0001053891,0.0000001686,-0.0267997666,-0.0035786874,-0.0000277027
0.1443333333,0.0038985306,0.0000140028,0.0000000002,0.0038826092,0.0001047943,0.0000001640,-0.0267689886,-0.0035584910,-0.0000272591
0.1445000000,0.0038895812,0.0000138452,0.0000000002,0.0038781503,0.0001042029,0.0000001595,-0.0267382460,-0.0035384087,-0.0000268198
0.1446666667,0.0038806525,0.0000136893,0.0000000002,0.0038736964,0.0001036148,0.0000001551,-0.0267075387,-0.0035184396,-0.0000263848
0.1448333333,0.0038717442,0.0000135353,0.0000000002,0.0038692477,0.0001030301,0.0000001507,-0.0266768666,-0.0034985833,-0.0000259542
0.1450000000,0.0038628563,0.0000133829,0.0000000002,0.0038648041,0.0001024486,0.0000001464,-0.0266462298,-0.0034788390,-0.0000255279
0.1451666667,0.0038539889,0.0000132323,0.0000000002,0.0038603656,0.0001018704,0.0000001422,-0.0266156282,-0.0034592061,-0.0000251060
0.1453333333,0.0038451418,0.0000130834,0.0000000002,0.0038559322,0.0001012955,0.0000001380,-0.0265850617,-0.0034396840,-0.0000246883
0.1455000000,0.0038363150,0.0000129361,0.0000000002,0.0038515039,0.0001007239,0.0000001340,-0.0265545303,-0.0034202721,-0.0000242750
0.1456666667,0.0038275085,0.0000127905,0.0000000002,0.0038470807,0.0001001554,0.0000001299,-0.0265240339,-0.0034009697,-0.0000238660
0.1458333333,0.0038187222,0.0000126465,0.0000000002,0.0038426625,0.0000995902,0.0000001260,-0.0264935726,-0.0033817763,-0.0000234614
0.1460000000,0.0038099561,0.0000125042,0.0000000002,0.0038382494,0.0000990281,0.0000001221,-0.0264631463,-0.0033626912,-0.0000230610
0.1461666667,0.0038012101,0.0000123635,0.0000000002,0.0038338414,0.0000984693,0.0000001183,-0.0264327549,-0.0033437137,-0.0000226649
0.1463333333,0.0037924842,0.0000122243,0.0000000002,0.0038294385,0.0000979135,0.0000001146,-0.0264023984,-0.0033248434,-0.0000222731
0.1465000000,0.0037837783,0.0000120867,0.0000000001,0.0038250406,0.0000973610,0.0000001109,-0.0263720768,-0.0033060796,-0.0000218856
0.1466666667,0.0037750924,0.0000119507,0.0000000001,0.0038206478,0.0000968115,0.0000001073,-0.0263417900,-0.0032874216,-0.0000215023
0.1468333333,0.0037664264,0.0000118162,0.0000000001,0.0038162600,0.0000962651,0.0000001037,-0.0263115380,-0.0032688690,-0.0000211233
0.1470000000,0.0037577803,0.0000116832,0.0000000001,0.0038118772,0.0000957219,0.0000001002,-0.0262813207,-0.0032504211,-0.0000207485
0.1471666667,0.0037491541,0.0000115517,0.0000000001,0.0038074995,0.0000951816,0.0000000968,-0.0262511382,-0.0032320772,-0.0000203780
0.1473333333,0.0037405477,0.0000114217,0.0000000001,0.0038031268,0.0000946445,0.0000000934,-0.0262209903,-0.0032138369,-0.0000200116
0.1475000000,0.0037319610,0.0000112931,0.0000000001,0.0037987591,0.0000941103,0.0000000901,-0.0261908770,-0.0031956995,-0.0000196495
0.1476666667,0.0037233941,0.0000111660,0.0000000001,0.0037943965,0.0000935792,0.0000000869,-0.0261607983,-0.0031776645,-0.0000192915
0.1478333333,0.0037148468,0.0000110403,0.0000000001,0.0037900388,0.0000930511,0.0000000837,-0.0261307541,-0.0031597312,-0.0000189377
0.1480000000,0.0037063191,0.0000109161,0.0000000001,0.0037856862,0.0000925260,0.0000000806,-0.0261007445,-0.0031418992,-0.0000185880
0.1481666667,0.0036978110,0.0000107932,0.0000000001,0.0037813386,0.0000920038,0.0000000775,-0.0260707693,-0.0031241678,-0.0000182425
0.1483333333,0.0036893224,0.0000106717,0.0000000001,0.0037769959,0.0000914846,0.0000000745,-0.0260408285,-0.0031065365,-0.0000179011
0.1485000000,0.0036808534,0.0000105516,0.0000000001,0.0037726582,0.0000909683,0.0000000715,-0.0260109222,-0.0030890046,-0.0000175638
0.1486666667,0.0036724037,0.0000104328,0.0000000001,0.0037683256,0.0000904549,0.0000000686,-0.0259810501,-0.0030715717,-0.0000172305
0.1488333333,0.0036639735,0.0000103154,0.0000000001,0.0037639979,0.0000899444,0.0000000658,-0.0259512124,-0.0030542372,-0.0000169013
0.1490000000,0.0036555626,0.0000101993,0.0000000001,0.0037596751,0.0000894368,0.0000000630,-0.0259214090,-0.0030370005,-0.0000165762
0.1491666667,0.0036471710,0.0000100845,0.0000000001,0.0037553574,0.0000889320,0.0000000603,-0.0258916397,-0.0030198611,-0.0000162550
0.1493333333,0.0036387987,0.0000099710,0.0000000001,0.0037510446,0.0000884301,0.0000000576,-0.0258619047,-0.0030028184,-0.0000159379
0.1495000000,0.0036304456,0.0000098588,0.0000000001,0.0037467367,0.0000879311,0.0000000550,-0.0258322038,-0.0029858718,-0.0000156247
0.1496666667,0.0036221117,0.0000097478,0.0000000001,0.0037424338,0.0000874348,0.0000000524,-0.0258025370,-0.0029690210,-0.0000153154
0.1498333333,0.0036137969,0.0000096381,0.0000000001,0.0037381358,0.0000869414,0.0000000499,-0.0257729043,-0.0029522652,-0.0000150101
0.1500000000,0.0036055012,0.0000095296,0.0000000001,0.0037338428,0.0000864507,0.0000000474,-0.0257433056,-0.0029356039,-0.0000147087
0.1501666667,0.0035972245,0.0000094224,0.0000000001,0.0037295547,0.0000859628,0.0000000450,-0.0257137409,-0.0029190367,-0.0000144112
0.1503333333,0.0035889668,0.0000093163,0.0000000001,0.0037252715,0.0000854777,0.0000000426,-0.0256842102,-0.0029025630,-0.0000141176
0.1505000000,0.0035807281,0.0000092115,0.0000000001,0.0037209933,0.0000849953,0.0000000402,-0.0256547134,-0.0028861823,-0.0000138277
0.1506666667,0.0035725083,0.0000091078,0.0000000000,0.0037167199,0.0000845156,0.0000000380,-0.0256252504,-0.0028698940,-0.0000135417
0.1508333333,0.0035643074,0.0000090053,0.0000000000,0.0037124515,0.0000840386,0.0000000357,-0.0255958213,-0.0028536976,-0.0000132595
0.1510000000,0.0035561253,0.0000089039,0.0000000000,0.0037081879,0.0000835644,0.0000000335,-0.0255664260,-0.0028375926,-0.0000129810
0.1511666667,0.0035479620,0.0000088037,0.0000000000,0.0037039293,0.0000830928,0.0000000314,-0.0255370644,-0.0028215786,-0.0000127063
0.1513333333,0.0035398174,0.0000087046,0.0000000000,0.0036996755,0.0000826238,0.0000000293,-0.0255077366,-0.0028056548,-0.0000124353
0.1515000000,0.0035316916,0.0000086066,0.0000000000,0.0036954267,0.0000821575,0.0000000273,-0.0254784425,-0.0027898210,-0.0000121679
0.1516666667,0.0035235843,0.0000085098,0.0000000000,0.0036911827,0.0000816939,0.0000000253,-0.0254491820,-0.0027740765,-0.0000119042
0.1518333333,0.0035154957,0.0000084140,0.0000000000,0.0036869436,0.0000812328,0.0000000233,-0.0254199550,-0.0027584209,-0.0000116442
0.1520000000,0.0035074257,0.0000083193,0.0000000000,0.0036827094,0.0000807744,0.0000000214,-0.0253907617,-0.0027428536,-0.0000113877
0.1521666667,0.0034993741,0.0000082257,0.0000000000,0.0036784800,0.0000803185,0.0000000195,-0.0253616019,-0.0027273742,-0.0000111349
0.1523333333,0.0034913411,0.0000081331,0.0000000000,0.0036742555,0.0000798652,0.0000000177,-0.0253324756,-0.0027119821,-0.0000108856
0.1525000000,0.0034833265,0.0000080415,0.0000000000,0.0036700358,0.0000794145,0.0000000159,-0.0253033827,-0.0026966769,-0.0000106398
0.1526666667,0.0034753303,0.0000079510,0.0000000000,0.0036658210,0.0000789663,0.0000000141,-0.0252743232,-0.0026814580,-0.0000103975
0.1528333333,0.0034673525,0.0000078615,0.0000000000,0.0036616110,0.0000785207,0.0000000124,-0.0252452971,-0.0026663251,-0.0000101587
0.1530000000,0.0034593929,0.0000077730,0.0000000000,0.0036574058,0.0000780775,0.0000000107,-0.0252163044,-0.0026512775,-0.0000099233
0.1531666667,0.0034514517,0.0000076856,0.0000000000,0.0036532055,0.0000776369,0.0000000091,-0.0251873449,-0.0026363149,-0.0000096913
0.1533333333,0.0034435286,0.0000075991,0.0000000000,0.0036490100,0.0000771987,0.0000000075,-0.0251584187,-0.0026214367,-0.0000094628
0.1535000000,0.0034356238,0.0000075135,0.0000000000,0.0036448193,0.0000767631,0.0000000059,-0.0251295257,-0.0026066425,-0.0000092375
0.1536666667,0.0034277371,0.0000074290,0.0000000000,0.0036406335,0.0000763298,0.0000000044,-0.0251006659,-0.0025919318,-0.0000090157
0.1538333333,0.0034198685,0.0000073453,0.0000000000,0.0036364524,0.0000758991,0.0000000029,-0.0250718393,-0.0025773041,-0.0000087971
0.1540000000,0.0034120180,0.0000072627,0.0000000000,0.0036322762,0.0000754707,0.0000000015,-0.0250430457,-0.0025627589,-0.0000085818
0.1541666667,0.0034041855,0.0000071809,0.0000000000,0.0036281047,0.0000750448,0.0000000001,-0.0250142853,-0.0025482958,-0.0000083697
0.1543333333,0.0033963709,0.0000071001,0.0000000000,0.0036239381,0.0000746213,-0.0000000013,-0.0249855578,-0.0025339144,-0.0000081608
0.1545000000,0.0033885743,0.0000070202,0.0000000000,0.0036197762,0.0000742002,-0.0000000026,-0.0249568634,-0.0025196141,-0.0000079552
0.1546666667,0.0033807956,0.0000069412,0.0000000000,0.0036156191,0.0000737814,-0.0000000040,-0.0249282018,-0.0025053945,-0.0000077527
0.1548333333,0.0033730348,0.0000068631,0.0000000000,0.0036114667,0.0000733650,-0.0000000052,-0.0248995733,-0.0024912552,-0.0000075533
0.1550000000,0.0033652918,0.0000067858,0.0000000000,0.0036073192,0.0000729510,-0.0000000065,-0.0248709775,-0.0024771956,-0.0000073570
0.1551666667,0.0033575665,0.0000067094,0.0000000000,0.0036031764,0.0000725393,-0.0000000077,-0.0248424147,-0.0024632154,-0.0000071638
0.1553333333,0.0033498590,0.0000066339,0.0000000000,0.0035990383,0.0000721299,-0.0000000089,-0.0248138846,-0.0024493141,-0.0000069737
0.1555000000,0.0033421692,0.0000065592,0.0000000000,0.0035949051,0.0000717228,-0.0000000100,-0.0247853873,-0.0024354912,-0.0000067865
0.1556666667,0.0033344971,0.0000064854,0.0000000000,0.0035907765,0.0000713180,-0.0000000111,-0.0247569227,-0.0024217464,-0.0000066024
0.1558333333,0.0033268425,0.0000064124,0.0000000000,0.0035866527,0.0000709155,-0.0000000122,-0.0247284908,-0.0024080791,-0.0000064212
0.1560000000,0.0033192055,0.0000063402,0.0000000000,0.0035825337,0.0000705153,-0.0000000133,-0.0247000916,-0.0023944890,-0.0000062429
0.1561666667,0.0033115861,0.0000062689,0.0000000000,0.0035784193,0.0000701174,-0.0000000143,-0.0246717250,-0.0023809755,-0.0000060675
0.1563333333,0.0033039841,0.0000061983,0.0000000000,0.0035743097,0.0000697217,-0.0000000153,-0.0246433910,-0.0023675383,-0.0000058950
0.1565000000,0.0032963996,0.0000061286,0.0000000000,0.0035702048,0.0000693282,-0.0000000163,-0.0246150894,-0.0023541770,-0.0000057254
0.1566666667,0.0032888325,0.0000060596,0.0000000000,0.0035661047,0.0000689369,-0.0000000172,-0.0245868205,-0.0023408910,-0.0000055585
0.1568333333,0.0032812828,0.0000059914,0.0000000000,0.0035620092,0.0000685479,-0.0000000181,-0.0245585839,-0.0023276801,-0.0000053944
0.1570000000,0.0032737504,0.0000059239,0.0000000000,0.0035579184,0.0000681610,-0.0000000190,-0.0245303798,-0.0023145437,-0.0000052331
0.1571666667,0.0032662353,0.0000058573,0.0000000000,0.0035538324,0.0000677763,-0.0000000199,-0.0245022081,-0.0023014814,-0.0000050745
0.1573333333,0.0032587374,0.0000057913,0.0000000000,0.0035497510,0.0000673938,-0.0000000207,-0.0244740687,-0.0022884928,-0.0000049186
0.1575000000,0.0032512568,0.0000057262,0.0000000000,0.0035456743,0.0000670135,-0.0000000215,-0.0244459617,-0.0022755776,-0.0000047654
0.1576666667,0.0032437933,0.0000056617,0.0000000000,0.0035416023,0.0000666353,-0.0000000223,-0.0244178869,-0.0022627352,-0.0000046148
0.1578333333,0.0032363470,0.0000055980,0.0000000000,0.0035375350,0.0000662592,-0.0000000230,-0.0243898444,-0.0022499653,-0.0000044668
0.1580000000,0.0032289177,0.0000055350,0.0000000000,0.0035334723,0.0000658853,-0.0000000238,-0.0243618341,-0.0022372675,-0.0000043214
0.1581666667,0.0032215055,0.0000054727,0.0000000000,0.0035294144,0.0000655135,-0.0000000245,-0.0243338559,-0.0022246413,-0.0000041786
0.1583333333,0.0032141103,0.0000054111,0.0000000000,0.0035253610,0.0000651437,-0.0000000252,-0.0243059099,-0.0022120864,-0.0000040383
0.1585000000,0.0032067322,0.0000053502,0.0000000000,0.0035213124,0.0000647761,-0.0000000258,-0.0242779960,-0.0021996023,-0.0000039004
0.1586666667,0.0031993709,0.0000052900,0.0000000000,0.0035172683,0.0000644105,-0.0000000265,-0.0242501141,-0.0021871887,-0.0000037651
0.1588333333,0.0031920265,0.0000052304,0.0000000000,0.0035132290,0.0000640470,-0.0000000271,-0.0242222643,-0.0021748452,-0.0000036322
0.1590000000,0.0031846990,0.0000051716,0.0000000000,0.0035091942,0.0000636856,-0.0000000277,-0.0241944464,-0.0021625713,-0.0000035017
0.1591666667,0.0031773883,0.0000051133,0.0000000000,0.0035051641,0.0000633261,-0.0000000282,-0.0241666605,-0.0021503666,-0.0000033735
0.1593333333,0.0031700944,0.0000050558,0.0000000000,0.0035011386,0.0000629688,-0.0000000288,-0.0241389065,-0.0021382309,-0.0000032478
0.1595000000,0.0031628173,0.0000049989,0.0000000000,0.0034971178,0.0000626134,-0.0000000293,-0.0241111844,-0.0021261636,-0.0000031243
0.1596666667,0.0031555568,0.0000049426,0.0000000000,0.0034931015,0.0000622600,-0.0000000298,-0.0240834941,-0.0021141645,-0.0000030032
0.1598333333,0.0031483130,0.0000048870,0.0000000000,0.0034890899,0.0000619086,-0.0000000303,-0.0240558356,-0.0021022331,-0.0000028843
0.1600000000,0.0031410859,0.0000048320,0.0000000000,0.0034850829,0.0000615593,-0.0000000308,-0.0240282089,-0.0020903690,-0.0000027677
0.1601666667,0.0031338753,0.0000047776,0.0000000000,0.0034810805,0.0000612118,-0.0000000313,-0.0240006139,-0.0020785718,-0.0000026533
0.1603333333,0.0031266813,0.0000047238,0.0000000000,0.0034770827,0.0000608664,-0.0000000317,-0.0239730506,-0.0020668412,-0.0000025411
0.1605000000,0.0031195038,0.0000046707,0.0000000000,0.0034730894,0.0000605229,-0.0000000321,-0.0239455189,-0.0020551769,-0.0000024310
0.1606666667,0.0031123428,0.0000046181,0.0000000000,0.0034691008,0.0000601813,-0.0000000325,-0.0239180189,-0.0020435783,-0.0000023231
0.1608333333,0.0031051982,0.0000045661,0.0000000000,0.0034651167,0.0000598417,-0.0000000329,-0.0238905504,-0.0020320452,-0.0000022173
0.1610000000,0.0030980700,0.0000045147,0.0000000000,0.0034611373,0.0000595040,-0.0000000332,-0.0238631135,-0.0020205772,-0.0000021136
0.1611666667,0.0030909582,0.0000044639,0.0000000000,0.0034571623,0.0000591681,-0.0000000336,-0.0238357081,-0.0020091740,-0.0000020120
0.1613333333,0.0030838627,0.0000044137,0.0000000000,0.0034531920,0.0000588342,-0.0000000339,-0.0238083342,-0.0019978350,-0.0000019124
0.1615000000,0.0030767835,0.0000043640,0.0000000000,0.0034492262,0.0000585022,-0.0000000342,-0.0237809917,-0.0019865601,-0.0000018147
0.1616666667,0.0030697205,0.0000043149,0.0000000000,0.0034452650,0.0000581720,-0.0000000345,-0.0237536806,-0.0019753488,-0.0000017191
0.1618333333,0.0030626738,0.0000042663,0.0000000000,0.0034413083,0.0000578437,-0.0000000348,-0.0237264009,-0.0019642008,-0.0000016254
0.1620000000,0.0030556432,0.0000042183,0.0000000000,0.0034373561,0.0000575173,-0.0000000351,-0.0236991525,-0.0019531157,-0.0000015337
0.1621666667,0.0030486288,0.0000041708,0.0000000000,0.0034334085,0.0000571927,-0.0000000353,-0.0236719354,-0.0019420931,-0.0000014438
0.1623333333,0.0030416305,0.0000041239,0.0000000000,0.0034294655,0.0000568699,-0.0000000355,-0.0236447496,-0.0019311328,-0.0000013559
0.1625000000,0.0030346482,0.0000040774,0.0000000000,0.0034255269,0.0000565490,-0.0000000358,-0.0236175949,-0.0019202343,-0.0000012697
0.1626666667,0.0030276820,0.0000040316,0.0000000000,0.0034215929,0.0000562298,-0.0000000360,-0.0235904715,-0.0019093973,-0.0000011855
0.1628333333,0.0030207317,0.0000039862,0.0000000000,0.0034176634,0.0000559125,-0.0000000361,-0.0235633792,-0.0018986215,-0.0000011030
0.1630000000,0.0030137975,0.0000039413,0.0000000000,0.0034137384,0.0000555969,-0.0000000363,-0.0235363180,-0.0018879064,-0.0000010223
0.1631666667,0.0030068791,0.0000038970,0.0000000000,0.0034098179,0.0000552832,-0.0000000365,-0.0235092880,-0.0018772519,-0.0000009433
0.1633333333,0.0029999766,0.0000038531,0.0000000000,0.0034059020,0.0000549712,-0.0000000366,-0.0234822889,-0.0018666575,-0.0000008661
0.1635000000,0.0029930900,0.0000038097,0.0000000000,0.0034019905,0.0000546609,-0.0000000368,-0.0234553209,-0.0018561229,-0.0000007906
0.1636666667,0.0029862191,0.0000037668,0.0000000000,0.0033980835,0.0000543524,-0.0000000369,-0.0234283838,-0.0018456477,-0.0000007167
0.1638333333,0.0029793641,0.0000037244,0.0000000000,0.0033941810,0.0000540457,-0.0000000370,-0.0234014777,-0.0018352316,-0.0000006446
0.1640000000,0.0029725248,0.0000036825,0.0000000000,0.0033902830,0.0000537407,-0.0000000371,-0.0233746024,-0.0018248743,-0.0000005740
0.1641666667,0.0029657011,0.0000036411,0.0000000000,0.0033863894,0.0000534374,-0.0000000372,-0.0233477580,-0.0018145755,-0.0000005051
0.1643333333,0.0029588932,0.0000036001,0.0000000000,0.0033825004,0.0000531358,-0.0000000373,-0.0233209445,-0.0018043348,-0.0000004378
0.1645000000,0.0029521008,0.0000035596,0.0000000000,0.0033786157,0.0000528359,-0.0000000374,-0.0232941618,-0.0017941519,-0.0000003720
0.1646666667,0.0029453241,0.0000035195,0.0000000000,0.0033747356,0.0000525378,-0.0000000374,-0.0232674098,-0.0017840265,-0.0000003078
0.1648333333,0.0029385629,0.0000034799,0.0000000000,0.0033708599,0.0000522413,-0.0000000375,-0.0232406885,-0.0017739582,-0.0000002450
0.1650000000,0.0029318173,0.0000034407,0.0000000000,0.0033669887,0.0000519464,-0.0000000375,-0.0232139979,-0.0017639467,-0.0000001838
0.1651666667,0.0029250871,0.0000034020,0.0000000000,0.0033631219,0.0000516533,-0.0000000375,-0.0231873380,-0.0017539917,-0.0000001241
0.1653333333,0.0029183724,0.0000033637,0.0000000000,0.0033592595,0.0000513618,-0.0000000375,-0.0231607087,-0.0017440929,-0.0000000658
0.1655000000,0.0029116730,0.0000033259,0.0000000000,0.0033554016,0.0000510719,-0.0000000375,-0.0231341100,-0.0017342500,-0.0000000090
0.1656666667,0.0029049891,0.0000032884,0.0000000000,0.0033515481,0.0000507837,-0.0000000375,-0.0231075418,-0.0017244626,0.0000000465
0.1658333333,0.0028983205,0.0000032514,0.0000000000,0.0033476991,0.0000504971,-0.0000000375,-0.0230810041,-0.0017147305,0.0000001005
0.1660000000,0.0028916672,0.0000032148,0.0000000000,0.0033438544,0.0000502121,-0.0000000375,-0.0230544969,-0.0017050533,0.0000001532
0.1661666667,0.0028850292,0.0000031786,0.0000000000,0.0033400142,0.0000499287,-0.0000000375,-0.0230280202,-0.0016954307,0.0000002046
0.1663333333,0.0028784065,0.0000031429,0.0000000000,0.0033361784,0.0000496469,-0.0000000374,-0.0230015738,-0.0016858624,0.0000002546
0.1665000000,0.0028717989,0.0000031075,0.0000000000,0.0033323470,0.0000493667,-0.0000000374,-0.0229751579,-0.0016763481,0.0000003033
0.1666666667,0.0028652065,0.0000030725,0.0000000000,0.0033285200,0.0000490881,-0.0000000373,-0.0229487722,-0.0016668875,0.0000003507
0.1668333333,0.0028586292,0.0000030379,0.0000000000,0.0033246974,0.0000488111,-0.0000000373,-0.0229224169,-0.0016574802,0.0000003969
0.1670000000,0.0028520671,0.0000030037,0.0000000000,0.0033208792,0.0000485356,-0.0000000372,-0.0228960918,-0.0016481261,0.0000004418
0.1671666667,0.0028455199,0.0000029699,0.0000000000,0.0033170653,0.0000482617,-0.0000000371,-0.0228697970,-0.0016388248,0.0000004855
0.1673333333,0.0028389879,0.0000029365,0.0000000000,0.0033132559,0.0000479893,-0.0000000370,-0.0228435324,-0.0016295759,0.0000005279
0.1675000000,0.0028324708,0.0000029034,0.0000000000,0.0033094508,0.0000477185,-0.0000000369,-0.0228172979,-0.0016203793,0.0000005692
0.1676666667,0.0028259687,0.0000028708,0.0000000000,0.0033056501,0.0000474492,-0.0000000368,-0.0227910936,-0.0016112346,0.0000006094
0.1678333333,0.0028194815,0.0000028385,0.0000000000,0.0033018537,0.0000471814,-0.0000000367,-0.0227649193,-0.0016021414,0.0000006484
0.1680000000,0.0028130092,0.0000028065,0.0000000000,0.0032980617,0.0000469152,-0.0000000366,-0.0227387751,-0.0015930996,0.0000006862
0.1681666667,0.0028065517,0.0000027749,0.0000000000,0.0032942741,0.0000466504,-0.0000000365,-0.0227126610,-0.0015841088,0.0000007230
0.1683333333,0.0028001091,0.0000027437,0.0000000000,0.0032904908,0.0000463871,-0.0000000364,-0.0226865768,-0.0015751688,0.0000007587
0.1685000000,0.0027936813,0.0000027128,0.0000000000,0.0032867119,0.0000461253,-0.0000000363,-0.0226605226,-0.0015662792,0.0000007932
0.1686666667,0.0027872682,0.0000026823,0.0000000000,0.0032829373,0.0000458650,-0.0000000361,-0.0226344983,-0.0015574397,0.0000008268
0.1688333333,0.0027808698,0.0000026521,0.0000000000,0.0032791670,0.0000456062,-0.0000000360,-0.0226085039,-0.0015486502,0.0000008593
0.1690000000,0.0027744862,0.0000026222,0.0000000000,0.0032754011,0.0000453488,-0.0000000358,-0.0225825393,-0.0015399103,0.0000008908
0.1691666667,0.0027681172,0.0000025927,0.0000000000,0.0032716395,0.0000450928,-0.0000000357,-0.0225566046,-0.0015312196,0.0000009212
0.1693333333,0.0027617628,0.0000025635,0.0000000000,0.0032678822,0.0000448384,-0.0000000355,-0.0225306997,-0.0015225781,0.0000009507
0.1695000000,0.0027554230,0.0000025347,0.0000000000,0.0032641292,0.0000445853,-0.0000000354,-0.0225048245,-0.0015139853,0.0000009793
0.1696666667,0.0027490977,0.0000025062,0.0000000000,0.0032603806,0.0000443337,-0.0000000352,-0.0224789790,-0.0015054410,0.0000010069
0.1698333333,0.0027427870,0.0000024779,0.0000000000,0.0032566362,0.0000440835,-0.0000000350,-0.0224531632,-0.0014969449,0.0000010335
0.1700000000,0.0027364907,0.0000024501,0.0000000000,0.0032528962,0.0000438347,-0.0000000349,-0.0224273770,-0.0014884968,0.0000010592
0.1701666667,0.0027302089,0.0000024225,0.0000000000,0.0032491604,0.0000435873,-0.0000000347,-0.0224016205,-0.0014800963,0.0000010841
0.1703333333,0.0027239416,0.0000023952,0.0000000000,0.0032454289,0.0000433413,-0.0000000345,-0.0223758935,-0.0014717432,0.0000011080
0.1705000000,0.0027176886,0.0000023683,0.0000000000,0.0032417017,0.0000430967,-0.0000000343,-0.0223501961,-0.0014634373,0.0000011311
0.1706666667,0.0027114500,0.0000023416,0.0000000000,0.0032379788,0.0000428535,-0.0000000341,-0.0223245282,-0.0014551783,0.0000011534
0.1708333333,0.0027052257,0.0000023152,0.0000000000,0.0032342602,0.0000426117,-0.0000000339,-0.0222988898,-0.0014469659,0.0000011748
0.1710000000,0.0026990156,0.0000022892,0.0000000000,0.0032305458,0.0000423712,-0.0000000337,-0.0222732808,-0.0014387998,0.0000011953
0.1711666667,0.0026928199,0.0000022634,0.0000000000,0.0032268357,0.0000421321,-0.0000000335,-0.0222477012,-0.0014306798,0.0000012151
0.1713333333,0.0026866383,0.0000022379,0.0000000000,0.0032231299,0.0000418943,-0.0000000333,-0.0222221511,-0.0014226057,0.0000012341
0.1715000000,0.0026804710,0.0000022128,0.0000000000,0.0032194283,0.0000416578,-0.0000000331,-0.0221966302,-0.0014145771,0.0000012523
0.1716666667,0.0026743178,0.0000021878,0.0000000000,0.0032157310,0.0000414227,-0.0000000329,-0.0221711387,-0.0014065938,0.0000012698
0.1718333333,0.0026681787,0.0000021632,0.0000000000,0.0032120379,0.0000411890,-0.0000000327,-0.0221456764,-0.0013986555,0.0000012865
0.1720000000,0.0026620537,0.0000021389,0.0000000000,0.0032083491,0.0000409565,-0.0000000325,-0.0221202434,-0.0013907621,0.0000013025
0.1721666667,0.0026559428,0.0000021148,0.0000000000,0.0032046645,0.0000407254,-0.0000000323,-0.0220948396,-0.0013829132,0.0000013177
0.1723333333,0.0026498459,0.0000020910,0.0000000000,0.0032009841,0.0000404955,-0.0000000320,-0.0220694649,-0.0013751086,0.0000013323
0.1725000000,0.0026437630,0.0000020675,0.0000000000,0.0031973080,0.0000402670,-0.0000000318,-0.0220441194,-0.0013673481,0.0000013462
0.1726666667,0.0026376941,0.0000020442,0.0000000000,0.0031936360,0.0000400397,-0.0000000316,-0.0220188030,-0.0013596313,0.0000013594
0.1728333333,0.0026316391,0.0000020212,0.0000000000,0.0031899683,0.0000398138,-0.0000000314,-0.0219935157,-0.0013519581,0.0000013719
0.1730000000,0.0026255980,0.0000019984,0.0000000000,0.0031863049,0.0000395891,-0.0000000311,-0.0219682575,-0.0013443282,0.0000013838
0.1731666667,0.0026195708,0.0000019759,0.0000000000,0.0031826456,0.0000393657,-0.0000000309,-0.0219430282,-0.0013367414,0.0000013950
0.1733333333,0.0026135574,0.0000019537,0.0000000000,0.0031789905,0.0000391435,-0.0000000307,-0.0219178279,-0.0013291974,0.0000014057
0.1735000000,0.0026075578,0.0000019317,0.0000000000,0.0031753396,0.0000389226,-0.0000000304,-0.0218926565,-0.0013216960,0.0000014157
0.1736666667,0.0026015720,0.0000019100,0.0000000000,0.0031716929,0.0000387029,-0.0000000302,-0.0218675141,-0.0013142368,0.0000014251
0.1738333333,0.0025955999,0.0000018885,0.0000000000,0.0031680504,0.0000384845,-0.0000000300,-0.0218424005,-0.0013068198,0.0000014340
0.1740000000,0.0025896415,0.0000018672,0.0000000000,0.0031644121,0.0000382673,-0.0000000297,-0.0218173158,-0.0012994447,0.0000014422
0.1741666667,0.0025836968,0.0000018462,0.0000000000,0.0031607779,0.0000380513,-0.0000000295,-0.0217922599,-0.0012921112,0.0000014499
0.1743333333,0.0025777658,0.0000018254,0.0000000000,0.0031571480,0.0000378366,-0.0000000292,-0.0217672327,-0.0012848190,0.0000014571
0.1745000000,0.0025718484,0.0000018049,0.0000000000,0.0031535222,0.0000376231,-0.0000000290,-0.0217422343,-0.0012775680,0.0000014637
0.1746666667,0.0025659445,0.0000017846,0.0000000000,0.0031499005,0.0000374107,-0.0000000288,-0.0217172647,-0.0012703580,0.0000014699
0.1748333333,0.0025600542,0.0000017645,0.0000000000,0.0031462830,0.0000371996,-0.0000000285,-0.0216923236,-0.0012631886,0.0000014754
0.1750000000,0.0025541775,0.0000017446,0.0000000000,0.0031426697,0.0000369897,-0.0000000283,-0.0216674113,-0.0012560597,0.0000014805
0.1751666667,0.0025483142,0.0000017250,0.0000000000,0.0031390606,0.0000367809,-0.0000000280,-0.0216425275,-0.0012489710,0.0000014851
0.1753333333,0.0025424644,0.0000017056,0.0000000000,0.0031354555,0.0000365733,-0.0000000278,-0.0216176723,-0.0012419223,0.0000014893
0.1755000000,0.0025366280,0.0000016864,0.0000000000,0.0031318546,0.0000363669,-0.0000000275,-0.0215928457,-0.0012349134,0.0000014929
0.1756666667,0.0025308050,0.0000016674,0.0000000000,0.0031282579,0.0000361617,-0.0000000273,-0.0215680476,-0.0012279441,0.0000014961
0.1758333333,0.0025249953,0.0000016486,0.0000000000,0.0031246653,0.0000359576,-0.0000000270,-0.0215432779,-0.0012210140,0.0000014989
0.1760000000,0.0025191991,0.0000016301,0.0000000000,0.0031210768,0.0000357547,-0.0000000268,-0.0215185367,-0.0012141231,0.0000015012
0.1761666667,0.0025134161,0.0000016117,0.0000000000,0.0031174924,0.0000355529,-0.0000000265,-0.0214938239,-0.0012072711,0.0000015031
0.1763333333,0.0025076464,0.0000015936,0.0000000000,0.0031139121,0.0000353522,-0.0000000263,-0.0214691395,-0.0012004578,0.0000015046
0.1765000000,0.0025018899,0.0000015756,0.0000000000,0.0031103360,0.0000351527,-0.0000000260,-0.0214444835,-0.0011936829,0.0000015057
0.1766666667,0.0024961467,0.0000015579,0.0000000000,0.0031067639,0.0000349543,-0.0000000258,-0.0214198557,-0.0011869462,0.0000015063
0.1768333333,0.0024904166,0.0000015404,0.0000000000,0.0031031960,0.0000347571,-0.0000000255,-0.0213952563,-0.0011802476,0.0000015066
0.1770000000,0.0024846997,0.0000015230,0.0000000000,0.0030996322,0.0000345609,-0.0000000253,-0.0213706850,-0.0011735868,0.0000015065
0.1771666667,0.0024789959,0.0000015059,0.0000000000,0.0030960724,0.0000343659,-0.0000000250,-0.0213461421,-0.0011669635,0.0000015061
0.1773333333,0.0024733052,0.0000014889,0.0000000000,0.0030925168,0.0000341719,-0.0000000248,-0.0213216273,-0.0011603777,0.0000015053
0.1775000000,0.0024676276,0.0000014722,0.0000000000,0.0030889652,0.0000339791,-0.0000000245,-0.0212971406,-0.0011538290,0.0000015041
0.1776666667,0.0024619630,0.0000014556,0.0000000000,0.0030854177,0.0000337873,-0.0000000243,-0.0212726821,-0.0011473172,0.0000015026
0.1778333333,0.0024563114,0.0000014392,0.0000000000,0.0030818743,0.0000335966,-0.0000000240,-0.0212482516,-0.0011408422,0.0000015008
0.1780000000,0.0024506727,0.0000014230,0.0000000000,0.0030783349,0.0000334070,-0.0000000238,-0.0212238493,-0.0011344038,0.0000014986
0.1781666667,0.0024450471,0.0000014070,0.0000000000,0.0030747996,0.0000332185,-0.0000000235,-0.0211994749,-0.0011280017,0.0000014962
0.1783333333,0.0024394343,0.0000013912,0.0000000000,0.0030712684,0.0000330310,-0.0000000233,-0.0211751285,-0.0011216357,0.0000014934
0.1785000000,0.0024338344,0.0000013755,0.0000000000,0.0030677412,0.0000328446,-0.0000000230,-0.0211508101,-0.0011153057,0.0000014903
0.1786666667,0.0024282474,0.0000013600,0.0000000000,0.0030642181,0.0000326592,-0.0000000228,-0.0211265197,-0.0011090113,0.0000014870
0.1788333333,0.0024226732,0.0000013447,0.0000000000,0.0030606990,0.0000324749,-0.0000000225,-0.0211022571,-0.0011027525,0.0000014833
0.1790000000,0.0024171118,0.0000013296,0.0000000000,0.0030571840,0.0000322916,-0.0000000223,-0.0210780224,-0.0010965290,0.0000014794
0.1791666667,0.0024115632,0.0000013146,0.0000000000,0.0030536730,0.0000321094,-0.0000000220,-0.0210538155,-0.0010903407,0.0000014752
0.1793333333,0.0024060273,0.0000012998,0.0000000000,0.0030501660,0.0000319282,-0.0000000218,-0.0210296364,-0.0010841872,0.0000014708
0.1795000000,0.0024005041,0.0000012852,0.0000000000,0.0030466631,0.0000317480,-0.0000000215,-0.0210054851,-0.0010780685,0.0000014661
0.1796666667,0.0023949936,0.0000012707,0.0000000000,0.0030431642,0.0000315688,-0.0000000213,-0.0209813615,-0.0010719844,0.0000014612
0.1798333333,0.0023894957,0.0000012564,0.0000000000,0.0030396693,0.0000313907,-0.0000000210,-0.0209572656,-0.0010659345,0.0000014560
0.1800000000,0.0023840104,0.0000012423,0.0000000000,0.0030361784,0.0000312135,-0.0000000208,-0.0209331974,-0.0010599188,0.0000014506
0.1801666667,0.0023785378,0.0000012283,0.0000000000,0.0030326915,0.0000310374,-0.0000000206,-0.0209091569,-0.0010539371,0.0000014450
0.1803333333,0.0023730777,0.0000012145,0.0000000000,0.0030292086,0.0000308622,-0.0000000203,-0.0208851439,-0.0010479891,0.0000014392
0.1805000000,0.0023676302,0.0000012008,0.0000000000,0.0030257298,0.0000306880,-0.0000000201,-0.0208611585,-0.0010420747,0.0000014331
0.1806666667,0.0023621951,0.0000011873,0.0000000000,0.0030222549,0.0000305148,-0.0000000198,-0.0208372007,-0.0010361936,0.0000014269
0.1808333333,0.0023567725,0.0000011739,0.0000000000,0.0030187840,0.0000303426,-0.0000000196,-0.0208132704,-0.0010303458,0.0000014204
0.1810000000,0.0023513624,0.0000011607,0.0000000000,0.0030153171,0.0000301714,-0.0000000194,-0.0207893676,-0.0010245309,0.0000014138
0.1811666667,0.0023459647,0.0000011477,0.0000000000,0.0030118542,0.0000300011,-0.0000000191,-0.0207654922,-0.0010187489,0.0000014070
0.1813333333,0.0023405794,0.0000011347,0.0000000000,0.0030083953,0.0000298318,-0.0000000189,-0.0207416442,-0.0010129995,0.0000014000
0.1815000000,0.0023352064,0.0000011220,0.0000000000,0.0030049403,0.0000296634,-0.0000000187,-0.0207178237,-0.0010072825,0.0000013929
0.1816666667,0.0023298458,0.0000011093,0.0000000000,0.0030014893,0.0000294960,-0.0000000184,-0.0206940304,-0.0010015978,0.0000013856
0.1818333333,0.0023244975,0.0000010969,0.0000000000,0.0029980423,0.0000293296,-0.0000000182,-0.0206702646,-0.0009959452,0.0000013781
0.1820000000,0.0023191615,0.0000010845,0.0000000000,0.0029945992,0.0000291640,-0.0000000180,-0.0206465260,-0.0009903245,0.0000013705
0.1821666667,0.0023138377,0.0000010723,0.0000000000,0.0029911601,0.0000289994,-0.0000000177,-0.0206228146,-0.0009847355,0.0000013627
0.1823333333,0.0023085261,0.0000010602,0.0000000000,0.0029877249,0.0000288358,-0.0000000175,-0.0205991305,-0.0009791781,0.0000013548
0.1825000000,0.0023032268,0.0000010483,0.0000000000,0.0029842937,0.0000286730,-0.0000000173,-0.0205754736,-0.0009736520,0.0000013467
0.1826666667,0.0022979395,0.0000010365,0.0000000000,0.0029808664,0.0000285112,-0.0000000171,-0.0205518439,-0.0009681571,0.0000013385
0.1828333333,0.0022926645,0.0000010248,0.0000000000,0.0029774430,0.0000283503,-0.0000000169,-0.0205282413,-0.0009626932,0.0000013302
0.1830000000,0.0022874015,0.0000010133,0.0000000000,0.0029740236,0.0000281903,-0.0000000166,-0.0205046658,-0.0009572602,0.0000013218
0.1831666667,0.0022821506,0.0000010019,0.0000000000,0.0029706081,0.0000280312,-0.0000000164,-0.0204811174,-0.0009518578,0.0000013133
0.1833333333,0.0022769118,0.0000009906,0.0000000000,0.0029671965,0.0000278730,-0.0000000162,-0.0204575960,-0.0009464859,0.0000013046
0.1835000000,0.0022716850,0.0000009795,0.0000000000,0.0029637889,0.0000277157,-0.0000000160,-0.0204341016,-0.0009411443,0.0000012959
0.1836666667,0.0022664702,0.0000009684,0.0000000000,0.0029603851,0.0000275593,-0.0000000158,-0.0204106343,-0.0009358329,0.0000012870
0.1838333333,0.0022612674,0.0000009575,0.0000000000,0.0029569853,0.0000274038,-0.0000000155,-0.0203871938,-0.0009305514,0.0000012781
0.1840000000,0.0022560765,0.0000009468,0.0000000000,0.0029535894,0.0000272491,-0.0000000153,-0.0203637803,-0.0009252998,0.0000012690
0.1841666667,0.0022508975,0.0000009361,0.0000000000,0.0029501974,0.0000270953,-0.0000000151,-0.0203403937,-0.0009200778,0.0000012599
0.1843333333,0.0022457305,0.0000009256,0.0000000000,0.0029468092,0.0000269424,-0.0000000149,-0.0203170340,-0.0009148852,0.0000012507
0.1845000000,0.0022405752,0.0000009152,0.0000000000,0.0029434250,0.0000267904,-0.0000000147,-0.0202937010,-0.0009097220,0.0000012414
0.1846666667,0.0022354318,0.0000009049,0.0000000000,0.0029400446,0.0000266392,-0.0000000145,-0.0202703949,-0.0009045879,0.0000012321
0.1848333333,0.0022303003,0.0000008947,0.0000000000,0.0029366682,0.0000264888,-0.0000000143,-0.0202471155,-0.0008994828,0.0000012226
0.1850000000,0.0022251805,0.0000008846,0.0000000000,0.0029332956,0.0000263393,-0.0000000141,-0.0202238629,-0.0008944064,0.0000012131
0.1851666667,0.0022200724,0.0000008746,0.0000000000,0.0029299269,0.0000261907,-0.0000000139,-0.0202006370,-0.0008893588,0.0000012036
0.1853333333,0.0022149761,0.0000008648,0.0000000000,0.0029265620,0.0000260429,-0.0000000137,-0.0201774377,-0.0008843396,0.0000011940
0.1855000000,0.0022098915,0.0000008551,0.0000000000,0.0029232010,0.0000258959,-0.0000000135,-0.0201542651,-0.0008793487,0.0000011843
0.1856666667,0.0022048185,0.0000008454,0.0000000000,0.0029198439,0.0000257498,-0.0000000133,-0.0201311191,-0.0008743861,0.0000011746
0.1858333333,0.0021997572,0.0000008359,0.0000000000,0.0029164906,0.0000256044,-0.0000000131,-0.0201079997,-0.0008694514,0.0000011648
0.1860000000,0.0021947075,0.0000008265,0.0000000000,0.0029131412,0.0000254599,-0.0000000129,-0.0200849068,-0.0008645446,0.0000011550
0.1861666667,0.0021896695,0.0000008172,0.0000000000,0.0029097956,0.0000253163,-0.0000000127,-0.0200618405,-0.0008596654,0.0000011451
0.1863333333,0.0021846429,0.0000008080,0.0000000000,0.0029064539,0.0000251734,-0.0000000125,-0.0200388006,-0.0008548138,0.0000011353
0.1865000000,0.0021796279,0.0000007989,0.0000000000,0.0029031160,0.0000250313,-0.0000000123,-0.0200157872,-0.0008499896,0.0000011253
0.1866666667,0.0021746245,0.0000007899,0.0000000000,0.0028997819,0.0000248900,-0.0000000122,-0.0199928002,-0.0008451926,0.0000011154
0.1868333333,0.0021696325,0.0000007810,0.0000000000,0.0028964517,0.0000247496,-0.0000000120,-0.0199698397,-0.0008404227,0.0000011054
0.1870000000,0.0021646519,0.0000007723,0.0000000000,0.0028931253,0.0000246099,-0.0000000118,-0.0199469055,-0.0008356797,0.0000010954
0.1871666667,0.0021596828,0.0000007636,0.0000000000,0.0028898027,0.0000244710,-0.0000000116,-0.0199239976,-0.0008309634,0.0000010854
0.1873333333,0.0021547251,0.0000007550,0.0000000000,0.0028864840,0.0000243329,-0.0000000114,-0.0199011160,-0.0008262738,0.0000010754
0.1875000000,0.0021497788,0.0000007465,0.0000000000,0.0028831690,0.0000241956,-0.0000000112,-0.0198782608,-0.0008216107,0.0000010653
0.1876666667,0.0021448439,0.0000007381,0.0000000000,0.0028798578,0.0000240590,-0.0000000111,-0.0198554317,-0.0008169738,0.0000010553
0.1878333333,0.0021399202,0.0000007298,0.0000000000,0.0028765505,0.0000239233,-0.0000000109,-0.0198326289,-0.0008123632,0.0000010452
0.1880000000,0.0021350079,0.0000007215,0.0000000000,0.0028732469,0.0000237882,-0.0000000107,-0.0198098523,-0.0008077785,0.0000010351
0.1881666667,0.0021301069,0.0000007134,0.0000000000,0.0028699472,0.0000236540,-0.0000000105,-0.0197871019,-0.0008032197,0.0000010251
0.1883333333,0.0021252171,0.0000007054,0.0000000000,0.0028666512,0.0000235205,-0.0000000104,-0.0197643775,-0.0007986867,0.0000010150
0.1885000000,0.0021203385,0.0000006975,0.0000000000,0.0028633590,0.0000233878,-0.0000000102,-0.0197416793,-0.0007941792,0.0000010049
0.1886666667,0.0021154711,0.0000006896,0.0000000000,0.0028600706,0.0000232558,-0.0000000100,-0.0197190071,-0.0007896972,0.0000009948
0.1888333333,0.0021106149,0.0000006818,0.0000000000,0.0028567860,0.0000231245,-0.0000000099,-0.0196963610,-0.0007852405,0.0000009848
0.1890000000,0.0021057699,0.0000006742,0.0000000000,0.0028535052,0.0000229940,-0.0000000097,-0.0196737409,-0.0007808089,0.0000009747
0.1891666667,0.0021009359,0.0000006666,0.0000000000,0.0028502281,0.0000228642,-0.0000000096,-0.0196511467,-0.0007764023,0.0000009647
0.1893333333,0.0020961131,0.0000006591,0.0000000000,0.0028469547,0.0000227352,-0.0000000094,-0.0196285785,-0.0007720206,0.0000009546
0.1895000000,0.0020913013,0.0000006517,0.0000000000,0.0028436852,0.0000226069,-0.0000000092,-0.0196060362,-0.0007676637,0.0000009446
0.1896666667,0.0020865006,0.0000006443,0.0000000000,0.0028404194,0.0000224793,-0.0000000091,-0.0195835198,-0.0007633313,0.0000009346
0.1898333333,0.0020817109,0.0000006371,0.0000000000,0.0028371573,0.0000223524,-0.0000000089,-0.0195610293,-0.0007590234,0.0000009246
0.1900000000,0.0020769322,0.0000006299,0.0000000000,0.0028338990,0.0000222263,-0.0000000088,-0.0195385646,-0.0007547397,0.0000009147
0.1901666667,0.0020721645,0.0000006228,0.0000000000,0.0028306444,0.0000221009,-0.0000000086,-0.0195161257,-0.0007504803,0.0000009047
0.1903333333,0.0020674077,0.0000006158,0.0000000000,0.0028273936,0.0000219761,-0.0000000085,-0.0194937126,-0.0007462449,0.0000008948
0.1905000000,0.0020626618,0.0000006089,0.0000000000,0.0028241465,0.0000218521,-0.0000000083,-0.0194713252,-0.0007420334,0.0000008849
0.1906666667,0.0020579269,0.0000006020,0.0000000000,0.0028209032,0.0000217288,-0.0000000082,-0.0194489635,-0.0007378456,0.0000008751
0.1908333333,0.0020532028,0.0000005952,0.0000000000,0.0028176635,0.0000216062,-0.0000000080,-0.0194266275,-0.0007336815,0.0000008652
0.1910000000,0.0020484895,0.0000005885,0.0000000000,0.0028144276,0.0000214842,-0.0000000079,-0.0194043171,-0.0007295409,0.0000008554
0.1911666667,0.0020437871,0.0000005819,0.0000000000,0.0028111954,0.0000213630,-0.0000000077,-0.0193820324,-0.0007254237,0.0000008457
0.1913333333,0.0020390954,0.0000005754,0.0000000000,0.0028079669,0.0000212424,-0.0000000076,-0.0193597733,-0.0007213297,0.0000008360
0.1915000000,0.0020344145,0.0000005689,0.0000000000,0.0028047421,0.0000211225,-0.0000000075,-0.0193375397,-0.0007172588,0.0000008263
0.1916666667,0.0020297444,0.0000005625,0.0000000000,0.0028015210,0.0000210033,-0.0000000073,-0.0193153316,-0.0007132109,0.0000008166
0.1918333333,0.0020250850,0.0000005562,0.0000000000,0.0027983036,0.0000208848,-0.0000000072,-0.0192931491,-0.0007091858,0.0000008070
0.1920000000,0.0020204363,0.0000005499,0.0000000000,0.0027950899,0.0000207669,-0.0000000071,-0.0192709920,-0.0007051835,0.0000007974
0.1921666667,0.0020157982,0.0000005437,0.0000000000,0.0027918799,0.0000206497,-0.0000000069,-0.0192488604,-0.0007012037,0.0000007879
0.1923333333,0.0020111708,0.0000005376,0.0000000000,0.0027886736,0.0000205332,-0.0000000068,-0.0192267542,-0.0006972464,0.0000007784
0.1925000000,0.0020065541,0.0000005315,0.0000000000,0.0027854710,0.0000204173,-0.0000000067,-0.0192046734,-0.0006933114,0.0000007690
0.1926666667,0.0020019479,0.0000005256,0.0000000000,0.0027822720,0.0000203021,-0.0000000065,-0.0191826180,-0.0006893987,0.0000007596
0.1928333333,0.0019973523,0.0000005196,0.0000000000,0.0027790768,0.0000201875,-0.0000000064,-0.0191605879,-0.0006855080,0.0000007502
0.1930000000,0.0019927672,0.0000005138,0.0000000000,0.0027758852,0.0000200736,-0.0000000063,-0.0191385830,-0.0006816392,0.0000007409
0.1931666667,0.0019881927,0.0000005080,0.0000000000,0.0027726972,0.0000199603,-0.0000000062,-0.0191166035,-0.0006777923,0.0000007317
0.1933333333,0.0019836287,0.0000005023,0.0000000000,0.0027695129,0.0000198476,-0.0000000060,-0.0190946492,-0.0006739672,0.0000007225
0.1935000000,0.0019790751,0.0000004966,0.0000000000,0.0027663323,0.0000197356,-0.0000000059,-0.0190727201,-0.0006701636,0.0000007133
0.1936666667,0.0019745321,0.0000004910,0.0000000000,0.0027631553,0.0000196242,-0.0000000058,-0.0190508162,-0.0006663814,0.0000007042
0.1938333333,0.0019699994,0.0000004855,0.0000000000,0.0027599820,0.0000195135,-0.0000000057,-0.0190289374,-0.0006626207,0.0000006952
0.1940000000,0.0019654771,0.0000004801,0.0000000000,0.0027568123,0.0000194034,-0.0000000056,-0.0190070838,-0.0006588811,0.0000006862
0.1941666667,0.0019609652,0.0000004747,0.0000000000,0.0027536463,0.0000192939,-0.0000000055,-0.0189852553,-0.0006551626,0.0000006773
0.1943333333,0.0019564637,0.0000004693,0.0000000000,0.0027504839,0.0000191850,-0.0000000053,-0.0189634518,-0.0006514652,0.0000006684
0.1945000000,0.0019519725,0.0000004640,0.0000000000,0.0027473251,0.0000190767,-0.0000000052,-0.0189416734,-0.0006477886,0.0000006596
0.1946666667,0.0019474917,0.0000004588,0.0000000000,0.0027441700,0.0000189690,-0.0000000051,-0.0189199200,-0.0006441327,0.0000006508
0.1948333333,0.0019430211,0.0000004536,0.0000000000,0.0027410185,0.0000188620,-0.0000000050,-0.0188981915,-0.0006404975,0.0000006421
0.1950000000,0.0019385607,0.0000004485,0.0000000000,0.0027378706,0.0000187555,-0.0000000049,-0.0188764881,-0.0006368828,0.0000006335
0.1951666667,0.0019341106,0.0000004435,0.0000000000,0.0027347263,0.0000186497,-0.0000000048,-0.0188548095,-0.0006332885,0.0000006249
0.1953333333,0.0019296708,0.0000004385,0.0000000000,0.0027315856,0.0000185444,-0.0000000047,-0.0188331559,-0.0006297144,0.0000006164
0.1955000000,0.0019252411,0.0000004336,0.0000000000,0.0027284485,0.0000184398,-0.0000000046,-0.0188115271,-0.0006261606,0.0000006079
0.1956666667,0.0019208216,0.0000004287,0.0000000000,0.0027253151,0.0000183357,-0.0000000045,-0.0187899231,-0.0006226268,0.0000005995
0.1958333333,0.0019164122,0.0000004239,0.0000000000,0.0027221852,0.0000182322,-0.0000000044,-0.0187683440,-0.0006191129,0.0000005911
0.1960000000,0.0019120129,0.0000004191,0.0000000000,0.0027190589,0.0000181293,-0.0000000043,-0.0187467896,-0.0006156189,0.0000005829
0.1961666667,0.0019076238,0.0000004144,0.0000000000,0.0027159363,0.0000180270,-0.0000000042,-0.0187252600,-0.0006121446,0.0000005746
0.1963333333,0.0019032447,0.0000004097,0.0000000000,0.0027128172,0.0000179253,-0.0000000041,-0.0187037552,-0.0006086899,0.0000005665
0.1965000000,0.0018988757,0.0000004051,0.0000000000,0.0027097016,0.0000178241,-0.0000000040,-0.0186822750,-0.0006052547,0.0000005584
0.1966666667,0.0018945167,0.0000004005,0.0000000000,0.0027065897,0.0000177235,-0.0000000039,-0.0186608195,-0.0006018389,0.0000005504
0.1968333333,0.0018901677,0.0000003960,0.0000000000,0.0027034814,0.0000176235,-0.0000000038,-0.0186393886,-0.0005984424,0.0000005424
0.1970000000,0.0018858287,0.0000003916,0.0000000000,0.0027003766,0.0000175240,-0.0000000037,-0.0186179824,-0.0005950650,0.0000005345
0.1971666667,0.0018814997,0.0000003872,0.0000000000,0.0026972753,0.0000174251,-0.0000000037,-0.0185966007,-0.0005917067,0.0000005267
0.1973333333,0.0018771806,0.0000003828,0.0000000000,0.0026941777,0.0000173268,-0.0000000036,-0.0185752436,-0.0005883673,0.0000005189
0.1975000000,0.0018728714,0.0000003785,0.0000000000,0.0026910836,0.0000172290,-0.0000000035,-0.0185539110,-0.0005850468,0.0000005112
0.1976666667,0.0018685721,0.0000003742,0.0000000000,0.0026879930,0.0000171318,-0.0000000034,-0.0185326029,-0.0005817451,0.0000005036
0.1978333333,0.0018642827,0.0000003700,0.0000000000,0.0026849060,0.0000170351,-0.0000000033,-0.0185113193,-0.0005784619,0.0000004960
0.1980000000,0.0018600031,0.0000003659,0.0000000000,0.0026818226,0.0000169390,-0.0000000032,-0.0184900601,-0.0005751973,0.0000004885
0.1981666667,0.0018557333,0.0000003617,0.0000000000,0.0026787426,0.0000168434,-0.0000000032,-0.0184688254,-0.0005719512,0.0000004811
0.1983333333,0.0018514734,0.0000003577,0.0000000000,0.0026756663,0.0000167483,-0.0000000031,-0.0184476150,-0.0005687233,0.0000004737
0.1985000000,0.0018472232,0.0000003536,0.0000000000,0.0026725934,0.0000166538,-0.0000000030,-0.0184264290,-0.0005655137,0.0000004664
0.1986666667,0.0018429828,0.0000003497,0.0000000000,0.0026695241,0.0000165598,-0.0000000029,-0.0184052673,-0.0005623221,0.0000004592
0.1988333333,0.0018387521,0.0000003457,0.0000000000,0.0026664583,0.0000164663,-0.0000000028,-0.0183841299,-0.0005591486,0.0000004520
0.1990000000,0.0018345311,0.0000003418,0.0000000000,0.0026633960,0.0000163734,-0.0000000028,-0.0183630168,-0.0005559930,0.0000004449
0.1991666667,0.0018303198,0.0000003380,0.0000000000,0.0026603373,0.0000162810,-0.0000000027,-0.0183419280,-0.0005528552,0.0000004379
0.1993333333,0.0018261182,0.0000003342,0.0000000000,0.0026572820,0.0000161891,-0.0000000026,-0.0183208633,-0.0005497351,0.0000004309
0.1995000000,0.0018219262,0.0000003304,0.0000000000,0.0026542303,0.0000160978,-0.0000000026,-0.0182998229,-0.0005466326,0.0000004240
0.1996666667,0.0018177439,0.0000003267,0.0000000000,0.0026511821,0.0000160069,-0.0000000025,-0.0182788066,-0.0005435477,0.0000004172
0.1998333333,0.0018135711,0.0000003230,0.0000000000,0.0026481373,0.0000159166,-0.0000000024,-0.0182578144,-0.0005404801,0.0000004104
0.2000000000,0.0018094080,0.0000003194,0.0000000000,0.0026450961,0.0000158267,-0.0000000023,-0.0182368464,-0.0005374298,0.0000004037
0.2001666667,0.0018052543,0.0000003158,0.0000000000,0.0026420584,0.0000157374,-0.0000000023,-0.0182159025,-0.0005343968,0.0000003971
0.2003333333,0.0018011103,0.0000003122,0.0000000000,0.0026390241,0.0000156486,-0.0000000022,-0.0181949825,-0.0005313809,0.0000003905
0.2005000000,0.0017969757,0.0000003087,0.0000000000,0.0026359933,0.0000155603,-0.0000000021,-0.0181740867,-0.0005283820,0.0000003840
0.2006666667,0.0017928506,0.0000003053,0.0000000000,0.0026329661,0.0000154725,-0.0000000021,-0.0181532148,-0.0005254000,0.0000003776
0.2008333333,0.0017887350,0.0000003018,0.0000000000,0.0026299423,0.0000153852,-0.0000000020,-0.0181323669,-0.0005224349,0.0000003712
0.2010000000,0.0017846289,0.0000002984,0.0000000000,0.0026269219,0.0000152983,-0.0000000020,-0.0181115429,-0.0005194865,0.0000003650
0.2011666667,0.0017805321,0.0000002951,0.0000000000,0.0026239051,0.0000152120,-0.0000000019,-0.0180907429,-0.0005165547,0.0000003587
0.2013333333,0.0017764448,0.0000002917,0.0000000000,0.0026208916,0.0000151261,-0.0000000018,-0.0180699667,-0.0005136395,0.0000003526
0.2015000000,0.0017723669,0.0000002885,0.0000000000,0.0026178817,0.0000150408,-0.0000000018,-0.0180492144,-0.0005107407,0.0000003465
0.2016666667,0.0017682983,0.0000002852,0.0000000000,0.0026148752,0.0000149559,-0.0000000017,-0.0180284859,-0.0005078583,0.0000003405
0.2018333333,0.0017642390,0.0000002820,0.0000000000,0.0026118722,0.0000148715,-0.0000000017,-0.0180077812,-0.0005049921,0.0000003345
0.2020000000,0.0017601891,0.0000002788,0.0000000000,0.0026088726,0.0000147876,-0.0000000016,-0.0179871004,-0.0005021422,0.0000003286
0.2021666667,0.0017561485,0.0000002757,0.0000000000,0.0026058765,0.0000147041,-0.0000000016,-0.0179664432,-0.0004993083,0.0000003228
0.2023333333,0.0017521171,0.0000002726,0.0000000000,0.0026028838,0.0000146211,-0.0000000015,-0.0179458098,-0.0004964904,0.0000003170
0.2025000000,0.0017480950,0.0000002695,0.0000000000,0.0025998945,0.0000145386,-0.0000000015,-0.0179252001,-0.0004936884,0.0000003113
0.2026666667,0.0017440822,0.0000002665,0.0000000000,0.0025969087,0.0000144566,-0.0000000014,-0.0179046140,-0.0004909022,0.0000003057
0.2028333333,0.0017400785,0.0000002635,0.0000000000,0.0025939263,0.0000143750,-0.0000000014,-0.0178840516,-0.0004881318,0.0000003001
0.2030000000,0.0017360841,0.0000002605,0.0000000000,0.0025909473,0.0000142938,-0.0000000013,-0.0178635128,-0.0004853769,0.0000002946
0.2031666667,0.0017320988,0.0000002576,0.0000000000,0.0025879718,0.0000142132,-0.0000000013,-0.0178429976,-0.0004826377,0.0000002892
0.2033333333,0.0017281226,0.0000002547,0.0000000000,0.0025849996,0.0000141330,-0.0000000012,-0.0178225060,-0.0004799139,0.0000002838
0.2035000000,0.0017241556,0.0000002518,0.0000000000,0.0025820309,0.0000140532,-0.0000000012,-0.0178020379,-0.0004772054,0.0000002785
0.2036666667,0.0017201977,0.0000002490,0.0000000000,0.0025790656,0.0000139739,-0.0000000011,-0.0177815933,-0.0004745123,0.0000002732
0.2038333333,0.0017162489,0.0000002462,0.0000000000,0.0025761037,0.0000138950,-0.0000000011,-0.0177611721,-0.0004718343,0.0000002681
0.2040000000,0.0017123091,0.0000002434,0.0000000000,0.0025731452,0.0000138166,-0.0000000010,-0.0177407745,-0.0004691715,0.0000002629
0.2041666667,0.0017083784,0.0000002407,0.0000000000,0.0025701901,0.0000137386,-0.0000000010,-0.0177204002,-0.0004665237,0.0000002579
0.2043333333,0.0017044567,0.0000002380,0.0000000000,0.0025672384,0.0000136611,-0.0000000009,-0.0177000494,-0.0004638908,0.0000002529
0.2045000000,0.0017005440,0.0000002353,0.0000000000,0.0025642900,0.0000135840,-0.0000000009,-0.0176797219,-0.0004612728,0.0000002480
0.2046666667,0.0016966403,0.0000002326,0.0000000000,0.0025613451,0.0000135073,-0.0000000009,-0.0176594178,-0.0004586695,0.0000002431
0.2048333333,0.0016927455,0.0000002300,0.0000000000,0.0025584035,0.0000134311,-0.0000000008,-0.0176391369,-0.0004560810,0.0000002383
0.2050000000,0.0016888597,0.0000002274,0.0000000000,0.0025554654,0.0000133553,-0.0000000008,-0.0176188794,-0.0004535071,0.0000002335
0.2051666667,0.0016849828,0.0000002249,0.0000000000,0.0025525306,0.0000132799,-0.0000000007,-0.0175986452,-0.0004509476,0.0000002288
0.2053333333,0.0016811149,0.0000002223,0.0000000000,0.0025495991,0.0000132050,-0.0000000007,-0.0175784341,-0.0004484027,0.0000002242
0.2055000000,0.0016772558,0.0000002198,0.0000000000,0.0025466711,0.0000131305,-0.0000000007,-0.0175582463,-0.0004458721,0.0000002196
0.2056666667,0.0016734055,0.0000002174,0.0000000000,0.0025437464,0.0000130564,-0.0000000006,-0.0175380817,-0.0004433558,0.0000002151
0.2058333333,0.0016695641,0.0000002149,0.0000000000,0.0025408250,0.0000129827,-0.0000000006,-0.0175179402,-0.0004408536,0.0000002107
0.2060000000,0.0016657315,0.0000002125,0.0000000000,0.0025379070,0.0000129094,-0.0000000006,-0.0174978219,-0.0004383656,0.0000002063
0.2061666667,0.0016619077,0.0000002101,0.0000000000,0.0025349924,0.0000128366,-0.0000000005,-0.0174777267,-0.0004358917,0.0000002020
0.2063333333,0.0016580927,0.0000002077,0.0000000000,0.0025320811,0.0000127641,-0.0000000005,-0.0174576545,-0.0004334317,0.0000001977
0.2065000000,0.0016542864,0.0000002054,0.0000000000,0.0025291731,0.0000126921,-0.0000000005,-0.0174376054,-0.0004309856,0.0000001935
0.2066666667,0.0016504889,0.0000002031,0.0000000000,0.0025262685,0.0000126204,-0.0000000004,-0.0174175793,-0.0004285533,0.0000001893
0.2068333333,0.0016467001,0.0000002008,0.0000000000,0.0025233673,0.0000125492,-0.0000000004,-0.0173975763,-0.0004261347,0.0000001852
0.2070000000,0.0016429200,0.0000001985,0.0000000000,0.0025204693,0.0000124784,-0.0000000004,-0.0173775962,-0.0004237298,0.0000001812
0.2071666667,0.0016391486,0.0000001963,0.0000000000,0.0025175747,0.0000124080,-0.0000000003,-0.0173576390,-0.0004213384,0.0000001772
0.2073333333,0.0016353858,0.0000001941,0.0000000000,0.0025146834,0.0000123380,-0.0000000003,-0.0173377048,-0.0004189605,0.0000001733
0.2075000000,0.0016316317,0.0000001919,0.0000000000,0.0025117955,0.0000122683,-0.0000000003,-0.0173177934,-0.0004165961,0.0000001694
0.2076666667,0.0016278861,0.0000001898,0.0000000000,0.0025089108,0.0000121991,-0.0000000002,-0.0172979049,-0.0004142450,0.0000001656
0.2078333333,0.0016241492,0.0000001876,0.0000000000,0.0025060295,0.0000121302,-0.0000000002,-0.0172780393,-0.0004119072,0.0000001618
0.2080000000,0.0016204209,0.0000001855,0.0000000000,0.0025031514,0.0000120618,-0.0000000002,-0.0172581965,-0.0004095825,0.0000001581
0.2081666667,0.0016167011,0.0000001834,0.0000000000,0.0025002767,0.0000119937,-0.0000000002,-0.0172383764,-0.0004072710,0.0000001544
0.2083333333,0.0016129899,0.0000001814,0.0000000000,0.0024974053,0.0000119260,-0.0000000001,-0.0172185792,-0.0004049725,0.0000001508
0.2085000000,0.0016092871,0.0000001793,0.0000000000,0.0024945372,0.0000118587,-0.0000000001,-0.0171988046,-0.0004026870,0.0000001473
0.2086666667,0.0016055929,0.0000001773,0.0000000000,0.0024916723,0.0000117918,-0.0000000001,-0.0171790528,-0.0004004144,0.0000001437
0.2088333333,0.0016019072,0.0000001753,0.0000000000,0.0024888108,0.0000117252,-0.0000000001,-0.0171593237,-0.0003981547,0.0000001403
0.2090000000,0.0015982299,0.0000001733,0.0000000000,0.0024859525,0.0000116591,-0.0000000000,-0.0171396172,-0.0003959076,0.0000001369
0.2091666667,0.0015945611,0.0000001714,0.0000000000,0.0024830976,0.0000115933,-0.0000000000,-0.0171199333,-0.0003936733,0.0000001335
0.2093333333,0.0015909006,0.0000001694,0.0000000000,0.0024802459,0.0000115278,-0.0000000000,-0.0171002721,-0.0003914516,0.0000001303
0.2095000000,0.0015872486,0.0000001675,0.0000000000,0.0024773975,0.0000114628,0.0000000000,-0.0170806334,-0.0003892424,0.0000001270
0.2096666667,0.0015836050,0.0000001657,0.0000000000,0.0024745523,0.0000113981,0.0000000000,-0.0170610173,-0.0003870456,0.0000001238
0.2098333333,0.0015799697,0.0000001638,0.0000000000,0.0024717104,0.0000113338,0.0000000001,-0.0170414237,-0.0003848613,0.0000001207
0.2100000000,0.0015763428,0.0000001619,0.0000000000,0.0024688718,0.0000112698,0.0000000001,-0.0170218526,-0.0003826893,0.0000001176
0.2101666667,0.0015727242,0.0000001601,0.0000000000,0.0024660365,0.0000112062,0.0000000001,-0.0170023040,-0.0003805296,0.0000001145
0.2103333333,0.0015691139,0.0000001583,0.0000000000,0.0024632044,0.0000111430,0.0000000001,-0.0169827779,-0.0003783820,0.0000001115
0.2105000000,0.0015655119,0.0000001565,0.0000000000,0.0024603755,0.0000110801,0.0000000001,-0.0169632741,-0.0003762466,0.0000001085
0.2106666667,0.0015619182,0.0000001548,0.0000000000,0.0024575499,0.0000110175,0.0000000002,-0.0169437928,-0.0003741232,0.0000001056
0.2108333333,0.0015583327,0.0000001530,0.0000000000,0.0024547276,0.0000109554,0.0000000002,-0.0169243338,-0.0003720118,0.0000001028
0.2110000000,0.0015547554,0.0000001513,0.0000000000,0.0024519084,0.0000108935,0.0000000002,-0.0169048972,-0.0003699123,0.0000000999
0.2111666667,0.0015511864,0.0000001496,0.0000000000,0.0024490926,0.0000108321,0.0000000002,-0.0168854829,-0.0003678247,0.0000000972
0.2113333333,0.0015476255,0.0000001479,0.0000000000,0.0024462799,0.0000107709,0.0000000002,-0.0168660909,-0.0003657488,0.0000000944
0.2115000000,0.0015440729,0.0000001463,0.0000000000,0.0024434705,0.0000107101,0.0000000002,-0.0168467212,-0.0003636847,0.0000000918
0.2116666667,0.0015405284,0.0000001446,0.0000000000,0.0024406643,0.0000106497,0.0000000003,-0.0168273737,-0.0003616322,0.0000000891
0.2118333333,0.0015369920,0.0000001430,0.0000000000,0.0024378614,0.0000105896,0.0000000003,-0.0168080485,-0.0003595913,0.0000000865
0.2120000000,0.0015334637,0.0000001414,0.0000000000,0.0024350616,0.0000105298,0.0000000003,-0.0167887454,-0.0003575619,0.0000000840
0.2121666667,0.0015299435,0.0000001398,0.0000000000,0.0024322651,0.0000104704,0.0000000003,-0.0167694645,-0.0003555440,0.0000000815
0.2123333333,0.0015264315,0.0000001382,0.0000000000,0.0024294718,0.0000104113,0.0000000003,-0.0167502057,-0.0003535374,0.0000000790
0.2125000000,0.0015229274,0.0000001367,0.0000000000,0.0024266817,0.0000103526,0.0000000003,-0.0167309691,-0.0003515422,0.0000000766
0.2126666667,0.0015194315,0.0000001351,0.0000000000,0.0024238948,0.0000102941,0.0000000003,-0.0167117546,-0.0003495582,0.0000000742
0.2128333333,0.0015159435,0.0000001336,0.0000000000,0.0024211111,0.0000102360,0.0000000003,-0.0166925621,-0.0003475855,0.0000000718
0.2130000000,0.0015124636,0.0000001321,0.0000000000,0.0024183306,0.0000101783,0.0000000004,-0.0166733917,-0.0003456238,0.0000000695
0.2131666667,0.0015089916,0.0000001306,0.0000000000,0.0024155533,0.0000101208,0.0000000004,-0.0166542432,-0.0003436733,0.0000000673
0.2133333333,0.0015055276,0.0000001291,0.0000000000,0.0024127791,0.0000100637,0.0000000004,-0.0166351168,-0.0003417337,0.0000000651
0.2135000000,0.0015020716,0.0000001277,0.0000000000,0.0024100082,0.0000100069,0.0000000004,-0.0166160123,-0.0003398051,0.0000000629
0.2136666667,0.0014986235,0.0000001262,0.0000000000,0.0024072405,0.0000099504,0.0000000004,-0.0165969298,-0.0003378874,0.0000000607
0.2138333333,0.0014951833,0.0000001248,0.0000000000,0.0024044759,0.0000098943,0.0000000004,-0.0165778692,-0.0003359805,0.0000000586
0.2140000000,0.0014917510,0.0000001234,0.0000000000,0.0024017145,0.0000098384,0.0000000004,-0.0165588305,-0.0003340844,0.0000000566
0.2141666667,0.0014883266,0.0000001220,0.0000000000,0.0023989562,0.0000097829,0.0000000004,-0.0165398136,-0.0003321989,0.0000000545
0.2143333333,0.0014849100,0.0000001207,0.0000000000,0.0023962012,0.0000097277,0.0000000004,-0.0165208186,-0.0003303241,0.0000000525
0.2145000000,0.0014815013,0.0000001193,0.0000000000,0.0023934493,0.0000096728,0.0000000004,-0.0165018454,-0.0003284599,0.0000000506
0.2146666667,0.0014781004,0.0000001180,0.0000000000,0.0023907005,0.0000096182,0.0000000005,-0.0164828940,-0.0003266062,0.0000000487
0.2148333333,0.0014747074,0.0000001166,0.0000000000,0.0023879550,0.0000095639,0.0000000005,-0.0164639644,-0.0003247630,0.0000000468
0.2150000000,0.0014713221,0.0000001153,0.0000000000,0.0023852125,0.0000095100,0.0000000005,-0.0164450565,-0.0003229301,0.0000000449
0.2151666667,0.0014679446,0.0000001140,0.0000000000,0.0023824733,0.0000094563,0.0000000005,-0.0164261703,-0.0003211077,0.0000000431
0.2153333333,0.0014645748,0.0000001127,0.0000000000,0.0023797371,0.0000094029,0.0000000005,-0.0164073058,-0.0003192955,0.0000000413
0.2155000000,0.0014612128,0.0000001115,0.0000000000,0.0023770041,0.0000093499,0.0000000005,-0.0163884629,-0.0003174935,0.0000000396
0.2156666667,0.0014578585,0.0000001102,0.0000000000,0.0023742743,0.0000092971,0.0000000005,-0.0163696417,-0.0003157017,0.0000000379
0.2158333333,0.0014545119,0.0000001090,0.0000000000,0.0023715476,0.0000092446,0.0000000005,-0.0163508422,-0.0003139200,0.0000000362
0.2160000000,0.0014511729,0.0000001077,0.0000000000,0.0023688240,0.0000091924,0.0000000005,-0.0163320642,-0.0003121484,0.0000000345
0.2161666667,0.0014478417,0.0000001065,0.0000000000,0.0023661035,0.0000091406,0.0000000005,-0.0163133077,-0.0003103867,0.0000000329
0.2163333333,0.0014445181,0.0000001053,0.0000000000,0.0023633862,0.0000090890,0.0000000005,-0.0162945728,-0.0003086350,0.0000000314
0.2165000000,0.0014412021,0.0000001041,0.0000000000,0.0023606720,0.0000090377,0.0000000005,-0.0162758595,-0.0003068932,0.0000000298
0.2166666667,0.0014378937,0.0000001030,0.0000000000,0.0023579609,0.0000089867,0.0000000005,-0.0162571676,-0.0003051612,0.0000000283
0.2168333333,0.0014345929,0.0000001018,0.0000000000,0.0023552529,0.0000089360,0.0000000005,-0.0162384972,-0.0003034390,0.0000000268
0.2170000000,0.0014312997,0.0000001007,0.0000000000,0.0023525480,0.0000088855,0.0000000005,-0.0162198482,-0.0003017265,0.0000000253
0.2171666667,0.0014280141,0.0000000995,0.0000000000,0.0023498463,0.0000088354,0.0000000005,-0.0162012207,-0.0003000237,0.0000000239
0.2173333333,0.0014247360,0.0000000984,0.0000000000,0.0023471476,0.0000087855,0.0000000005,-0.0161826145,-0.0002983305,0.0000000225
0.2175000000,0.0014214654,0.0000000973,0.0000000000,0.0023444521,0.0000087359,0.0000000006,-0.0161640297,-0.0002966468,0.0000000211
0.2176666667,0.0014182023,0.0000000962,0.0000000000,0.0023417596,0.0000086866,0.0000000006,-0.0161454663,-0.0002949727,0.0000000198
0.2178333333,0.0014149468,0.0000000951,0.0000000000,0.0023390702,0.0000086376,0.0000000006,-0.0161269241,-0.0002933080,0.0000000185
0.2180000000,0.0014116987,0.0000000941,0.0000000000,0.0023363839,0.0000085889,0.0000000006,-0.0161084033,-0.0002916527,0.0000000172
0.2181666667,0.0014084580,0.0000000930,0.0000000000,0.0023337007,0.0000085404,0.0000000006,-0.0160899037,-0.0002900067,0.0000000160
0.2183333333,0.0014052248,0.0000000920,0.0000000000,0.0023310206,0.0000084922,0.0000000006,-0.0160714254,-0.0002883700,0.0000000147
0.2185000000,0.0014019990,0.0000000909,0.0000000000,0.0023283436,0.0000084443,0.0000000006,-0.0160529683,-0.0002867426,0.0000000135
0.2186666667,0.0013987806,0.0000000899,0.0000000000,0.0023256696,0.0000083966,0.0000000006,-0.0160345324,-0.0002851243,0.0000000123
0.2188333333,0.0013955697,0.0000000889,0.0000000000,0.0023229987,0.0000083492,0.0000000006,-0.0160161177,-0.0002835152,0.0000000112
0.2190000000,0.0013923660,0.0000000879,0.0000000000,0.0023203309,0.0000083021,0.0000000006,-0.0159977241,-0.0002819151,0.0000000101
0.2191666667,0.0013891698,0.0000000869,0.0000000000,0.0023176661,0.0000082553,0.0000000006,-0.0159793517,-0.0002803241,0.0000000090
0.2193333333,0.0013859808,0.0000000859,0.0000000000,0.0023150044,0.0000082087,0.0000000006,-0.0159610003,-0.0002787421,0.0000000079
0.2195000000,0.0013827992,0.0000000850,0.0000000000,0.0023123458,0.0000081623,0.0000000006,-0.0159426700,-0.0002771690,0.0000000069
0.2196666667,0.0013796249,0.0000000840,0.0000000000,0.0023096902,0.0000081163,0.0000000006,-0.0159243608,-0.0002756048,0.0000000058
0.2198333333,0.0013764579,0.0000000830,0.0000000000,0.0023070376,0.0000080705,0.0000000006,-0.0159060726,-0.0002740494,0.0000000048
0.2200000000,0.0013732982,0.0000000821,0.0000000000,0.0023043881,0.0000080249,0.0000000006,-0.0158878054,-0.0002725027,0.0000000039
0.2201666667,0.0013701457,0.0000000812,0.0000000000,0.0023017417,0.0000079796,0.0000000006,-0.0158695592,-0.0002709648,0.0000000029
0.2203333333,0.0013670004,0.0000000803,0.0000000000,0.0022990982,0.0000079346,0.0000000006,-0.0158513339,-0.0002694356,0.0000000020
0.2205000000,0.0013638624,0.0000000794,0.0000000000,0.0022964579,0.0000078898,0.0000000006,-0.0158331296,-0.0002679150,0.0000000011
0.2206666667,0.0013607315,0.0000000785,0.0000000000,0.0022938205,0.0000078453,0.0000000006,-0.0158149461,-0.0002664030,0.0000000002
0.2208333333,0.0013576079,0.0000000776,0.0000000000,0.0022911862,0.0000078010,0.0000000006,-0.0157967836,-0.0002648996,-0.0000000007
0.2210000000,0.0013544914,0.0000000767,0.0000000000,0.0022885549,0.0000077570,0.0000000006,-0.0157786419,-0.0002634046,-0.0000000015
0.2211666667,0.0013513821,0.0000000759,0.0000000000,0.0022859266,0.0000077132,0.0000000006,-0.0157605211,-0.0002619180,-0.0000000023
0.2213333333,0.0013482799,0.0000000750,0.0000000000,0.0022833014,0.0000076697,0.0000000006,-0.0157424210,-0.0002604399,-0.0000000031
0.2215000000,0.0013451848,0.0000000742,0.0000000000,0.0022806791,0.0000076264,0.0000000006,-0.0157243418,-0.0002589700,-0.0000000039
0.2216666667,0.0013420969,0.0000000733,0.0000000000,0.0022780599,0.0000075834,0.0000000006,-0.0157062833,-0.0002575085,-0.0000000047
0.2218333333,0.0013390160,0.0000000725,0.0000000000,0.0022754437,0.0000075406,0.0000000006,-0.0156882455,-0.0002560553,-0.0000000054
0.2220000000,0.0013359422,0.0000000717,0.0000000000,0.0022728305,0.0000074980,0.0000000006,-0.0156702285,-0.0002546102,-0.0000000061
0.2221666667,0.0013328755,0.0000000709,0.0000000000,0.0022702203,0.0000074557,0.0000000006,-0.0156522321,-0.0002531733,-0.0000000068
0.2223333333,0.0013298158,0.0000000701,0.0000000000,0.0022676130,0.0000074136,0.0000000006,-0.0156342565,-0.0002517445,-0.0000000075
0.2225000000,0.0013267631,0.0000000693,0.0000000000,0.0022650088,0.0000073718,0.0000000006,-0.0156163014,-0.0002503237,-0.0000000082
0.2226666667,0.0013237174,0.0000000685,0.0000000000,0.0022624076,0.0000073302,0.0000000006,-0.0155983670,-0.0002489110,-0.0000000088
0.2228333333,0.0013206787,0.0000000677,0.0000000000,0.0022598093,0.0000072888,0.0000000006,-0.0155804532,-0.0002475062,-0.0000000094
0.2230000000,0.0013176470,0.0000000670,0.0000000000,0.0022572141,0.0000072477,0.0000000006,-0.0155625599,-0.0002461094,-0.0000000100
0.2231666667,0.0013146223,0.0000000662,0.0000000000,0.0022546218,0.0000072068,0.0000000006,-0.0155446872,-0.0002447205,-0.0000000106
0.2233333333,0.0013116045,0.0000000655,0.0000000000,0.0022520325,0.0000071661,0.0000000006,-0.0155268351,-0.0002433394,-0.0000000112
0.2235000000,0.0013085936,0.0000000647,0.0000000000,0.0022494462,0.0000071256,0.0000000006,-0.0155090034,-0.0002419661,-0.0000000118
0.2236666667,0.0013055897,0.0000000640,0.0000000000,0.0022468628,0.0000070854,0.0000000006,-0.0154911922,-0.0002406005,-0.0000000123
0.2238333333,0.0013025926,0.0000000633,0.0000000000,0.0022442824,0.0000070454,0.0000000006,-0.0154734015,-0.0002392426,-0.0000000128
0.2240000000,0.0012996024,0.0000000626,0.0000000000,0.0022417050,0.0000070057,0.0000000006,-0.0154556312,-0.0002378925,-0.0000000133
0.2241666667,0.0012966191,0.0000000619,0.0000000000,0.0022391305,0.0000069661,0.0000000006,-0.0154378813,-0.0002365499,-0.0000000138
0.2243333333,0.0012936426,0.0000000612,0.0000000000,0.0022365590,0.0000069268,0.0000000006,-0.0154201518,-0.0002352149,-0.0000000143
0.2245000000,0.0012906730,0.0000000605,0.0000000000,0.0022339905,0.0000068877,0.0000000006,-0.0154024426,-0.0002338874,-0.0000000148
0.2246666667,0.0012877101,0.0000000598,0.0000000000,0.0022314249,0.0000068489,0.0000000005,-0.0153847538,-0.0002325675,-0.0000000152
0.2248333333,0.0012847541,0.0000000591,0.0000000000,0.0022288622,0.0000068102,0.0000000005,-0.0153670853,-0.0002312550,-0.0000000156
0.2250000000,0.0012818049,0.0000000585,0.0000000000,0.0022263025,0.0000067718,0.0000000005,-0.0153494371,-0.0002299498,-0.0000000160
0.2251666667,0.0012788624,0.0000000578,0.0000000000,0.0022237457,0.0000067336,0.0000000005,-0.0153318092,-0.0002286521,-0.0000000164
0.2253333333,0.0012759267,0.0000000572,0.0000000000,0.0022211919,0.0000066956,0.0000000005,-0.0153142015,-0.0002273617,-0.0000000168
0.2255000000,0.0012729977,0.0000000565,0.0000000000,0.0022186409,0.0000066578,0.0000000005,-0.0152966140,-0.0002260785,-0.0000000172
0.2256666667,0.0012700755,0.0000000559,0.0000000000,0.0022160930,0.0000066202,0.0000000005,-0.0152790468,-0.0002248027,-0.0000000176
0.2258333333,0.0012671599,0.0000000553,0.0000000000,0.0022135479,0.0000065828,0.0000000005,-0.0152614997,-0.0002235340,-0.0000000179
0.2260000000,0.0012642511,0.0000000546,0.0000000000,0.0022110058,0.0000065457,0.0000000005,-0.0152439727,-0.0002222724,-0.0000000182
0.2261666667,0.0012613489,0.0000000540,0.0000000000,0.0022084666,0.0000065088,0.0000000005,-0.0152264659,-0.0002210180,-0.0000000186
0.2263333333,0.0012584534,0.0000000534,0.0000000000,0.0022059303,0.0000064720,0.0000000005,-0.0152089792,-0.0002197707,-0.0000000189
0.2265000000,0.0012555646,0.0000000528,0.0000000000,0.0022033969,0.0000064355,0.0000000005,-0.0151915126,-0.0002185304,-0.0000000192
0.2266666667,0.0012526823,0.0000000522,0.0000000000,0.0022008664,0.0000063992,0.0000000005,-0.0151740660,-0.0002172971,-0.0000000194
0.2268333333,0.0012498067,0.0000000516,0.0000000000,0.0021983389,0.0000063631,0.0000000005,-0.0151566395,-0.0002160707,-0.0000000197
0.2270000000,0.0012469377,0.0000000510,0.0000000000,0.0021958142,0.0000063271,0.0000000005,-0.0151392329,-0.0002148513,-0.0000000200
0.2271666667,0.0012440753,0.0000000505,0.0000000000,0.0021932924,0.0000062914,0.0000000005,-0.0151218464,-0.0002136388,-0.0000000202
0.2273333333,0.0012412194,0.0000000499,0.0000000000,0.0021907736,0.0000062559,0.0000000005,-0.0151044799,-0.0002124331,-0.0000000205
0.2275000000,0.0012383701,0.0000000493,0.0000000000,0.0021882576,0.0000062206,0.0000000005,-0.0150871332,-0.0002112342,-0.0000000207
0.2276666667,0.0012355274,0.0000000488,0.0000000000,0.0021857445,0.0000061855,0.0000000005,-0.0150698065,-0.0002100421,-0.0000000209
0.2278333333,0.0012326911,0.0000000482,0.0000000000,0.0021832343,0.0000061506,0.0000000005,-0.0150524997,-0.0002088567,-0.0000000211
0.2280000000,0.0012298614,0.0000000477,0.0000000000,0.0021807270,0.0000061159,0.0000000005,-0.0150352128,-0.0002076780,-0.0000000213
0.2281666667,0.0012270382,0.0000000472,0.0000000000,0.0021782225,0.0000060814,0.0000000005,-0.0150179458,-0.0002065059,-0.0000000215
0.2283333333,0.0012242214,0.0000000466,0.0000000000,0.0021757210,0.0000060471,0.0000000005,-0.0150006985,-0.0002053405,-0.0000000217
0.2285000000,0.0012214112,0.0000000461,0.0000000000,0.0021732223,0.0000060129,0.0000000005,-0.0149834711,-0.0002041817,-0.0000000218
0.2286666667,0.0012186073,0.0000000456,0.0000000000,0.0021707265,0.0000059790,0.0000000005,-0.0149662634,-0.0002030293,-0.0000000220
0.2288333333,0.0012158099,0.0000000451,0.0000000000,0.0021682335,0.0000059453,0.0000000005,-0.0149490756,-0.0002018835,-0.0000000221
0.2290000000,0.0012130190,0.0000000446,0.0000000000,0.0021657434,0.0000059117,0.0000000005,-0.0149319074,-0.0002007442,-0.0000000223
0.2291666667,0.0012102344,0.0000000441,0.0000000000,0.0021632562,0.0000058783,0.0000000005,-0.0149147590,-0.0001996113,-0.0000000224
0.2293333333,0.0012074562,0.0000000436,0.0000000000,0.0021607718,0.0000058452,0.0000000005,-0.0148976303,-0.0001984847,-0.0000000225
0.2295000000,0.0012046844,0.0000000431,0.0000000000,0.0021582903,0.0000058122,0.0000000005,-0.0148805212,-0.0001973646,-0.0000000226
0.2296666667,0.0012019190,0.0000000426,0.0000000000,0.0021558116,0.0000057794,0.0000000005,-0.0148634318,-0.0001962507,-0.0000000227
0.2298333333,0.0011991599,0.0000000421,0.0000000000,0.0021533358,0.0000057468,0.0000000004,-0.0148463620,-0.0001951432,-0.0000000228
0.2300000000,0.0011964072,0.0000000416,0.0000000000,0.0021508628,0.0000057143,0.0000000004,-0.0148293118,-0.0001940418,-0.0000000229
0.2301666667,0.0011936607,0.0000000412,0.0000000000,0.0021483927,0.0000056821,0.0000000004,-0.0148122812,-0.0001929468,-0.0000000230
0.2303333333,0.0011909206,0.0000000407,0.0000000000,0.0021459254,0.0000056500,0.0000000004,-0.0147952702,-0.0001918578,-0.0000000231
0.2305000000,0.0011881868,0.0000000402,0.0000000000,0.0021434609,0.0000056181,0.0000000004,-0.0147782787,-0.0001907751,-0.0000000231
0.2306666667,0.0011854592,0.0000000398,0.0000000000,0.0021409993,0.0000055864,0.0000000004,-0.0147613067,-0.0001896984,-0.0000000232
0.2308333333,0.0011827379,0.0000000393,0.0000000000,0.0021385405,0.0000055549,0.0000000004,-0.0147443542,-0.0001886278,-0.0000000232
0.2310000000,0.0011800229,0.0000000389,0.0000000000,0.0021360845,0.0000055235,0.0000000004,-0.0147274211,-0.0001875633,-0.0000000233
0.2311666667,0.0011773141,0.0000000385,0.0000000000,0.0021336313,0.0000054924,0.0000000004,-0.0147105075,-0.0001865048,-0.0000000233
0.2313333333,0.0011746115,0.0000000380,0.0000000000,0.0021311809,0.0000054614,0.0000000004,-0.0146936134,-0.0001854522,-0.0000000234
0.2315000000,0.0011719151,0.0000000376,0.0000000000,0.0021287334,0.0000054306,0.0000000004,-0.0146767386,-0.0001844056,-0.0000000234
0.2316666667,0.0011692249,0.0000000372,0.0000000000,0.0021262887,0.0000053999,0.0000000004,-0.0146598832,-0.0001833649,-0.0000000234
0.2318333333,0.0011665408,0.0000000368,0.0000000000,0.0021238468,0.0000053694,0.0000000004,-0.0146430472,-0.0001823300,-0.0000000234
0.2320000000,0.0011638630,0.0000000363,0.0000000000,0.0021214076,0.0000053391,0.0000000004,-0.0146262305,-0.0001813010,-0.0000000234
0.2321666667,0.0011611912,0.0000000359,0.0000000000,0.0021189713,0.0000053090,0.0000000004,-0.0146094332,-0.0001802779,-0.0000000234
0.2323333333,0.0011585256,0.0000000355,0.0000000000,0.0021165378,0.0000052790,0.0000000004,-0.0145926551,-0.0001792604,-0.0000000234
0.2325000000,0.0011558662,0.0000000351,0.0000000000,0.0021141071,0.0000052492,0.0000000004,-0.0145758963,-0.0001782488,-0.0000000234
0.2326666667,0.0011532128,0.0000000347,0.0000000000,0.0021116792,0.0000052196,0.0000000004,-0.0145591567,-0.0001772428,-0.0000000234
0.2328333333,0.0011505655,0.0000000343,0.0000000000,0.0021092540,0.0000051902,0.0000000004,-0.0145424363,-0.0001762425,-0.0000000234
0.2330000000,0.0011479243,0.0000000340,0.0000000000,0.0021068317,0.0000051609,0.0000000004,-0.0145257352,-0.0001752479,-0.0000000233
0.2331666667,0.0011452892,0.0000000336,0.0000000000,0.0021044121,0.0000051317,0.0000000004,-0.0145090532,-0.0001742588,-0.0000000233
0.2333333333,0.0011426601,0.0000000332,0.0000000000,0.0021019953,0.0000051028,0.0000000004,-0.0144923904,-0.0001732754,-0.0000000233
0.2335000000,0.0011400371,0.0000000328,0.0000000000,0.0020995813,0.0000050740,0.0000000004,-0.0144757468,-0.0001722975,-0.0000000232
0.2336666667,0.0011374200,0.0000000325,0.0000000000,0.0020971700,0.0000050453,0.0000000004,-0.0144591222,-0.0001713251,-0.0000000232
0.2338333333,0.0011348090,0.0000000321,0.0000000000,0.0020947616,0.0000050169,0.0000000004,-0.0144425167,-0.0001703582,-0.0000000231
0.2340000000,0.0011322040,0.0000000317,0.0000000000,0.0020923558,0.0000049886,0.0000000004,-0.0144259304,-0.0001693968,-0.0000000231
0.2341666667,0.0011296049,0.0000000314,0.0000000000,0.0020899529,0.0000049604,0.0000000003,-0.0144093630,-0.0001684408,-0.0000000230
0.2343333333,0.0011270119,0.0000000310,0.0000000000,0.0020875527,0.0000049324,0.0000000003,-0.0143928147,-0.0001674902,-0.0000000229
0.2345000000,0.0011244247,0.0000000307,0.0000000000,0.0020851553,0.0000049046,0.0000000003,-0.0143762854,-0.0001665449,-0.0000000229
0.2346666667,0.0011218435,0.0000000303,0.0000000000,0.0020827606,0.0000048769,0.0000000003,-0.0143597751,-0.0001656050,-0.0000000228
0.2348333333,0.0011192683,0.0000000300,0.0000000000,0.0020803687,0.0000048494,0.0000000003,-0.0143432837,-0.0001646704,-0.0000000227
0.2350000000,0.0011166989,0.0000000296,0.0000000000,0.0020779795,0.0000048220,0.0000000003,-0.0143268113,-0.0001637411,-0.0000000226
0.2351666667,0.0011141355,0.0000000293,0.0000000000,0.0020755930,0.0000047948,0.0000000003,-0.0143103578,-0.0001628170,-0.0000000225
0.2353333333,0.0011115779,0.0000000290,0.0000000000,0.0020732093,0.0000047677,0.0000000003,-0.0142939231,-0.0001618981,-0.0000000225
0.2355000000,0.0011090262,0.0000000287,0.0000000000,0.0020708284,0.0000047408,0.0000000003,-0.0142775074,-0.0001609844,-0.0000000224
0.2356666667,0.0011064804,0.0000000283,0.0000000000,0.0020684502,0.0000047141,0.0000000003,-0.0142611105,-0.0001600759,-0.0000000223
0.2358333333,0.0011039404,0.0000000280,0.0000000000,0.0020660747,0.0000046875,0.0000000003,-0.0142447325,-0.0001591725,-0.0000000222
0.2360000000,0.0011014062,0.0000000277,0.0000000000,0.0020637019,0.0000046610,0.0000000003,-0.0142283732,-0.0001582742,-0.0000000221
0.2361666667,0.0010988778,0.0000000274,0.0000000000,0.0020613319,0.0000046347,0.0000000003,-0.0142120328,-0.0001573810,-0.0000000220
0.2363333333,0.0010963553,0.0000000271,0.0000000000,0.0020589645,0.0000046085,0.0000000003,-0.0141957111,-0.0001564928,-0.0000000219
0.2365000000,0.0010938385,0.0000000268,0.0000000000,0.0020565999,0.0000045825,0.0000000003,-0.0141794081,-0.0001556096,-0.0000000218
0.2366666667,0.0010913276,0.0000000265,0.0000000000,0.0020542380,0.0000045567,0.0000000003,-0.0141631239,-0.0001547314,-0.0000000217
0.2368333333,0.0010888223,0.0000000262,0.0000000000,0.0020518789,0.0000045310,0.0000000003,-0.0141468584,-0.0001538581,-0.0000000215
0.2370000000,0.0010863229,0.0000000259,0.0000000000,0.0020495224,0.0000045054,0.0000000003,-0.0141306115,-0.0001529898,-0.0000000214
0.2371666667,0.0010838292,0.0000000256,0.0000000000,0.0020471687,0.0000044800,0.0000000003,-0.0141143833,-0.0001521264,-0.0000000213
0.2373333333,0.0010813412,0.0000000253,0.0000000000,0.0020448176,0.0000044547,0.0000000003,-0.0140981738,-0.0001512679,-0.0000000212
0.2375000000,0.0010788589,0.0000000250,0.0000000000,0.0020424692,0.0000044295,0.0000000003,-0.0140819829,-0.0001504142,-0.0000000211
0.2376666667,0.0010763823,0.0000000247,0.0000000000,0.0020401236,0.0000044045,0.0000000003,-0.0140658105,-0.0001495653,-0.0000000209
0.2378333333,0.0010739114,0.0000000245,0.0000000000,0.0020377806,0.0000043797,0.0000000003,-0.0140496568,-0.0001487212,-0.0000000208
0.2380000000,0.0010714461,0.0000000242,0.0000000000,0.0020354404,0.0000043550,0.0000000003,-0.0140335215,-0.0001478819,-0.0000000207
0.2381666667,0.0010689866,0.0000000239,0.0000000000,0.0020331028,0.0000043304,0.0000000003,-0.0140174049,-0.0001470473,-0.0000000205
0.2383333333,0.0010665326,0.0000000236,0.0000000000,0.0020307679,0.0000043060,0.0000000003,-0.0140013067,-0.0001462174,-0.0000000204
0.2385000000,0.0010640843,0.0000000234,0.0000000000,0.0020284357,0.0000042817,0.0000000003,-0.0139852270,-0.0001453922,-0.0000000203
0.2386666667,0.0010616417,0.0000000231,0.0000000000,0.0020261061,0.0000042575,0.0000000002,-0.0139691658,-0.0001445717,-0.0000000201
0.2388333333,0.0010592046,0.0000000229,0.0000000000,0.0020237792,0.0000042335,0.0000000002,-0.0139531230,-0.0001437558,-0.0000000200
0.2390000000,0.0010567731,0.0000000226,0.0000000000,0.0020214551,0.0000042096,0.0000000002,-0.0139370986,-0.0001429445,-0.0000000199
0.2391666667,0.0010543472,0.0000000223,0.0000000000,0.0020191335,0.0000041858,0.0000000002,-0.0139210927,-0.0001421378,-0.0000000197
0.2393333333,0.0010519269,0.0000000221,0.0000000000,0.0020168147,0.0000041622,0.0000000002,-0.0139051051,-0.0001413356,-0.0000000196
0.2395000000,0.0010495122,0.0000000218,0.0000000000,0.0020144985,0.0000041387,0.0000000002,-0.0138891359,-0.0001405380,-0.0000000194
0.2396666667,0.0010471029,0.0000000216,0.0000000000,0.0020121849,0.0000041153,0.0000000002,-0.0138731851,-0.0001397448,-0.0000000193
0.2398333333,0.0010446992,0.0000000214,0.0000000000,0.0020098741,0.0000040921,0.0000000002,-0.0138572525,-0.0001389562,-0.0000000192
0.2400000000,0.0010423011,0.0000000211,0.0000000000,0.0020075658,0.0000040690,0.0000000002,-0.0138413383,-0.0001381720,-0.0000000190
0.2401666667,0.0010399084,0.0000000209,0.0000000000,0.0020052603,0.0000040461,0.0000000002,-0.0138254423,-0.0001373922,-0.0000000189
0.2403333333,0.0010375212,0.0000000206,0.0000000000,0.0020029573,0.0000040232,0.0000000002,-0.0138095646,-0.0001366168,-0.0000000187
0.2405000000,0.0010351395,0.0000000204,0.0000000000,0.0020006571,0.0000040005,0.0000000002,-0.0137937051,-0.0001358458,-0.0000000186
0.2406666667,0.0010327633,0.0000000202,0.0000000000,0.0019983594,0.0000039779,0.0000000002,-0.0137778638,-0.0001350791,-0.0000000184
0.2408333333,0.0010303925,0.0000000199,0.0000000000,0.0019960644,0.0000039555,0.0000000002,-0.0137620408,-0.0001343168,-0.0000000183
0.2410000000,0.0010280272,0.0000000197,0.0000000000,0.0019937721,0.0000039332,0.0000000002,-0.0137462359,-0.0001335588,-0.0000000181
0.2411666667,0.0010256673,0.0000000195,0.0000000000,0.0019914823,0.0000039110,0.0000000002,-0.0137304491,-0.0001328050,-0.0000000180
0.2413333333,0.0010233128,0.0000000193,0.0000000000,0.0019891952,0.0000038889,0.0000000002,-0.0137146805,-0.0001320555,-0.0000000178
0.2415000000,0.0010209637,0.0000000191,0.0000000000,0.0019869108,0.0000038669,0.0000000002,-0.0136989300,-0.0001313102,-0.0000000177
0.2416666667,0.0010186200,0.0000000189,0.0000000000,0.0019846289,0.0000038451,0.0000000002,-0.0136831975,-0.0001305692,-0.0000000175
0.2418333333,0.0010162817,0.0000000186,0.0000000000,0.0019823497,0.0000038234,0.0000000002,-0.0136674832,-0.0001298323,-0.0000000173
0.2420000000,0.0010139488,0.0000000184,0.0000000000,0.0019800731,0.0000038018,0.0000000002,-0.0136517869,-0.0001290996,-0.0000000172
0.2421666667,0.0010116212,0.0000000182,0.0000000000,0.0019777991,0.0000037804,0.0000000002,-0.0136361086,-0.0001283710,-0.0000000170
0.2423333333,0.0010092989,0.0000000180,0.0000000000,0.0019755277,0.0000037591,0.0000000002,-0.0136204483,-0.0001276465,-0.0000000169
0.2425000000,0.0010069820,0.0000000178,0.0000000000,0.0019732589,0.0000037378,0.0000000002,-0.0136048060,-0.0001269261,-0.0000000167
0.2426666667,0.0010046704,0.0000000176,0.0000000000,0.0019709927,0.0000037167,0.0000000002,-0.0135891817,-0.0001262098,-0.0000000166
0.2428333333,0.0010023642,0.0000000174,0.0000000000,0.0019687292,0.0000036958,0.0000000002,-0.0135735753,-0.0001254975,-0.0000000164
0.2430000000,0.0010000632,0.0000000172,0.0000000000,0.0019664682,0.0000036749,0.0000000002,-0.0135579868,-0.0001247893,-0.0000000163
0.2431666667,0.0009977675,0.0000000170,0.0000000000,0.0019642098,0.0000036542,0.0000000002,-0.0135424163,-0.0001240850,-0.0000000161
0.2433333333,0.0009954770,0.0000000168,0.0000000000,0.0019619540,0.0000036336,0.0000000002,-0.0135268636,-0.0001233847,-0.0000000159
0.2435000000,0.0009931918,0.0000000166,0.0000000000,0.0019597008,0.0000036130,0.0000000002,-0.0135113288,-0.0001226884,-0.0000000158
0.2436666667,0.0009909119,0.0000000165,0.0000000000,0.0019574502,0.0000035927,0.0000000002,-0.0134958118,-0.0001219960,-0.0000000156
0.2438333333,0.0009886372,0.0000000163,0.0000000000,0.0019552022,0.0000035724,0.0000000002,-0.0134803127,-0.0001213075,-0.0000000155
0.2440000000,0.0009863677,0.0000000161,0.0000000000,0.0019529568,0.0000035522,0.0000000002,-0.0134648313,-0.0001206229,-0.0000000153
0.2441666667,0.0009841034,0.0000000159,0.0000000000,0.0019507139,0.0000035322,0.0000000002,-0.0134493677,-0.0001199421,-0.0000000152
0.2443333333,0.0009818444,0.0000000157,0.0000000000,0.0019484736,0.0000035122,0.0000000001,-0.0134339219,-0.0001192652,-0.0000000150
0.2445000000,0.0009795905,0.0000000156,0.0000000000,0.0019462359,0.0000034924,0.0000000001,-0.0134184938,-0.0001185922,-0.0000000148
0.2446666667,0.0009773418,0.0000000154,0.0000000000,0.0019440008,0.0000034727,0.0000000001,-0.0134030835,-0.0001179229,-0.0000000147
0.2448333333,0.0009750982,0.0000000152,0.0000000000,0.0019417682,0.0000034531,0.0000000001,-0.0133876908,-0.0001172574,-0.0000000145
0.2450000000,0.0009728598,0.0000000150,0.0000000000,0.0019395382,0.0000034336,0.0000000001,-0.0133723158,-0.0001165956,-0.0000000144
0.2451666667,0.0009706266,0.0000000149,0.0000000000,0.0019373108,0.0000034142,0.0000000001,-0.0133569585,-0.0001159376,-0.0000000142
0.2453333333,0.0009683984,0.0000000147,0.0000000000,0.0019350859,0.0000033950,0.0000000001,-0.0133416188,-0.0001152833,-0.0000000141
0.2455000000,0.0009661754,0.0000000145,0.0000000000,0.0019328635,0.0000033758,0.0000000001,-0.0133262967,-0.0001146327,-0.0000000139
0.2456666667,0.0009639575,0.0000000144,0.0000000000,0.0019306438,0.0000033568,0.0000000001,-0.0133109923,-0.0001139857,-0.0000000138
0.2458333333,0.0009617447,0.0000000142,0.0000000000,0.0019284265,0.0000033378,0.0000000001,-0.0132957054,-0.0001133424,-0.0000000136
0.2460000000,0.0009595369,0.0000000140,0.0000000000,0.0019262118,0.0000033190,0.0000000001,-0.0132804360,-0.0001127028,-0.0000000135
0.2461666667,0.0009573342,0.0000000139,0.0000000000,0.0019239997,0.0000033002,0.0000000001,-0.0132651842,-0.0001120667,-0.0000000133
0.2463333333,0.0009551366,0.0000000137,0.0000000000,0.0019217901,0.0000032816,0.0000000001,-0.0132499499,-0.0001114343,-0.0000000132
0.2465000000,0.0009529440,0.0000000136,0.0000000000,0.0019195830,0.0000032631,0.0000000001,-0.0132347331,-0.0001108054,-0.0000000130
0.2466666667,0.0009507565,0.0000000134,0.0000000000,0.0019173785,0.0000032447,0.0000000001,-0.0132195338,-0.0001101800,-0.0000000128
0.2468333333,0.0009485740,0.0000000133,0.0000000000,0.0019151765,0.0000032264,0.0000000001,-0.0132043519,-0.0001095582,-0.0000000127
0.2470000000,0.0009463964,0.0000000131,0.0000000000,0.0019129770,0.0000032082,0.0000000001,-0.0131891875,-0.0001089399,-0.0000000125
0.2471666667,0.0009442239,0.0000000130,0.0000000000,0.0019107801,0.0000031901,0.0000000001,-0.0131740405,-0.0001083251,-0.0000000124
0.2473333333,0.0009420564,0.0000000128,0.0000000000,0.0019085857,0.0000031721,0.0000000001,-0.0131589109,-0.0001077138,-0.0000000123
0.2475000000,0.0009398939,0.0000000127,0.0000000000,0.0019063938,0.0000031542,0.0000000001,-0.0131437986,-0.0001071059,-0.0000000121
0.2476666667,0.0009377363,0.0000000125,0.0000000000,0.0019042044,0.0000031364,0.0000000001,-0.0131287037,-0.0001065014,-0.0000000120
0.2478333333,0.0009355836,0.0000000124,0.0000000000,0.0019020175,0.0000031187,0.0000000001,-0.0131136262,-0.0001059004,-0.0000000118
0.2480000000,0.0009334359,0.0000000123,0.0000000000,0.0018998332,0.0000031011,0.0000000001,-0.0130985659,-0.0001053027,-0.0000000117
0.2481666667,0.0009312932,0.0000000121,0.0000000000,0.0018976513,0.0000030836,0.0000000001,-0.0130835230,-0.0001047084,-0.0000000115
0.2483333333,0.0009291553,0.0000000120,0.0000000000,0.0018954720,0.0000030662,0.0000000001,-0.0130684973,-0.0001041175,-0.0000000114
0.2485000000,0.0009270224,0.0000000119,0.0000000000,0.0018932951,0.0000030488,0.0000000001,-0.0130534889,-0.0001035299,-0.0000000112
0.2486666667,0.0009248944,0.0000000117,0.0000000000,0.0018911208,0.0000030316,0.0000000001,-0.0130384978,-0.0001029456,-0.0000000111
0.2488333333,0.0009227712,0.0000000116,0.0000000000,0.0018889490,0.0000030145,0.0000000001,-0.0130235238,-0.0001023646,-0.0000000110
0.2490000000,0.0009206529,0.0000000115,0.0000000000,0.0018867796,0.0000029975,0.0000000001,-0.0130085670,-0.0001017869,-0.0000000108
0.2491666667,0.0009185395,0.0000000113,0.0000000000,0.0018846128,0.0000029806,0.0000000001,-0.0129936275,-0.0001012125,-0.0000000107
0.2493333333,0.0009164309,0.0000000112,0.0000000000,0.0018824484,0.0000029638,0.0000000001,-0.0129787050,-0.0001006413,-0.0000000105
0.2495000000,0.0009143272,0.0000000111,0.0000000000,0.0018802865,0.0000029471,0.0000000001,-0.0129637997,-0.0001000733,-0.0000000104
0.2496666667,0.0009122283,0.0000000109,0.0000000000,0.0018781271,0.0000029304,0.0000000001,-0.0129489116,-0.0000995085,-0.0000000103
0.2498333333,0.0009101342,0.0000000108,0.0000000000,0.0018759702,0.0000029139,0.0000000001,-0.0129340405,-0.0000989469,-0.0000000101
0.2500000000,0.0009080450,0.0000000107,0.0000000000,0.0018738157,0.0000028974,0.0000000001,-0.0129191865,-0.0000983885,-0.0000000100
0.2501666667,0.0009059605,0.0000000106,0.0000000000,0.0018716638,0.0000028811,0.0000000001,-0.0129043496,-0.0000978333,-0.0000000099
0.2503333333,0.0009038808,0.0000000105,0.0000000000,0.0018695143,0.0000028648,0.0000000001,-0.0128895297,-0.0000972811,-0.0000000097
0.2505000000,0.0009018059,0.0000000103,0.0000000000,0.0018673672,0.0000028487,0.0000000001,-0.0128747268,-0.0000967321,-0.0000000096
0.2506666667,0.0008997357,0.0000000102,0.0000000000,0.0018652227,0.0000028326,0.0000000001,-0.0128599409,-0.0000961862,-0.0000000095
0.2508333333,0.0008976703,0.0000000101,0.0000000000,0.0018630806,0.0000028166,0.0000000001,-0.0128451720,-0.0000956434,-0.0000000093
0.2510000000,0.0008956097,0.0000000100,0.0000000000,0.0018609409,0.0000028007,0.0000000001,-0.0128304201,-0.0000951036,-0.0000000092
0.2511666667,0.0008935537,0.0000000099,0.0000000000,0.0018588038,0.0000027849,0.0000000001,-0.0128156851,-0.0000945669,-0.0000000091
0.2513333333,0.0008915025,0.0000000098,0.0000000000,0.0018566690,0.0000027692,0.0000000001,-0.0128009670,-0.0000940332,-0.0000000089
0.2515000000,0.0008894560,0.0000000097,0.0000000000,0.0018545368,0.0000027536,0.0000000001,-0.0127862659,-0.0000935025,-0.0000000088
0.2516666667,0.0008874142,0.0000000096,0.0000000000,0.0018524069,0.0000027380,0.0000000001,-0.0127715816,-0.0000929748,-0.0000000087
0.2518333333,0.0008853771,0.0000000095,0.0000000000,0.0018502796,0.0000027226,0.0000000001,-0.0127569142,-0.0000924501,-0.0000000086
0.2520000000,0.0008833447,0.0000000093,0.0000000000,0.0018481546,0.0000027072,0.0000000001,-0.0127422636,-0.0000919283,-0.0000000084
0.2521666667,0.0008813169,0.0000000092,0.0000000000,0.0018460321,0.0000026919,0.0000000001,-0.0127276299,-0.0000914095,-0.0000000083
0.2523333333,0.0008792938,0.0000000091,0.0000000000,0.0018439121,0.0000026767,0.0000000001,-0.0127130129,-0.0000908936,-0.0000000082
0.2525000000,0.0008772753,0.0000000090,0.0000000000,0.0018417944,0.0000026616,0.0000000001,-0.0126984128,-0.0000903807,-0.0000000081
0.2526666667,0.0008752614,0.0000000089,0.0000000000,0.0018396792,0.0000026466,0.0000000001,-0.0126838294,-0.0000898706,-0.0000000080
0.2528333333,0.0008732522,0.0000000088,0.0000000000,0.0018375665,0.0000026317,0.0000000001,-0.0126692627,-0.0000893634,-0.0000000078
0.2530000000,0.0008712476,0.0000000087,0.0000000000,0.0018354561,0.0000026168,0.0000000001,-0.0126547128,-0.0000888591,-0.0000000077
0.2531666667,0.0008692476,0.0000000086,0.0000000000,0.0018333482,0.0000026020,0.0000000001,-0.0126401796,-0.0000883576,-0.0000000076
0.2533333333,0.0008672522,0.0000000085,0.0000000000,0.0018312427,0.0000025874,0.0000000000,-0.0126256631,-0.0000878589,-0.0000000075
0.2535000000,0.0008652614,0.0000000084,0.0000000000,0.0018291396,0.0000025728,0.0000000000,-0.0126111633,-0.0000873631,-0.0000000074
0.2536666667,0.0008632751,0.0000000083,0.0000000000,0.0018270390,0.0000025582,0.0000000000,-0.0125966801,-0.0000868701,-0.0000000073
0.2538333333,0.0008612934,0.0000000083,0.0000000000,0.0018249407,0.0000025438,0.0000000000,-0.0125822135,-0.0000863798,-0.0000000071
0.2540000000,0.0008593162,0.0000000082,0.0000000000,0.0018228449,0.0000025294,0.0000000000,-0.0125677636,-0.0000858923,-0.0000000070
0.2541666667,0.0008573436,0.0000000081,0.0000000000,0.0018207515,0.0000025152,0.0000000000,-0.0125533302,-0.0000854076,-0.0000000069
0.2543333333,0.0008553755,0.0000000080,0.0000000000,0.0018186604,0.0000025010,0.0000000000,-0.0125389135,-0.0000849256,-0.0000000068
0.2545000000,0.0008534120,0.0000000079,0.0000000000,0.0018165718,0.0000024869,0.0000000000,-0.0125245133,-0.0000844463,-0.0000000067
0.2546666667,0.0008514529,0.0000000078,0.0000000000,0.0018144856,0.0000024728,0.0000000000,-0.0125101296,-0.0000839697,-0.0000000066
0.2548333333,0.0008494983,0.0000000077,0.0000000000,0.0018124018,0.0000024589,0.0000000000,-0.0124957624,-0.0000834958,-0.0000000065
0.2550000000,0.0008475483,0.0000000076,0.0000000000,0.0018103203,0.0000024450,0.0000000000,-0.0124814118,-0.0000830246,-0.0000000064
0.2551666667,0.0008456027,0.0000000075,0.0000000000,0.0018082413,0.0000024312,0.0000000000,-0.0124670776,-0.0000825560,-0.0000000063
0.2553333333,0.0008436615,0.0000000075,0.0000000000,0.0018061646,0.0000024175,0.0000000000,-0.0124527599,-0.0000820901,-0.0000000062
0.2555000000,0.0008417248,0.0000000074,0.0000000000,0.0018040903,0.0000024038,0.0000000000,-0.0124384586,-0.0000816268,-0.0000000061
0.2556666667,0.0008397926,0.0000000073,0.0000000000,0.0018020184,0.0000023903,0.0000000000,-0.0124241738,-0.0000811662,-0.0000000060
0.2558333333,0.0008378648,0.0000000072,0.0000000000,0.0017999489,0.0000023768,0.0000000000,-0.0124099053,-0.0000807081,-0.0000000059
0.2560000000,0.0008359414,0.0000000071,0.0000000000,0.0017978818,0.0000023634,0.0000000000,-0.0123956533,-0.0000802526,-0.0000000058
0.2561666667,0.0008340225,0.0000000070,0.0000000000,0.0017958170,0.0000023500,0.0000000000,-0.0123814176,-0.0000797997,-0.0000000057
0.2563333333,0.0008321079,0.0000000070,0.0000000000,0.0017937546,0.0000023368,0.0000000000,-0.0123671982,-0.0000793493,-0.0000000056
0.2565000000,0.0008301978,0.0000000069,0.0000000000,0.0017916946,0.0000023236,0.0000000000,-0.0123529952,-0.0000789015,-0.0000000055
0.2566666667,0.0008282920,0.0000000068,0.0000000000,0.0017896370,0.0000023105,0.0000000000,-0.0123388085,-0.0000784562,-0.0000000054
0.2568333333,0.0008263906,0.0000000067,0.0000000000,0.0017875817,0.0000022974,0.0000000000,-0.0123246381,-0.0000780135,-0.0000000053
0.2570000000,0.0008244936,0.0000000067,0.0000000000,0.0017855287,0.0000022844,0.0000000000,-0.0123104840,-0.0000775732,-0.0000000052
0.2571666667,0.0008226009,0.0000000066,0.0000000000,0.0017834782,0.0000022716,0.0000000000,-0.0122963461,-0.0000771354,-0.0000000051
0.2573333333,0.0008207126,0.0000000065,0.0000000000,0.0017814299,0.0000022587,0.0000000000,-0.0122822245,-0.0000767001,-0.0000000050
0.2575000000,0.0008188286,0.0000000064,0.0000000000,0.0017793841,0.0000022460,0.0000000000,-0.0122681191,-0.0000762672,-0.0000000049
0.2576666667,0.0008169489,0.0000000064,0.0000000000,0.0017773405,0.0000022333,0.0000000000,-0.0122540298,-0.0000758368,-0.0000000048
0.2578333333,0.0008150735,0.0000000063,0.0000000000,0.0017752994,0.0000022207,0.0000000000,-0.0122399568,-0.0000754088,-0.0000000048
0.2580000000,0.0008132025,0.0000000062,0.0000000000,0.0017732605,0.0000022082,0.0000000000,-0.0122258999,-0.0000749832,-0.0000000047
0.2581666667,0.0008113357,0.0000000061,0.0000000000,0.0017712241,0.0000021957,0.0000000000,-0.0122118592,-0.0000745600,-0.0000000046
0.2583333333,0.0008094732,0.0000000061,0.0000000000,0.0017691899,0.0000021833,0.0000000000,-0.0121978346,-0.0000741393,-0.0000000045
0.2585000000,0.0008076150,0.0000000060,0.0000000000,0.0017671581,0.0000021710,0.0000000000,-0.0121838261,-0.0000737208,-0.0000000044
0.2586666667,0.0008057611,0.0000000059,0.0000000000,0.0017651286,0.0000021587,0.0000000000,-0.0121698337,-0.0000733048,-0.0000000043
0.2588333333,0.0008039114,0.0000000059,0.0000000000,0.0017631015,0.0000021466,0.0000000000,-0.0121558573,-0.0000728911,-0.0000000043
0.2590000000,0.0008020660,0.0000000058,0.0000000000,0.0017610767,0.0000021345,0.0000000000,-0.0121418970,-0.0000724797,-0.0000000042
0.2591666667,0.0008002248,0.0000000057,0.0000000000,0.0017590542,0.0000021224,0.0000000000,-0.0121279528,-0.0000720707,-0.0000000041
0.2593333333,0.0007983878,0.0000000057,0.0000000000,0.0017570340,0.0000021104,0.0000000000,-0.0121140245,-0.0000716639,-0.0000000040
0.2595000000,0.0007965551,0.0000000056,0.0000000000,0.0017550161,0.0000020985,0.0000000000,-0.0121001123,-0.0000712595,-0.0000000039
0.2596666667,0.0007947265,0.0000000056,0.0000000000,0.0017530006,0.0000020867,0.0000000000,-0.0120862160,-0.0000708573,-0.0000000039
0.2598333333,0.0007929022,0.0000000055,0.0000000000,0.0017509874,0.0000020749,0.0000000000,-0.0120723357,-0.0000704574,-0.0000000038
0.2600000000,0.0007910820,0.0000000054,0.0000000000,0.0017489765,0.0000020632,0.0000000000,-0.0120584713,-0.0000700598,-0.0000000037
0.2601666667,0.0007892661,0.0000000054,0.0000000000,0.0017469679,0.0000020515,0.0000000000,-0.0120446228,-0.0000696644,-0.0000000036
0.2603333333,0.0007874542,0.0000000053,0.0000000000,0.0017449616,0.0000020400,0.0000000000,-0.0120307903,-0.0000692713,-0.0000000036
0.2605000000,0.0007856466,0.0000000052,0.0000000000,0.0017429576,0.0000020285,0.0000000000,-0.0120169736,-0.0000688803,-0.0000000035
0.2606666667,0.0007838431,0.0000000052,0.0000000000,0.0017409559,0.0000020170,0.0000000000,-0.0120031728,-0.0000684916,-0.0000000034
0.2608333333,0.0007820437,0.0000000051,0.0000000000,0.0017389565,0.0000020056,0.0000000000,-0.0119893879,-0.0000681051,-0.0000000033
0.2610000000,0.0007802485,0.0000000051,0.0000000000,0.0017369594,0.0000019943,0.0000000000,-0.0119756188,-0.0000677207,-0.0000000033
0.2611666667,0.0007784574,0.0000000050,0.0000000000,0.0017349646,0.0000019830,0.0000000000,-0.0119618655,-0.0000673385,-0.0000000032
0.2613333333,0.0007766704,0.0000000050,0.0000000000,0.0017329721,0.0000019719,0.0000000000,-0.0119481280,-0.0000669585,-0.0000000031
0.2615000000,0.0007748875,0.0000000049,0.0000000000,0.0017309819,0.0000019607,0.0000000000,-0.0119344062,-0.0000665806,-0.0000000031
0.2616666667,0.0007731087,0.0000000048,0.0000000000,0.0017289940,0.0000019497,0.0000000000,-0.0119207003,-0.0000662048,-0.0000000030
0.2618333333,0.0007713340,0.0000000048,0.0000000000,0.0017270083,0.0000019387,0.0000000000,-0.0119070100,-0.0000658312,-0.0000000029
0.2620000000,0.0007695633,0.0000000047,0.0000000000,0.0017250250,0.0000019277,0.0000000000,-0.0118933355,-0.0000654597,-0.0000000029
0.2621666667,0.0007677967,0.0000000047,0.0000000000,0.0017230439,0.0000019168,0.0000000000,-0.0118796767,-0.0000650903,-0.0000000028
0.2623333333,0.0007660342,0.0000000046,0.0000000000,0.0017210651,0.0000019060,0.0000000000,-0.0118660336,-0.0000647229,-0.0000000028
0.2625000000,0.0007642757,0.0000000046,0.0000000000,0.0017190885,0.0000018953,0.0000000000,-0.0118524061,-0.0000643576,-0.0000000027
0.2626666667,0.0007625213,0.0000000045,0.0000000000,0.0017171142,0.0000018846,0.0000000000,-0.0118387943,-0.0000639944,-0.0000000026
0.2628333333,0.0007607709,0.0000000045,0.0000000000,0.0017151422,0.0000018739,0.0000000000,-0.0118251982,-0.0000636333,-0.0000000026
0.2630000000,0.0007590245,0.0000000044,0.0000000000,0.0017131725,0.0000018634,0.0000000000,-0.0118116176,-0.0000632742,-0.0000000025
0.2631666667,0.0007572821,0.0000000044,0.0000000000,0.0017112050,0.0000018528,0.0000000000,-0.0117980527,-0.0000629171,-0.0000000025
0.2633333333,0.0007555437,0.0000000043,0.0000000000,0.0017092398,0.0000018424,0.0000000000,-0.0117845033,-0.0000625620,-0.0000000024
0.2635000000,0.0007538093,0.0000000043,0.0000000000,0.0017072768,0.0000018320,0.0000000000,-0.0117709695,-0.0000622089,-0.0000000023
0.2636666667,0.0007520789,0.0000000042,0.0000000000,0.0017053161,0.0000018216,0.0000000000,-0.0117574512,-0.0000618578,-0.0000000023
0.2638333333,0.0007503524,0.0000000042,0.0000000000,0.0017033577,0.0000018114,0.0000000000,-0.0117439485,-0.0000615087,-0.0000000022
0.2640000000,0.0007486299,0.0000000041,0.0000000000,0.0017014015,0.0000018011,0.0000000000,-0.0117304612,-0.0000611616,-0.0000000022
0.2641666667,0.0007469114,0.0000000041,0.0000000000,0.0016994475,0.0000017910,0.0000000000,-0.0117169895,-0.0000608164,-0.0000000021
0.2643333333,0.0007451968,0.0000000040,0.0000000000,0.0016974958,0.0000017809,0.0000000000,-0.0117035332,-0.0000604732,-0.0000000021
0.2645000000,0.0007434862,0.0000000040,0.0000000000,0.0016955463,0.0000017708,0.0000000000,-0.0116900924,-0.0000601319,-0.0000000020
0.2646666667,0.0007417795,0.0000000040,0.0000000000,0.0016935991,0.0000017608,-0.0000000000,-0.0116766670,-0.0000597926,-0.0000000020
0.2648333333,0.0007400767,0.0000000039,0.0000000000,0.0016916541,0.0000017509,-0.0000000000,-0.0116632570,-0.0000594551,-0.0000000019
0.2650000000,0.0007383778,0.0000000039,0.0000000000,0.0016897113,0.0000017410,-0.0000000000,-0.0116498624,-0.0000591196,-0.0000000019
0.2651666667,0.0007366828,0.0000000038,0.0000000000,0.0016877708,0.0000017312,-0.0000000000,-0.0116364832,-0.0000587859,-0.0000000018
0.2653333333,0.0007349917,0.0000000038,0.0000000000,0.0016858325,0.0000017214,-0.0000000000,-0.0116231194,-0.0000584542,-0.0000000018
0.2655000000,0.0007333044,0.0000000037,0.0000000000,0.0016838964,0.0000017117,-0.0000000000,-0.0116097709,-0.0000581243,-0.0000000017
0.2656666667,0.0007316211,0.0000000037,0.0000000000,0.0016819625,0.0000017020,-0.0000000000,-0.0115964378,-0.0000577962,-0.0000000017
0.2658333333,0.0007299416,0.0000000037,0.0000000000,0.0016800309,0.0000016924,-0.0000000000,-0.0115831199,-0.0000574701,-0.0000000016
0.2660000000,0.0007282660,0.0000000036,0.0000000000,0.0016781015,0.0000016829,-0.0000000000,-0.0115698174,-0.0000571457,-0.0000000016
0.2661666667,0.0007265942,0.0000000036,0.0000000000,0.0016761743,0.0000016734,-0.0000000000,-0.0115565301,-0.0000568232,-0.0000000016
0.2663333333,0.0007249263,0.0000000035,0.0000000000,0.0016742493,0.0000016639,-0.0000000000,-0.0115432581,-0.0000565025,-0.0000000015
0.2665000000,0.0007232621,0.0000000035,0.0000000000,0.0016723265,0.0000016545,-0.0000000000,-0.0115300014,-0.0000561836,-0.0000000015
0.2666666667,0.0007216018,0.0000000035,0.0000000000,0.0016704059,0.0000016452,-0.0000000000,-0.0115167598,-0.0000558666,-0.0000000014
0.2668333333,0.0007199454,0.0000000034,0.0000000000,0.0016684876,0.0000016359,-0.0000000000,-0.0115035335,-0.0000555513,-0.0000000014
0.2670000000,0.0007182927,0.0000000034,0.0000000000,0.0016665714,0.0000016267,-0.0000000000,-0.0114903224,-0.0000552378,-0.0000000013
0.2671666667,0.0007166438,0.0000000033,0.0000000000,0.0016646575,0.0000016175,-0.0000000000,-0.0114771264,-0.0000549260,-0.0000000013
0.2673333333,0.0007149987,0.0000000033,0.0000000000,0.0016627457,0.0000016084,-0.0000000000,-0.0114639456,-0.0000546161,-0.0000000013
0.2675000000,0.0007133574,0.0000000033,0.0000000000,0.0016608361,0.0000015993,-0.0000000000,-0.0114507799,-0.0000543078,-0.0000000012
0.2676666667,0.0007117198,0.0000000032,0.0000000000,0.0016589288,0.0000015903,-0.0000000000,-0.0114376294,-0.0000540013,-0.0000000012
0.2678333333,0.0007100860,0.0000000032,0.0000000000,0.0016570236,0.0000015813,-0.0000000000,-0.0114244939,-0.0000536966,-0.0000000012
0.2680000000,0.0007084560,0.0000000032,0.0000000000,0.0016551206,0.0000015724,-0.0000000000,-0.0114113735,-0.0000533935,-0.0000000011
0.2681666667,0.0007068297,0.0000000031,0.0000000000,0.0016532198,0.0000015635,-0.0000000000,-0.0113982682,-0.0000530922,-0.0000000011
0.2683333333,0.0007052071,0.0000000031,0.0000000000,0.0016513211,0.0000015547,-0.0000000000,-0.0113851780,-0.0000527926,-0.0000000010
0.2685000000,0.0007035882,0.0000000030,0.0000000000,0.0016494247,0.0000015459,-0.0000000000,-0.0113721028,-0.0000524946,-0.0000000010
0.2686666667,0.0007019731,0.0000000030,0.0000000000,0.0016475304,0.0000015372,-0.0000000000,-0.0113590426,-0.0000521984,-0.0000000010
0.2688333333,0.0007003617,0.0000000030,0.0000000000,0.0016456383,0.0000015285,-0.0000000000,-0.0113459974,-0.0000519038,-0.0000000009
0.2690000000,0.0006987540,0.0000000029,0.0000000000,0.0016437484,0.0000015199,-0.0000000000,-0.0113329672,-0.0000516109,-0.0000000009
0.2691666667,0.0006971499,0.0000000029,0.0000000000,0.0016418607,0.0000015113,-0.0000000000,-0.0113199519,-0.0000513196,-0.0000000009
0.2693333333,0.0006955496,0.0000000029,0.0000000000,0.0016399751,0.0000015028,-0.0000000000,-0.0113069516,-0.0000510300,-0.0000000008
0.2695000000,0.0006939529,0.0000000028,0.0000000000,0.0016380917,0.0000014943,-0.0000000000,-0.0112939662,-0.0000507420,-0.0000000008
0.2696666667,0.0006923599,0.0000000028,0.0000000000,0.0016362104,0.0000014859,-0.0000000000,-0.0112809958,-0.0000504556,-0.0000000008
0.2698333333,0.0006907705,0.0000000028,0.0000000000,0.0016343313,0.0000014775,-0.0000000000,-0.0112680402,-0.0000501708,-0.0000000008
0.2700000000,0.0006891848,0.0000000028,0.0000000000,0.0016324544,0.0000014691,-0.0000000000,-0.0112550995,-0.0000498877,-0.0000000007
0.2701666667,0.0006876027,0.0000000027,0.0000000000,0.0016305796,0.0000014608,-0.0000000000,-0.0112421737,-0.0000496062,-0.0000000007
0.2703333333,0.0006860243,0.0000000027,0.0000000000,0.0016287070,0.0000014526,-0.0000000000,-0.0112292627,-0.0000493262,-0.0000000007
0.2705000000,0.0006844495,0.0000000027,0.0000000000,0.0016268365,0.0000014444,-0.0000000000,-0.0112163665,-0.0000490478,-0.0000000006
0.2706666667,0.0006828783,0.0000000026,0.0000000000,0.0016249682,0.0000014363,-0.0000000000,-0.0112034852,-0.0000487710,-0.0000000006
0.2708333333,0.0006813107,0.0000000026,0.0000000000,0.0016231020,0.0000014282,-0.0000000000,-0.0111906187,-0.0000484958,-0.0000000006
0.2710000000,0.0006797467,0.0000000026,0.0000000000,0.0016212380,0.0000014201,-0.0000000000,-0.0111777669,-0.0000482221,-0.0000000006
0.2711666667,0.0006781863,0.0000000025,0.0000000000,0.0016193761,0.0000014121,-0.0000000000,-0.0111649299,-0.0000479499,-0.0000000005
0.2713333333,0.0006766295,0.0000000025,0.0000000000,0.0016175163,0.0000014041,-0.0000000000,-0.0111521076,-0.0000476793,-0.0000000005
0.2715000000,0.0006750762,0.0000000025,0.0000000000,0.0016156587,0.0000013962,-0.0000000000,-0.0111393000,-0.0000474102,-0.0000000005
0.2716666667,0.0006735266,0.0000000025,0.0000000000,0.0016138032,0.0000013883,-0.0000000000,-0.0111265072,-0.0000471427,-0.0000000005
0.2718333333,0.0006719804,0.0000000024,0.0000000000,0.0016119498,0.0000013805,-0.0000000000,-0.0111137291,-0.0000468766,-0.0000000004
0.2720000000,0.0006704379,0.0000000024,0.0000000000,0.0016100986,0.0000013727,-0.0000000000,-0.0111009656,-0.0000466121,-0.0000000004
0.2721666667,0.0006688988,0.0000000024,0.0000000000,0.0016082495,0.0000013649,-0.0000000000,-0.0110882168,-0.0000463490,-0.0000000004
0.2723333333,0.0006673633,0.0000000023,0.0000000000,0.0016064025,0.0000013572,-0.0000000000,-0.0110754826,-0.0000460874,-0.0000000004
0.2725000000,0.0006658313,0.0000000023,0.0000000000,0.0016045577,0.0000013496,-0.0000000000,-0.0110627631,-0.0000458273,-0.0000000004
0.2726666667,0.0006643029,0.0000000023,0.0000000000,0.0016027149,0.0000013420,-0.0000000000,-0.0110500581,-0.0000455687,-0.0000000003
0.2728333333,0.0006627779,0.0000000023,0.0000000000,0.0016008743,0.0000013344,-0.0000000000,-0.0110373678,-0.0000453115,-0.0000000003
0.2730000000,0.0006612565,0.0000000022,0.0000000000,0.0015990358,0.0000013268,-0.0000000000,-0.0110246920,-0.0000450558,-0.0000000003
0.2731666667,0.0006597385,0.0000000022,0.0000000000,0.0015971994,0.0000013194,-0.0000000000,-0.0110120308,-0.0000448015,-0.0000000003
0.2733333333,0.0006582241,0.0000000022,0.0000000000,0.0015953651,0.0000013119,-0.0000000000,-0.0109993841,-0.0000445487,-0.0000000002
0.2735000000,0.0006567131,0.0000000022,0.0000000000,0.0015935329,0.0000013045,-0.0000000000,-0.0109867519,-0.0000442973,-0.0000000002
0.2736666667,0.0006552055,0.0000000021,0.0000000000,0.0015917028,0.0000012971,-0.0000000000,-0.0109741343,-0.0000440473,-0.0000000002
0.2738333333,0.0006537015,0.0000000021,0.0000000000,0.0015898748,0.0000012898,-0.0000000000,-0.0109615311,-0.0000437987,-0.0000000002
0.2740000000,0.0006522009,0.0000000021,0.0000000000,0.0015880490,0.0000012825,-0.0000000000,-0.0109489425,-0.0000435515,-0.0000000002
0.2741666667,0.0006507037,0.0000000021,0.0000000000,0.0015862252,0.0000012753,-0.0000000000,-0.0109363682,-0.0000433057,-0.0000000002
0.2743333333,0.0006492100,0.0000000021,0.0000000000,0.0015844035,0.0000012681,-0.0000000000,-0.0109238085,-0.0000430613,-0.0000000001
0.2745000000,0.0006477196,0.0000000020,0.0000000000,0.0015825839,0.0000012610,-0.0000000000,-0.0109112631,-0.0000428183,-0.0000000001
0.2746666667,0.0006462328,0.0000000020,0.0000000000,0.0015807664,0.0000012538,-0.0000000000,-0.0108987321,-0.0000425767,-0.0000000001
0.2748333333,0.0006447493,0.0000000020,0.0000000000,0.0015789510,0.0000012468,-0.0000000000,-0.0108862156,-0.0000423364,-0.0000000001
0.2750000000,0.0006432692,0.0000000020,0.0000000000,0.0015771376,0.0000012397,-0.0000000000,-0.0108737134,-0.0000420974,-0.0000000001
0.2751666667,0.0006417926,0.0000000019,0.0000000000,0.0015753264,0.0000012327,-0.0000000000,-0.0108612256,-0.0000418599,-0.0000000001
0.2753333333,0.0006403193,0.0000000019,0.0000000000,0.0015735172,0.0000012258,-0.0000000000,-0.0108487521,-0.0000416236,-0.0000000000
0.2755000000,0.0006388494,0.0000000019,0.0000000000,0.0015717101,0.0000012189,-0.0000000000,-0.0108362929,-0.0000413887,-0.0000000000
0.2756666667,0.0006373829,0.0000000019,0.0000000000,0.0015699051,0.0000012120,-0.0000000000,-0.0108238481,-0.0000411551,-0.0000000000
0.2758333333,0.0006359197,0.0000000019,0.0000000000,0.0015681022,0.0000012051,-0.0000000000,-0.0108114175,-0.0000409229,-0.0000000000
0.2760000000,0.0006344599,0.0000000018,0.0000000000,0.0015663013,0.0000011983,-0.0000000000,-0.0107990012,-0.0000406919,0.0000000000
0.2761666667,0.0006330035,0.0000000018,0.0000000000,0.0015645025,0.0000011916,-0.0000000000,-0.0107865992,-0.0000404623,0.0000000000
0.2763333333,0.0006315504,0.0000000018,0.0000000000,0.0015627057,0.0000011848,-0.0000000000,-0.0107742114,-0.0000402339,0.0000000000
0.2765000000,0.0006301006,0.0000000018,0.0000000000,0.0015609111,0.0000011782,-0.0000000000,-0.0107618379,-0.0000400069,0.0000000000
0.2766666667,0.0006286542,0.0000000017,0.0000000000,0.0015591185,0.0000011715,-0.0000000000,-0.0107494785,-0.0000397811,0.0000000001
0.2768333333,0.0006272111,0.0000000017,0.0000000000,0.0015573279,0.0000011649,-0.0000000000,-0.0107371334,-0.0000395566,0.0000000001
0.2770000000,0.0006257713,0.0000000017,0.0000000000,0.0015555394,0.0000011583,-0.0000000000,-0.0107248024,-0.0000393333,0.0000000001
0.2771666667,0.0006243348,0.0000000017,0.0000000000,0.0015537529,0.0000011518,-0.0000000000,-0.0107124856,-0.0000391113,0.0000000001
0.2773333333,0.0006229016,0.0000000017,0.0000000000,0.0015519686,0.0000011453,-0.0000000000,-0.0107001829,-0.0000388906,0.0000000001
0.2775000000,0.0006214716,0.0000000017,0.0000000000,0.0015501862,0.0000011388,-0.0000000000,-0.0106878944,-0.0000386711,0.0000000001
0.2776666667,0.0006200450,0.0000000016,0.0000000000,0.0015484059,0.0000011324,-0.0000000000,-0.0106756200,-0.0000384529,0.0000000001
0.2778333333,0.0006186217,0.0000000016,0.0000000000,0.0015466277,0.0000011260,-0.0000000000,-0.0106633596,-0.0000382359,0.0000000001
0.2780000000,0.0006172016,0.0000000016,0.0000000000,0.0015448514,0.0000011197,-0.0000000000,-0.0106511134,-0.0000380201,0.0000000001
0.2781666667,0.0006157848,0.0000000016,0.0000000000,0.0015430773,0.0000011133,-0.0000000000,-0.0106388812,-0.0000378055,0.0000000002
0.2783333333,0.0006143712,0.0000000016,0.0000000000,0.0015413051,0.0000011070,-0.0000000000,-0.0106266631,-0.0000375922,0.0000000002
0.2785000000,0.0006129609,0.0000000015,0.0000000000,0.0015395350,0.0000011008,-0.0000000000,-0.0106144590,-0.0000373800,0.0000000002
0.2786666667,0.0006115538,0.0000000015,0.0000000000,0.0015377670,0.0000010946,-0.0000000000,-0.0106022689,-0.0000371690,0.0000000002
0.2788333333,0.0006101499,0.0000000015,0.0000000000,0.0015360009,0.0000010884,-0.0000000000,-0.0105900928,-0.0000369593,0.0000000002
0.2790000000,0.0006087493,0.0000000015,0.0000000000,0.0015342369,0.0000010823,-0.0000000000,-0.0105779307,-0.0000367507,0.0000000002
0.2791666667,0.0006073518,0.0000000015,0.0000000000,0.0015324749,0.0000010762,-0.0000000000,-0.0105657825,-0.0000365433,0.0000000002
0.2793333333,0.0006059576,0.0000000015,0.0000000000,0.0015307150,0.0000010701,-0.0000000000,-0.0105536483,-0.0000363371,0.0000000002
0.2795000000,0.0006045666,0.0000000014,0.0000000000,0.0015289570,0.0000010640,-0.0000000000,-0.0105415281,-0.0000361320,0.0000000002
0.2796666667,0.0006031788,0.0000000014,0.0000000000,0.0015272011,0.0000010580,-0.0000000000,-0.0105294218,-0.0000359281,0.0000000002
0.2798333333,0.0006017941,0.0000000014,0.0000000000,0.0015254472,0.0000010521,-0.0000000000,-0.0105173293,-0.0000357253,0.0000000002
0.2800000000,0.0006004127,0.0000000014,0.0000000000,0.0015236953,0.0000010461,-0.0000000000,-0.0105052508,-0.0000355237,0.0000000002
0.2801666667,0.0005990344,0.0000000014,0.0000000000,0.0015219455,0.0000010402,-0.0000000000,-0.0104931861,-0.0000353232,0.0000000002
0.2803333333,0.0005976593,0.0000000014,0.0000000000,0.0015201976,0.0000010344,-0.0000000000,-0.0104811353,-0.0000351239,0.0000000003
0.2805000000,0.0005962873,0.0000000013,0.0000000000,0.0015184517,0.0000010285,-0.0000000000,-0.0104690983,-0.0000349256,0.0000000003
0.2806666667,0.0005949185,0.0000000013,0.0000000000,0.0015167079,0.0000010227,-0.0000000000,-0.0104570752,-0.0000347285,0.0000000003
0.2808333333,0.0005935528,0.0000000013,0.0000000000,0.0015149660,0.0000010169,-0.0000000000,-0.0104450658,-0.0000345325,0.0000000003
0.2810000000,0.0005921903,0.0000000013,0.0000000000,0.0015132262,0.0000010112,-0.0000000000,-0.0104330703,-0.0000343376,0.0000000003
0.2811666667,0.0005908309,0.0000000013,0.0000000000,0.0015114883,0.0000010055,-0.0000000000,-0.0104210885,-0.0000341439,0.0000000003
0.2813333333,0.0005894746,0.0000000013,0.0000000000,0.0015097525,0.0000009998,-0.0000000000,-0.0104091205,-0.0000339512,0.0000000003
0.2815000000,0.0005881214,0.0000000013,0.0000000000,0.0015080186,0.0000009942,-0.0000000000,-0.0103971662,-0.0000337596,0.0000000003
0.2816666667,0.0005867713,0.0000000012,0.0000000000,0.0015062867,0.0000009886,-0.0000000000,-0.0103852257,-0.0000335690,0.0000000003
0.2818333333,0.0005854244,0.0000000012,0.0000000000,0.0015045569,0.0000009830,-0.0000000000,-0.0103732989,-0.0000333796,0.0000000003
0.2820000000,0.0005840805,0.0000000012,0.0000000000,0.0015028290,0.0000009774,-0.0000000000,-0.0103613857,-0.0000331912,0.0000000003
0.2821666667,0.0005827397,0.0000000012,0.0000000000,0.0015011031,0.0000009719,-0.0000000000,-0.0103494863,-0.0000330039,0.0000000003
0.2823333333,0.0005814020,0.0000000012,0.0000000000,0.0014993791,0.0000009664,-0.0000000000,-0.0103376005,-0.0000328176,0.0000000003
0.2825000000,0.0005800673,0.0000000012,0.0000000000,0.0014976572,0.0000009610,-0.0000000000,-0.0103257284,-0.0000326324,0.0000000003
0.2826666667,0.0005787357,0.0000000012,0.0000000000,0.0014959372,0.0000009556,-0.0000000000,-0.0103138699,-0.0000324482,0.0000000003
0.2828333333,0.0005774072,0.0000000012,0.0000000000,0.0014942192,0.0000009502,-0.0000000000,-0.0103020250,-0.0000322651,0.0000000003
0.2830000000,0.0005760817,0.0000000011,0.0000000000,0.0014925032,0.0000009448,-0.0000000000,-0.0102901937,-0.0000320830,0.0000000003
0.2831666667,0.0005747593,0.0000000011,0.0000000000,0.0014907891,0.0000009395,-0.0000000000,-0.0102783760,-0.0000319020,0.0000000003
0.2833333333,0.0005734399,0.0000000011,0.0000000000,0.0014890770,0.0000009342,-0.0000000000,-0.0102665719,-0.0000317219,0.0000000003
0.2835000000,0.0005721235,0.0000000011,0.0000000000,0.0014873669,0.0000009289,-0.0000000000,-0.0102547813,-0.0000315429,0.0000000003
0.2836666667,0.0005708102,0.0000000011,0.0000000000,0.0014856588,0.0000009237,-0.0000000000,-0.0102430043,-0.0000313649,0.0000000003
0.2838333333,0.0005694999,0.0000000011,0.0000000000,0.0014839526,0.0000009185,-0.0000000000,-0.0102312408,-0.0000311879,0.0000000003
0.2840000000,0.0005681925,0.0000000011,0.0000000000,0.0014822483,0.0000009133,-0.0000000000,-0.0102194908,-0.0000310119,0.0000000003
0.2841666667,0.0005668882,0.0000000011,0.0000000000,0.0014805461,0.0000009081,-0.0000000000,-0.0102077544,-0.0000308368,0.0000000003
0.2843333333,0.0005655869,0.0000000010,0.0000000000,0.0014788457,0.0000009030,-0.0000000000,-0.0101960313,-0.0000306628,0.0000000003
0.2845000000,0.0005642886,0.0000000010,0.0000000000,0.0014771474,0.0000008979,-0.0000000000,-0.0101843218,-0.0000304898,0.0000000004
0.2846666667,0.0005629932,0.0000000010,0.0000000000,0.0014754510,0.0000008928,-0.0000000000,-0.0101726257,-0.0000303177,0.0000000004
0.2848333333,0.0005617008,0.0000000010,0.0000000000,0.0014737565,0.0000008878,-0.0000000000,-0.0101609430,-0.0000301466,0.0000000004
0.2850000000,0.0005604114,0.0000000010,0.0000000000,0.0014720640,0.0000008828,-0.0000000000,-0.0101492738,-0.0000299765,0.0000000004
0.2851666667,0.0005591249,0.0000000010,0.0000000000,0.0014703734,0.0000008778,-0.0000000000,-0.0101376179,-0.0000298073,0.0000000004
0.2853333333,0.0005578414,0.0000000010,0.0000000000,0.0014686847,0.0000008728,-0.0000000000,-0.0101259755,-0.0000296391,0.0000000004
0.2855000000,0.0005565609,0.0000000010,0.0000000000,0.0014669981,0.0000008679,-0.0000000000,-0.0101143464,-0.0000294718,0.0000000004
0.2856666667,0.0005552832,0.0000000009,0.0000000000,0.0014653133,0.0000008630,-0.0000000000,-0.0101027306,-0.0000293055,0.0000000004
0.2858333333,0.0005540085,0.0000000009,0.0000000000,0.0014636305,0.0000008581,-0.0000000000,-0.0100911282,-0.0000291401,0.0000000004
0.2860000000,0.0005527368,0.0000000009,0.0000000000,0.0014619496,0.0000008533,-0.0000000000,-0.0100795391,-0.0000289756,0.0000000004
0.2861666667,0.0005514679,0.0000000009,0.0000000000,0.0014602706,0.0000008485,-0.0000000000,-0.0100679634,-0.0000288121,0.0000000004
0.2863333333,0.0005502020,0.0000000009,0.0000000000,0.0014585936,0.0000008437,-0.0000000000,-0.0100564009,-0.0000286495,0.0000000004
0.2865000000,0.0005489390,0.0000000009,0.0000000000,0.0014569185,0.0000008389,-0.0000000000,-0.0100448517,-0.0000284878,0.0000000004
0.2866666667,0.0005476789,0.0000000009,0.0000000000,0.0014552453,0.0000008342,-0.0000000000,-0.0100333158,-0.0000283270,0.0000000004
0.2868333333,0.0005464216,0.0000000009,0.0000000000,0.0014535740,0.0000008295,-0.0000000000,-0.0100217931,-0.0000281672,0.0000000004
0.2870000000,0.0005451673,0.0000000009,0.0000000000,0.0014519047,0.0000008248,-0.0000000000,-0.0100102837,-0.0000280082,0.0000000004
0.2871666667,0.0005439158,0.0000000009,0.0000000000,0.0014502372,0.0000008202,-0.0000000000,-0.0099987874,-0.0000278501,0.0000000004
0.2873333333,0.0005426672,0.0000000008,0.0000000000,0.0014485717,0.0000008155,-0.0000000000,-0.0099873044,-0.0000276930,0.0000000004
0.2875000000,0.0005414215,0.0000000008,0.0000000000,0.0014469081,0.0000008109,-0.0000000000,-0.0099758346,-0.0000275367,0.0000000004
0.2876666667,0.0005401786,0.0000000008,0.0000000000,0.0014452464,0.0000008063,-0.0000000000,-0.0099643779,-0.0000273813,0.0000000004
0.2878333333,0.0005389386,0.0000000008,0.0000000000,0.0014435866,0.0000008018,-0.0000000000,-0.0099529344,-0.0000272267,0.0000000004
0.2880000000,0.0005377014,0.0000000008,0.0000000000,0.0014419288,0.0000007973,-0.0000000000,-0.0099415040,-0.0000270731,0.0000000004
0.2881666667,0.0005364671,0.0000000008,0.0000000000,0.0014402728,0.0000007928,-0.0000000000,-0.0099300868,-0.0000269203,0.0000000004
0.2883333333,0.0005352356,0.0000000008,0.0000000000,0.0014386187,0.0000007883,-0.0000000000,-0.0099186827,-0.0000267684,0.0000000004
0.2885000000,0.0005340070,0.0000000008,0.0000000000,0.0014369666,0.0000007839,-0.0000000000,-0.0099072916,-0.0000266173,0.0000000004
0.2886666667,0.0005327811,0.0000000008,0.0000000000,0.0014353163,0.0000007794,-0.0000000000,-0.0098959137,-0.0000264671,0.0000000004
0.2888333333,0.0005315581,0.0000000008,0.0000000000,0.0014336679,0.0000007750,-0.0000000000,-0.0098845488,-0.0000263177,0.0000000004
0.2890000000,0.0005303378,0.0000000008,0.0000000000,0.0014320214,0.0000007707,-0.0000000000,-0.0098731970,-0.0000261692,0.0000000004
0.2891666667,0.0005291204,0.0000000007,0.0000000000,0.0014303768,0.0000007663,-0.0000000000,-0.0098618582,-0.0000260215,0.0000000004
0.2893333333,0.0005279058,0.0000000007,0.0000000000,0.0014287341,0.0000007620,-0.0000000000,-0.0098505324,-0.0000258746,0.0000000004
0.2895000000,0.0005266939,0.0000000007,0.0000000000,0.0014270933,0.0000007577,-0.0000000000,-0.0098392197,-0.0000257286,0.0000000004
0.2896666667,0.0005254849,0.0000000007,0.0000000000,0.0014254544,0.0000007534,-0.0000000000,-0.0098279199,-0.0000255834,0.0000000004
0.2898333333,0.0005242786,0.0000000007,0.0000000000,0.0014238173,0.0000007492,-0.0000000000,-0.0098166331,-0.0000254390,0.0000000004
0.2900000000,0.0005230751,0.0000000007,0.0000000000,0.0014221822,0.0000007449,-0.0000000000,-0.0098053593,-0.0000252955,0.0000000004
0.2901666667,0.0005218743,0.0000000007,0.0000000000,0.0014205489,0.0000007407,-0.0000000000,-0.0097940984,-0.0000251527,0.0000000004
0.2903333333,0.0005206763,0.0000000007,0.0000000000,0.0014189174,0.0000007365,-0.0000000000,-0.0097828504,-0.0000250108,0.0000000004
0.2905000000,0.0005194811,0.0000000007,0.0000000000,0.0014172879,0.0000007324,-0.0000000000,-0.0097716154,-0.0000248696,0.0000000003
0.2906666667,0.0005182886,0.0000000007,0.0000000000,0.0014156602,0.0000007283,-0.0000000000,-0.0097603932,-0.0000247292,0.0000000003
0.2908333333,0.0005170988,0.0000000007,0.0000000000,0.0014140344,0.0000007241,-0.0000000000,-0.0097491840,-0.0000245897,0.0000000003
0.2910000000,0.0005159118,0.0000000007,0.0000000000,0.0014124105,0.0000007201,-0.0000000000,-0.0097379876,-0.0000244509,0.0000000003
0.2911666667,0.0005147275,0.0000000007,0.0000000000,0.0014107884,0.0000007160,-0.0000000000,-0.0097268041,-0.0000243129,0.0000000003
0.2913333333,0.0005135459,0.0000000006,0.0000000000,0.0014091682,0.0000007119,-0.0000000000,-0.0097156335,-0.0000241757,0.0000000003
0.2915000000,0.0005123670,0.0000000006,0.0000000000,0.0014075499,0.0000007079,-0.0000000000,-0.0097044756,-0.0000240393,0.0000000003
0.2916666667,0.0005111908,0.0000000006,0.0000000000,0.0014059334,0.0000007039,-0.0000000000,-0.0096933306,-0.0000239036,0.0000000003
0.2918333333,0.0005100174,0.0000000006,0.0000000000,0.0014043187,0.0000007000,-0.0000000000,-0.0096821984,-0.0000237687,0.0000000003
0.2920000000,0.0005088466,0.0000000006,0.0000000000,0.0014027060,0.0000006960,-0.0000000000,-0.0096710789,-0.0000236346,0.0000000003
0.2921666667,0.0005076785,0.0000000006,0.0000000000,0.0014010950,0.0000006921,-0.0000000000,-0.0096599722,-0.0000235012,0.0000000003
0.2923333333,0.0005065131,0.0000000006,0.0000000000,0.0013994860,0.0000006882,-0.0000000000,-0.0096488783,-0.0000233685,0.0000000003
0.2925000000,0.0005053504,0.0000000006,0.0000000000,0.0013978787,0.0000006843,-0.0000000000,-0.0096377972,-0.0000232367,0.0000000003
0.2926666667,0.0005041903,0.0000000006,0.0000000000,0.0013962733,0.0000006804,-0.0000000000,-0.0096267287,-0.0000231055,0.0000000003
0.2928333333,0.0005030329,0.0000000006,0.0000000000,0.0013946698,0.0000006766,-0.0000000000,-0.0096156730,-0.0000229751,0.0000000003
0.2930000000,0.0005018781,0.0000000006,0.0000000000,0.0013930681,0.0000006728,-0.0000000000,-0.0096046299,-0.0000228455,0.0000000003
0.2931666667,0.0005007261,0.0000000006,0.0000000000,0.0013914683,0.0000006690,-0.0000000000,-0.0095935996,-0.0000227165,0.0000000003
0.2933333333,0.0004995766,0.0000000006,0.0000000000,0.0013898702,0.0000006652,-0.0000000000,-0.0095825819,-0.0000225883,0.0000000003
0.2935000000,0.0004984298,0.0000000006,0.0000000000,0.0013882740,0.0000006614,-0.0000000000,-0.0095715768,-0.0000224608,0.0000000003
0.2936666667,0.0004972856,0.0000000006,0.0000000000,0.0013866797,0.0000006577,-0.0000000000,-0.0095605844,-0.0000223341,0.0000000003
0.2938333333,0.0004961441,0.0000000005,0.0000000000,0.0013850872,0.0000006540,-0.0000000000,-0.0095496047,-0.0000222080,0.0000000003
0.2940000000,0.0004950051,0.0000000005,0.0000000000,0.0013834965,0.0000006503,-0.0000000000,-0.0095386375,-0.0000220827,0.0000000003
0.2941666667,0.0004938688,0.0000000005,0.0000000000,0.0013819076,0.0000006466,-0.0000000000,-0.0095276829,-0.0000219581,0.0000000003
0.2943333333,0.0004927351,0.0000000005,0.0000000000,0.0013803206,0.0000006430,-0.0000000000,-0.0095167409,-0.0000218342,0.0000000003
0.2945000000,0.0004916040,0.0000000005,0.0000000000,0.0013787354,0.0000006394,-0.0000000000,-0.0095058115,-0.0000217109,0.0000000003
0.2946666667,0.0004904755,0.0000000005,0.0000000000,0.0013771520,0.0000006358,-0.0000000000,-0.0094948946,-0.0000215884,0.0000000003
0.2948333333,0.0004893496,0.0000000005,0.0000000000,0.0013755704,0.0000006322,-0.0000000000,-0.0094839903,-0.0000214666,0.0000000003
0.2950000000,0.0004882262,0.0000000005,0.0000000000,0.0013739906,0.0000006286,-0.0000000000,-0.0094730985,-0.0000213454,0.0000000003
0.2951666667,0.0004871055,0.0000000005,0.0000000000,0.0013724127,0.0000006251,-0.0000000000,-0.0094622192,-0.0000212250,0.0000000003
0.2953333333,0.0004859873,0.0000000005,0.0000000000,0.0013708365,0.0000006215,-0.0000000000,-0.0094513524,-0.0000211052,0.0000000003
0.2955000000,0.0004848717,0.0000000005,0.0000000000,0.0013692622,0.0000006180,-0.0000000000,-0.0094404981,-0.0000209861,0.0000000003
0.2956666667,0.0004837586,0.0000000005,0.0000000000,0.0013676897,0.0000006145,-0.0000000000,-0.0094296562,-0.0000208676,0.0000000003
0.2958333333,0.0004826481,0.0000000005,0.0000000000,0.0013661190,0.0000006111,-0.0000000000,-0.0094188268,-0.0000207499,0.0000000003
0.2960000000,0.0004815402,0.0000000005,0.0000000000,0.0013645501,0.0000006076,-0.0000000000,-0.0094080098,-0.0000206328,0.0000000003
0.2961666667,0.0004804348,0.0000000005,0.0000000000,0.0013629830,0.0000006042,-0.0000000000,-0.0093972053,-0.0000205163,0.0000000003
0.2963333333,0.0004793319,0.0000000005,0.0000000000,0.0013614177,0.0000006008,-0.0000000000,-0.0093864131,-0.0000204005,0.0000000003
0.2965000000,0.0004782316,0.0000000005,0.0000000000,0.0013598541,0.0000005974,-0.0000000000,-0.0093756334,-0.0000202854,0.0000000003
0.2966666667,0.0004771338,0.0000000004,0.0000000000,0.0013582924,0.0000005940,-0.0000000000,-0.0093648660,-0.0000201709,0.0000000003
0.2968333333,0.0004760385,0.0000000004,0.0000000000,0.0013567325,0.0000005907,-0.0000000000,-0.0093541110,-0.0000200571,0.0000000003
0.2970000000,0.0004749457,0.0000000004,0.0000000000,0.0013551744,0.0000005873,-0.0000000000,-0.0093433683,-0.0000199439,0.0000000003
0.2971666667,0.0004738554,0.0000000004,0.0000000000,0.0013536180,0.0000005840,-0.0000000000,-0.0093326380,-0.0000198313,0.0000000003
0.2973333333,0.0004727677,0.0000000004,0.0000000000,0.0013520635,0.0000005807,-0.0000000000,-0.0093219200,-0.0000197194,0.0000000003
0.2975000000,0.0004716824,0.0000000004,0.0000000000,0.0013505107,0.0000005774,-0.0000000000,-0.0093112143,-0.0000196081,0.0000000003
0.2976666667,0.0004705996,0.0000000004,0.0000000000,0.0013489597,0.0000005742,-0.0000000000,-0.0093005210,-0.0000194975,0.0000000003
0.2978333333,0.0004695193,0.0000000004,0.0000000000,0.0013474105,0.0000005709,-0.0000000000,-0.0092898399,-0.0000193874,0.0000000003
0.2980000000,0.0004684415,0.0000000004,0.0000000000,0.0013458631,0.0000005677,-0.0000000000,-0.0092791710,-0.0000192780,0.0000000003
0.2981666667,0.0004673662,0.0000000004,0.0000000000,0.0013443175,0.0000005645,-0.0000000000,-0.0092685144,-0.0000191692,0.0000000003
0.2983333333,0.0004662933,0.0000000004,0.0000000000,0.0013427736,0.0000005613,-0.0000000000,-0.0092578701,-0.0000190610,0.0000000003
0.2985000000,0.0004652229,0.0000000004,0.0000000000,0.0013412315,0.0000005582,-0.0000000000,-0.0092472379,-0.0000189535,0.0000000002
0.2986666667,0.0004641549,0.0000000004,0.0000000000,0.0013396912,0.0000005550,-0.0000000000,-0.0092366180,-0.0000188465,0.0000000002
0.2988333333,0.0004630894,0.0000000004,0.0000000000,0.0013381526,0.0000005519,-0.0000000000,-0.0092260103,-0.0000187401,0.0000000002
0.2990000000,0.0004620264,0.0000000004,0.0000000000,0.0013366158,0.0000005488,-0.0000000000,-0.0092154148,-0.0000186344,0.0000000002
0.2991666667,0.0004609658,0.0000000004,0.0000000000,0.0013350808,0.0000005457,-0.0000000000,-0.0092048314,-0.0000185292,0.0000000002
0.2993333333,0.0004599076,0.0000000004,0.0000000000,0.0013335475,0.0000005426,-0.0000000000,-0.0091942602,-0.0000184246,0.0000000002
0.2995000000,0.0004588519,0.0000000004,0.0000000000,0.0013320160,0.0000005395,-0.0000000000,-0.0091837011,-0.0000183207,0.0000000002
0.2996666667,0.0004577985,0.0000000004,0.0000000000,0.0013304863,0.0000005365,-0.0000000000,-0.0091731542,-0.0000182173,0.0000000002
0.2998333333,0.0004567476,0.0000000004,0.0000000000,0.0013289583,0.0000005335,-0.0000000000,-0.0091626193,-0.0000181144,0.0000000002
0.3000000000,0.0004556991,0.0000000004,0.0000000000,0.0013274321,0.0000005304,-0.0000000000,-0.0091520966,-0.0000180122,0.0000000002
0.3001666667,0.0004546531,0.0000000004,0.0000000000,0.0013259076,0.0000005274,-0.0000000000,-0.0091415860,-0.0000179106,0.0000000002
0.3003333333,0.0004536094,0.0000000004,0.0000000000,0.0013243849,0.0000005245,-0.0000000000,-0.0091310874,-0.0000178095,0.0000000002
0.3005000000,0.0004525681,0.0000000003,0.0000000000,0.0013228639,0.0000005215,-0.0000000000,-0.0091206009,-0.0000177090,0.0000000002
0.3006666667,0.0004515292,0.0000000003,0.0000000000,0.0013213447,0.0000005186,-0.0000000000,-0.0091101264,-0.0000176090,0.0000000002
0.3008333333,0.0004504927,0.0000000003,0.0000000000,0.0013198272,0.0000005156,-0.0000000000,-0.0090996639,-0.0000175097,0.0000000002
0.3010000000,0.0004494585,0.0000000003,0.0000000000,0.0013183114,0.0000005127,-0.0000000000,-0.0090892135,-0.0000174108,0.0000000002
0.3011666667,0.0004484268,0.0000000003,0.0000000000,0.0013167974,0.0000005098,-0.0000000000,-0.0090787751,-0.0000173126,0.0000000002
0.3013333333,0.0004473974,0.0000000003,0.0000000000,0.0013152852,0.0000005070,-0.0000000000,-0.0090683486,-0.0000172149,0.0000000002
0.3015000000,0.0004463703,0.0000000003,0.0000000000,0.0013137746,0.0000005041,-0.0000000000,-0.0090579341,-0.0000171177,0.0000000002
0.3016666667,0.0004453457,0.0000000003,0.0000000000,0.0013122658,0.0000005013,-0.0000000000,-0.0090475316,-0.0000170211,0.0000000002
0.3018333333,0.0004443234,0.0000000003,0.0000000000,0.0013107588,0.0000004984,-0.0000000000,-0.0090371411,-0.0000169250,0.0000000002
0.3020000000,0.0004433034,0.0000000003,0.0000000000,0.0013092535,0.0000004956,-0.0000000000,-0.0090267624,-0.0000168295,0.0000000002
0.3021666667,0.0004422857,0.0000000003,0.0000000000,0.0013077499,0.0000004928,-0.0000000000,-0.0090163957,-0.0000167346,0.0000000002
0.3023333333,0.0004412705,0.0000000003,0.0000000000,0.0013062480,0.0000004900,-0.0000000000,-0.0090060409,-0.0000166401,0.0000000002
0.3025000000,0.0004402575,0.0000000003,0.0000000000,0.0013047478,0.0000004873,-0.0000000000,-0.0089956980,-0.0000165462,0.0000000002
0.3026666667,0.0004392468,0.0000000003,0.0000000000,0.0013032494,0.0000004845,-0.0000000000,-0.0089853670,-0.0000164528,0.0000000002
0.3028333333,0.0004382385,0.0000000003,0.0000000000,0.0013017527,0.0000004818,-0.0000000000,-0.0089750478,-0.0000163600,0.0000000002
0.3030000000,0.0004372325,0.0000000003,0.0000000000,0.0013002577,0.0000004791,-0.0000000000,-0.0089647405,-0.0000162676,0.0000000002
0.3031666667,0.0004362288,0.0000000003,0.0000000000,0.0012987644,0.0000004764,-0.0000000000,-0.0089544450,-0.0000161758,0.0000000002
0.3033333333,0.0004352274,0.0000000003,0.0000000000,0.0012972729,0.0000004737,-0.0000000000,-0.0089441613,-0.0000160845,0.0000000002
0.3035000000,0.0004342283,0.0000000003,0.0000000000,0.0012957830,0.0000004710,-0.0000000000,-0.0089338895,-0.0000159938,0.0000000002
0.3036666667,0.0004332315,0.0000000003,0.0000000000,0.0012942949,0.0000004683,-0.0000000000,-0.0089236294,-0.0000159035,0.0000000002
0.3038333333,0.0004322370,0.0000000003,0.0000000000,0.0012928085,0.0000004657,-0.0000000000,-0.0089133812,-0.0000158137,0.0000000002
0.3040000000,0.0004312448,0.0000000003,0.0000000000,0.0012913238,0.0000004631,-0.0000000000,-0.0089031447,-0.0000157245,0.0000000002
0.3041666667,0.0004302549,0.0000000003,0.0000000000,0.0012898408,0.0000004605,-0.0000000000,-0.0088929199,-0.0000156358,0.0000000002
0.3043333333,0.0004292672,0.0000000003,0.0000000000,0.0012883595,0.0000004579,-0.0000000000,-0.0088827069,-0.0000155475,0.0000000002
0.3045000000,0.0004282818,0.0000000003,0.0000000000,0.0012868798,0.0000004553,-0.0000000000,-0.0088725056,-0.0000154598,0.0000000002
0.3046666667,0.0004272986,0.0000000003,0.0000000000,0.0012854019,0.0000004527,-0.0000000000,-0.0088623161,-0.0000153725,0.0000000002
0.3048333333,0.0004263177,0.0000000003,0.0000000000,0.0012839257,0.0000004501,-0.0000000000,-0.0088521382,-0.0000152858,0.0000000002
0.3050000000,0.0004253391,0.0000000003,0.0000000000,0.0012824512,0.0000004476,-0.0000000000,-0.0088419721,-0.0000151995,0.0000000002
0.3051666667,0.0004243627,0.0000000003,0.0000000000,0.0012809784,0.0000004451,-0.0000000000,-0.0088318176,-0.0000151137,0.0000000002
0.3053333333,0.0004233885,0.0000000002,0.0000000000,0.0012795073,0.0000004426,-0.0000000000,-0.0088216747,-0.0000150284,0.0000000002
0.3055000000,0.0004224166,0.0000000002,0.0000000000,0.0012780378,0.0000004401,-0.0000000000,-0.0088115436,-0.0000149436,0.0000000002
0.3056666667,0.0004214469,0.0000000002,0.0000000000,0.0012765701,0.0000004376,-0.0000000000,-0.0088014240,-0.0000148593,0.0000000001
0.3058333333,0.0004204795,0.0000000002,0.0000000000,0.0012751040,0.0000004351,-0.0000000000,-0.0087913161,-0.0000147754,0.0000000001
0.3060000000,0.0004195142,0.0000000002,0.0000000000,0.0012736396,0.0000004327,-0.0000000000,-0.0087812198,-0.0000146920,0.0000000001
0.3061666667,0.0004185512,0.0000000002,0.0000000000,0.0012721769,0.0000004302,-0.0000000000,-0.0087711351,-0.0000146091,0.0000000001
0.3063333333,0.0004175904,0.0000000002,0.0000000000,0.0012707159,0.0000004278,-0.0000000000,-0.0087610619,-0.0000145267,0.0000000001
0.3065000000,0.0004166318,0.0000000002,0.0000000000,0.0012692566,0.0000004254,-0.0000000000,-0.0087510004,-0.0000144447,0.0000000001
0.3066666667,0.0004156754,0.0000000002,0.0000000000,0.0012677989,0.0000004230,-0.0000000000,-0.0087409503,-0.0000143632,0.0000000001
0.3068333333,0.0004147212,0.0000000002,0.0000000000,0.0012663429,0.0000004206,-0.0000000000,-0.0087309119,-0.0000142821,0.0000000001
0.3070000000,0.0004137692,0.0000000002,0.0000000000,0.0012648886,0.0000004182,-0.0000000000,-0.0087208849,-0.0000142015,0.0000000001
0.3071666667,0.0004128193,0.0000000002,0.0000000000,0.0012634359,0.0000004159,-0.0000000000,-0.0087108695,-0.0000141214,0.0000000001
0.3073333333,0.0004118717,0.0000000002,0.0000000000,0.0012619849,0.0000004135,-0.0000000000,-0.0087008656,-0.0000140417,0.0000000001
0.3075000000,0.0004109262,0.0000000002,0.0000000000,0.0012605356,0.0000004112,-0.0000000000,-0.0086908731,-0.0000139624,0.0000000001
0.3076666667,0.0004099829,0.0000000002,0.0000000000,0.0012590880,0.0000004089,-0.0000000000,-0.0086808922,-0.0000138836,0.0000000001
0.3078333333,0.0004090418,0.0000000002,0.0000000000,0.0012576420,0.0000004066,-0.0000000000,-0.0086709227,-0.0000138053,0.0000000001
0.3080000000,0.0004081028,0.0000000002,0.0000000000,0.0012561977,0.0000004043,-0.0000000000,-0.0086609646,-0.0000137274,0.0000000001
0.3081666667,0.0004071659,0.0000000002,0.0000000000,0.0012547550,0.0000004020,-0.0000000000,-0.0086510180,-0.0000136499,0.0000000001
0.3083333333,0.0004062313,0.0000000002,0.0000000000,0.0012533140,0.0000003997,-0.0000000000,-0.0086410828,-0.0000135728,0.0000000001
0.3085000000,0.0004052987,0.0000000002,0.0000000000,0.0012518746,0.0000003975,-0.0000000000,-0.0086311590,-0.0000134962,0.0000000001
0.3086666667,0.0004043683,0.0000000002,0.0000000000,0.0012504369,0.0000003952,-0.0000000000,-0.0086212466,-0.0000134201,0.0000000001
0.3088333333,0.0004034401,0.0000000002,0.0000000000,0.0012490009,0.0000003930,-0.0000000000,-0.0086113456,-0.0000133443,0.0000000001
0.3090000000,0.0004025140,0.0000000002,0.0000000000,0.0012475665,0.0000003908,-0.0000000000,-0.0086014560,-0.0000132690,0.0000000001
0.3091666667,0.0004015900,0.0000000002,0.0000000000,0.0012461337,0.0000003886,-0.0000000000,-0.0085915777,-0.0000131941,0.0000000001
0.3093333333,0.0004006681,0.0000000002,0.0000000000,0.0012447026,0.0000003864,-0.0000000000,-0.0085817108,-0.0000131197,0.0000000001
0.3095000000,0.0003997483,0.0000000002,0.0000000000,0.0012432731,0.0000003842,-0.0000000000,-0.0085718552,-0.0000130456,0.0000000001
0.3096666667,0.0003988307,0.0000000002,0.0000000000,0.0012418453,0.0000003820,-0.0000000000,-0.0085620109,-0.0000129720,0.0000000001
0.3098333333,0.0003979152,0.0000000002,0.0000000000,0.0012404191,0.0000003799,-0.0000000000,-0.0085521780,-0.0000128988,0.0000000001
0.3100000000,0.0003970017,0.0000000002,0.0000000000,0.0012389946,0.0000003777,-0.0000000000,-0.0085423563,-0.0000128260,0.0000000001
0.3101666667,0.0003960904,0.0000000002,0.0000000000,0.0012375716,0.0000003756,-0.0000000000,-0.0085325459,-0.0000127536,0.0000000001
0.3103333333,0.0003951811,0.0000000002,0.0000000000,0.0012361504,0.0000003735,-0.0000000000,-0.0085227468,-0.0000126817,0.0000000001
0.3105000000,0.0003942740,0.0000000002,0.0000000000,0.0012347307,0.0000003714,-0.0000000000,-0.0085129589,-0.0000126101,0.0000000001
0.3106666667,0.0003933689,0.0000000002,0.0000000000,0.0012333127,0.0000003693,-0.0000000000,-0.0085031822,-0.0000125389,0.0000000001
0.3108333333,0.0003924659,0.0000000002,0.0000000000,0.0012318963,0.0000003672,-0.0000000000,-0.0084934168,-0.0000124681,0.0000000001
0.3110000000,0.0003915649,0.0000000002,0.0000000000,0.0012304815,0.0000003651,-0.0000000000,-0.0084836626,-0.0000123978,0.0000000001
0.3111666667,0.0003906661,0.0000000002,0.0000000000,0.0012290684,0.0000003630,-0.0000000000,-0.0084739196,-0.0000123278,0.0000000001
0.3113333333,0.0003897693,0.0000000002,0.0000000000,0.0012276569,0.0000003610,-0.0000000000,-0.0084641878,-0.0000122582,0.0000000001
0.3115000000,0.0003888745,0.0000000002,0.0000000000,0.0012262470,0.0000003590,-0.0000000000,-0.0084544672,-0.0000121891,0.0000000001
0.3116666667,0.0003879818,0.0000000002,0.0000000000,0.0012248387,0.0000003569,-0.0000000000,-0.0084447577,-0.0000121203,0.0000000001
0.3118333333,0.0003870912,0.0000000002,0.0000000000,0.0012234321,0.0000003549,-0.0000000000,-0.0084350594,-0.0000120519,0.0000000001
0.3120000000,0.0003862026,0.0000000002,0.0000000000,0.0012220270,0.0000003529,-0.0000000000,-0.0084253723,-0.0000119839,0.0000000001
0.3121666667,0.0003853161,0.0000000002,0.0000000000,0.0012206236,0.0000003509,-0.0000000000,-0.0084156962,-0.0000119162,0.0000000001
0.3123333333,0.0003844315,0.0000000002,0.0000000000,0.0012192218,0.0000003489,-0.0000000000,-0.0084060313,-0.0000118490,0.0000000001
0.3125000000,0.0003835491,0.0000000002,0.0000000000,0.0012178216,0.0000003470,-0.0000000000,-0.0083963774,-0.0000117821,0.0000000001
0.3126666667,0.0003826686,0.0000000002,0.0000000000,0.0012164230,0.0000003450,-0.0000000000,-0.0083867347,-0.0000117156,0.0000000001
0.3128333333,0.0003817902,0.0000000002,0.0000000000,0.0012150260,0.0000003431,-0.0000000000,-0.0083771030,-0.0000116495,0.0000000001
0.3130000000,0.0003809137,0.0000000001,0.0000000000,0.0012136306,0.0000003411,-0.0000000000,-0.0083674824,-0.0000115837,0.0000000001
0.3131666667,0.0003800393,0.0000000001,0.0000000000,0.0012122368,0.0000003392,-0.0000000000,-0.0083578728,-0.0000115184,0.0000000001
0.3133333333,0.0003791669,0.0000000001,0.0000000000,0.0012108446,0.0000003373,-0.0000000000,-0.0083482743,-0.0000114534,0.0000000001
0.3135000000,0.0003782965,0.0000000001,0.0000000000,0.0012094541,0.0000003354,-0.0000000000,-0.0083386868,-0.0000113887,0.0000000001
0.3136666667,0.0003774281,0.0000000001,0.0000000000,0.0012080651,0.0000003335,-0.0000000000,-0.0083291103,-0.0000113245,0.0000000001
0.3138333333,0.0003765617,0.0000000001,0.0000000000,0.0012066777,0.0000003316,-0.0000000000,-0.0083195448,-0.0000112605,0.0000000001
0.3140000000,0.0003756973,0.0000000001,0.0000000000,0.0012052919,0.0000003297,-0.0000000000,-0.0083099903,-0.0000111970,0.0000000001
0.3141666667,0.0003748348,0.0000000001,0.0000000000,0.0012039077,0.0000003279,-0.0000000000,-0.0083004467,-0.0000111338,0.0000000001
0.3143333333,0.0003739744,0.0000000001,0.0000000000,0.0012025251,0.0000003260,-0.0000000000,-0.0082909142,-0.0000110710,0.0000000001
0.3145000000,0.0003731159,0.0000000001,0.0000000000,0.0012011440,0.0000003242,-0.0000000000,-0.0082813925,-0.0000110085,0.0000000001
0.3146666667,0.0003722594,0.0000000001,0.0000000000,0.0011997646,0.0000003224,-0.0000000000,-0.0082718818,-0.0000109464,0.0000000001
0.3148333333,0.0003714048,0.0000000001,0.0000000000,0.0011983867,0.0000003205,-0.0000000000,-0.0082623820,-0.0000108846,0.0000000001
0.3150000000,0.0003705523,0.0000000001,0.0000000000,0.0011970104,0.0000003187,-0.0000000000,-0.0082528932,-0.0000108232,0.0000000001
0.3151666667,0.0003697016,0.0000000001,0.0000000000,0.0011956357,0.0000003169,-0.0000000000,-0.0082434152,-0.0000107621,0.0000000001
0.3153333333,0.0003688530,0.0000000001,0.0000000000,0.0011942626,0.0000003151,-0.0000000000,-0.0082339481,-0.0000107013,0.0000000001
0.3155000000,0.0003680062,0.0000000001,0.0000000000,0.0011928911,0.0000003134,-0.0000000000,-0.0082244919,-0.0000106409,0.0000000001
0.3156666667,0.0003671614,0.0000000001,0.0000000000,0.0011915211,0.0000003116,-0.0000000000,-0.0082150466,-0.0000105809,0.0000000001
0.3158333333,0.0003663186,0.0000000001,0.0000000000,0.0011901527,0.0000003098,-0.0000000000,-0.0082056121,-0.0000105212,0.0000000001
0.3160000000,0.0003654777,0.0000000001,0.0000000000,0.0011887859,0.0000003081,-0.0000000000,-0.0081961884,-0.0000104618,0.0000000001
0.3161666667,0.0003646387,0.0000000001,0.0000000000,0.0011874207,0.0000003064,-0.0000000000,-0.0081867756,-0.0000104028,0.0000000001
0.3163333333,0.0003638017,0.0000000001,0.0000000000,0.0011860570,0.0000003046,-0.0000000000,-0.0081773735,-0.0000103440,0.0000000000
0.3165000000,0.0003629665,0.0000000001,0.0000000000,0.0011846949,0.0000003029,-0.0000000000,-0.0081679823,-0.0000102857,0.0000000000
0.3166666667,0.0003621333,0.0000000001,0.0000000000,0.0011833343,0.0000003012,-0.0000000000,-0.0081586018,-0.0000102276,0.0000000000
0.3168333333,0.0003613020,0.0000000001,0.0000000000,0.0011819753,0.0000002995,-0.0000000000,-0.0081492321,-0.0000101699,0.0000000000
0.3170000000,0.0003604726,0.0000000001,0.0000000000,0.0011806179,0.0000002978,-0.0000000000,-0.0081398732,-0.0000101125,0.0000000000
0.3171666667,0.0003596451,0.0000000001,0.0000000000,0.0011792620,0.0000002961,-0.0000000000,-0.0081305251,-0.0000100554,0.0000000000
0.3173333333,0.0003588196,0.0000000001,0.0000000000,0.0011779077,0.0000002945,-0.0000000000,-0.0081211876,-0.0000099987,0.0000000000
0.3175000000,0.0003579959,0.0000000001,0.0000000000,0.0011765549,0.0000002928,-0.0000000000,-0.0081118609,-0.0000099423,0.0000000000
0.3176666667,0.0003571741,0.0000000001,0.0000000000,0.0011752037,0.0000002911,-0.0000000000,-0.0081025449,-0.0000098861,0.0000000000
0.3178333333,0.0003563541,0.0000000001,0.0000000000,0.0011738541,0.0000002895,-0.0000000000,-0.0080932396,-0.0000098304,0.0000000000
0.3180000000,0.0003555361,0.0000000001,0.0000000000,0.0011725060,0.0000002879,-0.0000000000,-0.0080839450,-0.0000097749,0.0000000000
0.3181666667,0.0003547200,0.0000000001,0.0000000000,0.0011711594,0.0000002862,-0.0000000000,-0.0080746611,-0.0000097197,0.0000000000
0.3183333333,0.0003539057,0.0000000001,0.0000000000,0.0011698144,0.0000002846,-0.0000000000,-0.0080653878,-0.0000096649,0.0000000000
0.3185000000,0.0003530933,0.0000000001,0.0000000000,0.0011684709,0.0000002830,-0.0000000000,-0.0080561251,-0.0000096103,0.0000000000
0.3186666667,0.0003522827,0.0000000001,0.0000000000,0.0011671290,0.0000002814,-0.0000000000,-0.0080468732,-0.0000095561,0.0000000000
0.3188333333,0.0003514740,0.0000000001,0.0000000000,0.0011657886,0.0000002798,-0.0000000000,-0.0080376318,-0.0000095021,0.0000000000
0.3190000000,0.0003506672,0.0000000001,0.0000000000,0.0011644498,0.0000002782,-0.0000000000,-0.0080284010,-0.0000094485,0.0000000000
0.3191666667,0.0003498622,0.0000000001,0.0000000000,0.0011631125,0.0000002767,-0.0000000000,-0.0080191809,-0.0000093952,0.0000000000
0.3193333333,0.0003490591,0.0000000001,0.0000000000,0.0011617767,0.0000002751,-0.0000000000,-0.0080099713,-0.0000093422,0.0000000000
0.3195000000,0.0003482578,0.0000000001,0.0000000000,0.0011604425,0.0000002736,-0.0000000000,-0.0080007723,-0.0000092894,0.0000000000
0.3196666667,0.0003474583,0.0000000001,0.0000000000,0.0011591098,0.0000002720,-0.0000000000,-0.0079915839,-0.0000092370,0.0000000000
0.3198333333,0.0003466607,0.0000000001,0.0000000000,0.0011577786,0.0000002705,0.0000000000,-0.0079824060,-0.0000091849,0.0000000000
0.3200000000,0.0003458649,0.0000000001,0.0000000000,0.0011564490,0.0000002690,0.0000000000,-0.0079732387,-0.0000091331,0.0000000000
0.3201666667,0.0003450710,0.0000000001,0.0000000000,0.0011551209,0.0000002674,0.0000000000,-0.0079640819,-0.0000090815,0.0000000000
0.3203333333,0.0003442789,0.0000000001,0.0000000000,0.0011537943,0.0000002659,0.0000000000,-0.0079549356,-0.0000090303,0.0000000000
0.3205000000,0.0003434885,0.0000000001,0.0000000000,0.0011524692,0.0000002644,0.0000000000,-0.0079457998,-0.0000089793,0.0000000000
0.3206666667,0.0003427000,0.0000000001,0.0000000000,0.0011511457,0.0000002629,0.0000000000,-0.0079366746,-0.0000089286,0.0000000000
0.3208333333,0.0003419134,0.0000000001,0.0000000000,0.0011498237,0.0000002615,0.0000000000,-0.0079275597,-0.0000088782,0.0000000000
0.3210000000,0.0003411285,0.0000000001,0.0000000000,0.0011485031,0.0000002600,0.0000000000,-0.0079184554,-0.0000088281,0.0000000000
0.3211666667,0.0003403454,0.0000000001,0.0000000000,0.0011471842,0.0000002585,0.0000000000,-0.0079093615,-0.0000087783,0.0000000000
0.3213333333,0.0003395641,0.0000000001,0.0000000000,0.0011458667,0.0000002571,0.0000000000,-0.0079002781,-0.0000087288,0.0000000000
0.3215000000,0.0003387846,0.0000000001,0.0000000000,0.0011445507,0.0000002556,0.0000000000,-0.0078912051,-0.0000086795,0.0000000000
0.3216666667,0.0003380069,0.0000000001,0.0000000000,0.0011432363,0.0000002542,0.0000000000,-0.0078821425,-0.0000086305,0.0000000000
0.3218333333,0.0003372310,0.0000000001,0.0000000000,0.0011419233,0.0000002527,0.0000000000,-0.0078730903,-0.0000085818,0.0000000000
0.3220000000,0.0003364569,0.0000000001,0.0000000000,0.0011406119,0.0000002513,0.0000000000,-0.0078640485,-0.0000085334,0.0000000000
0.3221666667,0.0003356845,0.0000000001,0.0000000000,0.0011393020,0.0000002499,0.0000000000,-0.0078550171,-0.0000084852,0.0000000000
0.3223333333,0.0003349139,0.0000000001,0.0000000000,0.0011379936,0.0000002485,0.0000000000,-0.0078459961,-0.0000084373,0.0000000000
0.3225000000,0.0003341451,0.0000000001,0.0000000000,0.0011366866,0.0000002471,0.0000000000,-0.0078369854,-0.0000083897,0.0000000000
0.3226666667,0.0003333780,0.0000000001,0.0000000000,0.0011353812,0.0000002457,0.0000000000,-0.0078279851,-0.0000083424,0.0000000000
0.3228333333,0.0003326128,0.0000000001,0.0000000000,0.0011340773,0.0000002443,0.0000000000,-0.0078189951,-0.0000082953,0.0000000000
0.3230000000,0.0003318492,0.0000000001,0.0000000000,0.0011327749,0.0000002429,0.0000000000,-0.0078100154,-0.0000082485,0.0000000000
0.3231666667,0.0003310874,0.0000000001,0.0000000000,0.0011314739,0.0000002415,0.0000000000,-0.0078010461,-0.0000082019,0.0000000000
0.3233333333,0.0003303274,0.0000000001,0.0000000000,0.0011301745,0.0000002402,0.0000000000,-0.0077920870,-0.0000081556,0.0000000000
0.3235000000,0.0003295691,0.0000000001,0.0000000000,0.0011288766,0.0000002388,0.0000000000,-0.0077831383,-0.0000081096,0.0000000000
0.3236666667,0.0003288126,0.0000000001,0.0000000000,0.0011275801,0.0000002375,0.0000000000,-0.0077741998,-0.0000080638,0.0000000000
0.3238333333,0.0003280578,0.0000000001,0.0000000000,0.0011262852,0.0000002361,0.0000000000,-0.0077652716,-0.0000080183,0.0000000000
0.3240000000,0.0003273047,0.0000000001,0.0000000000,0.0011249917,0.0000002348,0.0000000000,-0.0077563536,-0.0000079731,0.0000000000
0.3241666667,0.0003265533,0.0000000001,0.0000000000,0.0011236997,0.0000002335,0.0000000000,-0.0077474459,-0.0000079281,0.0000000000
0.3243333333,0.0003258037,0.0000000001,0.0000000000,0.0011224092,0.0000002322,0.0000000000,-0.0077385484,-0.0000078833,0.0000000000
0.3245000000,0.0003250558,0.0000000001,0.0000000000,0.0011211202,0.0000002308,0.0000000000,-0.0077296611,-0.0000078388,0.0000000000
0.3246666667,0.0003243096,0.0000000001,0.0000000000,0.0011198326,0.0000002295,0.0000000000,-0.0077207841,-0.0000077946,0.0000000000
0.3248333333,0.0003235651,0.0000000001,0.0000000000,0.0011185466,0.0000002282,0.0000000000,-0.0077119172,-0.0000077506,0.0000000000
0.3250000000,0.0003228224,0.0000000001,0.0000000000,0.0011172620,0.0000002270,0.0000000000,-0.0077030605,-0.0000077069,0.0000000000
0.3251666667,0.0003220813,0.0000000001,0.0000000000,0.0011159789,0.0000002257,0.0000000000,-0.0076942140,-0.0000076634,0.0000000000
0.3253333333,0.0003213420,0.0000000001,0.0000000000,0.0011146972,0.0000002244,0.0000000000,-0.0076853776,-0.0000076201,0.0000000000
0.3255000000,0.0003206043,0.0000000001,0.0000000000,0.0011134171,0.0000002231,0.0000000000,-0.0076765514,-0.0000075771,0.0000000000
0.3256666667,0.0003198683,0.0000000001,0.0000000000,0.0011121384,0.0000002219,0.0000000000,-0.0076677354,-0.0000075344,0.0000000000
0.3258333333,0.0003191341,0.0000000001,0.0000000000,0.0011108612,0.0000002206,0.0000000000,-0.0076589294,-0.0000074918,0.0000000000
0.3260000000,0.0003184015,0.0000000001,0.0000000000,0.0011095854,0.0000002194,0.0000000000,-0.0076501336,-0.0000074496,0.0000000000
0.3261666667,0.0003176705,0.0000000001,0.0000000000,0.0011083111,0.0000002181,0.0000000000,-0.0076413478,-0.0000074075,0.0000000000
0.3263333333,0.0003169413,0.0000000001,0.0000000000,0.0011070383,0.0000002169,0.0000000000,-0.0076325722,-0.0000073657,0.0000000000
0.3265000000,0.0003162138,0.0000000001,0.0000000000,0.0011057669,0.0000002157,0.0000000000,-0.0076238066,-0.0000073241,0.0000000000
0.3266666667,0.0003154879,0.0000000001,0.0000000000,0.0011044970,0.0000002145,0.0000000000,-0.0076150511,-0.0000072828,0.0000000000
0.3268333333,0.0003147636,0.0000000001,0.0000000000,0.0011032285,0.0000002133,0.0000000000,-0.0076063057,-0.0000072417,0.0000000000
0.3270000000,0.0003140411,0.0000000001,0.0000000000,0.0011019616,0.0000002121,0.0000000000,-0.0075975703,-0.0000072008,0.0000000000
0.3271666667,0.0003133202,0.0000000001,0.0000000000,0.0011006960,0.0000002109,0.0000000000,-0.0075888449,-0.0000071602,0.0000000000
0.3273333333,0.0003126009,0.0000000001,0.0000000000,0.0010994319,0.0000002097,0.0000000000,-0.0075801296,-0.0000071198,0.0000000000
0.3275000000,0.0003118833,0.0000000001,0.0000000000,0.0010981693,0.0000002085,0.0000000000,-0.0075714242,-0.0000070796,0.0000000000
0.3276666667,0.0003111674,0.0000000001,0.0000000000,0.0010969081,0.0000002073,0.0000000000,-0.0075627289,-0.0000070397,0.0000000000
0.3278333333,0.0003104531,0.0000000001,0.0000000000,0.0010956484,0.0000002061,0.0000000000,-0.0075540435,-0.0000069999,0.0000000000
0.3280000000,0.0003097404,0.0000000001,0.0000000000,0.0010943901,0.0000002050,0.0000000000,-0.0075453682,-0.0000069604,0.0000000000
0.3281666667,0.0003090294,0.0000000001,0.0000000000,0.0010931332,0.0000002038,0.0000000000,-0.0075367027,-0.0000069211,0.0000000000
0.3283333333,0.0003083200,0.0000000001,0.0000000000,0.0010918778,0.0000002027,0.0000000000,-0.0075280473,-0.0000068821,0.0000000000
0.3285000000,0.0003076122,0.0000000001,0.0000000000,0.0010906239,0.0000002015,0.0000000000,-0.0075194018,-0.0000068432,0.0000000000
0.3286666667,0.0003069061,0.0000000001,0.0000000000,0.0010893714,0.0000002004,0.0000000000,-0.0075107662,-0.0000068046,0.0000000000
0.3288333333,0.0003062016,0.0000000001,0.0000000000,0.0010881203,0.0000001993,0.0000000000,-0.0075021405,-0.0000067662,0.0000000000
0.3290000000,0.0003054987,0.0000000001,0.0000000000,0.0010868706,0.0000001981,0.0000000000,-0.0074935247,-0.0000067280,0.0000000000
0.3291666667,0.0003047974,0.0000000000,0.0000000000,0.0010856224,0.0000001970,0.0000000000,-0.0074849188,-0.0000066901,0.0000000000
0.3293333333,0.0003040977,0.0000000000,0.0000000000,0.0010843757,0.0000001959,0.0000000000,-0.0074763228,-0.0000066523,0.0000000000
0.3295000000,0.0003033996,0.0000000000,0.0000000000,0.0010831303,0.0000001948,0.0000000000,-0.0074677367,-0.0000066148,0.0000000000
0.3296666667,0.0003027031,0.0000000000,0.0000000000,0.0010818864,0.0000001937,0.0000000000,-0.0074591605,-0.0000065774,0.0000000000
0.3298333333,0.0003020083,0.0000000000,0.0000000000,0.0010806439,0.0000001926,0.0000000000,-0.0074505940,-0.0000065403,0.0000000000
0.3300000000,0.0003013150,0.0000000000,0.0000000000,0.0010794029,0.0000001915,0.0000000000,-0.0074420375,-0.0000065034,0.0000000000
0.3301666667,0.0003006233,0.0000000000,0.0000000000,0.0010781632,0.0000001904,0.0000000000,-0.0074334907,-0.0000064667,0.0000000000
0.3303333333,0.0002999332,0.0000000000,0.0000000000,0.0010769250,0.0000001894,0.0000000000,-0.0074249538,-0.0000064302,0.0000000000
0.3305000000,0.0002992447,0.0000000000,0.0000000000,0.0010756882,0.0000001883,0.0000000000,-0.0074164267,-0.0000063939,0.0000000000
0.3306666667,0.0002985577,0.0000000000,0.0000000000,0.0010744529,0.0000001872,0.0000000000,-0.0074079093,-0.0000063578,0.0000000000
0.3308333333,0.0002978724,0.0000000000,0.0000000000,0.0010732189,0.0000001862,0.0000000000,-0.0073994018,-0.0000063220,0.0000000000
0.3310000000,0.0002971886,0.0000000000,0.0000000000,0.0010719864,0.0000001851,0.0000000000,-0.0073909040,-0.0000062863,0.0000000000
0.3311666667,0.0002965064,0.0000000000,0.0000000000,0.0010707553,0.0000001841,0.0000000000,-0.0073824160,-0.0000062508,-0.0000000000
0.3313333333,0.0002958257,0.0000000000,0.0000000000,0.0010695256,0.0000001830,0.0000000000,-0.0073739377,-0.0000062155,-0.0000000000
0.3315000000,0.0002951466,0.0000000000,0.0000000000,0.0010682973,0.0000001820,0.0000000000,-0.0073654692,-0.0000061804,-0.0000000000
0.3316666667,0.0002944691,0.0000000000,0.0000000000,0.0010670704,0.0000001810,0.0000000000,-0.0073570103,-0.0000061456,-0.0000000000
0.3318333333,0.0002937931,0.0000000000,0.0000000000,0.0010658450,0.0000001800,0.0000000000,-0.0073485612,-0.0000061109,-0.0000000000
0.3320000000,0.0002931187,0.0000000000,0.0000000000,0.0010646209,0.0000001789,0.0000000000,-0.0073401218,-0.0000060764,-0.0000000000
0.3321666667,0.0002924458,0.0000000000,0.0000000000,0.0010633982,0.0000001779,0.0000000000,-0.0073316921,-0.0000060421,-0.0000000000
0.3323333333,0.0002917745,0.0000000000,0.0000000000,0.0010621770,0.0000001769,0.0000000000,-0.0073232721,-0.0000060080,-0.0000000000
0.3325000000,0.0002911047,0.0000000000,0.0000000000,0.0010609571,0.0000001759,0.0000000000,-0.0073148618,-0.0000059741,-0.0000000000
0.3326666667,0.0002904365,0.0000000000,0.0000000000,0.0010597387,0.0000001749,0.0000000000,-0.0073064611,-0.0000059404,-0.0000000000
0.3328333333,0.0002897698,0.0000000000,0.0000000000,0.0010585216,0.0000001740,0.0000000000,-0.0072980700,-0.0000059069,-0.0000000000
0.3330000000,0.0002891046,0.0000000000,0.0000000000,0.0010573060,0.0000001730,0.0000000000,-0.0072896886,-0.0000058735,-0.0000000000
0.3331666667,0.0002884409,0.0000000000,0.0000000000,0.0010560917,0.0000001720,0.0000000000,-0.0072813168,-0.0000058404,-0.0000000000
0.3333333333,0.0002877788,0.0000000000,0.0000000000,0.0010548789,0.0000001710,0.0000000000,-0.0072729547,-0.0000058074,-0.0000000000
0.3335000000,0.0002871182,0.0000000000,0.0000000000,0.0010536674,0.0000001701,0.0000000000,-0.0072646021,-0.0000057746,-0.0000000000
0.3336666667,0.0002864591,0.0000000000,0.0000000000,0.0010524573,0.0000001691,0.0000000000,-0.0072562591,-0.0000057420,-0.0000000000
0.3338333333,0.0002858015,0.0000000000,0.0000000000,0.0010512486,0.0000001681,0.0000000000,-0.0072479257,-0.0000057096,-0.0000000000
0.3340000000,0.0002851454,0.0000000000,0.0000000000,0.0010500413,0.0000001672,0.0000000000,-0.0072396019,-0.0000056774,-0.0000000000
0.3341666667,0.0002844908,0.0000000000,0.0000000000,0.0010488354,0.0000001663,0.0000000000,-0.0072312877,-0.0000056454,-0.0000000000
0.3343333333,0.0002838378,0.0000000000,0.0000000000,0.0010476309,0.0000001653,0.0000000000,-0.0072229829,-0.0000056135,-0.0000000000
0.3345000000,0.0002831862,0.0000000000,0.0000000000,0.0010464278,0.0000001644,0.0000000000,-0.0072146878,-0.0000055818,-0.0000000000
0.3346666667,0.0002825361,0.0000000000,0.0000000000,0.0010452260,0.0000001635,0.0000000000,-0.0072064021,-0.0000055503,-0.0000000000
0.3348333333,0.0002818876,0.0000000000,0.0000000000,0.0010440256,0.0000001625,0.0000000000,-0.0071981260,-0.0000055190,-0.0000000000
0.3350000000,0.0002812405,0.0000000000,0.0000000000,0.0010428266,0.0000001616,0.0000000000,-0.0071898594,-0.0000054879,-0.0000000000
0.3351666667,0.0002805949,0.0000000000,0.0000000000,0.0010416290,0.0000001607,0.0000000000,-0.0071816022,-0.0000054569,-0.0000000000
0.3353333333,0.0002799507,0.0000000000,0.0000000000,0.0010404327,0.0000001598,0.0000000000,-0.0071733546,-0.0000054261,-0.0000000000
0.3355000000,0.0002793081,0.0000000000,0.0000000000,0.0010392379,0.0000001589,0.0000000000,-0.0071651164,-0.0000053955,-0.0000000000
0.3356666667,0.0002786669,0.0000000000,0.0000000000,0.0010380444,0.0000001580,0.0000000000,-0.0071568877,-0.0000053650,-0.0000000000
0.3358333333,0.0002780272,0.0000000000,0.0000000000,0.0010368522,0.0000001571,0.0000000000,-0.0071486684,-0.0000053347,-0.0000000000
0.3360000000,0.0002773890,0.0000000000,0.0000000000,0.0010356615,0.0000001562,0.0000000000,-0.0071404586,-0.0000053046,-0.0000000000
0.3361666667,0.0002767522,0.0000000000,0.0000000000,0.0010344721,0.0000001553,0.0000000000,-0.0071322582,-0.0000052747,-0.0000000000
0.3363333333,0.0002761169,0.0000000000,0.0000000000,0.0010332840,0.0000001545,0.0000000000,-0.0071240672,-0.0000052449,-0.0000000000
0.3365000000,0.0002754831,0.0000000000,0.0000000000,0.0010320974,0.0000001536,0.0000000000,-0.0071158856,-0.0000052153,-0.0000000000
0.3366666667,0.0002748507,0.0000000000,0.0000000000,0.0010309121,0.0000001527,0.0000000000,-0.0071077134,-0.0000051859,-0.0000000000
0.3368333333,0.0002742198,0.0000000000,0.0000000000,0.0010297281,0.0000001519,0.0000000000,-0.0070995506,-0.0000051566,-0.0000000000
0.3370000000,0.0002735903,0.0000000000,0.0000000000,0.0010285455,0.0000001510,0.0000000000,-0.0070913972,-0.0000051275,-0.0000000000
0.3371666667,0.0002729622,0.0000000000,0.0000000000,0.0010273643,0.0000001501,0.0000000000,-0.0070832532,-0.0000050986,-0.0000000000
0.3373333333,0.0002723356,0.0000000000,0.0000000000,0.0010261845,0.0000001493,0.0000000000,-0.0070751184,-0.0000050698,-0.0000000000
0.3375000000,0.0002717105,0.0000000000,0.0000000000,0.0010250059,0.0000001485,0.0000000000,-0.0070669931,-0.0000050412,-0.0000000000
0.3376666667,0.0002710867,0.0000000000,0.0000000000,0.0010238288,0.0000001476,0.0000000000,-0.0070588771,-0.0000050128,-0.0000000000
0.3378333333,0.0002704644,0.0000000000,0.0000000000,0.0010226530,0.0000001468,0.0000000000,-0.0070507703,-0.0000049845,-0.0000000000
0.3380000000,0.0002698436,0.0000000000,0.0000000000,0.0010214785,0.0000001460,0.0000000000,-0.0070426729,-0.0000049563,-0.0000000000
0.3381666667,0.0002692241,0.0000000000,0.0000000000,0.0010203054,0.0000001451,0.0000000000,-0.0070345848,-0.0000049284,-0.0000000000
0.3383333333,0.0002686061,0.0000000000,0.0000000000,0.0010191336,0.0000001443,0.0000000000,-0.0070265060,-0.0000049005,-0.0000000000
0.3385000000,0.0002679895,0.0000000000,0.0000000000,0.0010179632,0.0000001435,0.0000000000,-0.0070184365,-0.0000048729,-0.0000000000
0.3386666667,0.0002673743,0.0000000000,0.0000000000,0.0010167942,0.0000001427,0.0000000000,-0.0070103762,-0.0000048454,-0.0000000000
0.3388333333,0.0002667605,0.0000000000,0.0000000000,0.0010156264,0.0000001419,0.0000000000,-0.0070023252,-0.0000048180,-0.0000000000
0.3390000000,0.0002661482,0.0000000000,0.0000000000,0.0010144600,0.0000001411,0.0000000000,-0.0069942835,-0.0000047909,-0.0000000000
0.3391666667,0.0002655372,0.0000000000,0.0000000000,0.0010132950,0.0000001403,0.0000000000,-0.0069862509,-0.0000047638,-0.0000000000
0.3393333333,0.0002649276,0.0000000000,0.0000000000,0.0010121313,0.0000001395,0.0000000000,-0.0069782276,-0.0000047369,-0.0000000000
0.3395000000,0.0002643195,0.0000000000,0.0000000000,0.0010109689,0.0000001387,0.0000000000,-0.0069702135,-0.0000047102,-0.0000000000
0.3396666667,0.0002637127,0.0000000000,0.0000000000,0.0010098079,0.0000001379,0.0000000000,-0.0069622087,-0.0000046836,-0.0000000000
0.3398333333,0.0002631074,0.0000000000,0.0000000000,0.0010086482,0.0000001371,0.0000000000,-0.0069542130,-0.0000046572,-0.0000000000
0.3400000000,0.0002625034,0.0000000000,0.0000000000,0.0010074898,0.0000001364,0.0000000000,-0.0069462265,-0.0000046309,-0.0000000000
0.3401666667,0.0002619008,0.0000000000,0.0000000000,0.0010063327,0.0000001356,0.0000000000,-0.0069382491,-0.0000046048,-0.0000000000
0.3403333333,0.0002612996,0.0000000000,0.0000000000,0.0010051770,0.0000001348,0.0000000000,-0.0069302809,-0.0000045788,-0.0000000000
0.3405000000,0.0002606997,0.0000000000,0.0000000000,0.0010040226,0.0000001341,0.0000000000,-0.0069223219,-0.0000045529,-0.0000000000
0.3406666667,0.0002601013,0.0000000000,0.0000000000,0.0010028696,0.0000001333,0.0000000000,-0.0069143720,-0.0000045272,-0.0000000000
0.3408333333,0.0002595042,0.0000000000,0.0000000000,0.0010017178,0.0000001326,0.0000000000,-0.0069064313,-0.0000045017,-0.0000000000
0.3410000000,0.0002589085,0.0000000000,0.0000000000,0.0010005674,0.0000001318,0.0000000000,-0.0068984996,-0.0000044763,-0.0000000000
0.3411666667,0.0002583142,0.0000000000,0.0000000000,0.0009994183,0.0000001311,0.0000000000,-0.0068905771,-0.0000044510,-0.0000000000
0.3413333333,0.0002577212,0.0000000000,0.0000000000,0.0009982706,0.0000001303,0.0000000000,-0.0068826637,-0.0000044259,-0.0000000000
0.3415000000,0.0002571296,0.0000000000,0.0000000000,0.0009971241,0.0000001296,0.0000000000,-0.0068747594,-0.0000044009,-0.0000000000
0.3416666667,0.0002565393,0.0000000000,0.0000000000,0.0009959790,0.0000001289,0.0000000000,-0.0068668641,-0.0000043761,-0.0000000000
0.3418333333,0.0002559504,0.0000000000,0.0000000000,0.0009948351,0.0000001281,0.0000000000,-0.0068589779,-0.0000043514,-0.0000000000
0.3420000000,0.0002553629,0.0000000000,0.0000000000,0.0009936926,0.0000001274,0.0000000000,-0.0068511008,-0.0000043268,-0.0000000000
0.3421666667,0.0002547767,0.0000000000,0.0000000000,0.0009925514,0.0000001267,0.0000000000,-0.0068432327,-0.0000043024,-0.0000000000
0.3423333333,0.0002541918,0.0000000000,0.0000000000,0.0009914115,0.0000001260,0.0000000000,-0.0068353736,-0.0000042781,-0.0000000000
0.3425000000,0.0002536083,0.0000000000,0.0000000000,0.0009902730,0.0000001253,0.0000000000,-0.0068275236,-0.0000042540,-0.0000000000
0.3426666667,0.0002530261,0.0000000000,0.0000000000,0.0009891357,0.0000001246,0.0000000000,-0.0068196826,-0.0000042300,-0.0000000000
0.3428333333,0.0002524453,0.0000000000,0.0000000000,0.0009879997,0.0000001239,0.0000000000,-0.0068118506,-0.0000042061,-0.0000000000
0.3430000000,0.0002518658,0.0000000000,0.0000000000,0.0009868651,0.0000001232,0.0000000000,-0.0068040276,-0.0000041824,-0.0000000000
0.3431666667,0.0002512876,0.0000000000,0.0000000000,0.0009857317,0.0000001225,0.0000000000,-0.0067962135,-0.0000041588,-0.0000000000
0.3433333333,0.0002507107,0.0000000000,0.0000000000,0.0009845997,0.0000001218,0.0000000000,-0.0067884085,-0.0000041353,-0.0000000000
0.3435000000,0.0002501352,0.0000000000,0.0000000000,0.0009834689,0.0000001211,0.0000000000,-0.0067806124,-0.0000041120,-0.0000000000
0.3436666667,0.0002495610,0.0000000000,0.0000000000,0.0009823394,0.0000001204,0.0000000000,-0.0067728252,-0.0000040888,-0.0000000000
0.3438333333,0.0002489881,0.0000000000,0.0000000000,0.0009812113,0.0000001197,0.0000000000,-0.0067650470,-0.0000040657,-0.0000000000
0.3440000000,0.0002484166,0.0000000000,0.0000000000,0.0009800844,0.0000001191,0.0000000000,-0.0067572778,-0.0000040427,-0.0000000000
0.3441666667,0.0002478463,0.0000000000,0.0000000000,0.0009789589,0.0000001184,0.0000000000,-0.0067495174,-0.0000040199,-0.0000000000
0.3443333333,0.0002472774,0.0000000000,0.0000000000,0.0009778346,0.0000001177,0.0000000000,-0.0067417660,-0.0000039972,-0.0000000000
0.3445000000,0.0002467097,0.0000000000,0.0000000000,0.0009767116,0.0000001170,0.0000000000,-0.0067340235,-0.0000039747,-0.0000000000
0.3446666667,0.0002461434,0.0000000000,0.0000000000,0.0009755899,0.0000001164,0.0000000000,-0.0067262898,-0.0000039522,-0.0000000000
0.3448333333,0.0002455783,0.0000000000,0.0000000000,0.0009744695,0.0000001157,0.0000000000,-0.0067185651,-0.0000039299,-0.0000000000
0.3450000000,0.0002450146,0.0000000000,0.0000000000,0.0009733504,0.0000001151,0.0000000000,-0.0067108492,-0.0000039078,-0.0000000000
0.3451666667,0.0002444522,0.0000000000,0.0000000000,0.0009722325,0.0000001144,0.0000000000,-0.0067031422,-0.0000038857,-0.0000000000
0.3453333333,0.0002438910,0.0000000000,0.0000000000,0.0009711160,0.0000001138,0.0000000000,-0.0066954440,-0.0000038638,-0.0000000000
0.3455000000,0.0002433311,0.0000000000,0.0000000000,0.0009700007,0.0000001131,0.0000000000,-0.0066877547,-0.0000038420,-0.0000000000
0.3456666667,0.0002427726,0.0000000000,0.0000000000,0.0009688867,0.0000001125,0.0000000000,-0.0066800742,-0.0000038203,-0.0000000000
0.3458333333,0.0002422153,0.0000000000,0.0000000000,0.0009677740,0.0000001119,0.0000000000,-0.0066724025,-0.0000037987,-0.0000000000
0.3460000000,0.0002416592,0.0000000000,0.0000000000,0.0009666626,0.0000001112,0.0000000000,-0.0066647397,-0.0000037773,-0.0000000000
0.3461666667,0.0002411045,0.0000000000,0.0000000000,0.0009655524,0.0000001106,0.0000000000,-0.0066570856,-0.0000037560,-0.0000000000
0.3463333333,0.0002405510,0.0000000000,0.0000000000,0.0009644435,0.0000001100,0.0000000000,-0.0066494403,-0.0000037348,-0.0000000000
0.3465000000,0.0002399988,0.0000000000,0.0000000000,0.0009633359,0.0000001094,0.0000000000,-0.0066418038,-0.0000037137,-0.0000000000
0.3466666667,0.0002394479,0.0000000000,0.0000000000,0.0009622296,0.0000001087,0.0000000000,-0.0066341761,-0.0000036927,-0.0000000000
0.3468333333,0.0002388982,0.0000000000,0.0000000000,0.0009611245,0.0000001081,0.0000000000,-0.0066265571,-0.0000036719,-0.0000000000
0.3470000000,0.0002383498,0.0000000000,0.0000000000,0.0009600207,0.0000001075,0.0000000000,-0.0066189469,-0.0000036512,-0.0000000000
0.3471666667,0.0002378027,0.0000000000,0.0000000000,0.0009589182,0.0000001069,0.0000000000,-0.0066113454,-0.0000036306,-0.0000000000
0.3473333333,0.0002372568,0.0000000000,0.0000000000,0.0009578169,0.0000001063,0.0000000000,-0.0066037527,-0.0000036101,-0.0000000000
0.3475000000,0.0002367121,0.0000000000,0.0000000000,0.0009567169,0.0000001057,0.0000000000,-0.0065961687,-0.0000035897,-0.0000000000
0.3476666667,0.0002361687,0.0000000000,0.0000000000,0.0009556182,0.0000001051,0.0000000000,-0.0065885933,-0.0000035694,-0.0000000000
0.3478333333,0.0002356266,0.0000000000,0.0000000000,0.0009545207,0.0000001045,0.0000000000,-0.0065810267,-0.0000035493,-0.0000000000
0.3480000000,0.0002350857,0.0000000000,0.0000000000,0.0009534245,0.0000001039,0.0000000000,-0.0065734688,-0.0000035293,-0.0000000000
0.3481666667,0.0002345461,0.0000000000,0.0000000000,0.0009523296,0.0000001033,0.0000000000,-0.0065659196,-0.0000035094,-0.0000000000
0.3483333333,0.0002340076,0.0000000000,0.0000000000,0.0009512359,0.0000001028,0.0000000000,-0.0065583790,-0.0000034895,-0.0000000000
0.3485000000,0.0002334705,0.0000000000,0.0000000000,0.0009501434,0.0000001022,0.0000000000,-0.0065508471,-0.0000034699,-0.0000000000
0.3486666667,0.0002329345,0.0000000000,0.0000000000,0.0009490523,0.0000001016,0.0000000000,-0.0065433238,-0.0000034503,-0.0000000000
0.3488333333,0.0002323998,0.0000000000,0.0000000000,0.0009479623,0.0000001010,0.0000000000,-0.0065358092,-0.0000034308,-0.0000000000
0.3490000000,0.0002318663,0.0000000000,0.0000000000,0.0009468736,0.0000001005,0.0000000000,-0.0065283032,-0.0000034114,-0.0000000000
0.3491666667,0.0002313340,0.0000000000,0.0000000000,0.0009457862,0.0000000999,0.0000000000,-0.0065208058,-0.0000033922,-0.0000000000
0.3493333333,0.0002308030,0.0000000000,0.0000000000,0.0009447000,0.0000000993,0.0000000000,-0.0065133170,-0.0000033730,-0.0000000000
0.3495000000,0.0002302732,0.0000000000,0.0000000000,0.0009436151,0.0000000988,0.0000000000,-0.0065058369,-0.0000033540,-0.0000000000
0.3496666667,0.0002297446,0.0000000000,0.0000000000,0.0009425314,0.0000000982,0.0000000000,-0.0064983653,-0.0000033351,-0.0000000000
0.3498333333,0.0002292172,0.0000000000,0.0000000000,0.0009414490,0.0000000977,0.0000000000,-0.0064909023,-0.0000033163,-0.0000000000
0.3500000000,0.0002286910,0.0000000000,0.0000000000,0.0009403678,0.0000000971,0.0000000000,-0.0064834479,-0.0000032975,-0.0000000000
0.3501666667,0.0002281660,0.0000000000,0.0000000000,0.0009392878,0.0000000966,0.0000000000,-0.0064760020,-0.0000032789,-0.0000000000
0.3503333333,0.0002276422,0.0000000000,0.0000000000,0.0009382091,0.0000000960,0.0000000000,-0.0064685647,-0.0000032604,-0.0000000000
0.3505000000,0.0002271197,0.0000000000,0.0000000000,0.0009371316,0.0000000955,0.0000000000,-0.0064611359,-0.0000032420,-0.0000000000
0.3506666667,0.0002265983,0.0000000000,0.0000000000,0.0009360554,0.0000000949,0.0000000000,-0.0064537157,-0.0000032237,-0.0000000000
0.3508333333,0.0002260781,0.0000000000,0.0000000000,0.0009349804,0.0000000944,0.0000000000,-0.0064463040,-0.0000032055,-0.0000000000
0.3510000000,0.0002255592,0.0000000000,0.0000000000,0.0009339066,0.0000000939,0.0000000000,-0.0064389008,-0.0000031874,-0.0000000000
0.3511666667,0.0002250414,0.0000000000,0.0000000000,0.0009328341,0.0000000933,0.0000000000,-0.0064315061,-0.0000031695,-0.0000000000
0.3513333333,0.0002245248,0.0000000000,0.0000000000,0.0009317628,0.0000000928,0.0000000000,-0.0064241199,-0.0000031516,-0.0000000000
0.3515000000,0.0002240094,0.0000000000,0.0000000000,0.0009306927,0.0000000923,0.0000000000,-0.0064167421,-0.0000031338,-0.0000000000
0.3516666667,0.0002234951,0.0000000000,0.0000000000,0.0009296238,0.0000000918,0.0000000000,-0.0064093729,-0.0000031161,-0.0000000000
0.3518333333,0.0002229821,0.0000000000,0.0000000000,0.0009285562,0.0000000912,0.0000000000,-0.0064020121,-0.0000030985,-0.0000000000
0.3520000000,0.0002224702,0.0000000000,0.0000000000,0.0009274898,0.0000000907,0.0000000000,-0.0063946597,-0.0000030810,-0.0000000000
0.3521666667,0.0002219595,0.0000000000,0.0000000000,0.0009264247,0.0000000902,0.0000000000,-0.0063873158,-0.0000030636,-0.0000000000
0.3523333333,0.0002214500,0.0000000000,0.0000000000,0.0009253607,0.0000000897,0.0000000000,-0.0063799804,-0.0000030463,-0.0000000000
0.3525000000,0.0002209417,0.0000000000,0.0000000000,0.0009242980,0.0000000892,0.0000000000,-0.0063726533,-0.0000030292,-0.0000000000
0.3526666667,0.0002204345,0.0000000000,0.0000000000,0.0009232365,0.0000000887,0.0000000000,-0.0063653347,-0.0000030121,-0.0000000000
0.3528333333,0.0002199284,0.0000000000,0.0000000000,0.0009221762,0.0000000882,0.0000000000,-0.0063580245,-0.0000029951,-0.0000000000
0.3530000000,0.0002194236,0.0000000000,0.0000000000,0.0009211171,0.0000000877,0.0000000000,-0.0063507227,-0.0000029782,-0.0000000000
0.3531666667,0.0002189199,0.0000000000,0.0000000000,0.0009200593,0.0000000872,0.0000000000,-0.0063434292,-0.0000029613,-0.0000000000
0.3533333333,0.0002184173,0.0000000000,0.0000000000,0.0009190027,0.0000000867,0.0000000000,-0.0063361442,-0.0000029446,-0.0000000000
0.3535000000,0.0002179160,0.0000000000,0.0000000000,0.0009179472,0.0000000862,0.0000000000,-0.0063288675,-0.0000029280,-0.0000000000
0.3536666667,0.0002174157,0.0000000000,0.0000000000,0.0009168930,0.0000000857,0.0000000000,-0.0063215992,-0.0000029115,-0.0000000000
0.3538333333,0.0002169166,0.0000000000,0.0000000000,0.0009158400,0.0000000853,0.0000000000,-0.0063143392,-0.0000028951,-0.0000000000
0.3540000000,0.0002164187,0.0000000000,0.0000000000,0.0009147882,0.0000000848,0.0000000000,-0.0063070875,-0.0000028787,-0.0000000000
0.3541666667,0.0002159219,0.0000000000,0.0000000000,0.0009137377,0.0000000843,0.0000000000,-0.0062998442,-0.0000028625,-0.0000000000
0.3543333333,0.0002154262,0.0000000000,0.0000000000,0.0009126883,0.0000000838,0.0000000000,-0.0062926092,-0.0000028463,-0.0000000000
0.3545000000,0.0002149317,0.0000000000,0.0000000000,0.0009116401,0.0000000833,0.0000000000,-0.0062853825,-0.0000028303,-0.0000000000
0.3546666667,0.0002144383,0.0000000000,0.0000000000,0.0009105931,0.0000000829,0.0000000000,-0.0062781641,-0.0000028143,-0.0000000000
0.3548333333,0.0002139460,0.0000000000,0.0000000000,0.0009095474,0.0000000824,0.0000000000,-0.0062709540,-0.0000027984,-0.0000000000
0.3550000000,0.0002134549,0.0000000000,0.0000000000,0.0009085028,0.0000000819,0.0000000000,-0.0062637522,-0.0000027826,-0.0000000000
0.3551666667,0.0002129649,0.0000000000,0.0000000000,0.0009074595,0.0000000815,0.0000000000,-0.0062565586,-0.0000027669,-0.0000000000
0.3553333333,0.0002124760,0.0000000000,0.0000000000,0.0009064173,0.0000000810,0.0000000000,-0.0062493733,-0.0000027513,-0.0000000000
0.3555000000,0.0002119883,0.0000000000,0.0000000000,0.0009053763,0.0000000806,0.0000000000,-0.0062421963,-0.0000027358,-0.0000000000
0.3556666667,0.0002115016,0.0000000000,0.0000000000,0.0009043366,0.0000000801,0.0000000000,-0.0062350275,-0.0000027203,-0.0000000000
0.3558333333,0.0002110161,0.0000000000,0.0000000000,0.0009032980,0.0000000797,0.0000000000,-0.0062278669,-0.0000027050,-0.0000000000
0.3560000000,0.0002105317,0.0000000000,0.0000000000,0.0009022606,0.0000000792,0.0000000000,-0.0062207146,-0.0000026897,-0.0000000000
0.3561666667,0.0002100484,0.0000000000,0.0000000000,0.0009012244,0.0000000788,0.0000000000,-0.0062135704,-0.0000026745,-0.0000000000
0.3563333333,0.0002095663,0.0000000000,0.0000000000,0.0009001894,0.0000000783,0.0000000000,-0.0062064345,-0.0000026594,-0.0000000000
0.3565000000,0.0002090852,0.0000000000,0.0000000000,0.0008991556,0.0000000779,0.0000000000,-0.0061993068,-0.0000026444,-0.0000000000
0.3566666667,0.0002086052,0.0000000000,0.0000000000,0.0008981230,0.0000000774,0.0000000000,-0.0061921872,-0.0000026295,-0.0000000000
0.3568333333,0.0002081264,0.0000000000,0.0000000000,0.0008970915,0.0000000770,0.0000000000,-0.0061850759,-0.0000026147,-0.0000000000
0.3570000000,0.0002076486,0.0000000000,0.0000000000,0.0008960613,0.0000000766,0.0000000000,-0.0061779727,-0.0000025999,-0.0000000000
0.3571666667,0.0002071719,0.0000000000,0.0000000000,0.0008950322,0.0000000761,0.0000000000,-0.0061708776,-0.0000025852,-0.0000000000
0.3573333333,0.0002066963,0.0000000000,0.0000000000,0.0008940043,0.0000000757,0.0000000000,-0.0061637907,-0.0000025706,-0.0000000000
0.3575000000,0.0002062219,0.0000000000,0.0000000000,0.0008929776,0.0000000753,0.0000000000,-0.0061567120,-0.0000025561,-0.0000000000
0.3576666667,0.0002057485,0.0000000000,0.0000000000,0.0008919520,0.0000000749,0.0000000000,-0.0061496414,-0.0000025417,-0.0000000000
0.3578333333,0.0002052762,0.0000000000,0.0000000000,0.0008909277,0.0000000744,0.0000000000,-0.0061425789,-0.0000025274,-0.0000000000
0.3580000000,0.0002048049,0.0000000000,0.0000000000,0.0008899045,0.0000000740,0.0000000000,-0.0061355245,-0.0000025131,-0.0000000000
0.3581666667,0.0002043348,0.0000000000,0.0000000000,0.0008888825,0.0000000736,0.0000000000,-0.0061284782,-0.0000024989,-0.0000000000
0.3583333333,0.0002038657,0.0000000000,0.0000000000,0.0008878617,0.0000000732,0.0000000000,-0.0061214400,-0.0000024848,-0.0000000000
0.3585000000,0.0002033977,0.0000000000,0.0000000000,0.0008868420,0.0000000728,0.0000000000,-0.0061144098,-0.0000024708,-0.0000000000
0.3586666667,0.0002029308,0.0000000000,0.0000000000,0.0008858235,0.0000000724,0.0000000000,-0.0061073878,-0.0000024568,-0.0000000000
0.3588333333,0.0002024650,0.0000000000,0.0000000000,0.0008848062,0.0000000719,0.0000000000,-0.0061003738,-0.0000024430,-0.0000000000
0.3590000000,0.0002020002,0.0000000000,0.0000000000,0.0008837901,0.0000000715,0.0000000000,-0.0060933679,-0.0000024292,-0.0000000000
0.3591666667,0.0002015365,0.0000000000,0.0000000000,0.0008827751,0.0000000711,0.0000000000,-0.0060863700,-0.0000024155,-0.0000000000
0.3593333333,0.0002010739,0.0000000000,0.0000000000,0.0008817613,0.0000000707,0.0000000000,-0.0060793802,-0.0000024019,-0.0000000000
0.3595000000,0.0002006123,0.0000000000,0.0000000000,0.0008807486,0.0000000703,0.0000000000,-0.0060723984,-0.0000023883,-0.0000000000
0.3596666667,0.0002001518,0.0000000000,0.0000000000,0.0008797371,0.0000000699,0.0000000000,-0.0060654246,-0.0000023748,-0.0000000000
0.3598333333,0.0001996923,0.0000000000,0.0000000000,0.0008787268,0.0000000695,0.0000000000,-0.0060584588,-0.0000023614,-0.0000000000
0.3600000000,0.0001992339,0.0000000000,0.0000000000,0.0008777176,0.0000000691,0.0000000000,-0.0060515010,-0.0000023481,-0.0000000000
0.3601666667,0.0001987765,0.0000000000,0.0000000000,0.0008767096,0.0000000688,0.0000000000,-0.0060445512,-0.0000023348,-0.0000000000
0.3603333333,0.0001983202,0.0000000000,0.0000000000,0.0008757028,0.0000000684,0.0000000000,-0.0060376094,-0.0000023217,-0.0000000000
0.3605000000,0.0001978650,0.0000000000,0.0000000000,0.0008746971,0.0000000680,0.0000000000,-0.0060306755,-0.0000023086,-0.0000000000
0.3606666667,0.0001974108,0.0000000000,0.0000000000,0.0008736925,0.0000000676,0.0000000000,-0.0060237497,-0.0000022955,-0.0000000000
0.3608333333,0.0001969576,0.0000000000,0.0000000000,0.0008726892,0.0000000672,0.0000000000,-0.0060168317,-0.0000022826,-0.0000000000
0.3610000000,0.0001965055,0.0000000000,0.0000000000,0.0008716869,0.0000000668,0.0000000000,-0.0060099217,-0.0000022697,-0.0000000000
0.3611666667,0.0001960544,0.0000000000,0.0000000000,0.0008706858,0.0000000665,0.0000000000,-0.0060030197,-0.0000022569,-0.0000000000
0.3613333333,0.0001956043,0.0000000000,0.0000000000,0.0008696859,0.0000000661,0.0000000000,-0.0059961256,-0.0000022441,-0.0000000000
0.3615000000,0.0001951553,0.0000000000,0.0000000000,0.0008686871,0.0000000657,0.0000000000,-0.0059892394,-0.0000022315,-0.0000000000
0.3616666667,0.0001947073,0.0000000000,0.0000000000,0.0008676895,0.0000000653,0.0000000000,-0.0059823611,-0.0000022189,-0.0000000000
0.3618333333,0.0001942603,0.0000000000,0.0000000000,0.0008666930,0.0000000650,0.0000000000,-0.0059754907,-0.0000022064,-0.0000000000
0.3620000000,0.0001938144,0.0000000000,0.0000000000,0.0008656977,0.0000000646,0.0000000000,-0.0059686282,-0.0000021939,-0.0000000000
0.3621666667,0.0001933695,0.0000000000,0.0000000000,0.0008647035,0.0000000642,0.0000000000,-0.0059617736,-0.0000021815,-0.0000000000
0.3623333333,0.0001929256,0.0000000000,0.0000000000,0.0008637104,0.0000000639,0.0000000000,-0.0059549268,-0.0000021692,-0.0000000000
0.3625000000,0.0001924827,0.0000000000,0.0000000000,0.0008627185,0.0000000635,0.0000000000,-0.0059480879,-0.0000021570,-0.0000000000
0.3626666667,0.0001920409,0.0000000000,0.0000000000,0.0008617277,0.0000000632,0.0000000000,-0.0059412569,-0.0000021448,-0.0000000000
0.3628333333,0.0001916000,0.0000000000,0.0000000000,0.0008607380,0.0000000628,0.0000000000,-0.0059344337,-0.0000021327,-0.0000000000
0.3630000000,0.0001911602,0.0000000000,0.0000000000,0.0008597495,0.0000000625,0.0000000000,-0.0059276184,-0.0000021207,-0.0000000000
0.3631666667,0.0001907214,0.0000000000,0.0000000000,0.0008587622,0.0000000621,0.0000000000,-0.0059208108,-0.0000021087,-0.0000000000
0.3633333333,0.0001902836,0.0000000000,0.0000000000,0.0008577759,0.0000000617,0.0000000000,-0.0059140111,-0.0000020968,-0.0000000000
0.3635000000,0.0001898468,0.0000000000,0.0000000000,0.0008567908,0.0000000614,0.0000000000,-0.0059072192,-0.0000020850,-0.0000000000
0.3636666667,0.0001894110,0.0000000000,0.0000000000,0.0008558068,0.0000000611,0.0000000000,-0.0059004351,-0.0000020732,-0.0000000000
0.3638333333,0.0001889762,0.0000000000,0.0000000000,0.0008548240,0.0000000607,0.0000000000,-0.0058936588,-0.0000020615,-0.0000000000
0.3640000000,0.0001885423,0.0000000000,0.0000000000,0.0008538423,0.0000000604,0.0000000000,-0.0058868903,-0.0000020499,-0.0000000000
0.3641666667,0.0001881095,0.0000000000,0.0000000000,0.0008528617,0.0000000600,0.0000000000,-0.0058801295,-0.0000020383,-0.0000000000
0.3643333333,0.0001876777,0.0000000000,0.0000000000,0.0008518822,0.0000000597,0.0000000000,-0.0058733766,-0.0000020268,-0.0000000000
0.3645000000,0.0001872469,0.0000000000,0.0000000000,0.0008509039,0.0000000593,0.0000000000,-0.0058666313,-0.0000020153,-0.0000000000
0.3646666667,0.0001868171,0.0000000000,0.0000000000,0.0008499267,0.0000000590,0.0000000000,-0.0058598938,-0.0000020040,-0.0000000000
0.3648333333,0.0001863882,0.0000000000,0.0000000000,0.0008489506,0.0000000587,0.0000000000,-0.0058531641,-0.0000019927,-0.0000000000
0.3650000000,0.0001859603,0.0000000000,0.0000000000,0.0008479756,0.0000000584,0.0000000000,-0.0058464421,-0.0000019814,-0.0000000000
0.3651666667,0.0001855335,0.0000000000,0.0000000000,0.0008470018,0.0000000580,0.0000000000,-0.0058397278,-0.0000019702,-0.0000000000
0.3653333333,0.0001851075,0.0000000000,0.0000000000,0.0008460290,0.0000000577,0.0000000000,-0.0058330212,-0.0000019591,-0.0000000000
0.3655000000,0.0001846826,0.0000000000,0.0000000000,0.0008450574,0.0000000574,0.0000000000,-0.0058263223,-0.0000019481,-0.0000000000
0.3656666667,0.0001842587,0.0000000000,0.0000000000,0.0008440869,0.0000000570,0.0000000000,-0.0058196311,-0.0000019371,-0.0000000000
0.3658333333,0.0001838357,0.0000000000,0.0000000000,0.0008431175,0.0000000567,0.0000000000,-0.0058129476,-0.0000019261,-0.0000000000
0.3660000000,0.0001834137,0.0000000000,0.0000000000,0.0008421493,0.0000000564,0.0000000000,-0.0058062718,-0.0000019153,-0.0000000000
0.3661666667,0.0001829926,0.0000000000,0.0000000000,0.0008411821,0.0000000561,0.0000000000,-0.0057996036,-0.0000019045,-0.0000000000
0.3663333333,0.0001825726,0.0000000000,0.0000000000,0.0008402161,0.0000000558,0.0000000000,-0.0057929431,-0.0000018937,-0.0000000000
0.3665000000,0.0001821535,0.0000000000,0.0000000000,0.0008392511,0.0000000555,0.0000000000,-0.0057862902,-0.0000018830,-0.0000000000
0.3666666667,0.0001817353,0.0000000000,0.0000000000,0.0008382873,0.0000000551,0.0000000000,-0.0057796450,-0.0000018724,-0.0000000000
0.3668333333,0.0001813181,0.0000000000,0.0000000000,0.0008373246,0.0000000548,0.0000000000,-0.0057730074,-0.0000018618,-0.0000000000
0.3670000000,0.0001809019,0.0000000000,0.0000000000,0.0008363629,0.0000000545,0.0000000000,-0.0057663775,-0.0000018513,-0.0000000000
0.3671666667,0.0001804866,0.0000000000,0.0000000000,0.0008354024,0.0000000542,0.0000000000,-0.0057597551,-0.0000018409,-0.0000000000
0.3673333333,0.0001800723,0.0000000000,0.0000000000,0.0008344430,0.0000000539,0.0000000000,-0.0057531404,-0.0000018305,-0.0000000000
0.3675000000,0.0001796590,0.0000000000,0.0000000000,0.0008334847,0.0000000536,0.0000000000,-0.0057465332,-0.0000018202,-0.0000000000
0.3676666667,0.0001792465,0.0000000000,0.0000000000,0.0008325275,0.0000000533,0.0000000000,-0.0057399337,-0.0000018099,-0.0000000000
0.3678333333,0.0001788351,0.0000000000,0.0000000000,0.0008315714,0.0000000530,0.0000000000,-0.0057333417,-0.0000017997,-0.0000000000
0.3680000000,0.0001784245,0.0000000000,0.0000000000,0.0008306164,0.0000000527,0.0000000000,-0.0057267573,-0.0000017895,-0.0000000000
0.3681666667,0.0001780149,0.0000000000,0.0000000000,0.0008296625,0.0000000524,0.0000000000,-0.0057201804,-0.0000017794,-0.0000000000
0.3683333333,0.0001776063,0.0000000000,0.0000000000,0.0008287096,0.0000000521,0.0000000000,-0.0057136111,-0.0000017694,-0.0000000000
0.3685000000,0.0001771986,0.0000000000,0.0000000000,0.0008277579,0.0000000518,0.0000000000,-0.0057070494,-0.0000017594,-0.0000000000
0.3686666667,0.0001767918,0.0000000000,0.0000000000,0.0008268073,0.0000000515,0.0000000000,-0.0057004952,-0.0000017495,-0.0000000000
0.3688333333,0.0001763860,0.0000000000,0.0000000000,0.0008258578,0.0000000512,0.0000000000,-0.0056939485,-0.0000017396,-0.0000000000
0.3690000000,0.0001759811,0.0000000000,0.0000000000,0.0008249093,0.0000000509,0.0000000000,-0.0056874093,-0.0000017298,-0.0000000000
0.3691666667,0.0001755771,0.0000000000,0.0000000000,0.0008239619,0.0000000507,0.0000000000,-0.0056808777,-0.0000017200,-0.0000000000
0.3693333333,0.0001751741,0.0000000000,0.0000000000,0.0008230157,0.0000000504,0.0000000000,-0.0056743535,-0.0000017103,-0.0000000000
0.3695000000,0.0001747719,0.0000000000,0.0000000000,0.0008220705,0.0000000501,0.0000000000,-0.0056678368,-0.0000017006,-0.0000000000
0.3696666667,0.0001743707,0.0000000000,0.0000000000,0.0008211264,0.0000000498,0.0000000000,-0.0056613277,-0.0000016910,-0.0000000000
0.3698333333,0.0001739705,0.0000000000,0.0000000000,0.0008201834,0.0000000495,0.0000000000,-0.0056548260,-0.0000016815,-0.0000000000
0.3700000000,0.0001735711,0.0000000000,0.0000000000,0.0008192414,0.0000000492,0.0000000000,-0.0056483317,-0.0000016720,-0.0000000000
0.3701666667,0.0001731727,0.0000000000,0.0000000000,0.0008183006,0.0000000490,0.0000000000,-0.0056418449,-0.0000016626,-0.0000000000
0.3703333333,0.0001727751,0.0000000000,0.0000000000,0.0008173608,0.0000000487,0.0000000000,-0.0056353656,-0.0000016532,-0.0000000000
0.3705000000,0.0001723785,0.0000000000,0.0000000000,0.0008164221,0.0000000484,0.0000000000,-0.0056288937,-0.0000016439,-0.0000000000
0.3706666667,0.0001719828,0.0000000000,0.0000000000,0.0008154845,0.0000000481,0.0000000000,-0.0056224293,-0.0000016346,-0.0000000000
0.3708333333,0.0001715880,0.0000000000,0.0000000000,0.0008145480,0.0000000479,0.0000000000,-0.0056159722,-0.0000016254,-0.0000000000
0.3710000000,0.0001711941,0.0000000000,0.0000000000,0.0008136125,0.0000000476,0.0000000000,-0.0056095226,-0.0000016162,-0.0000000000
0.3711666667,0.0001708011,0.0000000000,0.0000000000,0.0008126781,0.0000000473,0.0000000000,-0.0056030804,-0.0000016071,-0.0000000000
0.3713333333,0.0001704090,0.0000000000,0.0000000000,0.0008117448,0.0000000471,0.0000000000,-0.0055966456,-0.0000015980,-0.0000000000
0.3715000000,0.0001700179,0.0000000000,0.0000000000,0.0008108126,0.0000000468,0.0000000000,-0.0055902182,-0.0000015890,-0.0000000000
0.3716666667,0.0001696276,0.0000000000,0.0000000000,0.0008098814,0.0000000465,0.0000000000,-0.0055837981,-0.0000015800,-0.0000000000
0.3718333333,0.0001692382,0.0000000000,0.0000000000,0.0008089513,0.0000000463,0.0000000000,-0.0055773855,-0.0000015711,-0.0000000000
0.3720000000,0.0001688497,0.0000000000,0.0000000000,0.0008080223,0.0000000460,0.0000000000,-0.0055709802,-0.0000015622,-0.0000000000
0.3721666667,0.0001684621,0.0000000000,0.0000000000,0.0008070943,0.0000000457,0.0000000000,-0.0055645822,-0.0000015534,-0.0000000000
0.3723333333,0.0001680754,0.0000000000,0.0000000000,0.0008061674,0.0000000455,0.0000000000,-0.0055581916,-0.0000015446,-0.0000000000
0.3725000000,0.0001676895,0.0000000000,0.0000000000,0.0008052416,0.0000000452,0.0000000000,-0.0055518083,-0.0000015359,-0.0000000000
0.3726666667,0.0001673046,0.0000000000,0.0000000000,0.0008043168,0.0000000450,0.0000000000,-0.0055454324,-0.0000015273,-0.0000000000
0.3728333333,0.0001669205,0.0000000000,0.0000000000,0.0008033931,0.0000000447,0.0000000000,-0.0055390638,-0.0000015186,-0.0000000000
0.3730000000,0.0001665374,0.0000000000,0.0000000000,0.0008024704,0.0000000445,0.0000000000,-0.0055327025,-0.0000015101,-0.0000000000
0.3731666667,0.0001661551,0.0000000000,0.0000000000,0.0008015488,0.0000000442,0.0000000000,-0.0055263485,-0.0000015015,-0.0000000000
0.3733333333,0.0001657736,0.0000000000,0.0000000000,0.0008006283,0.0000000440,0.0000000000,-0.0055200018,-0.0000014931,-0.0000000000
0.3735000000,0.0001653931,0.0000000000,0.0000000000,0.0007997088,0.0000000437,0.0000000000,-0.0055136624,-0.0000014846,-0.0000000000
0.3736666667,0.0001650134,0.0000000000,0.0000000000,0.0007987904,0.0000000435,0.0000000000,-0.0055073303,-0.0000014763,-0.0000000000
0.3738333333,0.0001646346,0.0000000000,0.0000000000,0.0007978730,0.0000000432,0.0000000000,-0.0055010055,-0.0000014679,-0.0000000000
0.3740000000,0.0001642567,0.0000000000,0.0000000000,0.0007969567,0.0000000430,0.0000000000,-0.0054946879,-0.0000014596,-0.0000000000
0.3741666667,0.0001638796,0.0000000000,0.0000000000,0.0007960415,0.0000000427,0.0000000000,-0.0054883776,-0.0000014514,-0.0000000000
0.3743333333,0.0001635034,0.0000000000,0.0000000000,0.0007951273,0.0000000425,0.0000000000,-0.0054820745,-0.0000014432,-0.0000000000
0.3745000000,0.0001631281,0.0000000000,0.0000000000,0.0007942141,0.0000000423,0.0000000000,-0.0054757786,-0.0000014351,-0.0000000000
0.3746666667,0.0001627536,0.0000000000,0.0000000000,0.0007933020,0.0000000420,0.0000000000,-0.0054694900,-0.0000014270,-0.0000000000
0.3748333333,0.0001623800,0.0000000000,0.0000000000,0.0007923909,0.0000000418,0.0000000000,-0.0054632086,-0.0000014189,-0.0000000000
0.3750000000,0.0001620073,0.0000000000,0.0000000000,0.0007914809,0.0000000415,-0.0000000000,-0.0054569345,-0.0000014109,-0.0000000000
0.3751666667,0.0001616354,0.0000000000,0.0000000000,0.0007905720,0.0000000413,-0.0000000000,-0.0054506675,-0.0000014030,-0.0000000000
0.3753333333,0.0001612643,0.0000000000,0.0000000000,0.0007896640,0.0000000411,-0.0000000000,-0.0054444077,-0.0000013950,-0.0000000000
0.3755000000,0.0001608941,0.0000000000,0.0000000000,0.0007887571,0.0000000409,-0.0000000000,-0.0054381551,-0.0000013872,-0.0000000000
0.3756666667,0.0001605248,0.0000000000,0.0000000000,0.0007878513,0.0000000406,-0.0000000000,-0.0054319097,-0.0000013793,-0.0000000000
0.3758333333,0.0001601563,0.0000000000,0.0000000000,0.0007869465,0.0000000404,-0.0000000000,-0.0054256715,-0.0000013715,-0.0000000000
0.3760000000,0.0001597886,0.0000000000,0.0000000000,0.0007860427,0.0000000402,-0.0000000000,-0.0054194404,-0.0000013638,-0.0000000000
0.3761666667,0.0001594218,0.0000000000,0.0000000000,0.0007851400,0.0000000399,-0.0000000000,-0.0054132165,-0.0000013561,-0.0000000000
0.3763333333,0.0001590559,0.0000000000,0.0000000000,0.0007842383,0.0000000397,-0.0000000000,-0.0054069997,-0.0000013485,-0.0000000000
0.3765000000,0.0001586908,0.0000000000,0.0000000000,0.0007833377,0.0000000395,-0.0000000000,-0.0054007901,-0.0000013408,-0.0000000000
0.3766666667,0.0001583265,0.0000000000,0.0000000000,0.0007824381,0.0000000393,-0.0000000000,-0.0053945876,-0.0000013333,-0.0000000000
0.3768333333,0.0001579630,0.0000000000,0.0000000000,0.0007815395,0.0000000390,-0.0000000000,-0.0053883922,-0.0000013258,-0.0000000000
0.3770000000,0.0001576004,0.0000000000,0.0000000000,0.0007806419,0.0000000388,-0.0000000000,-0.0053822040,-0.0000013183,-0.0000000000
0.3771666667,0.0001572386,0.0000000000,0.0000000000,0.0007797454,0.0000000386,-0.0000000000,-0.0053760228,-0.0000013108,-0.0000000000
0.3773333333,0.0001568777,0.0000000000,0.0000000000,0.0007788499,0.0000000384,-0.0000000000,-0.0053698488,-0.0000013034,-0.0000000000
0.3775000000,0.0001565175,0.0000000000,0.0000000000,0.0007779554,0.0000000382,-0.0000000000,-0.0053636818,-0.0000012961,-0.0000000000
0.3776666667,0.0001561583,0.0000000000,0.0000000000,0.0007770620,0.0000000380,-0.0000000000,-0.0053575220,-0.0000012888,-0.0000000000
0.3778333333,0.0001557998,0.0000000000,0.0000000000,0.0007761696,0.0000000377,-0.0000000000,-0.0053513692,-0.0000012815,-0.0000000000
0.3780000000,0.0001554421,0.0000000000,0.0000000000,0.0007752782,0.0000000375,-0.0000000000,-0.0053452234,-0.0000012743,-0.0000000000
0.3781666667,0.0001550853,0.0000000000,0.0000000000,0.0007743878,0.0000000373,-0.0000000000,-0.0053390847,-0.0000012671,-0.0000000000
0.3783333333,0.0001547293,0.0000000000,0.0000000000,0.0007734985,0.0000000371,-0.0000000000,-0.0053329531,-0.0000012599,-0.0000000000
0.3785000000,0.0001543741,0.0000000000,0.0000000000,0.0007726102,0.0000000369,-0.0000000000,-0.0053268285,-0.0000012528,-0.0000000000
0.3786666667,0.0001540197,0.0000000000,0.0000000000,0.0007717229,0.0000000367,-0.0000000000,-0.0053207110,-0.0000012457,-0.0000000000
0.3788333333,0.0001536662,0.0000000000,0.0000000000,0.0007708366,0.0000000365,-0.0000000000,-0.0053146004,-0.0000012387,-0.0000000000
0.3790000000,0.0001533134,0.0000000000,0.0000000000,0.0007699514,0.0000000363,-0.0000000000,-0.0053084969,-0.0000012317,-0.0000000000
0.3791666667,0.0001529615,0.0000000000,0.0000000000,0.0007690671,0.0000000361,-0.0000000000,-0.0053024004,-0.0000012248,-0.0000000000
0.3793333333,0.0001526103,0.0000000000,0.0000000000,0.0007681839,0.0000000359,-0.0000000000,-0.0052963109,-0.0000012179,-0.0000000000
0.3795000000,0.0001522600,0.0000000000,0.0000000000,0.0007673017,0.0000000357,-0.0000000000,-0.0052902284,-0.0000012110,-0.0000000000
0.3796666667,0.0001519105,0.0000000000,0.0000000000,0.0007664205,0.0000000355,-0.0000000000,-0.0052841529,-0.0000012041,-0.0000000000
0.3798333333,0.0001515618,0.0000000000,0.0000000000,0.0007655403,0.0000000353,-0.0000000000,-0.0052780844,-0.0000011974,-0.0000000000
0.3800000000,0.0001512139,0.0000000000,0.0000000000,0.0007646611,0.0000000351,-0.0000000000,-0.0052720228,-0.0000011906,-0.0000000000
0.3801666667,0.0001508667,0.0000000000,0.0000000000,0.0007637829,0.0000000349,-0.0000000000,-0.0052659682,-0.0000011839,-0.0000000000
0.3803333333,0.0001505204,0.0000000000,0.0000000000,0.0007629058,0.0000000347,-0.0000000000,-0.0052599205,-0.0000011772,-0.0000000000
0.3805000000,0.0001501749,0.0000000000,0.0000000000,0.0007620296,0.0000000345,-0.0000000000,-0.0052538798,-0.0000011705,-0.0000000000
0.3806666667,0.0001498301,0.0000000000,0.0000000000,0.0007611545,0.0000000343,-0.0000000000,-0.0052478460,-0.0000011639,-0.0000000000
0.3808333333,0.0001494862,0.0000000000,0.0000000000,0.0007602803,0.0000000341,-0.0000000000,-0.0052418192,-0.0000011574,-0.0000000000
0.3810000000,0.0001491430,0.0000000000,0.0000000000,0.0007594072,0.0000000339,-0.0000000000,-0.0052357993,-0.0000011508,-0.0000000000
0.3811666667,0.0001488007,0.0000000000,0.0000000000,0.0007585351,0.0000000337,-0.0000000000,-0.0052297863,-0.0000011443,-0.0000000000
0.3813333333,0.0001484591,0.0000000000,0.0000000000,0.0007576639,0.0000000335,-0.0000000000,-0.0052237802,-0.0000011379,-0.0000000000
0.3815000000,0.0001481183,0.0000000000,0.0000000000,0.0007567938,0.0000000333,-0.0000000000,-0.0052177809,-0.0000011315,-0.0000000000
0.3816666667,0.0001477783,0.0000000000,0.0000000000,0.0007559247,0.0000000331,-0.0000000000,-0.0052117886,-0.0000011251,-0.0000000000
0.3818333333,0.0001474390,0.0000000000,0.0000000000,0.0007550565,0.0000000329,-0.0000000000,-0.0052058032,-0.0000011187,-0.0000000000
0.3820000000,0.0001471006,0.0000000000,0.0000000000,0.0007541894,0.0000000328,-0.0000000000,-0.0051998246,-0.0000011124,-0.0000000000
0.3821666667,0.0001467629,0.0000000000,0.0000000000,0.0007533232,0.0000000326,-0.0000000000,-0.0051938529,-0.0000011061,-0.0000000000
0.3823333333,0.0001464260,0.0000000000,0.0000000000,0.0007524581,0.0000000324,-0.0000000000,-0.0051878881,-0.0000010999,-0.0000000000
0.3825000000,0.0001460899,0.0000000000,0.0000000000,0.0007515939,0.0000000322,-0.0000000000,-0.0051819301,-0.0000010937,-0.0000000000
0.3826666667,0.0001457545,0.0000000000,0.0000000000,0.0007507308,0.0000000320,-0.0000000000,-0.0051759790,-0.0000010875,-0.0000000000
0.3828333333,0.0001454199,0.0000000000,0.0000000000,0.0007498686,0.0000000318,-0.0000000000,-0.0051700347,-0.0000010814,-0.0000000000
0.3830000000,0.0001450861,0.0000000000,0.0000000000,0.0007490074,0.0000000317,-0.0000000000,-0.0051640972,-0.0000010753,-0.0000000000
0.3831666667,0.0001447531,0.0000000000,0.0000000000,0.0007481472,0.0000000315,-0.0000000000,-0.0051581665,-0.0000010692,-0.0000000000
0.3833333333,0.0001444208,0.0000000000,0.0000000000,0.0007472880,0.0000000313,-0.0000000000,-0.0051522427,-0.0000010632,-0.0000000000
0.3835000000,0.0001440892,0.0000000000,0.0000000000,0.0007464298,0.0000000311,-0.0000000000,-0.0051463256,-0.0000010572,-0.0000000000
0.3836666667,0.0001437585,0.0000000000,0.0000000000,0.0007455726,0.0000000310,-0.0000000000,-0.0051404153,-0.0000010512,-0.0000000000
0.3838333333,0.0001434285,0.0000000000,0.0000000000,0.0007447163,0.0000000308,-0.0000000000,-0.0051345119,-0.0000010453,-0.0000000000
0.3840000000,0.0001430992,0.0000000000,0.0000000000,0.0007438611,0.0000000306,-0.0000000000,-0.0051286152,-0.0000010394,-0.0000000000
0.3841666667,0.0001427707,0.0000000000,0.0000000000,0.0007430068,0.0000000304,-0.0000000000,-0.0051227253,-0.0000010335,-0.0000000000
0.3843333333,0.0001424430,0.0000000000,0.0000000000,0.0007421535,0.0000000303,-0.0000000000,-0.0051168421,-0.0000010277,-0.0000000000
0.3845000000,0.0001421160,0.0000000000,0.0000000000,0.0007413012,0.0000000301,-0.0000000000,-0.0051109657,-0.0000010219,-0.0000000000
0.3846666667,0.0001417898,0.0000000000,0.0000000000,0.0007404498,0.0000000299,-0.0000000000,-0.0051050961,-0.0000010161,-0.0000000000
0.3848333333,0.0001414643,0.0000000000,0.0000000000,0.0007395995,0.0000000298,-0.0000000000,-0.0050992332,-0.0000010104,-0.0000000000
0.3850000000,0.0001411395,0.0000000000,0.0000000000,0.0007387501,0.0000000296,-0.0000000000,-0.0050933770,-0.0000010047,-0.0000000000
0.3851666667,0.0001408155,0.0000000000,0.0000000000,0.0007379017,0.0000000294,-0.0000000000,-0.0050875276,-0.0000009990,-0.0000000000
0.3853333333,0.0001404923,0.0000000000,0.0000000000,0.0007370542,0.0000000293,-0.0000000000,-0.0050816848,-0.0000009934,-0.0000000000
0.3855000000,0.0001401698,0.0000000000,0.0000000000,0.0007362078,0.0000000291,-0.0000000000,-0.0050758488,-0.0000009878,-0.0000000000
0.3856666667,0.0001398480,0.0000000000,0.0000000000,0.0007353623,0.0000000289,-0.0000000000,-0.0050700195,-0.0000009822,-0.0000000000
0.3858333333,0.0001395270,0.0000000000,0.0000000000,0.0007345177,0.0000000288,-0.0000000000,-0.0050641969,-0.0000009766,-0.0000000000
0.3860000000,0.0001392067,0.0000000000,0.0000000000,0.0007336742,0.0000000286,-0.0000000000,-0.0050583809,-0.0000009711,-0.0000000000
0.3861666667,0.0001388871,0.0000000000,0.0000000000,0.0007328316,0.0000000284,-0.0000000000,-0.0050525717,-0.0000009657,-0.0000000000
0.3863333333,0.0001385683,0.0000000000,0.0000000000,0.0007319900,0.0000000283,-0.0000000000,-0.0050467691,-0.0000009602,0.0000000000
0.3865000000,0.0001382502,0.0000000000,0.0000000000,0.0007311494,0.0000000281,-0.0000000000,-0.0050409732,-0.0000009548,0.0000000000
0.3866666667,0.0001379328,0.0000000000,0.0000000000,0.0007303097,0.0000000280,-0.0000000000,-0.0050351839,-0.0000009494,0.0000000000
0.3868333333,0.0001376162,0.0000000000,0.0000000000,0.0007294710,0.0000000278,-0.0000000000,-0.0050294013,-0.0000009440,0.0000000000
0.3870000000,0.0001373003,0.0000000000,0.0000000000,0.0007286332,0.0000000276,-0.0000000000,-0.0050236253,-0.0000009387,0.0000000000
0.3871666667,0.0001369851,0.0000000000,0.0000000000,0.0007277964,0.0000000275,-0.0000000000,-0.0050178560,-0.0000009334,0.0000000000
0.3873333333,0.0001366707,0.0000000000,0.0000000000,0.0007269606,0.0000000273,-0.0000000000,-0.0050120933,-0.0000009281,0.0000000000
0.3875000000,0.0001363569,0.0000000000,0.0000000000,0.0007261257,0.0000000272,-0.0000000000,-0.0050063372,-0.0000009229,0.0000000000
0.3876666667,0.0001360439,0.0000000000,0.0000000000,0.0007252918,0.0000000270,-0.0000000000,-0.0050005877,-0.0000009177,0.0000000000
0.3878333333,0.0001357316,0.0000000000,0.0000000000,0.0007244588,0.0000000269,-0.0000000000,-0.0049948448,-0.0000009125,0.0000000000
0.3880000000,0.0001354200,0.0000000000,0.0000000000,0.0007236268,0.0000000267,-0.0000000000,-0.0049891085,-0.0000009074,0.0000000000
0.3881666667,0.0001351092,0.0000000000,0.0000000000,0.0007227958,0.0000000266,-0.0000000000,-0.0049833788,-0.0000009022,0.0000000000
0.3883333333,0.0001347990,0.0000000000,0.0000000000,0.0007219657,0.0000000264,-0.0000000000,-0.0049776557,-0.0000008972,0.0000000000
0.3885000000,0.0001344896,0.0000000000,0.0000000000,0.0007211366,0.0000000263,-0.0000000000,-0.0049719391,-0.0000008921,0.0000000000
0.3886666667,0.0001341808,0.0000000000,0.0000000000,0.0007203084,0.0000000261,-0.0000000000,-0.0049662291,-0.0000008871,0.0000000000
0.3888333333,0.0001338728,0.0000000000,0.0000000000,0.0007194812,0.0000000260,-0.0000000000,-0.0049605257,-0.0000008821,0.0000000000
0.3890000000,0.0001335655,0.0000000000,0.0000000000,0.0007186549,0.0000000258,-0.0000000000,-0.0049548288,-0.0000008771,0.0000000000
0.3891666667,0.0001332589,0.0000000000,0.0000000000,0.0007178295,0.0000000257,-0.0000000000,-0.0049491385,-0.0000008721,0.0000000000
0.3893333333,0.0001329530,0.0000000000,0.0000000000,0.0007170051,0.0000000255,-0.0000000000,-0.0049434547,-0.0000008672,0.0000000000
0.3895000000,0.0001326478,0.0000000000,0.0000000000,0.0007161817,0.0000000254,-0.0000000000,-0.0049377774,-0.0000008623,0.0000000000
0.3896666667,0.0001323433,0.0000000000,0.0000000000,0.0007153592,0.0000000253,-0.0000000000,-0.0049321067,-0.0000008574,0.0000000000
0.3898333333,0.0001320395,0.0000000000,0.0000000000,0.0007145377,0.0000000251,-0.0000000000,-0.0049264425,-0.0000008526,0.0000000000
0.3900000000,0.0001317364,0.0000000000,0.0000000000,0.0007137171,0.0000000250,-0.0000000000,-0.0049207847,-0.0000008478,0.0000000000
0.3901666667,0.0001314340,0.0000000000,0.0000000000,0.0007128974,0.0000000248,-0.0000000000,-0.0049151335,-0.0000008430,0.0000000000
0.3903333333,0.0001311323,0.0000000000,0.0000000000,0.0007120787,0.0000000247,-0.0000000000,-0.0049094887,-0.0000008382,0.0000000000
0.3905000000,0.0001308312,0.0000000000,0.0000000000,0.0007112609,0.0000000245,-0.0000000000,-0.0049038505,-0.0000008335,0.0000000000
0.3906666667,0.0001305309,0.0000000000,0.0000000000,0.0007104441,0.0000000244,-0.0000000000,-0.0048982187,-0.0000008288,0.0000000000
0.3908333333,0.0001302313,0.0000000000,0.0000000000,0.0007096282,0.0000000243,-0.0000000000,-0.0048925934,-0.0000008241,0.0000000000
0.3910000000,0.0001299323,0.0000000000,0.0000000000,0.0007088132,0.0000000241,-0.0000000000,-0.0048869745,-0.0000008195,0.0000000000
0.3911666667,0.0001296340,0.0000000000,0.0000000000,0.0007079992,0.0000000240,-0.0000000000,-0.0048813621,-0.0000008149,0.0000000000
0.3913333333,0.0001293365,0.0000000000,0.0000000000,0.0007071861,0.0000000239,-0.0000000000,-0.0048757561,-0.0000008103,0.0000000000
0.3915000000,0.0001290396,0.0000000000,0.0000000000,0.0007063739,0.0000000237,-0.0000000000,-0.0048701566,-0.0000008057,0.0000000000
0.3916666667,0.0001287433,0.0000000000,0.0000000000,0.0007055627,0.0000000236,-0.0000000000,-0.0048645635,-0.0000008011,0.0000000000
0.3918333333,0.0001284478,0.0000000000,0.0000000000,0.0007047524,0.0000000235,-0.0000000000,-0.0048589769,-0.0000007966,0.0000000000
0.3920000000,0.0001281529,0.0000000000,0.0000000000,0.0007039430,0.0000000233,-0.0000000000,-0.0048533966,-0.0000007921,0.0000000000
0.3921666667,0.0001278588,0.0000000000,0.0000000000,0.0007031346,0.0000000232,-0.0000000000,-0.0048478228,-0.0000007877,0.0000000000
0.3923333333,0.0001275653,0.0000000000,0.0000000000,0.0007023271,0.0000000231,-0.0000000000,-0.0048422553,-0.0000007832,0.0000000000
0.3925000000,0.0001272724,0.0000000000,0.0000000000,0.0007015205,0.0000000229,-0.0000000000,-0.0048366943,-0.0000007788,0.0000000000
0.3926666667,0.0001269803,0.0000000000,0.0000000000,0.0007007148,0.0000000228,-0.0000000000,-0.0048311396,-0.0000007744,0.0000000000
0.3928333333,0.0001266888,0.0000000000,0.0000000000,0.0006999101,0.0000000227,-0.0000000000,-0.0048255913,-0.0000007700,0.0000000000
0.3930000000,0.0001263979,0.0000000000,0.0000000000,0.0006991063,0.0000000225,-0.0000000000,-0.0048200494,-0.0000007657,0.0000000000
0.3931666667,0.0001261078,0.0000000000,0.0000000000,0.0006983034,0.0000000224,-0.0000000000,-0.0048145139,-0.0000007614,0.0000000000
0.3933333333,0.0001258183,0.0000000000,0.0000000000,0.0006975014,0.0000000223,-0.0000000000,-0.0048089847,-0.0000007571,0.0000000000
0.3935000000,0.0001255295,0.0000000000,0.0000000000,0.0006967004,0.0000000222,-0.0000000000,-0.0048034618,-0.0000007528,0.0000000000
0.3936666667,0.0001252413,0.0000000000,0.0000000000,0.0006959003,0.0000000220,-0.0000000000,-0.0047979453,-0.0000007485,0.0000000000
0.3938333333,0.0001249538,0.0000000000,0.0000000000,0.0006951011,0.0000000219,-0.0000000000,-0.0047924352,-0.0000007443,0.0000000000
0.3940000000,0.0001246670,0.0000000000,0.0000000000,0.0006943028,0.0000000218,-0.0000000000,-0.0047869314,-0.0000007401,0.0000000000
0.3941666667,0.0001243808,0.0000000000,0.0000000000,0.0006935054,0.0000000217,-0.0000000000,-0.0047814338,-0.0000007359,0.0000000000
0.3943333333,0.0001240953,0.0000000000,0.0000000000,0.0006927090,0.0000000216,-0.0000000000,-0.0047759426,-0.0000007318,0.0000000000
0.3945000000,0.0001238104,0.0000000000,0.0000000000,0.0006919134,0.0000000214,-0.0000000000,-0.0047704578,-0.0000007277,0.0000000000
0.3946666667,0.0001235262,0.0000000000,0.0000000000,0.0006911188,0.0000000213,-0.0000000000,-0.0047649792,-0.0000007235,0.0000000000
0.3948333333,0.0001232426,0.0000000000,0.0000000000,0.0006903251,0.0000000212,-0.0000000000,-0.0047595069,-0.0000007195,0.0000000000
0.3950000000,0.0001229597,0.0000000000,0.0000000000,0.0006895323,0.0000000211,-0.0000000000,-0.0047540408,-0.0000007154,0.0000000000
0.3951666667,0.0001226774,0.0000000000,0.0000000000,0.0006887404,0.0000000209,-0.0000000000,-0.0047485811,-0.0000007114,0.0000000000
0.3953333333,0.0001223958,0.0000000000,0.0000000000,0.0006879494,0.0000000208,-0.0000000000,-0.0047431276,-0.0000007073,0.0000000000
0.3955000000,0.0001221149,0.0000000000,0.0000000000,0.0006871594,0.0000000207,-0.0000000000,-0.0047376804,-0.0000007034,0.0000000000
0.3956666667,0.0001218345,0.0000000000,0.0000000000,0.0006863702,0.0000000206,-0.0000000000,-0.0047322395,-0.0000006994,0.0000000000
0.3958333333,0.0001215549,0.0000000000,0.0000000000,0.0006855820,0.0000000205,-0.0000000000,-0.0047268048,-0.0000006954,0.0000000000
0.3960000000,0.0001212758,0.0000000000,0.0000000000,0.0006847946,0.0000000204,-0.0000000000,-0.0047213763,-0.0000006915,0.0000000000
0.3961666667,0.0001209974,0.0000000000,0.0000000000,0.0006840082,0.0000000202,-0.0000000000,-0.0047159541,-0.0000006876,0.0000000000
0.3963333333,0.0001207197,0.0000000000,0.0000000000,0.0006832226,0.0000000201,-0.0000000000,-0.0047105381,-0.0000006837,0.0000000000
0.3965000000,0.0001204426,0.0000000000,0.0000000000,0.0006824380,0.0000000200,-0.0000000000,-0.0047051283,-0.0000006799,0.0000000000
0.3966666667,0.0001201661,0.0000000000,0.0000000000,0.0006816542,0.0000000199,-0.0000000000,-0.0046997247,-0.0000006760,0.0000000000
0.3968333333,0.0001198902,0.0000000000,0.0000000000,0.0006808714,0.0000000198,-0.0000000000,-0.0046943274,-0.0000006722,0.0000000000
0.3970000000,0.0001196150,0.0000000000,0.0000000000,0.0006800895,0.0000000197,-0.0000000000,-0.0046889362,-0.0000006684,0.0000000000
0.3971666667,0.0001193404,0.0000000000,0.0000000000,0.0006793084,0.0000000196,-0.0000000000,-0.0046835512,-0.0000006647,0.0000000000
0.3973333333,0.0001190665,0.0000000000,0.0000000000,0.0006785283,0.0000000195,-0.0000000000,-0.0046781725,-0.0000006609,0.0000000000
0.3975000000,0.0001187931,0.0000000000,0.0000000000,0.0006777490,0.0000000194,-0.0000000000,-0.0046727999,-0.0000006572,0.0000000000
0.3976666667,0.0001185204,0.0000000000,0.0000000000,0.0006769707,0.0000000192,-0.0000000000,-0.0046674334,-0.0000006535,0.0000000000
0.3978333333,0.0001182484,0.0000000000,0.0000000000,0.0006761932,0.0000000191,-0.0000000000,-0.0046620731,-0.0000006498,0.0000000000
0.3980000000,0.0001179769,0.0000000000,0.0000000000,0.0006754166,0.0000000190,-0.0000000000,-0.0046567190,-0.0000006461,0.0000000000
0.3981666667,0.0001177061,0.0000000000,0.0000000000,0.0006746410,0.0000000189,-0.0000000000,-0.0046513710,-0.0000006425,0.0000000000
0.3983333333,0.0001174359,0.0000000000,0.0000000000,0.0006738662,0.0000000188,-0.0000000000,-0.0046460292,-0.0000006388,0.0000000000
0.3985000000,0.0001171663,0.0000000000,0.0000000000,0.0006730923,0.0000000187,-0.0000000000,-0.0046406935,-0.0000006352,0.0000000000
0.3986666667,0.0001168974,0.0000000000,0.0000000000,0.0006723193,0.0000000186,-0.0000000000,-0.0046353640,-0.0000006316,0.0000000000
0.3988333333,0.0001166290,0.0000000000,0.0000000000,0.0006715471,0.0000000185,-0.0000000000,-0.0046300405,-0.0000006281,0.0000000000
0.3990000000,0.0001163613,0.0000000000,0.0000000000,0.0006707759,0.0000000184,-0.0000000000,-0.0046247232,-0.0000006245,0.0000000000
0.3991666667,0.0001160942,0.0000000000,0.0000000000,0.0006700056,0.0000000183,-0.0000000000,-0.0046194120,-0.0000006210,0.0000000000
0.3993333333,0.0001158277,0.0000000000,0.0000000000,0.0006692361,0.0000000182,-0.0000000000,-0.0046141068,-0.0000006175,0.0000000000
0.3995000000,0.0001155618,0.0000000000,0.0000000000,0.0006684675,0.0000000181,-0.0000000000,-0.0046088078,-0.0000006140,0.0000000000
0.3996666667,0.0001152965,0.0000000000,0.0000000000,0.0006676998,0.0000000180,-0.0000000000,-0.0046035148,-0.0000006106,0.0000000000
0.3998333333,0.0001150318,0.0000000000,0.0000000000,0.0006669330,0.0000000179,-0.0000000000,-0.0045982280,-0.0000006071,0.0000000000
0.4000000000,0.0001147678,0.0000000000,0.0000000000,0.0006661671,0.0000000178,-0.0000000000,-0.0045929472,-0.0000006037,0.0000000000
0.4001666667,0.0001145043,0.0000000000,0.0000000000,0.0006654020,0.0000000177,-0.0000000000,-0.0045876724,-0.0000006003,0.0000000000
0.4003333333,0.0001142415,0.0000000000,0.0000000000,0.0006646378,0.0000000176,-0.0000000000,-0.0045824038,-0.0000005969,0.0000000000
0.4005000000,0.0001139792,0.0000000000,0.0000000000,0.0006638746,0.0000000175,-0.0000000000,-0.0045771411,-0.0000005935,0.0000000000
0.4006666667,0.0001137176,0.0000000000,0.0000000000,0.0006631121,0.0000000174,-0.0000000000,-0.0045718846,-0.0000005902,0.0000000000
0.4008333333,0.0001134565,0.0000000000,0.0000000000,0.0006623506,0.0000000173,-0.0000000000,-0.0045666340,-0.0000005868,0.0000000000
0.4010000000,0.0001131961,0.0000000000,0.0000000000,0.0006615899,0.0000000172,-0.0000000000,-0.0045613895,-0.0000005835,0.0000000000
0.4011666667,0.0001129362,0.0000000000,0.0000000000,0.0006608301,0.0000000171,-0.0000000000,-0.0045561510,-0.0000005802,0.0000000000
0.4013333333,0.0001126770,0.0000000000,0.0000000000,0.0006600712,0.0000000170,-0.0000000000,-0.0045509185,-0.0000005770,0.0000000000
0.4015000000,0.0001124183,0.0000000000,0.0000000000,0.0006593131,0.0000000169,-0.0000000000,-0.0045456921,-0.0000005737,0.0000000000
0.4016666667,0.0001121602,0.0000000000,0.0000000000,0.0006585560,0.0000000168,-0.0000000000,-0.0045404716,-0.0000005705,0.0000000000
0.4018333333,0.0001119028,0.0000000000,0.0000000000,0.0006577996,0.0000000167,-0.0000000000,-0.0045352571,-0.0000005673,0.0000000000
0.4020000000,0.0001116459,0.0000000000,0.0000000000,0.0006570442,0.0000000166,-0.0000000000,-0.0045300487,-0.0000005640,0.0000000000
0.4021666667,0.0001113896,0.0000000000,0.0000000000,0.0006562896,0.0000000165,-0.0000000000,-0.0045248462,-0.0000005609,0.0000000000
0.4023333333,0.0001111339,0.0000000000,0.0000000000,0.0006555359,0.0000000164,-0.0000000000,-0.0045196496,-0.0000005577,0.0000000000
0.4025000000,0.0001108788,0.0000000000,0.0000000000,0.0006547831,0.0000000163,-0.0000000000,-0.0045144591,-0.0000005546,0.0000000000
0.4026666667,0.0001106243,0.0000000000,0.0000000000,0.0006540311,0.0000000162,-0.0000000000,-0.0045092745,-0.0000005514,0.0000000000
0.4028333333,0.0001103703,0.0000000000,0.0000000000,0.0006532800,0.0000000161,-0.0000000000,-0.0045040959,-0.0000005483,0.0000000000
0.4030000000,0.0001101169,0.0000000000,0.0000000000,0.0006525297,0.0000000161,-0.0000000000,-0.0044989232,-0.0000005452,0.0000000000
0.4031666667,0.0001098642,0.0000000000,0.0000000000,0.0006517803,0.0000000160,-0.0000000000,-0.0044937564,-0.0000005421,0.0000000000
0.4033333333,0.0001096120,0.0000000000,0.0000000000,0.0006510318,0.0000000159,-0.0000000000,-0.0044885956,-0.0000005391,0.0000000000
0.4035000000,0.0001093603,0.0000000000,0.0000000000,0.0006502841,0.0000000158,-0.0000000000,-0.0044834407,-0.0000005360,0.0000000000
0.4036666667,0.0001091093,0.0000000000,0.0000000000,0.0006495373,0.0000000157,-0.0000000000,-0.0044782917,-0.0000005330,0.0000000000
0.4038333333,0.0001088588,0.0000000000,0.0000000000,0.0006487913,0.0000000156,-0.0000000000,-0.0044731487,-0.0000005300,0.0000000000
0.4040000000,0.0001086089,0.0000000000,0.0000000000,0.0006480462,0.0000000155,-0.0000000000,-0.0044680115,-0.0000005270,0.0000000000
0.4041666667,0.0001083596,0.0000000000,0.0000000000,0.0006473020,0.0000000154,-0.0000000000,-0.0044628803,-0.0000005240,0.0000000000
0.4043333333,0.0001081109,0.0000000000,0.0000000000,0.0006465586,0.0000000153,-0.0000000000,-0.0044577549,-0.0000005211,0.0000000000
0.4045000000,0.0001078627,0.0000000000,0.0000000000,0.0006458161,0.0000000153,-0.0000000000,-0.0044526354,-0.0000005181,0.0000000000
0.4046666667,0.0001076151,0.0000000000,0.0000000000,0.0006450744,0.0000000152,-0.0000000000,-0.0044475219,-0.0000005152,0.0000000000
0.4048333333,0.0001073681,0.0000000000,0.0000000000,0.0006443336,0.0000000151,-0.0000000000,-0.0044424141,-0.0000005123,0.0000000000
0.4050000000,0.0001071216,0.0000000000,0.0000000000,0.0006435936,0.0000000150,-0.0000000000,-0.0044373123,-0.0000005094,0.0000000000
0.4051666667,0.0001068757,0.0000000000,0.0000000000,0.0006428545,0.0000000149,-0.0000000000,-0.0044322163,-0.0000005065,0.0000000000
0.4053333333,0.0001066303,0.0000000000,0.0000000000,0.0006421162,0.0000000148,-0.0000000000,-0.0044271261,-0.0000005037,0.0000000000
0.4055000000,0.0001063856,0.0000000000,0.0000000000,0.0006413787,0.0000000147,-0.0000000000,-0.0044220418,-0.0000005008,0.0000000000
0.4056666667,0.0001061414,0.0000000000,0.0000000000,0.0006406422,0.0000000147,-0.0000000000,-0.0044169634,-0.0000004980,0.0000000000
0.4058333333,0.0001058977,0.0000000000,0.0000000000,0.0006399064,0.0000000146,-0.0000000000,-0.0044118908,-0.0000004952,0.0000000000
0.4060000000,0.0001056546,0.0000000000,0.0000000000,0.0006391715,0.0000000145,-0.0000000000,-0.0044068240,-0.0000004924,0.0000000000
0.4061666667,0.0001054121,0.0000000000,0.0000000000,0.0006384375,0.0000000144,-0.0000000000,-0.0044017630,-0.0000004896,0.0000000000
0.4063333333,0.0001051701,0.0000000000,0.0000000000,0.0006377043,0.0000000143,-0.0000000000,-0.0043967078,-0.0000004869,0.0000000000
0.4065000000,0.0001049287,0.0000000000,0.0000000000,0.0006369719,0.0000000143,-0.0000000000,-0.0043916584,-0.0000004841,0.0000000000
0.4066666667,0.0001046878,0.0000000000,0.0000000000,0.0006362404,0.0000000142,-0.0000000000,-0.0043866149,-0.0000004814,0.0000000000
0.4068333333,0.0001044475,0.0000000000,0.0000000000,0.0006355097,0.0000000141,-0.0000000000,-0.0043815771,-0.0000004787,0.0000000000
0.4070000000,0.0001042077,0.0000000000,0.0000000000,0.0006347798,0.0000000140,-0.0000000000,-0.0043765451,-0.0000004760,0.0000000000
0.4071666667,0.0001039685,0.0000000000,0.0000000000,0.0006340508,0.0000000139,-0.0000000000,-0.0043715189,-0.0000004733,0.0000000000
0.4073333333,0.0001037298,0.0000000000,0.0000000000,0.0006333227,0.0000000139,-0.0000000000,-0.0043664985,-0.0000004706,0.0000000000
0.4075000000,0.0001034917,0.0000000000,0.0000000000,0.0006325953,0.0000000138,-0.0000000000,-0.0043614838,-0.0000004680,0.0000000000
0.4076666667,0.0001032541,0.0000000000,0.0000000000,0.0006318688,0.0000000137,-0.0000000000,-0.0043564749,-0.0000004653,0.0000000000
0.4078333333,0.0001030171,0.0000000000,0.0000000000,0.0006311432,0.0000000136,-0.0000000000,-0.0043514717,-0.0000004627,0.0000000000
0.4080000000,0.0001027806,0.0000000000,0.0000000000,0.0006304183,0.0000000135,-0.0000000000,-0.0043464743,-0.0000004601,0.0000000000
0.4081666667,0.0001025447,0.0000000000,0.0000000000,0.0006296943,0.0000000135,-0.0000000000,-0.0043414827,-0.0000004575,0.0000000000
0.4083333333,0.0001023093,0.0000000000,0.0000000000,0.0006289712,0.0000000134,-0.0000000000,-0.0043364967,-0.0000004549,0.0000000000
0.4085000000,0.0001020744,0.0000000000,0.0000000000,0.0006282488,0.0000000133,-0.0000000000,-0.0043315165,-0.0000004523,0.0000000000
0.4086666667,0.0001018401,0.0000000000,0.0000000000,0.0006275273,0.0000000132,-0.0000000000,-0.0043265420,-0.0000004498,0.0000000000
0.4088333333,0.0001016063,0.0000000000,0.0000000000,0.0006268066,0.0000000132,-0.0000000000,-0.0043215732,-0.0000004472,0.0000000000
0.4090000000,0.0001013731,0.0000000000,0.0000000000,0.0006260868,0.0000000131,-0.0000000000,-0.0043166102,-0.0000004447,0.0000000000
0.4091666667,0.0001011404,0.0000000000,0.0000000000,0.0006253678,0.0000000130,-0.0000000000,-0.0043116528,-0.0000004422,0.0000000000
0.4093333333,0.0001009082,0.0000000000,0.0000000000,0.0006246496,0.0000000129,-0.0000000000,-0.0043067011,-0.0000004397,0.0000000000
0.4095000000,0.0001006766,0.0000000000,0.0000000000,0.0006239322,0.0000000129,-0.0000000000,-0.0043017551,-0.0000004372,0.0000000000
0.4096666667,0.0001004455,0.0000000000,0.0000000000,0.0006232156,0.0000000128,-0.0000000000,-0.0042968148,-0.0000004348,0.0000000000
0.4098333333,0.0001002149,0.0000000000,0.0000000000,0.0006224999,0.0000000127,-0.0000000000,-0.0042918801,-0.0000004323,0.0000000000
0.4100000000,0.0000999848,0.0000000000,0.0000000000,0.0006217850,0.0000000127,-0.0000000000,-0.0042869512,-0.0000004299,0.0000000000
0.4101666667,0.0000997553,0.0000000000,0.0000000000,0.0006210709,0.0000000126,-0.0000000000,-0.0042820279,-0.0000004274,0.0000000000
0.4103333333,0.0000995263,0.0000000000,0.0000000000,0.0006203577,0.0000000125,-0.0000000000,-0.0042771102,-0.0000004250,0.0000000000
0.4105000000,0.0000992978,0.0000000000,0.0000000000,0.0006196452,0.0000000124,-0.0000000000,-0.0042721982,-0.0000004226,0.0000000000
0.4106666667,0.0000990699,0.0000000000,0.0000000000,0.0006189336,0.0000000124,-0.0000000000,-0.0042672918,-0.0000004202,0.0000000000
0.4108333333,0.0000988425,0.0000000000,0.0000000000,0.0006182228,0.0000000123,-0.0000000000,-0.0042623911,-0.0000004179,0.0000000000
0.4110000000,0.0000986156,0.0000000000,0.0000000000,0.0006175128,0.0000000122,-0.0000000000,-0.0042574960,-0.0000004155,0.0000000000
0.4111666667,0.0000983892,0.0000000000,0.0000000000,0.0006168036,0.0000000122,-0.0000000000,-0.0042526065,-0.0000004132,0.0000000000
0.4113333333,0.0000981633,0.0000000000,0.0000000000,0.0006160953,0.0000000121,-0.0000000000,-0.0042477226,-0.0000004108,0.0000000000
0.4115000000,0.0000979380,0.0000000000,0.0000000000,0.0006153877,0.0000000120,-0.0000000000,-0.0042428443,-0.0000004085,0.0000000000
0.4116666667,0.0000977132,0.0000000000,0.0000000000,0.0006146810,0.0000000120,-0.0000000000,-0.0042379717,-0.0000004062,0.0000000000
0.4118333333,0.0000974889,0.0000000000,0.0000000000,0.0006139750,0.0000000119,-0.0000000000,-0.0042331046,-0.0000004039,0.0000000000
0.4120000000,0.0000972651,0.0000000000,0.0000000000,0.0006132699,0.0000000118,-0.0000000000,-0.0042282431,-0.0000004016,0.0000000000
0.4121666667,0.0000970418,0.0000000000,0.0000000000,0.0006125656,0.0000000118,-0.0000000000,-0.0042233873,-0.0000003994,0.0000000000
0.4123333333,0.0000968190,0.0000000000,0.0000000000,0.0006118621,0.0000000117,-0.0000000000,-0.0042185369,-0.0000003971,0.0000000000
0.4125000000,0.0000965968,0.0000000000,0.0000000000,0.0006111594,0.0000000116,-0.0000000000,-0.0042136922,-0.0000003949,0.0000000000
0.4126666667,0.0000963750,0.0000000000,0.0000000000,0.0006104576,0.0000000116,-0.0000000000,-0.0042088530,-0.0000003927,0.0000000000
0.4128333333,0.0000961538,0.0000000000,0.0000000000,0.0006097565,0.0000000115,-0.0000000000,-0.0042040194,-0.0000003904,0.0000000000
0.4130000000,0.0000959331,0.0000000000,0.0000000000,0.0006090562,0.0000000114,-0.0000000000,-0.0041991913,-0.0000003882,0.0000000000
0.4131666667,0.0000957128,0.0000000000,0.0000000000,0.0006083567,0.0000000114,-0.0000000000,-0.0041943688,-0.0000003860,0.0000000000
0.4133333333,0.0000954931,0.0000000000,0.0000000000,0.0006076581,0.0000000113,-0.0000000000,-0.0041895518,-0.0000003839,0.0000000000
0.4135000000,0.0000952739,0.0000000000,0.0000000000,0.0006069602,0.0000000112,-0.0000000000,-0.0041847403,-0.0000003817,0.0000000000
0.4136666667,0.0000950552,0.0000000000,0.0000000000,0.0006062632,0.0000000112,-0.0000000000,-0.0041799344,-0.0000003795,0.0000000000
0.4138333333,0.0000948370,0.0000000000,0.0000000000,0.0006055669,0.0000000111,-0.0000000000,-0.0041751340,-0.0000003774,0.0000000000
0.4140000000,0.0000946193,0.0000000000,0.0000000000,0.0006048714,0.0000000111,-0.0000000000,-0.0041703391,-0.0000003753,0.0000000000
0.4141666667,0.0000944021,0.0000000000,0.0000000000,0.0006041768,0.0000000110,-0.0000000000,-0.0041655497,-0.0000003732,0.0000000000
0.4143333333,0.0000941854,0.0000000000,0.0000000000,0.0006034829,0.0000000109,-0.0000000000,-0.0041607658,-0.0000003710,0.0000000000
0.4145000000,0.0000939692,0.0000000000,0.0000000000,0.0006027899,0.0000000109,-0.0000000000,-0.0041559874,-0.0000003690,0.0000000000
0.4146666667,0.0000937535,0.0000000000,0.0000000000,0.0006020976,0.0000000108,-0.0000000000,-0.0041512145,-0.0000003669,0.0000000000
0.4148333333,0.0000935383,0.0000000000,0.0000000000,0.0006014061,0.0000000107,-0.0000000000,-0.0041464471,-0.0000003648,0.0000000000
0.4150000000,0.0000933235,0.0000000000,0.0000000000,0.0006007154,0.0000000107,-0.0000000000,-0.0041416851,-0.0000003627,0.0000000000
0.4151666667,0.0000931093,0.0000000000,0.0000000000,0.0006000256,0.0000000106,-0.0000000000,-0.0041369286,-0.0000003607,0.0000000000
0.4153333333,0.0000928956,0.0000000000,0.0000000000,0.0005993365,0.0000000106,-0.0000000000,-0.0041321776,-0.0000003587,0.0000000000
0.4155000000,0.0000926823,0.0000000000,0.0000000000,0.0005986482,0.0000000105,-0.0000000000,-0.0041274321,-0.0000003566,0.0000000000
0.4156666667,0.0000924696,0.0000000000,0.0000000000,0.0005979606,0.0000000104,-0.0000000000,-0.0041226919,-0.0000003546,0.0000000000
0.4158333333,0.0000922573,0.0000000000,0.0000000000,0.0005972739,0.0000000104,-0.0000000000,-0.0041179573,-0.0000003526,0.0000000000
0.4160000000,0.0000920455,0.0000000000,0.0000000000,0.0005965880,0.0000000103,-0.0000000000,-0.0041132280,-0.0000003506,0.0000000000
0.4161666667,0.0000918342,0.0000000000,0.0000000000,0.0005959028,0.0000000103,-0.0000000000,-0.0041085042,-0.0000003487,0.0000000000
0.4163333333,0.0000916234,0.0000000000,0.0000000000,0.0005952185,0.0000000102,-0.0000000000,-0.0041037859,-0.0000003467,0.0000000000
0.4165000000,0.0000914131,0.0000000000,0.0000000000,0.0005945349,0.0000000102,-0.0000000000,-0.0040990729,-0.0000003447,0.0000000000
0.4166666667,0.0000912032,0.0000000000,0.0000000000,0.0005938521,0.0000000101,-0.0000000000,-0.0040943654,-0.0000003428,0.0000000000
0.4168333333,0.0000909939,0.0000000000,0.0000000000,0.0005931701,0.0000000100,-0.0000000000,-0.0040896632,-0.0000003408,0.0000000000
0.4170000000,0.0000907850,0.0000000000,0.0000000000,0.0005924889,0.0000000100,-0.0000000000,-0.0040849665,-0.0000003389,0.0000000000
0.4171666667,0.0000905766,0.0000000000,0.0000000000,0.0005918085,0.0000000099,-0.0000000000,-0.0040802751,-0.0000003370,0.0000000000
0.4173333333,0.0000903687,0.0000000000,0.0000000000,0.0005911288,0.0000000099,-0.0000000000,-0.0040755892,-0.0000003351,0.0000000000
0.4175000000,0.0000901612,0.0000000000,0.0000000000,0.0005904499,0.0000000098,-0.0000000000,-0.0040709086,-0.0000003332,0.0000000000
0.4176666667,0.0000899542,0.0000000000,0.0000000000,0.0005897718,0.0000000098,-0.0000000000,-0.0040662334,-0.0000003313,0.0000000000
0.4178333333,0.0000897477,0.0000000000,0.0000000000,0.0005890945,0.0000000097,-0.0000000000,-0.0040615636,-0.0000003295,0.0000000000
0.4180000000,0.0000895417,0.0000000000,0.0000000000,0.0005884180,0.0000000096,-0.0000000000,-0.0040568991,-0.0000003276,0.0000000000
0.4181666667,0.0000893362,0.0000000000,0.0000000000,0.0005877422,0.0000000096,-0.0000000000,-0.0040522400,-0.0000003258,0.0000000000
0.4183333333,0.0000891311,0.0000000000,0.0000000000,0.0005870672,0.0000000095,-0.0000000000,-0.0040475862,-0.0000003239,0.0000000000
0.4185000000,0.0000889265,0.0000000000,0.0000000000,0.0005863930,0.0000000095,-0.0000000000,-0.0040429378,-0.0000003221,0.0000000000
0.4186666667,0.0000887223,0.0000000000,0.0000000000,0.0005857196,0.0000000094,-0.0000000000,-0.0040382947,-0.0000003203,0.0000000000
0.4188333333,0.0000885187,0.0000000000,0.0000000000,0.0005850469,0.0000000094,-0.0000000000,-0.0040336570,-0.0000003185,0.0000000000
0.4190000000,0.0000883155,0.0000000000,0.0000000000,0.0005843750,0.0000000093,-0.0000000000,-0.0040290245,-0.0000003167,0.0000000000
0.4191666667,0.0000881127,0.0000000000,0.0000000000,0.0005837039,0.0000000093,-0.0000000000,-0.0040243974,-0.0000003149,0.0000000000
0.4193333333,0.0000879105,0.0000000000,0.0000000000,0.0005830335,0.0000000092,-0.0000000000,-0.0040197757,-0.0000003131,0.0000000000
0.4195000000,0.0000877087,0.0000000000,0.0000000000,0.0005823639,0.0000000092,-0.0000000000,-0.0040151592,-0.0000003113,0.0000000000
0.4196666667,0.0000875073,0.0000000000,0.0000000000,0.0005816951,0.0000000091,-0.0000000000,-0.0040105480,-0.0000003096,0.0000000000
0.4198333333,0.0000873065,0.0000000000,0.0000000000,0.0005810271,0.0000000091,-0.0000000000,-0.0040059421,-0.0000003078,0.0000000000
0.4200000000,0.0000871060,0.0000000000,0.0000000000,0.0005803598,0.0000000090,-0.0000000000,-0.0040013415,-0.0000003061,0.0000000000
0.4201666667,0.0000869061,0.0000000000,0.0000000000,0.0005796933,0.0000000090,-0.0000000000,-0.0039967462,-0.0000003044,0.0000000000
0.4203333333,0.0000867066,0.0000000000,0.0000000000,0.0005790276,0.0000000089,-0.0000000000,-0.0039921562,-0.0000003027,0.0000000000
0.4205000000,0.0000865075,0.0000000000,0.0000000000,0.0005783626,0.0000000089,-0.0000000000,-0.0039875714,-0.0000003009,0.0000000000
0.4206666667,0.0000863090,0.0000000000,0.0000000000,0.0005776984,0.0000000088,-0.0000000000,-0.0039829919,-0.0000002992,0.0000000000
0.4208333333,0.0000861108,0.0000000000,0.0000000000,0.0005770349,0.0000000088,-0.0000000000,-0.0039784177,-0.0000002976,0.0000000000
0.4210000000,0.0000859132,0.0000000000,0.0000000000,0.0005763722,0.0000000087,-0.0000000000,-0.0039738487,-0.0000002959,0.0000000000
0.4211666667,0.0000857159,0.0000000000,0.0000000000,0.0005757103,0.0000000087,-0.0000000000,-0.0039692850,-0.0000002942,0.0000000000
0.4213333333,0.0000855192,0.0000000000,0.0000000000,0.0005750491,0.0000000086,-0.0000000000,-0.0039647265,-0.0000002925,0.0000000000
0.4215000000,0.0000853229,0.0000000000,0.0000000000,0.0005743887,0.0000000086,-0.0000000000,-0.0039601732,-0.0000002909,0.0000000000
0.4216666667,0.0000851270,0.0000000000,0.0000000000,0.0005737291,0.0000000085,-0.0000000000,-0.0039556252,-0.0000002893,0.0000000000
0.4218333333,0.0000849316,0.0000000000,0.0000000000,0.0005730702,0.0000000085,-0.0000000000,-0.0039510824,-0.0000002876,0.0000000000
0.4220000000,0.0000847366,0.0000000000,0.0000000000,0.0005724120,0.0000000084,-0.0000000000,-0.0039465448,-0.0000002860,0.0000000000
0.4221666667,0.0000845421,0.0000000000,0.0000000000,0.0005717547,0.0000000084,-0.0000000000,-0.0039420124,-0.0000002844,0.0000000000
0.4223333333,0.0000843480,0.0000000000,0.0000000000,0.0005710980,0.0000000083,-0.0000000000,-0.0039374853,-0.0000002828,0.0000000000
0.4225000000,0.0000841544,0.0000000000,0.0000000000,0.0005704422,0.0000000083,-0.0000000000,-0.0039329633,-0.0000002812,0.0000000000
0.4226666667,0.0000839612,0.0000000000,0.0000000000,0.0005697870,0.0000000082,-0.0000000000,-0.0039284465,-0.0000002796,0.0000000000
0.4228333333,0.0000837685,0.0000000000,0.0000000000,0.0005691327,0.0000000082,-0.0000000000,-0.0039239349,-0.0000002780,0.0000000000
0.4230000000,0.0000835762,0.0000000000,0.0000000000,0.0005684790,0.0000000081,-0.0000000000,-0.0039194285,-0.0000002765,0.0000000000
0.4231666667,0.0000833843,0.0000000000,0.0000000000,0.0005678262,0.0000000081,-0.0000000000,-0.0039149273,-0.0000002749,0.0000000000
0.4233333333,0.0000831929,0.0000000000,0.0000000000,0.0005671741,0.0000000080,-0.0000000000,-0.0039104312,-0.0000002733,0.0000000000
0.4235000000,0.0000830019,0.0000000000,0.0000000000,0.0005665227,0.0000000080,-0.0000000000,-0.0039059403,-0.0000002718,0.0000000000
0.4236666667,0.0000828114,0.0000000000,0.0000000000,0.0005658721,0.0000000080,-0.0000000000,-0.0039014546,-0.0000002703,0.0000000000
0.4238333333,0.0000826213,0.0000000000,0.0000000000,0.0005652222,0.0000000079,-0.0000000000,-0.0038969740,-0.0000002687,0.0000000000
0.4240000000,0.0000824316,0.0000000000,0.0000000000,0.0005645731,0.0000000079,-0.0000000000,-0.0038924985,-0.0000002672,0.0000000000
0.4241666667,0.0000822424,0.0000000000,0.0000000000,0.0005639247,0.0000000078,-0.0000000000,-0.0038880282,-0.0000002657,0.0000000000
0.4243333333,0.0000820536,0.0000000000,0.0000000000,0.0005632771,0.0000000078,-0.0000000000,-0.0038835630,-0.0000002642,0.0000000000
0.4245000000,0.0000818653,0.0000000000,0.0000000000,0.0005626302,0.0000000077,-0.0000000000,-0.0038791030,-0.0000002627,0.0000000000
0.4246666667,0.0000816773,0.0000000000,0.0000000000,0.0005619840,0.0000000077,-0.0000000000,-0.0038746481,-0.0000002612,0.0000000000
0.4248333333,0.0000814898,0.0000000000,0.0000000000,0.0005613386,0.0000000076,-0.0000000000,-0.0038701983,-0.0000002598,0.0000000000
0.4250000000,0.0000813028,0.0000000000,0.0000000000,0.0005606940,0.0000000076,-0.0000000000,-0.0038657536,-0.0000002583,0.0000000000
0.4251666667,0.0000811161,0.0000000000,0.0000000000,0.0005600500,0.0000000076,-0.0000000000,-0.0038613140,-0.0000002568,0.0000000000
0.4253333333,0.0000809299,0.0000000000,0.0000000000,0.0005594069,0.0000000075,-0.0000000000,-0.0038568795,-0.0000002554,0.0000000000
0.4255000000,0.0000807441,0.0000000000,0.0000000000,0.0005587644,0.0000000075,-0.0000000000,-0.0038524501,-0.0000002540,0.0000000000
0.4256666667,0.0000805588,0.0000000000,0.0000000000,0.0005581227,0.0000000074,-0.0000000000,-0.0038480258,-0.0000002525,0.0000000000
0.4258333333,0.0000803739,0.0000000000,0.0000000000,0.0005574817,0.0000000074,-0.0000000000,-0.0038436065,-0.0000002511,0.0000000000
0.4260000000,0.0000801894,0.0000000000,0.0000000000,0.0005568415,0.0000000074,-0.0000000000,-0.0038391924,-0.0000002497,0.0000000000
0.4261666667,0.0000800053,0.0000000000,0.0000000000,0.0005562020,0.0000000073,-0.0000000000,-0.0038347833,-0.0000002483,0.0000000000
0.4263333333,0.0000798216,0.0000000000,0.0000000000,0.0005555632,0.0000000073,-0.0000000000,-0.0038303793,-0.0000002469,0.0000000000
0.4265000000,0.0000796384,0.0000000000,0.0000000000,0.0005549252,0.0000000072,-0.0000000000,-0.0038259803,-0.0000002455,0.0000000000
0.4266666667,0.0000794556,0.0000000000,0.0000000000,0.0005542879,0.0000000072,-0.0000000000,-0.0038215864,-0.0000002441,0.0000000000
0.4268333333,0.0000792732,0.0000000000,0.0000000000,0.0005536513,0.0000000071,-0.0000000000,-0.0038171975,-0.0000002427,0.0000000000
0.4270000000,0.0000790912,0.0000000000,0.0000000000,0.0005530155,0.0000000071,-0.0000000000,-0.0038128137,-0.0000002413,0.0000000000
0.4271666667,0.0000789096,0.0000000000,0.0000000000,0.0005523804,0.0000000071,-0.0000000000,-0.0038084349,-0.0000002400,0.0000000000
0.4273333333,0.0000787285,0.0000000000,0.0000000000,0.0005517460,0.0000000070,-0.0000000000,-0.0038040611,-0.0000002386,0.0000000000
0.4275000000,0.0000785478,0.0000000000,0.0000000000,0.0005511124,0.0000000070,-0.0000000000,-0.0037996924,-0.0000002373,0.0000000000
0.4276666667,0.0000783675,0.0000000000,0.0000000000,0.0005504794,0.0000000069,-0.0000000000,-0.0037953286,-0.0000002359,0.0000000000
0.4278333333,0.0000781876,0.0000000000,0.0000000000,0.0005498472,0.0000000069,-0.0000000000,-0.0037909699,-0.0000002346,0.0000000000
0.4280000000,0.0000780081,0.0000000000,0.0000000000,0.0005492158,0.0000000069,-0.0000000000,-0.0037866162,-0.0000002333,0.0000000000
0.4281666667,0.0000778290,0.0000000000,0.0000000000,0.0005485850,0.0000000068,-0.0000000000,-0.0037822675,-0.0000002320,0.0000000000
0.4283333333,0.0000776503,0.0000000000,0.0000000000,0.0005479550,0.0000000068,-0.0000000000,-0.0037779238,-0.0000002307,0.0000000000
0.4285000000,0.0000774721,0.0000000000,0.0000000000,0.0005473257,0.0000000068,-0.0000000000,-0.0037735851,-0.0000002294,0.0000000000
0.4286666667,0.0000772943,0.0000000000,0.0000000000,0.0005466972,0.0000000067,-0.0000000000,-0.0037692513,-0.0000002281,0.0000000000
0.4288333333,0.0000771168,0.0000000000,0.0000000000,0.0005460693,0.0000000067,-0.0000000000,-0.0037649226,-0.0000002268,0.0000000000
0.4290000000,0.0000769398,0.0000000000,0.0000000000,0.0005454422,0.0000000066,-0.0000000000,-0.0037605988,-0.0000002255,0.0000000000
0.4291666667,0.0000767632,0.0000000000,0.0000000000,0.0005448158,0.0000000066,-0.0000000000,-0.0037562799,-0.0000002242,0.0000000000
0.4293333333,0.0000765870,0.0000000000,0.0000000000,0.0005441901,0.0000000066,-0.0000000000,-0.0037519661,-0.0000002230,0.0000000000
0.4295000000,0.0000764111,0.0000000000,0.0000000000,0.0005435651,0.0000000065,-0.0000000000,-0.0037476572,-0.0000002217,0.0000000000
0.4296666667,0.0000762357,0.0000000000,0.0000000000,0.0005429409,0.0000000065,-0.0000000000,-0.0037433532,-0.0000002204,0.0000000000
0.4298333333,0.0000760607,0.0000000000,0.0000000000,0.0005423173,0.0000000065,-0.0000000000,-0.0037390542,-0.0000002192,0.0000000000
0.4300000000,0.0000758861,0.0000000000,0.0000000000,0.0005416945,0.0000000064,-0.0000000000,-0.0037347601,-0.0000002180,0.0000000000
0.4301666667,0.0000757119,0.0000000000,0.0000000000,0.0005410724,0.0000000064,0.0000000000,-0.0037304709,-0.0000002167,0.0000000000
0.4303333333,0.0000755381,0.0000000000,0.0000000000,0.0005404510,0.0000000063,0.0000000000,-0.0037261867,-0.0000002155,0.0000000000
0.4305000000,0.0000753647,0.0000000000,0.0000000000,0.0005398303,0.0000000063,0.0000000000,-0.0037219074,-0.0000002143,0.0000000000
0.4306666667,0.0000751917,0.0000000000,0.0000000000,0.0005392104,0.0000000063,0.0000000000,-0.0037176330,-0.0000002131,0.0000000000
0.4308333333,0.0000750191,0.0000000000,0.0000000000,0.0005385911,0.0000000062,0.0000000000,-0.0037133635,-0.0000002119,0.0000000000
0.4310000000,0.0000748469,0.0000000000,0.0000000000,0.0005379726,0.0000000062,0.0000000000,-0.0037090989,-0.0000002107,0.0000000000
0.4311666667,0.0000746751,0.0000000000,0.0000000000,0.0005373547,0.0000000062,0.0000000000,-0.0037048392,-0.0000002095,0.0000000000
0.4313333333,0.0000745037,0.0000000000,0.0000000000,0.0005367376,0.0000000061,0.0000000000,-0.0037005844,-0.0000002083,0.0000000000
0.4315000000,0.0000743326,0.0000000000,0.0000000000,0.0005361212,0.0000000061,0.0000000000,-0.0036963345,-0.0000002071,0.0000000000
0.4316666667,0.0000741620,0.0000000000,0.0000000000,0.0005355055,0.0000000061,0.0000000000,-0.0036920895,-0.0000002060,0.0000000000
0.4318333333,0.0000739918,0.0000000000,0.0000000000,0.0005348905,0.0000000060,0.0000000000,-0.0036878494,-0.0000002048,0.0000000000
0.4320000000,0.0000738219,0.0000000000,0.0000000000,0.0005342762,0.0000000060,0.0000000000,-0.0036836141,-0.0000002037,0.0000000000
0.4321666667,0.0000736524,0.0000000000,0.0000000000,0.0005336626,0.0000000060,0.0000000000,-0.0036793837,-0.0000002025,0.0000000000
0.4323333333,0.0000734834,0.0000000000,0.0000000000,0.0005330497,0.0000000059,0.0000000000,-0.0036751581,-0.0000002014,0.0000000000
0.4325000000,0.0000733147,0.0000000000,0.0000000000,0.0005324376,0.0000000059,0.0000000000,-0.0036709374,-0.0000002002,0.0000000000
0.4326666667,0.0000731464,0.0000000000,0.0000000000,0.0005318261,0.0000000059,0.0000000000,-0.0036667215,-0.0000001991,0.0000000000
0.4328333333,0.0000729785,0.0000000000,0.0000000000,0.0005312153,0.0000000058,0.0000000000,-0.0036625105,-0.0000001980,0.0000000000
0.4330000000,0.0000728109,0.0000000000,0.0000000000,0.0005306053,0.0000000058,0.0000000000,-0.0036583043,-0.0000001969,0.0000000000
0.4331666667,0.0000726438,0.0000000000,0.0000000000,0.0005299959,0.0000000058,0.0000000000,-0.0036541030,-0.0000001957,0.0000000000
0.4333333333,0.0000724770,0.0000000000,0.0000000000,0.0005293872,0.0000000057,0.0000000000,-0.0036499065,-0.0000001946,0.0000000000
0.4335000000,0.0000723107,0.0000000000,0.0000000000,0.0005287792,0.0000000057,0.0000000000,-0.0036457148,-0.0000001935,0.0000000000
0.4336666667,0.0000721447,0.0000000000,0.0000000000,0.0005281720,0.0000000057,0.0000000000,-0.0036415279,-0.0000001924,0.0000000000
0.4338333333,0.0000719791,0.0000000000,0.0000000000,0.0005275654,0.0000000056,0.0000000000,-0.0036373458,-0.0000001914,0.0000000000
0.4340000000,0.0000718138,0.0000000000,0.0000000000,0.0005269595,0.0000000056,0.0000000000,-0.0036331685,-0.0000001903,0.0000000000
0.4341666667,0.0000716490,0.0000000000,0.0000000000,0.0005263543,0.0000000056,0.0000000000,-0.0036289960,-0.0000001892,0.0000000000
0.4343333333,0.0000714845,0.0000000000,0.0000000000,0.0005257499,0.0000000055,0.0000000000,-0.0036248283,-0.0000001881,0.0000000000
0.4345000000,0.0000713204,0.0000000000,0.0000000000,0.0005251461,0.0000000055,0.0000000000,-0.0036206654,-0.0000001871,0.0000000000
0.4346666667,0.0000711567,0.0000000000,0.0000000000,0.0005245430,0.0000000055,0.0000000000,-0.0036165073,-0.0000001860,0.0000000000
0.4348333333,0.0000709933,0.0000000000,0.0000000000,0.0005239406,0.0000000054,0.0000000000,-0.0036123540,-0.0000001850,0.0000000000
0.4350000000,0.0000708304,0.0000000000,0.0000000000,0.0005233388,0.0000000054,0.0000000000,-0.0036082054,-0.0000001839,0.0000000000
0.4351666667,0.0000706678,0.0000000000,0.0000000000,0.0005227378,0.0000000054,0.0000000000,-0.0036040616,-0.0000001829,0.0000000000
0.4353333333,0.0000705056,0.0000000000,0.0000000000,0.0005221375,0.0000000054,0.0000000000,-0.0035999225,-0.0000001819,0.0000000000
0.4355000000,0.0000703437,0.0000000000,0.0000000000,0.0005215378,0.0000000053,0.0000000000,-0.0035957882,-0.0000001808,0.0000000000
0.4356666667,0.0000701822,0.0000000000,0.0000000000,0.0005209389,0.0000000053,0.0000000000,-0.0035916587,-0.0000001798,0.0000000000
0.4358333333,0.0000700211,0.0000000000,0.0000000000,0.0005203406,0.0000000053,0.0000000000,-0.0035875338,-0.0000001788,0.0000000000
0.4360000000,0.0000698604,0.0000000000,0.0000000000,0.0005197430,0.0000000052,0.0000000000,-0.0035834138,-0.0000001778,0.0000000000
0.4361666667,0.0000697000,0.0000000000,0.0000000000,0.0005191461,0.0000000052,0.0000000000,-0.0035792984,-0.0000001768,0.0000000000
0.4363333333,0.0000695400,0.0000000000,0.0000000000,0.0005185499,0.0000000052,0.0000000000,-0.0035751878,-0.0000001758,0.0000000000
0.4365000000,0.0000693804,0.0000000000,0.0000000000,0.0005179544,0.0000000051,0.0000000000,-0.0035710819,-0.0000001748,0.0000000000
0.4366666667,0.0000692211,0.0000000000,0.0000000000,0.0005173596,0.0000000051,0.0000000000,-0.0035669807,-0.0000001738,0.0000000000
0.4368333333,0.0000690622,0.0000000000,0.0000000000,0.0005167654,0.0000000051,0.0000000000,-0.0035628843,-0.0000001728,0.0000000000
0.4370000000,0.0000689037,0.0000000000,0.0000000000,0.0005161719,0.0000000051,0.0000000000,-0.0035587925,-0.0000001719,0.0000000000
0.4371666667,0.0000687455,0.0000000000,0.0000000000,0.0005155791,0.0000000050,0.0000000000,-0.0035547054,-0.0000001709,0.0000000000
0.4373333333,0.0000685877,0.0000000000,0.0000000000,0.0005149870,0.0000000050,0.0000000000,-0.0035506231,-0.0000001699,0.0000000000
0.4375000000,0.0000684302,0.0000000000,0.0000000000,0.0005143956,0.0000000050,0.0000000000,-0.0035465454,-0.0000001690,0.0000000000
0.4376666667,0.0000682732,0.0000000000,0.0000000000,0.0005138048,0.0000000049,0.0000000000,-0.0035424724,-0.0000001680,0.0000000000
0.4378333333,0.0000681164,0.0000000000,0.0000000000,0.0005132148,0.0000000049,0.0000000000,-0.0035384041,-0.0000001671,0.0000000000
0.4380000000,0.0000679601,0.0000000000,0.0000000000,0.0005126254,0.0000000049,0.0000000000,-0.0035343404,-0.0000001661,0.0000000000
0.4381666667,0.0000678041,0.0000000000,0.0000000000,0.0005120366,0.0000000049,0.0000000000,-0.0035302814,-0.0000001652,0.0000000000
0.4383333333,0.0000676484,0.0000000000,0.0000000000,0.0005114486,0.0000000048,0.0000000000,-0.0035262271,-0.0000001642,0.0000000000
0.4385000000,0.0000674931,0.0000000000,0.0000000000,0.0005108612,0.0000000048,0.0000000000,-0.0035221774,-0.0000001633,0.0000000000
0.4386666667,0.0000673382,0.0000000000,0.0000000000,0.0005102745,0.0000000048,0.0000000000,-0.0035181324,-0.0000001624,0.0000000000
0.4388333333,0.0000671836,0.0000000000,0.0000000000,0.0005096885,0.0000000048,0.0000000000,-0.0035140920,-0.0000001615,0.0000000000
0.4390000000,0.0000670294,0.0000000000,0.0000000000,0.0005091032,0.0000000047,0.0000000000,-0.0035100563,-0.0000001606,0.0000000000
0.4391666667,0.0000668755,0.0000000000,0.0000000000,0.0005085185,0.0000000047,0.0000000000,-0.0035060252,-0.0000001597,0.0000000000
0.4393333333,0.0000667220,0.0000000000,0.0000000000,0.0005079345,0.0000000047,0.0000000000,-0.0035019988,-0.0000001588,0.0000000000
0.4395000000,0.0000665688,0.0000000000,0.0000000000,0.0005073512,0.0000000046,0.0000000000,-0.0034979769,-0.0000001579,0.0000000000
0.4396666667,0.0000664160,0.0000000000,0.0000000000,0.0005067685,0.0000000046,0.0000000000,-0.0034939597,-0.0000001570,0.0000000000
0.4398333333,0.0000662635,0.0000000000,0.0000000000,0.0005061865,0.0000000046,0.0000000000,-0.0034899471,-0.0000001561,0.0000000000
0.4400000000,0.0000661114,0.0000000000,0.0000000000,0.0005056052,0.0000000046,0.0000000000,-0.0034859391,-0.0000001552,0.0000000000
0.4401666667,0.0000659597,0.0000000000,0.0000000000,0.0005050245,0.0000000045,0.0000000000,-0.0034819357,-0.0000001543,0.0000000000
0.4403333333,0.0000658083,0.0000000000,0.0000000000,0.0005044445,0.0000000045,0.0000000000,-0.0034779369,-0.0000001535,0.0000000000
0.4405000000,0.0000656572,0.0000000000,0.0000000000,0.0005038652,0.0000000045,0.0000000000,-0.0034739427,-0.0000001526,0.0000000000
0.4406666667,0.0000655065,0.0000000000,0.0000000000,0.0005032865,0.0000000045,0.0000000000,-0.0034699531,-0.0000001517,0.0000000000
0.4408333333,0.0000653561,0.0000000000,0.0000000000,0.0005027085,0.0000000044,0.0000000000,-0.0034659680,-0.0000001509,0.0000000000
0.4410000000,0.0000652061,0.0000000000,0.0000000000,0.0005021312,0.0000000044,0.0000000000,-0.0034619875,-0.0000001500,0.0000000000
0.4411666667,0.0000650564,0.0000000000,0.0000000000,0.0005015545,0.0000000044,0.0000000000,-0.0034580117,-0.0000001492,0.0000000000
0.4413333333,0.0000649070,0.0000000000,0.0000000000,0.0005009785,0.0000000044,0.0000000000,-0.0034540403,-0.0000001483,0.0000000000
0.4415000000,0.0000647580,0.0000000000,0.0000000000,0.0005004032,0.0000000043,0.0000000000,-0.0034500736,-0.0000001475,-0.0000000000
0.4416666667,0.0000646094,0.0000000000,0.0000000000,0.0004998285,0.0000000043,0.0000000000,-0.0034461114,-0.0000001467,-0.0000000000
0.4418333333,0.0000644611,0.0000000000,0.0000000000,0.0004992545,0.0000000043,0.0000000000,-0.0034421537,-0.0000001458,-0.0000000000
0.4420000000,0.0000643131,0.0000000000,0.0000000000,0.0004986811,0.0000000043,0.0000000000,-0.0034382006,-0.0000001450,-0.0000000000
0.4421666667,0.0000641655,0.0000000000,0.0000000000,0.0004981084,0.0000000042,0.0000000000,-0.0034342520,-0.0000001442,-0.0000000000
0.4423333333,0.0000640182,0.0000000000,0.0000000000,0.0004975364,0.0000000042,0.0000000000,-0.0034303080,-0.0000001434,-0.0000000000
0.4425000000,0.0000638712,0.0000000000,0.0000000000,0.0004969650,0.0000000042,0.0000000000,-0.0034263685,-0.0000001426,-0.0000000000
0.4426666667,0.0000637246,0.0000000000,0.0000000000,0.0004963942,0.0000000042,0.0000000000,-0.0034224335,-0.0000001418,-0.0000000000
0.4428333333,0.0000635783,0.0000000000,0.0000000000,0.0004958242,0.0000000042,0.0000000000,-0.0034185030,-0.0000001410,-0.0000000000
0.4430000000,0.0000634324,0.0000000000,0.0000000000,0.0004952547,0.0000000041,0.0000000000,-0.0034145771,-0.0000001402,-0.0000000000
0.4431666667,0.0000632867,0.0000000000,0.0000000000,0.0004946860,0.0000000041,0.0000000000,-0.0034106556,-0.0000001394,-0.0000000000
0.4433333333,0.0000631415,0.0000000000,0.0000000000,0.0004941178,0.0000000041,0.0000000000,-0.0034067387,-0.0000001386,-0.0000000000
0.4435000000,0.0000629965,0.0000000000,0.0000000000,0.0004935504,0.0000000041,0.0000000000,-0.0034028262,-0.0000001378,-0.0000000000
0.4436666667,0.0000628519,0.0000000000,0.0000000000,0.0004929836,0.0000000040,0.0000000000,-0.0033989183,-0.0000001370,-0.0000000000
0.4438333333,0.0000627076,0.0000000000,0.0000000000,0.0004924174,0.0000000040,0.0000000000,-0.0033950148,-0.0000001363,-0.0000000000
0.4440000000,0.0000625637,0.0000000000,0.0000000000,0.0004918519,0.0000000040,0.0000000000,-0.0033911159,-0.0000001355,-0.0000000000
0.4441666667,0.0000624201,0.0000000000,0.0000000000,0.0004912870,0.0000000040,0.0000000000,-0.0033872214,-0.0000001347,-0.0000000000
0.4443333333,0.0000622768,0.0000000000,0.0000000000,0.0004907228,0.0000000039,0.0000000000,-0.0033833313,-0.0000001340,-0.0000000000
0.4445000000,0.0000621338,0.0000000000,0.0000000000,0.0004901592,0.0000000039,0.0000000000,-0.0033794458,-0.0000001332,-0.0000000000
0.4446666667,0.0000619912,0.0000000000,0.0000000000,0.0004895963,0.0000000039,0.0000000000,-0.0033755647,-0.0000001325,-0.0000000000
0.4448333333,0.0000618489,0.0000000000,0.0000000000,0.0004890341,0.0000000039,0.0000000000,-0.0033716880,-0.0000001317,-0.0000000000
0.4450000000,0.0000617069,0.0000000000,0.0000000000,0.0004884724,0.0000000039,0.0000000000,-0.0033678158,-0.0000001310,-0.0000000000
0.4451666667,0.0000615652,0.0000000000,0.0000000000,0.0004879114,0.0000000038,0.0000000000,-0.0033639481,-0.0000001302,-0.0000000000
0.4453333333,0.0000614239,0.0000000000,0.0000000000,0.0004873511,0.0000000038,0.0000000000,-0.0033600848,-0.0000001295,-0.0000000000
0.4455000000,0.0000612829,0.0000000000,0.0000000000,0.0004867914,0.0000000038,0.0000000000,-0.0033562259,-0.0000001288,-0.0000000000
0.4456666667,0.0000611422,0.0000000000,0.0000000000,0.0004862324,0.0000000038,0.0000000000,-0.0033523715,-0.0000001280,-0.0000000000
0.4458333333,0.0000610019,0.0000000000,0.0000000000,0.0004856739,0.0000000037,0.0000000000,-0.0033485215,-0.0000001273,-0.0000000000
0.4460000000,0.0000608618,0.0000000000,0.0000000000,0.0004851162,0.0000000037,0.0000000000,-0.0033446759,-0.0000001266,-0.0000000000
0.4461666667,0.0000607221,0.0000000000,0.0000000000,0.0004845591,0.0000000037,0.0000000000,-0.0033408348,-0.0000001259,-0.0000000000
0.4463333333,0.0000605827,0.0000000000,0.0000000000,0.0004840026,0.0000000037,0.0000000000,-0.0033369980,-0.0000001252,-0.0000000000
0.4465000000,0.0000604437,0.0000000000,0.0000000000,0.0004834467,0.0000000037,0.0000000000,-0.0033331657,-0.0000001245,-0.0000000000
0.4466666667,0.0000603049,0.0000000000,0.0000000000,0.0004828915,0.0000000036,0.0000000000,-0.0033293377,-0.0000001238,-0.0000000000
0.4468333333,0.0000601665,0.0000000000,0.0000000000,0.0004823369,0.0000000036,0.0000000000,-0.0033255142,-0.0000001231,-0.0000000000
0.4470000000,0.0000600284,0.0000000000,0.0000000000,0.0004817830,0.0000000036,0.0000000000,-0.0033216950,-0.0000001224,-0.0000000000
0.4471666667,0.0000598906,0.0000000000,0.0000000000,0.0004812297,0.0000000036,0.0000000000,-0.0033178802,-0.0000001217,-0.0000000000
0.4473333333,0.0000597531,0.0000000000,0.0000000000,0.0004806770,0.0000000036,0.0000000000,-0.0033140698,-0.0000001210,-0.0000000000
0.4475000000,0.0000596159,0.0000000000,0.0000000000,0.0004801250,0.0000000035,0.0000000000,-0.0033102638,-0.0000001203,-0.0000000000
0.4476666667,0.0000594791,0.0000000000,0.0000000000,0.0004795736,0.0000000035,0.0000000000,-0.0033064622,-0.0000001196,-0.0000000000
0.4478333333,0.0000593425,0.0000000000,0.0000000000,0.0004790228,0.0000000035,0.0000000000,-0.0033026649,-0.0000001190,-0.0000000000
0.4480000000,0.0000592063,0.0000000000,0.0000000000,0.0004784727,0.0000000035,0.0000000000,-0.0032988720,-0.0000001183,-0.0000000000
0.4481666667,0.0000590704,0.0000000000,0.0000000000,0.0004779232,0.0000000035,0.0000000000,-0.0032950834,-0.0000001176,-0.0000000000
0.4483333333,0.0000589348,0.0000000000,0.0000000000,0.0004773743,0.0000000034,0.0000000000,-0.0032912992,-0.0000001170,-0.0000000000
0.4485000000,0.0000587995,0.0000000000,0.0000000000,0.0004768261,0.0000000034,0.0000000000,-0.0032875193,-0.0000001163,-0.0000000000
0.4486666667,0.0000586645,0.0000000000,0.0000000000,0.0004762785,0.0000000034,0.0000000000,-0.0032837438,-0.0000001156,-0.0000000000
0.4488333333,0.0000585299,0.0000000000,0.0000000000,0.0004757315,0.0000000034,0.0000000000,-0.0032799726,-0.0000001150,-0.0000000000
0.4490000000,0.0000583955,0.0000000000,0.0000000000,0.0004751852,0.0000000034,0.0000000000,-0.0032762058,-0.0000001143,-0.0000000000
0.4491666667,0.0000582614,0.0000000000,0.0000000000,0.0004746395,0.0000000033,0.0000000000,-0.0032724432,-0.0000001137,-0.0000000000
0.4493333333,0.0000581277,0.0000000000,0.0000000000,0.0004740944,0.0000000033,0.0000000000,-0.0032686850,-0.0000001130,-0.0000000000
0.4495000000,0.0000579943,0.0000000000,0.0000000000,0.0004735499,0.0000000033,0.0000000000,-0.0032649311,-0.0000001124,-0.0000000000
0.4496666667,0.0000578611,0.0000000000,0.0000000000,0.0004730060,0.0000000033,0.0000000000,-0.0032611815,-0.0000001118,-0.0000000000
0.4498333333,0.0000577283,0.0000000000,0.0000000000,0.0004724628,0.0000000033,0.0000000000,-0.0032574363,-0.0000001111,-0.0000000000
0.4500000000,0.0000575958,0.0000000000,0.0000000000,0.0004719202,0.0000000033,0.0000000000,-0.0032536953,-0.0000001105,-0.0000000000
0.4501666667,0.0000574636,0.0000000000,0.0000000000,0.0004713783,0.0000000032,0.0000000000,-0.0032499586,-0.0000001099,-0.0000000000
0.4503333333,0.0000573317,0.0000000000,0.0000000000,0.0004708369,0.0000000032,0.0000000000,-0.0032462262,-0.0000001093,-0.0000000000
0.4505000000,0.0000572001,0.0000000000,0.0000000000,0.0004702962,0.0000000032,0.0000000000,-0.0032424981,-0.0000001087,-0.0000000000
0.4506666667,0.0000570688,0.0000000000,0.0000000000,0.0004697561,0.0000000032,0.0000000000,-0.0032387743,-0.0000001080,-0.0000000000
0.4508333333,0.0000569377,0.0000000000,0.0000000000,0.0004692166,0.0000000032,0.0000000000,-0.0032350548,-0.0000001074,-0.0000000000
0.4510000000,0.0000568070,0.0000000000,0.0000000000,0.0004686777,0.0000000031,0.0000000000,-0.0032313395,-0.0000001068,-0.0000000000
0.4511666667,0.0000566766,0.0000000000,0.0000000000,0.0004681395,0.0000000031,0.0000000000,-0.0032276285,-0.0000001062,-0.0000000000
0.4513333333,0.0000565465,0.0000000000,0.0000000000,0.0004676018,0.0000000031,0.0000000000,-0.0032239217,-0.0000001056,-0.0000000000
0.4515000000,0.0000564167,0.0000000000,0.0000000000,0.0004670648,0.0000000031,0.0000000000,-0.0032202192,-0.0000001050,-0.0000000000
0.4516666667,0.0000562872,0.0000000000,0.0000000000,0.0004665284,0.0000000031,0.0000000000,-0.0032165210,-0.0000001044,-0.0000000000
0.4518333333,0.0000561580,0.0000000000,0.0000000000,0.0004659926,0.0000000031,0.0000000000,-0.0032128270,-0.0000001038,-0.0000000000
0.4520000000,0.0000560291,0.0000000000,0.0000000000,0.0004654575,0.0000000030,0.0000000000,-0.0032091373,-0.0000001033,-0.0000000000
0.4521666667,0.0000559005,0.0000000000,0.0000000000,0.0004649229,0.0000000030,0.0000000000,-0.0032054518,-0.0000001027,-0.0000000000
0.4523333333,0.0000557722,0.0000000000,0.0000000000,0.0004643890,0.0000000030,0.0000000000,-0.0032017705,-0.0000001021,-0.0000000000
0.4525000000,0.0000556441,0.0000000000,0.0000000000,0.0004638557,0.0000000030,0.0000000000,-0.0031980934,-0.0000001015,-0.0000000000
0.4526666667,0.0000555164,0.0000000000,0.0000000000,0.0004633230,0.0000000030,0.0000000000,-0.0031944206,-0.0000001010,-0.0000000000
0.4528333333,0.0000553889,0.0000000000,0.0000000000,0.0004627909,0.0000000030,0.0000000000,-0.0031907520,-0.0000001004,-0.0000000000
0.4530000000,0.0000552618,0.0000000000,0.0000000000,0.0004622594,0.0000000029,0.0000000000,-0.0031870876,-0.0000000998,-0.0000000000
0.4531666667,0.0000551349,0.0000000000,0.0000000000,0.0004617285,0.0000000029,0.0000000000,-0.0031834274,-0.0000000993,-0.0000000000
0.4533333333,0.0000550084,0.0000000000,0.0000000000,0.0004611982,0.0000000029,0.0000000000,-0.0031797715,-0.0000000987,-0.0000000000
0.4535000000,0.0000548821,0.0000000000,0.0000000000,0.0004606686,0.0000000029,0.0000000000,-0.0031761197,-0.0000000981,-0.0000000000
0.4536666667,0.0000547561,0.0000000000,0.0000000000,0.0004601395,0.0000000029,0.0000000000,-0.0031724721,-0.0000000976,-0.0000000000
0.4538333333,0.0000546304,0.0000000000,0.0000000000,0.0004596111,0.0000000029,0.0000000000,-0.0031688287,-0.0000000970,-0.0000000000
0.4540000000,0.0000545050,0.0000000000,0.0000000000,0.0004590832,0.0000000028,0.0000000000,-0.0031651895,-0.0000000965,-0.0000000000
0.4541666667,0.0000543799,0.0000000000,0.0000000000,0.0004585560,0.0000000028,0.0000000000,-0.0031615544,-0.0000000959,-0.0000000000
0.4543333333,0.0000542551,0.0000000000,0.0000000000,0.0004580294,0.0000000028,0.0000000000,-0.0031579236,-0.0000000954,-0.0000000000
0.4545000000,0.0000541305,0.0000000000,0.0000000000,0.0004575034,0.0000000028,0.0000000000,-0.0031542969,-0.0000000949,-0.0000000000
0.4546666667,0.0000540063,0.0000000000,0.0000000000,0.0004569779,0.0000000028,0.0000000000,-0.0031506744,-0.0000000943,-0.0000000000
0.4548333333,0.0000538823,0.0000000000,0.0000000000,0.0004564531,0.0000000028,0.0000000000,-0.0031470560,-0.0000000938,-0.0000000000
0.4550000000,0.0000537586,0.0000000000,0.0000000000,0.0004559289,0.0000000027,0.0000000000,-0.0031434418,-0.0000000933,-0.0000000000
0.4551666667,0.0000536352,0.0000000000,0.0000000000,0.0004554053,0.0000000027,0.0000000000,-0.0031398317,-0.0000000927,-0.0000000000
0.4553333333,0.0000535121,0.0000000000,0.0000000000,0.0004548823,0.0000000027,0.0000000000,-0.0031362258,-0.0000000922,-0.0000000000
0.4555000000,0.0000533892,0.0000000000,0.0000000000,0.0004543599,0.0000000027,0.0000000000,-0.0031326240,-0.0000000917,-0.0000000000
0.4556666667,0.0000532667,0.0000000000,0.0000000000,0.0004538381,0.0000000027,0.0000000000,-0.0031290264,-0.0000000912,-0.0000000000
0.4558333333,0.0000531444,0.0000000000,0.0000000000,0.0004533169,0.0000000027,0.0000000000,-0.0031254329,-0.0000000907,-0.0000000000
0.4560000000,0.0000530224,0.0000000000,0.0000000000,0.0004527963,0.0000000027,0.0000000000,-0.0031218435,-0.0000000901,-0.0000000000
0.4561666667,0.0000529007,0.0000000000,0.0000000000,0.0004522763,0.0000000026,0.0000000000,-0.0031182583,-0.0000000896,-0.0000000000
0.4563333333,0.0000527792,0.0000000000,0.0000000000,0.0004517569,0.0000000026,0.0000000000,-0.0031146771,-0.0000000891,-0.0000000000
0.4565000000,0.0000526581,0.0000000000,0.0000000000,0.0004512380,0.0000000026,0.0000000000,-0.0031111001,-0.0000000886,-0.0000000000
0.4566666667,0.0000525372,0.0000000000,0.0000000000,0.0004507198,0.0000000026,0.0000000000,-0.0031075272,-0.0000000881,-0.0000000000
0.4568333333,0.0000524166,0.0000000000,0.0000000000,0.0004502022,0.0000000026,0.0000000000,-0.0031039584,-0.0000000876,-0.0000000000
0.4570000000,0.0000522963,0.0000000000,0.0000000000,0.0004496852,0.0000000026,0.0000000000,-0.0031003936,-0.0000000871,-0.0000000000
0.4571666667,0.0000521762,0.0000000000,0.0000000000,0.0004491687,0.0000000026,0.0000000000,-0.0030968330,-0.0000000866,-0.0000000000
0.4573333333,0.0000520564,0.0000000000,0.0000000000,0.0004486529,0.0000000025,0.0000000000,-0.0030932765,-0.0000000862,-0.0000000000
0.4575000000,0.0000519369,0.0000000000,0.0000000000,0.0004481376,0.0000000025,0.0000000000,-0.0030897240,-0.0000000857,-0.0000000000
0.4576666667,0.0000518177,0.0000000000,0.0000000000,0.0004476230,0.0000000025,0.0000000000,-0.0030861757,-0.0000000852,-0.0000000000
0.4578333333,0.0000516988,0.0000000000,0.0000000000,0.0004471089,0.0000000025,0.0000000000,-0.0030826314,-0.0000000847,-0.0000000000
0.4580000000,0.0000515801,0.0000000000,0.0000000000,0.0004465954,0.0000000025,0.0000000000,-0.0030790912,-0.0000000842,-0.0000000000
0.4581666667,0.0000514617,0.0000000000,0.0000000000,0.0004460825,0.0000000025,0.0000000000,-0.0030755550,-0.0000000838,-0.0000000000
0.4583333333,0.0000513436,0.0000000000,0.0000000000,0.0004455702,0.0000000025,0.0000000000,-0.0030720229,-0.0000000833,-0.0000000000
0.4585000000,0.0000512257,0.0000000000,0.0000000000,0.0004450585,0.0000000024,0.0000000000,-0.0030684949,-0.0000000828,-0.0000000000
0.4586666667,0.0000511081,0.0000000000,0.0000000000,0.0004445474,0.0000000024,0.0000000000,-0.0030649709,-0.0000000823,-0.0000000000
0.4588333333,0.0000509908,0.0000000000,0.0000000000,0.0004440369,0.0000000024,0.0000000000,-0.0030614509,-0.0000000819,-0.0000000000
0.4590000000,0.0000508737,0.0000000000,0.0000000000,0.0004435269,0.0000000024,0.0000000000,-0.0030579350,-0.0000000814,-0.0000000000
0.4591666667,0.0000507569,0.0000000000,0.0000000000,0.0004430175,0.0000000024,0.0000000000,-0.0030544232,-0.0000000810,-0.0000000000
0.4593333333,0.0000506404,0.0000000000,0.0000000000,0.0004425088,0.0000000024,0.0000000000,-0.0030509154,-0.0000000805,-0.0000000000
0.4595000000,0.0000505242,0.0000000000,0.0000000000,0.0004420006,0.0000000024,0.0000000000,-0.0030474116,-0.0000000800,-0.0000000000
0.4596666667,0.0000504082,0.0000000000,0.0000000000,0.0004414930,0.0000000023,0.0000000000,-0.0030439118,-0.0000000796,-0.0000000000
0.4598333333,0.0000502925,0.0000000000,0.0000000000,0.0004409859,0.0000000023,0.0000000000,-0.0030404160,-0.0000000791,-0.0000000000
0.4600000000,0.0000501770,0.0000000000,0.0000000000,0.0004404795,0.0000000023,0.0000000000,-0.0030369243,-0.0000000787,-0.0000000000
0.4601666667,0.0000500618,0.0000000000,0.0000000000,0.0004399736,0.0000000023,0.0000000000,-0.0030334366,-0.0000000783,-0.0000000000
0.4603333333,0.0000499469,0.0000000000,0.0000000000,0.0004394683,0.0000000023,0.0000000000,-0.0030299528,-0.0000000778,-0.0000000000
0.4605000000,0.0000498323,0.0000000000,0.0000000000,0.0004389636,0.0000000023,0.0000000000,-0.0030264731,-0.0000000774,-0.0000000000
0.4606666667,0.0000497179,0.0000000000,0.0000000000,0.0004384595,0.0000000023,0.0000000000,-0.0030229974,-0.0000000769,-0.0000000000
0.4608333333,0.0000496037,0.0000000000,0.0000000000,0.0004379560,0.0000000023,0.0000000000,-0.0030195256,-0.0000000765,-0.0000000000
0.4610000000,0.0000494899,0.0000000000,0.0000000000,0.0004374530,0.0000000022,0.0000000000,-0.0030160579,-0.0000000761,-0.0000000000
0.4611666667,0.0000493763,0.0000000000,0.0000000000,0.0004369506,0.0000000022,0.0000000000,-0.0030125941,-0.0000000756,-0.0000000000
0.4613333333,0.0000492629,0.0000000000,0.0000000000,0.0004364488,0.0000000022,0.0000000000,-0.0030091343,-0.0000000752,-0.0000000000
0.4615000000,0.0000491498,0.0000000000,0.0000000000,0.0004359476,0.0000000022,0.0000000000,-0.0030056785,-0.0000000748,-0.0000000000
0.4616666667,0.0000490370,0.0000000000,0.0000000000,0.0004354469,0.0000000022,0.0000000000,-0.0030022267,-0.0000000744,-0.0000000000
0.4618333333,0.0000489244,0.0000000000,0.0000000000,0.0004349468,0.0000000022,0.0000000000,-0.0029987788,-0.0000000739,-0.0000000000
0.4620000000,0.0000488121,0.0000000000,0.0000000000,0.0004344473,0.0000000022,0.0000000000,-0.0029953349,-0.0000000735,-0.0000000000
0.4621666667,0.0000487001,0.0000000000,0.0000000000,0.0004339484,0.0000000022,0.0000000000,-0.0029918949,-0.0000000731,-0.0000000000
0.4623333333,0.0000485883,0.0000000000,0.0000000000,0.0004334500,0.0000000021,0.0000000000,-0.0029884589,-0.0000000727,-0.0000000000
0.4625000000,0.0000484767,0.0000000000,0.0000000000,0.0004329522,0.0000000021,0.0000000000,-0.0029850268,-0.0000000723,-0.0000000000
0.4626666667,0.0000483655,0.0000000000,0.0000000000,0.0004324550,0.0000000021,0.0000000000,-0.0029815987,-0.0000000719,-0.0000000000
0.4628333333,0.0000482544,0.0000000000,0.0000000000,0.0004319583,0.0000000021,0.0000000000,-0.0029781745,-0.0000000715,-0.0000000000
0.4630000000,0.0000481437,0.0000000000,0.0000000000,0.0004314623,0.0000000021,0.0000000000,-0.0029747542,-0.0000000711,-0.0000000000
0.4631666667,0.0000480332,0.0000000000,0.0000000000,0.0004309667,0.0000000021,0.0000000000,-0.0029713379,-0.0000000707,-0.0000000000
0.4633333333,0.0000479229,0.0000000000,0.0000000000,0.0004304718,0.0000000021,0.0000000000,-0.0029679255,-0.0000000703,-0.0000000000
0.4635000000,0.0000478129,0.0000000000,0.0000000000,0.0004299774,0.0000000021,0.0000000000,-0.0029645170,-0.0000000699,-0.0000000000
0.4636666667,0.0000477031,0.0000000000,0.0000000000,0.0004294836,0.0000000020,0.0000000000,-0.0029611124,-0.0000000695,-0.0000000000
0.4638333333,0.0000475936,0.0000000000,0.0000000000,0.0004289904,0.0000000020,0.0000000000,-0.0029577118,-0.0000000691,-0.0000000000
0.4640000000,0.0000474844,0.0000000000,0.0000000000,0.0004284977,0.0000000020,0.0000000000,-0.0029543150,-0.0000000687,-0.0000000000
0.4641666667,0.0000473754,0.0000000000,0.0000000000,0.0004280056,0.0000000020,0.0000000000,-0.0029509221,-0.0000000683,-0.0000000000
0.4643333333,0.0000472666,0.0000000000,0.0000000000,0.0004275141,0.0000000020,0.0000000000,-0.0029475332,-0.0000000679,-0.0000000000
0.4645000000,0.0000471581,0.0000000000,0.0000000000,0.0004270231,0.0000000020,0.0000000000,-0.0029441481,-0.0000000675,-0.0000000000
0.4646666667,0.0000470498,0.0000000000,0.0000000000,0.0004265327,0.0000000020,0.0000000000,-0.0029407669,-0.0000000672,-0.0000000000
0.4648333333,0.0000469418,0.0000000000,0.0000000000,0.0004260428,0.0000000020,0.0000000000,-0.0029373896,-0.0000000668,-0.0000000000
0.4650000000,0.0000468341,0.0000000000,0.0000000000,0.0004255536,0.0000000020,0.0000000000,-0.0029340162,-0.0000000664,-0.0000000000
0.4651666667,0.0000467266,0.0000000000,0.0000000000,0.0004250648,0.0000000019,0.0000000000,-0.0029306466,-0.0000000660,-0.0000000000
0.4653333333,0.0000466193,0.0000000000,0.0000000000,0.0004245767,0.0000000019,0.0000000000,-0.0029272810,-0.0000000657,-0.0000000000
0.4655000000,0.0000465123,0.0000000000,0.0000000000,0.0004240891,0.0000000019,0.0000000000,-0.0029239192,-0.0000000653,-0.0000000000
0.4656666667,0.0000464055,0.0000000000,0.0000000000,0.0004236020,0.0000000019,0.0000000000,-0.0029205612,-0.0000000649,-0.0000000000
0.4658333333,0.0000462990,0.0000000000,0.0000000000,0.0004231155,0.0000000019,0.0000000000,-0.0029172071,-0.0000000646,-0.0000000000
0.4660000000,0.0000461927,0.0000000000,0.0000000000,0.0004226296,0.0000000019,0.0000000000,-0.0029138569,-0.0000000642,-0.0000000000
0.4661666667,0.0000460867,0.0000000000,0.0000000000,0.0004221443,0.0000000019,0.0000000000,-0.0029105105,-0.0000000638,-0.0000000000
0.4663333333,0.0000459809,0.0000000000,0.0000000000,0.0004216594,0.0000000019,0.0000000000,-0.0029071679,-0.0000000635,-0.0000000000
0.4665000000,0.0000458753,0.0000000000,0.0000000000,0.0004211752,0.0000000019,0.0000000000,-0.0029038292,-0.0000000631,-0.0000000000
0.4666666667,0.0000457700,0.0000000000,0.0000000000,0.0004206915,0.0000000018,0.0000000000,-0.0029004943,-0.0000000628,-0.0000000000
0.4668333333,0.0000456649,0.0000000000,0.0000000000,0.0004202084,0.0000000018,0.0000000000,-0.0028971633,-0.0000000624,-0.0000000000
0.4670000000,0.0000455601,0.0000000000,0.0000000000,0.0004197258,0.0000000018,0.0000000000,-0.0028938361,-0.0000000620,-0.0000000000
0.4671666667,0.0000454555,0.0000000000,0.0000000000,0.0004192437,0.0000000018,0.0000000000,-0.0028905127,-0.0000000617,-0.0000000000
0.4673333333,0.0000453512,0.0000000000,0.0000000000,0.0004187623,0.0000000018,0.0000000000,-0.0028871931,-0.0000000613,-0.0000000000
0.4675000000,0.0000452471,0.0000000000,0.0000000000,0.0004182813,0.0000000018,0.0000000000,-0.0028838773,-0.0000000610,-0.0000000000
0.4676666667,0.0000451432,0.0000000000,0.0000000000,0.0004178010,0.0000000018,0.0000000000,-0.0028805653,-0.0000000607,-0.0000000000
0.4678333333,0.0000450396,0.0000000000,0.0000000000,0.0004173212,0.0000000018,0.0000000000,-0.0028772572,-0.0000000603,-0.0000000000
0.4680000000,0.0000449362,0.0000000000,0.0000000000,0.0004168419,0.0000000018,0.0000000000,-0.0028739528,-0.0000000600,-0.0000000000
0.4681666667,0.0000448330,0.0000000000,0.0000000000,0.0004163632,0.0000000018,0.0000000000,-0.0028706522,-0.0000000596,-0.0000000000
0.4683333333,0.0000447301,0.0000000000,0.0000000000,0.0004158850,0.0000000017,0.0000000000,-0.0028673555,-0.0000000593,-0.0000000000
0.4685000000,0.0000446274,0.0000000000,0.0000000000,0.0004154074,0.0000000017,0.0000000000,-0.0028640625,-0.0000000590,-0.0000000000
0.4686666667,0.0000445250,0.0000000000,0.0000000000,0.0004149303,0.0000000017,0.0000000000,-0.0028607733,-0.0000000586,-0.0000000000
0.4688333333,0.0000444228,0.0000000000,0.0000000000,0.0004144538,0.0000000017,0.0000000000,-0.0028574878,-0.0000000583,-0.0000000000
0.4690000000,0.0000443208,0.0000000000,0.0000000000,0.0004139778,0.0000000017,0.0000000000,-0.0028542062,-0.0000000580,-0.0000000000
0.4691666667,0.0000442191,0.0000000000,0.0000000000,0.0004135024,0.0000000017,0.0000000000,-0.0028509283,-0.0000000576,-0.0000000000
0.4693333333,0.0000441176,0.0000000000,0.0000000000,0.0004130275,0.0000000017,0.0000000000,-0.0028476542,-0.0000000573,-0.0000000000
0.4695000000,0.0000440163,0.0000000000,0.0000000000,0.0004125532,0.0000000017,0.0000000000,-0.0028443838,-0.0000000570,-0.0000000000
0.4696666667,0.0000439152,0.0000000000,0.0000000000,0.0004120794,0.0000000017,0.0000000000,-0.0028411172,-0.0000000567,-0.0000000000
0.4698333333,0.0000438144,0.0000000000,0.0000000000,0.0004116061,0.0000000017,0.0000000000,-0.0028378543,-0.0000000564,-0.0000000000
0.4700000000,0.0000437139,0.0000000000,0.0000000000,0.0004111334,0.0000000017,0.0000000000,-0.0028345952,-0.0000000560,-0.0000000000
0.4701666667,0.0000436135,0.0000000000,0.0000000000,0.0004106612,0.0000000016,0.0000000000,-0.0028313398,-0.0000000557,-0.0000000000
0.4703333333,0.0000435134,0.0000000000,0.0000000000,0.0004101896,0.0000000016,0.0000000000,-0.0028280882,-0.0000000554,-0.0000000000
0.4705000000,0.0000434135,0.0000000000,0.0000000000,0.0004097185,0.0000000016,0.0000000000,-0.0028248403,-0.0000000551,-0.0000000000
0.4706666667,0.0000433138,0.0000000000,0.0000000000,0.0004092480,0.0000000016,0.0000000000,-0.0028215962,-0.0000000548,-0.0000000000
0.4708333333,0.0000432144,0.0000000000,0.0000000000,0.0004087780,0.0000000016,0.0000000000,-0.0028183557,-0.0000000545,-0.0000000000
0.4710000000,0.0000431152,0.0000000000,0.0000000000,0.0004083085,0.0000000016,0.0000000000,-0.0028151190,-0.0000000542,-0.0000000000
0.4711666667,0.0000430162,0.0000000000,0.0000000000,0.0004078396,0.0000000016,0.0000000000,-0.0028118860,-0.0000000539,-0.0000000000
0.4713333333,0.0000429175,0.0000000000,0.0000000000,0.0004073713,0.0000000016,0.0000000000,-0.0028086567,-0.0000000536,-0.0000000000
0.4715000000,0.0000428190,0.0000000000,0.0000000000,0.0004069034,0.0000000016,0.0000000000,-0.0028054311,-0.0000000533,-0.0000000000
0.4716666667,0.0000427207,0.0000000000,0.0000000000,0.0004064361,0.0000000016,0.0000000000,-0.0028022093,-0.0000000530,-0.0000000000
0.4718333333,0.0000426226,0.0000000000,0.0000000000,0.0004059693,0.0000000016,0.0000000000,-0.0027989911,-0.0000000527,-0.0000000000
0.4720000000,0.0000425248,0.0000000000,0.0000000000,0.0004055031,0.0000000015,0.0000000000,-0.0027957766,-0.0000000524,-0.0000000000
0.4721666667,0.0000424271,0.0000000000,0.0000000000,0.0004050374,0.0000000015,0.0000000000,-0.0027925658,-0.0000000521,-0.0000000000
0.4723333333,0.0000423298,0.0000000000,0.0000000000,0.0004045722,0.0000000015,0.0000000000,-0.0027893587,-0.0000000518,-0.0000000000
0.4725000000,0.0000422326,0.0000000000,0.0000000000,0.0004041076,0.0000000015,0.0000000000,-0.0027861553,-0.0000000515,-0.0000000000
0.4726666667,0.0000421356,0.0000000000,0.0000000000,0.0004036435,0.0000000015,0.0000000000,-0.0027829556,-0.0000000512,-0.0000000000
0.4728333333,0.0000420389,0.0000000000,0.0000000000,0.0004031800,0.0000000015,0.0000000000,-0.0027797595,-0.0000000509,-0.0000000000
0.4730000000,0.0000419424,0.0000000000,0.0000000000,0.0004027169,0.0000000015,0.0000000000,-0.0027765671,-0.0000000506,-0.0000000000
0.4731666667,0.0000418461,0.0000000000,0.0000000000,0.0004022544,0.0000000015,0.0000000000,-0.0027733784,-0.0000000503,-0.0000000000
0.4733333333,0.0000417501,0.0000000000,0.0000000000,0.0004017925,0.0000000015,0.0000000000,-0.0027701933,-0.0000000500,-0.0000000000
0.4735000000,0.0000416542,0.0000000000,0.0000000000,0.0004013310,0.0000000015,0.0000000000,-0.0027670119,-0.0000000498,-0.0000000000
0.4736666667,0.0000415586,0.0000000000,0.0000000000,0.0004008701,0.0000000015,0.0000000000,-0.0027638342,-0.0000000495,-0.0000000000
0.4738333333,0.0000414632,0.0000000000,0.0000000000,0.0004004098,0.0000000014,0.0000000000,-0.0027606601,-0.0000000492,-0.0000000000
0.4740000000,0.0000413680,0.0000000000,0.0000000000,0.0003999499,0.0000000014,0.0000000000,-0.0027574896,-0.0000000489,-0.0000000000
0.4741666667,0.0000412731,0.0000000000,0.0000000000,0.0003994906,0.0000000014,0.0000000000,-0.0027543228,-0.0000000486,-0.0000000000
0.4743333333,0.0000411783,0.0000000000,0.0000000000,0.0003990318,0.0000000014,0.0000000000,-0.0027511596,-0.0000000484,-0.0000000000
0.4745000000,0.0000410838,0.0000000000,0.0000000000,0.0003985735,0.0000000014,0.0000000000,-0.0027480001,-0.0000000481,-0.0000000000
0.4746666667,0.0000409895,0.0000000000,0.0000000000,0.0003981158,0.0000000014,0.0000000000,-0.0027448441,-0.0000000478,-0.0000000000
0.4748333333,0.0000408954,0.0000000000,0.0000000000,0.0003976586,0.0000000014,0.0000000000,-0.0027416918,-0.0000000476,-0.0000000000
0.4750000000,0.0000408015,0.0000000000,0.0000000000,0.0003972019,0.0000000014,0.0000000000,-0.0027385432,-0.0000000473,-0.0000000000
0.4751666667,0.0000407078,0.0000000000,0.0000000000,0.0003967457,0.0000000014,0.0000000000,-0.0027353981,-0.0000000470,-0.0000000000
0.4753333333,0.0000406144,0.0000000000,0.0000000000,0.0003962901,0.0000000014,0.0000000000,-0.0027322567,-0.0000000468,-0.0000000000
0.4755000000,0.0000405212,0.0000000000,0.0000000000,0.0003958350,0.0000000014,0.0000000000,-0.0027291188,-0.0000000465,-0.0000000000
0.4756666667,0.0000404281,0.0000000000,0.0000000000,0.0003953804,0.0000000014,0.0000000000,-0.0027259846,-0.0000000462,-0.0000000000
0.4758333333,0.0000403353,0.0000000000,0.0000000000,0.0003949263,0.0000000014,0.0000000000,-0.0027228540,-0.0000000460,-0.0000000000
0.4760000000,0.0000402427,0.0000000000,0.0000000000,0.0003944728,0.0000000013,0.0000000000,-0.0027197269,-0.0000000457,-0.0000000000
0.4761666667,0.0000401504,0.0000000000,0.0000000000,0.0003940197,0.0000000013,0.0000000000,-0.0027166035,-0.0000000455,-0.0000000000
0.4763333333,0.0000400582,0.0000000000,0.0000000000,0.0003935672,0.0000000013,0.0000000000,-0.0027134836,-0.0000000452,-0.0000000000
0.4765000000,0.0000399662,0.0000000000,0.0000000000,0.0003931152,0.0000000013,0.0000000000,-0.0027103673,-0.0000000449,-0.0000000000
0.4766666667,0.0000398745,0.0000000000,0.0000000000,0.0003926638,0.0000000013,0.0000000000,-0.0027072546,-0.0000000447,-0.0000000000
0.4768333333,0.0000397830,0.0000000000,0.0000000000,0.0003922128,0.0000000013,0.0000000000,-0.0027041455,-0.0000000444,-0.0000000000
0.4770000000,0.0000396916,0.0000000000,0.0000000000,0.0003917624,0.0000000013,0.0000000000,-0.0027010400,-0.0000000442,-0.0000000000
0.4771666667,0.0000396005,0.0000000000,0.0000000000,0.0003913125,0.0000000013,0.0000000000,-0.0026979380,-0.0000000439,-0.0000000000
0.4773333333,0.0000395096,0.0000000000,0.0000000000,0.0003908631,0.0000000013,0.0000000000,-0.0026948395,-0.0000000437,-0.0000000000
0.4775000000,0.0000394189,0.0000000000,0.0000000000,0.0003904142,0.0000000013,0.0000000000,-0.0026917447,-0.0000000434,-0.0000000000
0.4776666667,0.0000393284,0.0000000000,0.0000000000,0.0003899658,0.0000000013,0.0000000000,-0.0026886534,-0.0000000432,-0.0000000000
0.4778333333,0.0000392382,0.0000000000,0.0000000000,0.0003895180,0.0000000013,0.0000000000,-0.0026855656,-0.0000000429,-0.0000000000
0.4780000000,0.0000391481,0.0000000000,0.0000000000,0.0003890706,0.0000000013,0.0000000000,-0.0026824814,-0.0000000427,-0.0000000000
0.4781666667,0.0000390582,0.0000000000,0.0000000000,0.0003886238,0.0000000013,0.0000000000,-0.0026794007,-0.0000000425,-0.0000000000
0.4783333333,0.0000389686,0.0000000000,0.0000000000,0.0003881775,0.0000000012,0.0000000000,-0.0026763236,-0.0000000422,-0.0000000000
0.4785000000,0.0000388791,0.0000000000,0.0000000000,0.0003877317,0.0000000012,0.0000000000,-0.0026732500,-0.0000000420,-0.0000000000
0.4786666667,0.0000387898,0.0000000000,0.0000000000,0.0003872864,0.0000000012,0.0000000000,-0.0026701799,-0.0000000418,-0.0000000000
0.4788333333,0.0000387008,0.0000000000,0.0000000000,0.0003868416,0.0000000012,0.0000000000,-0.0026671134,-0.0000000415,-0.0000000000
0.4790000000,0.0000386120,0.0000000000,0.0000000000,0.0003863974,0.0000000012,0.0000000000,-0.0026640503,-0.0000000413,-0.0000000000
0.4791666667,0.0000385233,0.0000000000,0.0000000000,0.0003859536,0.0000000012,0.0000000000,-0.0026609908,-0.0000000410,-0.0000000000
0.4793333333,0.0000384349,0.0000000000,0.0000000000,0.0003855104,0.0000000012,0.0000000000,-0.0026579348,-0.0000000408,-0.0000000000
0.4795000000,0.0000383467,0.0000000000,0.0000000000,0.0003850676,0.0000000012,0.0000000000,-0.0026548824,-0.0000000406,-0.0000000000
0.4796666667,0.0000382586,0.0000000000,0.0000000000,0.0003846254,0.0000000012,0.0000000000,-0.0026518334,-0.0000000404,-0.0000000000
0.4798333333,0.0000381708,0.0000000000,0.0000000000,0.0003841837,0.0000000012,0.0000000000,-0.0026487879,-0.0000000401,-0.0000000000
0.4800000000,0.0000380832,0.0000000000,0.0000000000,0.0003837425,0.0000000012,0.0000000000,-0.0026457459,-0.0000000399,-0.0000000000
0.4801666667,0.0000379958,0.0000000000,0.0000000000,0.0003833017,0.0000000012,0.0000000000,-0.0026427074,-0.0000000397,-0.0000000000
0.4803333333,0.0000379085,0.0000000000,0.0000000000,0.0003828615,0.0000000012,0.0000000000,-0.0026396724,-0.0000000395,-0.0000000000
0.4805000000,0.0000378215,0.0000000000,0.0000000000,0.0003824219,0.0000000012,0.0000000000,-0.0026366409,-0.0000000392,-0.0000000000
0.4806666667,0.0000377347,0.0000000000,0.0000000000,0.0003819827,0.0000000011,0.0000000000,-0.0026336129,-0.0000000390,-0.0000000000
0.4808333333,0.0000376481,0.0000000000,0.0000000000,0.0003815440,0.0000000011,0.0000000000,-0.0026305883,-0.0000000388,-0.0000000000
0.4810000000,0.0000375617,0.0000000000,0.0000000000,0.0003811058,0.0000000011,0.0000000000,-0.0026275673,-0.0000000386,-0.0000000000
0.4811666667,0.0000374754,0.0000000000,0.0000000000,0.0003806681,0.0000000011,0.0000000000,-0.0026245497,-0.0000000384,-0.0000000000
0.4813333333,0.0000373894,0.0000000000,0.0000000000,0.0003802309,0.0000000011,0.0000000000,-0.0026215355,-0.0000000381,-0.0000000000
0.4815000000,0.0000373036,0.0000000000,0.0000000000,0.0003797943,0.0000000011,0.0000000000,-0.0026185248,-0.0000000379,-0.0000000000
0.4816666667,0.0000372179,0.0000000000,0.0000000000,0.0003793581,0.0000000011,0.0000000000,-0.0026155176,-0.0000000377,-0.0000000000
0.4818333333,0.0000371325,0.0000000000,0.0000000000,0.0003789224,0.0000000011,0.0000000000,-0.0026125138,-0.0000000375,-0.0000000000
0.4820000000,0.0000370473,0.0000000000,0.0000000000,0.0003784873,0.0000000011,0.0000000000,-0.0026095135,-0.0000000373,-0.0000000000
0.4821666667,0.0000369622,0.0000000000,0.0000000000,0.0003780526,0.0000000011,0.0000000000,-0.0026065167,-0.0000000371,-0.0000000000
0.4823333333,0.0000368774,0.0000000000,0.0000000000,0.0003776184,0.0000000011,0.0000000000,-0.0026035232,-0.0000000369,-0.0000000000
0.4825000000,0.0000367927,0.0000000000,0.0000000000,0.0003771847,0.0000000011,0.0000000000,-0.0026005332,-0.0000000367,-0.0000000000
0.4826666667,0.0000367083,0.0000000000,0.0000000000,0.0003767516,0.0000000011,0.0000000000,-0.0025975467,-0.0000000364,-0.0000000000
0.4828333333,0.0000366240,0.0000000000,0.0000000000,0.0003763189,0.0000000011,0.0000000000,-0.0025945635,-0.0000000362,-0.0000000000
0.4830000000,0.0000365399,0.0000000000,0.0000000000,0.0003758867,0.0000000011,0.0000000000,-0.0025915838,-0.0000000360,-0.0000000000
0.4831666667,0.0000364560,0.0000000000,0.0000000000,0.0003754550,0.0000000011,0.0000000000,-0.0025886075,-0.0000000358,-0.0000000000
0.4833333333,0.0000363723,0.0000000000,0.0000000000,0.0003750238,0.0000000010,0.0000000000,-0.0025856347,-0.0000000356,-0.0000000000
0.4835000000,0.0000362889,0.0000000000,0.0000000000,0.0003745931,0.0000000010,0.0000000000,-0.0025826652,-0.0000000354,-0.0000000000
0.4836666667,0.0000362055,0.0000000000,0.0000000000,0.0003741630,0.0000000010,0.0000000000,-0.0025796992,-0.0000000352,-0.0000000000
0.4838333333,0.0000361224,0.0000000000,0.0000000000,0.0003737332,0.0000000010,0.0000000000,-0.0025767366,-0.0000000350,-0.0000000000
0.4840000000,0.0000360395,0.0000000000,0.0000000000,0.0003733040,0.0000000010,0.0000000000,-0.0025737773,-0.0000000348,-0.0000000000
0.4841666667,0.0000359568,0.0000000000,0.0000000000,0.0003728753,0.0000000010,0.0000000000,-0.0025708215,-0.0000000346,-0.0000000000
0.4843333333,0.0000358742,0.0000000000,0.0000000000,0.0003724471,0.0000000010,0.0000000000,-0.0025678690,-0.0000000344,-0.0000000000
0.4845000000,0.0000357919,0.0000000000,0.0000000000,0.0003720194,0.0000000010,0.0000000000,-0.0025649200,-0.0000000342,-0.0000000000
0.4846666667,0.0000357097,0.0000000000,0.0000000000,0.0003715921,0.0000000010,0.0000000000,-0.0025619743,-0.0000000341,-0.0000000000
0.4848333333,0.0000356278,0.0000000000,0.0000000000,0.0003711654,0.0000000010,-0.0000000000,-0.0025590321,-0.0000000339,-0.0000000000
0.4850000000,0.0000355460,0.0000000000,0.0000000000,0.0003707391,0.0000000010,0.0000000000,-0.0025560932,-0.0000000337,-0.0000000000
0.4851666667,0.0000354644,0.0000000000,0.0000000000,0.0003703133,0.0000000010,-0.0000000000,-0.0025531576,-0.0000000335,-0.0000000000
0.4853333333,0.0000353830,0.0000000000,0.0000000000,0.0003698880,0.0000000010,-0.0000000000,-0.0025502255,-0.0000000333,-0.0000000000
0.4855000000,0.0000353017,0.0000000000,0.0000000000,0.0003694633,0.0000000010,-0.0000000000,-0.0025472967,-0.0000000331,-0.0000000000
0.4856666667,0.0000352207,0.0000000000,0.0000000000,0.0003690389,0.0000000010,-0.0000000000,-0.0025443713,-0.0000000329,-0.0000000000
0.4858333333,0.0000351398,0.0000000000,0.0000000000,0.0003686151,0.0000000010,-0.0000000000,-0.0025414492,-0.0000000327,-0.0000000000
0.4860000000,0.0000350592,0.0000000000,0.0000000000,0.0003681918,0.0000000010,-0.0000000000,-0.0025385305,-0.0000000325,-0.0000000000
0.4861666667,0.0000349787,0.0000000000,0.0000000000,0.0003677689,0.0000000010,-0.0000000000,-0.0025356151,-0.0000000324,-0.0000000000
0.4863333333,0.0000348984,0.0000000000,0.0000000000,0.0003673466,0.0000000009,-0.0000000000,-0.0025327031,-0.0000000322,-0.0000000000
0.4865000000,0.0000348183,0.0000000000,0.0000000000,0.0003669247,0.0000000009,-0.0000000000,-0.0025297945,-0.0000000320,-0.0000000000
0.4866666667,0.0000347384,0.0000000000,0.0000000000,0.0003665033,0.0000000009,-0.0000000000,-0.0025268892,-0.0000000318,-0.0000000000
0.4868333333,0.0000346586,0.0000000000,0.0000000000,0.0003660824,0.0000000009,-0.0000000000,-0.0025239872,-0.0000000316,-0.0000000000
0.4870000000,0.0000345791,0.0000000000,0.0000000000,0.0003656620,0.0000000009,-0.0000000000,-0.0025210885,-0.0000000315,-0.0000000000
0.4871666667,0.0000344997,0.0000000000,0.0000000000,0.0003652420,0.0000000009,-0.0000000000,-0.0025181932,-0.0000000313,-0.0000000000
0.4873333333,0.0000344205,0.0000000000,0.0000000000,0.0003648226,0.0000000009,-0.0000000000,-0.0025153012,-0.0000000311,-0.0000000000
0.4875000000,0.0000343415,0.0000000000,0.0000000000,0.0003644036,0.0000000009,-0.0000000000,-0.0025124125,-0.0000000309,-0.0000000000
0.4876666667,0.0000342626,0.0000000000,0.0000000000,0.0003639851,0.0000000009,-0.0000000000,-0.0025095272,-0.0000000308,-0.0000000000
0.4878333333,0.0000341840,0.0000000000,0.0000000000,0.0003635671,0.0000000009,-0.0000000000,-0.0025066451,-0.0000000306,-0.0000000000
0.4880000000,0.0000341055,0.0000000000,0.0000000000,0.0003631496,0.0000000009,-0.0000000000,-0.0025037664,-0.0000000304,-0.0000000000
0.4881666667,0.0000340272,0.0000000000,0.0000000000,0.0003627325,0.0000000009,-0.0000000000,-0.0025008909,-0.0000000302,-0.0000000000
0.4883333333,0.0000339491,0.0000000000,0.0000000000,0.0003623159,0.0000000009,-0.0000000000,-0.0024980188,-0.0000000301,-0.0000000000
0.4885000000,0.0000338712,0.0000000000,0.0000000000,0.0003618998,0.0000000009,-0.0000000000,-0.0024951500,-0.0000000299,-0.0000000000
0.4886666667,0.0000337934,0.0000000000,0.0000000000,0.0003614842,0.0000000009,-0.0000000000,-0.0024922845,-0.0000000297,-0.0000000000
0.4888333333,0.0000337159,0.0000000000,0.0000000000,0.0003610691,0.0000000009,-0.0000000000,-0.0024894222,-0.0000000296,-0.0000000000
0.4890000000,0.0000336385,0.0000000000,0.0000000000,0.0003606544,0.0000000009,-0.0000000000,-0.0024865633,-0.0000000294,-0.0000000000
0.4891666667,0.0000335612,0.0000000000,0.0000000000,0.0003602402,0.0000000009,-0.0000000000,-0.0024837076,-0.0000000292,-0.0000000000
0.4893333333,0.0000334842,0.0000000000,0.0000000000,0.0003598265,0.0000000009,-0.0000000000,-0.0024808552,-0.0000000291,-0.0000000000
0.4895000000,0.0000334073,0.0000000000,0.0000000000,0.0003594132,0.0000000009,-0.0000000000,-0.0024780061,-0.0000000289,-0.0000000000
0.4896666667,0.0000333306,0.0000000000,0.0000000000,0.0003590005,0.0000000008,-0.0000000000,-0.0024751602,-0.0000000287,-0.0000000000
0.4898333333,0.0000332541,0.0000000000,0.0000000000,0.0003585882,0.0000000008,-0.0000000000,-0.0024723176,-0.0000000286,-0.0000000000
0.4900000000,0.0000331778,0.0000000000,0.0000000000,0.0003581764,0.0000000008,-0.0000000000,-0.0024694783,-0.0000000284,-0.0000000000
0.4901666667,0.0000331016,0.0000000000,0.0000000000,0.0003577650,0.0000000008,-0.0000000000,-0.0024666423,-0.0000000283,-0.0000000000
0.4903333333,0.0000330256,0.0000000000,0.0000000000,0.0003573542,0.0000000008,-0.0000000000,-0.0024638095,-0.0000000281,-0.0000000000
0.4905000000,0.0000329498,0.0000000000,0.0000000000,0.0003569438,0.0000000008,-0.0000000000,-0.0024609799,-0.0000000279,-0.0000000000
0.4906666667,0.0000328742,0.0000000000,0.0000000000,0.0003565338,0.0000000008,-0.0000000000,-0.0024581537,-0.0000000278,-0.0000000000
0.4908333333,0.0000327987,0.0000000000,0.0000000000,0.0003561244,0.0000000008,-0.0000000000,-0.0024553306,-0.0000000276,-0.0000000000
0.4910000000,0.0000327234,0.0000000000,0.0000000000,0.0003557154,0.0000000008,-0.0000000000,-0.0024525108,-0.0000000275,-0.0000000000
0.4911666667,0.0000326483,0.0000000000,0.0000000000,0.0003553069,0.0000000008,-0.0000000000,-0.0024496942,-0.0000000273,-0.0000000000
0.4913333333,0.0000325734,0.0000000000,0.0000000000,0.0003548988,0.0000000008,-0.0000000000,-0.0024468809,-0.0000000272,-0.0000000000
0.4915000000,0.0000324986,0.0000000000,0.0000000000,0.0003544912,0.0000000008,-0.0000000000,-0.0024440708,-0.0000000270,-0.0000000000
0.4916666667,0.0000324240,0.0000000000,0.0000000000,0.0003540841,0.0000000008,-0.0000000000,-0.0024412639,-0.0000000269,-0.0000000000
0.4918333333,0.0000323496,0.0000000000,0.0000000000,0.0003536775,0.0000000008,-0.0000000000,-0.0024384603,-0.0000000267,-0.0000000000
0.4920000000,0.0000322753,0.0000000000,0.0000000000,0.0003532713,0.0000000008,-0.0000000000,-0.0024356599,-0.0000000265,-0.0000000000
0.4921666667,0.0000322012,0.0000000000,0.0000000000,0.0003528656,0.0000000008,-0.0000000000,-0.0024328626,-0.0000000264,-0.0000000000
0.4923333333,0.0000321273,0.0000000000,0.0000000000,0.0003524603,0.0000000008,-0.0000000000,-0.0024300686,-0.0000000262,-0.0000000000
0.4925000000,0.0000320535,0.0000000000,0.0000000000,0.0003520556,0.0000000008,-0.0000000000,-0.0024272778,-0.0000000261,-0.0000000000
0.4926666667,0.0000319800,0.0000000000,0.0000000000,0.0003516512,0.0000000008,-0.0000000000,-0.0024244903,-0.0000000260,-0.0000000000
0.4928333333,0.0000319065,0.0000000000,0.0000000000,0.0003512474,0.0000000008,-0.0000000000,-0.0024217059,-0.0000000258,-0.0000000000
0.4930000000,0.0000318333,0.0000000000,0.0000000000,0.0003508440,0.0000000008,-0.0000000000,-0.0024189247,-0.0000000257,-0.0000000000
0.4931666667,0.0000317602,0.0000000000,0.0000000000,0.0003504411,0.0000000008,-0.0000000000,-0.0024161467,-0.0000000255,-0.0000000000
0.4933333333,0.0000316873,0.0000000000,0.0000000000,0.0003500386,0.0000000007,-0.0000000000,-0.0024133719,-0.0000000254,-0.0000000000
0.4935000000,0.0000316146,0.0000000000,0.0000000000,0.0003496366,0.0000000007,-0.0000000000,-0.0024106003,-0.0000000252,-0.0000000000
0.4936666667,0.0000315420,0.0000000000,0.0000000000,0.0003492351,0.0000000007,-0.0000000000,-0.0024078318,-0.0000000251,-0.0000000000
0.4938333333,0.0000314696,0.0000000000,0.0000000000,0.0003488340,0.0000000007,-0.0000000000,-0.0024050666,-0.0000000249,-0.0000000000
0.4940000000,0.0000313974,0.0000000000,0.0000000000,0.0003484334,0.0000000007,-0.0000000000,-0.0024023045,-0.0000000248,-0.0000000000
0.4941666667,0.0000313253,0.0000000000,0.0000000000,0.0003480332,0.0000000007,-0.0000000000,-0.0023995456,-0.0000000247,-0.0000000000
0.4943333333,0.0000312534,0.0000000000,0.0000000000,0.0003476335,0.0000000007,-0.0000000000,-0.0023967899,-0.0000000245,-0.0000000000
0.4945000000,0.0000311816,0.0000000000,0.0000000000,0.0003472343,0.0000000007,-0.0000000000,-0.0023940373,-0.0000000244,-0.0000000000
0.4946666667,0.0000311101,0.0000000000,0.0000000000,0.0003468355,0.0000000007,-0.0000000000,-0.0023912879,-0.0000000242,-0.0000000000
0.4948333333,0.0000310386,0.0000000000,0.0000000000,0.0003464372,0.0000000007,-0.0000000000,-0.0023885416,-0.0000000241,-0.0000000000
0.4950000000,0.0000309674,0.0000000000,0.0000000000,0.0003460393,0.0000000007,-0.0000000000,-0.0023857985,-0.0000000240,-0.0000000000
0.4951666667,0.0000308963,0.0000000000,0.0000000000,0.0003456419,0.0000000007,-0.0000000000,-0.0023830586,-0.0000000238,-0.0000000000
0.4953333333,0.0000308254,0.0000000000,0.0000000000,0.0003452450,0.0000000007,-0.0000000000,-0.0023803218,-0.0000000237,-0.0000000000
0.4955000000,0.0000307546,0.0000000000,0.0000000000,0.0003448485,0.0000000007,-0.0000000000,-0.0023775881,-0.0000000236,-0.0000000000
0.4956666667,0.0000306840,0.0000000000,0.0000000000,0.0003444525,0.0000000007,-0.0000000000,-0.0023748576,-0.0000000234,-0.0000000000
0.4958333333,0.0000306136,0.0000000000,0.0000000000,0.0003440569,0.0000000007,-0.0000000000,-0.0023721302,-0.0000000233,-0.0000000000
0.4960000000,0.0000305433,0.0000000000,0.0000000000,0.0003436617,0.0000000007,-0.0000000000,-0.0023694059,-0.0000000232,-0.0000000000
0.4961666667,0.0000304732,0.0000000000,0.0000000000,0.0003432671,0.0000000007,-0.0000000000,-0.0023666848,-0.0000000230,-0.0000000000
0.4963333333,0.0000304032,0.0000000000,0.0000000000,0.0003428728,0.0000000007,-0.0000000000,-0.0023639668,-0.0000000229,-0.0000000000
0.4965000000,0.0000303334,0.0000000000,0.0000000000,0.0003424791,0.0000000007,-0.0000000000,-0.0023612519,-0.0000000228,0.0000000000
0.4966666667,0.0000302638,0.0000000000,0.0000000000,0.0003420858,0.0000000007,-0.0000000000,-0.0023585402,-0.0000000227,0.0000000000
0.4968333333,0.0000301943,0.0000000000,0.0000000000,0.0003416929,0.0000000007,-0.0000000000,-0.0023558315,-0.0000000225,0.0000000000
0.4970000000,0.0000301250,0.0000000000,0.0000000000,0.0003413005,0.0000000007,-0.0000000000,-0.0023531260,-0.0000000224,0.0000000000
0.4971666667,0.0000300559,0.0000000000,0.0000000000,0.0003409085,0.0000000007,-0.0000000000,-0.0023504236,-0.0000000223,0.0000000000
0.4973333333,0.0000299869,0.0000000000,0.0000000000,0.0003405170,0.0000000007,-0.0000000000,-0.0023477242,-0.0000000222,0.0000000000
0.4975000000,0.0000299180,0.0000000000,0.0000000000,0.0003401259,0.0000000006,-0.0000000000,-0.0023450280,-0.0000000220,0.0000000000
0.4976666667,0.0000298494,0.0000000000,0.0000000000,0.0003397353,0.0000000006,-0.0000000000,-0.0023423349,-0.0000000219,0.0000000000
0.4978333333,0.0000297808,0.0000000000,0.0000000000,0.0003393452,0.0000000006,-0.0000000000,-0.0023396448,-0.0000000218,0.0000000000
0.4980000000,0.0000297125,0.0000000000,0.0000000000,0.0003389554,0.0000000006,-0.0000000000,-0.0023369579,-0.0000000217,0.0000000000
0.4981666667,0.0000296443,0.0000000000,0.0000000000,0.0003385662,0.0000000006,-0.0000000000,-0.0023342740,-0.0000000215,0.0000000000
0.4983333333,0.0000295762,0.0000000000,0.0000000000,0.0003381773,0.0000000006,-0.0000000000,-0.0023315933,-0.0000000214,0.0000000000
0.4985000000,0.0000295083,0.0000000000,0.0000000000,0.0003377890,0.0000000006,-0.0000000000,-0.0023289156,-0.0000000213,0.0000000000
0.4986666667,0.0000294406,0.0000000000,0.0000000000,0.0003374010,0.0000000006,-0.0000000000,-0.0023262409,-0.0000000212,0.0000000000
0.4988333333,0.0000293730,0.0000000000,0.0000000000,0.0003370135,0.0000000006,-0.0000000000,-0.0023235694,-0.0000000211,0.0000000000
0.4990000000,0.0000293056,0.0000000000,0.0000000000,0.0003366265,0.0000000006,-0.0000000000,-0.0023209009,-0.0000000209,0.0000000000
0.4991666667,0.0000292383,0.0000000000,0.0000000000,0.0003362399,0.0000000006,-0.0000000000,-0.0023182355,-0.0000000208,0.0000000000
0.4993333333,0.0000291712,0.0000000000,0.0000000000,0.0003358538,0.0000000006,-0.0000000000,-0.0023155731,-0.0000000207,0.0000000000
0.4995000000,0.0000291042,0.0000000000,0.0000000000,0.0003354681,0.0000000006,-0.0000000000,-0.0023129138,-0.0000000206,0.0000000000
0.4996666667,0.0000290374,0.0000000000,0.0000000000,0.0003350828,0.0000000006,-0.0000000000,-0.0023102576,-0.0000000205,0.0000000000
0.4998333333,0.0000289707,0.0000000000,0.0000000000,0.0003346980,0.0000000006,-0.0000000000,-0.0023076044,-0.0000000203,0.0000000000
0.5000000000,0.0000289042,0.0000000000,0.0000000000,0.0003343136,0.0000000006,-0.0000000000,-0.0023049542,-0.0000000202,0.0000000000
0.5001666667,0.0000288379,0.0000000000,0.0000000000,0.0003339296,0.0000000006,-0.0000000000,-0.0023023071,-0.0000000201,0.0000000000
0.5003333333,0.0000287717,0.0000000000,0.0000000000,0.0003335461,0.0000000006,-0.0000000000,-0.0022996631,-0.0000000200,0.0000000000
0.5005000000,0.0000287056,0.0000000000,0.0000000000,0.0003331631,0.0000000006,-0.0000000000,-0.0022970220,-0.0000000199,0.0000000000
0.5006666667,0.0000286398,0.0000000000,0.0000000000,0.0003327805,0.0000000006,-0.0000000000,-0.0022943840,-0.0000000198,0.0000000000
0.5008333333,0.0000285740,0.0000000000,0.0000000000,0.0003323983,0.0000000006,-0.0000000000,-0.0022917491,-0.0000000197,0.0000000000
0.5010000000,0.0000285084,0.0000000000,0.0000000000,0.0003320165,0.0000000006,-0.0000000000,-0.0022891171,-0.0000000196,0.0000000000
0.5011666667,0.0000284430,0.0000000000,0.0000000000,0.0003316352,0.0000000006,-0.0000000000,-0.0022864882,-0.0000000194,0.0000000000
0.5013333333,0.0000283777,0.0000000000,0.0000000000,0.0003312544,0.0000000006,-0.0000000000,-0.0022838623,-0.0000000193,0.0000000000
0.5015000000,0.0000283125,0.0000000000,0.0000000000,0.0003308740,0.0000000006,-0.0000000000,-0.0022812394,-0.0000000192,0.0000000000
0.5016666667,0.0000282475,0.0000000000,0.0000000000,0.0003304940,0.0000000006,-0.0000000000,-0.0022786196,-0.0000000191,0.0000000000
0.5018333333,0.0000281827,0.0000000000,0.0000000000,0.0003301144,0.0000000006,-0.0000000000,-0.0022760027,-0.0000000190,0.0000000000
0.5020000000,0.0000281180,0.0000000000,0.0000000000,0.0003297353,0.0000000006,-0.0000000000,-0.0022733888,-0.0000000189,0.0000000000
0.5021666667,0.0000280535,0.0000000000,0.0000000000,0.0003293566,0.0000000006,-0.0000000000,-0.0022707780,-0.0000000188,0.0000000000
0.5023333333,0.0000279891,0.0000000000,0.0000000000,0.0003289784,0.0000000006,-0.0000000000,-0.0022681701,-0.0000000187,0.0000000000
0.5025000000,0.0000279248,0.0000000000,0.0000000000,0.0003286006,0.0000000005,-0.0000000000,-0.0022655653,-0.0000000186,0.0000000000
0.5026666667,0.0000278607,0.0000000000,0.0000000000,0.0003282232,0.0000000005,-0.0000000000,-0.0022629634,-0.0000000185,0.0000000000
0.5028333333,0.0000277967,0.0000000000,0.0000000000,0.0003278462,0.0000000005,-0.0000000000,-0.0022603645,-0.0000000184,0.0000000000
0.5030000000,0.0000277329,0.0000000000,0.0000000000,0.0003274697,0.0000000005,-0.0000000000,-0.0022577686,-0.0000000183,0.0000000000
0.5031666667,0.0000276693,0.0000000000,0.0000000000,0.0003270936,0.0000000005,-0.0000000000,-0.0022551757,-0.0000000182,0.0000000000
0.5033333333,0.0000276058,0.0000000000,0.0000000000,0.0003267180,0.0000000005,-0.0000000000,-0.0022525858,-0.0000000181,0.0000000000
0.5035000000,0.0000275424,0.0000000000,0.0000000000,0.0003263428,0.0000000005,-0.0000000000,-0.0022499988,-0.0000000180,0.0000000000
0.5036666667,0.0000274792,0.0000000000,0.0000000000,0.0003259680,0.0000000005,-0.0000000000,-0.0022474148,-0.0000000179,0.0000000000
0.5038333333,0.0000274161,0.0000000000,0.0000000000,0.0003255936,0.0000000005,-0.0000000000,-0.0022448338,-0.0000000178,0.0000000000
0.5040000000,0.0000273531,0.0000000000,0.0000000000,0.0003252197,0.0000000005,-0.0000000000,-0.0022422557,-0.0000000177,0.0000000000
0.5041666667,0.0000272904,0.0000000000,0.0000000000,0.0003248462,0.0000000005,-0.0000000000,-0.0022396806,-0.0000000176,0.0000000000
0.5043333333,0.0000272277,0.0000000000,0.0000000000,0.0003244731,0.0000000005,-0.0000000000,-0.0022371085,-0.0000000175,0.0000000000
0.5045000000,0.0000271652,0.0000000000,0.0000000000,0.0003241005,0.0000000005,-0.0000000000,-0.0022345393,-0.0000000174,0.0000000000
0.5046666667,0.0000271028,0.0000000000,0.0000000000,0.0003237283,0.0000000005,-0.0000000000,-0.0022319730,-0.0000000173,0.0000000000
0.5048333333,0.0000270406,0.0000000000,0.0000000000,0.0003233565,0.0000000005,-0.0000000000,-0.0022294098,-0.0000000172,0.0000000000
0.5050000000,0.0000269786,0.0000000000,0.0000000000,0.0003229852,0.0000000005,-0.0000000000,-0.0022268494,-0.0000000171,0.0000000000
0.5051666667,0.0000269166,0.0000000000,0.0000000000,0.0003226142,0.0000000005,-0.0000000000,-0.0022242920,-0.0000000170,0.0000000000
0.5053333333,0.0000268548,0.0000000000,0.0000000000,0.0003222437,0.0000000005,-0.0000000000,-0.0022217375,-0.0000000169,0.0000000000
0.5055000000,0.0000267932,0.0000000000,0.0000000000,0.0003218736,0.0000000005,-0.0000000000,-0.0022191860,-0.0000000168,0.0000000000
0.5056666667,0.0000267317,0.0000000000,0.0000000000,0.0003215040,0.0000000005,-0.0000000000,-0.0022166374,-0.0000000167,0.0000000000
0.5058333333,0.0000266703,0.0000000000,0.0000000000,0.0003211348,0.0000000005,-0.0000000000,-0.0022140917,-0.0000000166,0.0000000000
0.5060000000,0.0000266091,0.0000000000,0.0000000000,0.0003207660,0.0000000005,-0.0000000000,-0.0022115490,-0.0000000165,0.0000000000
0.5061666667,0.0000265480,0.0000000000,0.0000000000,0.0003203976,0.0000000005,-0.0000000000,-0.0022090091,-0.0000000164,0.0000000000
0.5063333333,0.0000264871,0.0000000000,0.0000000000,0.0003200296,0.0000000005,-0.0000000000,-0.0022064722,-0.0000000163,0.0000000000
0.5065000000,0.0000264263,0.0000000000,0.0000000000,0.0003196621,0.0000000005,-0.0000000000,-0.0022039382,-0.0000000162,0.0000000000
0.5066666667,0.0000263656,0.0000000000,0.0000000000,0.0003192950,0.0000000005,-0.0000000000,-0.0022014071,-0.0000000161,0.0000000000
0.5068333333,0.0000263051,0.0000000000,0.0000000000,0.0003189283,0.0000000005,-0.0000000000,-0.0021988789,-0.0000000160,0.0000000000
0.5070000000,0.0000262447,0.0000000000,0.0000000000,0.0003185620,0.0000000005,-0.0000000000,-0.0021963536,-0.0000000160,0.0000000000
0.5071666667,0.0000261844,0.0000000000,0.0000000000,0.0003181962,0.0000000005,-0.0000000000,-0.0021938312,-0.0000000159,0.0000000000
0.5073333333,0.0000261243,0.0000000000,0.0000000000,0.0003178307,0.0000000005,-0.0000000000,-0.0021913118,-0.0000000158,0.0000000000
0.5075000000,0.0000260644,0.0000000000,0.0000000000,0.0003174657,0.0000000005,-0.0000000000,-0.0021887952,-0.0000000157,0.0000000000
0.5076666667,0.0000260045,0.0000000000,0.0000000000,0.0003171011,0.0000000005,-0.0000000000,-0.0021862815,-0.0000000156,0.0000000000
0.5078333333,0.0000259448,0.0000000000,0.0000000000,0.0003167370,0.0000000005,-0.0000000000,-0.0021837706,-0.0000000155,0.0000000000
0.5080000000,0.0000258853,0.0000000000,0.0000000000,0.0003163732,0.0000000005,-0.0000000000,-0.0021812627,-0.0000000154,0.0000000000
0.5081666667,0.0000258259,0.0000000000,0.0000000000,0.0003160099,0.0000000005,-0.0000000000,-0.0021787577,-0.0000000153,0.0000000000
0.5083333333,0.0000257666,0.0000000000,0.0000000000,0.0003156469,0.0000000004,-0.0000000000,-0.0021762555,-0.0000000152,0.0000000000
0.5085000000,0.0000257074,0.0000000000,0.0000000000,0.0003152844,0.0000000004,-0.0000000000,-0.0021737562,-0.0000000152,0.0000000000
0.5086666667,0.0000256484,0.0000000000,0.0000000000,0.0003149224,0.0000000004,-0.0000000000,-0.0021712597,-0.0000000151,0.0000000000
0.5088333333,0.0000255895,0.0000000000,0.0000000000,0.0003145607,0.0000000004,-0.0000000000,-0.0021687662,-0.0000000150,0.0000000000
0.5090000000,0.0000255308,0.0000000000,0.0000000000,0.0003141994,0.0000000004,-0.0000000000,-0.0021662755,-0.0000000149,0.0000000000
0.5091666667,0.0000254722,0.0000000000,0.0000000000,0.0003138386,0.0000000004,-0.0000000000,-0.0021637876,-0.0000000148,0.0000000000
0.5093333333,0.0000254137,0.0000000000,0.0000000000,0.0003134782,0.0000000004,-0.0000000000,-0.0021613026,-0.0000000147,0.0000000000
0.5095000000,0.0000253554,0.0000000000,0.0000000000,0.0003131182,0.0000000004,-0.0000000000,-0.0021588205,-0.0000000147,0.0000000000
0.5096666667,0.0000252972,0.0000000000,0.0000000000,0.0003127586,0.0000000004,-0.0000000000,-0.0021563412,-0.0000000146,0.0000000000
0.5098333333,0.0000252391,0.0000000000,0.0000000000,0.0003123994,0.0000000004,-0.0000000000,-0.0021538648,-0.0000000145,0.0000000000
0.5100000000,0.0000251812,0.0000000000,0.0000000000,0.0003120406,0.0000000004,-0.0000000000,-0.0021513912,-0.0000000144,0.0000000000
0.5101666667,0.0000251234,0.0000000000,0.0000000000,0.0003116822,0.0000000004,-0.0000000000,-0.0021489205,-0.0000000143,0.0000000000
0.5103333333,0.0000250657,0.0000000000,0.0000000000,0.0003113243,0.0000000004,-0.0000000000,-0.0021464526,-0.0000000142,0.0000000000
0.5105000000,0.0000250081,0.0000000000,0.0000000000,0.0003109668,0.0000000004,-0.0000000000,-0.0021439875,-0.0000000142,0.0000000000
0.5106666667,0.0000249507,0.0000000000,0.0000000000,0.0003106096,0.0000000004,-0.0000000000,-0.0021415252,-0.0000000141,0.0000000000
0.5108333333,0.0000248935,0.0000000000,0.0000000000,0.0003102529,0.0000000004,-0.0000000000,-0.0021390658,-0.0000000140,0.0000000000
0.5110000000,0.0000248363,0.0000000000,0.0000000000,0.0003098966,0.0000000004,-0.0000000000,-0.0021366092,-0.0000000139,0.0000000000
0.5111666667,0.0000247793,0.0000000000,0.0000000000,0.0003095407,0.0000000004,-0.0000000000,-0.0021341555,-0.0000000138,0.0000000000
0.5113333333,0.0000247224,0.0000000000,0.0000000000,0.0003091852,0.0000000004,-0.0000000000,-0.0021317045,-0.0000000138,0.0000000000
0.5115000000,0.0000246657,0.0000000000,0.0000000000,0.0003088301,0.0000000004,-0.0000000000,-0.0021292564,-0.0000000137,0.0000000000
0.5116666667,0.0000246090,0.0000000000,0.0000000000,0.0003084755,0.0000000004,-0.0000000000,-0.0021268110,-0.0000000136,0.0000000000
0.5118333333,0.0000245526,0.0000000000,0.0000000000,0.0003081212,0.0000000004,-0.0000000000,-0.0021243685,-0.0000000135,0.0000000000
0.5120000000,0.0000244962,0.0000000000,0.0000000000,0.0003077673,0.0000000004,-0.0000000000,-0.0021219288,-0.0000000135,0.0000000000
0.5121666667,0.0000244400,0.0000000000,0.0000000000,0.0003074139,0.0000000004,-0.0000000000,-0.0021194919,-0.0000000134,0.0000000000
0.5123333333,0.0000243839,0.0000000000,0.0000000000,0.0003070608,0.0000000004,-0.0000000000,-0.0021170578,-0.0000000133,0.0000000000
0.5125000000,0.0000243279,0.0000000000,0.0000000000,0.0003067082,0.0000000004,-0.0000000000,-0.0021146265,-0.0000000132,0.0000000000
0.5126666667,0.0000242720,0.0000000000,0.0000000000,0.0003063560,0.0000000004,-0.0000000000,-0.0021121979,-0.0000000132,0.0000000000
0.5128333333,0.0000242163,0.0000000000,0.0000000000,0.0003060041,0.0000000004,-0.0000000000,-0.0021097722,-0.0000000131,0.0000000000
0.5130000000,0.0000241607,0.0000000000,0.0000000000,0.0003056527,0.0000000004,-0.0000000000,-0.0021073493,-0.0000000130,0.0000000000
0.5131666667,0.0000241053,0.0000000000,0.0000000000,0.0003053017,0.0000000004,-0.0000000000,-0.0021049291,-0.0000000129,0.0000000000
0.5133333333,0.0000240499,0.0000000000,0.0000000000,0.0003049511,0.0000000004,-0.0000000000,-0.0021025117,-0.0000000129,0.0000000000
0.5135000000,0.0000239947,0.0000000000,0.0000000000,0.0003046008,0.0000000004,-0.0000000000,-0.0021000971,-0.0000000128,0.0000000000
0.5136666667,0.0000239396,0.0000000000,0.0000000000,0.0003042510,0.0000000004,-0.0000000000,-0.0020976852,-0.0000000127,0.0000000000
0.5138333333,0.0000238847,0.0000000000,0.0000000000,0.0003039016,0.0000000004,-0.0000000000,-0.0020952762,-0.0000000126,0.0000000000
0.5140000000,0.0000238299,0.0000000000,0.0000000000,0.0003035526,0.0000000004,-0.0000000000,-0.0020928699,-0.0000000126,0.0000000000
0.5141666667,0.0000237752,0.0000000000,0.0000000000,0.0003032040,0.0000000004,-0.0000000000,-0.0020904663,-0.0000000125,0.0000000000
0.5143333333,0.0000237206,0.0000000000,0.0000000000,0.0003028558,0.0000000004,-0.0000000000,-0.0020880656,-0.0000000124,0.0000000000
0.5145000000,0.0000236661,0.0000000000,0.0000000000,0.0003025080,0.0000000004,-0.0000000000,-0.0020856675,-0.0000000124,0.0000000000
0.5146666667,0.0000236118,0.0000000000,0.0000000000,0.0003021605,0.0000000004,-0.0000000000,-0.0020832723,-0.0000000123,0.0000000000
0.5148333333,0.0000235576,0.0000000000,0.0000000000,0.0003018135,0.0000000004,-0.0000000000,-0.0020808797,-0.0000000122,0.0000000000
0.5150000000,0.0000235035,0.0000000000,0.0000000000,0.0003014669,0.0000000004,-0.0000000000,-0.0020784900,-0.0000000122,0.0000000000
0.5151666667,0.0000234496,0.0000000000,0.0000000000,0.0003011207,0.0000000004,-0.0000000000,-0.0020761030,-0.0000000121,0.0000000000
0.5153333333,0.0000233957,0.0000000000,0.0000000000,0.0003007749,0.0000000004,-0.0000000000,-0.0020737187,-0.0000000120,0.0000000000
0.5155000000,0.0000233420,0.0000000000,0.0000000000,0.0003004295,0.0000000004,-0.0000000000,-0.0020713371,-0.0000000120,0.0000000000
0.5156666667,0.0000232884,0.0000000000,0.0000000000,0.0003000844,0.0000000004,-0.0000000000,-0.0020689583,-0.0000000119,0.0000000000
0.5158333333,0.0000232350,0.0000000000,0.0000000000,0.0002997398,0.0000000003,-0.0000000000,-0.0020665822,-0.0000000118,0.0000000000
0.5160000000,0.0000231816,0.0000000000,0.0000000000,0.0002993956,0.0000000003,-0.0000000000,-0.0020642089,-0.0000000118,0.0000000000
0.5161666667,0.0000231284,0.0000000000,0.0000000000,0.0002990517,0.0000000003,-0.0000000000,-0.0020618383,-0.0000000117,0.0000000000
0.5163333333,0.0000230753,0.0000000000,0.0000000000,0.0002987083,0.0000000003,-0.0000000000,-0.0020594704,-0.0000000116,0.0000000000
0.5165000000,0.0000230224,0.0000000000,0.0000000000,0.0002983652,0.0000000003,-0.0000000000,-0.0020571052,-0.0000000116,0.0000000000
0.5166666667,0.0000229695,0.0000000000,0.0000000000,0.0002980226,0.0000000003,-0.0000000000,-0.0020547427,-0.0000000115,0.0000000000
0.5168333333,0.0000229168,0.0000000000,0.0000000000,0.0002976803,0.0000000003,-0.0000000000,-0.0020523830,-0.0000000114,0.0000000000
0.5170000000,0.0000228642,0.0000000000,0.0000000000,0.0002973384,0.0000000003,-0.0000000000,-0.0020500259,-0.0000000114,0.0000000000
0.5171666667,0.0000228117,0.0000000000,0.0000000000,0.0002969970,0.0000000003,-0.0000000000,-0.0020476716,-0.0000000113,0.0000000000
0.5173333333,0.0000227593,0.0000000000,0.0000000000,0.0002966559,0.0000000003,-0.0000000000,-0.0020453199,-0.0000000112,0.0000000000
0.5175000000,0.0000227071,0.0000000000,0.0000000000,0.0002963152,0.0000000003,-0.0000000000,-0.0020429710,-0.0000000112,0.0000000000
0.5176666667,0.0000226550,0.0000000000,0.0000000000,0.0002959749,0.0000000003,-0.0000000000,-0.0020406248,-0.0000000111,0.0000000000
0.5178333333,0.0000226030,0.0000000000,0.0000000000,0.0002956350,0.0000000003,-0.0000000000,-0.0020382812,-0.0000000110,0.0000000000
0.5180000000,0.0000225511,0.0000000000,0.0000000000,0.0002952955,0.0000000003,-0.0000000000,-0.0020359404,-0.0000000110,0.0000000000
0.5181666667,0.0000224993,0.0000000000,0.0000000000,0.0002949563,0.0000000003,-0.0000000000,-0.0020336022,-0.0000000109,0.0000000000
0.5183333333,0.0000224477,0.0000000000,0.0000000000,0.0002946176,0.0000000003,-0.0000000000,-0.0020312668,-0.0000000109,0.0000000000
0.5185000000,0.0000223961,0.0000000000,0.0000000000,0.0002942792,0.0000000003,-0.0000000000,-0.0020289340,-0.0000000108,0.0000000000
0.5186666667,0.0000223447,0.0000000000,0.0000000000,0.0002939413,0.0000000003,-0.0000000000,-0.0020266039,-0.0000000107,0.0000000000
0.5188333333,0.0000222934,0.0000000000,0.0000000000,0.0002936037,0.0000000003,-0.0000000000,-0.0020242764,-0.0000000107,0.0000000000
0.5190000000,0.0000222422,0.0000000000,0.0000000000,0.0002932665,0.0000000003,-0.0000000000,-0.0020219517,-0.0000000106,0.0000000000
0.5191666667,0.0000221912,0.0000000000,0.0000000000,0.0002929297,0.0000000003,-0.0000000000,-0.0020196296,-0.0000000106,0.0000000000
0.5193333333,0.0000221402,0.0000000000,0.0000000000,0.0002925933,0.0000000003,-0.0000000000,-0.0020173101,-0.0000000105,0.0000000000
0.5195000000,0.0000220894,0.0000000000,0.0000000000,0.0002922573,0.0000000003,-0.0000000000,-0.0020149934,-0.0000000104,0.0000000000
0.5196666667,0.0000220387,0.0000000000,0.0000000000,0.0002919216,0.0000000003,-0.0000000000,-0.0020126793,-0.0000000104,0.0000000000
0.5198333333,0.0000219881,0.0000000000,0.0000000000,0.0002915864,0.0000000003,-0.0000000000,-0.0020103678,-0.0000000103,0.0000000000
0.5200000000,0.0000219376,0.0000000000,0.0000000000,0.0002912515,0.0000000003,-0.0000000000,-0.0020080590,-0.0000000103,0.0000000000
0.5201666667,0.0000218873,0.0000000000,0.0000000000,0.0002909170,0.0000000003,-0.0000000000,-0.0020057529,-0.0000000102,0.0000000000
0.5203333333,0.0000218370,0.0000000000,0.0000000000,0.0002905829,0.0000000003,-0.0000000000,-0.0020034494,-0.0000000101,0.0000000000
0.5205000000,0.0000217869,0.0000000000,0.0000000000,0.0002902492,0.0000000003,-0.0000000000,-0.0020011486,-0.0000000101,0.0000000000
0.5206666667,0.0000217369,0.0000000000,0.0000000000,0.0002899159,0.0000000003,-0.0000000000,-0.0019988504,-0.0000000100,0.0000000000
0.5208333333,0.0000216870,0.0000000000,0.0000000000,0.0002895829,0.0000000003,-0.0000000000,-0.0019965548,-0.0000000100,0.0000000000
0.5210000000,0.0000216372,0.0000000000,0.0000000000,0.0002892504,0.0000000003,-0.0000000000,-0.0019942619,-0.0000000099,0.0000000000
0.5211666667,0.0000215875,0.0000000000,0.0000000000,0.0002889182,0.0000000003,-0.0000000000,-0.0019919716,-0.0000000099,0.0000000000
0.5213333333,0.0000215380,0.0000000000,0.0000000000,0.0002885864,0.0000000003,-0.0000000000,-0.0019896839,-0.0000000098,0.0000000000
0.5215000000,0.0000214885,0.0000000000,0.0000000000,0.0002882549,0.0000000003,-0.0000000000,-0.0019873989,-0.0000000097,0.0000000000
0.5216666667,0.0000214392,0.0000000000,0.0000000000,0.0002879239,0.0000000003,-0.0000000000,-0.0019851165,-0.0000000097,0.0000000000
0.5218333333,0.0000213900,0.0000000000,0.0000000000,0.0002875932,0.0000000003,-0.0000000000,-0.0019828367,-0.0000000096,0.0000000000
0.5220000000,0.0000213409,0.0000000000,0.0000000000,0.0002872629,0.0000000003,-0.0000000000,-0.0019805595,-0.0000000096,0.0000000000
0.5221666667,0.0000212919,0.0000000000,0.0000000000,0.0002869330,0.0000000003,-0.0000000000,-0.0019782849,-0.0000000095,0.0000000000
0.5223333333,0.0000212430,0.0000000000,0.0000000000,0.0002866035,0.0000000003,-0.0000000000,-0.0019760130,-0.0000000095,0.0000000000
0.5225000000,0.0000211943,0.0000000000,0.0000000000,0.0002862744,0.0000000003,-0.0000000000,-0.0019737437,-0.0000000094,0.0000000000
0.5226666667,0.0000211456,0.0000000000,0.0000000000,0.0002859456,0.0000000003,-0.0000000000,-0.0019714769,-0.0000000094,0.0000000000
0.5228333333,0.0000210971,0.0000000000,0.0000000000,0.0002856172,0.0000000003,-0.0000000000,-0.0019692128,-0.0000000093,0.0000000000
0.5230000000,0.0000210486,0.0000000000,0.0000000000,0.0002852892,0.0000000003,-0.0000000000,-0.0019669513,-0.0000000093,0.0000000000
0.5231666667,0.0000210003,0.0000000000,0.0000000000,0.0002849616,0.0000000003,-0.0000000000,-0.0019646924,-0.0000000092,0.0000000000
0.5233333333,0.0000209521,0.0000000000,0.0000000000,0.0002846343,0.0000000003,-0.0000000000,-0.0019624360,-0.0000000092,0.0000000000
0.5235000000,0.0000209040,0.0000000000,0.0000000000,0.0002843074,0.0000000003,-0.0000000000,-0.0019601823,-0.0000000091,0.0000000000
0.5236666667,0.0000208560,0.0000000000,0.0000000000,0.0002839809,0.0000000003,-0.0000000000,-0.0019579311,-0.0000000091,0.0000000000
0.5238333333,0.0000208082,0.0000000000,0.0000000000,0.0002836548,0.0000000003,-0.0000000000,-0.0019556825,-0.0000000090,0.0000000000
0.5240000000,0.0000207604,0.0000000000,0.0000000000,0.0002833290,0.0000000003,-0.0000000000,-0.0019534366,-0.0000000090,0.0000000000
0.5241666667,0.0000207127,0.0000000000,0.0000000000,0.0002830036,0.0000000003,-0.0000000000,-0.0019511932,-0.0000000089,0.0000000000
0.5243333333,0.0000206652,0.0000000000,0.0000000000,0.0002826786,0.0000000003,-0.0000000000,-0.0019489523,-0.0000000089,0.0000000000
0.5245000000,0.0000206178,0.0000000000,0.0000000000,0.0002823540,0.0000000003,-0.0000000000,-0.0019467141,-0.0000000088,0.0000000000
0.5246666667,0.0000205704,0.0000000000,0.0000000000,0.0002820297,0.0000000003,-0.0000000000,-0.0019444784,-0.0000000088,0.0000000000
0.5248333333,0.0000205232,0.0000000000,0.0000000000,0.0002817058,0.0000000003,-0.0000000000,-0.0019422453,-0.0000000087,0.0000000000
0.5250000000,0.0000204761,0.0000000000,0.0000000000,0.0002813823,0.0000000003,-0.0000000000,-0.0019400147,-0.0000000087,0.0000000000
0.5251666667,0.0000204291,0.0000000000,0.0000000000,0.0002810591,0.0000000003,-0.0000000000,-0.0019377867,-0.0000000086,0.0000000000
0.5253333333,0.0000203822,0.0000000000,0.0000000000,0.0002807363,0.0000000003,-0.0000000000,-0.0019355613,-0.0000000086,0.0000000000
0.5255000000,0.0000203354,0.0000000000,0.0000000000,0.0002804139,0.0000000003,-0.0000000000,-0.0019333384,-0.0000000085,0.0000000000
0.5256666667,0.0000202887,0.0000000000,0.0000000000,0.0002800919,0.0000000002,-0.0000000000,-0.0019311181,-0.0000000085,0.0000000000
0.5258333333,0.0000202421,0.0000000000,0.0000000000,0.0002797702,0.0000000002,-0.0000000000,-0.0019289003,-0.0000000084,0.0000000000
0.5260000000,0.0000201957,0.0000000000,0.0000000000,0.0002794489,0.0000000002,-0.0000000000,-0.0019266851,-0.0000000084,0.0000000000
0.5261666667,0.0000201493,0.0000000000,0.0000000000,0.0002791280,0.0000000002,-0.0000000000,-0.0019244724,-0.0000000083,0.0000000000
0.5263333333,0.0000201031,0.0000000000,0.0000000000,0.0002788074,0.0000000002,-0.0000000000,-0.0019222622,-0.0000000083,0.0000000000
0.5265000000,0.0000200569,0.0000000000,0.0000000000,0.0002784872,0.0000000002,-0.0000000000,-0.0019200546,-0.0000000082,0.0000000000
0.5266666667,0.0000200109,0.0000000000,0.0000000000,0.0002781674,0.0000000002,-0.0000000000,-0.0019178495,-0.0000000082,0.0000000000
0.5268333333,0.0000199649,0.0000000000,0.0000000000,0.0002778480,0.0000000002,-0.0000000000,-0.0019156470,-0.0000000081,0.0000000000
0.5270000000,0.0000199191,0.0000000000,0.0000000000,0.0002775289,0.0000000002,-0.0000000000,-0.0019134470,-0.0000000081,0.0000000000
0.5271666667,0.0000198734,0.0000000000,0.0000000000,0.0002772101,0.0000000002,-0.0000000000,-0.0019112495,-0.0000000080,0.0000000000
0.5273333333,0.0000198278,0.0000000000,0.0000000000,0.0002768918,0.0000000002,-0.0000000000,-0.0019090546,-0.0000000080,0.0000000000
0.5275000000,0.0000197822,0.0000000000,0.0000000000,0.0002765738,0.0000000002,-0.0000000000,-0.0019068621,-0.0000000080,0.0000000000
0.5276666667,0.0000197368,0.0000000000,0.0000000000,0.0002762562,0.0000000002,-0.0000000000,-0.0019046722,-0.0000000079,0.0000000000
0.5278333333,0.0000196915,0.0000000000,0.0000000000,0.0002759389,0.0000000002,-0.0000000000,-0.0019024848,-0.0000000079,0.0000000000
0.5280000000,0.0000196463,0.0000000000,0.0000000000,0.0002756220,0.0000000002,-0.0000000000,-0.0019002999,-0.0000000078,0.0000000000
0.5281666667,0.0000196012,0.0000000000,0.0000000000,0.0002753055,0.0000000002,-0.0000000000,-0.0018981175,-0.0000000078,0.0000000000
0.5283333333,0.0000195562,0.0000000000,0.0000000000,0.0002749893,0.0000000002,-0.0000000000,-0.0018959376,-0.0000000077,0.0000000000
0.5285000000,0.0000195113,0.0000000000,0.0000000000,0.0002746735,0.0000000002,-0.0000000000,-0.0018937603,-0.0000000077,0.0000000000
0.5286666667,0.0000194665,0.0000000000,0.0000000000,0.0002743580,0.0000000002,-0.0000000000,-0.0018915854,-0.0000000076,0.0000000000
0.5288333333,0.0000194219,0.0000000000,0.0000000000,0.0002740429,0.0000000002,-0.0000000000,-0.0018894130,-0.0000000076,0.0000000000
0.5290000000,0.0000193773,0.0000000000,0.0000000000,0.0002737282,0.0000000002,-0.0000000000,-0.0018872431,-0.0000000076,0.0000000000
0.5291666667,0.0000193328,0.0000000000,0.0000000000,0.0002734139,0.0000000002,-0.0000000000,-0.0018850757,-0.0000000075,0.0000000000
0.5293333333,0.0000192884,0.0000000000,0.0000000000,0.0002730999,0.0000000002,-0.0000000000,-0.0018829108,-0.0000000075,0.0000000000
0.5295000000,0.0000192441,0.0000000000,0.0000000000,0.0002727862,0.0000000002,-0.0000000000,-0.0018807484,-0.0000000074,0.0000000000
0.5296666667,0.0000192000,0.0000000000,0.0000000000,0.0002724729,0.0000000002,-0.0000000000,-0.0018785885,-0.0000000074,0.0000000000
0.5298333333,0.0000191559,0.0000000000,0.0000000000,0.0002721600,0.0000000002,-0.0000000000,-0.0018764311,-0.0000000073,0.0000000000
0.5300000000,0.0000191119,0.0000000000,0.0000000000,0.0002718475,0.0000000002,-0.0000000000,-0.0018742761,-0.0000000073,0.0000000000
0.5301666667,0.0000190680,0.0000000000,0.0000000000,0.0002715353,0.0000000002,-0.0000000000,-0.0018721236,-0.0000000073,0.0000000000
0.5303333333,0.0000190243,0.0000000000,0.0000000000,0.0002712234,0.0000000002,-0.0000000000,-0.0018699736,-0.0000000072,0.0000000000
0.5305000000,0.0000189806,0.0000000000,0.0000000000,0.0002709119,0.0000000002,-0.0000000000,-0.0018678260,-0.0000000072,0.0000000000
0.5306666667,0.0000189370,0.0000000000,0.0000000000,0.0002706008,0.0000000002,-0.0000000000,-0.0018656809,-0.0000000071,0.0000000000
0.5308333333,0.0000188936,0.0000000000,0.0000000000,0.0002702900,0.0000000002,-0.0000000000,-0.0018635383,-0.0000000071,0.0000000000
0.5310000000,0.0000188502,0.0000000000,0.0000000000,0.0002699796,0.0000000002,-0.0000000000,-0.0018613981,-0.0000000071,0.0000000000
0.5311666667,0.0000188069,0.0000000000,0.0000000000,0.0002696696,0.0000000002,-0.0000000000,-0.0018592604,-0.0000000070,0.0000000000
0.5313333333,0.0000187637,0.0000000000,0.0000000000,0.0002693599,0.0000000002,-0.0000000000,-0.0018571252,-0.0000000070,0.0000000000
0.5315000000,0.0000187207,0.0000000000,0.0000000000,0.0002690505,0.0000000002,-0.0000000000,-0.0018549924,-0.0000000069,0.0000000000
0.5316666667,0.0000186777,0.0000000000,0.0000000000,0.0002687415,0.0000000002,-0.0000000000,-0.0018528620,-0.0000000069,0.0000000000
0.5318333333,0.0000186348,0.0000000000,0.0000000000,0.0002684329,0.0000000002,-0.0000000000,-0.0018507341,-0.0000000069,0.0000000000
0.5320000000,0.0000185920,0.0000000000,0.0000000000,0.0002681246,0.0000000002,-0.0000000000,-0.0018486086,-0.0000000068,0.0000000000
0.5321666667,0.0000185494,0.0000000000,0.0000000000,0.0002678167,0.0000000002,-0.0000000000,-0.0018464856,-0.0000000068,0.0000000000
0.5323333333,0.0000185068,0.0000000000,0.0000000000,0.0002675091,0.0000000002,-0.0000000000,-0.0018443650,-0.0000000067,0.0000000000
0.5325000000,0.0000184643,0.0000000000,0.0000000000,0.0002672019,0.0000000002,-0.0000000000,-0.0018422469,-0.0000000067,0.0000000000
0.5326666667,0.0000184219,0.0000000000,0.0000000000,0.0002668950,0.0000000002,-0.0000000000,-0.0018401312,-0.0000000067,0.0000000000
0.5328333333,0.0000183796,0.0000000000,0.0000000000,0.0002665885,0.0000000002,0.0000000000,-0.0018380179,-0.0000000066,0.0000000000
0.5330000000,0.0000183374,0.0000000000,0.0000000000,0.0002662824,0.0000000002,-0.0000000000,-0.0018359070,-0.0000000066,0.0000000000
0.5331666667,0.0000182953,0.0000000000,0.0000000000,0.0002659766,0.0000000002,-0.0000000000,-0.0018337986,-0.0000000066,0.0000000000
0.5333333333,0.0000182533,0.0000000000,0.0000000000,0.0002656711,0.0000000002,-0.0000000000,-0.0018316926,-0.0000000065,0.0000000000
0.5335000000,0.0000182114,0.0000000000,0.0000000000,0.0002653660,0.0000000002,-0.0000000000,-0.0018295890,-0.0000000065,0.0000000000
0.5336666667,0.0000181696,0.0000000000,0.0000000000,0.0002650612,0.0000000002,-0.0000000000,-0.0018274878,-0.0000000064,0.0000000000
0.5338333333,0.0000181279,0.0000000000,0.0000000000,0.0002647568,0.0000000002,0.0000000000,-0.0018253891,-0.0000000064,0.0000000000
0.5340000000,0.0000180863,0.0000000000,0.0000000000,0.0002644528,0.0000000002,-0.0000000000,-0.0018232927,-0.0000000064,0.0000000000
0.5341666667,0.0000180448,0.0000000000,0.0000000000,0.0002641491,0.0000000002,-0.0000000000,-0.0018211988,-0.0000000063,0.0000000000
0.5343333333,0.0000180034,0.0000000000,0.0000000000,0.0002638457,0.0000000002,-0.0000000000,-0.0018191072,-0.0000000063,0.0000000000
0.5345000000,0.0000179620,0.0000000000,0.0000000000,0.0002635427,0.0000000002,-0.0000000000,-0.0018170181,-0.0000000063,0.0000000000
0.5346666667,0.0000179208,0.0000000000,0.0000000000,0.0002632400,0.0000000002,-0.0000000000,-0.0018149314,-0.0000000062,0.0000000000
0.5348333333,0.0000178797,0.0000000000,0.0000000000,0.0002629377,0.0000000002,-0.0000000000,-0.0018128470,-0.0000000062,0.0000000000
0.5350000000,0.0000178386,0.0000000000,0.0000000000,0.0002626357,0.0000000002,-0.0000000000,-0.0018107651,-0.0000000062,0.0000000000
0.5351666667,0.0000177977,0.0000000000,0.0000000000,0.0002623341,0.0000000002,-0.0000000000,-0.0018086855,-0.0000000061,0.0000000000
0.5353333333,0.0000177568,0.0000000000,0.0000000000,0.0002620328,0.0000000002,-0.0000000000,-0.0018066083,-0.0000000061,0.0000000000
0.5355000000,0.0000177161,0.0000000000,0.0000000000,0.0002617319,0.0000000002,-0.0000000000,-0.0018045335,-0.0000000061,0.0000000000
0.5356666667,0.0000176754,0.0000000000,0.0000000000,0.0002614313,0.0000000002,0.0000000000,-0.0018024611,-0.0000000060,0.0000000000
0.5358333333,0.0000176348,0.0000000000,0.0000000000,0.0002611311,0.0000000002,-0.0000000000,-0.0018003911,-0.0000000060,0.0000000000
0.5360000000,0.0000175943,0.0000000000,0.0000000000,0.0002608312,0.0000000002,-0.0000000000,-0.0017983235,-0.0000000060,0.0000000000
0.5361666667,0.0000175539,0.0000000000,0.0000000000,0.0002605316,0.0000000002,-0.0000000000,-0.0017962582,-0.0000000059,0.0000000000
0.5363333333,0.0000175136,0.0000000000,0.0000000000,0.0002602324,0.0000000002,-0.0000000000,-0.0017941953,-0.0000000059,0.0000000000
0.5365000000,0.0000174734,0.0000000000,0.0000000000,0.0002599336,0.0000000002,-0.0000000000,-0.0017921348,-0.0000000059,0.0000000000
0.5366666667,0.0000174333,0.0000000000,0.0000000000,0.0002596351,0.0000000002,-0.0000000000,-0.0017900766,-0.0000000058,0.0000000000
0.5368333333,0.0000173933,0.0000000000,0.0000000000,0.0002593369,0.0000000002,0.0000000000,-0.0017880208,-0.0000000058,0.0000000000
0.5370000000,0.0000173534,0.0000000000,0.0000000000,0.0002590390,0.0000000002,-0.0000000000,-0.0017859674,-0.0000000058,0.0000000000
0.5371666667,0.0000173135,0.0000000000,0.0000000000,0.0002587416,0.0000000002,0.0000000000,-0.0017839163,-0.0000000057,0.0000000000
0.5373333333,0.0000172738,0.0000000000,0.0000000000,0.0002584444,0.0000000002,-0.0000000000,-0.0017818676,-0.0000000057,0.0000000000
0.5375000000,0.0000172341,0.0000000000,0.0000000000,0.0002581476,0.0000000002,-0.0000000000,-0.0017798212,-0.0000000057,0.0000000000
0.5376666667,0.0000171946,0.0000000000,0.0000000000,0.0002578511,0.0000000002,-0.0000000000,-0.0017777772,-0.0000000056,0.0000000000
0.5378333333,0.0000171551,0.0000000000,0.0000000000,0.0002575550,0.0000000002,-0.0000000000,-0.0017757355,-0.0000000056,0.0000000000
0.5380000000,0.0000171157,0.0000000000,0.0000000000,0.0002572592,0.0000000002,0.0000000000,-0.0017736962,-0.0000000056,0.0000000000
0.5381666667,0.0000170764,0.0000000000,0.0000000000,0.0002569638,0.0000000002,-0.0000000000,-0.0017716592,-0.0000000055,0.0000000000
0.5383333333,0.0000170372,0.0000000000,0.0000000000,0.0002566687,0.0000000002,0.0000000000,-0.0017696245,-0.0000000055,0.0000000000
0.5385000000,0.0000169981,0.0000000000,0.0000000000,0.0002563739,0.0000000002,-0.0000000000,-0.0017675922,-0.0000000055,0.0000000000
0.5386666667,0.0000169591,0.0000000000,0.0000000000,0.0002560795,0.0000000002,-0.0000000000,-0.0017655623,-0.0000000054,0.0000000000
0.5388333333,0.0000169202,0.0000000000,0.0000000000,0.0002557854,0.0000000002,-0.0000000000,-0.0017635346,-0.0000000054,0.0000000000
0.5390000000,0.0000168813,0.0000000000,0.0000000000,0.0002554916,0.0000000002,-0.0000000000,-0.0017615093,-0.0000000054,0.0000000000
0.5391666667,0.0000168426,0.0000000000,0.0000000000,0.0002551982,0.0000000002,-0.0000000000,-0.0017594863,-0.0000000054,0.0000000000
0.5393333333,0.0000168039,0.0000000000,0.0000000000,0.0002549051,0.0000000002,-0.0000000000,-0.0017574656,-0.0000000053,0.0000000000
0.5395000000,0.0000167653,0.0000000000,0.0000000000,0.0002546124,0.0000000002,-0.0000000000,-0.0017554473,-0.0000000053,0.0000000000
0.5396666667,0.0000167269,0.0000000000,0.0000000000,0.0002543200,0.0000000002,-0.0000000000,-0.0017534313,-0.0000000053,0.0000000000
0.5398333333,0.0000166885,0.0000000000,0.0000000000,0.0002540279,0.0000000002,-0.0000000000,-0.0017514175,-0.0000000052,0.0000000000
0.5400000000,0.0000166502,0.0000000000,0.0000000000,0.0002537362,0.0000000002,-0.0000000000,-0.0017494061,-0.0000000052,0.0000000000
0.5401666667,0.0000166119,0.0000000000,0.0000000000,0.0002534448,0.0000000002,-0.0000000000,-0.0017473971,-0.0000000052,0.0000000000
0.5403333333,0.0000165738,0.0000000000,0.0000000000,0.0002531537,0.0000000002,-0.0000000000,-0.0017453903,-0.0000000051,0.0000000000
0.5405000000,0.0000165358,0.0000000000,0.0000000000,0.0002528630,0.0000000002,0.0000000000,-0.0017433858,-0.0000000051,0.0000000000
0.5406666667,0.0000164978,0.0000000000,0.0000000000,0.0002525726,0.0000000001,-0.0000000000,-0.0017413836,-0.0000000051,0.0000000000
0.5408333333,0.0000164599,0.0000000000,0.0000000000,0.0002522825,0.0000000001,-0.0000000000,-0.0017393837,-0.0000000051,0.0000000000
0.5410000000,0.0000164221,0.0000000000,0.0000000000,0.0002519928,0.0000000001,-0.0000000000,-0.0017373862,-0.0000000050,0.0000000000
0.5411666667,0.0000163844,0.0000000000,0.0000000000,0.0002517034,0.0000000001,-0.0000000000,-0.0017353909,-0.0000000050,0.0000000000
0.5413333333,0.0000163468,0.0000000000,0.0000000000,0.0002514143,0.0000000001,-0.0000000000,-0.0017333979,-0.0000000050,0.0000000000
0.5415000000,0.0000163093,0.0000000000,0.0000000000,0.0002511256,0.0000000001,-0.0000000000,-0.0017314072,-0.0000000049,0.0000000000
0.5416666667,0.0000162719,0.0000000000,0.0000000000,0.0002508372,0.0000000001,-0.0000000000,-0.0017294187,-0.0000000049,0.0000000000
0.5418333333,0.0000162345,0.0000000000,0.0000000000,0.0002505491,0.0000000001,0.0000000000,-0.0017274326,-0.0000000049,0.0000000000
0.5420000000,0.0000161972,0.0000000000,0.0000000000,0.0002502613,0.0000000001,-0.0000000000,-0.0017254488,-0.0000000049,0.0000000000
0.5421666667,0.0000161601,0.0000000000,0.0000000000,0.0002499739,0.0000000001,-0.0000000000,-0.0017234672,-0.0000000048,0.0000000000
0.5423333333,0.0000161230,0.0000000000,0.0000000000,0.0002496869,0.0000000001,-0.0000000000,-0.0017214879,-0.0000000048,0.0000000000
0.5425000000,0.0000160860,0.0000000000,0.0000000000,0.0002494001,0.0000000001,-0.0000000000,-0.0017195108,-0.0000000048,0.0000000000
0.5426666667,0.0000160490,0.0000000000,0.0000000000,0.0002491137,0.0000000001,-0.0000000000,-0.0017175361,-0.0000000048,0.0000000000
0.5428333333,0.0000160122,0.0000000000,0.0000000000,0.0002488276,0.0000000001,-0.0000000000,-0.0017155636,-0.0000000047,0.0000000000
0.5430000000,0.0000159754,0.0000000000,0.0000000000,0.0002485418,0.0000000001,-0.0000000000,-0.0017135934,-0.0000000047,0.0000000000
0.5431666667,0.0000159388,0.0000000000,0.0000000000,0.0002482564,0.0000000001,-0.0000000000,-0.0017116254,-0.0000000047,0.0000000000
0.5433333333,0.0000159022,0.0000000000,0.0000000000,0.0002479713,0.0000000001,0.0000000000,-0.0017096597,-0.0000000046,0.0000000000
0.5435000000,0.0000158657,0.0000000000,0.0000000000,0.0002476865,0.0000000001,-0.0000000000,-0.0017076963,-0.0000000046,0.0000000000
0.5436666667,0.0000158292,0.0000000000,0.0000000000,0.0002474021,0.0000000001,-0.0000000000,-0.0017057351,-0.0000000046,0.0000000000
0.5438333333,0.0000157929,0.0000000000,0.0000000000,0.0002471179,0.0000000001,-0.0000000000,-0.0017037761,-0.0000000046,0.0000000000
0.5440000000,0.0000157567,0.0000000000,0.0000000000,0.0002468341,0.0000000001,-0.0000000000,-0.0017018194,-0.0000000045,0.0000000000
0.5441666667,0.0000157205,0.0000000000,0.0000000000,0.0002465506,0.0000000001,-0.0000000000,-0.0016998650,-0.0000000045,0.0000000000
0.5443333333,0.0000156844,0.0000000000,0.0000000000,0.0002462675,0.0000000001,-0.0000000000,-0.0016979128,-0.0000000045,0.0000000000
0.5445000000,0.0000156484,0.0000000000,0.0000000000,0.0002459847,0.0000000001,-0.0000000000,-0.0016959629,-0.0000000045,0.0000000000
0.5446666667,0.0000156125,0.0000000000,0.0000000000,0.0002457022,0.0000000001,-0.0000000000,-0.0016940151,-0.0000000044,0.0000000000
0.5448333333,0.0000155766,0.0000000000,0.0000000000,0.0002454200,0.0000000001,0.0000000000,-0.0016920697,-0.0000000044,0.0000000000
0.5450000000,0.0000155409,0.0000000000,0.0000000000,0.0002451382,0.0000000001,-0.0000000000,-0.0016901264,-0.0000000044,0.0000000000
0.5451666667,0.0000155052,0.0000000000,0.0000000000,0.0002448566,0.0000000001,-0.0000000000,-0.0016881854,-0.0000000044,0.0000000000
0.5453333333,0.0000154696,0.0000000000,0.0000000000,0.0002445754,0.0000000001,-0.0000000000,-0.0016862466,-0.0000000043,0.0000000000
0.5455000000,0.0000154341,0.0000000000,0.0000000000,0.0002442945,0.0000000001,-0.0000000000,-0.0016843101,-0.0000000043,0.0000000000
0.5456666667,0.0000153987,0.0000000000,0.0000000000,0.0002440140,0.0000000001,-0.0000000000,-0.0016823757,-0.0000000043,0.0000000000
0.5458333333,0.0000153633,0.0000000000,0.0000000000,0.0002437337,0.0000000001,0.0000000000,-0.0016804436,-0.0000000043,0.0000000000
0.5460000000,0.0000153280,0.0000000000,0.0000000000,0.0002434538,0.0000000001,-0.0000000000,-0.0016785137,-0.0000000042,0.0000000000
0.5461666667,0.0000152929,0.0000000000,0.0000000000,0.0002431742,0.0000000001,-0.0000000000,-0.0016765861,-0.0000000042,0.0000000000
0.5463333333,0.0000152578,0.0000000000,0.0000000000,0.0002428950,0.0000000001,-0.0000000000,-0.0016746606,-0.0000000042,0.0000000000
0.5465000000,0.0000152227,0.0000000000,0.0000000000,0.0002426160,0.0000000001,-0.0000000000,-0.0016727373,-0.0000000042,0.0000000000
0.5466666667,0.0000151878,0.0000000000,0.0000000000,0.0002423374,0.0000000001,0.0000000000,-0.0016708163,-0.0000000041,0.0000000000
0.5468333333,0.0000151529,0.0000000000,0.0000000000,0.0002420591,0.0000000001,-0.0000000000,-0.0016688975,-0.0000000041,0.0000000000
0.5470000000,0.0000151181,0.0000000000,0.0000000000,0.0002417811,0.0000000001,-0.0000000000,-0.0016669808,-0.0000000041,0.0000000000
0.5471666667,0.0000150834,0.0000000000,0.0000000000,0.0002415034,0.0000000001,-0.0000000000,-0.0016650664,-0.0000000041,0.0000000000
0.5473333333,0.0000150488,0.0000000000,0.0000000000,0.0002412261,0.0000000001,0.0000000000,-0.0016631542,-0.0000000041,0.0000000000
0.5475000000,0.0000150143,0.0000000000,0.0000000000,0.0002409490,0.0000000001,-0.0000000000,-0.0016612441,-0.0000000040,0.0000000000
0.5476666667,0.0000149798,0.0000000000,0.0000000000,0.0002406723,0.0000000001,-0.0000000000,-0.0016593363,-0.0000000040,0.0000000000
0.5478333333,0.0000149454,0.0000000000,0.0000000000,0.0002403959,0.0000000001,-0.0000000000,-0.0016574306,-0.0000000040,0.0000000000
0.5480000000,0.0000149111,0.0000000000,0.0000000000,0.0002401198,0.0000000001,-0.0000000000,-0.0016555272,-0.0000000040,0.0000000000
0.5481666667,0.0000148769,0.0000000000,0.0000000000,0.0002398441,0.0000000001,-0.0000000000,-0.0016536259,-0.0000000039,0.0000000000
0.5483333333,0.0000148427,0.0000000000,0.0000000000,0.0002395686,0.0000000001,0.0000000000,-0.0016517268,-0.0000000039,0.0000000000
0.5485000000,0.0000148086,0.0000000000,0.0000000000,0.0002392935,0.0000000001,0.0000000000,-0.0016498299,-0.0000000039,0.0000000000
0.5486666667,0.0000147747,0.0000000000,0.0000000000,0.0002390187,0.0000000001,0.0000000000,-0.0016479352,-0.0000000039,0.0000000000
0.5488333333,0.0000147407,0.0000000000,0.0000000000,0.0002387442,0.0000000001,0.0000000000,-0.0016460426,-0.0000000039,0.0000000000
0.5490000000,0.0000147069,0.0000000000,0.0000000000,0.0002384700,0.0000000001,0.0000000000,-0.0016441522,-0.0000000038,0.0000000000
0.5491666667,0.0000146731,0.0000000000,0.0000000000,0.0002381961,0.0000000001,-0.0000000000,-0.0016422640,-0.0000000038,0.0000000000
0.5493333333,0.0000146395,0.0000000000,0.0000000000,0.0002379226,0.0000000001,0.0000000000,-0.0016403780,-0.0000000038,0.0000000000
0.5495000000,0.0000146058,0.0000000000,0.0000000000,0.0002376493,0.0000000001,-0.0000000000,-0.0016384941,-0.0000000038,0.0000000000
0.5496666667,0.0000145723,0.0000000000,0.0000000000,0.0002373764,0.0000000001,-0.0000000000,-0.0016366124,-0.0000000037,0.0000000000
0.5498333333,0.0000145389,0.0000000000,0.0000000000,0.0002371038,0.0000000001,0.0000000000,-0.0016347328,-0.0000000037,0.0000000000
0.5500000000,0.0000145055,0.0000000000,0.0000000000,0.0002368315,0.0000000001,0.0000000000,-0.0016328554,-0.0000000037,0.0000000000
0.5501666667,0.0000144722,0.0000000000,0.0000000000,0.0002365595,0.0000000001,-0.0000000000,-0.0016309802,-0.0000000037,0.0000000000
0.5503333333,0.0000144390,0.0000000000,0.0000000000,0.0002362878,0.0000000001,-0.0000000000,-0.0016291071,-0.0000000037,0.0000000000
0.5505000000,0.0000144058,0.0000000000,0.0000000000,0.0002360165,0.0000000001,-0.0000000000,-0.0016272362,-0.0000000036,0.0000000000
0.5506666667,0.0000143728,0.0000000000,0.0000000000,0.0002357454,0.0000000001,-0.0000000000,-0.0016253674,-0.0000000036,0.0000000000
0.5508333333,0.0000143398,0.0000000000,0.0000000000,0.0002354747,0.0000000001,0.0000000000,-0.0016235007,-0.0000000036,0.0000000000
0.5510000000,0.0000143068,0.0000000000,0.0000000000,0.0002352042,0.0000000001,-0.0000000000,-0.0016216362,-0.0000000036,0.0000000000
0.5511666667,0.0000142740,0.0000000000,0.0000000000,0.0002349341,0.0000000001,-0.0000000000,-0.0016197739,-0.0000000036,0.0000000000
0.5513333333,0.0000142412,0.0000000000,0.0000000000,0.0002346643,0.0000000001,-0.0000000000,-0.0016179137,-0.0000000035,0.0000000000
0.5515000000,0.0000142085,0.0000000000,0.0000000000,0.0002343948,0.0000000001,-0.0000000000,-0.0016160556,-0.0000000035,0.0000000000
0.5516666667,0.0000141759,0.0000000000,0.0000000000,0.0002341256,0.0000000001,-0.0000000000,-0.0016141996,-0.0000000035,0.0000000000
0.5518333333,0.0000141434,0.0000000000,0.0000000000,0.0002338568,0.0000000001,-0.0000000000,-0.0016123458,-0.0000000035,0.0000000000
0.5520000000,0.0000141109,0.0000000000,0.0000000000,0.0002335882,0.0000000001,0.0000000000,-0.0016104941,-0.0000000035,0.0000000000
0.5521666667,0.0000140785,0.0000000000,0.0000000000,0.0002333199,0.0000000001,0.0000000000,-0.0016086446,-0.0000000034,0.0000000000
0.5523333333,0.0000140462,0.0000000000,0.0000000000,0.0002330520,0.0000000001,-0.0000000000,-0.0016067972,-0.0000000034,0.0000000000
0.5525000000,0.0000140140,0.0000000000,0.0000000000,0.0002327843,0.0000000001,-0.0000000000,-0.0016049518,-0.0000000034,0.0000000000
0.5526666667,0.0000139818,0.0000000000,0.0000000000,0.0002325170,0.0000000001,-0.0000000000,-0.0016031086,-0.0000000034,0.0000000000
0.5528333333,0.0000139497,0.0000000000,0.0000000000,0.0002322499,0.0000000001,-0.0000000000,-0.0016012676,-0.0000000034,0.0000000000
0.5530000000,0.0000139177,0.0000000000,0.0000000000,0.0002319832,0.0000000001,0.0000000000,-0.0015994286,-0.0000000033,0.0000000000
0.5531666667,0.0000138857,0.0000000000,0.0000000000,0.0002317168,0.0000000001,0.0000000000,-0.0015975918,-0.0000000033,0.0000000000
0.5533333333,0.0000138539,0.0000000000,0.0000000000,0.0002314507,0.0000000001,-0.0000000000,-0.0015957570,-0.0000000033,0.0000000000
0.5535000000,0.0000138220,0.0000000000,0.0000000000,0.0002311849,0.0000000001,-0.0000000000,-0.0015939244,-0.0000000033,0.0000000000
0.5536666667,0.0000137903,0.0000000000,0.0000000000,0.0002309194,0.0000000001,-0.0000000000,-0.0015920939,-0.0000000033,0.0000000000
0.5538333333,0.0000137587,0.0000000000,0.0000000000,0.0002306542,0.0000000001,-0.0000000000,-0.0015902654,-0.0000000033,0.0000000000
0.5540000000,0.0000137271,0.0000000000,0.0000000000,0.0002303893,0.0000000001,0.0000000000,-0.0015884391,-0.0000000032,0.0000000000
0.5541666667,0.0000136956,0.0000000000,0.0000000000,0.0002301247,0.0000000001,-0.0000000000,-0.0015866149,-0.0000000032,0.0000000000
0.5543333333,0.0000136641,0.0000000000,0.0000000000,0.0002298604,0.0000000001,0.0000000000,-0.0015847927,-0.0000000032,0.0000000000
0.5545000000,0.0000136328,0.0000000000,0.0000000000,0.0002295964,0.0000000001,-0.0000000000,-0.0015829727,-0.0000000032,0.0000000000
0.5546666667,0.0000136015,0.0000000000,0.0000000000,0.0002293328,0.0000000001,-0.0000000000,-0.0015811547,-0.0000000032,0.0000000000
0.5548333333,0.0000135702,0.0000000000,0.0000000000,0.0002290694,0.0000000001,0.0000000000,-0.0015793389,-0.0000000031,0.0000000000
0.5550000000,0.0000135391,0.0000000000,0.0000000000,0.0002288063,0.0000000001,-0.0000000000,-0.0015775251,-0.0000000031,0.0000000000
0.5551666667,0.0000135080,0.0000000000,0.0000000000,0.0002285435,0.0000000001,-0.0000000000,-0.0015757134,-0.0000000031,0.0000000000
0.5553333333,0.0000134770,0.0000000000,0.0000000000,0.0002282811,0.0000000001,-0.0000000000,-0.0015739038,-0.0000000031,0.0000000000
0.5555000000,0.0000134461,0.0000000000,0.0000000000,0.0002280189,0.0000000001,0.0000000000,-0.0015720962,-0.0000000031,0.0000000000
0.5556666667,0.0000134152,0.0000000000,0.0000000000,0.0002277570,0.0000000001,-0.0000000000,-0.0015702908,-0.0000000031,0.0000000000
0.5558333333,0.0000133844,0.0000000000,0.0000000000,0.0002274955,0.0000000001,0.0000000000,-0.0015684874,-0.0000000030,0.0000000000
0.5560000000,0.0000133537,0.0000000000,0.0000000000,0.0002272342,0.0000000001,0.0000000000,-0.0015666861,-0.0000000030,0.0000000000
0.5561666667,0.0000133230,0.0000000000,0.0000000000,0.0002269732,0.0000000001,0.0000000000,-0.0015648868,-0.0000000030,0.0000000000
0.5563333333,0.0000132924,0.0000000000,0.0000000000,0.0002267126,0.0000000001,-0.0000000000,-0.0015630897,-0.0000000030,0.0000000000
0.5565000000,0.0000132619,0.0000000000,0.0000000000,0.0002264522,0.0000000001,0.0000000000,-0.0015612945,-0.0000000030,0.0000000000
0.5566666667,0.0000132315,0.0000000000,0.0000000000,0.0002261921,0.0000000001,0.0000000000,-0.0015595015,-0.0000000030,0.0000000000
0.5568333333,0.0000132011,0.0000000000,0.0000000000,0.0002259324,0.0000000001,-0.0000000000,-0.0015577105,-0.0000000029,0.0000000000
0.5570000000,0.0000131708,0.0000000000,0.0000000000,0.0002256729,0.0000000001,0.0000000000,-0.0015559215,-0.0000000029,0.0000000000
0.5571666667,0.0000131406,0.0000000000,0.0000000000,0.0002254137,0.0000000001,-0.0000000000,-0.0015541347,-0.0000000029,0.0000000000
0.5573333333,0.0000131104,0.0000000000,0.0000000000,0.0002251549,0.0000000001,-0.0000000000,-0.0015523498,-0.0000000029,0.0000000000
0.5575000000,0.0000130803,0.0000000000,0.0000000000,0.0002248963,0.0000000001,-0.0000000000,-0.0015505670,-0.0000000029,0.0000000000
0.5576666667,0.0000130503,0.0000000000,0.0000000000,0.0002246380,0.0000000001,0.0000000000,-0.0015487863,-0.0000000029,0.0000000000
0.5578333333,0.0000130203,0.0000000000,0.0000000000,0.0002243800,0.0000000001,0.0000000000,-0.0015470076,-0.0000000028,0.0000000000
0.5580000000,0.0000129904,0.0000000000,0.0000000000,0.0002241223,0.0000000001,0.0000000000,-0.0015452310,-0.0000000028,0.0000000000
0.5581666667,0.0000129606,0.0000000000,0.0000000000,0.0002238649,0.0000000001,-0.0000000000,-0.0015434564,-0.0000000028,0.0000000000
0.5583333333,0.0000129309,0.0000000000,0.0000000000,0.0002236078,0.0000000001,0.0000000000,-0.0015416838,-0.0000000028,0.0000000000
0.5585000000,0.0000129012,0.0000000000,0.0000000000,0.0002233510,0.0000000001,0.0000000000,-0.0015399133,-0.0000000028,-0.0000000000
0.5586666667,0.0000128716,0.0000000000,0.0000000000,0.0002230945,0.0000000001,-0.0000000000,-0.0015381448,-0.0000000028,-0.0000000000
0.5588333333,0.0000128420,0.0000000000,0.0000000000,0.0002228383,0.0000000001,-0.0000000000,-0.0015363783,-0.0000000027,0.0000000000
0.5590000000,0.0000128125,0.0000000000,0.0000000000,0.0002225824,0.0000000001,-0.0000000000,-0.0015346138,-0.0000000027,-0.0000000000
0.5591666667,0.0000127831,0.0000000000,0.0000000000,0.0002223268,0.0000000001,0.0000000000,-0.0015328514,-0.0000000027,0.0000000000
0.5593333333,0.0000127538,0.0000000000,0.0000000000,0.0002220715,0.0000000001,-0.0000000000,-0.0015310910,-0.0000000027,0.0000000000
0.5595000000,0.0000127245,0.0000000000,0.0000000000,0.0002218164,0.0000000001,-0.0000000000,-0.0015293327,-0.0000000027,0.0000000000
0.5596666667,0.0000126953,0.0000000000,0.0000000000,0.0002215617,0.0000000001,-0.0000000000,-0.0015275763,-0.0000000027,0.0000000000
0.5598333333,0.0000126662,0.0000000000,0.0000000000,0.0002213072,0.0000000001,-0.0000000000,-0.0015258220,-0.0000000027,0.0000000000
0.5600000000,0.0000126371,0.0000000000,0.0000000000,0.0002210531,0.0000000001,-0.0000000000,-0.0015240697,-0.0000000026,0.0000000000
0.5601666667,0.0000126081,0.0000000000,0.0000000000,0.0002207992,0.0000000001,-0.0000000000,-0.0015223194,-0.0000000026,0.0000000000
0.5603333333,0.0000125791,0.0000000000,0.0000000000,0.0002205456,0.0000000001,0.0000000000,-0.0015205711,-0.0000000026,0.0000000000
0.5605000000,0.0000125502,0.0000000000,0.0000000000,0.0002202923,0.0000000001,0.0000000000,-0.0015188248,-0.0000000026,0.0000000000
0.5606666667,0.0000125214,0.0000000000,0.0000000000,0.0002200393,0.0000000001,0.0000000000,-0.0015170805,-0.0000000026,0.0000000000
0.5608333333,0.0000124927,0.0000000000,0.0000000000,0.0002197866,0.0000000001,0.0000000000,-0.0015153382,-0.0000000026,0.0000000000
0.5610000000,0.0000124640,0.0000000000,0.0000000000,0.0002195342,0.0000000001,0.0000000000,-0.0015135979,-0.0000000025,0.0000000000
0.5611666667,0.0000124354,0.0000000000,0.0000000000,0.0002192821,0.0000000001,0.0000000000,-0.0015118597,-0.0000000025,0.0000000000
0.5613333333,0.0000124069,0.0000000000,0.0000000000,0.0002190303,0.0000000001,0.0000000000,-0.0015101234,-0.0000000025,0.0000000000
0.5615000000,0.0000123784,0.0000000000,0.0000000000,0.0002187787,0.0000000001,0.0000000000,-0.0015083891,-0.0000000025,0.0000000000
0.5616666667,0.0000123500,0.0000000000,0.0000000000,0.0002185275,0.0000000001,-0.0000000000,-0.0015066568,-0.0000000025,0.0000000000
0.5618333333,0.0000123216,0.0000000000,0.0000000000,0.0002182765,0.0000000001,0.0000000000,-0.0015049265,-0.0000000025,0.0000000000
0.5620000000,0.0000122933,0.0000000000,0.0000000000,0.0002180258,0.0000000001,-0.0000000000,-0.0015031982,-0.0000000025,0.0000000000
0.5621666667,0.0000122651,0.0000000000,0.0000000000,0.0002177754,0.0000000001,0.0000000000,-0.0015014718,-0.0000000025,0.0000000000
0.5623333333,0.0000122370,0.0000000000,0.0000000000,0.0002175253,0.0000000001,-0.0000000000,-0.0014997475,-0.0000000024,0.0000000000
0.5625000000,0.0000122089,0.0000000000,0.0000000000,0.0002172755,0.0000000001,-0.0000000000,-0.0014980251,-0.0000000024,0.0000000000
0.5626666667,0.0000121808,0.0000000000,0.0000000000,0.0002170260,0.0000000001,-0.0000000000,-0.0014963047,-0.0000000024,-0.0000000000
0.5628333333,0.0000121529,0.0000000000,0.0000000000,0.0002167768,0.0000000001,0.0000000000,-0.0014945863,-0.0000000024,0.0000000000
0.5630000000,0.0000121250,0.0000000000,0.0000000000,0.0002165278,0.0000000001,0.0000000000,-0.0014928698,-0.0000000024,0.0000000000
0.5631666667,0.0000120971,0.0000000000,0.0000000000,0.0002162791,0.0000000001,-0.0000000000,-0.0014911554,-0.0000000024,0.0000000000
0.5633333333,0.0000120694,0.0000000000,0.0000000000,0.0002160307,0.0000000001,-0.0000000000,-0.0014894429,-0.0000000024,0.0000000000
0.5635000000,0.0000120417,0.0000000000,0.0000000000,0.0002157826,0.0000000001,0.0000000000,-0.0014877323,-0.0000000023,0.0000000000
0.5636666667,0.0000120140,0.0000000000,0.0000000000,0.0002155348,0.0000000001,-0.0000000000,-0.0014860238,-0.0000000023,0.0000000000
0.5638333333,0.0000119864,0.0000000000,0.0000000000,0.0002152873,0.0000000001,-0.0000000000,-0.0014843171,-0.0000000023,-0.0000000000
0.5640000000,0.0000119589,0.0000000000,0.0000000000,0.0002150401,0.0000000001,-0.0000000000,-0.0014826125,-0.0000000023,0.0000000000
0.5641666667,0.0000119315,0.0000000000,0.0000000000,0.0002147931,0.0000000001,-0.0000000000,-0.0014809098,-0.0000000023,-0.0000000000
0.5643333333,0.0000119041,0.0000000000,0.0000000000,0.0002145464,0.0000000001,0.0000000000,-0.0014792091,-0.0000000023,-0.0000000000
0.5645000000,0.0000118768,0.0000000000,0.0000000000,0.0002143000,0.0000000001,-0.0000000000,-0.0014775103,-0.0000000023,-0.0000000000
0.5646666667,0.0000118495,0.0000000000,0.0000000000,0.0002140539,0.0000000001,-0.0000000000,-0.0014758134,-0.0000000023,-0.0000000000
0.5648333333,0.0000118223,0.0000000000,0.0000000000,0.0002138081,0.0000000001,0.0000000000,-0.0014741185,-0.0000000022,-0.0000000000
0.5650000000,0.0000117952,0.0000000000,0.0000000000,0.0002135625,0.0000000001,-0.0000000000,-0.0014724256,-0.0000000022,-0.0000000000
0.5651666667,0.0000117681,0.0000000000,0.0000000000,0.0002133173,0.0000000001,-0.0000000000,-0.0014707346,-0.0000000022,-0.0000000000
0.5653333333,0.0000117411,0.0000000000,0.0000000000,0.0002130723,0.0000000001,-0.0000000000,-0.0014690456,-0.0000000022,-0.0000000000
0.5655000000,0.0000117141,0.0000000000,0.0000000000,0.0002128276,0.0000000001,0.0000000000,-0.0014673584,-0.0000000022,0.0000000000
0.5656666667,0.0000116872,0.0000000000,0.0000000000,0.0002125832,0.0000000001,0.0000000000,-0.0014656733,-0.0000000022,-0.0000000000
0.5658333333,0.0000116604,0.0000000000,0.0000000000,0.0002123390,0.0000000001,-0.0000000000,-0.0014639900,-0.0000000022,0.0000000000
0.5660000000,0.0000116336,0.0000000000,0.0000000000,0.0002120952,0.0000000001,-0.0000000000,-0.0014623087,-0.0000000022,0.0000000000
0.5661666667,0.0000116069,0.0000000000,0.0000000000,0.0002118516,0.0000000001,-0.0000000000,-0.0014606293,-0.0000000021,0.0000000000
0.5663333333,0.0000115803,0.0000000000,0.0000000000,0.0002116083,0.0000000001,-0.0000000000,-0.0014589519,-0.0000000021,0.0000000000
0.5665000000,0.0000115537,0.0000000000,0.0000000000,0.0002113653,0.0000000001,0.0000000000,-0.0014572764,-0.0000000021,0.0000000000
0.5666666667,0.0000115272,0.0000000000,0.0000000000,0.0002111225,0.0000000001,-0.0000000000,-0.0014556028,-0.0000000021,0.0000000000
0.5668333333,0.0000115007,0.0000000000,0.0000000000,0.0002108801,0.0000000001,0.0000000000,-0.0014539311,-0.0000000021,0.0000000000
0.5670000000,0.0000114743,0.0000000000,0.0000000000,0.0002106379,0.0000000001,0.0000000000,-0.0014522613,-0.0000000021,0.0000000000
0.5671666667,0.0000114480,0.0000000000,0.0000000000,0.0002103960,0.0000000001,-0.0000000000,-0.0014505935,-0.0000000021,0.0000000000
0.5673333333,0.0000114217,0.0000000000,0.0000000000,0.0002101544,0.0000000001,-0.0000000000,-0.0014489276,-0.0000000021,0.0000000000
0.5675000000,0.0000113955,0.0000000000,0.0000000000,0.0002099130,0.0000000001,0.0000000000,-0.0014472636,-0.0000000020,0.0000000000
0.5676666667,0.0000113693,0.0000000000,0.0000000000,0.0002096719,0.0000000001,0.0000000000,-0.0014456015,-0.0000000020,0.0000000000
0.5678333333,0.0000113432,0.0000000000,0.0000000000,0.0002094311,0.0000000001,0.0000000000,-0.0014439413,-0.0000000020,-0.0000000000
0.5680000000,0.0000113172,0.0000000000,0.0000000000,0.0002091906,0.0000000001,-0.0000000000,-0.0014422830,-0.0000000020,-0.0000000000
0.5681666667,0.0000112912,0.0000000000,0.0000000000,0.0002089504,0.0000000001,-0.0000000000,-0.0014406266,-0.0000000020,-0.0000000000
0.5683333333,0.0000112653,0.0000000000,0.0000000000,0.0002087104,0.0000000001,-0.0000000000,-0.0014389722,-0.0000000020,-0.0000000000
0.5685000000,0.0000112394,0.0000000000,0.0000000000,0.0002084707,0.0000000001,-0.0000000000,-0.0014373196,-0.0000000020,-0.0000000000
0.5686666667,0.0000112136,0.0000000000,0.0000000000,0.0002082313,0.0000000001,-0.0000000000,-0.0014356689,-0.0000000020,-0.0000000000
0.5688333333,0.0000111879,0.0000000000,0.0000000000,0.0002079922,0.0000000001,-0.0000000000,-0.0014340201,-0.0000000020,-0.0000000000
0.5690000000,0.0000111622,0.0000000000,0.0000000000,0.0002077533,0.0000000001,-0.0000000000,-0.0014323732,-0.0000000019,0.0000000000
0.5691666667,0.0000111366,0.0000000000,0.0000000000,0.0002075147,0.0000000001,-0.0000000000,-0.0014307282,-0.0000000019,-0.0000000000
0.5693333333,0.0000111110,0.0000000000,0.0000000000,0.0002072764,0.0000000001,-0.0000000000,-0.0014290851,-0.0000000019,0.0000000000
0.5695000000,0.0000110855,0.0000000000,0.0000000000,0.0002070383,0.0000000001,-0.0000000000,-0.0014274439,-0.0000000019,0.0000000000
0.5696666667,0.0000110600,0.0000000000,0.0000000000,0.0002068006,0.0000000001,0.0000000000,-0.0014258046,-0.0000000019,-0.0000000000
0.5698333333,0.0000110347,0.0000000000,0.0000000000,0.0002065631,0.0000000001,0.0000000000,-0.0014241671,-0.0000000019,-0.0000000000
0.5700000000,0.0000110093,0.0000000000,0.0000000000,0.0002063258,0.0000000001,-0.0000000000,-0.0014225315,-0.0000000019,-0.0000000000
0.5701666667,0.0000109841,0.0000000000,0.0000000000,0.0002060889,0.0000000001,-0.0000000000,-0.0014208978,-0.0000000019,0.0000000000
0.5703333333,0.0000109588,0.0000000000,0.0000000000,0.0002058522,0.0000000001,-0.0000000000,-0.0014192660,-0.0000000019,0.0000000000
0.5705000000,0.0000109337,0.0000000000,0.0000000000,0.0002056158,0.0000000001,-0.0000000000,-0.0014176361,-0.0000000018,0.0000000000
0.5706666667,0.0000109086,0.0000000000,0.0000000000,0.0002053797,0.0000000001,0.0000000000,-0.0014160080,-0.0000000018,0.0000000000
0.5708333333,0.0000108835,0.0000000000,0.0000000000,0.0002051438,0.0000000001,-0.0000000000,-0.0014143818,-0.0000000018,0.0000000000
0.5710000000,0.0000108586,0.0000000000,0.0000000000,0.0002049082,0.0000000001,0.0000000000,-0.0014127575,-0.0000000018,0.0000000000
0.5711666667,0.0000108336,0.0000000000,0.0000000000,0.0002046729,0.0000000001,-0.0000000000,-0.0014111350,-0.0000000018,0.0000000000
0.5713333333,0.0000108088,0.0000000000,0.0000000000,0.0002044378,0.0000000001,-0.0000000000,-0.0014095144,-0.0000000018,0.0000000000
0.5715000000,0.0000107840,0.0000000000,0.0000000000,0.0002042030,0.0000000001,-0.0000000000,-0.0014078957,-0.0000000018,0.0000000000
0.5716666667,0.0000107592,0.0000000000,0.0000000000,0.0002039685,0.0000000001,0.0000000000,-0.0014062788,-0.0000000018,0.0000000000
0.5718333333,0.0000107345,0.0000000000,0.0000000000,0.0002037343,0.0000000001,-0.0000000000,-0.0014046637,-0.0000000018,0.0000000000
0.5720000000,0.0000107099,0.0000000000,0.0000000000,0.0002035003,0.0000000001,-0.0000000000,-0.0014030506,-0.0000000018,0.0000000000
0.5721666667,0.0000106853,0.0000000000,0.0000000000,0.0002032666,0.0000000001,-0.0000000000,-0.0014014392,-0.0000000017,-0.0000000000
0.5723333333,0.0000106607,0.0000000000,0.0000000000,0.0002030331,0.0000000001,0.0000000000,-0.0013998298,-0.0000000017,-0.0000000000
0.5725000000,0.0000106363,0.0000000000,0.0000000000,0.0002028000,0.0000000001,-0.0000000000,-0.0013982221,-0.0000000017,0.0000000000
0.5726666667,0.0000106119,0.0000000000,0.0000000000,0.0002025671,0.0000000001,-0.0000000000,-0.0013966164,-0.0000000017,0.0000000000
0.5728333333,0.0000105875,0.0000000000,0.0000000000,0.0002023344,0.0000000001,-0.0000000000,-0.0013950124,-0.0000000017,-0.0000000000
0.5730000000,0.0000105632,0.0000000000,0.0000000000,0.0002021021,0.0000000000,0.0000000000,-0.0013934103,-0.0000000017,0.0000000000
0.5731666667,0.0000105389,0.0000000000,0.0000000000,0.0002018700,0.0000000000,0.0000000000,-0.0013918101,-0.0000000017,-0.0000000000
0.5733333333,0.0000105147,0.0000000000,0.0000000000,0.0002016381,0.0000000000,0.0000000000,-0.0013902117,-0.0000000017,0.0000000000
0.5735000000,0.0000104906,0.0000000000,0.0000000000,0.0002014066,0.0000000000,0.0000000000,-0.0013886151,-0.0000000017,0.0000000000
0.5736666667,0.0000104665,0.0000000000,0.0000000000,0.0002011753,0.0000000000,-0.0000000000,-0.0013870204,-0.0000000017,0.0000000000
0.5738333333,0.0000104425,0.0000000000,0.0000000000,0.0002009442,0.0000000000,0.0000000000,-0.0013854274,-0.0000000016,0.0000000000
0.5740000000,0.0000104185,0.0000000000,0.0000000000,0.0002007134,0.0000000000,-0.0000000000,-0.0013838364,-0.0000000016,-0.0000000000
0.5741666667,0.0000103946,0.0000000000,0.0000000000,0.0002004829,0.0000000000,0.0000000000,-0.0013822471,-0.0000000016,0.0000000000
0.5743333333,0.0000103708,0.0000000000,0.0000000000,0.0002002527,0.0000000000,-0.0000000000,-0.0013806597,-0.0000000016,-0.0000000000
0.5745000000,0.0000103469,0.0000000000,0.0000000000,0.0002000227,0.0000000000,-0.0000000000,-0.0013790741,-0.0000000016,0.0000000000
0.5746666667,0.0000103232,0.0000000000,0.0000000000,0.0001997930,0.0000000000,-0.0000000000,-0.0013774903,-0.0000000016,0.0000000000
0.5748333333,0.0000102995,0.0000000000,0.0000000000,0.0001995635,0.0000000000,-0.0000000000,-0.0013759083,-0.0000000016,-0.0000000000
0.5750000000,0.0000102759,0.0000000000,0.0000000000,0.0001993344,0.0000000000,-0.0000000000,-0.0013743282,-0.0000000016,0.0000000000
0.5751666667,0.0000102523,0.0000000000,0.0000000000,0.0001991054,0.0000000000,-0.0000000000,-0.0013727498,-0.0000000016,0.0000000000
0.5753333333,0.0000102287,0.0000000000,0.0000000000,0.0001988768,0.0000000000,-0.0000000000,-0.0013711733,-0.0000000016,0.0000000000
0.5755000000,0.0000102052,0.0000000000,0.0000000000,0.0001986484,0.0000000000,-0.0000000000,-0.0013695986,-0.0000000016,-0.0000000000
0.5756666667,0.0000101818,0.0000000000,0.0000000000,0.0001984202,0.0000000000,-0.0000000000,-0.0013680257,-0.0000000015,-0.0000000000
0.5758333333,0.0000101584,0.0000000000,0.0000000000,0.0001981924,0.0000000000,-0.0000000000,-0.0013664546,-0.0000000015,0.0000000000
0.5760000000,0.0000101351,0.0000000000,0.0000000000,0.0001979648,0.0000000000,-0.0000000000,-0.0013648853,-0.0000000015,0.0000000000
0.5761666667,0.0000101119,0.0000000000,0.0000000000,0.0001977374,0.0000000000,0.0000000000,-0.0013633178,-0.0000000015,0.0000000000
0.5763333333,0.0000100887,0.0000000000,0.0000000000,0.0001975103,0.0000000000,-0.0000000000,-0.0013617521,-0.0000000015,0.0000000000
0.5765000000,0.0000100655,0.0000000000,0.0000000000,0.0001972835,0.0000000000,-0.0000000000,-0.0013601882,-0.0000000015,0.0000000000
0.5766666667,0.0000100424,0.0000000000,0.0000000000,0.0001970569,0.0000000000,-0.0000000000,-0.0013586261,-0.0000000015,0.0000000000
0.5768333333,0.0000100193,0.0000000000,0.0000000000,0.0001968306,0.0000000000,0.0000000000,-0.0013570658,-0.0000000015,0.0000000000
0.5770000000,0.0000099963,0.0000000000,0.0000000000,0.0001966046,0.0000000000,0.0000000000,-0.0013555073,-0.0000000015,0.0000000000
0.5771666667,0.0000099734,0.0000000000,0.0000000000,0.0001963788,0.0000000000,-0.0000000000,-0.0013539506,-0.0000000015,-0.0000000000
0.5773333333,0.0000099505,0.0000000000,0.0000000000,0.0001961532,0.0000000000,0.0000000000,-0.0013523957,-0.0000000015,-0.0000000000
0.5775000000,0.0000099276,0.0000000000,0.0000000000,0.0001959280,0.0000000000,-0.0000000000,-0.0013508425,-0.0000000015,0.0000000000
0.5776666667,0.0000099049,0.0000000000,0.0000000000,0.0001957030,0.0000000000,-0.0000000000,-0.0013492911,-0.0000000014,0.0000000000
0.5778333333,0.0000098821,0.0000000000,0.0000000000,0.0001954782,0.0000000000,0.0000000000,-0.0013477416,-0.0000000014,0.0000000000
0.5780000000,0.0000098594,0.0000000000,0.0000000000,0.0001952537,0.0000000000,-0.0000000000,-0.0013461938,-0.0000000014,0.0000000000
0.5781666667,0.0000098368,0.0000000000,0.0000000000,0.0001950295,0.0000000000,-0.0000000000,-0.0013446477,-0.0000000014,-0.0000000000
0.5783333333,0.0000098142,0.0000000000,0.0000000000,0.0001948055,0.0000000000,-0.0000000000,-0.0013431035,-0.0000000014,-0.0000000000
0.5785000000,0.0000097917,0.0000000000,0.0000000000,0.0001945818,0.0000000000,0.0000000000,-0.0013415610,-0.0000000014,0.0000000000
0.5786666667,0.0000097692,0.0000000000,0.0000000000,0.0001943583,0.0000000000,-0.0000000000,-0.0013400203,-0.0000000014,-0.0000000000
0.5788333333,0.0000097468,0.0000000000,0.0000000000,0.0001941351,0.0000000000,-0.0000000000,-0.0013384814,-0.0000000014,0.0000000000
0.5790000000,0.0000097244,0.0000000000,0.0000000000,0.0001939121,0.0000000000,-0.0000000000,-0.0013369442,-0.0000000014,0.0000000000
0.5791666667,0.0000097021,0.0000000000,0.0000000000,0.0001936894,0.0000000000,-0.0000000000,-0.0013354088,-0.0000000014,0.0000000000
0.5793333333,0.0000096798,0.0000000000,0.0000000000,0.0001934670,0.0000000000,0.0000000000,-0.0013338752,-0.0000000014,0.0000000000
0.5795000000,0.0000096576,0.0000000000,0.0000000000,0.0001932448,0.0000000000,-0.0000000000,-0.0013323433,-0.0000000014,0.0000000000
0.5796666667,0.0000096354,0.0000000000,0.0000000000,0.0001930229,0.0000000000,0.0000000000,-0.0013308132,-0.0000000014,0.0000000000
0.5798333333,0.0000096133,0.0000000000,0.0000000000,0.0001928012,0.0000000000,0.0000000000,-0.0013292848,-0.0000000013,0.0000000000
0.5800000000,0.0000095912,0.0000000000,0.0000000000,0.0001925798,0.0000000000,0.0000000000,-0.0013277582,-0.0000000013,0.0000000000
0.5801666667,0.0000095692,0.0000000000,0.0000000000,0.0001923586,0.0000000000,-0.0000000000,-0.0013262333,-0.0000000013,0.0000000000
0.5803333333,0.0000095473,0.0000000000,0.0000000000,0.0001921377,0.0000000000,0.0000000000,-0.0013247102,-0.0000000013,0.0000000000
0.5805000000,0.0000095253,0.0000000000,0.0000000000,0.0001919171,0.0000000000,0.0000000000,-0.0013231889,-0.0000000013,0.0000000000
0.5806666667,0.0000095035,0.0000000000,0.0000000000,0.0001916966,0.0000000000,-0.0000000000,-0.0013216693,-0.0000000013,0.0000000000
0.5808333333,0.0000094817,0.0000000000,0.0000000000,0.0001914765,0.0000000000,-0.0000000000,-0.0013201514,-0.0000000013,0.0000000000
0.5810000000,0.0000094599,0.0000000000,0.0000000000,0.0001912566,0.0000000000,-0.0000000000,-0.0013186353,-0.0000000013,0.0000000000
0.5811666667,0.0000094382,0.0000000000,0.0000000000,0.0001910369,0.0000000000,0.0000000000,-0.0013171209,-0.0000000013,0.0000000000
0.5813333333,0.0000094165,0.0000000000,0.0000000000,0.0001908176,0.0000000000,0.0000000000,-0.0013156083,-0.0000000013,-0.0000000000
0.5815000000,0.0000093949,0.0000000000,0.0000000000,0.0001905984,0.0000000000,-0.0000000000,-0.0013140974,-0.0000000013,0.0000000000
0.5816666667,0.0000093733,0.0000000000,0.0000000000,0.0001903795,0.0000000000,0.0000000000,-0.0013125882,-0.0000000013,0.0000000000
0.5818333333,0.0000093518,0.0000000000,0.0000000000,0.0001901609,0.0000000000,-0.0000000000,-0.0013110808,-0.0000000013,0.0000000000
0.5820000000,0.0000093303,0.0000000000,0.0000000000,0.0001899425,0.0000000000,-0.0000000000,-0.0013095751,-0.0000000012,-0.0000000000
0.5821666667,0.0000093089,0.0000000000,0.0000000000,0.0001897244,0.0000000000,0.0000000000,-0.0013080711,-0.0000000012,0.0000000000
0.5823333333,0.0000092876,0.0000000000,0.0000000000,0.0001895065,0.0000000000,-0.0000000000,-0.0013065689,-0.0000000012,-0.0000000000
0.5825000000,0.0000092662,0.0000000000,0.0000000000,0.0001892888,0.0000000000,-0.0000000000,-0.0013050684,-0.0000000012,-0.0000000000
0.5826666667,0.0000092450,0.0000000000,0.0000000000,0.0001890714,0.0000000000,-0.0000000000,-0.0013035696,-0.0000000012,-0.0000000000
0.5828333333,0.0000092237,0.0000000000,0.0000000000,0.0001888543,0.0000000000,0.0000000000,-0.0013020725,-0.0000000012,-0.0000000000
0.5830000000,0.0000092026,0.0000000000,0.0000000000,0.0001886374,0.0000000000,-0.0000000000,-0.0013005771,-0.0000000012,0.0000000000
0.5831666667,0.0000091814,0.0000000000,0.0000000000,0.0001884208,0.0000000000,0.0000000000,-0.0012990835,-0.0000000012,0.0000000000
0.5833333333,0.0000091604,0.0000000000,0.0000000000,0.0001882044,0.0000000000,-0.0000000000,-0.0012975916,-0.0000000012,0.0000000000
0.5835000000,0.0000091393,0.0000000000,0.0000000000,0.0001879882,0.0000000000,0.0000000000,-0.0012961014,-0.0000000012,0.0000000000
0.5836666667,0.0000091184,0.0000000000,0.0000000000,0.0001877723,0.0000000000,0.0000000000,-0.0012946129,-0.0000000012,0.0000000000
0.5838333333,0.0000090974,0.0000000000,0.0000000000,0.0001875567,0.0000000000,-0.0000000000,-0.0012931261,-0.0000000012,0.0000000000
0.5840000000,0.0000090765,0.0000000000,0.0000000000,0.0001873413,0.0000000000,-0.0000000000,-0.0012916410,-0.0000000012,0.0000000000
0.5841666667,0.0000090557,0.0000000000,0.0000000000,0.0001871262,0.0000000000,-0.0000000000,-0.0012901576,-0.0000000012,0.0000000000
0.5843333333,0.0000090349,0.0000000000,0.0000000000,0.0001869113,0.0000000000,-0.0000000000,-0.0012886760,-0.0000000012,0.0000000000
0.5845000000,0.0000090142,0.0000000000,0.0000000000,0.0001866966,0.0000000000,-0.0000000000,-0.0012871960,-0.0000000011,0.0000000000
0.5846666667,0.0000089935,0.0000000000,0.0000000000,0.0001864822,0.0000000000,-0.0000000000,-0.0012857177,-0.0000000011,0.0000000000
0.5848333333,0.0000089728,0.0000000000,0.0000000000,0.0001862680,0.0000000000,-0.0000000000,-0.0012842412,-0.0000000011,0.0000000000
0.5850000000,0.0000089522,0.0000000000,0.0000000000,0.0001860541,0.0000000000,-0.0000000000,-0.0012827663,-0.0000000011,0.0000000000
0.5851666667,0.0000089317,0.0000000000,0.0000000000,0.0001858404,0.0000000000,0.0000000000,-0.0012812931,-0.0000000011,0.0000000000
0.5853333333,0.0000089112,0.0000000000,0.0000000000,0.0001856270,0.0000000000,-0.0000000000,-0.0012798216,-0.0000000011,0.0000000000
0.5855000000,0.0000088907,0.0000000000,0.0000000000,0.0001854138,0.0000000000,0.0000000000,-0.0012783518,-0.0000000011,0.0000000000
0.5856666667,0.0000088703,0.0000000000,0.0000000000,0.0001852009,0.0000000000,-0.0000000000,-0.0012768837,-0.0000000011,-0.0000000000
0.5858333333,0.0000088500,0.0000000000,0.0000000000,0.0001849882,0.0000000000,-0.0000000000,-0.0012754173,-0.0000000011,-0.0000000000
0.5860000000,0.0000088297,0.0000000000,0.0000000000,0.0001847757,0.0000000000,0.0000000000,-0.0012739525,-0.0000000011,-0.0000000000
0.5861666667,0.0000088094,0.0000000000,0.0000000000,0.0001845635,0.0000000000,-0.0000000000,-0.0012724895,-0.0000000011,-0.0000000000
0.5863333333,0.0000087892,0.0000000000,0.0000000000,0.0001843516,0.0000000000,-0.0000000000,-0.0012710281,-0.0000000011,-0.0000000000
0.5865000000,0.0000087690,0.0000000000,0.0000000000,0.0001841399,0.0000000000,-0.0000000000,-0.0012695684,-0.0000000011,-0.0000000000
0.5866666667,0.0000087489,0.0000000000,0.0000000000,0.0001839284,0.0000000000,0.0000000000,-0.0012681104,-0.0000000011,-0.0000000000
0.5868333333,0.0000087288,0.0000000000,0.0000000000,0.0001837172,0.0000000000,-0.0000000000,-0.0012666540,-0.0000000011,-0.0000000000
0.5870000000,0.0000087087,0.0000000000,0.0000000000,0.0001835062,0.0000000000,0.0000000000,-0.0012651993,-0.0000000011,-0.0000000000
0.5871666667,0.0000086887,0.0000000000,0.0000000000,0.0001832954,0.0000000000,0.0000000000,-0.0012637463,-0.0000000010,-0.0000000000
0.5873333333,0.0000086688,0.0000000000,0.0000000000,0.0001830849,0.0000000000,-0.0000000000,-0.0012622950,-0.0000000010,-0.0000000000
0.5875000000,0.0000086489,0.0000000000,0.0000000000,0.0001828747,0.0000000000,-0.0000000000,-0.0012608453,-0.0000000010,-0.0000000000
0.5876666667,0.0000086290,0.0000000000,0.0000000000,0.0001826646,0.0000000000,-0.0000000000,-0.0012593973,-0.0000000010,-0.0000000000
0.5878333333,0.0000086092,0.0000000000,0.0000000000,0.0001824549,0.0000000000,-0.0000000000,-0.0012579509,-0.0000000010,-0.0000000000
0.5880000000,0.0000085895,0.0000000000,0.0000000000,0.0001822453,0.0000000000,-0.0000000000,-0.0012565063,-0.0000000010,-0.0000000000
0.5881666667,0.0000085698,0.0000000000,0.0000000000,0.0001820360,0.0000000000,-0.0000000000,-0.0012550632,-0.0000000010,-0.0000000000
0.5883333333,0.0000085501,0.0000000000,0.0000000000,0.0001818270,0.0000000000,0.0000000000,-0.0012536219,-0.0000000010,-0.0000000000
0.5885000000,0.0000085305,0.0000000000,0.0000000000,0.0001816181,0.0000000000,-0.0000000000,-0.0012521822,-0.0000000010,-0.0000000000
0.5886666667,0.0000085109,0.0000000000,0.0000000000,0.0001814096,0.0000000000,0.0000000000,-0.0012507441,-0.0000000010,-0.0000000000
0.5888333333,0.0000084913,0.0000000000,0.0000000000,0.0001812012,0.0000000000,0.0000000000,-0.0012493077,-0.0000000010,-0.0000000000
0.5890000000,0.0000084718,0.0000000000,0.0000000000,0.0001809931,0.0000000000,-0.0000000000,-0.0012478729,-0.0000000010,-0.0000000000
0.5891666667,0.0000084524,0.0000000000,0.0000000000,0.0001807853,0.0000000000,-0.0000000000,-0.0012464398,-0.0000000010,-0.0000000000
0.5893333333,0.0000084330,0.0000000000,0.0000000000,0.0001805776,0.0000000000,-0.0000000000,-0.0012450084,-0.0000000010,-0.0000000000
0.5895000000,0.0000084136,0.0000000000,0.0000000000,0.0001803703,0.0000000000,-0.0000000000,-0.0012435785,-0.0000000010,-0.0000000000
0.5896666667,0.0000083943,0.0000000000,0.0000000000,0.0001801631,0.0000000000,-0.0000000000,-0.0012421504,-0.0000000010,-0.0000000000
0.5898333333,0.0000083750,0.0000000000,0.0000000000,0.0001799562,0.0000000000,0.0000000000,-0.0012407238,-0.0000000010,-0.0000000000
0.5900000000,0.0000083558,0.0000000000,0.0000000000,0.0001797495,0.0000000000,0.0000000000,-0.0012392989,-0.0000000010,-0.0000000000
0.5901666667,0.0000083366,0.0000000000,0.0000000000,0.0001795431,0.0000000000,-0.0000000000,-0.0012378757,-0.0000000009,-0.0000000000
0.5903333333,0.0000083175,0.0000000000,0.0000000000,0.0001793369,0.0000000000,0.0000000000,-0.0012364540,-0.0000000009,-0.0000000000
0.5905000000,0.0000082984,0.0000000000,0.0000000000,0.0001791310,0.0000000000,-0.0000000000,-0.0012350340,-0.0000000009,-0.0000000000
0.5906666667,0.0000082794,0.0000000000,0.0000000000,0.0001789252,0.0000000000,0.0000000000,-0.0012336157,-0.0000000009,-0.0000000000
0.5908333333,0.0000082604,0.0000000000,0.0000000000,0.0001787197,0.0000000000,-0.0000000000,-0.0012321989,-0.0000000009,-0.0000000000
0.5910000000,0.0000082414,0.0000000000,0.0000000000,0.0001785145,0.0000000000,0.0000000000,-0.0012307838,-0.0000000009,-0.0000000000
0.5911666667,0.0000082225,0.0000000000,0.0000000000,0.0001783095,0.0000000000,0.0000000000,-0.0012293704,-0.0000000009,-0.0000000000
0.5913333333,0.0000082036,0.0000000000,0.0000000000,0.0001781047,0.0000000000,-0.0000000000,-0.0012279585,-0.0000000009,-0.0000000000
0.5915000000,0.0000081848,0.0000000000,0.0000000000,0.0001779002,0.0000000000,-0.0000000000,-0.0012265483,-0.0000000009,-0.0000000000
0.5916666667,0.0000081660,0.0000000000,0.0000000000,0.0001776959,0.0000000000,-0.0000000000,-0.0012251396,-0.0000000009,0.0000000000
0.5918333333,0.0000081472,0.0000000000,0.0000000000,0.0001774918,0.0000000000,0.0000000000,-0.0012237326,-0.0000000009,-0.0000000000
0.5920000000,0.0000081285,0.0000000000,0.0000000000,0.0001772879,0.0000000000,-0.0000000000,-0.0012223272,-0.0000000009,-0.0000000000
0.5921666667,0.0000081099,0.0000000000,0.0000000000,0.0001770843,0.0000000000,-0.0000000000,-0.0012209235,-0.0000000009,-0.0000000000
0.5923333333,0.0000080913,0.0000000000,0.0000000000,0.0001768810,0.0000000000,0.0000000000,-0.0012195213,-0.0000000009,-0.0000000000
0.5925000000,0.0000080727,0.0000000000,0.0000000000,0.0001766778,0.0000000000,0.0000000000,-0.0012181208,-0.0000000009,-0.0000000000
0.5926666667,0.0000080541,0.0000000000,0.0000000000,0.0001764749,0.0000000000,-0.0000000000,-0.0012167218,-0.0000000009,-0.0000000000
0.5928333333,0.0000080357,0.0000000000,0.0000000000,0.0001762723,0.0000000000,0.0000000000,-0.0012153245,-0.0000000009,0.0000000000
0.5930000000,0.0000080172,0.0000000000,0.0000000000,0.0001760698,0.0000000000,0.0000000000,-0.0012139288,-0.0000000009,0.0000000000
0.5931666667,0.0000079988,0.0000000000,0.0000000000,0.0001758676,0.0000000000,-0.0000000000,-0.0012125346,-0.0000000009,0.0000000000
0.5933333333,0.0000079804,0.0000000000,0.0000000000,0.0001756656,0.0000000000,0.0000000000,-0.0012111421,-0.0000000009,0.0000000000
0.5935000000,0.0000079621,0.0000000000,0.0000000000,0.0001754639,0.0000000000,-0.0000000000,-0.0012097512,-0.0000000008,0.0000000000
0.5936666667,0.0000079438,0.0000000000,0.0000000000,0.0001752624,0.0000000000,0.0000000000,-0.0012083619,-0.0000000008,0.0000000000
0.5938333333,0.0000079256,0.0000000000,0.0000000000,0.0001750611,0.0000000000,0.0000000000,-0.0012069741,-0.0000000008,0.0000000000
0.5940000000,0.0000079074,0.0000000000,0.0000000000,0.0001748601,0.0000000000,0.0000000000,-0.0012055880,-0.0000000008,0.0000000000
0.5941666667,0.0000078893,0.0000000000,0.0000000000,0.0001746592,0.0000000000,-0.0000000000,-0.0012042034,-0.0000000008,0.0000000000
0.5943333333,0.0000078712,0.0000000000,0.0000000000,0.0001744587,0.0000000000,-0.0000000000,-0.0012028205,-0.0000000008,0.0000000000
0.5945000000,0.0000078531,0.0000000000,0.0000000000,0.0001742583,0.0000000000,0.0000000000,-0.0012014391,-0.0000000008,0.0000000000
0.5946666667,0.0000078351,0.0000000000,0.0000000000,0.0001740582,0.0000000000,0.0000000000,-0.0012000593,-0.0000000008,-0.0000000000
0.5948333333,0.0000078171,0.0000000000,0.0000000000,0.0001738583,0.0000000000,-0.0000000000,-0.0011986811,-0.0000000008,0.0000000000
0.5950000000,0.0000077991,0.0000000000,0.0000000000,0.0001736586,0.0000000000,-0.0000000000,-0.0011973045,-0.0000000008,0.0000000000
0.5951666667,0.0000077812,0.0000000000,0.0000000000,0.0001734592,0.0000000000,-0.0000000000,-0.0011959295,-0.0000000008,-0.0000000000
0.5953333333,0.0000077634,0.0000000000,0.0000000000,0.0001732600,0.0000000000,-0.0000000000,-0.0011945560,-0.0000000008,0.0000000000
0.5955000000,0.0000077455,0.0000000000,0.0000000000,0.0001730610,0.0000000000,0.0000000000,-0.0011931841,-0.0000000008,0.0000000000
0.5956666667,0.0000077278,0.0000000000,0.0000000000,0.0001728622,0.0000000000,-0.0000000000,-0.0011918138,-0.0000000008,0.0000000000
0.5958333333,0.0000077100,0.0000000000,0.0000000000,0.0001726637,0.0000000000,-0.0000000000,-0.0011904451,-0.0000000008,-0.0000000000
0.5960000000,0.0000076923,0.0000000000,0.0000000000,0.0001724654,0.0000000000,-0.0000000000,-0.0011890780,-0.0000000008,-0.0000000000
0.5961666667,0.0000076747,0.0000000000,0.0000000000,0.0001722674,0.0000000000,0.0000000000,-0.0011877124,-0.0000000008,-0.0000000000
0.5963333333,0.0000076570,0.0000000000,0.0000000000,0.0001720695,0.0000000000,-0.0000000000,-0.0011863483,-0.0000000008,-0.0000000000
0.5965000000,0.0000076395,0.0000000000,0.0000000000,0.0001718719,0.0000000000,-0.0000000000,-0.0011849859,-0.0000000008,-0.0000000000
0.5966666667,0.0000076219,0.0000000000,0.0000000000,0.0001716745,0.0000000000,0.0000000000,-0.0011836250,-0.0000000008,-0.0000000000
0.5968333333,0.0000076044,0.0000000000,0.0000000000,0.0001714774,0.0000000000,0.0000000000,-0.0011822657,-0.0000000008,-0.0000000000
0.5970000000,0.0000075870,0.0000000000,0.0000000000,0.0001712804,0.0000000000,-0.0000000000,-0.0011809079,-0.0000000008,-0.0000000000
0.5971666667,0.0000075696,0.0000000000,0.0000000000,0.0001710837,0.0000000000,0.0000000000,-0.0011795517,-0.0000000007,-0.0000000000
0.5973333333,0.0000075522,0.0000000000,0.0000000000,0.0001708872,0.0000000000,0.0000000000,-0.0011781971,-0.0000000007,-0.0000000000
0.5975000000,0.0000075349,0.0000000000,0.0000000000,0.0001706910,0.0000000000,-0.0000000000,-0.0011768440,-0.0000000007,-0.0000000000
0.5976666667,0.0000075176,0.0000000000,0.0000000000,0.0001704950,0.0000000000,-0.0000000000,-0.0011754924,-0.0000000007,-0.0000000000
0.5978333333,0.0000075003,0.0000000000,0.0000000000,0.0001702992,0.0000000000,0.0000000000,-0.0011741425,-0.0000000007,-0.0000000000
0.5980000000,0.0000074831,0.0000000000,0.0000000000,0.0001701036,0.0000000000,0.0000000000,-0.0011727940,-0.0000000007,-0.0000000000
0.5981666667,0.0000074659,0.0000000000,0.0000000000,0.0001699082,0.0000000000,-0.0000000000,-0.0011714471,-0.0000000007,-0.0000000000
0.5983333333,0.0000074488,0.0000000000,0.0000000000,0.0001697131,0.0000000000,0.0000000000,-0.0011701018,-0.0000000007,-0.0000000000
0.5985000000,0.0000074317,0.0000000000,0.0000000000,0.0001695182,0.0000000000,-0.0000000000,-0.0011687580,-0.0000000007,-0.0000000000
0.5986666667,0.0000074146,0.0000000000,0.0000000000,0.0001693235,0.0000000000,-0.0000000000,-0.0011674158,-0.0000000007,-0.0000000000
0.5988333333,0.0000073976,0.0000000000,0.0000000000,0.0001691291,0.0000000000,0.0000000000,-0.0011660750,-0.0000000007,-0.0000000000
0.5990000000,0.0000073806,0.0000000000,0.0000000000,0.0001689348,0.0000000000,-0.0000000000,-0.0011647359,-0.0000000007,-0.0000000000
0.5991666667,0.0000073637,0.0000000000,0.0000000000,0.0001687408,0.0000000000,-0.0000000000,-0.0011633982,-0.0000000007,-0.0000000000
0.5993333333,0.0000073468,0.0000000000,0.0000000000,0.0001685470,0.0000000000,-0.0000000000,-0.0011620621,-0.0000000007,-0.0000000000
0.5995000000,0.0000073299,0.0000000000,0.0000000000,0.0001683535,0.0000000000,-0.0000000000,-0.0011607276,-0.0000000007,-0.0000000000
0.5996666667,0.0000073131,0.0000000000,0.0000000000,0.0001681601,0.0000000000,-0.0000000000,-0.0011593946,-0.0000000007,-0.0000000000
0.5998333333,0.0000072963,0.0000000000,0.0000000000,0.0001679670,0.0000000000,-0.0000000000,-0.0011580631,-0.0000000007,-0.0000000000
0.6000000000,0.0000072795,0.0000000000,0.0000000000,0.0001677741,0.0000000000,0.0000000000,-0.0011567331,-0.0000000007,-0.0000000000
0.6001666667,0.0000072628,0.0000000000,0.0000000000,0.0001675814,0.0000000000,-0.0000000000,-0.0011554047,-0.0000000007,-0.0000000000
0.6003333333,0.0000072461,0.0000000000,0.0000000000,0.0001673889,0.0000000000,-0.0000000000,-0.0011540777,-0.0000000007,-0.0000000000
0.6005000000,0.0000072295,0.0000000000,0.0000000000,0.0001671967,0.0000000000,-0.0000000000,-0.0011527523,-0.0000000007,-0.0000000000
0.6006666667,0.0000072129,0.0000000000,0.0000000000,0.0001670047,0.0000000000,0.0000000000,-0.0011514285,-0.0000000007,-0.0000000000
0.6008333333,0.0000071964,0.0000000000,0.0000000000,0.0001668129,0.0000000000,0.0000000000,-0.0011501061,-0.0000000007,-0.0000000000
0.6010000000,0.0000071798,0.0000000000,0.0000000000,0.0001666213,0.0000000000,0.0000000000,-0.0011487853,-0.0000000007,-0.0000000000
0.6011666667,0.0000071634,0.0000000000,0.0000000000,0.0001664300,0.0000000000,-0.0000000000,-0.0011474660,-0.0000000007,-0.0000000000
0.6013333333,0.0000071469,0.0000000000,0.0000000000,0.0001662388,0.0000000000,0.0000000000,-0.0011461482,-0.0000000006,-0.0000000000
0.6015000000,0.0000071305,0.0000000000,0.0000000000,0.0001660479,0.0000000000,-0.0000000000,-0.0011448319,-0.0000000006,-0.0000000000
0.6016666667,0.0000071141,0.0000000000,0.0000000000,0.0001658572,0.0000000000,-0.0000000000,-0.0011435171,-0.0000000006,-0.0000000000
0.6018333333,0.0000070978,0.0000000000,0.0000000000,0.0001656667,0.0000000000,-0.0000000000,-0.0011422039,-0.0000000006,-0.0000000000
0.6020000000,0.0000070815,0.0000000000,0.0000000000,0.0001654765,0.0000000000,0.0000000000,-0.0011408921,-0.0000000006,-0.0000000000
0.6021666667,0.0000070653,0.0000000000,0.0000000000,0.0001652864,0.0000000000,-0.0000000000,-0.0011395819,-0.0000000006,-0.0000000000
0.6023333333,0.0000070490,0.0000000000,0.0000000000,0.0001650966,0.0000000000,-0.0000000000,-0.0011382731,-0.0000000006,-0.0000000000
0.6025000000,0.0000070329,0.0000000000,0.0000000000,0.0001649070,0.0000000000,0.0000000000,-0.0011369659,-0.0000000006,-0.0000000000
0.6026666667,0.0000070167,0.0000000000,0.0000000000,0.0001647176,0.0000000000,-0.0000000000,-0.0011356601,-0.0000000006,-0.0000000000
0.6028333333,0.0000070006,0.0000000000,0.0000000000,0.0001645285,0.0000000000,0.0000000000,-0.0011343559,-0.0000000006,-0.0000000000
0.6030000000,0.0000069845,0.0000000000,0.0000000000,0.0001643395,0.0000000000,0.0000000000,-0.0011330532,-0.0000000006,-0.0000000000
0.6031666667,0.0000069685,0.0000000000,0.0000000000,0.0001641508,0.0000000000,-0.0000000000,-0.0011317519,-0.0000000006,-0.0000000000
0.6033333333,0.0000069525,0.0000000000,0.0000000000,0.0001639623,0.0000000000,0.0000000000,-0.0011304522,-0.0000000006,-0.0000000000
0.6035000000,0.0000069365,0.0000000000,0.0000000000,0.0001637740,0.0000000000,-0.0000000000,-0.0011291539,-0.0000000006,-0.0000000000
0.6036666667,0.0000069206,0.0000000000,0.0000000000,0.0001635859,0.0000000000,0.0000000000,-0.0011278571,-0.0000000006,-0.0000000000
0.6038333333,0.0000069047,0.0000000000,0.0000000000,0.0001633980,0.0000000000,-0.0000000000,-0.0011265619,-0.0000000006,-0.0000000000
0.6040000000,0.0000068889,0.0000000000,0.0000000000,0.0001632104,0.0000000000,-0.0000000000,-0.0011252681,-0.0000000006,-0.0000000000
0.6041666667,0.0000068731,0.0000000000,0.0000000000,0.0001630229,0.0000000000,0.0000000000,-0.0011239758,-0.0000000006,-0.0000000000
0.6043333333,0.0000068573,0.0000000000,0.0000000000,0.0001628357,0.0000000000,-0.0000000000,-0.0011226849,-0.0000000006,-0.0000000000
0.6045000000,0.0000068416,0.0000000000,0.0000000000,0.0001626487,0.0000000000,-0.0000000000,-0.0011213956,-0.0000000006,-0.0000000000
0.6046666667,0.0000068258,0.0000000000,0.0000000000,0.0001624619,0.0000000000,-0.0000000000,-0.0011201077,-0.0000000006,-0.0000000000
0.6048333333,0.0000068102,0.0000000000,0.0000000000,0.0001622753,0.0000000000,-0.0000000000,-0.0011188214,-0.0000000006,-0.0000000000
0.6050000000,0.0000067945,0.0000000000,0.0000000000,0.0001620890,0.0000000000,-0.0000000000,-0.0011175365,-0.0000000006,-0.0000000000
0.6051666667,0.0000067789,0.0000000000,0.0000000000,0.0001619028,0.0000000000,-0.0000000000,-0.0011162530,-0.0000000006,-0.0000000000
0.6053333333,0.0000067634,0.0000000000,0.0000000000,0.0001617169,0.0000000000,-0.0000000000,-0.0011149711,-0.0000000006,-0.0000000000
0.6055000000,0.0000067479,0.0000000000,0.0000000000,0.0001615311,0.0000000000,-0.0000000000,-0.0011136906,-0.0000000006,-0.0000000000
0.6056666667,0.0000067324,0.0000000000,0.0000000000,0.0001613456,0.0000000000,-0.0000000000,-0.0011124116,-0.0000000006,-0.0000000000
0.6058333333,0.0000067169,0.0000000000,0.0000000000,0.0001611603,0.0000000000,-0.0000000000,-0.0011111341,-0.0000000006,-0.0000000000
0.6060000000,0.0000067015,0.0000000000,0.0000000000,0.0001609753,0.0000000000,-0.0000000000,-0.0011098580,-0.0000000006,-0.0000000000
0.6061666667,0.0000066861,0.0000000000,0.0000000000,0.0001607904,0.0000000000,-0.0000000000,-0.0011085834,-0.0000000005,-0.0000000000
0.6063333333,0.0000066708,0.0000000000,0.0000000000,0.0001606057,0.0000000000,-0.0000000000,-0.0011073102,-0.0000000005,-0.0000000000
0.6065000000,0.0000066555,0.0000000000,0.0000000000,0.0001604213,0.0000000000,-0.0000000000,-0.0011060386,-0.0000000005,-0.0000000000
0.6066666667,0.0000066402,0.0000000000,0.0000000000,0.0001602370,0.0000000000,-0.0000000000,-0.0011047683,-0.0000000005,-0.0000000000
0.6068333333,0.0000066249,0.0000000000,0.0000000000,0.0001600530,0.0000000000,-0.0000000000,-0.0011034996,-0.0000000005,-0.0000000000
0.6070000000,0.0000066097,0.0000000000,0.0000000000,0.0001598692,0.0000000000,-0.0000000000,-0.0011022323,-0.0000000005,-0.0000000000
0.6071666667,0.0000065945,0.0000000000,0.0000000000,0.0001596856,0.0000000000,-0.0000000000,-0.0011009664,-0.0000000005,-0.0000000000
0.6073333333,0.0000065794,0.0000000000,0.0000000000,0.0001595022,0.0000000000,-0.0000000000,-0.0010997020,-0.0000000005,-0.0000000000
0.6075000000,0.0000065643,0.0000000000,0.0000000000,0.0001593190,0.0000000000,-0.0000000000,-0.0010984391,-0.0000000005,0.0000000000
0.6076666667,0.0000065492,0.0000000000,0.0000000000,0.0001591361,0.0000000000,0.0000000000,-0.0010971776,-0.0000000005,-0.0000000000
0.6078333333,0.0000065342,0.0000000000,0.0000000000,0.0001589533,0.0000000000,-0.0000000000,-0.0010959175,-0.0000000005,-0.0000000000
0.6080000000,0.0000065192,0.0000000000,0.0000000000,0.0001587708,0.0000000000,-0.0000000000,-0.0010946589,-0.0000000005,-0.0000000000
0.6081666667,0.0000065042,0.0000000000,0.0000000000,0.0001585884,0.0000000000,-0.0000000000,-0.0010934018,-0.0000000005,-0.0000000000
0.6083333333,0.0000064893,0.0000000000,0.0000000000,0.0001584063,0.0000000000,-0.0000000000,-0.0010921461,-0.0000000005,0.0000000000
0.6085000000,0.0000064744,0.0000000000,0.0000000000,0.0001582244,0.0000000000,-0.0000000000,-0.0010908918,-0.0000000005,0.0000000000
0.6086666667,0.0000064596,0.0000000000,0.0000000000,0.0001580427,0.0000000000,-0.0000000000,-0.0010896390,-0.0000000005,0.0000000000
0.6088333333,0.0000064447,0.0000000000,0.0000000000,0.0001578612,0.0000000000,-0.0000000000,-0.0010883876,-0.0000000005,-0.0000000000
0.6090000000,0.0000064299,0.0000000000,0.0000000000,0.0001576799,0.0000000000,-0.0000000000,-0.0010871377,-0.0000000005,0.0000000000
0.6091666667,0.0000064152,0.0000000000,0.0000000000,0.0001574988,0.0000000000,-0.0000000000,-0.0010858891,-0.0000000005,0.0000000000
0.6093333333,0.0000064004,0.0000000000,0.0000000000,0.0001573179,0.0000000000,-0.0000000000,-0.0010846421,-0.0000000005,-0.0000000000
0.6095000000,0.0000063857,0.0000000000,0.0000000000,0.0001571372,0.0000000000,0.0000000000,-0.0010833964,-0.0000000005,0.0000000000
0.6096666667,0.0000063711,0.0000000000,0.0000000000,0.0001569568,0.0000000000,-0.0000000000,-0.0010821522,-0.0000000005,-0.0000000000
0.6098333333,0.0000063565,0.0000000000,0.0000000000,0.0001567765,0.0000000000,0.0000000000,-0.0010809094,-0.0000000005,-0.0000000000
0.6100000000,0.0000063419,0.0000000000,0.0000000000,0.0001565965,0.0000000000,-0.0000000000,-0.0010796680,-0.0000000005,-0.0000000000
0.6101666667,0.0000063273,0.0000000000,0.0000000000,0.0001564166,0.0000000000,-0.0000000000,-0.0010784281,-0.0000000005,0.0000000000
0.6103333333,0.0000063128,0.0000000000,0.0000000000,0.0001562370,0.0000000000,-0.0000000000,-0.0010771896,-0.0000000005,0.0000000000
0.6105000000,0.0000062983,0.0000000000,0.0000000000,0.0001560576,0.0000000000,-0.0000000000,-0.0010759525,-0.0000000005,0.0000000000
0.6106666667,0.0000062838,0.0000000000,0.0000000000,0.0001558783,0.0000000000,-0.0000000000,-0.0010747168,-0.0000000005,0.0000000000
0.6108333333,0.0000062694,0.0000000000,0.0000000000,0.0001556993,0.0000000000,-0.0000000000,-0.0010734826,-0.0000000005,-0.0000000000
0.6110000000,0.0000062550,0.0000000000,0.0000000000,0.0001555205,0.0000000000,-0.0000000000,-0.0010722498,-0.0000000005,-0.0000000000
0.6111666667,0.0000062407,0.0000000000,0.0000000000,0.0001553419,0.0000000000,-0.0000000000,-0.0010710183,-0.0000000005,-0.0000000000
0.6113333333,0.0000062263,0.0000000000,0.0000000000,0.0001551635,0.0000000000,-0.0000000000,-0.0010697883,-0.0000000005,0.0000000000
0.6115000000,0.0000062120,0.0000000000,0.0000000000,0.0001549853,0.0000000000,-0.0000000000,-0.0010685597,-0.0000000005,0.0000000000
0.6116666667,0.0000061978,0.0000000000,0.0000000000,0.0001548073,0.0000000000,-0.0000000000,-0.0010673326,-0.0000000005,0.0000000000
0.6118333333,0.0000061836,0.0000000000,0.0000000000,0.0001546295,0.0000000000,-0.0000000000,-0.0010661068,-0.0000000005,0.0000000000
0.6120000000,0.0000061694,0.0000000000,0.0000000000,0.0001544519,0.0000000000,-0.0000000000,-0.0010648824,-0.0000000005,0.0000000000
0.6121666667,0.0000061552,0.0000000000,0.0000000000,0.0001542746,0.0000000000,-0.0000000000,-0.0010636595,-0.0000000004,0.0000000000
0.6123333333,0.0000061411,0.0000000000,0.0000000000,0.0001540974,0.0000000000,-0.0000000000,-0.0010624379,-0.0000000004,0.0000000000
0.6125000000,0.0000061270,0.0000000000,0.0000000000,0.0001539204,0.0000000000,-0.0000000000,-0.0010612178,-0.0000000004,0.0000000000
0.6126666667,0.0000061129,0.0000000000,0.0000000000,0.0001537436,0.0000000000,-0.0000000000,-0.0010599990,-0.0000000004,0.0000000000
0.6128333333,0.0000060989,0.0000000000,0.0000000000,0.0001535671,0.0000000000,-0.0000000000,-0.0010587817,-0.0000000004,0.0000000000
0.6130000000,0.0000060849,0.0000000000,0.0000000000,0.0001533907,0.0000000000,-0.0000000000,-0.0010575657,-0.0000000004,0.0000000000
0.6131666667,0.0000060709,0.0000000000,0.0000000000,0.0001532146,0.0000000000,-0.0000000000,-0.0010563512,-0.0000000004,0.0000000000
0.6133333333,0.0000060570,0.0000000000,0.0000000000,0.0001530386,0.0000000000,-0.0000000000,-0.0010551380,-0.0000000004,0.0000000000
0.6135000000,0.0000060431,0.0000000000,0.0000000000,0.0001528628,0.0000000000,-0.0000000000,-0.0010539263,-0.0000000004,0.0000000000
0.6136666667,0.0000060292,0.0000000000,0.0000000000,0.0001526873,0.0000000000,-0.0000000000,-0.0010527159,-0.0000000004,0.0000000000
0.6138333333,0.0000060154,0.0000000000,0.0000000000,0.0001525119,0.0000000000,-0.0000000000,-0.0010515069,-0.0000000004,0.0000000000
0.6140000000,0.0000060015,0.0000000000,0.0000000000,0.0001523368,0.0000000000,-0.0000000000,-0.0010502993,-0.0000000004,0.0000000000
0.6141666667,0.0000059878,0.0000000000,0.0000000000,0.0001521618,0.0000000000,0.0000000000,-0.0010490931,-0.0000000004,0.0000000000
0.6143333333,0.0000059740,0.0000000000,0.0000000000,0.0001519871,0.0000000000,-0.0000000000,-0.0010478883,-0.0000000004,0.0000000000
0.6145000000,0.0000059603,0.0000000000,0.0000000000,0.0001518125,0.0000000000,-0.0000000000,-0.0010466848,-0.0000000004,0.0000000000
0.6146666667,0.0000059466,0.0000000000,0.0000000000,0.0001516382,0.0000000000,-0.0000000000,-0.0010454828,-0.0000000004,0.0000000000
0.6148333333,0.0000059330,0.0000000000,0.0000000000,0.0001514640,0.0000000000,-0.0000000000,-0.0010442821,-0.0000000004,0.0000000000
0.6150000000,0.0000059194,0.0000000000,0.0000000000,0.0001512901,0.0000000000,-0.0000000000,-0.0010430828,-0.0000000004,0.0000000000
0.6151666667,0.0000059058,0.0000000000,0.0000000000,0.0001511164,0.0000000000,-0.0000000000,-0.0010418849,-0.0000000004,0.0000000000
0.6153333333,0.0000058922,0.0000000000,0.0000000000,0.0001509428,0.0000000000,-0.0000000000,-0.0010406883,-0.0000000004,0.0000000000
0.6155000000,0.0000058787,0.0000000000,0.0000000000,0.0001507695,0.0000000000,-0.0000000000,-0.0010394932,-0.0000000004,0.0000000000
0.6156666667,0.0000058652,0.0000000000,0.0000000000,0.0001505963,0.0000000000,-0.0000000000,-0.0010382994,-0.0000000004,0.0000000000
0.6158333333,0.0000058517,0.0000000000,0.0000000000,0.0001504234,0.0000000000,-0.0000000000,-0.0010371070,-0.0000000004,0.0000000000
0.6160000000,0.0000058383,0.0000000000,0.0000000000,0.0001502506,0.0000000000,0.0000000000,-0.0010359159,-0.0000000004,0.0000000000
0.6161666667,0.0000058249,0.0000000000,0.0000000000,0.0001500780,0.0000000000,0.0000000000,-0.0010347262,-0.0000000004,0.0000000000
0.6163333333,0.0000058115,0.0000000000,0.0000000000,0.0001499057,0.0000000000,0.0000000000,-0.0010335379,-0.0000000004,0.0000000000
0.6165000000,0.0000057982,0.0000000000,0.0000000000,0.0001497335,0.0000000000,0.0000000000,-0.0010323509,-0.0000000004,0.0000000000
0.6166666667,0.0000057849,0.0000000000,0.0000000000,0.0001495616,0.0000000000,-0.0000000000,-0.0010311653,-0.0000000004,0.0000000000
0.6168333333,0.0000057716,0.0000000000,0.0000000000,0.0001493898,0.0000000000,-0.0000000000,-0.0010299811,-0.0000000004,0.0000000000
0.6170000000,0.0000057583,0.0000000000,0.0000000000,0.0001492182,0.0000000000,-0.0000000000,-0.0010287982,-0.0000000004,0.0000000000
0.6171666667,0.0000057451,0.0000000000,0.0000000000,0.0001490469,0.0000000000,-0.0000000000,-0.0010276167,-0.0000000004,0.0000000000
0.6173333333,0.0000057319,0.0000000000,0.0000000000,0.0001488757,0.0000000000,-0.0000000000,-0.0010264366,-0.0000000004,0.0000000000
0.6175000000,0.0000057188,0.0000000000,0.0000000000,0.0001487047,0.0000000000,-0.0000000000,-0.0010252578,-0.0000000004,0.0000000000
0.6176666667,0.0000057056,0.0000000000,0.0000000000,0.0001485339,0.0000000000,-0.0000000000,-0.0010240803,-0.0000000004,0.0000000000
0.6178333333,0.0000056926,0.0000000000,0.0000000000,0.0001483634,0.0000000000,-0.0000000000,-0.0010229042,-0.0000000004,0.0000000000
0.6180000000,0.0000056795,0.0000000000,0.0000000000,0.0001481930,0.0000000000,-0.0000000000,-0.0010217295,-0.0000000004,0.0000000000
0.6181666667,0.0000056664,0.0000000000,0.0000000000,0.0001480228,0.0000000000,-0.0000000000,-0.0010205561,-0.0000000004,0.0000000000
0.6183333333,0.0000056534,0.0000000000,0.0000000000,0.0001478528,0.0000000000,-0.0000000000,-0.0010193840,-0.0000000004,0.0000000000
0.6185000000,0.0000056405,0.0000000000,0.0000000000,0.0001476830,0.0000000000,-0.0000000000,-0.0010182133,-0.0000000004,0.0000000000
0.6186666667,0.0000056275,0.0000000000,0.0000000000,0.0001475134,0.0000000000,-0.0000000000,-0.0010170440,-0.0000000004,0.0000000000
0.6188333333,0.0000056146,0.0000000000,0.0000000000,0.0001473440,0.0000000000,-0.0000000000,-0.0010158759,-0.0000000004,0.0000000000
0.6190000000,0.0000056017,0.0000000000,0.0000000000,0.0001471748,0.0000000000,-0.0000000000,-0.0010147093,-0.0000000004,0.0000000000
0.6191666667,0.0000055888,0.0000000000,0.0000000000,0.0001470057,0.0000000000,-0.0000000000,-0.0010135439,-0.0000000004,0.0000000000
0.6193333333,0.0000055760,0.0000000000,0.0000000000,0.0001468369,0.0000000000,0.0000000000,-0.0010123799,-0.0000000004,0.0000000000
0.6195000000,0.0000055632,0.0000000000,0.0000000000,0.0001466683,0.0000000000,0.0000000000,-0.0010112173,-0.0000000003,0.0000000000
0.6196666667,0.0000055504,0.0000000000,0.0000000000,0.0001464998,0.0000000000,-0.0000000000,-0.0010100559,-0.0000000003,0.0000000000
0.6198333333,0.0000055377,0.0000000000,0.0000000000,0.0001463316,0.0000000000,-0.0000000000,-0.0010088960,-0.0000000003,0.0000000000
0.6200000000,0.0000055250,0.0000000000,0.0000000000,0.0001461635,0.0000000000,-0.0000000000,-0.0010077373,-0.0000000003,0.0000000000
0.6201666667,0.0000055123,0.0000000000,0.0000000000,0.0001459957,0.0000000000,-0.0000000000,-0.0010065800,-0.0000000003,0.0000000000
0.6203333333,0.0000054997,0.0000000000,0.0000000000,0.0001458280,0.0000000000,-0.0000000000,-0.0010054240,-0.0000000003,0.0000000000
0.6205000000,0.0000054870,0.0000000000,0.0000000000,0.0001456605,0.0000000000,-0.0000000000,-0.0010042693,-0.0000000003,0.0000000000
0.6206666667,0.0000054744,0.0000000000,0.0000000000,0.0001454933,0.0000000000,-0.0000000000,-0.0010031160,-0.0000000003,0.0000000000
0.6208333333,0.0000054619,0.0000000000,0.0000000000,0.0001453262,0.0000000000,-0.0000000000,-0.0010019639,-0.0000000003,0.0000000000
0.6210000000,0.0000054493,0.0000000000,0.0000000000,0.0001451593,0.0000000000,-0.0000000000,-0.0010008132,-0.0000000003,0.0000000000
0.6211666667,0.0000054368,0.0000000000,0.0000000000,0.0001449926,0.0000000000,0.0000000000,-0.0009996639,-0.0000000003,0.0000000000
0.6213333333,0.0000054243,0.0000000000,0.0000000000,0.0001448260,0.0000000000,-0.0000000000,-0.0009985158,-0.0000000003,0.0000000000
0.6215000000,0.0000054119,0.0000000000,0.0000000000,0.0001446597,0.0000000000,-0.0000000000,-0.0009973691,-0.0000000003,0.0000000000
0.6216666667,0.0000053995,0.0000000000,0.0000000000,0.0001444936,0.0000000000,0.0000000000,-0.0009962236,-0.0000000003,0.0000000000
0.6218333333,0.0000053871,0.0000000000,0.0000000000,0.0001443276,0.0000000000,-0.0000000000,-0.0009950795,-0.0000000003,0.0000000000
0.6220000000,0.0000053747,0.0000000000,0.0000000000,0.0001441619,0.0000000000,-0.0000000000,-0.0009939368,-0.0000000003,0.0000000000
0.6221666667,0.0000053624,0.0000000000,0.0000000000,0.0001439963,0.0000000000,-0.0000000000,-0.0009927953,-0.0000000003,0.0000000000
0.6223333333,0.0000053501,0.0000000000,0.0000000000,0.0001438310,0.0000000000,0.0000000000,-0.0009916551,-0.0000000003,0.0000000000
0.6225000000,0.0000053378,0.0000000000,0.0000000000,0.0001436658,0.0000000000,-0.0000000000,-0.0009905162,-0.0000000003,0.0000000000
0.6226666667,0.0000053255,0.0000000000,0.0000000000,0.0001435008,0.0000000000,-0.0000000000,-0.0009893787,-0.0000000003,0.0000000000
0.6228333333,0.0000053133,0.0000000000,0.0000000000,0.0001433360,0.0000000000,0.0000000000,-0.0009882425,-0.0000000003,0.0000000000
0.6230000000,0.0000053011,0.0000000000,0.0000000000,0.0001431714,0.0000000000,-0.0000000000,-0.0009871075,-0.0000000003,0.0000000000
0.6231666667,0.0000052889,0.0000000000,0.0000000000,0.0001430069,0.0000000000,0.0000000000,-0.0009859739,-0.0000000003,0.0000000000
0.6233333333,0.0000052768,0.0000000000,0.0000000000,0.0001428427,0.0000000000,-0.0000000000,-0.0009848415,-0.0000000003,0.0000000000
0.6235000000,0.0000052647,0.0000000000,0.0000000000,0.0001426787,0.0000000000,-0.0000000000,-0.0009837105,-0.0000000003,0.0000000000
0.6236666667,0.0000052526,0.0000000000,0.0000000000,0.0001425148,0.0000000000,0.0000000000,-0.0009825808,-0.0000000003,0.0000000000
0.6238333333,0.0000052405,0.0000000000,0.0000000000,0.0001423511,0.0000000000,-0.0000000000,-0.0009814523,-0.0000000003,0.0000000000
0.6240000000,0.0000052285,0.0000000000,0.0000000000,0.0001421877,0.0000000000,-0.0000000000,-0.0009803252,-0.0000000003,0.0000000000
0.6241666667,0.0000052165,0.0000000000,0.0000000000,0.0001420244,0.0000000000,-0.0000000000,-0.0009791994,-0.0000000003,0.0000000000
0.6243333333,0.0000052045,0.0000000000,0.0000000000,0.0001418613,0.0000000000,-0.0000000000,-0.0009780748,-0.0000000003,0.0000000000
0.6245000000,0.0000051926,0.0000000000,0.0000000000,0.0001416983,0.0000000000,-0.0000000000,-0.0009769515,-0.0000000003,0.0000000000
0.6246666667,0.0000051807,0.0000000000,0.0000000000,0.0001415356,0.0000000000,-0.0000000000,-0.0009758296,-0.0000000003,0.0000000000
0.6248333333,0.0000051688,0.0000000000,0.0000000000,0.0001413731,0.0000000000,-0.0000000000,-0.0009747089,-0.0000000003,0.0000000000
0.6250000000,0.0000051569,0.0000000000,0.0000000000,0.0001412107,0.0000000000,0.0000000000,-0.0009735895,-0.0000000003,0.0000000000
0.6251666667,0.0000051451,0.0000000000,0.0000000000,0.0001410485,0.0000000000,-0.0000000000,-0.0009724714,-0.0000000003,0.0000000000
0.6253333333,0.0000051333,0.0000000000,0.0000000000,0.0001408865,0.0000000000,-0.0000000000,-0.0009713545,-0.0000000003,0.0000000000
0.6255000000,0.0000051215,0.0000000000,0.0000000000,0.0001407247,0.0000000000,-0.0000000000,-0.0009702390,-0.0000000003,0.0000000000
0.6256666667,0.0000051097,0.0000000000,0.0000000000,0.0001405631,0.0000000000,-0.0000000000,-0.0009691247,-0.0000000003,0.0000000000
0.6258333333,0.0000050980,0.0000000000,0.0000000000,0.0001404017,0.0000000000,-0.0000000000,-0.0009680118,-0.0000000003,0.0000000000
0.6260000000,0.0000050863,0.0000000000,0.0000000000,0.0001402405,0.0000000000,-0.0000000000,-0.0009669001,-0.0000000003,0.0000000000
0.6261666667,0.0000050746,0.0000000000,0.0000000000,0.0001400794,0.0000000000,-0.0000000000,-0.0009657896,-0.0000000003,0.0000000000
0.6263333333,0.0000050630,0.0000000000,0.0000000000,0.0001399185,0.0000000000,-0.0000000000,-0.0009646805,-0.0000000003,0.0000000000
0.6265000000,0.0000050513,0.0000000000,0.0000000000,0.0001397578,0.0000000000,-0.0000000000,-0.0009635726,-0.0000000003,0.0000000000
0.6266666667,0.0000050397,0.0000000000,0.0000000000,0.0001395973,0.0000000000,0.0000000000,-0.0009624660,-0.0000000003,0.0000000000
0.6268333333,0.0000050282,0.0000000000,0.0000000000,0.0001394370,0.0000000000,-0.0000000000,-0.0009613606,-0.0000000003,0.0000000000
0.6270000000,0.0000050166,0.0000000000,0.0000000000,0.0001392769,0.0000000000,-0.0000000000,-0.0009602566,-0.0000000003,0.0000000000
0.6271666667,0.0000050051,0.0000000000,0.0000000000,0.0001391169,0.0000000000,-0.0000000000,-0.0009591538,-0.0000000003,0.0000000000
0.6273333333,0.0000049936,0.0000000000,0.0000000000,0.0001389572,0.0000000000,0.0000000000,-0.0009580522,-0.0000000003,0.0000000000
0.6275000000,0.0000049822,0.0000000000,0.0000000000,0.0001387976,0.0000000000,-0.0000000000,-0.0009569520,-0.0000000003,0.0000000000
0.6276666667,0.0000049707,0.0000000000,0.0000000000,0.0001386382,0.0000000000,-0.0000000000,-0.0009558530,-0.0000000003,0.0000000000
0.6278333333,0.0000049593,0.0000000000,0.0000000000,0.0001384790,0.0000000000,-0.0000000000,-0.0009547552,-0.0000000003,0.0000000000
0.6280000000,0.0000049479,0.0000000000,0.0000000000,0.0001383199,0.0000000000,-0.0000000000,-0.0009536588,-0.0000000003,0.0000000000
0.6281666667,0.0000049366,0.0000000000,0.0000000000,0.0001381611,0.0000000000,-0.0000000000,-0.0009525635,-0.0000000003,0.0000000000
0.6283333333,0.0000049252,0.0000000000,0.0000000000,0.0001380024,0.0000000000,-0.0000000000,-0.0009514696,-0.0000000003,0.0000000000
0.6285000000,0.0000049139,0.0000000000,0.0000000000,0.0001378439,0.0000000000,-0.0000000000,-0.0009503769,-0.0000000003,0.0000000000
0.6286666667,0.0000049026,0.0000000000,0.0000000000,0.0001376856,0.0000000000,0.0000000000,-0.0009492854,-0.0000000003,0.0000000000
0.6288333333,0.0000048914,0.0000000000,0.0000000000,0.0001375275,0.0000000000,-0.0000000000,-0.0009481952,-0.0000000003,0.0000000000
0.6290000000,0.0000048802,0.0000000000,0.0000000000,0.0001373695,0.0000000000,0.0000000000,-0.0009471063,-0.0000000003,0.0000000000
0.6291666667,0.0000048690,0.0000000000,0.0000000000,0.0001372118,0.0000000000,-0.0000000000,-0.0009460186,-0.0000000003,0.0000000000
0.6293333333,0.0000048578,0.0000000000,0.0000000000,0.0001370542,0.0000000000,-0.0000000000,-0.0009449321,-0.0000000003,0.0000000000
0.6295000000,0.0000048466,0.0000000000,0.0000000000,0.0001368968,0.0000000000,0.0000000000,-0.0009438469,-0.0000000002,0.0000000000
0.6296666667,0.0000048355,0.0000000000,0.0000000000,0.0001367396,0.0000000000,-0.0000000000,-0.0009427630,-0.0000000002,0.0000000000
0.6298333333,0.0000048244,0.0000000000,0.0000000000,0.0001365825,0.0000000000,0.0000000000,-0.0009416803,-0.0000000002,0.0000000000
0.6300000000,0.0000048133,0.0000000000,0.0000000000,0.0001364257,0.0000000000,-0.0000000000,-0.0009405988,-0.0000000002,0.0000000000
0.6301666667,0.0000048023,0.0000000000,0.0000000000,0.0001362690,0.0000000000,0.0000000000,-0.0009395186,-0.0000000002,0.0000000000
0.6303333333,0.0000047913,0.0000000000,0.0000000000,0.0001361125,0.0000000000,-0.0000000000,-0.0009384396,-0.0000000002,0.0000000000
0.6305000000,0.0000047803,0.0000000000,0.0000000000,0.0001359562,0.0000000000,-0.0000000000,-0.0009373618,-0.0000000002,0.0000000000
0.6306666667,0.0000047693,0.0000000000,0.0000000000,0.0001358001,0.0000000000,-0.0000000000,-0.0009362853,-0.0000000002,0.0000000000
0.6308333333,0.0000047583,0.0000000000,0.0000000000,0.0001356441,0.0000000000,-0.0000000000,-0.0009352101,-0.0000000002,0.0000000000
0.6310000000,0.0000047474,0.0000000000,0.0000000000,0.0001354883,0.0000000000,0.0000000000,-0.0009341360,-0.0000000002,-0.0000000000
0.6311666667,0.0000047365,0.0000000000,0.0000000000,0.0001353327,0.0000000000,-0.0000000000,-0.0009330632,-0.0000000002,-0.0000000000
0.6313333333,0.0000047256,0.0000000000,0.0000000000,0.0001351773,0.0000000000,-0.0000000000,-0.0009319917,-0.0000000002,-0.0000000000
0.6315000000,0.0000047148,0.0000000000,0.0000000000,0.0001350220,0.0000000000,-0.0000000000,-0.0009309213,-0.0000000002,-0.0000000000
0.6316666667,0.0000047040,0.0000000000,0.0000000000,0.0001348670,0.0000000000,-0.0000000000,-0.0009298522,-0.0000000002,0.0000000000
0.6318333333,0.0000046932,0.0000000000,0.0000000000,0.0001347121,0.0000000000,0.0000000000,-0.0009287843,-0.0000000002,-0.0000000000
0.6320000000,0.0000046824,0.0000000000,0.0000000000,0.0001345574,0.0000000000,-0.0000000000,-0.0009277177,-0.0000000002,-0.0000000000
0.6321666667,0.0000046717,0.0000000000,0.0000000000,0.0001344029,0.0000000000,-0.0000000000,-0.0009266523,-0.0000000002,-0.0000000000
0.6323333333,0.0000046609,0.0000000000,0.0000000000,0.0001342485,0.0000000000,0.0000000000,-0.0009255880,-0.0000000002,-0.0000000000
0.6325000000,0.0000046502,0.0000000000,0.0000000000,0.0001340943,0.0000000000,-0.0000000000,-0.0009245251,-0.0000000002,0.0000000000
0.6326666667,0.0000046396,0.0000000000,0.0000000000,0.0001339403,0.0000000000,-0.0000000000,-0.0009234633,-0.0000000002,0.0000000000
0.6328333333,0.0000046289,0.0000000000,0.0000000000,0.0001337865,0.0000000000,0.0000000000,-0.0009224028,-0.0000000002,0.0000000000
0.6330000000,0.0000046183,0.0000000000,0.0000000000,0.0001336329,0.0000000000,-0.0000000000,-0.0009213434,-0.0000000002,-0.0000000000
0.6331666667,0.0000046077,0.0000000000,0.0000000000,0.0001334794,0.0000000000,0.0000000000,-0.0009202853,-0.0000000002,-0.0000000000
0.6333333333,0.0000045971,0.0000000000,0.0000000000,0.0001333261,0.0000000000,-0.0000000000,-0.0009192284,-0.0000000002,-0.0000000000
0.6335000000,0.0000045865,0.0000000000,0.0000000000,0.0001331730,0.0000000000,-0.0000000000,-0.0009181727,-0.0000000002,-0.0000000000
0.6336666667,0.0000045760,0.0000000000,0.0000000000,0.0001330200,0.0000000000,-0.0000000000,-0.0009171183,-0.0000000002,-0.0000000000
0.6338333333,0.0000045655,0.0000000000,0.0000000000,0.0001328673,0.0000000000,-0.0000000000,-0.0009160650,-0.0000000002,-0.0000000000
0.6340000000,0.0000045550,0.0000000000,0.0000000000,0.0001327147,0.0000000000,-0.0000000000,-0.0009150130,-0.0000000002,-0.0000000000
0.6341666667,0.0000045446,0.0000000000,0.0000000000,0.0001325623,0.0000000000,-0.0000000000,-0.0009139621,-0.0000000002,-0.0000000000
0.6343333333,0.0000045341,0.0000000000,0.0000000000,0.0001324100,0.0000000000,-0.0000000000,-0.0009129125,-0.0000000002,0.0000000000
0.6345000000,0.0000045237,0.0000000000,0.0000000000,0.0001322580,0.0000000000,-0.0000000000,-0.0009118641,-0.0000000002,-0.0000000000
0.6346666667,0.0000045134,0.0000000000,0.0000000000,0.0001321061,0.0000000000,-0.0000000000,-0.0009108169,-0.0000000002,-0.0000000000
0.6348333333,0.0000045030,0.0000000000,0.0000000000,0.0001319544,0.0000000000,-0.0000000000,-0.0009097708,-0.0000000002,-0.0000000000
0.6350000000,0.0000044927,0.0000000000,0.0000000000,0.0001318028,0.0000000000,0.0000000000,-0.0009087260,-0.0000000002,-0.0000000000
0.6351666667,0.0000044823,0.0000000000,0.0000000000,0.0001316514,0.0000000000,-0.0000000000,-0.0009076824,-0.0000000002,-0.0000000000
0.6353333333,0.0000044721,0.0000000000,0.0000000000,0.0001315003,0.0000000000,-0.0000000000,-0.0009066400,-0.0000000002,-0.0000000000
0.6355000000,0.0000044618,0.0000000000,0.0000000000,0.0001313492,0.0000000000,0.0000000000,-0.0009055988,-0.0000000002,-0.0000000000
0.6356666667,0.0000044515,0.0000000000,0.0000000000,0.0001311984,0.0000000000,0.0000000000,-0.0009045587,-0.0000000002,0.0000000000
0.6358333333,0.0000044413,0.0000000000,0.0000000000,0.0001310477,0.0000000000,-0.0000000000,-0.0009035199,-0.0000000002,0.0000000000
0.6360000000,0.0000044311,0.0000000000,0.0000000000,0.0001308972,0.0000000000,-0.0000000000,-0.0009024823,-0.0000000002,0.0000000000
0.6361666667,0.0000044210,0.0000000000,0.0000000000,0.0001307469,0.0000000000,-0.0000000000,-0.0009014458,-0.0000000002,0.0000000000
0.6363333333,0.0000044108,0.0000000000,0.0000000000,0.0001305967,0.0000000000,0.0000000000,-0.0009004105,-0.0000000002,0.0000000000
0.6365000000,0.0000044007,0.0000000000,0.0000000000,0.0001304467,0.0000000000,-0.0000000000,-0.0008993765,-0.0000000002,0.0000000000
0.6366666667,0.0000043906,0.0000000000,0.0000000000,0.0001302969,0.0000000000,-0.0000000000,-0.0008983436,-0.0000000002,0.0000000000
0.6368333333,0.0000043805,0.0000000000,0.0000000000,0.0001301473,0.0000000000,-0.0000000000,-0.0008973119,-0.0000000002,0.0000000000
0.6370000000,0.0000043704,0.0000000000,0.0000000000,0.0001299978,0.0000000000,-0.0000000000,-0.0008962814,-0.0000000002,0.0000000000
0.6371666667,0.0000043604,0.0000000000,0.0000000000,0.0001298485,0.0000000000,-0.0000000000,-0.0008952521,-0.0000000002,0.0000000000
0.6373333333,0.0000043504,0.0000000000,0.0000000000,0.0001296994,0.0000000000,-0.0000000000,-0.0008942239,-0.0000000002,0.0000000000
0.6375000000,0.0000043404,0.0000000000,0.0000000000,0.0001295505,0.0000000000,-0.0000000000,-0.0008931970,-0.0000000002,0.0000000000
0.6376666667,0.0000043305,0.0000000000,0.0000000000,0.0001294017,0.0000000000,0.0000000000,-0.0008921712,-0.0000000002,0.0000000000
0.6378333333,0.0000043205,0.0000000000,0.0000000000,0.0001292531,0.0000000000,-0.0000000000,-0.0008911466,-0.0000000002,0.0000000000
0.6380000000,0.0000043106,0.0000000000,0.0000000000,0.0001291046,0.0000000000,0.0000000000,-0.0008901231,-0.0000000002,0.0000000000
0.6381666667,0.0000043007,0.0000000000,0.0000000000,0.0001289564,0.0000000000,0.0000000000,-0.0008891009,-0.0000000002,0.0000000000
0.6383333333,0.0000042908,0.0000000000,0.0000000000,0.0001288083,0.0000000000,-0.0000000000,-0.0008880798,-0.0000000002,0.0000000000
0.6385000000,0.0000042810,0.0000000000,0.0000000000,0.0001286603,0.0000000000,-0.0000000000,-0.0008870599,-0.0000000002,0.0000000000
0.6386666667,0.0000042711,0.0000000000,0.0000000000,0.0001285126,0.0000000000,0.0000000000,-0.0008860411,-0.0000000002,0.0000000000
0.6388333333,0.0000042613,0.0000000000,0.0000000000,0.0001283650,0.0000000000,-0.0000000000,-0.0008850236,-0.0000000002,0.0000000000
0.6390000000,0.0000042516,0.0000000000,0.0000000000,0.0001282176,0.0000000000,0.0000000000,-0.0008840072,-0.0000000002,0.0000000000
0.6391666667,0.0000042418,0.0000000000,0.0000000000,0.0001280703,0.0000000000,0.0000000000,-0.0008829920,-0.0000000002,0.0000000000
0.6393333333,0.0000042321,0.0000000000,0.0000000000,0.0001279232,0.0000000000,-0.0000000000,-0.0008819779,-0.0000000002,0.0000000000
0.6395000000,0.0000042224,0.0000000000,0.0000000000,0.0001277763,0.0000000000,-0.0000000000,-0.0008809650,-0.0000000002,0.0000000000
0.6396666667,0.0000042127,0.0000000000,0.0000000000,0.0001276296,0.0000000000,-0.0000000000,-0.0008799533,-0.0000000002,0.0000000000
0.6398333333,0.0000042030,0.0000000000,0.0000000000,0.0001274830,0.0000000000,-0.0000000000,-0.0008789427,-0.0000000002,0.0000000000
0.6400000000,0.0000041933,0.0000000000,0.0000000000,0.0001273366,0.0000000000,-0.0000000000,-0.0008779333,-0.0000000002,0.0000000000
0.6401666667,0.0000041837,0.0000000000,0.0000000000,0.0001271904,0.0000000000,0.0000000000,-0.0008769250,-0.0000000002,0.0000000000
0.6403333333,0.0000041741,0.0000000000,0.0000000000,0.0001270443,0.0000000000,0.0000000000,-0.0008759179,-0.0000000002,0.0000000000
0.6405000000,0.0000041645,0.0000000000,0.0000000000,0.0001268984,0.0000000000,0.0000000000,-0.0008749120,-0.0000000002,0.0000000000
0.6406666667,0.0000041550,0.0000000000,0.0000000000,0.0001267526,0.0000000000,0.0000000000,-0.0008739072,-0.0000000002,0.0000000000
0.6408333333,0.0000041454,0.0000000000,0.0000000000,0.0001266071,0.0000000000,-0.0000000000,-0.0008729036,-0.0000000002,0.0000000000
0.6410000000,0.0000041359,0.0000000000,0.0000000000,0.0001264617,0.0000000000,-0.0000000000,-0.0008719011,-0.0000000002,0.0000000000
0.6411666667,0.0000041264,0.0000000000,0.0000000000,0.0001263164,0.0000000000,0.0000000000,-0.0008708997,-0.0000000002,0.0000000000
0.6413333333,0.0000041169,0.0000000000,0.0000000000,0.0001261714,0.0000000000,0.0000000000,-0.0008698996,-0.0000000002,0.0000000000
0.6415000000,0.0000041075,0.0000000000,0.0000000000,0.0001260265,0.0000000000,0.0000000000,-0.0008689005,-0.0000000002,-0.0000000000
0.6416666667,0.0000040981,0.0000000000,0.0000000000,0.0001258817,0.0000000000,-0.0000000000,-0.0008679027,-0.0000000002,-0.0000000000
0.6418333333,0.0000040887,0.0000000000,0.0000000000,0.0001257372,0.0000000000,-0.0000000000,-0.0008669059,-0.0000000002,-0.0000000000
0.6420000000,0.0000040793,0.0000000000,0.0000000000,0.0001255928,0.0000000000,-0.0000000000,-0.0008659103,-0.0000000002,0.0000000000
0.6421666667,0.0000040699,0.0000000000,0.0000000000,0.0001254485,0.0000000000,-0.0000000000,-0.0008649159,-0.0000000002,-0.0000000000
0.6423333333,0.0000040606,0.0000000000,0.0000000000,0.0001253045,0.0000000000,-0.0000000000,-0.0008639226,-0.0000000002,0.0000000000
0.6425000000,0.0000040512,0.0000000000,0.0000000000,0.0001251606,0.0000000000,-0.0000000000,-0.0008629304,-0.0000000002,0.0000000000
0.6426666667,0.0000040419,0.0000000000,0.0000000000,0.0001250168,0.0000000000,-0.0000000000,-0.0008619394,-0.0000000002,0.0000000000
0.6428333333,0.0000040327,0.0000000000,0.0000000000,0.0001248732,0.0000000000,-0.0000000000,-0.0008609495,-0.0000000002,0.0000000000
0.6430000000,0.0000040234,0.0000000000,0.0000000000,0.0001247298,0.0000000000,-0.0000000000,-0.0008599607,-0.0000000002,0.0000000000
0.6431666667,0.0000040142,0.0000000000,0.0000000000,0.0001245866,0.0000000000,-0.0000000000,-0.0008589731,-0.0000000002,0.0000000000
0.6433333333,0.0000040050,0.0000000000,0.0000000000,0.0001244435,0.0000000000,-0.0000000000,-0.0008579867,-0.0000000002,0.0000000000
0.6435000000,0.0000039958,0.0000000000,0.0000000000,0.0001243006,0.0000000000,-0.0000000000,-0.0008570013,-0.0000000002,0.0000000000
0.6436666667,0.0000039866,0.0000000000,0.0000000000,0.0001241578,0.0000000000,0.0000000000,-0.0008560171,-0.0000000002,0.0000000000
0.6438333333,0.0000039774,0.0000000000,0.0000000000,0.0001240153,0.0000000000,0.0000000000,-0.0008550340,-0.0000000002,0.0000000000
0.6440000000,0.0000039683,0.0000000000,0.0000000000,0.0001238728,0.0000000000,-0.0000000000,-0.0008540520,-0.0000000002,0.0000000000
0.6441666667,0.0000039592,0.0000000000,0.0000000000,0.0001237306,0.0000000000,-0.0000000000,-0.0008530712,-0.0000000002,0.0000000000
0.6443333333,0.0000039501,0.0000000000,0.0000000000,0.0001235885,0.0000000000,-0.0000000000,-0.0008520915,-0.0000000002,0.0000000000
0.6445000000,0.0000039410,0.0000000000,0.0000000000,0.0001234465,0.0000000000,-0.0000000000,-0.0008511129,-0.0000000001,0.0000000000
0.6446666667,0.0000039320,0.0000000000,0.0000000000,0.0001233048,0.0000000000,-0.0000000000,-0.0008501355,-0.0000000001,0.0000000000
0.6448333333,0.0000039230,0.0000000000,0.0000000000,0.0001231632,0.0000000000,-0.0000000000,-0.0008491592,-0.0000000001,0.0000000000
0.6450000000,0.0000039140,0.0000000000,0.0000000000,0.0001230217,0.0000000000,-0.0000000000,-0.0008481839,-0.0000000001,0.0000000000
0.6451666667,0.0000039050,0.0000000000,0.0000000000,0.0001228804,0.0000000000,-0.0000000000,-0.0008472099,-0.0000000001,0.0000000000
0.6453333333,0.0000038960,0.0000000000,0.0000000000,0.0001227393,0.0000000000,-0.0000000000,-0.0008462369,-0.0000000001,0.0000000000
0.6455000000,0.0000038871,0.0000000000,0.0000000000,0.0001225983,0.0000000000,-0.0000000000,-0.0008452650,-0.0000000001,0.0000000000
0.6456666667,0.0000038782,0.0000000000,0.0000000000,0.0001224576,0.0000000000,-0.0000000000,-0.0008442943,-0.0000000001,0.0000000000
0.6458333333,0.0000038692,0.0000000000,0.0000000000,0.0001223169,0.0000000000,-0.0000000000,-0.0008433247,-0.0000000001,0.0000000000
0.6460000000,0.0000038604,0.0000000000,0.0000000000,0.0001221764,0.0000000000,-0.0000000000,-0.0008423562,-0.0000000001,0.0000000000
0.6461666667,0.0000038515,0.0000000000,0.0000000000,0.0001220361,0.0000000000,0.0000000000,-0.0008413888,-0.0000000001,0.0000000000
0.6463333333,0.0000038427,0.0000000000,0.0000000000,0.0001218960,0.0000000000,-0.0000000000,-0.0008404225,-0.0000000001,0.0000000000
0.6465000000,0.0000038338,0.0000000000,0.0000000000,0.0001217560,0.0000000000,-0.0000000000,-0.0008394573,-0.0000000001,0.0000000000
0.6466666667,0.0000038250,0.0000000000,0.0000000000,0.0001216162,0.0000000000,0.0000000000,-0.0008384932,-0.0000000001,0.0000000000
0.6468333333,0.0000038163,0.0000000000,0.0000000000,0.0001214765,0.0000000000,0.0000000000,-0.0008375303,-0.0000000001,0.0000000000
0.6470000000,0.0000038075,0.0000000000,0.0000000000,0.0001213370,0.0000000000,0.0000000000,-0.0008365684,-0.0000000001,0.0000000000
0.6471666667,0.0000037988,0.0000000000,0.0000000000,0.0001211976,0.0000000000,0.0000000000,-0.0008356077,-0.0000000001,0.0000000000
0.6473333333,0.0000037900,0.0000000000,0.0000000000,0.0001210584,0.0000000000,0.0000000000,-0.0008346480,-0.0000000001,0.0000000000
0.6475000000,0.0000037813,0.0000000000,0.0000000000,0.0001209194,0.0000000000,0.0000000000,-0.0008336895,-0.0000000001,0.0000000000
0.6476666667,0.0000037727,0.0000000000,0.0000000000,0.0001207805,0.0000000000,-0.0000000000,-0.0008327320,-0.0000000001,0.0000000000
0.6478333333,0.0000037640,0.0000000000,0.0000000000,0.0001206418,0.0000000000,-0.0000000000,-0.0008317757,-0.0000000001,0.0000000000
0.6480000000,0.0000037554,0.0000000000,0.0000000000,0.0001205033,0.0000000000,0.0000000000,-0.0008308204,-0.0000000001,0.0000000000
0.6481666667,0.0000037467,0.0000000000,0.0000000000,0.0001203649,0.0000000000,-0.0000000000,-0.0008298663,-0.0000000001,0.0000000000
0.6483333333,0.0000037381,0.0000000000,0.0000000000,0.0001202267,0.0000000000,-0.0000000000,-0.0008289132,-0.0000000001,0.0000000000
0.6485000000,0.0000037296,0.0000000000,0.0000000000,0.0001200886,0.0000000000,-0.0000000000,-0.0008279613,-0.0000000001,0.0000000000
0.6486666667,0.0000037210,0.0000000000,0.0000000000,0.0001199507,0.0000000000,-0.0000000000,-0.0008270104,-0.0000000001,0.0000000000
0.6488333333,0.0000037125,0.0000000000,0.0000000000,0.0001198129,0.0000000000,0.0000000000,-0.0008260606,-0.0000000001,0.0000000000
0.6490000000,0.0000037039,0.0000000000,0.0000000000,0.0001196753,0.0000000000,-0.0000000000,-0.0008251120,-0.0000000001,0.0000000000
0.6491666667,0.0000036954,0.0000000000,0.0000000000,0.0001195379,0.0000000000,0.0000000000,-0.0008241644,-0.0000000001,0.0000000000
0.6493333333,0.0000036869,0.0000000000,0.0000000000,0.0001194006,0.0000000000,0.0000000000,-0.0008232179,-0.0000000001,0.0000000000
0.6495000000,0.0000036785,0.0000000000,0.0000000000,0.0001192635,0.0000000000,0.0000000000,-0.0008222724,-0.0000000001,0.0000000000
0.6496666667,0.0000036700,0.0000000000,0.0000000000,0.0001191265,0.0000000000,0.0000000000,-0.0008213281,-0.0000000001,0.0000000000
0.6498333333,0.0000036616,0.0000000000,0.0000000000,0.0001189897,0.0000000000,-0.0000000000,-0.0008203849,-0.0000000001,0.0000000000
0.6500000000,0.0000036532,0.0000000000,0.0000000000,0.0001188530,0.0000000000,-0.0000000000,-0.0008194427,-0.0000000001,0.0000000000
0.6501666667,0.0000036448,0.0000000000,0.0000000000,0.0001187165,0.0000000000,0.0000000000,-0.0008185016,-0.0000000001,0.0000000000
0.6503333333,0.0000036365,0.0000000000,0.0000000000,0.0001185802,0.0000000000,-0.0000000000,-0.0008175616,-0.0000000001,-0.0000000000
0.6505000000,0.0000036281,0.0000000000,0.0000000000,0.0001184440,0.0000000000,-0.0000000000,-0.0008166227,-0.0000000001,0.0000000000
0.6506666667,0.0000036198,0.0000000000,0.0000000000,0.0001183080,0.0000000000,0.0000000000,-0.0008156848,-0.0000000001,-0.0000000000
0.6508333333,0.0000036115,0.0000000000,0.0000000000,0.0001181721,0.0000000000,0.0000000000,-0.0008147481,-0.0000000001,-0.0000000000
0.6510000000,0.0000036032,0.0000000000,0.0000000000,0.0001180364,0.0000000000,0.0000000000,-0.0008138124,-0.0000000001,-0.0000000000
0.6511666667,0.0000035949,0.0000000000,0.0000000000,0.0001179009,0.0000000000,0.0000000000,-0.0008128778,-0.0000000001,-0.0000000000
0.6513333333,0.0000035867,0.0000000000,0.0000000000,0.0001177655,0.0000000000,-0.0000000000,-0.0008119442,-0.0000000001,0.0000000000
0.6515000000,0.0000035784,0.0000000000,0.0000000000,0.0001176302,0.0000000000,0.0000000000,-0.0008110118,-0.0000000001,0.0000000000
0.6516666667,0.0000035702,0.0000000000,0.0000000000,0.0001174951,0.0000000000,-0.0000000000,-0.0008100804,-0.0000000001,-0.0000000000
0.6518333333,0.0000035620,0.0000000000,0.0000000000,0.0001173602,0.0000000000,-0.0000000000,-0.0008091500,-0.0000000001,0.0000000000
0.6520000000,0.0000035538,0.0000000000,0.0000000000,0.0001172254,0.0000000000,-0.0000000000,-0.0008082208,-0.0000000001,0.0000000000
0.6521666667,0.0000035457,0.0000000000,0.0000000000,0.0001170908,0.0000000000,0.0000000000,-0.0008072926,-0.0000000001,0.0000000000
0.6523333333,0.0000035375,0.0000000000,0.0000000000,0.0001169563,0.0000000000,-0.0000000000,-0.0008063654,-0.0000000001,0.0000000000
0.6525000000,0.0000035294,0.0000000000,0.0000000000,0.0001168220,0.0000000000,0.0000000000,-0.0008054394,-0.0000000001,0.0000000000
0.6526666667,0.0000035213,0.0000000000,0.0000000000,0.0001166878,0.0000000000,-0.0000000000,-0.0008045144,-0.0000000001,0.0000000000
0.6528333333,0.0000035132,0.0000000000,0.0000000000,0.0001165538,0.0000000000,-0.0000000000,-0.0008035904,-0.0000000001,0.0000000000
0.6530000000,0.0000035052,0.0000000000,0.0000000000,0.0001164200,0.0000000000,-0.0000000000,-0.0008026676,-0.0000000001,0.0000000000
0.6531666667,0.0000034971,0.0000000000,0.0000000000,0.0001162863,0.0000000000,0.0000000000,-0.0008017457,-0.0000000001,0.0000000000
0.6533333333,0.0000034891,0.0000000000,0.0000000000,0.0001161527,0.0000000000,0.0000000000,-0.0008008250,-0.0000000001,0.0000000000
0.6535000000,0.0000034811,0.0000000000,0.0000000000,0.0001160193,0.0000000000,0.0000000000,-0.0007999053,-0.0000000001,0.0000000000
0.6536666667,0.0000034731,0.0000000000,0.0000000000,0.0001158861,0.0000000000,0.0000000000,-0.0007989866,-0.0000000001,0.0000000000
0.6538333333,0.0000034651,0.0000000000,0.0000000000,0.0001157530,0.0000000000,0.0000000000,-0.0007980691,-0.0000000001,0.0000000000
0.6540000000,0.0000034572,0.0000000000,0.0000000000,0.0001156200,0.0000000000,-0.0000000000,-0.0007971525,-0.0000000001,0.0000000000
0.6541666667,0.0000034492,0.0000000000,0.0000000000,0.0001154873,0.0000000000,-0.0000000000,-0.0007962370,-0.0000000001,0.0000000000
0.6543333333,0.0000034413,0.0000000000,0.0000000000,0.0001153546,0.0000000000,-0.0000000000,-0.0007953226,-0.0000000001,0.0000000000
0.6545000000,0.0000034334,0.0000000000,0.0000000000,0.0001152222,0.0000000000,-0.0000000000,-0.0007944092,-0.0000000001,0.0000000000
0.6546666667,0.0000034255,0.0000000000,0.0000000000,0.0001150898,0.0000000000,0.0000000000,-0.0007934969,-0.0000000001,0.0000000000
0.6548333333,0.0000034177,0.0000000000,0.0000000000,0.0001149577,0.0000000000,0.0000000000,-0.0007925856,-0.0000000001,0.0000000000
0.6550000000,0.0000034098,0.0000000000,0.0000000000,0.0001148256,0.0000000000,-0.0000000000,-0.0007916754,-0.0000000001,0.0000000000
0.6551666667,0.0000034020,0.0000000000,0.0000000000,0.0001146938,0.0000000000,0.0000000000,-0.0007907662,-0.0000000001,0.0000000000
0.6553333333,0.0000033942,0.0000000000,0.0000000000,0.0001145620,0.0000000000,0.0000000000,-0.0007898580,-0.0000000001,0.0000000000
0.6555000000,0.0000033864,0.0000000000,0.0000000000,0.0001144305,0.0000000000,0.0000000000,-0.0007889509,-0.0000000001,0.0000000000
0.6556666667,0.0000033786,0.0000000000,0.0000000000,0.0001142991,0.0000000000,0.0000000000,-0.0007880449,-0.0000000001,0.0000000000
0.6558333333,0.0000033709,0.0000000000,0.0000000000,0.0001141678,0.0000000000,0.0000000000,-0.0007871398,-0.0000000001,0.0000000000
0.6560000000,0.0000033631,0.0000000000,0.0000000000,0.0001140367,0.0000000000,0.0000000000,-0.0007862358,-0.0000000001,0.0000000000
0.6561666667,0.0000033554,0.0000000000,0.0000000000,0.0001139057,0.0000000000,-0.0000000000,-0.0007853329,-0.0000000001,0.0000000000
0.6563333333,0.0000033477,0.0000000000,0.0000000000,0.0001137749,0.0000000000,-0.0000000000,-0.0007844310,-0.0000000001,0.0000000000
0.6565000000,0.0000033400,0.0000000000,0.0000000000,0.0001136442,0.0000000000,0.0000000000,-0.0007835301,-0.0000000001,0.0000000000
0.6566666667,0.0000033323,0.0000000000,0.0000000000,0.0001135137,0.0000000000,-0.0000000000,-0.0007826303,-0.0000000001,0.0000000000
0.6568333333,0.0000033247,0.0000000000,0.0000000000,0.0001133834,0.0000000000,-0.0000000000,-0.0007817315,-0.0000000001,0.0000000000
0.6570000000,0.0000033171,0.0000000000,0.0000000000,0.0001132531,0.0000000000,0.0000000000,-0.0007808337,-0.0000000001,0.0000000000
0.6571666667,0.0000033095,0.0000000000,0.0000000000,0.0001131231,0.0000000000,0.0000000000,-0.0007799370,-0.0000000001,-0.0000000000
0.6573333333,0.0000033019,0.0000000000,0.0000000000,0.0001129932,0.0000000000,0.0000000000,-0.0007790412,-0.0000000001,-0.0000000000
0.6575000000,0.0000032943,0.0000000000,0.0000000000,0.0001128634,0.0000000000,0.0000000000,-0.0007781466,-0.0000000001,0.0000000000
0.6576666667,0.0000032867,0.0000000000,0.0000000000,0.0001127338,0.0000000000,-0.0000000000,-0.0007772529,-0.0000000001,-0.0000000000
0.6578333333,0.0000032792,0.0000000000,0.0000000000,0.0001126043,0.0000000000,-0.0000000000,-0.0007763603,-0.0000000001,-0.0000000000
0.6580000000,0.0000032716,0.0000000000,0.0000000000,0.0001124750,0.0000000000,0.0000000000,-0.0007754687,-0.0000000001,0.0000000000
0.6581666667,0.0000032641,0.0000000000,0.0000000000,0.0001123458,0.0000000000,-0.0000000000,-0.0007745781,-0.0000000001,-0.0000000000
0.6583333333,0.0000032566,0.0000000000,0.0000000000,0.0001122168,0.0000000000,-0.0000000000,-0.0007736885,-0.0000000001,0.0000000000
0.6585000000,0.0000032492,0.0000000000,0.0000000000,0.0001120879,0.0000000000,0.0000000000,-0.0007728000,-0.0000000001,0.0000000000
0.6586666667,0.0000032417,0.0000000000,0.0000000000,0.0001119592,0.0000000000,-0.0000000000,-0.0007719125,-0.0000000001,0.0000000000
0.6588333333,0.0000032343,0.0000000000,0.0000000000,0.0001118306,0.0000000000,-0.0000000000,-0.0007710260,-0.0000000001,-0.0000000000
0.6590000000,0.0000032268,0.0000000000,0.0000000000,0.0001117022,0.0000000000,-0.0000000000,-0.0007701405,-0.0000000001,-0.0000000000
0.6591666667,0.0000032194,0.0000000000,0.0000000000,0.0001115739,0.0000000000,-0.0000000000,-0.0007692560,-0.0000000001,0.0000000000
0.6593333333,0.0000032120,0.0000000000,0.0000000000,0.0001114458,0.0000000000,-0.0000000000,-0.0007683726,-0.0000000001,-0.0000000000
0.6595000000,0.0000032047,0.0000000000,0.0000000000,0.0001113178,0.0000000000,-0.0000000000,-0.0007674902,-0.0000000001,0.0000000000
0.6596666667,0.0000031973,0.0000000000,0.0000000000,0.0001111899,0.0000000000,-0.0000000000,-0.0007666087,-0.0000000001,-0.0000000000
0.6598333333,0.0000031900,0.0000000000,0.0000000000,0.0001110622,0.0000000000,0.0000000000,-0.0007657283,-0.0000000001,0.0000000000
0.6600000000,0.0000031826,0.0000000000,0.0000000000,0.0001109347,0.0000000000,-0.0000000000,-0.0007648489,-0.0000000001,-0.0000000000
0.6601666667,0.0000031753,0.0000000000,0.0000000000,0.0001108073,0.0000000000,0.0000000000,-0.0007639706,-0.0000000001,-0.0000000000
0.6603333333,0.0000031681,0.0000000000,0.0000000000,0.0001106800,0.0000000000,-0.0000000000,-0.0007630932,-0.0000000001,-0.0000000000
0.6605000000,0.0000031608,0.0000000000,0.0000000000,0.0001105529,0.0000000000,-0.0000000000,-0.0007622168,-0.0000000001,-0.0000000000
0.6606666667,0.0000031535,0.0000000000,0.0000000000,0.0001104260,0.0000000000,0.0000000000,-0.0007613415,-0.0000000001,-0.0000000000
0.6608333333,0.0000031463,0.0000000000,0.0000000000,0.0001102991,0.0000000000,-0.0000000000,-0.0007604671,-0.0000000001,-0.0000000000
0.6610000000,0.0000031391,0.0000000000,0.0000000000,0.0001101725,0.0000000000,-0.0000000000,-0.0007595938,-0.0000000001,0.0000000000
0.6611666667,0.0000031319,0.0000000000,0.0000000000,0.0001100459,0.0000000000,-0.0000000000,-0.0007587214,-0.0000000001,0.0000000000
0.6613333333,0.0000031247,0.0000000000,0.0000000000,0.0001099196,0.0000000000,-0.0000000000,-0.0007578501,-0.0000000001,0.0000000000
0.6615000000,0.0000031175,0.0000000000,0.0000000000,0.0001097933,0.0000000000,-0.0000000000,-0.0007569797,-0.0000000001,0.0000000000
0.6616666667,0.0000031103,0.0000000000,0.0000000000,0.0001096672,0.0000000000,0.0000000000,-0.0007561104,-0.0000000001,0.0000000000
0.6618333333,0.0000031032,0.0000000000,0.0000000000,0.0001095413,0.0000000000,-0.0000000000,-0.0007552420,-0.0000000001,0.0000000000
0.6620000000,0.0000030961,0.0000000000,0.0000000000,0.0001094155,0.0000000000,-0.0000000000,-0.0007543747,-0.0000000001,0.0000000000
0.6621666667,0.0000030890,0.0000000000,0.0000000000,0.0001092898,0.0000000000,-0.0000000000,-0.0007535083,-0.0000000001,0.0000000000
0.6623333333,0.0000030819,0.0000000000,0.0000000000,0.0001091643,0.0000000000,-0.0000000000,-0.0007526429,-0.0000000001,0.0000000000
0.6625000000,0.0000030748,0.0000000000,0.0000000000,0.0001090390,0.0000000000,0.0000000000,-0.0007517786,-0.0000000001,-0.0000000000
0.6626666667,0.0000030677,0.0000000000,0.0000000000,0.0001089137,0.0000000000,-0.0000000000,-0.0007509152,-0.0000000001,-0.0000000000
0.6628333333,0.0000030607,0.0000000000,0.0000000000,0.0001087886,0.0000000000,-0.0000000000,-0.0007500528,-0.0000000001,0.0000000000
0.6630000000,0.0000030537,0.0000000000,0.0000000000,0.0001086637,0.0000000000,0.0000000000,-0.0007491914,-0.0000000001,0.0000000000
0.6631666667,0.0000030467,0.0000000000,0.0000000000,0.0001085389,0.0000000000,-0.0000000000,-0.0007483310,-0.0000000001,0.0000000000
0.6633333333,0.0000030397,0.0000000000,0.0000000000,0.0001084143,0.0000000000,0.0000000000,-0.0007474716,-0.0000000001,0.0000000000
0.6635000000,0.0000030327,0.0000000000,0.0000000000,0.0001082898,0.0000000000,-0.0000000000,-0.0007466132,-0.0000000001,0.0000000000
0.6636666667,0.0000030257,0.0000000000,0.0000000000,0.0001081654,0.0000000000,0.0000000000,-0.0007457557,-0.0000000001,0.0000000000
0.6638333333,0.0000030188,0.0000000000,0.0000000000,0.0001080412,0.0000000000,-0.0000000000,-0.0007448993,-0.0000000001,0.0000000000
0.6640000000,0.0000030119,0.0000000000,0.0000000000,0.0001079171,0.0000000000,-0.0000000000,-0.0007440438,-0.0000000001,0.0000000000
0.6641666667,0.0000030049,0.0000000000,0.0000000000,0.0001077932,0.0000000000,-0.0000000000,-0.0007431893,-0.0000000001,0.0000000000
0.6643333333,0.0000029980,0.0000000000,0.0000000000,0.0001076694,0.0000000000,-0.0000000000,-0.0007423358,-0.0000000001,0.0000000000
0.6645000000,0.0000029912,0.0000000000,0.0000000000,0.0001075457,0.0000000000,0.0000000000,-0.0007414833,-0.0000000001,0.0000000000
0.6646666667,0.0000029843,0.0000000000,0.0000000000,0.0001074222,0.0000000000,-0.0000000000,-0.0007406317,-0.0000000001,0.0000000000
0.6648333333,0.0000029774,0.0000000000,0.0000000000,0.0001072988,0.0000000000,-0.0000000000,-0.0007397812,-0.0000000001,0.0000000000
0.6650000000,0.0000029706,0.0000000000,0.0000000000,0.0001071756,0.0000000000,0.0000000000,-0.0007389316,-0.0000000001,0.0000000000
0.6651666667,0.0000029638,0.0000000000,0.0000000000,0.0001070525,0.0000000000,0.0000000000,-0.0007380829,-0.0000000001,0.0000000000
0.6653333333,0.0000029570,0.0000000000,0.0000000000,0.0001069296,0.0000000000,-0.0000000000,-0.0007372353,-0.0000000001,0.0000000000
0.6655000000,0.0000029502,0.0000000000,0.0000000000,0.0001068068,0.0000000000,0.0000000000,-0.0007363886,-0.0000000001,0.0000000000
0.6656666667,0.0000029434,0.0000000000,0.0000000000,0.0001066841,0.0000000000,-0.0000000000,-0.0007355429,-0.0000000001,0.0000000000
0.6658333333,0.0000029367,0.0000000000,0.0000000000,0.0001065616,0.0000000000,0.0000000000,-0.0007346982,-0.0000000001,0.0000000000
0.6660000000,0.0000029299,0.0000000000,0.0000000000,0.0001064392,0.0000000000,0.0000000000,-0.0007338544,-0.0000000001,0.0000000000
0.6661666667,0.0000029232,0.0000000000,0.0000000000,0.0001063170,0.0000000000,0.0000000000,-0.0007330117,-0.0000000001,0.0000000000
0.6663333333,0.0000029165,0.0000000000,0.0000000000,0.0001061949,0.0000000000,0.0000000000,-0.0007321698,-0.0000000001,0.0000000000
0.6665000000,0.0000029098,0.0000000000,0.0000000000,0.0001060729,0.0000000000,-0.0000000000,-0.0007313290,-0.0000000001,0.0000000000
0.6666666667,0.0000029031,0.0000000000,0.0000000000,0.0001059511,0.0000000000,-0.0000000000,-0.0007304891,-0.0000000001,0.0000000000
